{"type":"FeatureCollection","features":[{"type":"Feature","properties":{"catalog_id":"GAF_0","catalog_name":"HimaTibetMap","exposure_quality":"1","slip_type":"Reverse"},"geometry":{"type":"LineString","coordinates":[[88.04372980531294,41.020015375182595],[88.30150718093671,40.81511540994318],[88.4733587646859,40.76223799955882],[88.68486840622336,40.7159702654725],[88.98891351593346,40.70936058917446],[89.43837150420056,40.7159702654725],[89.69614887982434,40.80850573364514],[89.84817143467939,40.88121217292364]]}},{"type":"Feature","properties":{"catalog_id":"GAF_1","catalog_name":"HimaTibetMap","exposure_quality":"1","slip_type":"Reverse"},"geometry":{"type":"LineString","coordinates":[[86.55655263825268,41.62810559460279],[86.72840422200187,41.528960450132104],[86.95974289243347,41.41659595306533],[87.25056864954747,41.3108411322966],[87.50173634887321,41.27779275080638],[87.70663631411261,41.27779275080638],[88.0371201290149,41.291012103402466],[88.28167815204257,41.350499190084875],[88.46674908838786,41.37693789527706],[88.57911358545464,41.37693789527706],[88.73774581660773,41.38354757157511]]}},{"type":"Feature","properties":{"catalog_id":"GAF_2","catalog_name":"HimaTibetMap","exposure_quality":"1","slip_type":"Reverse"},"geometry":{"type":"LineString","coordinates":[[88.2552394468504,41.60827656570866],[88.16931365497581,41.60166688941061],[88.12304592088948,41.575228184218425],[88.03051045271685,41.562008831622336],[87.93136530824617,41.55539915532429],[87.83222016377547,41.562008831622336],[87.74629437190089,41.58844753681452],[87.59427181704584,41.64132494719888],[87.4422492621908,41.621495918304745],[87.32988476512402,41.6148862420067],[87.20430091546115,41.634715270900834],[87.06549771320219,41.71403138647738],[86.95313321613543,41.7602991205637],[86.85398807166473,41.727250739073476],[86.72179454570383,41.70742171017934]]}},{"type":"Feature","properties":{"catalog_id":"GAF_3","catalog_name":"HimaTibetMap","exposure_quality":"1","slip_type":"Reverse"},"geometry":{"type":"LineString","coordinates":[[87.56783311185366,41.87266361763048],[87.73968469560285,41.87927329392852],[87.85204919266961,41.859444265034384],[87.98424271863053,41.79334750205393],[88.14948462608167,41.727250739073476],[88.38743297281131,41.67437332868911],[88.53284585136831,41.64793462349693],[88.66503937732922,41.62810559460279],[88.8501103136745,41.64793462349693],[88.96247481074127,41.64132494719888],[89.06822963151001,41.6148862420067],[89.19381348117287,41.60827656570866],[89.32600700713378,41.621495918304745],[89.4449811804986,41.621495918304745],[89.52429729607515,41.6148862420067],[89.61683276424779,41.60166688941061]]}},{"type":"Feature","properties":{"catalog_id":"GAF_4","catalog_name":"HimaTibetMap","exposure_quality":"1","slip_type":"Dextral"},"geometry":{"type":"LineString","coordinates":[[84.97684000301979,42.07756358286989],[85.16191093936507,42.05112487767771],[85.47256572537322,41.9784184383992],[85.84931727436181,41.85283458873634],[86.0806559447934,41.79334750205393],[86.34504299671522,41.71403138647738],[86.45079781748396,41.667763652391066],[86.53672360935855,41.621495918304745]]}},{"type":"Feature","properties":{"catalog_id":"GAF_5","catalog_name":"HimaTibetMap","exposure_quality":"1","fs_name":"South Tian Shan Thrust","reference":"Thompson, et al., 2002; Tapponnier and Molnar, 1979","slip_type":"Reverse"},"geometry":{"type":"LineString","coordinates":[[75.60431901239119,39.83027364153439],[75.71668350945797,39.810444612640254],[75.8819254169091,39.803834936342206],[76.05377700065829,39.803834936342206],[76.1727511740231,39.856712346726574],[76.29172534738792,39.909589757110936],[76.38426081556057,39.93602846230312],[76.47018660743515,39.9624671674953],[76.52967369411756,39.9624671674953],[76.62881883858824,39.9624671674953],[76.68830592527065,39.94924781489921],[76.75440268825112,39.92941878600507],[76.82049945123157,39.89637040451485]]}},{"type":"Feature","properties":{"catalog_id":"GAF_6","catalog_name":"HimaTibetMap","exposure_quality":"1","fs_name":"Talas-Fergana fault","net_slip_rate":"(10,2,19)","reference":"Mohadjer (2017)","shortening_rate":"A huge range of rates from many studies; see Mohadjer (2017) for details.","slip_type":"Dextral"},"geometry":{"type":"LineString","coordinates":[[74.56659983359803,40.696141236578356],[74.3881385735508,40.75562832326077],[74.20306763720552,40.90104120181777],[74.01799670086025,41.06628310926891],[73.8791934986013,41.191866958931776],[73.7205612674482,41.310841132296595],[73.54210000740098,41.416595953065325],[73.44295486293028,41.476083039747735],[73.25788392658501,41.56200883162233],[73.11247104802801,41.63471527090083],[73.00010655096123,41.68098300498715],[72.88113237759642,41.700812033881284],[72.80842593831791,41.700812033881284],[72.64979370716482,41.65454429979496]]}},{"type":"Feature","properties":{"catalog_id":"GAF_7","catalog_name":"HimaTibetMap","exposure_quality":"1","fs_name":"Talas-Fergana fault","reference":"Thompson, et al., 2002; Tapponnier, et al., 1979","slip_type":"Dextral"},"geometry":{"type":"LineString","coordinates":[[75.53161257311268,39.89637040451485],[75.39280937085373,40.06822198826403],[75.2143481108065,40.23346389571517],[75.0557158796534,40.35243806907999],[74.90369332479835,40.43836386095458],[74.73184174104917,40.55072835802136],[74.63269659657848,40.57716706321354],[74.52694177580976,40.60360576840572],[74.44762566023321,40.62343479729986]]}},{"type":"Feature","properties":{"catalog_id":"GAF_8","catalog_name":"HimaTibetMap","exposure_quality":"1","slip_type":"Reverse"},"geometry":{"type":"LineString","coordinates":[[76.62881883858824,38.83882219682756],[76.47679628373321,38.865260902019735],[76.30494469998402,38.93135766500019],[76.14631246883093,38.95118669389433],[76.01411894287001,38.971015722788465],[75.86209638801496,39.02389313317283],[75.72990286205405,39.03711248576892],[75.60431901239119,39.03711248576892],[75.42585775234396,39.04372216206696],[75.33332228417132,39.04372216206696],[75.10198361373972,39.23540277471029],[74.94335138258663,39.413864034757516]]}},{"type":"Feature","properties":{"catalog_id":"GAF_9","catalog_name":"HimaTibetMap","exposure_quality":"1","fs_name":"Longmu Co- Gozha Co Fault","reference":"Avouac and Peltzer, 1993; Taylor, et al., 2003","slip_type":"Sinistral"},"geometry":{"type":"LineString","coordinates":[[78.34733467608011,34.27814555117611],[78.58528302280975,34.28475522747416],[78.80340234064525,34.28475522747416],[79.01491198218271,34.311193932666335],[79.1735442133358,34.37068101934875],[79.44454094155567,34.37729069564679],[79.71553766977554,34.4499971349253],[79.927047311313,34.50287454530966],[80.11872792395633,34.582190660886205],[80.27075047881137,34.64828742386666]]}},{"type":"Feature","properties":{"catalog_id":"GAF_10","catalog_name":"HimaTibetMap","exposure_quality":"1","fs_name":"Longmu Co- Gozha Co Fault","reference":"Avouac and Peltzer, 1993; Taylor, et al., 2003","slip_type":"Sinistral"},"geometry":{"type":"LineString","coordinates":[[80.22060400955692,34.82947962504382],[80.50482009037289,34.87574735913013],[80.76259746599666,34.93523444581254],[80.87496196306344,34.96828282730277],[81.02698451791849,34.96828282730277],[81.17599287363633,35.00135774474498],[81.2582830689,35.03600624801389]]}},{"type":"Feature","properties":{"catalog_id":"GAF_11","catalog_name":"HimaTibetMap","exposure_quality":"1","slip_type":"Normal"},"geometry":{"type":"LineString","coordinates":[[82.61823682220476,36.05813709444676],[82.4709806833119,35.93253627009695],[82.33671773314485,35.87190138937636],[82.24133867110996,35.83620287186593],[82.0893161162549,35.631302906626516],[81.97034194289009,35.55198679104997],[81.7984903591409,35.50571905696365],[81.66629683318,35.44623197028124],[81.57275111464932,35.36413880716712],[81.55728461811142,35.32725716157675],[81.55292321983615,35.26139753452689],[81.49444524943081,35.15540621316723]]}},{"type":"Feature","properties":{"catalog_id":"GAF_12","catalog_name":"HimaTibetMap","exposure_quality":"1","fs_name":"Narin Thrust","reference":"Yin, et al., 2008","slip_type":"Reverse"},"geometry":{"type":"LineString","coordinates":[[88.84379367721233,37.68137972914714],[89.24677299933734,37.68137972914714],[89.46169530447068,37.66794708507631],[89.66318496553318,37.6276491528638],[90.13332750801236,37.4261594918013],[90.8721229319082,37.15750661038463],[90.96615144040403,37.0634781018888],[91.38256340659987,36.92915166118046],[91.86613859314988,36.76795993233046],[92.32284849155822,36.673931423834624],[92.73926045775406,36.57990291533879],[92.9944806950999,36.512739694984624]]}},{"type":"Feature","properties":{"catalog_id":"GAF_13","catalog_name":"HimaTibetMap","exposure_quality":"1","slip_type":"Reverse"},"geometry":{"type":"LineString","coordinates":[[90.10646221987069,38.36644457675965],[90.40198038942903,38.36644457675965],[90.6303353386332,38.37987722083048],[90.85869028783736,38.29928135640548],[90.93928615226237,38.17838755976798],[91.10047788111237,38.09779169534298],[91.2348043218207,37.976897898705474],[91.36913076252904,37.829138813926306],[91.54375513544987,37.78884088171381],[91.77211008465405,37.70824501728881],[91.98703238978739,37.64108179693464]]}},{"type":"Feature","properties":{"catalog_id":"GAF_14","catalog_name":"HimaTibetMap","exposure_quality":"1","fs_name":"Pum Qu - Xainza Rift","reference":"Hager et al., 2006","slip_type":"Normal"},"geometry":{"type":"LineString","coordinates":[[88.68380382237825,30.87339412756053],[88.69438666474866,30.796962488218696],[88.66969336588438,30.7734450607289],[88.64970355251805,30.745224147741148],[88.66028639488846,30.69818929276156],[88.6555829093905,30.665264894275843],[88.5873823696701,30.649978566407476],[88.541523386065,30.625285267543195],[88.51565421582623,30.55002949957585],[88.54975448568642,30.50181877322177],[88.5426992574395,30.471246117485038],[88.50507137345582,30.425387133879937],[88.46979523222113,30.350131365912596],[88.51212660170276,30.221961386093213],[88.48978504558745,30.14552974675138]]}},{"type":"Feature","properties":{"catalog_id":"GAF_15","catalog_name":"HimaTibetMap","exposure_quality":"1","fs_name":"Gurla Mandhata detachment","reference":"Murphy, et al., 2002","slip_type":"Normal"},"geometry":{"type":"LineString","coordinates":[[81.4187876591056,30.142157407486987],[81.3478919643924,30.15161016678208],[81.30017317540752,30.179481827718458],[81.26685553799737,30.199662289694896],[81.22616675479767,30.231071174971856],[81.2017772794879,30.2710461198698],[81.20237214473936,30.323394261998068],[81.18987997445875,30.345999141553456],[81.17322374741794,30.383475652395283],[81.15775725088004,30.420357297985653],[81.15716238562858,30.461403000336226],[81.18036213043543,30.479248957879953],[81.21057621893608,30.498983354457053],[81.26364326563949,30.51434600771595]]}},{"type":"Feature","properties":{"catalog_id":"GAF_16","catalog_name":"HimaTibetMap","exposure_quality":"1","slip_type":"Sinistral"},"geometry":{"type":"LineString","coordinates":[[94.552892181297,40.80508001459766],[95.26652100433165,41.142710855603305],[95.634845558156,41.29617941969678],[96.17198553248316,41.48801512481362],[96.48659608887479,41.53405569404166],[96.75516607603836,41.58776969147438],[97.0083892067926,41.679850829930466]]}},{"type":"Feature","properties":{"catalog_id":"GAF_17","catalog_name":"HimaTibetMap","exposure_quality":"1","slip_type":"Sinistral"},"geometry":{"type":"LineString","coordinates":[[95.10537901203351,40.160512045405056],[95.35092871458306,40.30630718129386],[95.55811127610926,40.41373517615929],[95.78831412224947,40.46744917359201],[96.08757782223175,40.536510027434076],[96.34847438119066,40.59022402486679],[96.58635065553554,40.674631735118204]]}},{"type":"Feature","properties":{"catalog_id":"GAF_18","catalog_name":"HimaTibetMap","exposure_quality":"1","slip_type":"Sinistral"},"geometry":{"type":"LineString","coordinates":[[80.05778630266826,33.707158925274406],[80.37239685905988,33.814586920139845],[80.62561998981411,33.89132120218658]]}},{"type":"Feature","properties":{"catalog_id":"GAF_19","catalog_name":"HimaTibetMap","exposure_quality":"1","slip_type":"Sinistral"},"geometry":{"type":"LineString","coordinates":[[80.75249748330613,33.30089303884092],[80.97908410103338,33.425515678590905],[81.11786840439132,33.479330000301125],[81.27931136952199,33.608201139133506],[81.41598309489551,33.69181206886506],[81.54643137437496,33.76087292270713],[81.63335295972082,33.783805767872124],[81.71265827592536,33.87160808224143]]}},{"type":"Feature","properties":{"catalog_id":"GAF_20","catalog_name":"HimaTibetMap","exposure_quality":"1","slip_type":"Dextral"},"geometry":{"type":"LineString","coordinates":[[81.52034288412936,32.98792027310513],[81.56424404131401,32.96526161133241],[81.61097753122026,32.89445329329264],[81.74452434133569,32.817041253532246],[81.84427890799645,32.67891954584812],[81.96705375927122,32.548471266368665],[82.12819575156938,32.40267613047986],[82.30468460027687,32.29524813561443],[82.4735000207797,32.21084042536302],[82.54256087462176,32.16479985613498],[82.56558115923578,32.13410614331628]]}},{"type":"Feature","properties":{"catalog_id":"GAF_21","catalog_name":"HimaTibetMap","exposure_quality":"1","slip_type":"Sinistral"},"geometry":{"type":"LineString","coordinates":[[84.79737511277737,33.68079627536433],[85.01990453071292,33.780550842025086],[85.1733730948064,33.88030540868584],[85.27312766146716,33.94936626252791]]}},{"type":"Feature","properties":{"catalog_id":"GAF_22","catalog_name":"HimaTibetMap","exposure_quality":"1","slip_type":"Dextral"},"geometry":{"type":"LineString","coordinates":[[83.5989553427773,33.99776049943946],[83.82148476071285,33.93637307380207],[84.02099389403436,33.85963879175533],[84.2128295991512,33.798251366117945],[84.35862473504001,33.74453736868523],[84.45837930170077,33.69082337125251]]}},{"type":"Feature","properties":{"catalog_id":"GAF_23","catalog_name":"HimaTibetMap","exposure_quality":"1","fs_name":"Riganpei Co Fault","reference":"Taylor, et al., 2003","slip_type":"Sinistral"},"geometry":{"type":"LineString","coordinates":[[85.06086149211554,32.22618728177238],[85.26037062543705,32.310594992023795],[85.39849233312118,32.41034955868455],[85.55963432541932,32.425696415093896],[85.72077631771748,32.46406355611727],[85.96632602026705,32.540797838164],[86.15048829717921,32.5714915509827],[86.29628343306801,32.586838407392044],[86.34999743050072,32.60985869200607]]}},{"type":"Feature","properties":{"catalog_id":"GAF_24","catalog_name":"HimaTibetMap","exposure_quality":"1","slip_type":"Sinistral"},"geometry":{"type":"LineString","coordinates":[[85.79011353839606,35.89946713939248],[86.10317123217018,35.862636822477874],[86.52058149053569,35.80739134710596],[86.98709883812067,35.73986909942919],[87.43520102724835,35.74293829250541],[87.76360468640357,35.69076201020972],[88.13497704862583,35.706107975590804],[88.38051249472319,35.69996958943837],[88.6168403615919,35.666208465599986]]}},{"type":"Feature","properties":{"catalog_id":"GAF_25","catalog_name":"HimaTibetMap","exposure_quality":"1","slip_type":"Sinistral"},"geometry":{"type":"LineString","coordinates":[[84.0172752562799,35.29555856364188],[85.18363634339032,35.59482226362416]]}},{"type":"Feature","properties":{"catalog_id":"GAF_26","catalog_name":"HimaTibetMap","exposure_quality":"1","slip_type":"Sinistral"},"geometry":{"type":"LineString","coordinates":[[81.53875794617028,34.781438873928735],[81.95312306922266,34.81213258674743],[82.34446790766103,34.87352001238482],[82.77417988712276,34.97327457904558],[83.41107442811068,35.15743685595775],[83.74103184091165,35.272538279027856],[83.97890811525653,35.37996627389329]]}},{"type":"Feature","properties":{"catalog_id":"GAF_27","catalog_name":"HimaTibetMap","exposure_quality":"1","slip_type":"Sinistral"},"geometry":{"type":"LineString","coordinates":[[90.63177036870869,35.29555856364188],[91.0077683507377,35.36461941748395],[91.28401176610596,35.41833341491667],[91.54490832506487,35.41833341491667],[91.83649859684247,35.41833341491667]]}},{"type":"Feature","properties":{"catalog_id":"GAF_28","catalog_name":"HimaTibetMap","exposure_quality":"1","fs_name":"Jiali fault","reference":"Armijo, et al., 1986; 1989","slip_type":"Dextral"},"geometry":{"type":"LineString","coordinates":[[92.57314770449115,30.837296776726422],[92.89543168908745,30.745215638270338],[93.21771567368374,30.645461071609578],[93.4325716634146,30.637787643404902],[93.56301994289407,30.65313449981425],[93.68579479416884,30.645461071609578],[93.80089621723896,30.60709393058621],[93.93134449671841,30.50733936392545],[94.1078333454259,30.476645651106754],[94.39175018899883,30.376891084445997],[94.59893275052502,30.300156802399258],[94.7830950274372,30.24644280496654],[94.95958387614469,30.169708522919805],[95.17443986587556,29.99321967421231],[95.30488814535501,29.947179104984265],[95.51974413508587,29.947179104984265]]}},{"type":"Feature","properties":{"catalog_id":"GAF_29","catalog_name":"HimaTibetMap","exposure_quality":"1","slip_type":"Sinistral"},"geometry":{"type":"LineString","coordinates":[[87.28279919740913,38.31063975829037],[87.54929882509096,38.315398680213264],[88.02519101737992,38.36774682136505],[88.55819027274357,38.42961280636261],[88.99125216772653,38.53906801058908],[89.27678748309992,38.64376429289265],[89.46714436001551,38.72466596558178]]}},{"type":"Feature","properties":{"catalog_id":"GAF_30","catalog_name":"HimaTibetMap","exposure_quality":"1","slip_type":"Normal"},"geometry":{"type":"LineString","coordinates":[[84.00835522495152,29.759469289562993],[83.95633586709573,29.679333370344],[83.90984553931014,29.500583932128656],[83.91650803012647,29.433007239563075],[83.899547164382,29.271781022382914],[83.87522438167531,29.13529701005027],[83.83334586797271,29.04011856981706],[83.77183680097198,28.9123811714874],[83.72139222764838,28.80102239641454],[83.67189943872711,28.754384960700264],[83.62811735621983,28.713458231399983],[83.58243170490789,28.68585648373235],[83.59670847094287,28.558317373819843]]}},{"type":"Feature","properties":{"catalog_id":"GAF_31","catalog_name":"HimaTibetMap","exposure_quality":"1","slip_type":"Normal"},"geometry":{"type":"LineString","coordinates":[[85.65789848569125,29.204388201939658],[85.64490367082838,29.145945743641636],[85.62348852177591,29.107398475347185],[85.6318116204909,29.047867010737598],[85.6082599713386,29.03934589058044],[85.58541714568263,29.014599496119803],[85.5405075922897,29.008736712937083],[85.50879850129489,29.00032273008482],[85.4933101089477,28.985137971266084],[85.54972523059517,28.921324624691255],[85.56317813254576,28.89556633569902],[85.55400826040567,28.870880051367653],[85.51263852617588,28.858124547465803],[85.48833386188902,28.80004179133434],[85.47529042928885,28.721781195733314],[85.48897483582938,28.679451767858332],[85.50444133236729,28.644949583273792],[85.51752836789936,28.62115497321549],[85.53775378644892,28.606878207180507],[85.56511758801597,28.606878207180507]]}},{"type":"Feature","properties":{"catalog_id":"GAF_32","catalog_name":"HimaTibetMap","exposure_quality":"1","slip_type":"Normal"},"geometry":{"type":"LineString","coordinates":[[90.15134527867265,29.096407656444892],[90.0339543852711,28.99206019564352],[89.96873722227025,28.91379960004249],[89.91656349186955,28.835539004441465],[89.87743319406904,28.78336527404078],[89.8513463288687,28.639887515438893],[89.8513463288687,28.53554005463752],[89.90352005926938,28.405105728635807],[89.96873722227025,28.326845133034777]]}},{"type":"Feature","properties":{"catalog_id":"GAF_33","catalog_name":"HimaTibetMap","exposure_quality":"1","slip_type":"Normal"},"geometry":{"type":"LineString","coordinates":[[92.06110628543476,29.038814078907116],[92.06110628543476,28.88229288770506],[92.02197598763425,28.764901994303514],[91.95675882463338,28.686641398702488],[91.89154166163253,28.634467668301802],[91.85241136383202,28.582293937901117],[91.80023763343134,28.53012020750043],[91.80023763343134,28.321425285897686],[91.80023763343134,28.125773796895114],[91.80023763343134,27.9953394708934],[91.80023763343134,27.956209173092887],[91.85241136383202,27.890992010092027]]}},{"type":"Feature","properties":{"catalog_id":"GAF_34","catalog_name":"HimaTibetMap","exposure_quality":"1","slip_type":"Normal"},"geometry":{"type":"LineString","coordinates":[[87.8257014804577,32.156979382528064],[87.88454953695175,32.22454566961384],[87.93249980520618,32.24416168844519],[88.08506884056115,32.311727975530964],[88.13301910881556,32.403269396743944],[88.15570009084641,32.46161326728913],[88.1286599935197,32.56891577798648],[88.1134030899842,32.621225161536756],[88.12648043587178,32.658277641551535],[88.14827601235106,32.70622790980595],[88.16789203118242,32.741100832172805],[88.28994725946639,32.83700136868164]]}},{"type":"Feature","properties":{"catalog_id":"GAF_35","catalog_name":"HimaTibetMap","exposure_quality":"1","slip_type":"Normal"},"geometry":{"type":"LineString","coordinates":[[88.02840034171501,32.59289091211369],[88.0196821111233,32.492631260309],[87.98045007346059,32.422885415575294],[87.89980644048725,32.37929426261673],[87.82352192280976,32.22454566961384],[87.77775121220327,32.23980257314933],[87.71943673585865,32.22254073575715],[87.71943673585865,32.152374305545244],[87.71943673585865,32.09974948288631]]}},{"type":"Feature","properties":{"catalog_id":"GAF_36","catalog_name":"HimaTibetMap","exposure_quality":"1","slip_type":"Normal"},"geometry":{"type":"LineString","coordinates":[[84.88530763845392,34.358054512364816],[85.03441130265423,34.27034647459993],[85.14843175174859,34.20895084816451],[85.22736898573697,34.130013614176114],[85.2887646121724,34.10370120284665],[85.30630621972537,34.051076380187716],[85.30630621972537,33.99845155752878],[85.30630621972537,33.945826734869854],[85.27122300461943,33.91951432354039]]}},{"type":"Feature","properties":{"catalog_id":"GAF_37","catalog_name":"HimaTibetMap","exposure_quality":"1","slip_type":"Normal"},"geometry":{"type":"LineString","coordinates":[[81.34757058811233,33.6705124590085],[81.29234010004132,33.731407612522695],[81.11928457075211,33.7908865996761],[80.98554424123252,33.85302688848153],[80.95923182990306,33.87056849603451],[80.83644057703222,33.9495057300229]]}},{"type":"Feature","properties":{"catalog_id":"GAF_38","catalog_name":"HimaTibetMap","exposure_quality":"1","slip_type":"Reverse"},"geometry":{"type":"LineString","coordinates":[[92.50241683431187,39.28030551820924],[91.87385178638043,39.27181139593989],[91.51709865106798,39.254823151401204],[91.05841604852343,39.254823151401204],[90.72714528001902,39.23783490686252],[90.38738038924527,39.23783490686252],[90.14954496570364,39.23783490686252]]}},{"type":"Feature","properties":{"catalog_id":"GAF_39","catalog_name":"HimaTibetMap","exposure_quality":"1","slip_type":"Reverse"},"geometry":{"type":"LineString","coordinates":[[94.52401793441568,39.7389881207538],[94.29467663314341,39.83242346571658],[94.11630006548718,39.90887056614068],[93.92093525329228,39.993811788834115],[93.8105116637908,40.01929415564215],[93.68309982975066,40.01929415564215],[93.5556879957105,40.02778827791149],[93.2668878385528,39.96832942202609],[93.13947600451264,39.90037644387133],[92.9356170700484,39.82392934344724],[92.83368760281627,39.77296460983118],[92.70627576877612,39.68802338713774],[92.604346301544,39.62007040898299],[92.40898148934909,39.586093919905615],[92.29855789984761,39.54362330855889]]}},{"type":"Feature","properties":{"catalog_id":"GAF_40","catalog_name":"HimaTibetMap","exposure_quality":"1","slip_type":"Reverse"},"geometry":{"type":"LineString","coordinates":[[95.05914763738434,40.129717745143616],[94.94022992561354,40.053270644719525],[94.87227694745879,40.10423537833559],[94.80432396930404,40.13821186741296],[94.72787686887995,40.13821186741296],[94.6599238907252,40.129717745143616],[94.55799442349306,40.10423537833559],[94.46455907853029,40.053270644719525],[94.36262961129816,40.0108000333728]]}},{"type":"Feature","properties":{"catalog_id":"GAF_41","catalog_name":"HimaTibetMap","exposure_quality":"1","slip_type":"Reverse"},"geometry":{"type":"LineString","coordinates":[[94.32015899995143,39.08494070601433],[94.09081769867916,39.118917195091704],[93.85298227513753,39.15289368416908],[93.61514685159591,39.1953642955158],[93.45375852847837,39.1953642955158],[93.2838760830915,39.1953642955158],[93.18194661585937,39.22084666232383],[93.08851127089659,39.23783490686252]]}},{"type":"Feature","properties":{"catalog_id":"GAF_42","catalog_name":"HimaTibetMap","exposure_quality":"1","fs_name":"Qilian Shan - Nan Shan thrust belt","reference":"Yin, et al., 2008","slip_type":"Reverse"},"geometry":{"type":"LineString","coordinates":[[96.23983063282313,38.53282275850698],[96.0189834538202,38.643246348008454],[95.87458337524136,38.67722283708583],[95.76415978573988,38.711199326163204],[95.68771268531579,38.73668169297123],[95.65373619623841,38.762164059779266],[95.57728909581432,38.79614054885664]]}},{"type":"Feature","properties":{"catalog_id":"GAF_43","catalog_name":"HimaTibetMap","exposure_quality":"1","fs_name":"Qilian Shan - Nan Shan thrust belt","reference":"Yin, et al., 2008","slip_type":"Reverse"},"geometry":{"type":"LineString","coordinates":[[96.72399560217572,38.541316880776314],[96.47766605636475,38.64324634800844],[96.32477185551656,38.72818757070188],[96.09543055424427,38.8471052824727],[96.02747757608952,38.92355238289679],[95.93404223112674,38.9830112387822],[95.81512451935593,39.05096421693695],[95.67921856304643,39.144399561899725],[95.5178302399289,39.2548231514012],[95.31397130546465,39.348258496363975],[95.16107710461645,39.407717352249385],[95.04215939284565,39.44169384132676],[94.93173580334418,39.45868208586545]]}},{"type":"Feature","properties":{"catalog_id":"GAF_44","catalog_name":"HimaTibetMap","exposure_quality":"1","fs_name":"Qilian Shan - Nan Shan thrust belt","reference":"Yin, et al., 2008","slip_type":"Reverse"},"geometry":{"type":"LineString","coordinates":[[99.39964411701902,38.532822758506974],[99.22126754936279,38.59228161439238],[99.11933808213067,38.64324634800844],[99.01740861489854,38.65174047027779],[98.91547914766642,38.68571695935516],[98.79656143589561,38.736681692971224],[98.74559670227954,38.78764642658729],[98.68613784639413,38.83861116020335],[98.64366723504742,38.92355238289679],[98.6011966237007,38.96602299424351],[98.54173776781529,38.999999483320885],[98.43980830058317,39.03397597239826]]}},{"type":"Feature","properties":{"catalog_id":"GAF_45","catalog_name":"HimaTibetMap","exposure_quality":"1","fs_name":"Qilian Shan - Nan Shan thrust belt","reference":"Yin, et al., 2008","slip_type":"Reverse"},"geometry":{"type":"LineString","coordinates":[[100.16411512125995,38.320469701773376],[100.07917389856652,38.379928557658786],[99.9602561867957,38.43938741354419],[99.81585610821686,38.49035214716025],[99.74790313006211,38.52432863623763],[99.64597366282999,38.57529336985369],[99.57802068467524,38.64324634800844],[99.42512648382704,38.72818757070188],[99.34867938340295,38.796140548856634],[99.30620877205624,38.83011703793401],[99.24674991617083,38.872587649280725],[99.17879693801608,38.88957589381941],[99.08536159305329,38.89807001608876]]}},{"type":"Feature","properties":{"catalog_id":"GAF_46","catalog_name":"HimaTibetMap","exposure_quality":"1","fs_name":"Qilian Shan - Nan Shan thrust belt","reference":"Yin, et al., 2008","slip_type":"Reverse"},"geometry":{"type":"LineString","coordinates":[[99.53555007332852,38.88957589381941],[99.36566762794165,39.02548185012891],[99.28922052751754,39.09343482828366],[99.19578518255477,39.18687017324645],[99.05987922624526,39.271811395939885],[98.94945563674379,39.33127025182529],[98.81354968043429,39.37374086317201],[98.72011433547151,39.416211474518725],[98.6011966237007,39.484164452673475],[98.50776127873792,39.50964681948151],[98.42282005604449,39.5266350640202],[98.1170316543481,39.62856453125232],[97.9811256980386,39.69651750940707],[97.82823149719042,39.73049399848445],[97.6498549295342,39.78145873210051],[97.47147836187797,39.85790583252461],[97.39503126145388,39.883388199332636],[97.29310179422176,39.9343529329487],[97.13171347110422,39.99381178883411]]}},{"type":"Feature","properties":{"catalog_id":"GAF_47","catalog_name":"HimaTibetMap","exposure_quality":"1","fs_name":"Qilian Shan - Nan Shan thrust belt","reference":"Yin, et al., 2008","slip_type":"Reverse"},"geometry":{"type":"LineString","coordinates":[[100.3849623002629,39.15289368416907],[100.58882123472715,39.05096421693695],[100.73322131330599,38.96602299424351],[100.91159788096222,38.9065641383581],[101.11545681542647,38.83861116020335],[101.40425697258415,38.71119932616319],[101.6081159070484,38.6347522257391],[101.83745720832069,38.541316880776314],[102.0328220205156,38.45637565808288]]}},{"type":"Feature","properties":{"catalog_id":"GAF_48","catalog_name":"HimaTibetMap","exposure_quality":"1","fs_name":"Qilian Shan - Nan Shan thrust belt","reference":"Yin, et al., 2008; Xiong et al., 2017","shortening_rate":"(1.4, 0.8, 1.9)","slip_type":"Reverse"},"geometry":{"type":"LineString","coordinates":[[101.71853949654988,37.76835175426603],[101.42973933939219,37.90425771057553],[101.25985689400531,38.02317542234635],[101.10696269315712,38.1505872563865],[100.97105673684761,38.252516723618626],[100.8096684137301,38.34595206858141],[100.63978596834322,38.43938741354419],[100.40195054480158,38.54981100304566],[100.25755046622274,38.677222837085814],[100.10465626537456,38.872587649280725],[100.04519740948915,39.01698772785957],[99.9772444313344,39.12741131736104],[99.8243502304862,39.18687017324645],[99.73091488552342,39.212352540054475],[99.64597366282999,39.22084666232382]]}},{"type":"Feature","properties":{"catalog_id":"GAF_49","catalog_name":"HimaTibetMap","exposure_quality":"1","slip_type":"Reverse"},"geometry":{"type":"LineString","coordinates":[[102.55945760121492,37.844798854690126],[102.40656340036672,37.95522244419159],[102.26216332178788,38.048657789154376],[102.14324561001706,38.07414015596241],[102.04981026505428,38.108116645039786],[101.92239843101413,38.14209313411716],[101.71004537428053,38.19305786773322],[101.58263354024038,38.19305786773322],[101.50618643981628,38.19305786773322],[101.4127510948535,38.19305786773322]]}},{"type":"Feature","properties":{"catalog_id":"GAF_50","catalog_name":"HimaTibetMap","exposure_quality":"1","slip_type":"Reverse"},"geometry":{"type":"LineString","coordinates":[[100.27453871076143,37.79383412107406],[100.01122092041177,37.844798854690126],[99.66296190736867,37.921245955114216],[99.37416175021099,37.99769305553831],[99.19578518255477,38.07414015596241],[99.05138510397592,38.14209313411716]]}},{"type":"Feature","properties":{"catalog_id":"GAF_51","catalog_name":"HimaTibetMap","exposure_quality":"1","slip_type":"Reverse"},"geometry":{"type":"LineString","coordinates":[[97.89618447534517,37.980704810999626],[97.66684317407288,38.03166954461569],[97.46298423960863,38.06564603369306],[97.31009003876044,38.06564603369306],[97.17418408245094,38.06564603369306],[97.10623110429619,38.06564603369306]]}},{"type":"Feature","properties":{"catalog_id":"GAF_52","catalog_name":"HimaTibetMap","exposure_quality":"1","slip_type":"Reverse"},"geometry":{"type":"LineString","coordinates":[[101.86293957512873,37.20773968448934],[101.78649247470464,37.26719854037475],[101.73552774108857,37.309669151721465],[101.65058651839514,37.35213976306819],[101.5826335402404,37.36063388533753],[101.53166880662432,37.36063388533753],[101.4467275839309,37.377622129876215],[101.38726872804548,37.40310449668425],[101.36178636123745,37.41159861895359],[101.31931574989073,37.445575108030965]]}},{"type":"Feature","properties":{"catalog_id":"GAF_53","catalog_name":"HimaTibetMap","exposure_quality":"1","slip_type":"Reverse"},"geometry":{"type":"LineString","coordinates":[[103.38338746134127,36.426280435709714],[103.35790509453324,36.51122165840315],[103.35790509453324,36.58766875882724],[103.33242272772522,36.64712761471265],[103.29844623864784,36.73206883740609],[103.23049326049309,36.81701006009953],[103.16254028233834,36.93592777187034],[103.11157554872227,37.00388075002509],[103.02663432602884,37.09731609498787],[102.88223424744999,37.173763195411965],[102.81428126929524,37.19924556222]]}},{"type":"Feature","properties":{"catalog_id":"GAF_54","catalog_name":"HimaTibetMap","exposure_quality":"1","slip_type":"Reverse"},"geometry":{"type":"LineString","coordinates":[[103.70616410757634,35.10119736169208],[103.52778753992013,35.16915033984683],[103.29844623864784,35.25409156254027],[103.16254028233834,35.279573929348295],[103.02663432602884,35.347526907503045],[102.93319898106606,35.415479885657795],[102.83976363610327,35.50042110835123],[102.75482241340984,35.542891719697955],[102.60192821256165,35.619338820122046],[102.44053988944411,35.69578592054614],[102.2451750772492,35.746750654162206],[102.08378675413168,35.83169187685564],[101.94788079782218,35.89964485501039],[101.84595133059004,35.9591037108958],[101.76950423016595,36.035550811319894],[101.7015512520112,36.095009667205304]]}},{"type":"Feature","properties":{"catalog_id":"GAF_55","catalog_name":"HimaTibetMap","exposure_quality":"1","slip_type":"Reverse"},"geometry":{"type":"LineString","coordinates":[[102.89922249198868,35.49192698608189],[102.77181065794852,35.72976240962352],[102.75482241340984,35.79771538777827],[102.74632829114049,35.882656610471706],[102.74632829114049,35.93362134408777],[102.74632829114049,35.98458607770383],[102.74632829114049,36.02705668905055],[102.70385767979377,36.103503789474644],[102.63590470163902,36.18844501216808],[102.55945760121493,36.230915623514804],[102.49150462306018,36.239409745784144],[102.38957515582806,36.27338623486152],[102.27915156632658,36.298868601669554],[102.21969271044118,36.31585684620824],[102.1262573654784,36.31585684620824],[102.0498102650543,36.31585684620824],[101.9733631646302,36.31585684620824],[101.92239843101414,36.31585684620824],[101.82896308605136,36.33284509074693],[101.72703361881923,36.34133921301627],[101.60811590704841,36.38380982436299],[101.54016292889366,36.41778631344037],[101.48919819527761,36.4432686802484],[101.4467275839309,36.46875104705643],[101.38726872804548,36.502727536133804]]}},{"type":"Feature","properties":{"catalog_id":"GAF_56","catalog_name":"HimaTibetMap","exposure_quality":"1","slip_type":"Reverse"},"geometry":{"type":"LineString","coordinates":[[101.2938333830827,36.22242150124546],[101.39576285031482,36.230915623514804],[101.49769231754695,36.230915623514804],[101.5826335402404,36.230915623514804],[101.63359827385645,36.230915623514804],[101.69305712974186,36.230915623514804],[101.78649247470464,36.230915623514804],[101.87143369739807,36.230915623514804],[101.95637492009152,36.230915623514804],[102.03282202051561,36.230915623514804],[102.11776324320905,36.213927378976116],[102.20270446590249,36.213927378976116],[102.27915156632658,36.18844501216808],[102.41505752263608,36.154468523090706],[102.52548111213756,36.078021422666616],[102.57644584575361,36.00157432224252],[102.5934340902923,35.89115073274105],[102.5934340902923,35.814703632316956],[102.5934340902923,35.72976240962352],[102.61891645710033,35.64482118693008],[102.7293400466018,35.57686820877533],[102.81428126929524,35.52590347515927]]}},{"type":"Feature","properties":{"catalog_id":"GAF_57","catalog_name":"HimaTibetMap","exposure_quality":"1","slip_type":"Reverse"},"geometry":{"type":"LineString","coordinates":[[100.22357397714538,34.50660880283801],[100.35098581118554,34.608538270070135],[100.49538588976438,34.6595030036862],[100.6143036015352,34.71046773730226],[100.78418604692207,34.744444226379635],[100.94557437003961,34.78691483772636],[101.04750383727173,34.78691483772636],[101.1749156713119,34.78691483772636]]}},{"type":"Feature","properties":{"catalog_id":"GAF_58","catalog_name":"HimaTibetMap","exposure_quality":"1","slip_type":"Reverse"},"geometry":{"type":"LineString","coordinates":[[103.77411708573109,34.70197361503292],[103.64670525169093,34.744444226379635],[103.51929341765077,34.76992659318767],[103.45134043949602,34.76992659318767],[103.32392860545586,34.78691483772636],[103.18802264914636,34.78691483772636],[103.05211669283686,34.7954089599957],[102.95018722560474,34.7954089599957],[102.84825775837261,34.803903082265045],[102.78030478021786,34.803903082265045],[102.66138706844706,34.76143247091832],[102.60192821256165,34.72745598184095],[102.5169869898682,34.676491248224885],[102.4575281339828,34.65100888141686]]}},{"type":"Feature","properties":{"catalog_id":"GAF_59","catalog_name":"HimaTibetMap","exposure_quality":"1","slip_type":"Reverse"},"geometry":{"type":"LineString","coordinates":[[106.38181262241963,35.10119736169208],[106.5686833123452,34.96529140538258],[106.7045892686547,34.85486781588111],[106.79802461361749,34.76992659318767],[106.87447171404158,34.667997125955544],[106.92543644765765,34.600044147800794],[106.9764011812737,34.5235970473767]]}},{"type":"Feature","properties":{"catalog_id":"GAF_60","catalog_name":"HimaTibetMap","exposure_quality":"1","slip_type":"Reverse"},"geometry":{"type":"LineString","coordinates":[[106.75555400227077,35.01625613899864],[106.57717743461454,35.10969148396142],[106.4327773560357,35.29656217388698],[106.35633025561161,35.39849164111911],[106.2968713997262,35.56837408650598],[106.22042429930211,35.72976240962352],[106.21193017703276,35.84868012139433],[106.20343605476342,35.942115466357116],[106.16945956568604,36.010068444511866]]}},{"type":"Feature","properties":{"catalog_id":"GAF_61","catalog_name":"HimaTibetMap","exposure_quality":"1","slip_type":"Reverse"},"geometry":{"type":"LineString","coordinates":[[106.24590666611013,36.82550418236887],[106.2798831551875,36.969904260947715],[106.2798831551875,37.05484548364115],[106.2798831551875,37.105810217257215],[106.22042429930211,37.16526907314262],[106.143977198878,37.19924556222],[106.04204773164588,37.2587044181054],[105.97409475349113,37.29268090718278],[105.90614177533638,37.34364564079884],[105.84668291945098,37.38611625214556],[105.77023581902688,37.46256335256965]]}},{"type":"Feature","properties":{"catalog_id":"GAF_62","catalog_name":"HimaTibetMap","exposure_quality":"1","slip_type":"Sinistral"},"geometry":{"type":"LineString","coordinates":[[102.64439882390836,37.369128007606875],[103.30694036091718,37.42858686349228],[103.90152891977125,37.445575108030965],[104.3771997668545,37.445575108030965],[104.98877657024725,37.45406923030031],[105.26058848286625,37.3946103744149],[105.6173416181787,37.27569266264409],[105.82969467491229,37.114304339526555],[105.96560063122179,36.910445405062305],[106.10150658753129,36.65562173698199],[106.143977198878,36.46025692478709],[106.09301246526195,36.39230394663233]]}},{"type":"Feature","properties":{"catalog_id":"GAF_63","catalog_name":"HimaTibetMap","exposure_quality":"1","fs_name":"Haiyuan Fault","reference":"Burchfiel, et al., 1991; Lassere, et al., 2001, 2002; Cavali\u00e9 et al., 2008","slip_type":"Sinistral","strike_slip_rate":"None"},"geometry":{"type":"LineString","coordinates":[[97.52244309549405,38.609269858931064],[97.65834905180355,38.4988462694296],[97.82823149719043,38.396916802197474],[98.10853753207877,38.30348145723469],[98.43980830058318,38.23552847907994],[98.74559670227956,38.2270343568106],[99.03439685943725,38.21854023454125],[99.30620877205625,38.21004611227191],[99.47609121744313,38.21004611227191],[99.73091488552345,38.1505872563865],[100.14712687672129,38.02317542234635],[100.75870368011404,37.844798854690126],[100.97955085911698,37.8023282433434],[101.09846857088779,37.8023282433434],[101.25136277173598,37.8023282433434],[101.34479811669877,37.8023282433434],[101.47220995073891,37.742869387458],[101.80348071924332,37.513528086185715],[102.06679850959299,37.377622129876215],[102.27915156632658,37.301175029452125],[102.57644584575361,37.25021029583606],[103.24748150503177,37.173763195411965],[104.09689373196615,37.037857239102465],[104.64051755720416,36.91893952733165],[105.00576481478593,36.81701006009953],[105.42197680598379,36.64712761471265],[105.78722406356557,36.4432686802484],[105.96560063122179,36.29037447940021],[106.08451834299261,36.162962645360054],[106.17795368795538,36.06103317812793],[106.18644781022473,36.010068444511866]]}},{"type":"Feature","properties":{"catalog_id":"GAF_64","catalog_name":"HimaTibetMap","exposure_quality":"1","slip_type":"Dextral"},"geometry":{"type":"LineString","coordinates":[[100.41893878934029,37.649434042495216],[100.56333886791913,37.445575108030965],[100.64828009061257,37.2587044181054],[100.71623306876732,37.09731609498787],[100.81816253599945,36.91893952733165],[101.04750383727173,36.74056295967543],[101.1579274267732,36.562186392019214]]}},{"type":"Feature","properties":{"catalog_id":"GAF_65","catalog_name":"HimaTibetMap","exposure_quality":"1","slip_type":"Dextral"},"geometry":{"type":"LineString","coordinates":[[101.01352734819436,36.39230394663233],[101.1749156713119,36.12049203401333],[101.25136277173598,36.018562566781206],[101.3108216276214,35.942115466357116],[101.35329223896811,35.77223302097024],[101.38726872804548,35.64482118693008],[101.43823346166154,35.57686820877533],[101.48070407300827,35.53439759742861]]}},{"type":"Feature","properties":{"catalog_id":"GAF_66","catalog_name":"HimaTibetMap","exposure_quality":"1","slip_type":"Dextral"},"geometry":{"type":"LineString","coordinates":[[101.64209239612579,35.35602102977239],[101.80348071924332,35.23710331800158],[101.84595133059004,35.075714994884045],[101.87992781966742,34.89733842722783],[101.87992781966742,34.77842071545701]]}},{"type":"Feature","properties":{"catalog_id":"GAF_67","catalog_name":"HimaTibetMap","exposure_quality":"1","slip_type":"Sinistral"},"geometry":{"type":"LineString","coordinates":[[103.78261120800043,35.075714994884045],[103.91851716430993,35.04173850580667],[104.0289407538114,34.95679728311323],[104.27527029962238,34.871856060419795],[104.47912923408663,34.82089132680373],[104.63202343493481,34.803903082265045]]}},{"type":"Feature","properties":{"catalog_id":"GAF_68","catalog_name":"HimaTibetMap","exposure_quality":"1","slip_type":"Reverse"},"geometry":{"type":"LineString","coordinates":[[103.6806817407683,35.97609195543449],[103.79959945253913,35.882656610471706],[103.91851716430993,35.83169187685564],[104.01195250927272,35.77223302097024],[104.12237609877418,35.72126828735418],[104.19032907692893,35.64482118693008]]}},{"type":"Feature","properties":{"catalog_id":"GAF_69","catalog_name":"HimaTibetMap","exposure_quality":"1","slip_type":"Reverse"},"geometry":{"type":"LineString","coordinates":[[99.05987922624526,36.901951282792965],[99.11933808213067,36.87646891598493],[99.22976167163215,36.833998304638214],[99.34018526113361,36.78303357102215],[99.45060885063508,36.706586470598054],[99.57802068467524,36.61315112563528],[99.72242076325408,36.52820990294184],[99.88380908637161,36.4432686802484],[100.13863275445193,36.39230394663233],[100.25755046622274,36.38380982436299],[100.34249168891618,36.39230394663233],[100.41044466707093,36.39230394663233],[100.47839764522568,36.38380982436299],[100.53785650111108,36.38380982436299],[100.64828009061256,36.38380982436299],[100.71623306876731,36.38380982436299],[100.74171543557534,36.41778631344037],[100.76719780238336,36.426280435709714],[100.87762139188484,36.375315702093644],[100.9285861255009,36.32435096847758]]}},{"type":"Feature","properties":{"catalog_id":"GAF_70","catalog_name":"HimaTibetMap","exposure_quality":"1","slip_type":"Reverse"},"geometry":{"type":"LineString","coordinates":[[99.7818796191395,35.89964485501039],[99.84133847502491,35.85717424366368],[99.917785575449,35.806209510047616],[99.97724443133441,35.72976240962352],[100.0536915317585,35.64482118693008],[100.12164450991325,35.55987996423664],[100.19809161033734,35.50042110835123],[100.29152695530013,35.406985763388455],[100.36797405572423,35.37300927431108],[100.42743291160963,35.36451515204173],[100.52936237884175,35.36451515204173],[100.58032711245782,35.36451515204173],[100.65677421288191,35.38150339658042],[100.7502095578447,35.38150339658042],[100.80966841373011,35.38999751884977],[100.8691272696155,35.38999751884977],[100.96256261457829,35.38999751884977],[101.05599795954107,35.38999751884977],[101.25136277173598,35.35602102977239]]}},{"type":"Feature","properties":{"catalog_id":"GAF_71","catalog_name":"HimaTibetMap","exposure_quality":"1","fs_name":"Qilian Shan - Nan Shan thrust belt","reference":"Yin, et al., 2008","slip_type":"Reverse"},"geometry":{"type":"LineString","coordinates":[[98.57571425689268,38.72818757070188],[98.44830242285252,38.72818757070188],[98.25293761065763,38.7706581820486],[98.16799638796418,38.81312879339532],[98.09154928754009,38.9065641383581],[98.02359630938534,38.94903474970482],[97.95564333123059,38.96602299424351],[97.77726676357436,39.03397597239826],[97.57340782911011,39.11042307282235],[97.2591253051444,39.212352540054475],[97.14020759337357,39.29729376274791],[96.99580751479473,39.39922322998004],[96.81743094713852,39.484164452673475],[96.63056025721295,39.57759979763626],[96.40971307821002,39.63705865352167],[96.1548894101297,39.64555277579101],[96.01048933155086,39.62856453125232],[95.82361864162529,39.59458804217495],[95.70470092985448,39.603082164444295],[95.58578321808366,39.63705865352167],[95.49234787312088,39.65404689806036],[95.3989125281581,39.65404689806036],[95.3394536722727,39.65404689806036]]}},{"type":"Feature","properties":{"catalog_id":"GAF_72","catalog_name":"HimaTibetMap","exposure_quality":"1","slip_type":"Dextral"},"geometry":{"type":"LineString","coordinates":[[98.66914960185547,36.978398383217055],[98.8135496804343,36.87646891598493],[98.85602029178104,36.80851593783018],[98.88150265858906,36.68959822605937],[99.03439685943725,36.48573929159512],[99.16180869347741,36.19693913443743],[99.31470289432559,35.89115073274105],[99.39964411701904,35.610844697852706],[99.45060885063509,35.45795049700452],[99.45060885063509,35.36451515204173]]}},{"type":"Feature","properties":{"catalog_id":"GAF_73","catalog_name":"HimaTibetMap","exposure_quality":"1","slip_type":"Dextral"},"geometry":{"type":"LineString","coordinates":[[98.14251402115615,37.89576358830619],[98.25293761065763,37.67491640930325],[98.29540822200434,37.52202220845506],[98.3463729556204,37.40310449668425],[98.4058318115058,37.26719854037475],[98.4228200560445,37.08882197271853]]}},{"type":"Feature","properties":{"catalog_id":"GAF_74","catalog_name":"HimaTibetMap","exposure_quality":"1","slip_type":"Reverse"},"geometry":{"type":"LineString","coordinates":[[101.16642154904254,37.77684587653539],[101.32780987216007,37.734375265188675],[101.39576285031482,37.66642228703392],[101.48070407300827,37.55599869753245],[101.5826335402404,37.471057474839014],[101.72703361881923,37.42858686349229],[101.87143369739807,37.36912800760689],[101.95637492009152,37.32665739626017]]}},{"type":"Feature","properties":{"catalog_id":"GAF_75","catalog_name":"HimaTibetMap","exposure_quality":"1","slip_type":"Sinistral"},"geometry":{"type":"LineString","coordinates":[[104.91232946982316,34.71046773730227],[105.22661199378888,34.68498537049424],[105.55788276229329,34.61703239233949],[106.0250594871072,34.566067658723426],[106.33934201107292,34.55757353645408],[106.64513041276929,34.515102925107364],[106.93393056992699,34.430161702413926],[107.22273072708467,34.35371460198983],[107.47755439516499,34.35371460198983],[107.76635455232268,34.302749868373766],[107.9447311199789,34.26027925702705]]}},{"type":"Feature","properties":{"catalog_id":"GAF_76","catalog_name":"HimaTibetMap","exposure_quality":"1","slip_type":"Reverse"},"geometry":{"type":"LineString","coordinates":[[103.74863471892307,33.13056099520432],[103.70616410757636,32.99465503889482],[103.70616410757636,32.86724320485467],[103.6382111294216,32.748325493083854],[103.62122288488291,32.620913659043694],[103.6382111294216,32.50199594727288],[103.69766998530702,32.44253709138748],[103.70616410757636,32.357595868694034]]}},{"type":"Feature","properties":{"catalog_id":"GAF_77","catalog_name":"HimaTibetMap","exposure_quality":"1","fs_name":"Longmen Shan Thrust Belt","reference":"Burchfiel, et al., 1995; Kirby, et al., 2000","slip_type":"Reverse"},"geometry":{"type":"LineString","coordinates":[[104.09689373196618,32.66338427039042],[104.10538785423552,32.57844304769698],[104.13087022104355,32.49350182500354],[104.13087022104355,32.42554884684879],[104.1223760987742,32.340607624155346],[104.09689373196618,32.31512525734732]]}},{"type":"Feature","properties":{"catalog_id":"GAF_78","catalog_name":"HimaTibetMap","exposure_quality":"1","fs_name":"Ganzi Fault","reference":"Taylor, et al., 2003; Wang and Burchfiel, 2000; Wen et al., 2005","slip_type":"Sinistral","strike_slip_rate":"None"},"geometry":{"type":"LineString","coordinates":[[96.34921199988152,33.28547216651013],[96.8873203538161,33.040259579042896],[97.30935674728607,32.76658543067873],[97.87318642874068,32.50509920159834],[98.16735843645611,32.41929903268134],[98.78838823052205,32.15372708127156],[99.51973252748125,31.798269238615408],[99.68316142065649,31.70429762503964]]}},{"type":"Feature","properties":{"catalog_id":"GAF_79","catalog_name":"HimaTibetMap","exposure_quality":"1","slip_type":"Sinistral"},"geometry":{"type":"LineString","coordinates":[[99.39474897492565,31.705369521761543],[99.79160818114444,31.452822754167777],[100.28768218891791,31.164197876917754]]}},{"type":"Feature","properties":{"catalog_id":"GAF_80","catalog_name":"HimaTibetMap","exposure_quality":"1","slip_type":"Sinistral"},"geometry":{"type":"LineString","coordinates":[[97.69907782108177,31.876740542628745],[98.29436663040995,31.001846383464617],[98.68220630921466,30.388518519308324]]}},{"type":"Feature","properties":{"catalog_id":"GAF_81","catalog_name":"HimaTibetMap","exposure_quality":"1","slip_type":"Sinistral"},"geometry":{"type":"LineString","coordinates":[[98.48377670610527,31.245373623644323],[99.31357322819909,30.64106528690209],[99.91788156494131,30.19008891619893],[100.53120942909761,29.73009301808171],[100.80179525151951,29.486565777902005]]}},{"type":"Feature","properties":{"catalog_id":"GAF_82","catalog_name":"HimaTibetMap","exposure_quality":"1","slip_type":"Dextral"},"geometry":{"type":"LineString","coordinates":[[99.23239748147252,30.163030333956744],[99.03396787836313,29.657936798769207],[98.8445578026678,29.206960428066047],[98.78142111076936,28.981472242714467]]}},{"type":"Feature","properties":{"catalog_id":"GAF_83","catalog_name":"HimaTibetMap","exposure_quality":"1","slip_type":"Dextral"},"geometry":{"type":"LineString","coordinates":[[99.1151436250897,28.647749728394132],[99.40376850233972,28.96343318788634],[99.56611999579286,29.18892137323792]]}},{"type":"Feature","properties":{"catalog_id":"GAF_84","catalog_name":"HimaTibetMap","exposure_quality":"1","slip_type":"Dextral"},"geometry":{"type":"LineString","coordinates":[[101.22571303998048,28.864218386331647],[101.63159177361332,29.38735097634731],[101.81198232189459,29.7571516003239]]}},{"type":"Feature","properties":{"catalog_id":"GAF_85","catalog_name":"HimaTibetMap","exposure_quality":"1","fs_name":"Xiangshuihe - Xiaojiang Fault","net_slip_rate":"(10.,8.,14.)","reference":"Wang, et al., 1998; Shen et al., 2005; Molnar et al., 2010; Mohadjer (2017)","slip_type":"Sinistral"},"geometry":{"type":"LineString","coordinates":[[99.72847148924599,32.05713109091001],[100.44101415495697,31.55203755572247],[101.09042012876952,31.01086591087868],[101.57747460912894,30.514791903105206],[101.92021665086334,30.244206080683313],[102.09158767173054,29.98263978567548],[102.20884152811337,29.657936798769207],[102.26295869259773,29.170882318409795],[102.22688058294149,28.295988159245667],[102.24491963776961,27.845011788542507]]}},{"type":"Feature","properties":{"catalog_id":"GAF_86","catalog_name":"HimaTibetMap","exposure_quality":"1","slip_type":"Sinistral"},"geometry":{"type":"LineString","coordinates":[[101.8841385412071,28.494417762355056],[101.89315806862115,27.890109425612824]]}},{"type":"Feature","properties":{"catalog_id":"GAF_87","catalog_name":"HimaTibetMap","exposure_quality":"1","fs_name":"Xiangshuihe - Xiaojiang Fault","net_slip_rate":"(10.,8.,14.)","reference":"Wang, et al., 1998; Shen et al., 2005; Molnar et al., 2010; Mohadjer (2017)","slip_type":"Sinistral"},"geometry":{"type":"LineString","coordinates":[[102.28099774742587,29.36029239410512],[102.55158356984776,29.026569879784784],[102.81314986485559,28.5575544542535],[102.8853060841681,28.115597610964404],[102.86726702933997,27.385015890425286],[102.91236466641028,27.042273848690886],[103.02961852279311,26.699531806956486],[103.12883332434781,26.41992645712053],[103.21000907107437,26.149340634698632],[103.31824340004313,25.761500955893915],[103.30020434521501,25.355622222261076],[103.2280481259025,24.994841125698546],[103.20098954366031,24.787391995175096],[103.21000907107437,24.444649953440695],[103.17393096141812,24.219161768089116],[103.11079426951967,24.083868856878166],[102.97550135830873,24.029751692393788],[102.91236466641028,23.912497836010967],[102.92138419382435,23.696029178073452],[102.86726702933997,23.533677684620315],[102.7860912826134,23.398384773409365],[102.66883742623058,23.254072334784357]]}},{"type":"Feature","properties":{"catalog_id":"GAF_88","catalog_name":"HimaTibetMap","exposure_quality":"1","fs_name":"Xiangshuihe - Xiaojiang Fault","net_slip_rate":"(10.,8.,14.)","reference":"Wang, et al., 1998; Shen et al., 2005; Molnar et al., 2010; Mohadjer (2017)","slip_type":"Sinistral"},"geometry":{"type":"LineString","coordinates":[[102.24491963776961,27.845011788542507],[102.38923207639462,27.56540643870655],[102.6147202617462,27.231683924386214],[102.82216939226966,26.98815668420651],[102.95746230348061,26.888941882651814]]}},{"type":"Feature","properties":{"catalog_id":"GAF_89","catalog_name":"HimaTibetMap","exposure_quality":"1","slip_type":"Sinistral"},"geometry":{"type":"LineString","coordinates":[[99.06102646060532,28.39520296080036],[99.62023716027723,27.98932422716752],[99.89082298269913,27.628543130604992],[100.08023305839446,27.375996363011225],[100.14336975029289,27.114430068003394],[100.06219400356633,26.5732584231596],[99.92690109235538,26.302672600737708],[99.92690109235538,26.11326252504238],[99.98101825683976,25.94189150417518]]}},{"type":"Feature","properties":{"catalog_id":"GAF_90","catalog_name":"HimaTibetMap","exposure_quality":"1","slip_type":"Normal"},"geometry":{"type":"LineString","coordinates":[[100.73865855962107,26.807766135925245],[100.6574828128945,26.239535908839265],[100.63042423065231,25.91483292193299],[100.63944375806638,25.62620804468297],[100.5582680113398,25.508954188300148],[100.42297510012885,25.391700331917328]]}},{"type":"Feature","properties":{"catalog_id":"GAF_91","catalog_name":"HimaTibetMap","exposure_quality":"1","slip_type":"Sinistral"},"geometry":{"type":"LineString","coordinates":[[102.09158767173054,27.159527705073707],[101.98335334276179,26.85286377299556],[101.97433381534772,26.519141258675223],[101.97433381534772,26.131301579870506],[101.96531428793365,25.734442373651728],[101.97433381534772,25.418758914159515],[101.96531428793365,25.19327072880794],[101.93825570569146,25.066997345011053],[101.99237287017584,24.904645851557916],[102.01041192500398,24.80543105000322],[101.97433381534772,24.697196721034462],[102.01041192500398,24.561903809823516],[102.10962672655867,24.46268900826882],[102.21786105552742,24.372493734128188],[102.22688058294149,24.264259405159432],[102.18178294587118,24.002693110151597],[102.15472436362899,23.89445878118284],[102.09158767173054,23.75014634255783],[102.03747050724616,23.63289248617501],[102.01943145241803,23.587794849104693]]}},{"type":"Feature","properties":{"catalog_id":"GAF_92","catalog_name":"HimaTibetMap","exposure_quality":"1","slip_type":"Sinistral"},"geometry":{"type":"LineString","coordinates":[[102.443349240879,27.069332430933077],[102.29001727483993,26.79874660851118],[102.28099774742587,26.65443416988617],[102.23590011035556,26.48306314901897]]}},{"type":"Feature","properties":{"catalog_id":"GAF_93","catalog_name":"HimaTibetMap","exposure_quality":"1","slip_type":"Sinistral"},"geometry":{"type":"LineString","coordinates":[[102.15472436362899,26.410906929706464],[102.16374389104304,26.08620394280019],[102.20884152811337,25.842676702620484],[102.22688058294149,25.617188517268907],[102.32609538449618,25.40071985933139]]}},{"type":"Feature","properties":{"catalog_id":"GAF_94","catalog_name":"HimaTibetMap","exposure_quality":"1","slip_type":"Sinistral"},"geometry":{"type":"LineString","coordinates":[[102.36217349415243,25.824637647792358],[102.3711930215665,25.57209088019859],[102.3711930215665,25.328563640018885],[102.32609538449618,25.11209498208137],[102.30805632966806,24.8595482144876],[102.23590011035556,24.67013813879227],[102.19080247328523,24.588962392065703]]}},{"type":"Feature","properties":{"catalog_id":"GAF_95","catalog_name":"HimaTibetMap","exposure_quality":"1","slip_type":"Sinistral"},"geometry":{"type":"LineString","coordinates":[[102.06452908948835,25.635227572097033],[102.07354861690241,25.34660269484701],[102.10962672655867,25.048958290182927],[102.13668530880086,24.877587269315725]]}},{"type":"Feature","properties":{"catalog_id":"GAF_96","catalog_name":"HimaTibetMap","exposure_quality":"1","slip_type":"Sinistral"},"geometry":{"type":"LineString","coordinates":[[102.75903270037122,26.167379689526758],[102.7139350633009,25.860715757448613],[102.70491553588684,25.499934660886083],[102.72295459071496,25.292485530362633],[102.74099364554309,25.076016872425114],[102.75903270037122,25.00386065311261]]}},{"type":"Feature","properties":{"catalog_id":"GAF_97","catalog_name":"HimaTibetMap","exposure_quality":"1","slip_type":"Sinistral"},"geometry":{"type":"LineString","coordinates":[[103.72412213367598,26.437965511948654],[103.76020024333222,26.22149685401114],[103.8413759900588,26.068164887972063],[103.8413759900588,25.99600866865956],[103.85039551747286,25.96895008641737]]}},{"type":"Feature","properties":{"catalog_id":"GAF_98","catalog_name":"HimaTibetMap","exposure_quality":"1","slip_type":"Sinistral"},"geometry":{"type":"LineString","coordinates":[[102.73197411812903,24.74229435810478],[102.6147202617462,24.66111861137821],[102.5425640424337,24.55288428240945],[102.55158356984776,24.381513261542253],[102.56060309726183,24.282298459987558]]}},{"type":"Feature","properties":{"catalog_id":"GAF_99","catalog_name":"HimaTibetMap","exposure_quality":"1","slip_type":"Sinistral"},"geometry":{"type":"LineString","coordinates":[[103.18295048883219,26.239535908839265],[103.13785285176186,25.91483292193299],[103.13785285176186,25.581110407612652],[103.13785285176186,25.22934883846419],[103.15589190659,25.0309192353548],[103.14687237917593,24.89562632414385],[103.13785285176186,24.71523577586259],[103.03863805020717,24.498767117925073],[103.01157946796498,24.336415624471936],[103.01157946796498,24.1740641310188],[103.00255994055092,24.038771219807852]]}},{"type":"Feature","properties":{"catalog_id":"GAF_100","catalog_name":"HimaTibetMap","exposure_quality":"1","slip_type":"Sinistral"},"geometry":{"type":"LineString","coordinates":[[103.73314166109004,25.91483292193299],[103.85941504488692,25.761500955893915],[103.85941504488692,25.46385655122983],[103.85941504488692,25.22934883846419],[103.8413759900588,25.076016872425114],[103.83235646264474,24.958763016042294],[103.76020024333222,24.823470104831348],[103.65196591436347,24.724255303276653],[103.48059489349627,24.498767117925073],[103.36334103711344,24.363474206714127],[103.31824340004313,24.21014224067505],[103.30922387262908,24.06582980205004]]}},{"type":"Feature","properties":{"catalog_id":"GAF_101","catalog_name":"HimaTibetMap","exposure_quality":"1","slip_type":"Sinistral"},"geometry":{"type":"LineString","coordinates":[[103.57980969505097,24.62504050172196],[103.5707901676369,24.390532788956314],[103.48059489349627,24.255239877745367],[103.42647772901189,24.05681027463598],[103.31824340004313,23.840341616698463],[103.2551067081447,23.687009650659387],[103.21000907107437,23.51563862979219],[103.21000907107437,23.29015044444061],[103.18295048883219,23.10074036874528],[103.18295048883219,23.028584149432778]]}},{"type":"Feature","properties":{"catalog_id":"GAF_102","catalog_name":"HimaTibetMap","exposure_quality":"1","slip_type":"Dextral"},"geometry":{"type":"LineString","coordinates":[[102.25393916518368,23.993673582737536],[102.47942735053526,23.795243979628147],[102.63275931657434,23.732107287729704],[102.75903270037122,23.714068232901578]]}},{"type":"Feature","properties":{"catalog_id":"GAF_103","catalog_name":"HimaTibetMap","exposure_quality":"1","slip_type":"Dextral"},"geometry":{"type":"LineString","coordinates":[[102.30805632966806,24.282298459987558],[102.75903270037122,23.993673582737536]]}},{"type":"Feature","properties":{"catalog_id":"GAF_104","catalog_name":"HimaTibetMap","exposure_quality":"1","slip_type":"Sinistral"},"geometry":{"type":"LineString","coordinates":[[103.00255994055092,23.677990123245326],[103.21000907107437,23.560736266862502]]}},{"type":"Feature","properties":{"catalog_id":"GAF_105","catalog_name":"HimaTibetMap","exposure_quality":"1","slip_type":"Sinistral"},"geometry":{"type":"LineString","coordinates":[[97.8163316774646,23.03760367684684],[98.16809324661307,23.06466225908903],[98.36652284972246,23.118779423573407],[98.58299150765997,23.217994225128102]]}},{"type":"Feature","properties":{"catalog_id":"GAF_106","catalog_name":"HimaTibetMap","exposure_quality":"1","slip_type":"Sinistral"},"geometry":{"type":"LineString","coordinates":[[97.47358963573019,22.73093974476869],[97.99672222574586,22.794076436667133],[98.42064001420682,22.893291238221828],[98.70024536404279,22.992506039776522],[98.88063591232405,23.10074036874528]]}},{"type":"Feature","properties":{"catalog_id":"GAF_107","catalog_name":"HimaTibetMap","exposure_quality":"1","slip_type":"Sinistral"},"geometry":{"type":"LineString","coordinates":[[97.52770680021457,21.991338496815512],[98.3304447400662,22.054475188713955],[98.93475307680843,22.081533770956145],[99.26847559112876,22.15368999026865],[99.46690519423817,22.252904791823344]]}},{"type":"Feature","properties":{"catalog_id":"GAF_108","catalog_name":"HimaTibetMap","exposure_quality":"1","slip_type":"Dextral"},"geometry":{"type":"LineString","coordinates":[[98.43867906903496,21.567420708354543],[98.93475307680843,21.5042840164561]]}},{"type":"Feature","properties":{"catalog_id":"GAF_109","catalog_name":"HimaTibetMap","exposure_quality":"1","slip_type":"Dextral"},"geometry":{"type":"LineString","coordinates":[[99.55710046837879,23.03760367684684],[100.9010100530742,21.95526038715926]]}},{"type":"Feature","properties":{"catalog_id":"GAF_110","catalog_name":"HimaTibetMap","exposure_quality":"1","slip_type":"Dextral"},"geometry":{"type":"LineString","coordinates":[[99.8006277085585,22.703881162526503],[100.35081888081635,22.135650935440523]]}},{"type":"Feature","properties":{"catalog_id":"GAF_111","catalog_name":"HimaTibetMap","exposure_quality":"1","slip_type":"Dextral"},"geometry":{"type":"LineString","coordinates":[[103.50765347573846,23.33524808151093],[103.68804402401972,23.00152556719059],[103.87745409971505,22.76701785442495],[104.10294228506663,22.55054919648743],[104.3554890526604,22.352119593378042],[104.56293818318385,22.216826682167095],[104.70725062180885,22.162709517682718],[104.89666069750419,21.937221332331138],[105.19430510216827,21.702713619565493],[105.3566565956214,21.495264489042043]]}},{"type":"Feature","properties":{"catalog_id":"GAF_112","catalog_name":"HimaTibetMap","exposure_quality":"1","fs_name":"Red River Fault","reference":"Wang, et al., 1998; Leloup, et al., 1995; Allen et al., 1984; Simons et al., 2007; Mohadjer (2017)","slip_type":"Dextral"},"geometry":{"type":"LineString","coordinates":[[100.20650644219134,25.725422846237663],[100.45003368237104,25.355622222261076],[100.81081477893358,25.012880180526675],[101.18963493032422,24.525825700167264],[101.60453319137113,23.993673582737536],[101.96531428793365,23.596814376518758],[102.20884152811337,23.452501937893746],[102.6147202617462,23.254072334784357],[102.94844277606654,23.15485753322966],[103.2280481259025,23.019564622018713],[103.4986339483244,22.902310765635892],[103.69706355143379,22.739959272182755],[104.3554890526604,22.18074857251084],[104.78842636853543,21.856045585604566],[105.16724651992608,21.46820590679985],[105.726457219598,20.981151426440437],[106.33076555634022,20.27762828814351],[106.4840975223793,20.14233537693256]]}},{"type":"Feature","properties":{"catalog_id":"GAF_113","catalog_name":"HimaTibetMap","exposure_quality":"1","slip_type":"Sinistral"},"geometry":{"type":"LineString","coordinates":[[103.2551067081447,22.487412504588985],[103.2280481259025,22.108592353198333],[103.18295048883219,21.90114322267488],[103.11981379693374,21.747811256635806],[103.03863805020717,21.5042840164561],[103.00255994055092,21.405069214901406]]}},{"type":"Feature","properties":{"catalog_id":"GAF_114","catalog_name":"HimaTibetMap","exposure_quality":"1","slip_type":"Dextral"},"geometry":{"type":"LineString","coordinates":[[103.53471205798064,22.451334394932733],[103.8143174078166,22.207807154753027],[104.01274701092599,21.982318969401447]]}},{"type":"Feature","properties":{"catalog_id":"GAF_115","catalog_name":"HimaTibetMap","exposure_quality":"1","slip_type":"Dextral"},"geometry":{"type":"LineString","coordinates":[[103.8864736271291,21.78388936629206],[104.0849032302385,21.540362126112353],[104.22921566886352,21.332912995588902],[104.38254763490258,21.233698194034204],[104.54489912835572,21.197620084377952],[104.67117251215261,21.18860055696389],[104.77940684112137,21.143502919893574],[104.85156306043388,21.089385755409197],[104.91469975233231,21.026249063510754]]}},{"type":"Feature","properties":{"catalog_id":"GAF_116","catalog_name":"HimaTibetMap","exposure_quality":"1","slip_type":"Sinistral"},"geometry":{"type":"LineString","coordinates":[[98.90769449456624,20.36782356228414],[99.39474897492565,20.575272692807594],[99.9449401471835,20.89997567971387],[100.56728753875386,21.260756776276395],[100.98218579980077,21.62153787283892],[101.21669351256641,21.81996747594831]]}},{"type":"Feature","properties":{"catalog_id":"GAF_117","catalog_name":"HimaTibetMap","exposure_quality":"1","slip_type":"Sinistral"},"geometry":{"type":"LineString","coordinates":[[98.06887844505837,19.89880813675286],[98.98887024129282,20.27762828814351],[99.3857294475116,20.4760578912529]]}},{"type":"Feature","properties":{"catalog_id":"GAF_118","catalog_name":"HimaTibetMap","exposure_quality":"1","slip_type":"Sinistral"},"geometry":{"type":"LineString","coordinates":[[99.16926078957407,20.034101047963805],[99.85474487304288,20.097237739862248],[100.26964313408978,20.214491596245068],[100.87395147083201,20.44899930901071],[101.37904500601955,20.79174135074511],[101.60453319137113,20.945073316784185]]}},{"type":"Feature","properties":{"catalog_id":"GAF_119","catalog_name":"HimaTibetMap","exposure_quality":"1","slip_type":"Sinistral"},"geometry":{"type":"LineString","coordinates":[[99.84572534562881,20.187433014002877],[99.95395967459757,20.512136000909152],[100.03513542132414,20.665467966948228],[100.17042833253508,20.773702295916983],[100.45003368237104,20.854878042643552],[100.77473666927732,20.908995207127933],[101.0002248546289,20.972131899026373],[101.13551776583985,21.062327173167006],[101.26179114963674,21.170561502135765],[101.40610358826174,21.296834885932647]]}},{"type":"Feature","properties":{"catalog_id":"GAF_120","catalog_name":"HimaTibetMap","exposure_quality":"1","slip_type":"Sinistral"},"geometry":{"type":"LineString","coordinates":[[101.29786925929298,19.94390577382317],[101.9562947605196,20.4760578912529],[102.18178294587118,20.827819460401365],[102.28099774742587,21.080366227995132]]}},{"type":"Feature","properties":{"catalog_id":"GAF_121","catalog_name":"HimaTibetMap","exposure_quality":"1","slip_type":"Sinistral"},"geometry":{"type":"LineString","coordinates":[[101.61355271878519,19.492929403120016],[101.65865035585551,19.610183259502836],[101.8841385412071,19.835671444854416],[102.20884152811337,20.196452541416942],[102.47040782312119,20.575272692807594],[102.59668120691808,20.8187999329873],[102.67785695364465,20.96311237161231]]}},{"type":"Feature","properties":{"catalog_id":"GAF_122","catalog_name":"HimaTibetMap","exposure_quality":"1","slip_type":"Sinistral"},"geometry":{"type":"LineString","coordinates":[[100.64846328548043,18.491761860159002],[101.16257634808204,18.699210990682456],[101.47825980757425,18.90666012120591],[101.76688468482426,19.19528499845593],[101.89315806862115,19.384695074151256]]}},{"type":"Feature","properties":{"catalog_id":"GAF_123","catalog_name":"HimaTibetMap","exposure_quality":"1","slip_type":"Dextral"},"geometry":{"type":"LineString","coordinates":[[104.15705944955101,19.384695074151256],[105.69037910994174,18.7623476825809]]}},{"type":"Feature","properties":{"catalog_id":"GAF_124","catalog_name":"HimaTibetMap","exposure_quality":"1","slip_type":"Dextral"},"geometry":{"type":"LineString","coordinates":[[103.37236056452751,19.02391397758873],[104.05784464799632,18.68117193585433],[104.88764117009012,18.149019818424602],[105.49194950683236,17.725102029963633],[105.92488682270739,17.391379515643298],[106.22253122737148,17.1207936932214]]}},{"type":"Feature","properties":{"catalog_id":"GAF_125","catalog_name":"HimaTibetMap","exposure_quality":"1","slip_type":"Dextral"},"geometry":{"type":"LineString","coordinates":[[103.26412623555875,18.42862516826056],[103.7421611885041,18.4196056408465],[104.06686417541037,18.320390839291804],[104.25627425110571,18.176078400666793],[104.44568432680103,17.977648797557404],[104.72528967663699,17.725102029963633],[104.87862164267607,17.472555262369866],[104.9417583345745,17.31922329633079]]}},{"type":"Feature","properties":{"catalog_id":"GAF_126","catalog_name":"HimaTibetMap","exposure_quality":"1","slip_type":"Reverse"},"geometry":{"type":"LineString","coordinates":[[104.93273880716043,17.86039494117458],[105.14920746509796,17.607848173580813],[105.41979328751985,17.526672426854244],[105.66332052769955,17.51765289944018],[105.77155485666832,17.508633372026118]]}},{"type":"Feature","properties":{"catalog_id":"GAF_127","catalog_name":"HimaTibetMap","exposure_quality":"1","fs_name":"Sagaing Fault","reference":"Wang and Burchfiel, 1997; Vigny et al., 2003; Mohadjer (2017)","slip_type":"Dextral"},"geometry":{"type":"LineString","coordinates":[[97.1037890117536,16.39923150009635],[96.9594765731286,17.301184241502664],[96.62575405880825,18.54587902464338],[96.46340256535512,19.25842169035437],[96.20183627034729,20.67448749436229],[96.04850430430822,21.792908893706123],[95.99438713982384,22.821135018909327],[95.9763480849957,24.065829802050047],[95.94928950275353,24.859548214487603]]}},{"type":"Feature","properties":{"catalog_id":"GAF_128","catalog_name":"HimaTibetMap","exposure_quality":"1","slip_type":"Reverse"},"geometry":{"type":"LineString","coordinates":[[95.98536761240977,23.1458380058156],[96.12968005103478,23.867400198940654],[96.33712918155824,24.579942864651645],[96.5175197298395,24.90464585155792],[96.7159493329489,25.184251201393877],[96.77908602484733,25.400719859331392],[96.86928129898797,25.680325209167354],[96.86928129898797,25.84267670262049]]}},{"type":"Feature","properties":{"catalog_id":"GAF_129","catalog_name":"HimaTibetMap","exposure_quality":"1","slip_type":"Reverse"},"geometry":{"type":"LineString","coordinates":[[93.85675914269086,25.536012770542342],[93.4328413542299,24.859548214487603],[93.18029458663614,24.19210318584693],[93.03598214801112,23.668970595831265],[93.01794309318299,22.839174073737453],[93.01794309318299,22.018397079057706],[93.18931411405019,21.215659139206085],[93.47793899130022,20.476057891252903],[93.69440764923773,20.106257267276312],[93.76656386855024,19.87174955451067],[93.76656386855024,19.862730027096607]]}},{"type":"Feature","properties":{"catalog_id":"GAF_130","catalog_name":"HimaTibetMap","exposure_quality":"1","slip_type":"Reverse"},"geometry":{"type":"LineString","coordinates":[[91.70109209072977,24.174064131018802],[91.71011161814383,23.62387295876095],[91.9355998034954,22.893291238221835],[92.16108798884699,22.298002428893664],[92.19716609850325,21.85604558560457],[92.39559570161263,21.28781535851859],[92.51284955799545,20.87291709747168],[92.54892766765171,20.66546796694823]]}},{"type":"Feature","properties":{"catalog_id":"GAF_131","catalog_name":"HimaTibetMap","exposure_quality":"1","slip_type":"Reverse"},"geometry":{"type":"LineString","coordinates":[[92.0348146050501,24.16504460360474],[92.04383413246417,23.67799012324533],[92.14304893401886,23.33524808151093],[92.26030279040168,22.848193601151518],[92.28736137264387,22.586627306143686],[92.38657617419857,22.34310006596398],[92.4767714483392,22.05447518871396],[92.48579097575326,21.964279914573325]]}},{"type":"Feature","properties":{"catalog_id":"GAF_132","catalog_name":"HimaTibetMap","exposure_quality":"1","slip_type":"Reverse"},"geometry":{"type":"LineString","coordinates":[[92.5038300305814,24.390532788956317],[92.45873239351107,23.76818539738596],[92.49481050316733,23.172896588057792],[92.46775192092514,22.88427171080777],[92.54892766765171,22.595646833557748],[92.65716199662047,22.2889829014796],[92.71127916110484,21.847026058190504],[92.79245490783141,21.368991105245158],[92.94578687387049,20.908995207127937],[93.0900993124955,20.593311747635724],[93.25245080594864,20.331745452627892]]}},{"type":"Feature","properties":{"catalog_id":"GAF_133","catalog_name":"HimaTibetMap","exposure_quality":"1","slip_type":"Reverse"},"geometry":{"type":"LineString","coordinates":[[92.8465720723158,24.50778664533914],[92.76539632558922,24.128966493948486],[92.77441585300329,23.65093154100314],[92.78343538041734,23.22701375254217],[92.77441585300329,22.929369347878087]]}},{"type":"Feature","properties":{"catalog_id":"GAF_134","catalog_name":"HimaTibetMap","exposure_quality":"1","slip_type":"Sinistral"},"geometry":{"type":"LineString","coordinates":[[86.00359128678978,32.24198213079726],[86.09077359270691,32.274675495516185],[86.17141722568024,32.30518930258718],[86.2455221857098,32.357498686137454],[86.32834537633107,32.42942408851908],[86.38501387517721,32.468656126181784]]}},{"type":"Feature","properties":{"catalog_id":"GAF_135","catalog_name":"HimaTibetMap","exposure_quality":"1","slip_type":"Sinistral"},"geometry":{"type":"LineString","coordinates":[[87.66637754596779,33.105389247589436],[87.87333534012764,33.12549371902211],[87.98213600905738,33.14441557448815],[88.11340638135304,33.16688527785408],[88.22891964532441,33.18573059235014],[88.30956327829776,33.207526168829425],[88.36623177714388,33.24893776414006],[88.39456602656695,33.299067590042405],[88.41636160304624,33.336120070057184],[88.41636160304624,33.37317255007196],[88.41636160304624,33.401506799495024]]}},{"type":"Feature","properties":{"catalog_id":"GAF_136","catalog_name":"HimaTibetMap","exposure_quality":"1","slip_type":"Normal"},"geometry":{"type":"LineString","coordinates":[[89.38190564107839,34.11422215036754],[89.36228962224705,34.053194536225554],[89.36228962224705,34.00088515267528],[89.36011006459911,33.93985753853329],[89.34267360341569,33.907164173814365],[89.29472333516127,33.86575257850373],[89.25331173985063,33.84395700202445],[89.20536147159622,33.81126363730553],[89.19228412570865,33.74369735021976],[89.19228412570865,33.69356752431741],[89.20318191394828,33.64561725606299]]}},{"type":"Feature","properties":{"catalog_id":"GAF_137","catalog_name":"HimaTibetMap","exposure_quality":"1","slip_type":"Normal"},"geometry":{"type":"LineString","coordinates":[[89.54101334937715,34.353973491639636],[89.51921777289786,34.31474145397693],[89.50178131171444,34.271150301018366],[89.51703821524994,34.21884091746809],[89.51703821524994,34.170890649213675],[89.51703821524994,34.12729949625511],[89.55627025291264,34.05973320916934],[89.55627025291264,33.99434647973149],[89.55844981056057,33.878829924391304],[89.53229511878544,33.841777444376525],[89.4756266199393,33.80254540671382],[89.45165148581209,33.74369735021976],[89.44511281286832,33.70228575490913],[89.44511281286832,33.6543354866547],[89.44511281286832,33.61074433369614],[89.42985590933282,33.549716719554155],[89.42331723638902,33.4908686630601]]}},{"type":"Feature","properties":{"catalog_id":"GAF_138","catalog_name":"HimaTibetMap","exposure_quality":"1","slip_type":"Normal"},"geometry":{"type":"LineString","coordinates":[[90.94902960567252,33.41280087094339],[90.98941624626431,33.46716750250928],[91.0002895725775,33.51221414009244],[91.01271623122112,33.549494116023325],[91.01737622821248,33.5805607626324],[91.0608695334652,33.63026739720693],[91.10902283570927,33.66288737614646],[91.20843610485831,33.71725400771234]]}},{"type":"Feature","properties":{"catalog_id":"GAF_139","catalog_name":"HimaTibetMap","exposure_quality":"1","slip_type":"Normal"},"geometry":{"type":"LineString","coordinates":[[91.09814950939608,33.815113944530935],[91.0872761830829,33.84618059114001],[91.0608695334652,33.89588722571453],[91.03290955151702,33.925400539993156],[91.02514288986475,33.95491385427178],[91.02514288986475,33.98753383321131],[91.04844287482156,34.01704714748993],[91.05776286880429,34.034133803124924],[91.05776286880429,34.05743378808173],[91.04999620715202,34.094713764012624]]}},{"type":"Feature","properties":{"catalog_id":"GAF_140","catalog_name":"HimaTibetMap","exposure_quality":"1","slip_type":"Normal"},"geometry":{"type":"LineString","coordinates":[[90.32459000883007,33.31960093111616],[90.34478332912597,33.370860898021135],[90.35565665543915,33.40037421229976],[90.38361663738732,33.43765418823065],[90.40846995467459,33.45474084386564],[90.41934328098776,33.474934164161546],[90.41157661933549,33.50910747543153],[90.40070329302232,33.560367442336506],[90.38982996670914,33.585220759623766],[90.37740330806551,33.634927394198286],[90.36652998175234,33.67997403178145],[90.34633666145643,33.70793401372962],[90.32148334416917,33.754533983643235]]}},{"type":"Feature","properties":{"catalog_id":"GAF_141","catalog_name":"HimaTibetMap","exposure_quality":"1","slip_type":"Normal"},"geometry":{"type":"LineString","coordinates":[[90.27827491095853,33.818113761891695],[90.25588109959223,33.81471692932008],[90.24972137888857,33.78480130781006],[90.26875706693521,33.759816967248845],[90.29041669756009,33.7390006603387],[90.29041669756009,33.70016735207735],[90.30129002387326,33.65512071449419],[90.30284335620372,33.608520744580574],[90.30284335620372,33.56968743631923],[90.30284335620372,33.52308746640561],[90.30284335620372,33.490467487466084],[90.28731003289919,33.46250750551791],[90.2500300569683,33.44231418522202],[90.2298367366724,33.41280087094339],[90.20653675171559,33.3755208950125]]}},{"type":"Feature","properties":{"catalog_id":"GAF_142","catalog_name":"HimaTibetMap","exposure_quality":"1","slip_type":"Normal"},"geometry":{"type":"LineString","coordinates":[[88.51472120337912,32.572590671221626],[88.55264435597809,32.54604446440235],[88.62469834591614,32.481575104984096],[88.62469834591614,32.45123658290492],[88.61711371539634,32.41710574556585],[88.61711371539634,32.37918259296688],[88.61711371539634,32.32609017932832],[88.61711371539634,32.27679008094965],[88.62469834591614,32.227489982570994],[88.62469834591614,32.18198219945223],[88.61332140013644,32.05683579587562]]}},{"type":"Feature","properties":{"catalog_id":"GAF_143","catalog_name":"HimaTibetMap","exposure_quality":"1","slip_type":"Normal"},"geometry":{"type":"LineString","coordinates":[[92.11362838502147,33.767169978089214],[92.0643282866428,33.70270061867097],[92.0605359713829,33.64581588977251],[92.05674365612302,33.58513884561415],[92.00744355774435,33.535838747235495],[91.95814345936569,33.482746333596936],[91.93159725254641,33.425861604698476],[91.92780493728651,33.38035382157971],[91.87850483890784,33.33105372320105],[91.84816631682867,33.27796130956249],[91.84437400156878,33.22107658066403],[91.85195863208857,33.152814905985885],[91.87092020838806,33.099722492347325],[91.92401262202661,33.03146081766918],[91.98468966618496,32.95940682773113]]}},{"type":"Feature","properties":{"catalog_id":"GAF_144","catalog_name":"HimaTibetMap","exposure_quality":"1","slip_type":"Normal"},"geometry":{"type":"LineString","coordinates":[[92.01502818826414,32.720490966357616],[92.0832898629423,32.76220643421648],[92.17809774443973,32.8721835767535],[92.26532099541735,32.879768207273294],[92.32979035483561,32.879768207273294],[92.42839055159293,32.879768207273294],[92.4663137041919,32.879768207273294],[92.50044454153097,32.879768207273294],[92.54974463990963,32.93665293617175],[92.5952524230284,32.951822197211335],[92.63696789088728,32.98595303455041],[92.65972178244665,33.03525313292907],[92.68626798926593,33.08834554656763]]}},{"type":"Feature","properties":{"catalog_id":"GAF_145","catalog_name":"HimaTibetMap","exposure_quality":"1","reference":"Murphy et al., 2010 EPSL","slip_type":"Normal"},"geometry":{"type":"LineString","coordinates":[[85.60233916623972,30.102925595102686],[85.60667022914834,30.089932406376846],[85.60767207192775,30.032201818305317],[85.57318428405769,29.9474193397914],[85.60048711612149,29.879162259631883],[85.62567375417049,29.83498039467008],[85.64000437305594,29.79725376344047],[85.64598248081664,29.755867295347038],[85.6687161300474,29.724343301747055],[85.69660273977046,29.70464080574706],[85.7132572427995,29.66686926854366],[85.71702934459779,29.644775529439396],[85.74127857044392,29.617293073480432]]}},{"type":"Feature","properties":{"catalog_id":"GAF_146","catalog_name":"HimaTibetMap","exposure_quality":"1","fs_name":"South Lunggar Detachment","reference":"Styron et al., 2010","slip_type":"Normal"},"geometry":{"type":"LineString","coordinates":[[83.16305891940662,30.862816089135904],[83.2879582275741,30.906244331448526],[83.35645952707628,30.904754089363664],[83.37977824493342,30.941873681054616],[83.3940550109684,30.99564949978638],[83.3941659214744,31.07291551700738],[83.37977824493342,31.115098442279063],[83.39357911876724,31.13365823812454],[83.4178496210267,31.160784093591005],[83.45354153611416,31.17601264402832],[83.49256469660978,31.183626919246976],[83.50172562148222,31.21063380166315],[83.54455591958717,31.24751544725352],[83.55704808986778,31.282612497089517],[83.56560959733942,31.30776181226897],[83.56716079914256,31.33852983072653],[83.5362874079164,31.346162124929158],[83.49339750796182,31.3795755330771],[83.46365424538894,31.440846653977232]]}},{"type":"Feature","properties":{"catalog_id":"GAF_147","catalog_name":"HimaTibetMap","exposure_quality":"1","slip_type":"Normal"},"geometry":{"type":"LineString","coordinates":[[85.08630864507398,31.364838310370597],[85.06722591001781,31.44518666850188],[85.05229417684575,31.519183166219428],[85.05229417684575,31.58848017275725],[85.02102560409232,31.704310123475267]]}},{"type":"Feature","properties":{"catalog_id":"GAF_148","catalog_name":"HimaTibetMap","exposure_quality":"1","slip_type":"Dextral"},"geometry":{"type":"LineString","coordinates":[[81.62230686210663,33.24920296667187],[81.73843250369184,33.21379880765198],[81.88854613793615,33.117499495117904],[81.95991526009544,33.06537262459458],[82.05086758117633,32.99607561805676],[82.10521959113782,32.94260294955968],[82.16894707737362,32.880291629684685],[82.26949488899008,32.79390548167617]]}},{"type":"Feature","properties":{"catalog_id":"GAF_149","catalog_name":"HimaTibetMap","exposure_quality":"1","slip_type":"Dextral"},"geometry":{"type":"LineString","coordinates":[[82.04220545535911,32.89213010825002],[82.13315777644,32.814170975894974],[82.24576541206396,32.73621184353993],[82.37029052971968,32.66786667556542],[82.51234971778696,32.61077746914586],[82.85211421926991,32.46335488029725],[82.95737999666689,32.41030141869579],[83.10474980858714,32.35453986823947]]}},{"type":"Feature","properties":{"catalog_id":"GAF_150","catalog_name":"HimaTibetMap","exposure_quality":"1","slip_type":"Normal"},"geometry":{"type":"LineString","coordinates":[[82.08086152973213,33.26863099893405],[82.07024028202618,33.227473664073436],[82.07252289571942,33.17364919730993],[82.08882746551161,33.161090865911156]]}},{"type":"Feature","properties":{"catalog_id":"GAF_151","catalog_name":"HimaTibetMap","exposure_quality":"1","slip_type":"Normal"},"geometry":{"type":"LineString","coordinates":[[82.12865714440898,33.27394162278703],[82.1352954242252,33.24738850352212],[82.13396776826197,33.199592888845274],[82.1379507361517,33.17835039343335],[82.14724432789441,33.16905680169063]]}},{"type":"Feature","properties":{"catalog_id":"GAF_152","catalog_name":"HimaTibetMap","exposure_quality":"1","slip_type":"Sinistral"},"geometry":{"type":"LineString","coordinates":[[81.14134437036742,33.160656008584084],[81.40704957526573,33.217339223553985],[81.70727684375434,33.286731375232954],[81.88429763885375,33.347626528747156],[82.03582743945886,33.41560251406533],[82.13212675199294,33.50482099479544],[82.19302190550714,33.547305985619296]]}},{"type":"Feature","properties":{"catalog_id":"GAF_153","catalog_name":"HimaTibetMap","exposure_quality":"1","slip_type":"Normal"},"geometry":{"type":"LineString","coordinates":[[82.13779141743612,33.52323115748578],[82.07685395862802,33.628410802714384],[82.06698309939635,33.688922621698836],[81.98201311774864,33.74556927613065],[81.95991526009544,33.767004815790024],[81.92526675682653,33.81031544487617],[81.868719808885,33.86027875135507]]}},{"type":"Feature","properties":{"catalog_id":"GAF_154","catalog_name":"HimaTibetMap","exposure_quality":"2","slip_type":"Dextral"},"geometry":{"type":"LineString","coordinates":[[80.89880484748505,35.005688807653584],[80.77320402313525,35.07065475128279],[80.51767131152702,35.135620694912],[80.3227734806394,35.20491770144982],[80.11488246102594,35.27854577089626],[79.89399825268663,35.36516702906854],[79.74241105088514,35.4474572243322],[79.61681022653534,35.51675423087002]]}},{"type":"Feature","properties":{"catalog_id":"GAF_155","catalog_name":"HimaTibetMap","exposure_quality":"1","slip_type":"Sinistral"},"geometry":{"type":"LineString","coordinates":[[87.23570347729425,35.285628524149075],[87.59786826028785,35.31018206875881],[87.82498854792792,35.34087399952099],[87.92013353329064,35.38384270258802],[88.26081396475072,35.40225786104532],[88.26081396475072,35.40532705412154]]}},{"type":"Feature","properties":{"catalog_id":"GAF_156","catalog_name":"HimaTibetMap","exposure_quality":"1","slip_type":"Sinistral"},"geometry":{"type":"LineString","coordinates":[[87.3400560418856,35.261074979539345],[87.16511203654123,35.22424466262474],[86.96561448658713,35.21503708339609],[86.85819272891953,35.18741434571013],[86.72621742664221,35.17206838032905],[86.56661938667892,35.12909967726201],[86.44692085670646,35.09226936034741],[86.29959958904804,35.07385420189011]]}},{"type":"Feature","properties":{"catalog_id":"GAF_157","catalog_name":"HimaTibetMap","exposure_quality":"1","slip_type":"Sinistral"},"geometry":{"type":"LineString","coordinates":[[87.50272327492515,35.04930065728038],[87.3155024972759,34.987916795756036],[87.13748929885531,34.926532934231695],[87.0454135065688,34.874356651936004],[86.84898514969092,34.816041983487885]]}},{"type":"Feature","properties":{"catalog_id":"GAF_158","catalog_name":"HimaTibetMap","exposure_quality":"1","fs_name":"Longriba Fault","reference":"Xu, et al., 2008","slip_type":"Reverse"},"geometry":{"type":"LineString","coordinates":[[102.30210943378978,32.423384755010716],[102.43285254832999,32.529613535574626],[102.55133849588204,32.578642203527195],[102.6003671638346,32.639928038467914],[102.72702455604542,32.717556762726154],[102.81282472496243,32.76658543067873],[102.85776767058562,32.791099764655016],[102.91905350552634,32.7951854869844],[103.00893939677272,32.852385599595735],[103.05796806472529,32.901414267548304],[103.09473956568972,32.93818576851274],[103.12742534432478,32.9463572131715]]}},{"type":"Feature","properties":{"catalog_id":"GAF_159","catalog_name":"HimaTibetMap","exposure_quality":"1","slip_type":"Sinistral"},"geometry":{"type":"LineString","coordinates":[[93.2726630858575,35.36510483216513],[93.02343402376525,35.418219222447085],[92.70066195974414,35.463162168070276],[92.38197561805242,35.48767650204656],[92.10823222198388,35.47133361272904],[91.8671746045504,35.45499072341151]]}},{"type":"Feature","properties":{"catalog_id":"GAF_160","catalog_name":"HimaTibetMap","exposure_quality":"1","slip_type":"Sinistral"},"geometry":{"type":"LineString","coordinates":[[88.28653971423105,35.38502656848546],[88.57588258247148,35.38675916051085],[88.79418917767083,35.37289842430772],[89.00383281274323,35.37463101633311],[89.1961505275617,35.38329397646007],[89.39020083440558,35.38329397646007],[89.53747115656387,35.38329397646007],[89.5721229970717,35.41101544886634],[89.6760785185952,35.428341369120254]]}},{"type":"Feature","properties":{"catalog_id":"GAF_161","catalog_name":"HimaTibetMap","exposure_quality":"1","slip_type":"Sinistral"},"geometry":{"type":"LineString","coordinates":[[88.1323390239712,35.46992357772965],[88.29000489828185,35.504575418237486],[88.47192706094798,35.54095985077071],[88.6538492236141,35.54095985077071],[88.80458472982318,35.544425034821494],[89.07660167780968,35.553087994948456]]}},{"type":"Feature","properties":{"catalog_id":"GAF_162","catalog_name":"HimaTibetMap","exposure_quality":"1","slip_type":"Sinistral"},"geometry":{"type":"LineString","coordinates":[[88.66770995981723,35.695160541030575],[88.91027284337207,35.688230172929],[89.00036762869244,35.696893133055966],[89.0714039017335,35.72634719748763],[89.15110313490152,35.73501015761458],[89.28451272085668,35.73501015761458],[89.4040615706087,35.819907166858776],[89.45430673934506,35.856291599392],[89.63449630998579,35.87881529572209]]}},{"type":"Feature","properties":{"catalog_id":"GAF_163","catalog_name":"HimaTibetMap","exposure_quality":"1","slip_type":"Sinistral"},"geometry":{"type":"LineString","coordinates":[[89.6778111106206,35.8978738080014],[89.5305407884623,35.94465379268698],[89.37287491415165,36.013957473702646],[89.31223419326294,36.05034190623587],[89.23426755212031,36.057272274337436],[88.96398319615922,36.081528562692924],[88.78725880956927,36.11444781117536],[88.59320850272539,36.1681581639625],[88.45113595664327,36.19414704434338],[88.28307453018027,36.227066292825825],[88.13926939207276,36.247857397130524]]}},{"type":"Feature","properties":{"catalog_id":"GAF_164","catalog_name":"HimaTibetMap","exposure_quality":"1","slip_type":"Sinistral"},"geometry":{"type":"LineString","coordinates":[[89.71896017122366,35.838749105134916],[89.93553417439762,35.80842874469056],[90.08063875652417,35.799765784563604],[90.24523499893638,35.80409726462708],[90.30154423976161,35.84741206526187],[90.39033958106295,35.85824076542057],[90.59391914404647,35.882063905769705],[90.68271448534779,35.87773242570623],[90.7216978059191,35.895058345960145],[90.78667000687129,35.91888148630928],[90.94043754912481,35.92104722634102],[91.0877078712831,35.9253787064045],[91.16350877239398,35.9253787064045],[91.4104031360123,35.98385368726147]]}},{"type":"Feature","properties":{"catalog_id":"GAF_165","catalog_name":"HimaTibetMap","exposure_quality":"1","slip_type":"Normal"},"geometry":{"type":"LineString","coordinates":[[89.29447512500269,35.43808719926308],[89.40059638655792,35.466241819675695],[89.47856302770056,35.52038532046919],[89.49805468798621,35.57236308123094],[89.52620930839883,35.62217510196095],[89.57818706916058,35.68065008281792],[89.6171703897319,35.710970443262276],[89.74494905160454,35.72613062348445]]}},{"type":"Feature","properties":{"catalog_id":"GAF_166","catalog_name":"HimaTibetMap","exposure_quality":"1","slip_type":"Sinistral"},"geometry":{"type":"LineString","coordinates":[[90.10229615684158,35.66765564262748],[90.28638405953944,35.63516954215139],[90.47263770226904,35.62650658202443],[90.60041636414168,35.61134640180225],[90.81915610734738,35.54204272078658]]}},{"type":"Feature","properties":{"catalog_id":"GAF_167","catalog_name":"HimaTibetMap","exposure_quality":"1","slip_type":"Normal"},"geometry":{"type":"LineString","coordinates":[[81.4980823903022,34.66692220958828],[81.55216080555053,34.60419124790022],[81.67329645570679,34.4852187343539],[81.77496387637365,34.39220386012677],[81.83985797467165,34.29486271267978]]}},{"type":"Feature","properties":{"catalog_id":"GAF_168","catalog_name":"HimaTibetMap","exposure_quality":"1","slip_type":"Normal"},"geometry":{"type":"LineString","coordinates":[[81.99993008380669,34.35543053775791],[82.07563986515436,34.28188389302018],[82.10808691430334,34.223479204551985],[82.17298101260134,34.19535842862286],[82.21840688140993,34.1391168767646],[82.22057001801987,34.08936473473614],[82.24869079394901,34.061243958807005],[82.31791116546687,34.00500240694874],[82.3330531217364,33.94659771848055],[82.38064212715493,33.903334986281884],[82.3979472200344,33.87521421035275],[82.42174172274365,33.81248324866469],[82.48663582104165,33.80166756561503],[82.55152991933964,33.79085188256536],[82.59262951492838,33.73244719409716],[82.6402185203469,33.645921729699836]]}},{"type":"Feature","properties":{"catalog_id":"GAF_169","catalog_name":"HimaTibetMap","exposure_quality":"1","slip_type":"Normal"},"geometry":{"type":"LineString","coordinates":[[83.07068270572358,33.83627775137396],[83.1766763996103,33.75191542358657],[83.26103872739769,33.68053191545877],[83.35837987484469,33.61780095377071],[83.46221043212148,33.53776489920319],[83.5487358965188,33.47503393751513],[83.62228254125652,33.41230297582707],[83.65472959040552,33.371203380238335]]}},{"type":"Feature","properties":{"catalog_id":"GAF_170","catalog_name":"HimaTibetMap","exposure_quality":"1","slip_type":"Normal"},"geometry":{"type":"LineString","coordinates":[[83.63093508769626,33.15272658263509],[83.63742449752607,33.08566934772716],[83.68285036633466,33.01212270298943],[83.75423387446246,32.92992351181197],[83.80831228971078,32.839071774194785],[83.83643306563991,32.759035719627256]]}},{"type":"Feature","properties":{"catalog_id":"GAF_171","catalog_name":"HimaTibetMap","exposure_quality":"1","slip_type":"Dextral"},"geometry":{"type":"LineString","coordinates":[[84.47239522896027,33.66538995918924],[84.56541010318739,33.60265899750118],[84.66275125063439,33.565885675132314],[84.73197162215224,33.50099157683432],[84.78388690079065,33.42528179548666],[84.8271496329893,33.36038769718867]]}},{"type":"Feature","properties":{"catalog_id":"GAF_172","catalog_name":"HimaTibetMap","exposure_quality":"1","slip_type":"Normal"},"geometry":{"type":"LineString","coordinates":[[82.3719359734166,31.280684243585753],[82.34798175787012,31.37307907497931],[82.32744957311598,31.45007476780727],[82.32573855771982,31.520226399050525],[82.3342936347007,31.58524498410525],[82.37022495802042,31.622887322821143],[82.38391308118983,31.682772861687337],[82.41813338911336,31.752924492930592],[82.40444526594395,31.817943077985316],[82.39760120435925,31.845319324324148],[82.45406471243308,31.93942517111388]]}},{"type":"Feature","properties":{"catalog_id":"GAF_173","catalog_name":"HimaTibetMap","exposure_quality":"1","reference":"Murphy et al., 2010 EPSL","slip_type":"Normal"},"geometry":{"type":"LineString","coordinates":[[85.27054881020418,29.8640070603041],[85.2450122850597,29.944545331913595],[85.19786793094683,30.037851866095327],[85.1212583555134,30.087942742340257],[85.06032625947721,30.10447526089045],[84.8957968350348,30.216903700926103]]}},{"type":"Feature","properties":{"catalog_id":"GAF_174","catalog_name":"HimaTibetMap","exposure_quality":"1","fs_name":"Karakoram Fault","net_slip_rate":"(6,1,11)","reference":"Murphy, et al., 2000; Wright et al., 2004; Brown et al., 2002; Chevalier et al., 2005, 2011","slip_type":"Dextral"},"geometry":{"type":"LineString","coordinates":[[82.33462212788116,30.606290005439824],[82.20848290247531,30.674843932290834],[82.0850858341435,30.726944916697597],[81.9973368077742,30.75710864451204],[81.8876505248126,30.75710864451204],[81.66553580181534,30.806467471844766],[81.55310736177968,30.84759982795537],[81.45164755004019,30.875021398695775],[81.27889165437564,30.979223367509306],[81.15001027189575,31.03406650899011],[81.06500340260051,31.09713612169304],[80.98822300452738,31.149237106099804],[80.88127887863982,31.19311161928445],[80.75513965323395,31.250696917839296],[80.61803179953195,31.360383200800907],[80.52754061608861,31.420710656429794],[80.43979158971932,31.47006948376252],[80.38494844823852,31.513943996947166],[80.33833177797983,31.574271452576053],[80.29994157894328,31.64008322235302],[80.27800432235095,31.711379306278065],[80.20122392427783,31.851229317054123],[80.1107327408345,31.95268912879361],[80.009272929095,32.0404381551629],[79.92152390272571,32.1693195376428],[79.88587586076318,32.248842092789964],[79.7103778080246,32.43530877382471],[79.55955916895239,32.61354898363733],[79.4580993572129,32.704040167080656],[79.27163267617816,32.90695979055964],[79.01935422536644,33.164722555519425],[78.90144147118271,33.30183040922144],[78.78627087407301,33.41974316340517],[78.6628738057412,33.597983373217794],[78.59980419303827,33.72960691277173],[78.41059535492948,33.970916735287275]]}},{"type":"Feature","properties":{"catalog_id":"GAF_175","catalog_name":"HimaTibetMap","exposure_quality":"1","fs_name":"Karakoram Fault","net_slip_rate":"(6,1,11)","reference":"Murphy, et al., 2000; Wright et al., 2004; Brown et al., 2002; Chevalier et al., 2005, 2011","slip_type":"Dextral"},"geometry":{"type":"LineString","coordinates":[[75.39029143424231,37.30525655448298],[75.43715447017563,37.1244991301688],[75.69155380809929,36.83662619514992],[76.17357360627044,36.354606396978774],[76.66898284327966,35.8993654764838],[76.80957195107959,35.77886052694101],[76.97024521713664,35.53785062785544],[77.15769736086986,35.34370376470317],[77.29159174925074,35.089304426779506],[77.67988547555527,34.5671163120941]]}},{"type":"Feature","properties":{"catalog_id":"GAF_176","catalog_name":"HimaTibetMap","exposure_quality":"1","fs_name":"Karakoram Fault","net_slip_rate":"(6,1,11)","reference":"Murphy, et al., 2000; Wright et al., 2004; Brown et al., 2002; Chevalier et al., 2005, 2011","slip_type":"Dextral"},"geometry":{"type":"LineString","coordinates":[[78.5824553754136,33.60855421345829],[78.40474100538081,33.781399696640875],[78.30492882495143,33.87390854679493],[78.26354328672461,33.93233518899749],[78.16129666287013,34.01267182202602],[78.09556669039225,34.112484002455396]]}},{"type":"Feature","properties":{"catalog_id":"GAF_177","catalog_name":"HimaTibetMap","exposure_quality":"1","fs_name":"Karakoram Fault","net_slip_rate":"(6,1,11)","reference":"Murphy, et al., 2000; Wright et al., 2004; Brown et al., 2002; Chevalier et al., 2005, 2011","slip_type":"Dextral"},"geometry":{"type":"LineString","coordinates":[[77.69631796867473,34.521470497873345],[77.78152348855346,34.39001055291757],[77.81804013993006,34.33888724099033],[77.8667290084322,34.28289504221288],[77.95436897173605,34.21473062630989],[77.96897563228669,34.178213974933286],[78.02983671791436,34.15873842753243],[78.09069780354203,34.110049559030294]]}},{"type":"Feature","properties":{"catalog_id":"GAF_178","catalog_name":"HimaTibetMap","exposure_quality":"1","slip_type":"Sinistral"},"geometry":{"type":"LineString","coordinates":[[93.90140574366752,39.86237573389944],[93.66408219009145,39.8395561614402],[93.52260084084418,39.82130050347281],[93.3902473205806,39.78935310202988],[93.07990113513495,39.679819154225534],[92.7010962323116,39.57941303540488],[92.51397573814585,39.57028520642119],[92.40900570483335,39.561157377437496]]}},{"type":"Feature","properties":{"catalog_id":"GAF_179","catalog_name":"HimaTibetMap","exposure_quality":"1","fs_name":"Adatan Thrust","reference":"Yin, et al., 2008","slip_type":"Reverse"},"geometry":{"type":"LineString","coordinates":[[88.88109980263512,37.84968944299463],[89.08647595476826,37.88620075892941],[89.23252121850739,37.88620075892941],[89.41964171267314,37.86338118647017],[89.62958177929814,37.84968944299463],[89.83952184592313,37.83143378502724],[90.03577016907258,37.78579464010876],[90.38262767045299,37.68995243577996],[90.60169556606168,37.61236588941855],[90.76143257327635,37.55759891551638],[90.93029740947472,37.45719279669573],[91.11285398914862,37.45262888220388],[91.27715491085513,37.411553651777254],[91.50078672095567,37.329403190924],[91.77918550495838,37.23812490108705]]}},{"type":"Feature","properties":{"catalog_id":"GAF_180","catalog_name":"HimaTibetMap","exposure_quality":"1","slip_type":"Sinistral"},"geometry":{"type":"LineString","coordinates":[[87.68079029127921,37.47544845466312],[87.84965512747758,37.50283194161421],[88.03221170715148,37.55759891551638],[88.29235483318679,37.62149371840225],[88.53424230125472,37.703644179255505],[88.79438542729004,37.82686987053539],[88.94043069102916,37.922712074864194],[89.28272427791774,38.02311819368484],[89.59307046336338,38.11896039801364]]}},{"type":"Feature","properties":{"catalog_id":"GAF_181","catalog_name":"HimaTibetMap","exposure_quality":"1","slip_type":"Reverse"},"geometry":{"type":"LineString","coordinates":[[75.06207382293069,39.454504133358604],[75.14785342060878,39.43544200054125],[75.2479296178999,39.425910934132574],[75.30511601635197,39.42114540092823],[75.3956611472344,39.397317734906544],[75.51479947734288,39.34489686965881],[75.63393780745136,39.32583473684146],[75.72924847153813,39.340131336454476],[75.88174553407697,39.36872453568051]]}},{"type":"Feature","properties":{"catalog_id":"GAF_182","catalog_name":"HimaTibetMap","exposure_quality":"1","slip_type":"Reverse"},"geometry":{"type":"LineString","coordinates":[[75.88174553407697,39.36872453568051],[76.00564939738979,39.3925522017022]]}},{"type":"Feature","properties":{"catalog_id":"GAF_183","catalog_name":"HimaTibetMap","exposure_quality":"1","fs_name":"Longmen Shan Thrust Belt","reference":"Burchfiel, et al., 1995; Kirby, et al., 2000","slip_type":"Sinistral"},"geometry":{"type":"LineString","coordinates":[[104.57699037924326,32.37989415599679],[104.70790677218582,32.42052338139275],[104.82528008999638,32.458895427600055],[104.9787682748256,32.519839265694],[105.13451363884347,32.56949720784463],[105.36248873689861,32.6349554043159],[105.48663359227517,32.686870525655195],[105.6062640892744,32.75232872212648],[105.80941021625424,32.8403587104844],[105.88163995029151,32.892273831823694],[105.9719271178381,32.94193177397432]]}},{"type":"Feature","properties":{"catalog_id":"GAF_184","catalog_name":"HimaTibetMap","exposure_quality":"1","reference":"Meng et al., 2008; Mohadjer (2017)","shortening_rate":"(2.,1.,3.)","slip_type":"Reverse-Dextral","strike_slip_rate":"(2.,1.,3.)"},"geometry":{"type":"LineString","coordinates":[[103.47027034327213,30.737481659144134],[103.51968204769308,30.786893363565085],[103.59027019686587,30.850422697820598],[103.58674078940723,30.928069661910666],[103.61144664161772,30.9845401812489],[103.63968190128683,31.04101070058713],[103.6820347907905,31.086892997549445],[103.7985052369256,31.146892924346314]]}},{"type":"Feature","properties":{"catalog_id":"GAF_185","catalog_name":"HimaTibetMap","exposure_quality":"1","fs_name":"Longmen Shan Thrust Belt","reference":"Meng et al., 2008; Mohadjer (2017)","shortening_rate":"(2.,1.,3.)","slip_type":"Reverse-Dextral","strike_slip_rate":"(2.,1.,3.)"},"geometry":{"type":"LineString","coordinates":[[103.74909353250466,31.03748129312849],[103.9149756830607,31.122187072135837],[104.0032108695267,31.203363443684548],[104.05615198140629,31.295128037609174],[104.12321072312044,31.369245594240603],[104.15850479770684,31.436304335954752],[104.22556353942099,31.492774855292986],[104.26085761400738,31.545715967172576],[104.3067399109697,31.58806885667625],[104.39850450489432,31.637480561097206],[104.53262198832262,31.66924522822496],[104.59615132257814,31.704539302811355]]}},{"type":"Feature","properties":{"catalog_id":"GAF_186","catalog_name":"HimaTibetMap","exposure_quality":"1","fs_name":"North Lunggar Detachment","reference":"Kapp et al., 2008","slip_type":"Normal"},"geometry":{"type":"LineString","coordinates":[[83.72297559950589,31.976527465598508],[83.73182714355937,31.927211720157683],[83.73056263726602,31.882953999890272],[83.70780152398564,31.852605848849763],[83.6812468918252,31.81340615375577],[83.6559567659581,31.760296889434883],[83.6256086149176,31.716039169167473],[83.60790552681063,31.666723423726644],[83.59652497017044,31.630052741219362],[83.59146694499702,31.56556292025828],[83.58767342611695,31.530156744044355],[83.59273145129038,31.497279580417135],[83.59526046387708,31.485899023776945],[83.5864089198236,31.458079885323144],[83.58387990723689,31.43911229092283],[83.59146694499702,31.416351177642444],[83.60790552681063,31.38726753289529],[83.63193114638436,31.363241913321556],[83.6584857785448,31.34553882521459],[83.68756942329196,31.32910024340098],[83.70527251139893,31.321513205640855]]}},{"type":"Feature","properties":{"catalog_id":"GAF_187","catalog_name":"HimaTibetMap","exposure_quality":"1","fs_name":"Palung Co fault","reference":"Styron et al., 2010; Elliot et al., 2010","slip_type":"Normal"},"geometry":{"type":"LineString","coordinates":[[83.66848081168779,31.245521193401007],[83.63375010905048,31.183005928653866],[83.59901940641319,31.125121424258364],[83.57123484430335,31.05102925863212],[83.53881952184186,30.976937093005876],[83.50640419938038,30.88895264632471],[83.46472735621562,30.833383522105027],[83.47861963727054,30.745399075423865],[83.485565777798,30.65046848821524],[83.51566572008366,30.569430182061538],[83.5202964804353,30.523122578545134]]}},{"type":"Feature","properties":{"catalog_id":"GAF_188","catalog_name":"HimaTibetMap","exposure_quality":"1","slip_type":"Sinistral"},"geometry":{"type":"LineString","coordinates":[[93.44590503850337,35.12410639702073],[93.60528184013339,35.09113188633866],[93.78938952477498,35.0361743685352],[94.03120260311017,34.9757210989514],[94.30324231623729,34.89878057402656],[94.54230751868232,34.83283155266241],[94.73465883099442,34.74764740006705],[94.97647190932963,34.64872386802083],[95.19080622876311,34.51133007351219],[95.35842665806365,34.420650169136486],[95.54253434270524,34.32722238887061],[95.67168450954335,34.2173073532637],[95.75412078624855,34.13487107655851],[95.93822847089012,33.92603250890538],[96.08936164484963,33.79963021795743],[96.11134465197101,33.78314296261639]]}},{"type":"Feature","properties":{"catalog_id":"GAF_189","catalog_name":"HimaTibetMap","exposure_quality":"1","slip_type":"Sinistral"},"geometry":{"type":"LineString","coordinates":[[93.96674658968898,35.70067488877978],[94.03700850555352,35.67895756933074],[94.12260029397032,35.65340778174364],[94.22096697618066,35.635522930432664],[94.32316612652909,35.61763807912169],[94.42153280873943,35.60103071719007],[94.59782634309045,35.57803590836168],[94.7357951960608,35.552486120774574],[94.93252856048152,35.50649650311779],[95.1497017549719,35.42984714035648],[95.369429928221,35.31615058559387],[95.53869727098555,35.19191474345157],[95.6552681768517,35.11207165724187],[95.81016376409853,35.000291336548294],[95.91555663789534,34.93322314413214],[96.11995493859217,34.86934867516438],[96.39621201687773,34.80547420619662],[96.58144797688423,34.74479346067725],[96.69482515930201,34.68890330033046],[96.76349021344235,34.66175665101916]]}},{"type":"Feature","properties":{"catalog_id":"GAF_190","catalog_name":"HimaTibetMap","exposure_quality":"1","slip_type":"Sinistral"},"geometry":{"type":"LineString","coordinates":[[98.76882829367366,35.1520224188036],[98.92278048098458,34.91083065868315],[99.16910398068207,34.46950105505851],[99.61556532388374,34.10001580551229],[100.18005667735713,33.59197358738624],[100.60599106225068,33.11985354629942]]}},{"type":"Feature","properties":{"catalog_id":"GAF_191","catalog_name":"HimaTibetMap","exposure_quality":"1","fs_name":"Xiangshuihe - Xiaojiang Fault","net_slip_rate":"(10.,8.,14.)","reference":"Wang, et al., 1998; Shen et al., 2005; Molnar et al., 2010; Mohadjer (2017)","slip_type":"Sinistral"},"geometry":{"type":"LineString","coordinates":[[96.80604939753758,34.450250974550386],[97.09930317274019,34.062208100292374],[97.52289195914399,33.786727281162634],[97.89612403667459,33.60603556108829],[98.32563714176935,33.336479060649516],[98.64258819173583,33.11135495039295]]}},{"type":"Feature","properties":{"catalog_id":"GAF_192","catalog_name":"HimaTibetMap","exposure_quality":"1","fs_name":"Xiangshuihe - Xiaojiang Fault","net_slip_rate":"(10.,8.,14.)","reference":"Wang, et al., 1998; Shen et al., 2005; Molnar et al., 2010; Mohadjer (2017)","slip_type":"Sinistral"},"geometry":{"type":"LineString","coordinates":[[98.66013345199396,33.10291499651197],[98.78670711664999,32.96981691615201],[98.92632961271387,32.848462784059116],[99.08030582332637,32.738852600233265],[99.18208670830751,32.6553400792231],[99.3282336200753,32.49875410232903],[99.59703954707678,32.31215581319694],[99.76536947223791,32.19602121366717]]}},{"type":"Feature","properties":{"catalog_id":"GAF_193","catalog_name":"HimaTibetMap","exposure_quality":"1","slip_type":"Sinistral"},"geometry":{"type":"LineString","coordinates":[[97.68807155682002,34.79580704032569],[97.87973315623044,34.736741515979084],[98.08947603860412,34.67405973503982],[98.30404059643466,34.617405048421645],[98.48364800720293,34.54628533543287],[98.72714261777467,34.422127192418564],[98.94532343219787,34.34980206056557],[99.1164929109166,34.259395645749336]]}},{"type":"Feature","properties":{"catalog_id":"GAF_194","catalog_name":"HimaTibetMap","exposure_quality":"1","slip_type":"Reverse"},"geometry":{"type":"LineString","coordinates":[[77.62772475963989,34.604828342466575],[77.34968634077885,34.66146579816049],[76.76786520501406,34.91375991897885],[76.2426815249432,35.248435793533815],[75.75353986213209,35.588260527697315],[75.29529135697221,35.732428596736376],[75.00695521889409,35.81481035047298]]}},{"type":"Feature","properties":{"catalog_id":"GAF_195","catalog_name":"HimaTibetMap","exposure_quality":"1","slip_type":"Normal"},"geometry":{"type":"LineString","coordinates":[[85.10438702565352,31.750510429400755],[85.15560910396222,31.614922575054216],[85.16866571215854,31.548635179595905],[85.18473538378481,31.481343429660956],[85.15190862374386,31.31129214660596],[85.12547846966298,31.238289646313827],[85.12455299318827,31.23801946168222]]}},{"type":"Feature","properties":{"catalog_id":"GAF_196","catalog_name":"HimaTibetMap","exposure_quality":"1","fs_name":"Tangra Yum Co Rift","reference":"Dewane et al., 2006","slip_type":"Normal"},"geometry":{"type":"LineString","coordinates":[[86.6668538161831,30.818194671188504],[86.66690429810431,30.821940518893303],[86.64246954046652,30.87081003416888],[86.63025216164763,30.968549064720037],[86.61897458119941,31.050311522969565],[86.63883328506121,31.092103088145453],[86.69039925737141,31.113278013805406],[86.80839790886344,31.118189953345798]]}},{"type":"Feature","properties":{"catalog_id":"GAF_197","catalog_name":"HimaTibetMap","exposure_quality":"1","fs_name":"Tangra Yum Co Rift","reference":"Dewane et al., 2006","slip_type":"Normal"},"geometry":{"type":"LineString","coordinates":[[86.37932599667495,30.89712438854804],[86.38308519015769,30.82569971237604],[86.40658014942478,30.777769995471143],[86.47424563211405,30.74957604435062],[86.52155159358571,30.696515630579],[86.54163758536453,30.678866187869986],[86.54823034364145,30.668408709223836],[86.55186772751837,30.659087913039226],[86.55141305453375,30.652267818269998],[86.54913968961067,30.647948424916155],[86.54231959484144,30.641583003131544],[86.53686351902607,30.635899590823854],[86.53118010671838,30.631580197470008],[86.52208664702607,30.621350055316167],[86.51731258068762,30.611347249654635],[86.51572122524146,30.60589117383925],[86.51185650487223,30.59747972362387],[86.50912846696454,30.588386263931568],[86.50549108308762,30.580884159685418],[86.49958033428763,30.569972008054656],[86.50094435324147,30.55542247254697],[86.513902533303,30.53859957211621],[86.51890393613377,30.53177947734698],[86.53549950007222,30.522004008177756],[86.5470936611799,30.51586592288545],[86.56118852370298,30.51200120251622],[86.57437404025681,30.50995517408545],[86.58665021084143,30.50813648214699],[86.59551633404142,30.504271761777762],[86.60256376530296,30.500179704916228],[86.60119974634911,30.490858908731617],[86.5977896989645,30.480628766577773],[86.59256095964142,30.47153530688547],[86.5916516136722,30.46153250122394],[86.58778689330296,30.453348387500863]]}},{"type":"Feature","properties":{"catalog_id":"GAF_198","catalog_name":"HimaTibetMap","exposure_quality":"1","fs_name":"Tangra Yum Co Rift","reference":"Dewane et al., 2006","slip_type":"Normal"},"geometry":{"type":"LineString","coordinates":[[86.42067822329373,30.149773664188082],[86.40131440392496,30.1022442893738],[86.4153971816477,30.052954567344177],[86.43300065380114,30.001904498099208],[86.43631017708715,29.982047358383163]]}},{"type":"Feature","properties":{"catalog_id":"GAF_199","catalog_name":"HimaTibetMap","exposure_quality":"1","fs_name":"Tangra Yum Co Rift","reference":"Dewane et al., 2006","slip_type":"Normal"},"geometry":{"type":"LineString","coordinates":[[86.4443249198605,29.91859630401781],[86.42738571747495,29.895418222143558],[86.41445279702367,29.86200817764443],[86.39059261560745,29.856055009311696],[86.28665039561974,29.842518985019936],[86.2216811621715,29.80841331731694],[86.23968312876823,29.732772148888053],[86.22478583363124,29.67788737733074],[86.22400176546614,29.620650401278116],[86.21459294748489,29.586935470178624],[86.23027431078698,29.55478867540934],[86.20975812692355,29.51527602500569]]}},{"type":"Feature","properties":{"catalog_id":"GAF_200","catalog_name":"HimaTibetMap","exposure_quality":"1","fs_name":"Tangra Yum Co Rift","reference":"Dewane et al., 2006","slip_type":"Normal"},"geometry":{"type":"LineString","coordinates":[[86.20975812692355,29.51527602500569],[86.18871869803644,29.503040176512446],[86.18950276620156,29.422281155506685]]}},{"type":"Feature","properties":{"catalog_id":"GAF_201","catalog_name":"HimaTibetMap","exposure_quality":"1","slip_type":"Normal"},"geometry":{"type":"LineString","coordinates":[[86.95978994851109,30.152766229245458],[86.93523559741064,30.133122748365093],[86.89398428756188,30.103657527044547],[86.89201993947384,30.054548824843636],[86.87139428454945,30.008386644774777],[86.84968528392052,29.955669456209815],[86.81070571774299,29.921020952940903],[86.79282036102799,29.85909619008401],[86.7554977473553,29.798201399354877],[86.72408445957072,29.765102688230805],[86.72311367810325,29.762745076095527]]}},{"type":"Feature","properties":{"catalog_id":"GAF_202","catalog_name":"HimaTibetMap","exposure_quality":"1","fs_name":"Pum Qu - Xainza Rift","reference":"Hager et al., 2006","slip_type":"Normal"},"geometry":{"type":"LineString","coordinates":[[88.47920220321704,30.124364062010557],[88.43099147686296,30.085560306652397],[88.40982579212213,30.046756551294234],[88.40982579212213,30.013832152808522],[88.39806707837724,29.97855601157383],[88.3910118501303,29.947983355837096],[88.38513249325786,29.897420886734036],[88.3674944226405,29.851561903128935],[88.3580874516446,29.813934019145265],[88.34868048064867,29.78453723478302],[88.3463287378997,29.759843935918738],[88.31575608216296,29.735150637054453],[88.30517323979255,29.677532939704456],[88.30517323979255,29.619915242354455],[88.31340433941398,29.574056258749355],[88.31222846803949,29.549362959885073]]}},{"type":"Feature","properties":{"catalog_id":"GAF_203","catalog_name":"HimaTibetMap","exposure_quality":"1","slip_type":"Normal"},"geometry":{"type":"LineString","coordinates":[[90.60102070842649,30.22241286377379],[90.55028965518305,30.191410553458358],[90.5296214483061,30.174500202377214],[90.48452717875638,30.134103252572256],[90.46667736372629,30.112495581746348],[90.43943290920666,30.08994844697149],[90.41124899073809,30.07867487958406]]}},{"type":"Feature","properties":{"catalog_id":"GAF_204","catalog_name":"HimaTibetMap","exposure_quality":"1","slip_type":"Normal"},"geometry":{"type":"LineString","coordinates":[[90.39997542335065,30.05988560060501],[90.38682292806533,30.03733846583015],[90.37836775252475,30.017609722902147],[90.36615472118837,30.001638835769956],[90.3595784735457,29.981910092841954],[90.3595784735457,29.980031164944048]]}},{"type":"Feature","properties":{"catalog_id":"GAF_205","catalog_name":"HimaTibetMap","exposure_quality":"1","slip_type":"Normal"},"geometry":{"type":"LineString","coordinates":[[90.41782523838076,30.047672569268627],[90.40467274309542,30.03733846583015],[90.39527810360589,30.02230704264691],[90.38870185596323,30.00633615551472],[90.37836775252475,29.993183660229384],[90.37273096883104,29.98754687653567]]}},{"type":"Feature","properties":{"catalog_id":"GAF_206","catalog_name":"HimaTibetMap","exposure_quality":"1","slip_type":"Normal"},"geometry":{"type":"LineString","coordinates":[[90.42440148602343,30.031701682136436],[90.4168857744318,30.01385186710634],[90.40561220704437,30.005396691565767],[90.3971570315038,29.990365268382526],[90.39058078386114,29.98754687653567]]}},{"type":"Feature","properties":{"catalog_id":"GAF_207","catalog_name":"HimaTibetMap","exposure_quality":"1","slip_type":"Normal"},"geometry":{"type":"LineString","coordinates":[[90.36521525723941,30.063643456400822],[90.31730259584285,30.05143042506444],[90.27408725419103,30.02982275423853],[90.2412060159777,30.008215083412622],[90.22805352069236,29.988486340484624]]}},{"type":"Feature","properties":{"catalog_id":"GAF_208","catalog_name":"HimaTibetMap","exposure_quality":"1","slip_type":"Normal"},"geometry":{"type":"LineString","coordinates":[[90.27690564603789,29.961711617939475],[90.28066350183369,29.922254132083474],[90.28254242973159,29.889372893870135],[90.29287653317007,29.858370583554702],[90.29381599711903,29.833005056932986],[90.3022711726596,29.80763953031127],[90.30508956450646,29.79260810712803]]}},{"type":"Feature","properties":{"catalog_id":"GAF_209","catalog_name":"HimaTibetMap","exposure_quality":"1","slip_type":"Normal"},"geometry":{"type":"LineString","coordinates":[[91.54094525871237,30.78377603062185],[91.54428473601291,30.759564820192946],[91.53259656546103,30.74453717234052],[91.51923865625888,30.725335177862426],[91.5175689176086,30.698619359458117],[91.52675248018508,30.666894325102998],[91.52675248018508,30.650196938600306],[91.53343143478617,30.627655466821672]]}},{"type":"Feature","properties":{"catalog_id":"GAF_210","catalog_name":"HimaTibetMap","exposure_quality":"1","slip_type":"Normal"},"geometry":{"type":"LineString","coordinates":[[91.53009195748562,30.616802165594912],[91.4691464967508,30.611792949644105],[91.42907276914434,30.611792949644105],[91.39734773478922,30.611792949644105],[91.37480626301058,30.611792949644105],[91.34809044460627,30.61095808031897],[91.32387923417737,30.61095808031897],[91.303007501049,30.61095808031897],[91.27796142129496,30.605948864368163],[91.23955743233877,30.597600171116817],[91.22119030718581,30.594260693816278],[91.20699752865852,30.575893568663314],[91.17443762497827,30.568379744737104],[91.13770337467234,30.555856704860084],[91.11098755626803,30.538324449032256],[91.09262043111507,30.52663627848037],[91.07341843663697,30.509938891977676]]}},{"type":"Feature","properties":{"catalog_id":"GAF_211","catalog_name":"HimaTibetMap","exposure_quality":"1","slip_type":"Dextral"},"geometry":{"type":"LineString","coordinates":[[91.04121987483653,31.26666314379642],[91.1162276657666,31.214483810975505],[91.19612726914862,31.160673874003933],[91.30048593479046,31.106863937032365],[91.41788943363751,31.04653158345818],[91.55486018229243,30.98782983403465],[91.62334555661988,30.950325938569616],[91.7489020762202,30.934019897063077],[91.9038094705323,30.88999358499543],[91.96577242825714,30.86716512688628]]}},{"type":"Feature","properties":{"catalog_id":"GAF_212","catalog_name":"HimaTibetMap","exposure_quality":"1","slip_type":"Dextral"},"geometry":{"type":"LineString","coordinates":[[89.84992139071255,31.649783230502987],[90.1497334718546,31.592676167428312],[90.34960819261597,31.571261018775306],[90.55662129626167,31.521292338584967],[90.79932631432905,31.442770126857287],[90.98414872956366,31.341670934726487],[91.1439479363277,31.265032539645766],[91.32168378874896,31.15904326985328]]}},{"type":"Feature","properties":{"catalog_id":"GAF_213","catalog_name":"HimaTibetMap","exposure_quality":"1","slip_type":"Normal"},"geometry":{"type":"LineString","coordinates":[[91.25807301188031,31.693747756845898],[91.2673303744438,31.747234740546077],[91.27555914116691,31.817179257692462],[91.3105313997401,31.90255271244467]]}},{"type":"Feature","properties":{"catalog_id":"GAF_214","catalog_name":"HimaTibetMap","exposure_quality":"1","slip_type":"Normal"},"geometry":{"type":"LineString","coordinates":[[91.11921257342793,31.50962910141644],[91.17784253633005,31.595002556168648],[91.25498722435916,31.689633373484348]]}},{"type":"Feature","properties":{"catalog_id":"GAF_215","catalog_name":"HimaTibetMap","exposure_quality":"1","slip_type":"Normal"},"geometry":{"type":"LineString","coordinates":[[90.89703587190411,31.41088390073919],[90.90320744694644,31.481857013725964],[90.92172217207343,31.512714888937605],[90.93920830136003,31.53740118910692],[90.97829494329477,31.553858722553127],[91.03795350203727,31.575459235201276]]}},{"type":"Feature","properties":{"catalog_id":"GAF_216","catalog_name":"HimaTibetMap","exposure_quality":"1","slip_type":"Sinistral"},"geometry":{"type":"LineString","coordinates":[[92.00262664298374,32.273119074779956],[91.84843406851039,32.2382075484841],[91.68987755325006,32.1902041998273],[91.5836883274335,32.15383802660245],[91.55750468271161,32.12329044109358],[91.55023144806664,32.05928597621784],[91.51968386255777,31.995281511342114],[91.51677456869977,31.94436886882733],[91.50513739326783,31.909457342531475]]}},{"type":"Feature","properties":{"catalog_id":"GAF_217","catalog_name":"HimaTibetMap","exposure_quality":"1","slip_type":"Normal"},"geometry":{"type":"LineString","coordinates":[[91.62587308837432,32.277483015566936],[91.54150356649268,32.23093431383913],[91.47749910161694,32.18729490596931],[91.4396782814631,32.14947408581547],[91.4134946367412,32.10874397180364],[91.42513181217316,32.05346738850187],[91.42513181217316,31.988008276697144],[91.45422475075304,31.928367752608395],[91.45713404461102,31.89345622631254],[91.46004333846902,31.89345622631254],[91.462952632327,31.892001579383546]]}},{"type":"Feature","properties":{"catalog_id":"GAF_218","catalog_name":"HimaTibetMap","exposure_quality":"1","slip_type":"Sinistral"},"geometry":{"type":"LineString","coordinates":[[90.03299543515965,31.76333438708174],[90.19663667199593,31.821400632410747],[90.30924999627037,31.860111462630083],[90.4218633205448,31.875947711356176],[90.53095747843567,31.882986044123328],[90.63301330355937,31.904101042424784],[90.7755395420942,31.92697562391803],[90.8635187016836,31.962167287753786],[90.93390202935511,32.00615686754849],[90.97437244276624,32.02903144904173],[91.13977326279432,32.06774227926107],[91.31749116516491,32.09061686075432]]}},{"type":"Feature","properties":{"catalog_id":"GAF_219","catalog_name":"HimaTibetMap","exposure_quality":"1","slip_type":"Sinistral"},"geometry":{"type":"LineString","coordinates":[[88.00653679289505,33.7331349428528],[87.93458118141446,33.70979798777802],[87.89957574880228,33.69618476398439],[87.85873607742141,33.663124077628446],[87.8159516597843,33.633952883784964],[87.75760927209734,33.58922371989163],[87.68176416810428,33.56588676481684],[87.61953228790485,33.55032879476698],[87.56702413898658,33.51726810841104],[87.50673700504339,33.49393115333625],[87.41533393100048,33.45892572072407],[87.3142071256764,33.42003079559943],[87.23641727542712,33.39474909426841],[87.13140097759059,33.34807518411884],[87.07889282867232,33.30529076648173],[87.03999790354767,33.28389855766318],[86.97582127709201,33.256672110075925],[86.94665008324853,33.22166667746375],[86.90581041186766,33.17888225982664],[86.88441820304911,33.13220834967707]]}},{"type":"Feature","properties":{"catalog_id":"GAF_220","catalog_name":"HimaTibetMap","exposure_quality":"1","slip_type":"Normal"},"geometry":{"type":"LineString","coordinates":[[86.88441820304911,33.245003632538534],[86.84941277043693,33.20416396115766],[86.80468360654359,33.1458215734707],[86.75606495013778,33.106926648346054],[86.71717002501315,33.0797002007588],[86.6899435774259,33.02719205184054],[86.63160118973893,32.95134694784748],[86.57909304082065,32.902728291441676],[86.53241913067109,32.84438590375471],[86.48768996677775,32.78993300858021],[86.43518181785947,32.72186688961209],[86.4001763852473,32.68880620325614],[86.29710483366699,32.63435330808164],[86.14735937193713,32.597403129213234],[86.05595629789421,32.56823193536975]]}},{"type":"Feature","properties":{"catalog_id":"GAF_221","catalog_name":"HimaTibetMap","exposure_quality":"1","slip_type":"Normal"},"geometry":{"type":"LineString","coordinates":[[85.80722325172214,32.47099462255814],[85.77610731162243,32.41070748861494],[85.74888086403517,32.375702056002766],[85.70998593891052,32.34847560841551]]}},{"type":"Feature","properties":{"catalog_id":"GAF_222","catalog_name":"HimaTibetMap","exposure_quality":"1","slip_type":"Normal"},"geometry":{"type":"LineString","coordinates":[[87.11603748216635,32.1540009827923],[87.05963984073561,32.23568032555405],[87.0168554230985,32.288188474472314],[87.00324219930488,32.3115254295471],[87.01880016935475,32.34847560841551],[87.03824763191706,32.3718125634903],[87.09075578083534,32.412652234871175],[87.21521954123419,32.461270891276975]]}},{"type":"Feature","properties":{"catalog_id":"GAF_223","catalog_name":"HimaTibetMap","exposure_quality":"1","slip_type":"Normal"},"geometry":{"type":"LineString","coordinates":[[87.9499362663896,32.869694733400564],[87.84531749928905,32.84789915692128],[87.76903298161156,32.815205792202356],[87.62736173449623,32.612506930945045],[87.62257067843416,32.61130916692952]]}},{"type":"Feature","properties":{"catalog_id":"GAF_224","catalog_name":"HimaTibetMap","exposure_quality":"1","slip_type":"Sinistral"},"geometry":{"type":"LineString","coordinates":[[87.61621570712734,32.59632037859489],[87.52387705245306,32.576641648910204],[87.4777077251159,32.576641648910204],[87.44289151105839,32.572100403598355],[87.42775402668556,32.557719793444164],[87.4103459196568,32.53501356688491],[87.40504780012631,32.518362334074794],[87.38763969309755,32.50019735282739],[87.36644721497558,32.474463629393576],[87.34828223372818,32.46311051611395],[87.32557600716893,32.42753742783779],[87.31119539701474,32.41164306924632]]}},{"type":"Feature","properties":{"catalog_id":"GAF_225","catalog_name":"HimaTibetMap","exposure_quality":"1","slip_type":"Normal"},"geometry":{"type":"LineString","coordinates":[[87.15679305641183,32.37379935831423],[87.1363574525085,32.358661873941394],[87.13105933297801,32.34655188644313],[87.13105933297801,32.32384565988388],[87.14771056578813,32.292056942700924],[87.16209117594232,32.26783696770439],[87.1779855345338,32.24513074114514],[87.19690738999984,32.22393826302317],[87.19766426421849,32.20501640755713],[87.2052330064049,32.19290642005886]]}},{"type":"Feature","properties":{"catalog_id":"GAF_226","catalog_name":"HimaTibetMap","exposure_quality":"1","slip_type":"Normal"},"geometry":{"type":"LineString","coordinates":[[87.22112736499638,32.36623061612781],[87.21355862280996,32.354120628629545],[87.20977425171675,32.32763003097708],[87.20371925796762,32.31173567238561],[87.20750362906082,32.29432756535685],[87.22718235874551,32.27237821301624],[87.22793923296415,32.261025099736614],[87.22037049077774,32.24058949583329],[87.22718235874551,32.21107140130626],[87.22793923296415,32.19896141380799]]}},{"type":"Feature","properties":{"catalog_id":"GAF_227","catalog_name":"HimaTibetMap","exposure_quality":"1","slip_type":"Normal"},"geometry":{"type":"LineString","coordinates":[[87.40580467434495,32.07710466460668],[87.38536907044163,32.11797587241333],[87.36796096341287,32.139925224753945],[87.3376859946672,32.17701206146739],[87.33314474935534,32.19517704271479],[87.33314474935534,32.21409889818083],[87.3361722462299,32.231507005209586],[87.3376859946672,32.25118573489427],[87.3376859946672,32.273135087234884],[87.3376859946672,32.292056942700924],[87.3376859946672,32.31552004347882],[87.34374098841633,32.33898314425671],[87.36190596966372,32.35109313175498],[87.37250220872471,32.36320311925324],[87.38385532200434,32.36925811300238]]}},{"type":"Feature","properties":{"catalog_id":"GAF_228","catalog_name":"HimaTibetMap","exposure_quality":"1","slip_type":"Normal"},"geometry":{"type":"LineString","coordinates":[[87.78445006830883,32.6883466639978],[87.78779162071606,32.691384438913474],[87.8954473251914,32.74545994746866],[87.96737272757302,32.769435081595866],[88.08506884056115,32.821744465146146]]}},{"type":"Feature","properties":{"catalog_id":"GAF_229","catalog_name":"HimaTibetMap","exposure_quality":"1","slip_type":"Sinistral"},"geometry":{"type":"LineString","coordinates":[[87.39437587364345,32.37606998097015],[87.43449020723146,32.40028995596669],[87.45114144004158,32.41921181143273],[87.47006329550763,32.438890541117416],[87.5260719876871,32.4676517614258],[87.55634695643278,32.487330491110484],[87.6274931329851,32.5130642145443],[87.64717186266978,32.520632956730715]]}},{"type":"Feature","properties":{"catalog_id":"GAF_230","catalog_name":"HimaTibetMap","exposure_quality":"1","slip_type":"Normal"},"geometry":{"type":"LineString","coordinates":[[88.05794169251824,33.20177244886959],[88.07095046815114,33.25617278333446],[88.06148954041812,33.303477421999574],[88.08041139588417,33.336590669065146],[88.08041139588417,33.36142560436433],[88.08041139588417,33.38744315563014],[88.09223755555044,33.40991285899606],[88.09578540345032,33.42292163462896]]}},{"type":"Feature","properties":{"catalog_id":"GAF_231","catalog_name":"HimaTibetMap","exposure_quality":"1","slip_type":"Dextral"},"geometry":{"type":"LineString","coordinates":[[85.8292551131511,32.0249986583552],[85.89352953028153,31.98788244564609],[85.95056175956624,31.9525767798984],[86.03203637283015,31.910028926305035],[86.09359496951842,31.876533807518765],[86.19589087283865,31.833080680444688],[86.26831275129544,31.808638296465517],[86.38056666290348,31.766090442872148],[86.43488307174609,31.75884825502647],[86.49463112147293,31.73983751193156],[86.54985280379624,31.730784777124462],[86.59692702479316,31.714489854471683],[86.64490651927079,31.69185801745393],[86.68835964634486,31.671036727397603],[86.7182336712083,31.656552351706242]]}},{"type":"Feature","properties":{"catalog_id":"GAF_232","catalog_name":"HimaTibetMap","exposure_quality":"1","fs_name":"Gyaring Co Fault","reference":"Armijo, et al., 1986, 1989; Taylor, et al., 2003; Taylor and Peltzer, 2006","slip_type":"Dextral"},"geometry":{"type":"LineString","coordinates":[[87.43873306917465,31.550164940156062],[87.57955507156288,31.5052217479045],[87.92934036134119,31.368864770533293],[88.16055436644889,31.28586487126386],[88.27912565111951,31.226579228928554],[88.60519668396371,31.00722235228791],[88.72969653286785,30.906436760317888],[88.87791063870613,30.799722604114333],[88.97276766644262,30.70486557637784],[89.04391043724499,30.63372280557547]]}},{"type":"Feature","properties":{"catalog_id":"GAF_233","catalog_name":"HimaTibetMap","exposure_quality":"1","fs_name":"Gyaring Co Fault","reference":"Armijo, et al., 1986, 1989; Taylor, et al., 2003; Taylor and Peltzer, 2006","slip_type":"Dextral"},"geometry":{"type":"LineString","coordinates":[[87.42556685160397,31.55514601244217],[87.33376814074167,31.586701819301084],[87.24196942987938,31.623995045588888],[87.18602959044767,31.651247787876134],[87.12865539615873,31.6799348850206],[87.04115974986811,31.757390047310658],[87.0153413624381,31.788945854169572],[86.90346168357468,31.836279564457943],[86.84178442471408,31.856360532459068]]}},{"type":"Feature","properties":{"catalog_id":"GAF_234","catalog_name":"HimaTibetMap","exposure_quality":"1","fs_name":"Gyaring Co Fault","reference":"Armijo, et al., 1986, 1989; Taylor, et al., 2003; Taylor and Peltzer, 2006","slip_type":"Dextral"},"geometry":{"type":"LineString","coordinates":[[86.6840053904195,32.03422053475476],[86.77867281099624,31.986886824466392],[86.8374813601424,31.948159243321363],[86.87047152185853,31.913734726748004],[86.87620894128743,31.89939117817577]]}},{"type":"Feature","properties":{"catalog_id":"GAF_235","catalog_name":"HimaTibetMap","exposure_quality":"1","fs_name":"Gyaring Co Fault","reference":"Armijo, et al., 1986, 1989; Taylor, et al., 2003; Taylor and Peltzer, 2006","slip_type":"Dextral"},"geometry":{"type":"LineString","coordinates":[[86.67539926127617,31.968240211322488],[86.61228764755833,31.985452469609168],[86.56208522755551,32.01700827646808],[86.50757974298104,32.04569537361255],[86.41578103211874,32.09876650332981]]}},{"type":"Feature","properties":{"catalog_id":"GAF_236","catalog_name":"HimaTibetMap","exposure_quality":"1","slip_type":"Normal"},"geometry":{"type":"LineString","coordinates":[[87.14872856546104,31.96769256094863],[87.16917175652155,31.913177384787268],[87.1828005505619,31.87910539968642],[87.19529361176554,31.83140462054523],[87.20665094013249,31.81323289515811],[87.23617999388655,31.775753711547175],[87.25662318494706,31.755310520486663]]}},{"type":"Feature","properties":{"catalog_id":"GAF_237","catalog_name":"HimaTibetMap","exposure_quality":"1","slip_type":"Normal"},"geometry":{"type":"LineString","coordinates":[[87.33044581933224,32.02220773710999],[87.29637383423139,31.96087816392846],[87.29750956706809,31.913177384787268],[87.30886689543503,31.881376865359808],[87.31227409394512,31.848440613095654],[87.33158155216894,31.818911559341583]]}},{"type":"Feature","properties":{"catalog_id":"GAF_238","catalog_name":"HimaTibetMap","exposure_quality":"1","slip_type":"Sinistral"},"geometry":{"type":"LineString","coordinates":[[87.72179910659791,31.791678178275937],[87.82967651275698,31.823720972184567],[87.95250722274005,31.866444697396073],[88.03688658003279,31.891010839392692],[88.10738072663177,31.909168422607582]]}},{"type":"Feature","properties":{"catalog_id":"GAF_239","catalog_name":"HimaTibetMap","exposure_quality":"1","slip_type":"Sinistral"},"geometry":{"type":"LineString","coordinates":[[88.35966432400572,31.943347402776787],[88.51240164163686,31.980730662336857],[88.60853002336275,32.009569176854626],[88.67047942491944,32.04268006389354],[88.73883738525785,32.0725866715416]]}},{"type":"Feature","properties":{"catalog_id":"GAF_240","catalog_name":"HimaTibetMap","exposure_quality":"1","slip_type":"Sinistral"},"geometry":{"type":"LineString","coordinates":[[90.20988612455312,32.576382986481526],[90.09232435149632,32.553629094922144],[89.99751646999889,32.51949825758307],[89.88753932746187,32.485367420243996],[89.80031607648424,32.447444267645025],[89.7206774560264,32.43606732186533],[89.64862346608835,32.43227500660544],[89.37936908263566,32.3450517556278],[89.26939194009864,32.29195934198924],[89.18059134489299,32.24755904438641]]}},{"type":"Feature","properties":{"catalog_id":"GAF_241","catalog_name":"HimaTibetMap","exposure_quality":"1","slip_type":"Sinistral"},"geometry":{"type":"LineString","coordinates":[[88.75058640969101,32.139876538749725],[88.88943851662842,32.17512361204921],[89.00479257469948,32.20930259221842],[89.08276337321048,32.22425589604245],[89.16714273050322,32.244549665517916]]}},{"type":"Feature","properties":{"catalog_id":"GAF_242","catalog_name":"HimaTibetMap","exposure_quality":"1","slip_type":"Sinistral"},"geometry":{"type":"LineString","coordinates":[[91.52647799078522,32.93085561778502],[91.42075395447213,32.88259029685949],[91.2437811110785,32.822833232856446],[91.14954881784294,32.7607778202379],[91.06450991906938,32.71710919654336],[90.89673047013775,32.64126369223181],[90.72435432397512,32.59299837130627],[90.63931542520156,32.57231323376676],[90.5565748750435,32.57231323376676],[90.4209723067289,32.576909930997765],[90.32214331626233,32.576909930997765],[90.21182258271824,32.576909930997765]]}},{"type":"Feature","properties":{"catalog_id":"GAF_243","catalog_name":"HimaTibetMap","exposure_quality":"1","slip_type":"Sinistral"},"geometry":{"type":"LineString","coordinates":[[92.5632455690329,32.40045353439701],[92.63339251603051,32.419584519941814],[92.68440847748333,32.425050515811755],[92.7299584430662,32.432338510305016],[92.77824140658403,32.447825498603194],[92.82561337079022,32.47424447864125],[92.85932034532154,32.494286463497716],[92.90669230952771,32.52890443734069],[92.94313228199401,32.5607894132487],[92.99141524551185,32.58538639466345],[93.03696521109472,32.60451738020825],[93.07249418424935,32.61909336919477]]}},{"type":"Feature","properties":{"catalog_id":"GAF_244","catalog_name":"HimaTibetMap","exposure_quality":"1","slip_type":"Sinistral"},"geometry":{"type":"LineString","coordinates":[[92.95315327442225,32.618182369883115],[92.99870324000511,32.65097834510278],[93.05518519732787,32.670109330647584],[93.09162516979416,32.692884313439016],[93.11804414983223,32.72021429278873],[93.13444213744205,32.74572227351514],[93.15357312298686,32.7721412535532],[93.16814911197338,32.79491623634463],[93.21552107617956,32.81404722188944],[93.24376205484093,32.830445209499274]]}},{"type":"Feature","properties":{"catalog_id":"GAF_245","catalog_name":"HimaTibetMap","exposure_quality":"1","slip_type":"Normal"},"geometry":{"type":"LineString","coordinates":[[82.23155546397824,31.315291544224255],[82.25734350860488,31.282817710249972],[82.28981734257916,31.267058349644802],[82.35285478499983,31.247000981601865],[82.38055305515437,31.23362940290657],[82.41923512209432,31.211184252953757],[82.45457429436046,31.183008426417246],[82.48370523366091,31.162951058374304],[82.50519527084978,31.136685457365694],[82.55104068351936,31.086542037258344],[82.57826139729191,31.068872451125277]]}},{"type":"Feature","properties":{"catalog_id":"GAF_246","catalog_name":"HimaTibetMap","exposure_quality":"1","slip_type":"Normal"},"geometry":{"type":"LineString","coordinates":[[82.21681867374896,31.32858063327265],[82.20786795780329,31.345068794225213],[82.20692577717742,31.360143684238988],[82.21069449968087,31.3742763936269],[82.21776085437482,31.38793801270188],[82.22341393812998,31.403012902715652],[82.22859593157222,31.42750959898803],[82.23330683470152,31.447766482444038],[82.24178646033427,31.46048592089316],[82.25215044721874,31.475560810906934],[82.2578035309739,31.509950403750853],[82.25591916972218,31.523140932512902],[82.25591916972218,31.535389280649092],[82.25874571159976,31.546695448159422],[82.26675424691958,31.558472705982684],[82.26910969848423,31.563183609111988]]}},{"type":"Feature","properties":{"catalog_id":"GAF_247","catalog_name":"HimaTibetMap","exposure_quality":"1","slip_type":"Normal"},"geometry":{"type":"LineString","coordinates":[[82.86280073225727,31.960327170736992],[82.8558650253004,31.949719618920618],[82.83383395614332,31.93788811881774],[82.81833061118094,31.92932048081221],[82.81180288698624,31.918712928995834],[82.81180288698624,31.910145290990304],[82.81221086974841,31.898721773649594],[82.81017095593756,31.882402463162865],[82.81017095593756,31.86853104924915],[82.81139490422407,31.855883583621935],[82.8109869214619,31.84813191114074],[82.79997138688337,31.84323611799472],[82.79099576611567,31.830180669605337],[82.77549242115327,31.82079706607547],[82.7714125935316,31.806517669399582],[82.77100461076942,31.795094152058873],[82.76774074867208,31.791014324437192]]}},{"type":"Feature","properties":{"catalog_id":"GAF_248","catalog_name":"HimaTibetMap","exposure_quality":"1","slip_type":"Normal"},"geometry":{"type":"LineString","coordinates":[[82.86565661159244,31.962775067309998],[82.87952802550616,31.974606567412877],[82.89707128427939,31.984806136467082],[82.93746157773404,31.999085533142967],[82.97418002632918,32.016220809154035],[82.99988294034578,32.02356449887306],[83.02069006121636,32.03050020582992],[83.02844173369755,32.041107757646294],[83.02925769922189,32.041923723170626]]}},{"type":"Feature","properties":{"catalog_id":"GAF_249","catalog_name":"HimaTibetMap","exposure_quality":"1","slip_type":"Normal"},"geometry":{"type":"LineString","coordinates":[[83.02567608427448,32.043002328529404],[83.02507859646218,32.057640779930644],[83.02657231599292,32.06899304836426],[83.02866352333596,32.076760389924104],[83.03045598677285,32.08632019492083],[83.03105347458514,32.09587999991756],[83.03135221849129,32.10454357319585],[83.03135221849129,32.114402122098724],[83.03135221849129,32.125754390532336],[83.03135221849129,32.13591168334136],[83.03165096239744,32.14338028099505],[83.03493714536506,32.1642923544254],[83.03284593802202,32.17176095207909],[83.02716980380522,32.17863206192049],[83.02716980380522,32.18639940348033],[83.02716980380522,32.19506297675862],[83.02926101114825,32.2043240378492]]}},{"type":"Feature","properties":{"catalog_id":"GAF_250","catalog_name":"HimaTibetMap","exposure_quality":"1","slip_type":"Normal"},"geometry":{"type":"LineString","coordinates":[[83.01556547020078,32.26839526997083],[83.05757633200282,32.287533551458424],[83.09118502144445,32.30060359735239],[83.11545796381895,32.30807219500608],[83.14906665326058,32.316007580013135],[83.18640964152905,32.32020866619334],[83.20974900919684,32.325343327080255],[83.2260865665643,32.32954441326046]]}},{"type":"Feature","properties":{"catalog_id":"GAF_251","catalog_name":"HimaTibetMap","exposure_quality":"1","slip_type":"Normal"},"geometry":{"type":"LineString","coordinates":[[83.00669651048703,32.225917620815444],[83.00763008519374,32.209580063447994],[83.01509868284744,32.19324250608054],[83.02023334373435,32.185307121073485]]}},{"type":"Feature","properties":{"catalog_id":"GAF_252","catalog_name":"HimaTibetMap","exposure_quality":"1","slip_type":"Normal"},"geometry":{"type":"LineString","coordinates":[[82.45353064117916,34.75637425149133],[82.47249971069846,34.78272018137924],[82.4819842454581,34.80379692528957],[82.49884564058637,34.82276599480886],[82.51254552412807,34.837519715546094],[82.53783761682047,34.850165761892285],[82.57577575585906,34.87335018019365],[82.60212168574697,34.89231924971294],[82.61160622050662,34.89653459849501]]}},{"type":"Feature","properties":{"catalog_id":"GAF_253","catalog_name":"HimaTibetMap","exposure_quality":"1","slip_type":"Normal"},"geometry":{"type":"LineString","coordinates":[[83.44622391779079,34.78668542184042],[83.44282742899172,34.764042163179994],[83.44282742899172,34.750456207983746],[83.4411291845922,34.73743633425401],[83.43150579966152,34.72781294932332],[83.42924147379547,34.71535915706009],[83.42414674059688,34.69045157253363],[83.41791984446526,34.67856386173691],[83.41791984446526,34.657052766009514],[83.4252789035299,34.63780599614816],[83.43320404406104,34.618559226286806],[83.4354683699271,34.58516041976269],[83.43773269579313,34.56761189430086],[83.4411291845922,34.547799042973],[83.43490228846058,34.52572186577908],[83.4360344513936,34.512701992049344],[83.43829877725965,34.49345522218799],[83.44452567339125,34.46401898592944],[83.44735608072381,34.44816870486715],[83.44452567339125,34.43345058673788],[83.44905432512334,34.42099679447465]]}},{"type":"Feature","properties":{"catalog_id":"GAF_254","catalog_name":"HimaTibetMap","exposure_quality":"1","slip_type":"Normal"},"geometry":{"type":"LineString","coordinates":[[83.92317203401852,34.13859503008229],[83.97909308524514,34.17650760718508],[84.00089281707923,34.210628926577584],[84.01890129120306,34.239063359404675],[84.06250075487127,34.27034123551447],[84.13263902251141,34.28740189521073],[84.17813411503477,34.291193152921004],[84.22173357870297,34.291193152921004],[84.26059397023332,34.29403659620372],[84.28997621748798,34.31678414246539],[84.32030627917021,34.33100135887893],[84.33736693886647,34.348062018575185],[84.33831475329403,34.36512267827144],[84.33831475329403,34.38597459567797],[84.3487407119973,34.41725247178777],[84.35063634085243,34.43905220362187],[84.3392625677216,34.45800849217326],[84.3174628358875,34.48170385286251],[84.30134999061882,34.50350358469661],[84.2985065473361,34.51961642996529],[84.29945436176368,34.54615523393724],[84.30419343390152,34.56700715134377],[84.32125409359777,34.59638939859843],[84.34400163985944,34.61155442943955],[84.35442759856271,34.63145853241851],[84.358218856273,34.64757137768719],[84.37148825825896,34.65894515081803]]}},{"type":"Feature","properties":{"catalog_id":"GAF_255","catalog_name":"HimaTibetMap","exposure_quality":"1","slip_type":"Normal"},"geometry":{"type":"LineString","coordinates":[[85.76557518520964,34.173775235905595],[85.7285511841327,34.20524563682099],[85.69893198327115,34.247823238059475],[85.69893198327115,34.27929363897487],[85.69893198327115,34.308912839836424],[85.75076558477886,34.35334164112875],[85.8155575866635,34.39221684225954],[85.83036718709428,34.43849684360571],[85.82481358693275,34.50514004554421],[85.83036718709428,34.56067604715962]]}},{"type":"Feature","properties":{"catalog_id":"GAF_256","catalog_name":"HimaTibetMap","exposure_quality":"1","slip_type":"Sinistral"},"geometry":{"type":"LineString","coordinates":[[85.89701038903277,34.538461646513454],[85.9488439905405,34.5995512482904],[86.02659439280207,34.63287284925965],[86.10249359500979,34.66434325017505],[86.25429199942525,34.690260050928906],[86.33389360174067,34.7217304518443],[86.38387600319453,34.745796052544314],[86.49494800642535,34.77726645345972],[86.56344240841769,34.80688565432126],[86.7133896127793,34.86612405604437],[86.78558641487933,34.912404057390546]]}},{"type":"Feature","properties":{"catalog_id":"GAF_257","catalog_name":"HimaTibetMap","exposure_quality":"1","slip_type":"Sinistral"},"geometry":{"type":"LineString","coordinates":[[86.04695759339438,34.70506965135968],[86.17098799700213,34.745796052544314],[86.23763119894062,34.77911765351356],[86.32463760147142,34.819844054698194],[86.44126320486379,34.8790824564213],[86.56714480852538,34.92166005765978],[86.69302641218698,34.979047259329036],[86.77077681444855,35.01236886029828],[86.87074161735629,35.07345846207523]]}},{"type":"Feature","properties":{"catalog_id":"GAF_258","catalog_name":"HimaTibetMap","exposure_quality":"1","fs_name":"Longmen Shan Thrust Belt","reference":"Burchfiel, et al., 1995; Kirby, et al., 2000","slip_type":"Reverse"},"geometry":{"type":"LineString","coordinates":[[103.53758642679921,29.449785539178944],[103.70147380978011,29.5863583583297],[103.8972281838962,29.71382632287041],[104.03835343035199,29.82308457819102],[104.09298255801228,29.92323797890157],[104.13850683106254,30.055258370747307],[104.13395440375751,30.15085934415284],[104.19768838602786,30.27377488138852],[104.34336605978868,30.469529255504607],[104.46172916971933,30.61065450196039],[104.54367286120979,30.78364673955135],[104.61195927078516,30.94753412253226],[104.64837868922537,31.106869078208145],[104.62561655270025,31.193365197003626],[104.53912043390477,31.26620403388403],[104.47993887893944,31.30717587962926]]}},{"type":"Feature","properties":{"catalog_id":"GAF_259","catalog_name":"HimaTibetMap","exposure_quality":"1","fs_name":"Longmen Shan Thrust Belt","reference":"Meng et al., 2008; Mohadjer (2017)","shortening_rate":"(2.,1.,3.)","slip_type":"Reverse-Dextral","strike_slip_rate":"(2.,1.,3.)"},"geometry":{"type":"LineString","coordinates":[[104.60285441617512,31.728275405344093],[104.73942723532588,31.91492492485013],[104.87600005447663,32.01963075286571],[105.03988743745755,32.08791716244109],[105.19466996582841,32.20628027237175],[105.2857185119289,32.29732881847225],[105.4450534676048,32.411139501097885],[105.60894085058571,32.52039775641849],[105.81835250661686,32.643313293654174],[106.04597387186813,32.75257154897478]]}},{"type":"Feature","properties":{"catalog_id":"GAF_260","catalog_name":"HimaTibetMap","exposure_quality":"1","slip_type":"Reverse"},"geometry":{"type":"LineString","coordinates":[[102.71814951189465,30.068915652662383],[102.87293204026551,30.18727876259304],[103.02316214133134,30.28287973599857],[103.19160195161729,30.373928282099076],[103.33272719807306,30.510501101249833],[103.43288059878363,30.669836056925718],[103.45109030800373,30.70625547536592]]}},{"type":"Feature","properties":{"catalog_id":"GAF_261","catalog_name":"HimaTibetMap","exposure_quality":"1","fs_name":"Longmen Shan Thrust Belt","reference":"Burchfiel, et al., 1995; Kirby, et al., 2000","slip_type":"Reverse"},"geometry":{"type":"LineString","coordinates":[[105.1582505473882,32.75257154897478],[105.36766220341937,32.77988611280493],[105.65901755094099,32.85727737699036],[105.94126804385255,32.96198320500594],[106.25993795520432,33.057584178411474],[106.64234184882645,33.17139486103711],[106.81533408641741,33.207814279477304],[107.09758457932897,33.25333855252756],[107.28878652614003,33.303415252882836],[107.42080691798577,33.35804438054314]]}},{"type":"Feature","properties":{"catalog_id":"GAF_262","catalog_name":"HimaTibetMap","exposure_quality":"1","slip_type":"Sinistral"},"geometry":{"type":"LineString","coordinates":[[106.14431586055828,32.72880051389446],[106.59584072875198,32.783986886673695],[106.90187425052773,32.75388522879411],[107.1627552854841,32.7689360577339],[107.37848383362109,32.80907160157334],[107.63434792559752,32.89435963223216],[107.78987315797536,32.94452906203146],[108.01563559207221,33.00974932077055],[108.14607610955039,33.03985097865013]]}},{"type":"Feature","properties":{"catalog_id":"GAF_263","catalog_name":"HimaTibetMap","exposure_quality":"1","slip_type":"Reverse"},"geometry":{"type":"LineString","coordinates":[[108.07082196485145,32.45286864999831],[108.37183854364726,32.121750413322914],[108.73305843820222,31.941140466045432],[109.17454942043608,31.750496632808087],[109.6611928894893,31.735445803868295],[109.90702309550588,31.80568300558732]]}},{"type":"Feature","properties":{"catalog_id":"GAF_264","catalog_name":"HimaTibetMap","exposure_quality":"1","slip_type":"Reverse"},"geometry":{"type":"LineString","coordinates":[[107.86011035969437,32.703715798994814],[108.02566947803207,32.29232647464054],[108.1962455393497,32.016394610744385],[108.3969232585469,31.830767720486968]]}},{"type":"Feature","properties":{"catalog_id":"GAF_265","catalog_name":"HimaTibetMap","exposure_quality":"1","slip_type":"Reverse"},"geometry":{"type":"LineString","coordinates":[[109.70634537630868,31.404327567192908],[109.2949560519544,31.414361453152768],[108.80831258290118,31.45449699699221],[108.48221128920572,31.52473419871123],[108.1310252806106,31.705344145988715],[107.79489010095529,31.991309895844733],[107.62933098261759,32.23212315888138],[107.50892435109927,32.48798725085781],[107.43367020640032,32.75388522879411]]}},{"type":"Feature","properties":{"catalog_id":"GAF_266","catalog_name":"HimaTibetMap","exposure_quality":"1","slip_type":"Reverse"},"geometry":{"type":"LineString","coordinates":[[107.81495787287501,31.233751505875283],[107.95041533333313,31.22873456289535],[108.1962455393497,31.344124251433744],[108.4470926883462,31.364192023353468],[108.69793983734272,31.364192023353468],[108.9788886442188,31.354158137393604],[109.48559988519175,31.329073422493956]]}},{"type":"Feature","properties":{"catalog_id":"GAF_267","catalog_name":"HimaTibetMap","exposure_quality":"1","slip_type":"Sinistral"},"geometry":{"type":"LineString","coordinates":[[107.57916155281829,33.22547786890755],[107.37346689064115,33.150223724208594],[107.11258585568478,33.064935693549785],[106.88682342158793,32.98968154885083],[106.57577295683227,32.92947823309167],[106.13428197459841,32.7689360577339],[106.06404477287938,32.73381745687439]]}},{"type":"Feature","properties":{"catalog_id":"GAF_268","catalog_name":"HimaTibetMap","exposure_quality":"1","slip_type":"Sinistral"},"geometry":{"type":"LineString","coordinates":[[107.10135504052965,34.3048277305189],[107.45629150529913,34.27620382206975],[107.71963146303133,34.1731577516528],[107.99442098414319,34.12163471644433],[108.20623790666691,34.075836462925686],[108.46385308270928,34.052937336166366],[108.6928443503025,34.02431342771722],[108.83596389254826,34.035762991096874],[109.05923037845164,34.02431342771722],[109.32257033618384,34.0014143009579]]}},{"type":"Feature","properties":{"catalog_id":"GAF_269","catalog_name":"HimaTibetMap","exposure_quality":"1","fs_name":"Shangxi Graben","reference":"Burchfiel, et al., 1991","slip_type":"Normal"},"geometry":{"type":"LineString","coordinates":[[111.69262995577363,36.50314389941377],[111.4808130332499,36.23980394168158],[111.35486783607364,36.09095961774599],[111.24609698396685,35.924940948740904],[111.1029774417211,35.77609662480531],[110.98275702623465,35.678775336078196],[110.84536226567873,35.678775336078196],[110.68506837836347,35.68450011776803],[110.55339839949738,35.638701864249384],[110.46180189246009,35.529931012142605],[110.26143453331602,35.31238930792905]]}},{"type":"Feature","properties":{"catalog_id":"GAF_270","catalog_name":"HimaTibetMap","exposure_quality":"1","fs_name":"Shangxi Graben","reference":"Burchfiel, et al., 1991","slip_type":"Normal"},"geometry":{"type":"LineString","coordinates":[[110.19846193472789,34.67693854035788],[110.41600363894145,34.865856336122285],[110.66216925160415,34.865856336122285],[110.90261008257703,34.9059298079511],[111.1029774417211,35.037599786817196],[111.28044567410583,35.20361845582227],[111.3491430543838,35.346737998068036],[111.42356521635159,35.39253625158668]]}},{"type":"Feature","properties":{"catalog_id":"GAF_271","catalog_name":"HimaTibetMap","exposure_quality":"1","slip_type":"Sinistral"},"geometry":{"type":"LineString","coordinates":[[109.21379948407707,34.74277352979093],[108.96190908972453,34.714149621341775],[108.69856913199233,34.737048748101095],[108.46957786439911,34.737048748101095],[108.25776094187539,34.74849831148076]]}},{"type":"Feature","properties":{"catalog_id":"GAF_272","catalog_name":"HimaTibetMap","exposure_quality":"1","slip_type":"Reverse"},"geometry":{"type":"LineString","coordinates":[[96.12994973012376,26.691856487273387],[96.293229454933,26.77582891717529],[96.44251377475861,26.822480267120792],[96.57780268960056,26.817815132126242],[96.78773376435531,26.799154592148042],[96.92302267919726,26.799154592148042],[96.98833456912097,26.75250324220254]]}},{"type":"Feature","properties":{"catalog_id":"GAF_273","catalog_name":"HimaTibetMap","exposure_quality":"1","slip_type":"Sinistral"},"geometry":{"type":"LineString","coordinates":[[109.42032098353768,33.982093162754715],[109.74233995359064,33.92484534585641],[110.10729478631733,33.78172580361065],[110.51518548171774,33.62429430714032],[110.9588560626796,33.50979867334371],[111.33812284963086,33.438238902220824],[111.81041733904188,33.28796338286278],[112.23261998866687,33.123375909280156],[112.57610689005669,32.97310038992211]]}},{"type":"Feature","properties":{"catalog_id":"GAF_274","catalog_name":"HimaTibetMap","exposure_quality":"1","slip_type":"Reverse"},"geometry":{"type":"LineString","coordinates":[[96.92768781419181,25.39494895878847],[97.09563267399562,25.548898413608622],[97.21692618385391,25.707513003423323],[97.31022888374493,25.92677434816718],[97.34754996370133,26.17869163787288],[97.36621050367953,26.430608927578586],[97.42685725860868,26.71518216224614],[97.46417833856508,26.85513621208264],[97.47350860855417,27.027746206880995]]}},{"type":"Feature","properties":{"catalog_id":"GAF_275","catalog_name":"HimaTibetMap","exposure_quality":"1","slip_type":"Reverse"},"geometry":{"type":"LineString","coordinates":[[95.53747758581589,24.436263717408426],[95.39752353597939,24.21233723767002],[95.21558327119193,24.002406162915268],[95.08495949134453,23.745823738215016],[95.04297327639358,23.573213743416662],[95.03364300640449,23.37261293865101],[94.96833111648078,23.167346998890807],[94.91234949654618,22.92009484417965],[94.78639085169333,22.75214998437585]]}},{"type":"Feature","properties":{"catalog_id":"GAF_276","catalog_name":"HimaTibetMap","exposure_quality":"1","slip_type":"Reverse"},"geometry":{"type":"LineString","coordinates":[[94.32920762222743,21.30129300107078],[94.32920762222743,21.590531370732883],[94.41784518712387,21.805127580482186],[94.46449653706938,21.99173298026419],[94.44117086209663,22.19233378502984],[94.44583599709118,22.341618104855442],[94.43184059210752,22.523558369642895],[94.39918464714567,22.7008334994358],[94.32454248723288,22.9154297091851],[94.27322600229283,23.190672673863556],[94.32920762222743,23.39593861362376],[94.37119383717838,23.50790185349296],[94.44583599709118,23.62453022835671]]}},{"type":"Feature","properties":{"catalog_id":"GAF_277","catalog_name":"HimaTibetMap","exposure_quality":"1","slip_type":"Reverse"},"geometry":{"type":"LineString","coordinates":[[95.06629895136633,18.075352152339402],[94.97766138646989,18.462558356887058],[94.93101003652438,18.835769156451065],[94.84237247162794,19.064360771184017],[94.72574409676417,19.21831022600417],[94.66509734183504,19.36292941083522],[94.60911572190042,19.624176970530026],[94.47849194205303,19.969396960126733],[94.38518924216203,20.169997764892386],[94.28722140727648,20.323947219712537],[94.21257924736368,20.49655721451089],[94.10994627748357,20.748474504216595],[94.03996925256531,20.916419364020395]]}},{"type":"Feature","properties":{"catalog_id":"GAF_278","catalog_name":"HimaTibetMap","exposure_quality":"1","slip_type":"Reverse"},"geometry":{"type":"LineString","coordinates":[[95.06163381637178,18.06835444984758],[95.04297327639358,17.928400400011075],[94.99165679145354,17.755790405212725],[94.90301922655708,17.452556630566967],[94.72574409676417,17.084010965997514]]}},{"type":"Feature","properties":{"catalog_id":"GAF_279","catalog_name":"HimaTibetMap","exposure_quality":"1","fs_name":"Dauki Thrust","reference":"Das, et al., 1995","slip_type":"Reverse"},"geometry":{"type":"LineString","coordinates":[[89.75472168217885,25.344236799017356],[90.21063164102578,25.241657058276797],[90.46708099287717,25.190367187906517],[90.90019545378176,25.184668313420932],[91.1794403035755,25.213162685848864],[91.61255476448008,25.21886156033445],[92.06276584884142,25.178969438935344],[92.33631182414959,25.17327056444976],[92.53007355665953,25.156173940993]]}},{"type":"Feature","properties":{"catalog_id":"GAF_280","catalog_name":"HimaTibetMap","exposure_quality":"1","fs_name":"Naga Hills Thrust Belt","reference":"Das, et al., 1995","slip_type":"Reverse"},"geometry":{"type":"LineString","coordinates":[[92.25082870686579,25.116281819593894],[92.42179494143338,25.059293074738026],[92.7124375401983,25.00230432988216],[92.96318801756411,25.00230432988216],[93.2253362439011,25.076389698194784],[93.42479685089664,25.15047506650741]]}},{"type":"Feature","properties":{"catalog_id":"GAF_281","catalog_name":"HimaTibetMap","exposure_quality":"1","fs_name":"Naga Hills Thrust Belt","reference":"Das, et al., 1995","slip_type":"Reverse"},"geometry":{"type":"LineString","coordinates":[[94.02317867188323,25.914124247576016],[93.76103044554624,25.794447883378698],[93.38490472949753,25.59498727638317],[93.11135875418937,25.429719916301156],[92.91759702167941,25.298645803132665]]}},{"type":"Feature","properties":{"catalog_id":"GAF_282","catalog_name":"HimaTibetMap","exposure_quality":"1","slip_type":"Reverse"},"geometry":{"type":"LineString","coordinates":[[94.31781048278803,23.711509258896797],[94.4602823449277,23.87107774449322],[94.52866883875474,24.002151857661712],[94.52866883875474,24.19021471568607],[94.62554970500972,24.372578699224842],[94.64264632846647,24.526448310335677],[94.69963507332234,24.7714999132159],[94.80221481406289,24.965261645725846],[95.00737429554401,25.204614374120485],[95.11565291077017,25.432569353543947],[95.4005966350495,25.73460970128004],[95.57726174410267,25.956865806217916],[95.63994936344413,26.11643429181434]]}},{"type":"Feature","properties":{"catalog_id":"GAF_283","catalog_name":"HimaTibetMap","exposure_quality":"1","slip_type":"Reverse"},"geometry":{"type":"LineString","coordinates":[[96.19843906303161,25.039347014038473],[96.34660979965687,25.32998961280339],[96.40359854451273,25.512353596342162],[96.55176928113798,25.751706324736798],[96.57456477908033,25.91127481033322],[96.5061782852533,26.06514442144406],[96.44349066591184,26.190519660126967],[96.44349066591184,26.33299152226663],[96.38080304657039,26.46976450992071],[96.23833118443072,26.560946501690097],[96.1642458161181,26.623634121031547]]}},{"type":"Feature","properties":{"catalog_id":"GAF_284","catalog_name":"HimaTibetMap","exposure_quality":"1","slip_type":"Reverse"},"geometry":{"type":"LineString","coordinates":[[96.53559332050469,37.87868043125003],[96.38425248163148,38.01740953355047],[96.25813511590381,38.08677408470069],[96.07526493559868,38.149832767564526],[95.94284170158463,38.20027971385559],[95.83564194071612,38.24442079186028],[95.69691283841567,38.28225600157858],[95.54557199954246,38.28225600157858],[95.38792529238287,38.28225600157858],[95.24289032179605,38.263338396719426],[95.12307882435476,38.326397079583266],[95.00326732691349,38.39576163073348],[94.89606756604496,38.39576163073348],[94.73211499059899,38.38314989416072],[94.58077415172578,38.376844025874334]]}},{"type":"Feature","properties":{"catalog_id":"GAF_285","catalog_name":"HimaTibetMap","exposure_quality":"1","fs_name":"North Qaidam Thrust Belt","reference":"Yin, et al., 2008","slip_type":"Reverse"},"geometry":{"type":"LineString","coordinates":[[95.3816194240965,37.40574030977127],[95.6086306824063,37.29854054890274],[95.71583044327483,37.191340788034225],[95.94914756987102,37.05891755402017],[96.1446294867489,37.05891755402017],[96.33380553534042,37.05891755402017],[96.51667571564553,37.00216473944272],[96.7184635008098,36.939106056578886],[97.00853344198345,36.79407108599206]]}},{"type":"Feature","properties":{"catalog_id":"GAF_286","catalog_name":"HimaTibetMap","exposure_quality":"1","fs_name":"North Qaidam Thrust Belt","reference":"Yin, et al., 2008","slip_type":"Reverse"},"geometry":{"type":"LineString","coordinates":[[96.68693415937788,36.78145934941929],[96.94547475911962,36.68687132512354],[97.11573320285197,36.705788929982695],[97.2986033831571,36.705788929982695],[97.45625009031669,36.66164785197801],[97.64542613890819,36.66164785197801],[97.77784937292225,36.71209479826908],[97.872437397218,36.71209479826908]]}},{"type":"Feature","properties":{"catalog_id":"GAF_287","catalog_name":"HimaTibetMap","exposure_quality":"1","fs_name":"North Qaidam Thrust Belt","reference":"Yin, et al., 2008","slip_type":"Reverse"},"geometry":{"type":"LineString","coordinates":[[94.61860936144409,38.28225600157858],[94.89606756604496,38.175056240710056],[95.110467087782,38.07416234812792],[95.26180792665521,37.98588019211855],[95.37531355581011,37.90390390439557],[95.43837223867395,37.7777865386679],[95.58340720926077,37.64536330465384],[95.82303020414334,37.55077528035809],[96.05004146245315,37.52555180721255]]}},{"type":"Feature","properties":{"catalog_id":"GAF_288","catalog_name":"HimaTibetMap","exposure_quality":"1","fs_name":"North Qaidam Thrust Belt","reference":"Yin, et al., 2008","slip_type":"Reverse"},"geometry":{"type":"LineString","coordinates":[[95.98067691130294,37.44988138777595],[96.17615882818082,37.424657914630416],[96.32119379876764,37.367905100052965],[96.5292874522183,37.23548186603891],[96.66801655451874,37.222870129466145]]}},{"type":"Feature","properties":{"catalog_id":"GAF_289","catalog_name":"HimaTibetMap","exposure_quality":"1","fs_name":"North Qaidam Thrust Belt","reference":"Yin, et al., 2008","slip_type":"Reverse"},"geometry":{"type":"LineString","coordinates":[[96.93286302254685,37.071529290592935],[97.22923883200687,36.94541192486527],[97.47516769517583,36.939106056578886],[97.62020266576266,36.91388258343335],[97.79676697778139,36.8949649785742],[97.94180194836822,36.838212163996744],[98.08683691895504,36.82560042742398],[98.34537751869676,36.80037695427845]]}},{"type":"Feature","properties":{"catalog_id":"GAF_290","catalog_name":"HimaTibetMap","exposure_quality":"1","fs_name":"North Qaidam Thrust Belt","reference":"Yin, et al., 2008","slip_type":"Reverse"},"geometry":{"type":"LineString","coordinates":[[98.29493057240569,37.36159923176658],[98.07422518238226,37.399434441484885],[97.91657847522268,37.43726965120318],[97.77154350463586,37.43726965120318],[97.55083811461243,37.393128573198496],[97.34274446116177,37.43726965120318],[97.17879188571581,37.43726965120318],[97.01483931026983,37.487716597494256],[96.79413392024641,37.50032833406702],[96.57342853022298,37.481410729207866]]}},{"type":"Feature","properties":{"catalog_id":"GAF_291","catalog_name":"HimaTibetMap","exposure_quality":"1","fs_name":"North Qaidam Thrust Belt","reference":"Yin, et al., 2008","slip_type":"Reverse"},"geometry":{"type":"LineString","coordinates":[[97.42472074888477,37.29854054890274],[97.6012850609035,37.22917599775253],[97.8346021874997,37.15350557831592],[97.96071955322736,37.071529290592935],[98.13097799695973,37.02738821258826],[98.29493057240569,37.02738821258826],[98.54085943557466,36.958023661438034],[98.71742374759339,36.80668282256483]]}},{"type":"Feature","properties":{"catalog_id":"GAF_292","catalog_name":"HimaTibetMap","exposure_quality":"1","slip_type":"Reverse"},"geometry":{"type":"LineString","coordinates":[[95.23658445350968,38.58493767932499],[95.45098397524671,38.50926725988839],[95.6843011018429,38.47773791845647],[95.86086541386165,38.39576163073348],[96.10048840874421,38.37053815758795],[96.57342853022298,38.345314684442414],[96.78152218367364,38.33270294786965]]}},{"type":"Feature","properties":{"catalog_id":"GAF_293","catalog_name":"HimaTibetMap","exposure_quality":"1","slip_type":"Reverse"},"geometry":{"type":"LineString","coordinates":[[91.44442621554659,38.71736091333904],[91.75341376157938,38.65430223047521],[91.99303675646195,38.65430223047521],[92.16960106848069,38.64799636218883],[92.3966123267905,38.59754941589776]]}},{"type":"Feature","properties":{"catalog_id":"GAF_294","catalog_name":"HimaTibetMap","exposure_quality":"1","slip_type":"Anticline"},"geometry":{"type":"LineString","coordinates":[[92.7055998728233,38.47773791845647],[92.8569407116965,38.3894557624471],[92.95783460427863,38.2759501332922],[93.17853999430206,38.181362108996446],[93.32988083317527,38.09938582127346],[93.39924538432548,38.04893887498239],[93.61995077434891,37.86606869467727]]}},{"type":"Feature","properties":{"catalog_id":"GAF_295","catalog_name":"HimaTibetMap","exposure_quality":"1","slip_type":"Anticline"},"geometry":{"type":"LineString","coordinates":[[93.14070478458376,38.58493767932499],[93.36771604289356,38.49665552331562],[93.5442803549123,38.320091211296884],[93.72084466693104,38.20027971385559],[93.88479724237702,38.07416234812792],[93.97307939838639,37.98588019211855]]}},{"type":"Feature","properties":{"catalog_id":"GAF_296","catalog_name":"HimaTibetMap","exposure_quality":"1","slip_type":"Anticline"},"geometry":{"type":"LineString","coordinates":[[91.84541188781738,37.752721840662694],[92.14711789540291,37.67043838404845],[92.46449694234356,37.60382796678931],[92.68391949331486,37.54505406920771]]}},{"type":"Feature","properties":{"catalog_id":"GAF_297","catalog_name":"HimaTibetMap","exposure_quality":"1","slip_type":"Reverse"},"geometry":{"type":"LineString","coordinates":[[88.12896180538509,36.85146107691748],[88.33666651475008,36.80602567174389],[88.61901510404311,36.78655335524092],[88.88513676291701,36.75085410831881],[89.08310531403052,36.69243715880991],[89.28431925122787,36.588584804127414],[89.41738008066481,36.55613094328913]]}},{"type":"Feature","properties":{"catalog_id":"GAF_298","catalog_name":"HimaTibetMap","exposure_quality":"1","slip_type":"Reverse"},"geometry":{"type":"LineString","coordinates":[[89.40115315024568,36.588584804127414],[89.52772320751497,36.49122322161257],[89.70297405604168,36.416579341684525],[89.94962339841261,36.35816239217562]]}},{"type":"Feature","properties":{"catalog_id":"GAF_299","catalog_name":"HimaTibetMap","exposure_quality":"1","slip_type":"Reverse"},"geometry":{"type":"LineString","coordinates":[[89.6478024926166,36.37114393651093],[89.81980795505949,36.25755542357695],[90.01128573400534,36.23483772099016],[90.16706426602909,36.2283469488225],[90.33906972847197,36.21212001840336]]}},{"type":"Feature","properties":{"catalog_id":"GAF_300","catalog_name":"HimaTibetMap","exposure_quality":"1","slip_type":"Reverse"},"geometry":{"type":"LineString","coordinates":[[89.75953800412799,36.87321009302109],[89.96152197404025,36.777027250205734],[90.10900233302381,36.725729734037536],[90.31739849245709,36.68405050215088],[90.42961180907501,36.661607838827294]]}},{"type":"Feature","properties":{"catalog_id":"GAF_301","catalog_name":"HimaTibetMap","exposure_quality":"1","slip_type":"Reverse"},"geometry":{"type":"LineString","coordinates":[[89.16961656819376,36.9020649458657],[89.37480663286652,36.777027250205734],[89.59923326610237,36.67763831262986],[89.77877457269106,36.59748594361705],[89.96472806880075,36.5301579536463],[90.16350594395252,36.48847872175964],[90.30778020817556,36.4243568265494],[90.49052760952475,36.40832635274684],[90.69571767419752,36.35061664705762]]}},{"type":"Feature","properties":{"catalog_id":"GAF_302","catalog_name":"HimaTibetMap","exposure_quality":"1","slip_type":"Sinistral"},"geometry":{"type":"LineString","coordinates":[[84.37447717053122,36.58530620918357],[84.5226649657159,36.638230421749526],[84.60431946510337,36.64125466246758],[84.69504668664501,36.654863745698826],[84.81299207464915,36.69569099539256],[84.91127989798593,36.72895764329117],[85.08819797999213,36.78188185585712],[85.23638577517681,36.82573334626892],[85.36189176497608,36.862024234885574],[85.54939468949547,36.913436327092505]]}},{"type":"Feature","properties":{"catalog_id":"GAF_303","catalog_name":"HimaTibetMap","exposure_quality":"1","slip_type":"Sinistral"},"geometry":{"type":"LineString","coordinates":[[86.52692734112524,37.6224996877132],[86.733662546461,37.629883087903764],[87.01054005360713,37.604041187236795],[87.20250845856177,37.57450758647454],[87.36863496284944,37.563432486188695],[87.61228716913803,37.5818909866651],[87.81533067437852,37.637266488094326],[87.92238997714169,37.64834158838017]]}},{"type":"Feature","properties":{"catalog_id":"GAF_304","catalog_name":"HimaTibetMap","exposure_quality":"1","slip_type":"Dextral"},"geometry":{"type":"LineString","coordinates":[[97.60393760797291,27.69216677130729],[97.71809287826477,27.509518338840312],[97.98064999993605,27.34970096043171],[98.29457699323866,27.132805946877177],[98.36307015541378,26.887372115749677],[98.32311581081163,26.57915288596166],[98.2603304121511,26.459289852155205],[98.24891488512192,26.270933656173636],[98.14046737834465,25.945591135841834],[98.00918881750901,25.745819412831082],[97.79800156746907,25.51750887224736]]}},{"type":"Feature","properties":{"catalog_id":"GAF_305","catalog_name":"HimaTibetMap","exposure_quality":"1","slip_type":"Dextral"},"geometry":{"type":"LineString","coordinates":[[97.90644907424634,25.51465499049008],[97.90074131073175,25.29775997693555],[97.92928012830471,25.10940378095398],[97.92928012830471,24.898216530914038],[97.92928012830471,24.721275861961654]]}},{"type":"Feature","properties":{"catalog_id":"GAF_306","catalog_name":"HimaTibetMap","exposure_quality":"1","slip_type":"Sinistral"},"geometry":{"type":"LineString","coordinates":[[96.65644886455048,23.225841821138292],[96.89617493216339,23.37424367251771],[97.02745349299903,23.419905780634455],[97.1244854727471,23.511229996867943],[97.22722521600977,23.57972315904306],[97.39275035793297,23.63680079418899],[97.57539879039994,23.73383277393707],[97.6952618242064,23.870819098287303],[97.84937143910041,23.962143314520787],[97.91215683776093,23.990682132093752]]}},{"type":"Feature","properties":{"catalog_id":"GAF_307","catalog_name":"HimaTibetMap","exposure_quality":"1","slip_type":"Dextral"},"geometry":{"type":"LineString","coordinates":[[99.25847555676555,25.458801824881903],[99.33869277372739,25.28633480841393],[99.40687740814496,25.210128452300175],[99.65956164157478,25.06974832261694],[99.94834362263742,24.893270445300878],[100.21707129945962,24.788988063250475],[100.45772295034516,24.67668395950389]]}},{"type":"Feature","properties":{"catalog_id":"GAF_308","catalog_name":"HimaTibetMap","exposure_quality":"1","slip_type":"Sinistral"},"geometry":{"type":"LineString","coordinates":[[97.95925787919275,24.062539138611715],[98.06665756759075,24.095226000298066],[98.21141366934458,24.1092346553065],[98.39819573612372,24.132582413653893],[98.58964735457234,24.141921516992852],[98.73673823216092,24.153595396166548],[98.8674856789063,24.18394748201816],[99.04726341818123,24.260995084564552],[99.17334131325715,24.340377462945685],[99.25739324330776,24.438438048004734],[99.3484495008626,24.534163857229043],[99.3367756216889,24.655572200635483],[99.36479293170576,24.75129800985979],[99.39747979339212,24.863367249927276],[99.4325014309132,24.928740973299973],[99.4558491892606,25.031471110028498]]}},{"type":"Feature","properties":{"catalog_id":"GAF_309","catalog_name":"HimaTibetMap","exposure_quality":"1","slip_type":"Sinistral"},"geometry":{"type":"LineString","coordinates":[[96.64495419242218,23.16452598317514],[96.84632860816843,23.15868904358829],[96.98349668845937,23.155770573794868],[97.21405580213987,23.17036292276199],[97.34246847305053,23.18787374152253],[97.52633207003625,23.205384560283076],[97.67517402950087,23.228732318630467],[97.8356898681392,23.275427835325253],[97.97869488801697,23.33087876140031],[98.18590624335008,23.351308049954277],[98.38436218930292,23.392166627062213],[98.55947037690835,23.403840506235912],[98.7579263228612,23.48263919065836],[98.98264849695484,23.55268246570054],[99.2073706710485,23.678176666817773],[99.39415273782764,23.797833928348158],[99.56634245563966,23.917491189878543]]}},{"type":"Feature","properties":{"catalog_id":"GAF_310","catalog_name":"HimaTibetMap","exposure_quality":"1","slip_type":"Sinistral"},"geometry":{"type":"LineString","coordinates":[[99.2336368991893,23.184955271729105],[99.31535405340519,23.36006345933455],[99.44376672431585,23.526416237559722],[99.55758704625939,23.672339727230924],[99.67140736820292,23.797833928348158],[99.73269523386483,23.908735780498272],[99.84067861622151,24.031311511822082],[99.96617281733874,24.17431653169986],[100.04788997155462,24.276462974469702]]}},{"type":"Feature","properties":{"catalog_id":"GAF_311","catalog_name":"HimaTibetMap","exposure_quality":"1","slip_type":"Sinistral"},"geometry":{"type":"LineString","coordinates":[[99.58093480460677,23.926246599258818],[99.68599971717003,24.00796375347469],[99.79690156932016,24.08676243789714],[99.88445566312288,24.212256639014374],[100.00119445485984,24.34066930992503]]}},{"type":"Feature","properties":{"catalog_id":"GAF_312","catalog_name":"HimaTibetMap","exposure_quality":"1","fs_name":"Bailong Jiang Fault","reference":"Kirby et al., 2007","slip_type":"Sinistral","strike_slip_rate":"None"},"geometry":{"type":"LineString","coordinates":[[102.7656186432835,34.15263671963767],[102.99523839231217,34.1317621969987],[103.23738285492422,34.05661391549841],[103.42107865414715,34.00234015663709],[103.667398021287,33.943891493247975],[103.86361853409332,33.847868689108715],[104.04731433331625,33.74349607591386],[104.2226603234836,33.685047412524746],[104.46897969062344,33.555625372163135],[104.74452338945784,33.459602568023875],[104.88647014340285,33.447077854440494]]}},{"type":"Feature","properties":{"catalog_id":"GAF_313","catalog_name":"HimaTibetMap","exposure_quality":"1","fs_name":"Bailong Jiang Fault","reference":"Kirby et al., 2007","slip_type":"Sinistral","strike_slip_rate":"None"},"geometry":{"type":"LineString","coordinates":[[104.92404428415298,33.47630218613505],[105.07016594262578,33.45542766349608],[105.24551193279312,33.43037823632932],[105.55445486784987,33.41367861821814],[105.8884472300734,33.39697900010697],[106.22661449682471,33.35522995482902],[106.3643863462419,33.31348090955108],[106.53138252735366,33.234157723523],[106.65245475865969,33.209108296356234]]}},{"type":"Feature","properties":{"catalog_id":"GAF_314","catalog_name":"HimaTibetMap","exposure_quality":"1","slip_type":"Sinistral"},"geometry":{"type":"LineString","coordinates":[[105.41417807571595,33.63494855819122],[105.63962292021684,33.705921935163715],[105.81079400585638,33.73097136233048],[106.00283961413491,33.73514626685827],[106.2825582174971,33.726796457802685],[106.43285478049769,33.705921935163715],[106.60820077066504,33.705921935163715]]}},{"type":"Feature","properties":{"catalog_id":"GAF_315","catalog_name":"HimaTibetMap","exposure_quality":"1","slip_type":"Sinistral"},"geometry":{"type":"LineString","coordinates":[[106.64160000688739,33.73097136233048],[106.75849733366562,33.72262155327489],[106.89626918308282,33.67669760346916]]}},{"type":"Feature","properties":{"catalog_id":"GAF_316","catalog_name":"HimaTibetMap","exposure_quality":"1","slip_type":"Sinistral"},"geometry":{"type":"LineString","coordinates":[[106.89626918308282,33.7184466487471],[107.13006383663928,33.72262155327489],[107.37220829925133,33.68087250799695]]}},{"type":"Feature","properties":{"catalog_id":"GAF_317","catalog_name":"HimaTibetMap","exposure_quality":"1","slip_type":"Sinistral"},"geometry":{"type":"LineString","coordinates":[[108.68730322550643,33.7852451211918],[108.93779749717406,33.81029454835856],[109.20499138695288,33.81864435741416],[109.4680103722039,33.77272040760842]]}},{"type":"Feature","properties":{"catalog_id":"GAF_318","catalog_name":"HimaTibetMap","exposure_quality":"1","slip_type":"Sinistral"},"geometry":{"type":"LineString","coordinates":[[105.30794560986826,33.7549887948773],[105.53338104077685,33.817815062507556],[105.69229454125339,33.858467353327136],[105.91403430936019,33.8843369929396],[106.20599167070081,33.91390229535384]]}},{"type":"Feature","properties":{"catalog_id":"GAF_319","catalog_name":"HimaTibetMap","exposure_quality":"1","slip_type":"Sinistral"},"geometry":{"type":"LineString","coordinates":[[106.46099240402364,33.90651096975028],[106.73816711415715,33.95455458617342],[107.00055917308353,33.96933723738054],[107.16316833636186,33.99151121419122],[107.22599460399212,33.98781555138944]]}},{"type":"Feature","properties":{"catalog_id":"GAF_320","catalog_name":"HimaTibetMap","exposure_quality":"1","slip_type":"Sinistral"},"geometry":{"type":"LineString","coordinates":[[107.25555990640636,34.054337481821484],[107.34056015084731,34.069120133028605],[107.55490859335055,34.07281579583038],[107.66947414020574,34.069120133028605]]}},{"type":"Feature","properties":{"catalog_id":"GAF_321","catalog_name":"HimaTibetMap","exposure_quality":"1","slip_type":"Sinistral"},"geometry":{"type":"LineString","coordinates":[[97.72421665770884,40.02520376064069],[98.02993682152446,39.99176561772335],[98.30221884242275,39.96310435236564],[98.86589039445781,39.92011245432907],[99.32447064018125,39.88667431141173],[99.64929831423535,39.85801304605402],[99.93113409025288,39.848459290934784],[100.22252362138966,39.824574903136686],[100.39926809109555,39.80546739289821],[100.6333350915169,39.80546739289821]]}},{"type":"Feature","properties":{"catalog_id":"GAF_322","catalog_name":"HimaTibetMap","exposure_quality":"1","slip_type":"Sinistral"},"geometry":{"type":"LineString","coordinates":[[99.55853764060258,39.767252372421254],[99.9359109678125,39.68604545390773],[100.17475484579346,39.58095414759611],[100.50435939740717,39.490193473963345],[100.87217896949785,39.466309086165246],[101.24477541914814,39.47586284128449],[101.67469439951387,39.494970351522966],[102.07595211452188,39.547516004678776],[102.2813578495855,39.58095414759611]]}},{"type":"Feature","properties":{"catalog_id":"GAF_323","catalog_name":"HimaTibetMap","exposure_quality":"1","slip_type":"Sinistral"},"geometry":{"type":"LineString","coordinates":[[102.90712880989561,39.719483596825064],[103.1794108307939,39.78635988265973]]}},{"type":"Feature","properties":{"catalog_id":"GAF_324","catalog_name":"HimaTibetMap","exposure_quality":"1","slip_type":"Reverse"},"geometry":{"type":"LineString","coordinates":[[94.49105458040466,24.660156354112782],[94.39584056345285,24.43005581314589],[94.23715053519982,24.2158242750043],[94.10226401118474,23.86670621284764],[94.08639500835945,23.628671170468095],[94.05465700270884,23.52552265210363]]}},{"type":"Feature","properties":{"catalog_id":"GAF_325","catalog_name":"HimaTibetMap","exposure_quality":"1","slip_type":"Reverse"},"geometry":{"type":"LineString","coordinates":[[94.03085349847088,20.986482200055164],[94.07052600553413,21.327665760799174],[94.06259150412149,21.533962797528115],[93.90390147586847,21.724390831431748],[93.88803247304315,21.883080859684778],[93.90390147586847,22.05763989076311],[93.94357398293171,22.295674933142653],[93.95944298575702,22.565447981172802],[93.96737748716967,22.73207251083848],[93.90390147586847,23.033583564519237]]}},{"type":"Feature","properties":{"catalog_id":"GAF_326","catalog_name":"HimaTibetMap","exposure_quality":"1","slip_type":"Sinistral"},"geometry":{"type":"LineString","coordinates":[[112.5337169668481,38.560535527039086],[112.96730695173639,38.71662792159887],[113.32574133924403,38.88428271575567],[113.75355012433378,39.08084350890502]]}},{"type":"Feature","properties":{"catalog_id":"GAF_327","catalog_name":"HimaTibetMap","exposure_quality":"1","slip_type":"Sinistral"},"geometry":{"type":"LineString","coordinates":[[112.60309136443023,38.22522593872549],[112.88058895475874,38.39288073288229],[113.18699254407977,38.496942329255475],[113.41245933622169,38.60678512542717]]}},{"type":"Feature","properties":{"catalog_id":"GAF_328","catalog_name":"HimaTibetMap","exposure_quality":"1","slip_type":"Sinistral"},"geometry":{"type":"LineString","coordinates":[[112.7534025591915,37.95929074799401],[113.17543014448276,38.13272674194933],[113.55120813138593,38.25413193771804],[113.92698611828911,38.40444313247931]]}},{"type":"Feature","properties":{"catalog_id":"GAF_329","catalog_name":"HimaTibetMap","exposure_quality":"1","slip_type":"Sinistral"},"geometry":{"type":"LineString","coordinates":[[111.82262939163134,36.98226798204576],[112.18684497893749,37.15570397600108],[112.34871857329578,37.2828903715683],[112.53949816664662,37.36382716874745],[112.84590175596767,37.467888765120634]]}},{"type":"Feature","properties":{"catalog_id":"GAF_330","catalog_name":"HimaTibetMap","exposure_quality":"1","slip_type":"Sinistral"},"geometry":{"type":"LineString","coordinates":[[108.71350013999249,40.719813651782694],[108.990997730321,40.69090765279014],[109.36677571722417,40.6677828535961],[109.67317930654521,40.70825125218567],[110.12989409062753,40.81231284855886],[110.3900480815605,40.8354376477529],[110.67332687168751,40.86434364674545],[111.02019885959812,40.86434364674545],[111.36707084750874,40.800750448961836],[111.50581964267299,40.7776256497678]]}},{"type":"Feature","properties":{"catalog_id":"GAF_331","catalog_name":"HimaTibetMap","exposure_quality":"1","slip_type":"Sinistral"},"geometry":{"type":"LineString","coordinates":[[110.00848889485881,40.609970855610996],[110.5056720775307,40.60418965581248],[110.76004486866516,40.62731445500653],[111.02019885959812,40.70825125218567],[111.25144685153853,40.737157251178225],[111.41332044589683,40.766063250170774]]}},{"type":"Feature","properties":{"catalog_id":"GAF_332","catalog_name":"HimaTibetMap","exposure_quality":"1","slip_type":"Sinistral"},"geometry":{"type":"LineString","coordinates":[[111.54050684146405,40.80653164876035],[111.69081803622532,40.899030845536515],[111.95097202715829,40.97996764271566],[112.13597042071062,41.03199844090225],[112.37299961244955,41.20543443485756],[112.56377920580039,41.297933631633725],[112.87018279512144,41.396214028208405],[113.31533517960673,41.48871322498457]]}},{"type":"Feature","properties":{"catalog_id":"GAF_333","catalog_name":"HimaTibetMap","exposure_quality":"1","slip_type":"Sinistral"},"geometry":{"type":"LineString","coordinates":[[113.44020909525453,40.32091086568548],[113.66567588739643,40.40762886266313],[113.83911188135174,40.459659660849724],[113.9316110781279,40.49434685964079]]}},{"type":"Feature","properties":{"catalog_id":"GAF_334","catalog_name":"HimaTibetMap","exposure_quality":"1","slip_type":"Sinistral"},"geometry":{"type":"LineString","coordinates":[[112.01225274502247,38.71951852149811],[112.23771953716438,38.92764171424449],[112.44584272991075,39.09529650840128],[112.7580275190303,39.245607703162555],[113.09911830714242,39.39591889792382],[113.32458509928432,39.453730895908926],[113.52692709223219,39.598260890871686],[113.72348788538153,39.725447286438914],[113.83911188135174,39.78325928442402],[113.97207947671748,39.81794648321508]]}},{"type":"Feature","properties":{"catalog_id":"GAF_335","catalog_name":"HimaTibetMap","exposure_quality":"1","slip_type":"Sinistral"},"geometry":{"type":"LineString","coordinates":[[112.78115231822434,39.517324093692544],[113.0875559075454,39.67919768805083],[113.46333389444857,39.86419608160316],[113.75817508417259,39.96825767797635]]}},{"type":"Feature","properties":{"catalog_id":"GAF_336","catalog_name":"HimaTibetMap","exposure_quality":"1","slip_type":"Reverse"},"geometry":{"type":"LineString","coordinates":[[98.67207903081874,35.074376860656734],[98.12801494755419,35.2287734248264],[97.7383474284593,35.33905668494759],[97.36338434404725,35.46404437975161],[97.2236922145604,35.48610103177585]]}},{"type":"Feature","properties":{"catalog_id":"GAF_337","catalog_name":"HimaTibetMap","exposure_quality":"1","fs_name":"Muji Fault","reference":"Zubovich et al., 2010; Mohadjer (2017)","slip_type":"Dextral"},"geometry":{"type":"LineString","coordinates":[[73.36833673532713,39.31550529390961],[73.75929487115202,39.32667552636175],[73.96594417151661,39.29316482900533],[74.21168928546369,39.2428987829707],[74.36248742356757,39.22614343429249],[74.53004091034968,39.19821785316214],[74.61381765374072,39.16470715580572]]}},{"type":"Feature","properties":{"catalog_id":"GAF_338","catalog_name":"HimaTibetMap","exposure_quality":"1","fs_name":"Kongur Shan","reference":"Avouac and Peltzer, 1993; Robinson, et al., 2004b; Schoenbohm et al., 2011","shortening_rate":"(5.75,5.,6.5)","slip_type":"Normal"},"geometry":{"type":"LineString","coordinates":[[75.15530221931256,37.86871867281799],[75.19780948226557,37.992376165044924],[75.21906311374208,38.029086983049794],[75.21133452047789,38.06966209768675],[75.15916651594466,38.1179658055879],[75.08381273161886,38.14501588201254],[75.0007303540289,38.16820166180509],[74.95242664612775,38.212641073074145],[74.93890160791544,38.266741225923425],[74.96015523939194,38.328569972036895],[75.02005183718936,38.39039871815036],[75.04323761698191,38.42324523952314],[75.05096621024609,38.47348109574033],[75.00845894729308,38.61646007112772],[74.98140887086844,38.68215311387328],[74.99493390908076,38.73432111840651],[75.02391613382144,38.7884212712558],[75.00652679897703,38.83672497915694],[74.96401953602403,38.89082513200623],[74.85388708200942,38.917875208430864],[74.78432974263177,38.919807356746915],[74.7012473650418,38.94106098822342],[74.65101150882461,38.968111064648056],[74.60463994923951,39.01255047591711],[74.57179342786672,39.08210781529476],[74.57758987281487,39.12847937487986],[74.61430069081973,39.16132589625264]]}},{"type":"Feature","properties":{"catalog_id":"GAF_339","catalog_name":"HimaTibetMap","exposure_quality":"1","fs_name":"Kongur Shan","reference":"Avouac and Peltzer, 1993; Robinson, et al., 2004b","slip_type":"Normal"},"geometry":{"type":"LineString","coordinates":[[75.13934690079647,37.8264680233132],[75.20727399003246,37.690613844841224],[75.30161716952688,37.46041648687483],[75.3808654403022,37.30946739968375]]}},{"type":"Feature","properties":{"catalog_id":"GAF_340","catalog_name":"HimaTibetMap","exposure_quality":"1","fs_name":"Gurla Mandhata detachment","reference":"Murphy, et al., 2002","slip_type":"Normal"},"geometry":{"type":"LineString","coordinates":[[81.45961567407969,30.547349131866813],[81.48245849973566,30.560674113499463],[81.50815667859862,30.585420507960098],[81.54432448588723,30.611118686823065],[81.5728780179572,30.633009728076704],[81.5836807709237,30.654139341808488],[81.61342403349659,30.69994396617073],[81.61342403349659,30.73028209399507],[81.64495189182385,30.75705103031066]]}},{"type":"Feature","properties":{"catalog_id":"GAF_341","catalog_name":"HimaTibetMap","exposure_quality":"1","slip_type":"Anticline"},"geometry":{"type":"LineString","coordinates":[[75.60154697911749,39.58561985796972],[75.71417894641489,39.59176341982231],[75.82885876766316,39.58152415006799],[75.92510790335368,39.589715565871444],[75.9292036112554,39.589715565871444],[75.93739502705884,39.583572004018855],[75.94149073496057,39.58766771192058],[75.95377785866575,39.61224195933092],[75.96811283632178,39.6081462514292],[76.06026626411055,39.614289813281786],[76.15651539980107,39.62657693698696],[76.20771174857262,39.636816206741265]]}},{"type":"Feature","properties":{"catalog_id":"GAF_342","catalog_name":"HimaTibetMap","exposure_quality":"1","slip_type":"Anticline"},"geometry":{"type":"LineString","coordinates":[[75.45410149465543,39.66958186995506],[75.59949912516663,39.67982113970937],[75.68960469900455,39.68801255551281]]}},{"type":"Feature","properties":{"catalog_id":"GAF_343","catalog_name":"HimaTibetMap","exposure_quality":"1","slip_type":"Anticline"},"geometry":{"type":"LineString","coordinates":[[75.75718387938299,39.72692178057919],[75.95377785866575,39.722826072677464],[75.99268708373212,39.72692178057919]]}},{"type":"Feature","properties":{"catalog_id":"GAF_344","catalog_name":"HimaTibetMap","exposure_quality":"1","slip_type":"Anticline"},"geometry":{"type":"LineString","coordinates":[[75.83500232951575,39.671629723905916],[76.06640982596315,39.690060409463676],[76.16675466955537,39.74535246613695],[76.2568602433933,39.794500960957635],[76.35515723303467,39.83341018602401],[76.48212417798811,39.88051082689383],[76.55994262812087,39.90303722035331],[76.66643103356569,39.90303722035331]]}},{"type":"Feature","properties":{"catalog_id":"GAF_345","catalog_name":"HimaTibetMap","exposure_quality":"1","slip_type":"Anticline"},"geometry":{"type":"LineString","coordinates":[[76.03978772460194,39.835458039974874],[76.20566389462175,39.89689365850073],[76.33877440142778,39.97061640073176],[76.4288799752657,40.00542991789641],[76.52308125700536,40.011573479748996],[76.57222975182604,39.98495137838779]]}},{"type":"Feature","properties":{"catalog_id":"GAF_346","catalog_name":"HimaTibetMap","exposure_quality":"1","slip_type":"Anticline"},"geometry":{"type":"LineString","coordinates":[[76.70534025863206,39.98904708628952],[76.93060419322687,39.98904708628952],[77.03299689076997,39.99109494024038],[77.12924602646048,39.97061640073176],[77.20911233054409,39.97061640073176]]}},{"type":"Feature","properties":{"catalog_id":"GAF_347","catalog_name":"HimaTibetMap","exposure_quality":"1","slip_type":"Anticline"},"geometry":{"type":"LineString","coordinates":[[76.69919669677948,39.958329277026586],[76.84869003519239,39.92965932171452],[76.99408766570359,39.882558680844696],[77.1333417343622,39.864127995286935],[77.33403142154667,39.864127995286935],[77.4077541637777,39.86822370318866],[77.65861627275828,39.90098936640246],[77.7651046782031,39.93989859146884]]}},{"type":"Feature","properties":{"catalog_id":"GAF_348","catalog_name":"HimaTibetMap","exposure_quality":"1","slip_type":"Anticline"},"geometry":{"type":"LineString","coordinates":[[77.64018558720052,39.93170717566539],[77.76100897030138,39.960377130977456],[77.87978449945136,39.96447283887918],[78.00675144440481,39.960377130977456],[78.0558999392255,39.960377130977456]]}},{"type":"Feature","properties":{"catalog_id":"GAF_349","catalog_name":"HimaTibetMap","exposure_quality":"1","slip_type":"Anticline"},"geometry":{"type":"LineString","coordinates":[[78.10709628799704,39.94604215332142],[78.27911601986943,39.978807816535216],[78.36307803185478,40.01362133369987],[78.41837008852805,40.04843485086452],[78.48390141495562,40.058674120618825],[78.58015055064614,40.10372690753779],[78.61701192176166,40.14673184050589],[78.7439788667151,40.193832481375715],[78.77674452992888,40.22250243668778],[78.81565375499525,40.23683741434382],[78.86275439586508,40.26141166175416],[79.00098453754826,40.35356508954294],[79.09109011138618,40.42933568572483],[79.1648128536172,40.468244910791206],[79.26515769720945,40.48053203449638]]}},{"type":"Feature","properties":{"catalog_id":"GAF_350","catalog_name":"HimaTibetMap","exposure_quality":"1","slip_type":"Anticline"},"geometry":{"type":"LineString","coordinates":[[77.79275070653974,40.095535491734346],[77.8971912580337,40.077104806176585],[77.99139253977334,40.09143978383262],[78.03439747274145,40.14263613260417]]}},{"type":"Feature","properties":{"catalog_id":"GAF_351","catalog_name":"HimaTibetMap","exposure_quality":"1","slip_type":"Anticline"},"geometry":{"type":"LineString","coordinates":[[78.03234961879058,40.08939192988176],[78.16955583349832,40.07300909827486],[78.25966140733625,40.07915266012745],[78.337479857469,40.070961244324]]}},{"type":"Feature","properties":{"catalog_id":"GAF_352","catalog_name":"HimaTibetMap","exposure_quality":"1","slip_type":"Anticline"},"geometry":{"type":"LineString","coordinates":[[78.02415820298714,40.19792818927744],[78.07740240570953,40.2429809761964],[78.11016806892333,40.21431102088433],[78.2084650585647,40.234789560392954],[78.28013994684487,40.27574663941019],[78.32928844166555,40.2859859091645]]}},{"type":"Feature","properties":{"catalog_id":"GAF_353","catalog_name":"HimaTibetMap","exposure_quality":"1","slip_type":"Anticline"},"geometry":{"type":"LineString","coordinates":[[77.72312367221043,40.16516252606365],[77.83985134740956,40.19178462742485],[77.92995692124748,40.240933122245536],[77.99139253977334,40.2593638078033],[78.05897172015179,40.2859859091645],[78.12245519262851,40.2859859091645]]}},{"type":"Feature","properties":{"catalog_id":"GAF_354","catalog_name":"HimaTibetMap","exposure_quality":"1","slip_type":"Anticline"},"geometry":{"type":"LineString","coordinates":[[77.66987946948802,40.27574663941019],[77.73950650381732,40.33513440398519],[77.7784157288837,40.322847280280016],[77.84394705531129,40.322847280280016],[77.90538267383714,40.34332581978863],[77.96067473051042,40.35356508954294],[78.00572751742938,40.3556129434938],[78.08149811361126,40.326942988181735],[78.12245519262851,40.33513440398519],[78.15726870979316,40.367900067198974]]}},{"type":"Feature","properties":{"catalog_id":"GAF_355","catalog_name":"HimaTibetMap","exposure_quality":"1","slip_type":"Anticline"},"geometry":{"type":"LineString","coordinates":[[78.12040733867764,40.310560156574844],[78.20232149671212,40.32489513423088],[78.23918286782764,40.363804359297255],[78.30676204820608,40.3289908421326],[78.396867622044,40.304416594722255],[78.49311675773451,40.29827303286967],[78.53407383675174,40.33513440398519],[78.60165301713019,40.33513440398519],[78.67947146726294,40.351517235592084],[78.70609356862414,40.40066573041277],[78.75319420949397,40.4150007080688],[78.79824699641293,40.421144269921385],[78.82486909777414,40.474388472643795],[78.90063969395602,40.53582409116965],[78.93545321112067,40.591116147842925],[79.0255587849586,40.70989167699292],[79.10337723509136,40.742657340206705],[79.13819075225601,40.79180583502739],[79.13819075225601,40.83890647589721],[79.20576993263445,40.806140812683424],[79.28768409066893,40.806140812683424],[79.34707185524393,40.78156656527308],[79.44741669883615,40.75084875601015],[79.55390510428097,40.7590401718136],[79.60919716095425,40.78566227317481],[79.67882419528355,40.777470857371355],[79.73821195985855,40.79385368897825],[79.78121689282665,40.84300218379894],[79.83036538764733,40.84709789170066],[79.84674821925422,40.84709789170066]]}},{"type":"Feature","properties":{"catalog_id":"GAF_356","catalog_name":"HimaTibetMap","exposure_quality":"1","slip_type":"Anticline"},"geometry":{"type":"LineString","coordinates":[[79.18119568522411,40.679173867729986],[79.25491842745514,40.742657340206705],[79.27130125906203,40.76723158761705]]}},{"type":"Feature","properties":{"catalog_id":"GAF_357","catalog_name":"HimaTibetMap","exposure_quality":"1","slip_type":"Anticline"},"geometry":{"type":"LineString","coordinates":[[79.3102104841284,40.74675304810843],[79.42079459747495,40.724226654648945],[79.52728300291977,40.70374811514033],[79.58052720564218,40.70374811514033]]}},{"type":"Feature","properties":{"catalog_id":"GAF_358","catalog_name":"HimaTibetMap","exposure_quality":"1","slip_type":"Anticline"},"geometry":{"type":"LineString","coordinates":[[79.32044975388271,40.68531742958257],[79.44741669883615,40.65050391241792],[79.53342656477236,40.65255176636878]]}},{"type":"Feature","properties":{"catalog_id":"GAF_359","catalog_name":"HimaTibetMap","exposure_quality":"1","slip_type":"Anticline"},"geometry":{"type":"LineString","coordinates":[[78.58117447762157,40.50715413585758],[78.75114635554311,40.550159068825685],[78.84125192938103,40.603403271548096],[78.93340535716982,40.69760455328774],[78.99893668359739,40.75084875601015],[79.05422874027067,40.78156656527308],[79.07880298768102,40.82661935219204],[79.07061157187756,40.92696419578428],[79.09928152718963,40.947442735292896],[79.19553066288015,40.900342094423074],[79.28768409066893,40.91058136417738],[79.32864116968616,40.94539488134203],[79.38393322635943,40.947442735292896],[79.44127313698357,40.93720346553859]]}},{"type":"Feature","properties":{"catalog_id":"GAF_360","catalog_name":"HimaTibetMap","exposure_quality":"1","slip_type":"Anticline"},"geometry":{"type":"LineString","coordinates":[[77.63711380627423,40.408857146216214],[77.74360221171905,40.44571851733173],[77.81732495395008,40.45390993313518],[77.88285628037767,40.48872345029983],[77.9504354607561,40.52968052931707],[77.96886614631386,40.5440155069731]]}},{"type":"Feature","properties":{"catalog_id":"GAF_361","catalog_name":"HimaTibetMap","exposure_quality":"1","slip_type":"Anticline"},"geometry":{"type":"LineString","coordinates":[[77.19784913381436,39.95628142307574],[77.26747616814366,39.97266425468263],[77.31252895506262,39.970616400731764],[77.38625169729364,40.011573479749],[77.45997443952467,40.01566918765073],[77.58079782262553,40.036147727159346],[77.65656841880742,40.0443391429628],[77.66885554251259,40.07505695222572],[77.67704695831604,40.13444471680072]]}},{"type":"Feature","properties":{"catalog_id":"GAF_362","catalog_name":"HimaTibetMap","exposure_quality":"1","slip_type":"Anticline"},"geometry":{"type":"LineString","coordinates":[[77.52141005805053,39.9419464454197],[77.62380275559363,39.97266425468263],[77.69957335177553,40.001334209994695],[77.71595618338242,40.00542991789642],[77.69138193597207,40.111918323341236]]}},{"type":"Feature","properties":{"catalog_id":"GAF_363","catalog_name":"HimaTibetMap","exposure_quality":"1","slip_type":"Anticline"},"geometry":{"type":"LineString","coordinates":[[77.37396457358848,40.130349008898996],[77.56236713706777,40.18973677347399],[77.62789846349536,40.22045458273692],[77.65042485695483,40.247076684098126],[77.65656841880742,40.251172391999845]]}},{"type":"Feature","properties":{"catalog_id":"GAF_364","catalog_name":"HimaTibetMap","exposure_quality":"1","slip_type":"Anticline"},"geometry":{"type":"LineString","coordinates":[[77.5828456765764,40.175401795817955],[77.63608987929881,40.193832481375715],[77.66680768856173,40.23069385249123]]}},{"type":"Feature","properties":{"catalog_id":"GAF_365","catalog_name":"HimaTibetMap","exposure_quality":"1","slip_type":"Anticline"},"geometry":{"type":"LineString","coordinates":[[76.62035431967129,40.036147727159346],[76.77189551203507,40.04024343506107],[76.88043177143076,40.04024343506107],[76.98077661502299,40.058674120618825]]}},{"type":"Feature","properties":{"catalog_id":"GAF_366","catalog_name":"HimaTibetMap","exposure_quality":"1","slip_type":"Anticline"},"geometry":{"type":"LineString","coordinates":[[76.98077661502299,40.058674120618825],[77.02378154799109,40.06276982852055]]}},{"type":"Feature","properties":{"catalog_id":"GAF_367","catalog_name":"HimaTibetMap","exposure_quality":"1","slip_type":"Anticline"},"geometry":{"type":"LineString","coordinates":[[75.0854877835003,39.47094003672146],[75.16740194153478,39.493466430180945],[75.23498112191322,39.51804067759129],[75.3005124483408,39.49141857623008],[75.39471373008044,39.440222227458534],[75.4991542815744,39.37878660893268],[75.55239848429682,39.37878660893268],[75.6609347436925,39.4095044181956]]}},{"type":"Feature","properties":{"catalog_id":"GAF_368","catalog_name":"HimaTibetMap","exposure_quality":"1","slip_type":"Anticline"},"geometry":{"type":"LineString","coordinates":[[75.20016760474857,39.56718917241197],[75.41519226958907,39.51394496968956],[75.47662788811492,39.53647136314904],[75.5155371131813,39.55899775660853],[75.60769054097008,39.5385192170999]]}},{"type":"Feature","properties":{"catalog_id":"GAF_369","catalog_name":"HimaTibetMap","exposure_quality":"1","slip_type":"Anticline"},"geometry":{"type":"LineString","coordinates":[[79.8387440400974,40.92883231255366],[79.97154706883218,41.0538233984217],[80.05747844036645,41.18662642715648]]}},{"type":"Feature","properties":{"catalog_id":"GAF_370","catalog_name":"HimaTibetMap","exposure_quality":"1","fs_name":"Talas-Fergana fault","net_slip_rate":"(10,2,19)","reference":"Mohadjer (2017)","shortening_rate":"A huge range of rates from many studies; see Mohadjer (2017) for details.","slip_type":"Dextral"},"geometry":{"type":"LineString","coordinates":[[66.97716130427652,44.662941002861224],[67.53180924781593,44.48326631692592],[67.9458422197538,44.16297665938908],[68.39112296315868,43.936430316253265],[68.71141262069551,43.83487505898549],[69.07076199256612,43.56145705864916],[69.49260690737074,43.26460322971257],[69.94569959364237,42.928689686442226],[70.32848479411322,42.73339111477342],[70.86750885191913,42.46778505730384],[71.24248210952324,42.34279397143581],[72.07054805339898,42.02250431389897],[72.64081988267189,41.84282962796367],[72.89861399727472,41.73346242782913]]}},{"type":"Feature","properties":{"catalog_id":"GAF_371","catalog_name":"HimaTibetMap","exposure_quality":"1","slip_type":"Anticline"},"geometry":{"type":"LineString","coordinates":[[71.30386166061915,42.76492496536644],[71.48358166601996,42.685049407410524],[71.67927678301194,42.66907429581934],[71.9109159010841,42.60118007155681],[72.10261724017829,42.56922984837445],[72.33425635825044,42.49734184621412]]}},{"type":"Feature","properties":{"catalog_id":"GAF_372","catalog_name":"HimaTibetMap","exposure_quality":"1","slip_type":"Dextral"},"geometry":{"type":"LineString","coordinates":[[69.77424472576338,43.391948095320366],[70.24151673980548,43.16430275514601],[70.53306252634457,42.99656408343859],[70.83259586867925,42.868763190709124],[71.18804210158306,42.7090120747973]]}},{"type":"Feature","properties":{"catalog_id":"GAF_373","catalog_name":"HimaTibetMap","exposure_quality":"1","slip_type":"Dextral"},"geometry":{"type":"LineString","coordinates":[[69.36687938018821,43.70745654924623],[69.87808295110607,43.443867207991715],[70.16563495974735,43.284116092079884],[70.54903763793575,43.05247697400773]]}},{"type":"Feature","properties":{"catalog_id":"GAF_374","catalog_name":"HimaTibetMap","exposure_quality":"1","slip_type":"Reverse"},"geometry":{"type":"LineString","coordinates":[[70.51309363685559,43.136346309861445],[70.29343585247682,43.28810986997768],[70.13767851446279,43.44786098588951],[69.99789628803994,43.57965565651677],[69.79021983735456,43.65154365867709],[69.61449360985155,43.703462771348434],[69.49068649501987,43.70745654924623]]}},{"type":"Feature","properties":{"catalog_id":"GAF_375","catalog_name":"HimaTibetMap","exposure_quality":"1","slip_type":"Reverse"},"geometry":{"type":"LineString","coordinates":[[67.54109969637982,43.987848260562735],[67.81008940791675,43.82383014377193],[68.06923803244624,43.705737099682544],[68.39071354135622,43.54499934522755],[68.61705854252753,43.4728313738396],[68.82372136968395,43.456429562160515],[69.02710383450456,43.39082231544419],[69.25016847334005,43.37442050376511]]}},{"type":"Feature","properties":{"catalog_id":"GAF_376","catalog_name":"HimaTibetMap","exposure_quality":"1","slip_type":"Dextral"},"geometry":{"type":"LineString","coordinates":[[72.31969064558784,45.260929973870724],[73.11255165937153,44.740364661790515],[73.70519524543208,44.37997329188883],[74.35389971125511,43.96352104222466],[74.86645632622638,43.579103580996204],[75.1467607250388,43.338842667728414]]}},{"type":"Feature","properties":{"catalog_id":"GAF_377","catalog_name":"HimaTibetMap","exposure_quality":"1","slip_type":"Anticline"},"geometry":{"type":"LineString","coordinates":[[74.62778416530399,43.80648997253321],[74.96797630238932,43.65087016514311],[75.21407274198296,43.60020325110912],[75.45293105100032,43.57125072880399]]}},{"type":"Feature","properties":{"catalog_id":"GAF_378","catalog_name":"HimaTibetMap","exposure_quality":"1","slip_type":"Anticline"},"geometry":{"type":"LineString","coordinates":[[74.72549892808382,43.21296326527795],[74.87026153960949,43.21296326527795],[74.99692882469445,43.21296326527795],[75.12359610977941,43.223820461142374]]}},{"type":"Feature","properties":{"catalog_id":"GAF_379","catalog_name":"HimaTibetMap","exposure_quality":"1","slip_type":"Anticline"},"geometry":{"type":"LineString","coordinates":[[77.67358951180415,43.9874432369403],[77.9196859513978,43.98020510636402],[78.10425828109302,44.02363388982172],[78.20197304387285,44.096015195584556],[78.35759285126295,44.182872762499954],[78.58559396441589,44.17563463192367]]}},{"type":"Feature","properties":{"catalog_id":"GAF_380","catalog_name":"HimaTibetMap","exposure_quality":"1","slip_type":"Anticline"},"geometry":{"type":"LineString","coordinates":[[76.77968038563313,44.25163500297465],[76.95701458475207,44.3421116351782],[77.18139663261687,44.37106415748333],[77.30444485241368,44.37106415748333],[77.52882690027847,44.34573070046634],[77.68806577295672,44.34573070046634],[77.88349529851638,44.34934976575448]]}},{"type":"Feature","properties":{"catalog_id":"GAF_381","catalog_name":"HimaTibetMap","exposure_quality":"1","slip_type":"Anticline"},"geometry":{"type":"LineString","coordinates":[[78.27363053657808,42.55067431754801],[78.41477408281561,42.597722166293856],[78.52696510674801,42.63391281917527],[78.66810865298554,42.65924627619226],[78.77668061162979,42.70267505964996],[78.8816335049859,42.70267505964996],[79.01553892064715,42.69543692907368]]}},{"type":"Feature","properties":{"catalog_id":"GAF_382","catalog_name":"HimaTibetMap","exposure_quality":"1","slip_type":"Anticline"},"geometry":{"type":"LineString","coordinates":[[78.17591577379825,42.688198798497396],[78.37496436464605,42.684579733209254],[78.54144136790057,42.70267505964996],[78.6825849141381,42.713532255514394]]}},{"type":"Feature","properties":{"catalog_id":"GAF_383","catalog_name":"HimaTibetMap","exposure_quality":"1","slip_type":"Reverse"},"geometry":{"type":"LineString","coordinates":[[78.08905820688284,42.348006661412064],[77.8936286813232,42.32991133497136],[77.75972326566193,42.2901016168018],[77.65115130701768,42.21048218046268],[77.54257934837342,42.17067246229312],[77.43762645501732,42.16705339700498],[77.28562571291536,42.17429152758126],[77.11914870966083,42.185148723445685],[77.01419581630472,42.181529658157544],[76.93095731467746,42.185148723445685],[76.83324255189763,42.20324404988639],[76.73190872382966,42.27200629036109],[76.62333676518541,42.279244420937374],[76.51476480654115,42.279244420937374],[76.44238350077832,42.30819694324251],[76.3555259338629,42.32267320439507],[76.27952556281194,42.32267320439507],[76.14200108186255,42.31543507381879]]}},{"type":"Feature","properties":{"catalog_id":"GAF_384","catalog_name":"HimaTibetMap","exposure_quality":"1","slip_type":"Anticline"},"geometry":{"type":"LineString","coordinates":[[79.28334975196965,43.741346797346665],[79.10239648756256,43.62553670812613],[78.93953854959618,43.54953633707515],[78.78029967691793,43.54953633707515],[78.61744173895156,43.531441010634445]]}},{"type":"Feature","properties":{"catalog_id":"GAF_385","catalog_name":"HimaTibetMap","exposure_quality":"1","slip_type":"Reverse"},"geometry":{"type":"LineString","coordinates":[[78.36410716878163,43.46629783544789],[78.13248699034055,43.49163129246488],[77.9551527912216,43.49163129246488],[77.78867578796708,43.480774096600456],[77.6692466334584,43.42648811727833],[77.531722152509,43.40477372554948],[77.41591206328846,43.39753559497319],[77.23495879888138,43.40115466026134]]}},{"type":"Feature","properties":{"catalog_id":"GAF_386","catalog_name":"HimaTibetMap","exposure_quality":"1","slip_type":"Reverse"},"geometry":{"type":"LineString","coordinates":[[77.25305412532208,43.292582701617086],[77.08657712206757,43.30343989748151],[76.97076703284702,43.281725505752654],[76.89476666179604,43.1984870041254],[76.81514722545693,43.18762980826097],[76.64143209162611,43.162296351243974],[76.51114574125302,43.162296351243974],[76.39533565203247,43.165915416532116],[76.21800145291353,43.13696289422698],[76.1202866901337,43.11162943720999],[75.99361940504873,43.10077224134557]]}},{"type":"Feature","properties":{"catalog_id":"GAF_387","catalog_name":"HimaTibetMap","exposure_quality":"1","slip_type":"Anticline"},"geometry":{"type":"LineString","coordinates":[[79.03363424708786,43.361344942091776],[78.83096659095192,43.34324961565107],[78.66087052240925,43.29982083219337],[78.52696510674801,43.29982083219337],[78.38220249522233,43.29982083219337],[78.26277334071365,43.30705896276965],[78.16505857793382,43.25639204873566],[78.07820101101842,43.22743952643053]]}},{"type":"Feature","properties":{"catalog_id":"GAF_388","catalog_name":"HimaTibetMap","exposure_quality":"1","slip_type":"Reverse"},"geometry":{"type":"LineString","coordinates":[[77.54981747894972,42.832961410023074],[77.82848550613663,42.74610384310767],[78.01667690112001,42.74248477781953],[78.13610605562869,42.77143730012466],[78.23020175312037,42.807627953006076],[78.32429745061206,42.79677075714165],[78.45096473569703,42.81486608358236],[78.50525071501916,42.82210421415864],[78.74772808932465,42.76781823483652],[78.8816335049859,42.74248477781953]]}},{"type":"Feature","properties":{"catalog_id":"GAF_389","catalog_name":"HimaTibetMap","exposure_quality":"1","slip_type":"Reverse"},"geometry":{"type":"LineString","coordinates":[[76.36276406443919,42.61219842744642],[76.54733639413443,42.619436558022706],[76.6486702222024,42.65562721090412],[76.77533750728736,42.64838908032784],[76.87305227006719,42.65924627619226],[77.021433946881,42.67734160263297],[77.21686347244066,42.67734160263297],[77.39057860627148,42.72438945137882],[77.54619841366157,42.7750563654128]]}},{"type":"Feature","properties":{"catalog_id":"GAF_390","catalog_name":"HimaTibetMap","exposure_quality":"1","slip_type":"Reverse"},"geometry":{"type":"LineString","coordinates":[[75.94295249101475,42.50362646880217],[76.16733453887954,42.543436186971725],[76.27590649752379,42.601341231582],[76.34828780328662,42.65924627619226],[76.35914499915106,42.662865341480405],[76.37724032559176,42.688198798497396],[76.38809752145619,42.688198798497396]]}},{"type":"Feature","properties":{"catalog_id":"GAF_391","catalog_name":"HimaTibetMap","exposure_quality":"1","slip_type":"Anticline"},"geometry":{"type":"LineString","coordinates":[[82.42614604819202,43.33239241978664],[82.20176400032723,43.3287733544985],[82.05338232351342,43.339630550362926],[81.91223877727589,43.408392790837624],[81.77109523103834,43.41924998670205],[81.5937610319194,43.44820250900718],[81.42004589808859,43.42286905199019],[81.31509300473249,43.39753559497319],[81.18118758907123,43.38667839910877],[80.99299619408787,43.39029746439691],[80.83737638669776,43.412011856125766]]}},{"type":"Feature","properties":{"catalog_id":"GAF_392","catalog_name":"HimaTibetMap","exposure_quality":"1","slip_type":"Reverse"},"geometry":{"type":"LineString","coordinates":[[80.67813751401953,43.477155031312314],[80.52613677191756,43.502488488329305],[80.34880257279862,43.47353596602417],[80.22213528771366,43.42286905199019],[80.15337304723896,43.42286905199019],[80.05927734974728,43.46267877015975],[79.94708632581488,43.46629783544789],[79.56708447055998,43.37582120324434],[79.38975027144103,43.30343989748151],[79.24136859462722,43.22020139585425],[79.0929869178134,43.173153547108406]]}},{"type":"Feature","properties":{"catalog_id":"GAF_393","catalog_name":"HimaTibetMap","exposure_quality":"1","slip_type":"Reverse"},"geometry":{"type":"LineString","coordinates":[[80.73604255862979,44.20096808894068],[80.8663289090029,44.08877706500828],[80.99299619408787,43.9946813675166],[81.1341397403254,43.97296697578774],[81.26442609069849,44.00553856338102],[81.32233113530877,44.04534828155058],[81.42728402866487,44.02725295510987],[81.5249987914447,44.02001482453359],[81.62271355422453,43.99106230222846],[81.76023803517393,43.89696660473677],[81.94481036486916,43.864395017143494],[82.0787157805304,43.8571568865672]]}},{"type":"Feature","properties":{"catalog_id":"GAF_394","catalog_name":"HimaTibetMap","exposure_quality":"1","slip_type":"Anticline"},"geometry":{"type":"LineString","coordinates":[[78.49584114527,44.2299206112458],[78.69850880140595,44.36382602690705],[78.81431889062648,44.39639761450032],[78.93736711042331,44.400016679788465],[79.04232000377942,44.428969202093604],[79.1617491582881,44.428969202093604],[79.27032111693235,44.43620733266989],[79.37527401028846,44.44706452853431],[79.48022690364458,44.44706452853431],[79.63584671103467,44.450683593822454]]}},{"type":"Feature","properties":{"catalog_id":"GAF_395","catalog_name":"HimaTibetMap","exposure_quality":"1","slip_type":"Anticline"},"geometry":{"type":"LineString","coordinates":[[81.92201025355386,43.158677285955825],[82.07039193036768,43.14782009009139],[82.18258295430007,43.16953448182025],[82.29839304352062,43.16953448182025],[82.39972687158858,43.16953448182025],[82.56258480955498,43.18762980826096],[82.64220424589409,43.19848700412538]]}},{"type":"Feature","properties":{"catalog_id":"GAF_396","catalog_name":"HimaTibetMap","exposure_quality":"1","slip_type":"Anticline"},"geometry":{"type":"LineString","coordinates":[[81.6831519445365,43.158677285955825],[81.53838933301084,43.126105698362544],[81.4225792437903,43.108010371921836],[81.3103882198579,43.086295980192986]]}},{"type":"Feature","properties":{"catalog_id":"GAF_397","catalog_name":"HimaTibetMap","exposure_quality":"1","slip_type":"Anticline"},"geometry":{"type":"LineString","coordinates":[[82.47210817735143,43.38667839910876],[82.68925209463994,43.33601148507477],[82.88468162019959,43.303439897481496],[82.97515825240313,43.31067802805778],[83.05477768874226,43.31791615863406],[83.14525432094581,43.325154289210346],[83.26830254074262,43.35772587680362],[83.35877917294617,43.368583072668045],[83.46373206630228,43.35410681151548],[83.59763748196353,43.33963055036291],[83.69173317945521,43.35772587680362],[83.80392420338761,43.35772587680362],[83.95230588020144,43.30705896276964]]}},{"type":"Feature","properties":{"catalog_id":"GAF_398","catalog_name":"HimaTibetMap","exposure_quality":"1","slip_type":"Reverse"},"geometry":{"type":"LineString","coordinates":[[81.89667679653688,43.81010903782135],[82.11020164853724,43.65087016514311],[82.27305958650362,43.61829857754984],[82.40696500216487,43.61829857754984],[82.5481085484024,43.61829857754984],[82.81953844501304,43.5893460552447],[83.01858703586085,43.5893460552447],[83.15611151681023,43.56763166351585],[83.28277880189519,43.560393532939564],[83.67363785301451,43.50610755361744],[83.82925766040461,43.466297835447875],[83.97040120664214,43.422869051990176],[84.11516381816782,43.35772587680362]]}},{"type":"Feature","properties":{"catalog_id":"GAF_399","catalog_name":"HimaTibetMap","exposure_quality":"1","slip_type":"Dextral"},"geometry":{"type":"LineString","coordinates":[[79.65565543869774,46.67564534944546],[80.04442221769735,46.52720712473651],[80.33423018022434,46.37170041313667],[80.5886957082968,46.237399162209535],[81.09762676444174,45.997070607918864],[81.36622926629602,45.88397481766444],[81.71965361084112,45.785016001191806],[82.08721492916803,45.537618960010235],[82.39115986547681,45.26194797126506],[82.77285815758552,44.83077027092004],[83.03439217254889,44.56216776906576]]}},{"type":"Feature","properties":{"catalog_id":"GAF_400","catalog_name":"HimaTibetMap","exposure_quality":"1","slip_type":"Anticline"},"geometry":{"type":"LineString","coordinates":[[82.7021732886765,45.50227652555573],[82.96370730363988,45.51641349933753],[83.16162493658513,45.56589290757385],[83.4090219777667,45.68605718471918],[83.57159717625744,45.83449540942812]]}},{"type":"Feature","properties":{"catalog_id":"GAF_401","catalog_name":"HimaTibetMap","exposure_quality":"1","slip_type":"Anticline"},"geometry":{"type":"LineString","coordinates":[[82.24272164076787,46.13844034573691],[82.3699544048041,46.14550883262781],[82.45477624749493,46.237399162209535],[82.56080355085847,46.28687857044585],[82.67389934111289,46.28687857044585]]}},{"type":"Feature","properties":{"catalog_id":"GAF_402","catalog_name":"HimaTibetMap","exposure_quality":"1","slip_type":"Reverse"},"geometry":{"type":"LineString","coordinates":[[79.3829266627701,41.575070828646666],[79.61746305593914,41.646944884617824],[79.90117643477267,41.66207626482228],[80.08275299722612,41.66207626482228],[80.28702662998626,41.665859109873395],[80.47995172759305,41.70747040543564],[80.63883121973981,41.74529885594678],[80.85823623270441,41.7793444614068],[81.09277262587345,41.820955756969056],[81.43322868047368,41.97605240406471],[81.57697679241599,42.04036076993364],[81.70559352415385,42.104669135802574],[81.87582155145397,42.104669135802574],[81.98930690298738,42.104669135802574],[82.20114622584974,42.14628043136482],[82.31463157738315,42.210588797233754],[82.39785416850765,42.29381138835826],[82.53403659034774,42.33920552897162],[82.64373909683003,42.290028543307145],[82.89718971525465,42.32407414876717],[82.99932653163472,42.29381138835826],[83.15064033367926,42.28246285320491]]}},{"type":"Feature","properties":{"catalog_id":"GAF_403","catalog_name":"HimaTibetMap","exposure_quality":"1","slip_type":"Syncline"},"geometry":{"type":"LineString","coordinates":[[80.92254459857334,41.74908170099789],[81.31596048388916,41.66207626482228],[81.62615377808048,41.665859109873395],[81.80773034053392,41.73016747574233],[81.9666098326807,41.76421308120235],[82.16710062038972,41.7793444614068],[82.3297629575876,41.84365282727573],[82.54538512550108,41.91174403819578]]}},{"type":"Feature","properties":{"catalog_id":"GAF_404","catalog_name":"HimaTibetMap","exposure_quality":"1","slip_type":"Reverse"},"geometry":{"type":"LineString","coordinates":[[80.03479730524664,42.852422508867],[80.36078565772404,42.877025403393596],[80.5330059194102,42.96313553423668],[80.68677401020143,43.05232102689559],[80.83746673917683,43.1415065195545],[80.92050150820408,43.21223984131846]]}},{"type":"Feature","properties":{"catalog_id":"GAF_405","catalog_name":"HimaTibetMap","exposure_quality":"1","slip_type":"Sinistral"},"geometry":{"type":"LineString","coordinates":[[79.09373658960438,42.63714718175929],[79.32746408760703,42.76323701620809],[79.61962346011035,42.90777902155184],[79.88410457627126,43.00926596147404],[80.09937990337896,43.104602177764605],[80.34848421046074,43.21531520313428],[80.51147838669944,43.28912388671407]]}},{"type":"Feature","properties":{"catalog_id":"GAF_406","catalog_name":"HimaTibetMap","exposure_quality":"1","slip_type":"Sinistral"},"geometry":{"type":"LineString","coordinates":[[79.02915399147206,42.806292081629636],[79.29055974581713,42.898552936104366],[79.65652780190024,43.024642770553164]]}},{"type":"Feature","properties":{"catalog_id":"GAF_407","catalog_name":"HimaTibetMap","exposure_quality":"1","slip_type":"Reverse"},"geometry":{"type":"LineString","coordinates":[[83.15078631420255,42.93866130828224],[83.53229472870626,43.01831691131049],[83.8425323405005,43.06862571322307],[83.89703354257246,43.09797251433874]]}},{"type":"Feature","properties":{"catalog_id":"GAF_408","catalog_name":"HimaTibetMap","exposure_quality":"1","slip_type":"Sinistral"},"geometry":{"type":"LineString","coordinates":[[83.95153474464442,43.08120291370122],[84.30788875819185,43.110549714816884],[84.7732451758832,43.114742114976266],[84.97448038353352,43.139896515932556],[85.54045440505003,43.16085851672946]]}},{"type":"Feature","properties":{"catalog_id":"GAF_409","catalog_name":"HimaTibetMap","exposure_quality":"1","slip_type":"Reverse"},"geometry":{"type":"LineString","coordinates":[[86.59568152516637,42.615846496009866],[86.98138233982947,42.548768093459756],[87.38804515528948,42.52361369250347],[87.69828276708371,42.50265169170656],[88.05463678063114,42.47330489059089],[88.31037319035342,42.43557328915646]]}},{"type":"Feature","properties":{"catalog_id":"GAF_410","catalog_name":"HimaTibetMap","exposure_quality":"1","slip_type":"Reverse"},"geometry":{"type":"LineString","coordinates":[[87.41571499634139,41.14221783998724],[87.60018060335418,41.1296406395091],[87.72176020797625,41.13383303966848],[87.81399301148264,41.1296406395091],[87.93138021594532,41.100293838393426],[88.04457502024863,41.06256223695899],[88.22904062726141,41.125448239349716],[88.35900503220223,41.13383303966848]]}},{"type":"Feature","properties":{"catalog_id":"GAF_411","catalog_name":"HimaTibetMap","exposure_quality":"1","slip_type":"Reverse"},"geometry":{"type":"LineString","coordinates":[[87.67983620638243,42.86948670565244],[87.9565346169016,42.82756270405862],[88.13680782375502,42.83594750437739],[88.28773422949276,42.90302590692749],[88.46381503618677,42.95752710899945],[88.59797184128699,42.97429670963698]]}},{"type":"Feature","properties":{"catalog_id":"GAF_412","catalog_name":"HimaTibetMap","exposure_quality":"1","fs_name":"Gobi- Tian Shan Fault","reference":"Tapponnier and Molnar, 1979","slip_type":"Sinistral"},"geometry":{"type":"LineString","coordinates":[[92.94573916346724,43.52605682924064],[92.07993759578963,43.471259261666106],[91.27989310920147,43.39454266706176],[90.53464619018784,43.317826072457414],[90.15106321716611,43.24110947785307]]}},{"type":"Feature","properties":{"catalog_id":"GAF_413","catalog_name":"HimaTibetMap","exposure_quality":"1","slip_type":"Anticline"},"geometry":{"type":"LineString","coordinates":[[87.78380829794635,43.73428758602386],[88.2221888385426,43.83292320765801],[88.49617667641526,43.82196369414311],[88.96743575755623,43.569894883300265],[89.28526164948852,43.52605682924064],[89.65788510899533,43.449340234636296],[89.95379197389781,43.449340234636296],[90.2935368928599,43.54797585627045],[90.58944375776237,43.48221877518101],[90.74287694697105,43.471259261666106]]}},{"type":"Feature","properties":{"catalog_id":"GAF_414","catalog_name":"HimaTibetMap","exposure_quality":"1","slip_type":"Anticline"},"geometry":{"type":"LineString","coordinates":[[92.99365297174214,43.48223062330373],[93.2778420432757,43.41860620430368],[93.55778948687592,43.30832387803692],[93.88439483774285,43.22773294730352]]}},{"type":"Feature","properties":{"catalog_id":"GAF_415","catalog_name":"HimaTibetMap","exposure_quality":"1","slip_type":"Anticline"},"geometry":{"type":"LineString","coordinates":[[93.25239227567567,43.89366853283739],[93.59172251034262,43.796111090370644],[93.88439483774285,43.673103880303884],[94.19827530480977,43.50343876297041]]}},{"type":"Feature","properties":{"catalog_id":"GAF_416","catalog_name":"HimaTibetMap","exposure_quality":"1","slip_type":"Anticline"},"geometry":{"type":"LineString","coordinates":[[94.07950972267633,43.185316667970156],[94.38066530594324,43.062309457903396],[94.60547158641009,43.00292666683668],[94.8133113551436,42.985960155103335]]}},{"type":"Feature","properties":{"catalog_id":"GAF_417","catalog_name":"HimaTibetMap","exposure_quality":"1","slip_type":"Reverse"},"geometry":{"type":"LineString","coordinates":[[93.7062464645427,43.07079271377007],[93.85046181427616,42.968993643369984],[94.02012693160962,42.88416108470325],[94.19827530480977,42.87143620090324],[94.35945716627656,42.88416108470325],[94.46549786460999,42.89688596850326],[94.63092135401011,42.89688596850326],[94.78786158754357,42.89688596850326],[94.9532850769437,42.89688596850326]]}},{"type":"Feature","properties":{"catalog_id":"GAF_418","catalog_name":"HimaTibetMap","exposure_quality":"1","slip_type":"Reverse"},"geometry":{"type":"LineString","coordinates":[[94.63092135401011,42.62542178076971],[94.86845251827697,42.68056294390309],[95.05084251941045,42.74418736290314]]}},{"type":"Feature","properties":{"catalog_id":"GAF_419","catalog_name":"HimaTibetMap","exposure_quality":"1","slip_type":"Reverse"},"geometry":{"type":"LineString","coordinates":[[94.44004809700996,43.605237833370495],[94.1558590254764,43.6518957406372],[93.93953600087623,43.749453183103945],[93.80380390700945,43.86397713730403],[93.67231344107601,43.948809695970766],[93.57051437067594,43.948809695970766],[93.35843297400909,43.92335992837075]]}},{"type":"Feature","properties":{"catalog_id":"GAF_420","catalog_name":"HimaTibetMap","exposure_quality":"1","slip_type":"Sinistral"},"geometry":{"type":"LineString","coordinates":[[92.17077715267482,43.796111090370644],[92.59069831807516,43.84701062557069],[93.10393529800889,43.90215178870407],[93.26935878740902,43.91063504457074]]}},{"type":"Feature","properties":{"catalog_id":"GAF_421","catalog_name":"HimaTibetMap","exposure_quality":"1","slip_type":"Reverse"},"geometry":{"type":"LineString","coordinates":[[95.41138089374407,43.31256550597026],[95.13143345014385,43.380431552903644],[94.93207693727702,43.48223062330373],[94.76665344787689,43.528888530570434],[94.5842634467434,43.537371786437106],[94.53336391154336,43.537371786437106]]}},{"type":"Feature","properties":{"catalog_id":"GAF_422","catalog_name":"HimaTibetMap","exposure_quality":"1","slip_type":"Reverse"},"geometry":{"type":"LineString","coordinates":[[92.54404041080845,45.00073342343828],[92.79005483094197,45.00497505137161],[93.14210994940892,44.9455922603049],[93.41781576507582,44.920142492704876],[93.59172251034262,44.87348458543817],[93.76987088354275,44.87348458543817],[93.90984460534287,44.87772621337151],[94.10495949027636,44.83955156197148],[94.33824902660987,44.89893435303819],[94.47398112047665,44.907417608904865]]}},{"type":"Feature","properties":{"catalog_id":"GAF_423","catalog_name":"HimaTibetMap","exposure_quality":"1","slip_type":"Dextral"},"geometry":{"type":"LineString","coordinates":[[91.05310819224057,45.244627029605134],[91.58755331184099,45.113136563671695],[92.06685726830804,45.00709586533828]]}},{"type":"Feature","properties":{"catalog_id":"GAF_424","catalog_name":"HimaTibetMap","exposure_quality":"1","slip_type":"Reverse"},"geometry":{"type":"LineString","coordinates":[[90.5822874916402,45.244627029605134],[90.71801958550697,45.15555284300507],[90.93858423804048,45.066478656404996],[91.11249098330728,45.0325456329383],[91.34153889170747,44.99437098153827]]}},{"type":"Feature","properties":{"catalog_id":"GAF_425","catalog_name":"HimaTibetMap","exposure_quality":"1","slip_type":"Reverse"},"geometry":{"type":"LineString","coordinates":[[90.91760099750717,43.66514856908515],[90.73947675068055,43.711460873260066],[90.5898523833462,43.779148087054175],[90.38679074196386,43.84683530084829],[90.19797904032767,43.829022876165624],[89.94148012489734,43.707898388323535],[89.70635611908622,43.675836023894746],[89.45698217352897,43.675836023894746],[89.2824204116389,43.707898388323535],[89.10429616481228,43.761335662371515],[88.94754682760487,43.829022876165624]]}},{"type":"Feature","properties":{"catalog_id":"GAF_426","catalog_name":"HimaTibetMap","exposure_quality":"1","slip_type":"Reverse"},"geometry":{"type":"LineString","coordinates":[[89.43204477897325,43.76846063224458],[89.21829568278132,43.87177269540401],[88.92973440292221,44.01070960792877],[88.71598530673027,44.092646761469005],[88.4309865118077,44.1140216710882],[88.20298747586963,44.1140216710882],[87.91442619601054,44.13539658070739],[87.62586491615143,44.106896701215135]]}},{"type":"Feature","properties":{"catalog_id":"GAF_427","catalog_name":"HimaTibetMap","exposure_quality":"1","slip_type":"Reverse"},"geometry":{"type":"LineString","coordinates":[[88.63761063812656,42.98827643114403],[88.75873512596866,43.00252637089016],[88.80148494520705,43.01321382569976],[88.86917215900115,42.9954014010171],[89.07223380038349,42.93840164203258],[89.16485840873332,42.93127667215952]]}},{"type":"Feature","properties":{"catalog_id":"GAF_428","catalog_name":"HimaTibetMap","exposure_quality":"1","slip_type":"Anticline"},"geometry":{"type":"LineString","coordinates":[[84.12358597504667,43.01321382569976],[84.2945852520002,43.00608885582669],[84.45489707414416,42.95977655165177],[84.59383398666891,42.94196412696911],[84.72920841425713,42.92415170228645],[84.8040205979243,42.92415170228645],[84.89308272133762,42.88852685292113],[85.0676444832277,42.82440212406355]]}},{"type":"Feature","properties":{"catalog_id":"GAF_429","catalog_name":"HimaTibetMap","exposure_quality":"1","slip_type":"Anticline"},"geometry":{"type":"LineString","coordinates":[[84.68289611008221,44.29214591791481],[84.89308272133762,44.28858343297828],[85.10683181752955,44.28858343297828],[85.31345594384841,44.29214591791481],[85.54145497978648,44.327770767280136]]}},{"type":"Feature","properties":{"catalog_id":"GAF_430","catalog_name":"HimaTibetMap","exposure_quality":"1","slip_type":"Anticline"},"geometry":{"type":"LineString","coordinates":[[85.74095413623228,44.19952130956497],[85.95826571736075,44.17458391500925],[86.05801529558364,44.17458391500925],[86.13638996418734,44.14252155058046],[86.207639662918,44.11758415602473],[86.36438900012541,44.085521791595944],[86.47126354822137,44.074834336786346],[86.59238803606347,44.074834336786346],[86.72419997871516,44.071271851849815]]}},{"type":"Feature","properties":{"catalog_id":"GAF_431","catalog_name":"HimaTibetMap","exposure_quality":"1","slip_type":"Anticline"},"geometry":{"type":"LineString","coordinates":[[83.0869028585158,44.53083240866247],[83.20446486142136,44.46670767980489],[83.34696425888265,44.427520345503034],[83.47165123166127,44.427520345503034],[83.5856507496303,44.40614543588384],[83.64977547848788,44.370520586518516]]}},{"type":"Feature","properties":{"catalog_id":"GAF_432","catalog_name":"HimaTibetMap","exposure_quality":"1","slip_type":"Anticline"},"geometry":{"type":"LineString","coordinates":[[84.76483326362246,44.138959065643924],[84.95008248032214,44.14608403551699],[85.06051951335463,44.14964652045352],[85.1460191518314,44.14964652045352],[85.28495606435615,44.14964652045352],[85.44170540156357,44.14964652045352],[85.55214243459608,44.14964652045352],[85.71245425674002,44.11758415602473]]}},{"type":"Feature","properties":{"catalog_id":"GAF_433","catalog_name":"HimaTibetMap","exposure_quality":"1","slip_type":"Sinistral"},"geometry":{"type":"LineString","coordinates":[[83.83495597316748,45.33994662249816],[84.14415965251453,45.55857548668294],[84.41276082851299,45.69287607468217],[84.70010162144156,45.84903954909987],[84.94683991102153,45.95835398119227],[85.22481089548505,46.102024377656555],[85.66831516283132,46.27068093002767],[85.97439557269003,46.33939285877146]]}},{"type":"Feature","properties":{"catalog_id":"GAF_434","catalog_name":"HimaTibetMap","exposure_quality":"1","slip_type":"Sinistral"},"geometry":{"type":"LineString","coordinates":[[85.00305876181191,46.18947592333047],[84.72508777734839,46.08016149123807],[84.27221370153705,45.927121286308726],[83.99424271707353,45.83966974063481]]}},{"type":"Feature","properties":{"catalog_id":"GAF_435","catalog_name":"HimaTibetMap","exposure_quality":"1","slip_type":"Dextral"},"geometry":{"type":"LineString","coordinates":[[79.79212000075225,49.24420276170699],[80.73573474485337,48.82481843099538],[81.46965732359868,48.434028486468655],[81.90810457843355,48.043238541941925],[82.48952376419282,47.66198005947683],[82.96609686727419,47.385567659689634],[83.2425092670614,47.242595728765224]]}},{"type":"Feature","properties":{"catalog_id":"GAF_436","catalog_name":"HimaTibetMap","exposure_quality":"1","slip_type":"Dextral"},"geometry":{"type":"LineString","coordinates":[[78.66740747748021,49.12029375490583],[79.20116935293134,48.83434989305701],[79.74446269044411,48.472154334715164],[80.44979088300455,47.98604976957216],[80.90730106196267,47.566665438860554],[81.08839884113358,47.42369350793614]]}},{"type":"Feature","properties":{"catalog_id":"GAF_437","catalog_name":"HimaTibetMap","exposure_quality":"1","slip_type":"Reverse"},"geometry":{"type":"LineString","coordinates":[[82.53640694560255,46.97338549247926],[82.76286038398189,47.00042470900217],[83.01297313681876,46.966625688348536],[83.20562755454446,46.932826667694904],[83.3949020702048,46.882128136714456],[83.54361776108078,46.882128136714456],[83.65853443130312,46.88888794084518],[83.78359080772157,46.88888794084518],[83.95258591098973,46.85846882225691],[84.08440209153889,46.85846882225691],[84.19593885969587,46.86522862638764],[84.23987758654559,46.871988430518364]]}},{"type":"Feature","properties":{"catalog_id":"GAF_438","catalog_name":"HimaTibetMap","exposure_quality":"1","slip_type":"Anticline"},"geometry":{"type":"LineString","coordinates":[[83.00621333268803,45.77183030824263],[83.11099029671429,45.829288643353806],[83.15154912149865,45.907026390857155],[83.21914716280591,45.97462443216442],[83.33744373509363,46.03546266934096],[83.41856138466234,46.109820514778946],[83.54023785901542,46.14361953543258]]}},{"type":"Feature","properties":{"catalog_id":"GAF_439","catalog_name":"HimaTibetMap","exposure_quality":"1","slip_type":"Anticline"},"geometry":{"type":"LineString","coordinates":[[82.47894861049137,45.69071265867392],[82.71216185300143,45.72113177726218],[82.8439780335506,45.768450406177266],[82.95213489964222,45.795489622700174],[82.99607362649195,45.81238913302699]]}},{"type":"Feature","properties":{"catalog_id":"GAF_440","catalog_name":"HimaTibetMap","exposure_quality":"1","fs_name":"Irtysh Fault","reference":"Tapponnier and Molnar, 1979","slip_type":"Dextral"},"geometry":{"type":"LineString","coordinates":[[77.3305111390841,46.32477271414778],[77.75341148295584,45.97407486801024],[78.1453678992272,45.54085988160505],[78.42386324763054,45.36551095853628],[78.69204395350042,45.20047667800097],[78.98085394443721,45.14890346533368],[79.13557358243908,45.107644895199854]]}},{"type":"Feature","properties":{"catalog_id":"GAF_441","catalog_name":"HimaTibetMap","exposure_quality":"1","fs_name":"Chaman Fault","reference":"Szeliga et al., 2012; Barnhart, 2017; Fattahi and Amelung, 2016; Mohadjer, et al., 2010","slip_type":"Sinistral","strike_slip_rate":"None"},"geometry":{"type":"LineString","coordinates":[[66.1352564102476,30.243087622788142],[66.29504636029164,30.467792240037557],[66.43985600251904,30.702483729164726],[66.56968533692981,30.927188346414145],[66.6346000041352,31.16687327148019],[66.7194884150961,31.416545068423986],[66.87428492920124,31.686190609123283],[67.07402236675628,31.93586240606708],[67.26377293243357,32.12561297174437],[67.69820185911577,32.63993687344858],[68.0876898623481,33.024431440742035],[68.21751919675887,33.27909667362471],[68.40227632649727,33.508794726813],[68.45221068588603,33.62863718934602]]}},{"type":"Feature","properties":{"catalog_id":"GAF_442","catalog_name":"HimaTibetMap","exposure_quality":"1","fs_name":"Chaman Fault","reference":"Molnar and Tapponnier, 1975; Tapponnier, et al., 1981; Ruleman, et al., 2007","slip_type":"Sinistral"},"geometry":{"type":"LineString","coordinates":[[65.80568963828179,29.23940699907408],[65.94550584457032,29.379223205362607],[66.02540081959233,29.638881874184154],[66.13026297430874,29.958461774272212],[66.20017107745299,30.213127007154885],[66.28006605247501,30.34295634156566]]}},{"type":"Feature","properties":{"catalog_id":"GAF_443","catalog_name":"HimaTibetMap","exposure_quality":"1","fs_name":"Makran Thrust Belt","reference":"Molnar and Tapponnier, 1975","slip_type":"Anticline"},"geometry":{"type":"LineString","coordinates":[[62.15798468493295,25.34452696675086],[62.43262366157113,25.40444819801737],[62.617380791309536,25.4394022495895]]}},{"type":"Feature","properties":{"catalog_id":"GAF_444","catalog_name":"HimaTibetMap","exposure_quality":"1","fs_name":"Makran Thrust Belt","reference":"Molnar and Tapponnier, 1975","slip_type":"Anticline"},"geometry":{"type":"LineString","coordinates":[[62.792151049170194,25.38946789020074],[62.936960691397594,25.419428505833995],[63.116724385197124,25.419428505833995],[63.2665274633634,25.42941537771175]]}},{"type":"Feature","properties":{"catalog_id":"GAF_445","catalog_name":"HimaTibetMap","exposure_quality":"1","fs_name":"Makran Thrust Belt","reference":"Molnar and Tapponnier, 1975","slip_type":"Anticline"},"geometry":{"type":"LineString","coordinates":[[63.41633054152968,25.449389121467252],[63.636041722840226,25.534277532428142],[63.82079885257863,25.589205327755778],[64.00555598231705,25.63913968714454]]}},{"type":"Feature","properties":{"catalog_id":"GAF_446","catalog_name":"HimaTibetMap","exposure_quality":"1","fs_name":"Makran Thrust Belt","reference":"Molnar and Tapponnier, 1975","slip_type":"Anticline"},"geometry":{"type":"LineString","coordinates":[[63.795831672884255,25.42941537771175],[63.965608494806034,25.554251276183646],[64.11041813703343,25.60917907151128]]}},{"type":"Feature","properties":{"catalog_id":"GAF_447","catalog_name":"HimaTibetMap","exposure_quality":"1","fs_name":"Makran Thrust Belt","reference":"Molnar and Tapponnier, 1975","slip_type":"Anticline"},"geometry":{"type":"LineString","coordinates":[[62.83709197262007,25.94373927941597],[63.33144213056879,25.91877209972159],[63.661008902534604,25.923765535660465],[63.92066757135615,25.94373927941597]]}},{"type":"Feature","properties":{"catalog_id":"GAF_448","catalog_name":"HimaTibetMap","exposure_quality":"1","fs_name":"Makran Thrust Belt","reference":"Molnar and Tapponnier, 1975","slip_type":"Anticline"},"geometry":{"type":"LineString","coordinates":[[62.22789278807721,26.717721849941736],[62.52250550847089,26.77764308120825],[62.8320985366812,26.797616824963754],[63.226579975852395,26.792623389024875],[63.670995774412354,26.792623389024875],[63.975595366683784,26.807603696841504],[64.12040500891119,26.83756431247476]]}},{"type":"Feature","properties":{"catalog_id":"GAF_449","catalog_name":"HimaTibetMap","exposure_quality":"1","fs_name":"Makran Thrust Belt","reference":"Molnar and Tapponnier, 1975","slip_type":"Anticline"},"geometry":{"type":"LineString","coordinates":[[64.20529341987208,26.84755118435251],[64.48492583244914,26.942426467191154],[64.73459762939292,27.02232144221317],[65.13906594044188,27.266999803218088],[65.35378368581354,27.466737240773128],[65.56850143118521,27.64650093457266]]}},{"type":"Feature","properties":{"catalog_id":"GAF_450","catalog_name":"HimaTibetMap","exposure_quality":"1","fs_name":"Makran Thrust Belt","reference":"Molnar and Tapponnier, 1975","slip_type":"Anticline"},"geometry":{"type":"LineString","coordinates":[[64.21528029174983,27.51167816422301],[64.48991926838801,27.546632215795142],[64.69465014188192,27.661481242389286],[64.78453198878168,27.766343397105683]]}},{"type":"Feature","properties":{"catalog_id":"GAF_451","catalog_name":"HimaTibetMap","exposure_quality":"1","fs_name":"Makran Thrust Belt","reference":"Molnar and Tapponnier, 1975","slip_type":"Anticline"},"geometry":{"type":"LineString","coordinates":[[63.75588418537325,27.062268929724176],[64.23525403550533,27.237039187584834],[64.52986675589901,27.366868521995606],[64.78952542472057,27.481717548589753],[65.0741512732365,27.58158626736727],[65.25391496703602,27.70642216583917],[65.34879024987467,27.786317140861186]]}},{"type":"Feature","properties":{"catalog_id":"GAF_452","catalog_name":"HimaTibetMap","exposure_quality":"1","fs_name":"Makran Thrust Belt","reference":"Molnar and Tapponnier, 1975","slip_type":"Anticline"},"geometry":{"type":"LineString","coordinates":[[65.11909219668637,27.78132370492231],[65.39373117332455,27.94111365496634],[65.5085801999187,28.070942989377112],[65.68834389371823,28.365555709770792]]}},{"type":"Feature","properties":{"catalog_id":"GAF_453","catalog_name":"HimaTibetMap","exposure_quality":"1","fs_name":"Makran Thrust Belt","reference":"Molnar and Tapponnier, 1975","slip_type":"Anticline"},"geometry":{"type":"LineString","coordinates":[[63.780851365067626,25.883818048149458],[64.04051003388918,25.883818048149458],[64.25522777926084,25.91877209972159],[64.44497834493812,25.948732715354843]]}},{"type":"Feature","properties":{"catalog_id":"GAF_454","catalog_name":"HimaTibetMap","exposure_quality":"1","fs_name":"Makran Thrust Belt","reference":"Molnar and Tapponnier, 1975","slip_type":"Anticline"},"geometry":{"type":"LineString","coordinates":[[64.8644269638037,26.118509537276626],[65.04918409354211,26.21338482011527],[65.16403312013625,26.328233846709416]]}},{"type":"Feature","properties":{"catalog_id":"GAF_455","catalog_name":"HimaTibetMap","exposure_quality":"1","fs_name":"Makran Thrust Belt","reference":"Molnar and Tapponnier, 1975","slip_type":"Anticline"},"geometry":{"type":"LineString","coordinates":[[65.26889527485265,26.612859695225342],[65.52356050773533,26.822584004658133],[65.61843579057397,26.99236082657991]]}},{"type":"Feature","properties":{"catalog_id":"GAF_456","catalog_name":"HimaTibetMap","exposure_quality":"1","fs_name":"Makran Thrust Belt","reference":"Molnar and Tapponnier, 1975","slip_type":"Anticline"},"geometry":{"type":"LineString","coordinates":[[63.67598921035123,25.614172507450157],[63.950628186989405,25.69406748247217],[64.21528029174983,25.729021534044303],[64.44497834493812,25.808916509066318]]}},{"type":"Feature","properties":{"catalog_id":"GAF_457","catalog_name":"HimaTibetMap","exposure_quality":"1","fs_name":"Makran Thrust Belt","reference":"Molnar and Tapponnier, 1975","slip_type":"Anticline"},"geometry":{"type":"LineString","coordinates":[[64.3650833699161,25.753988713738682],[64.52487331996014,25.778955893433064],[64.79951229659831,25.79393620124969]]}},{"type":"Feature","properties":{"catalog_id":"GAF_458","catalog_name":"HimaTibetMap","exposure_quality":"1","fs_name":"Makran Thrust Belt","reference":"Molnar and Tapponnier, 1975","slip_type":"Anticline"},"geometry":{"type":"LineString","coordinates":[[64.59977485904328,25.82889025282182],[64.73959106533181,25.85885086845508],[65.00923660603111,25.93375240753822]]}},{"type":"Feature","properties":{"catalog_id":"GAF_459","catalog_name":"HimaTibetMap","exposure_quality":"1","fs_name":"Makran Thrust Belt","reference":"Molnar and Tapponnier, 1975","slip_type":"Anticline"},"geometry":{"type":"LineString","coordinates":[[64.90437445131471,25.968706459110347],[65.1140987607475,25.98868020286585],[65.32881650611917,26.05359487007124]]}},{"type":"Feature","properties":{"catalog_id":"GAF_460","catalog_name":"HimaTibetMap","exposure_quality":"1","fs_name":"Makran Thrust Belt","reference":"Molnar and Tapponnier, 1975","slip_type":"Anticline"},"geometry":{"type":"LineString","coordinates":[[61.13932375340226,26.093542357582248],[61.334067755018424,26.068575177887865],[61.473883961306946,26.083555485704494]]}},{"type":"Feature","properties":{"catalog_id":"GAF_461","catalog_name":"HimaTibetMap","exposure_quality":"1","fs_name":"Makran Thrust Belt","reference":"Molnar and Tapponnier, 1975","slip_type":"Anticline"},"geometry":{"type":"LineString","coordinates":[[61.29911370344629,26.233358563870773],[61.628680475412104,26.28329292325953],[61.96823411925566,26.28329292325953]]}},{"type":"Feature","properties":{"catalog_id":"GAF_462","catalog_name":"HimaTibetMap","exposure_quality":"1","fs_name":"Makran Thrust Belt","reference":"Molnar and Tapponnier, 1975","slip_type":"Anticline"},"geometry":{"type":"LineString","coordinates":[[61.16429093309664,26.532964720203328],[61.52881175663458,26.512990976447824],[61.778483553578376,26.5179844123867]]}},{"type":"Feature","properties":{"catalog_id":"GAF_463","catalog_name":"HimaTibetMap","exposure_quality":"1","fs_name":"Makran Thrust Belt","reference":"Molnar and Tapponnier, 1975","slip_type":"Anticline"},"geometry":{"type":"LineString","coordinates":[[61.83341134890601,26.438089437364685],[62.073096273972055,26.503004104570074],[62.26784027558822,26.56791877177546]]}},{"type":"Feature","properties":{"catalog_id":"GAF_464","catalog_name":"HimaTibetMap","exposure_quality":"1","fs_name":"Makran Thrust Belt","reference":"Molnar and Tapponnier, 1975","slip_type":"Anticline"},"geometry":{"type":"LineString","coordinates":[[62.332754942793606,26.41811569360918],[62.61238735537066,26.478036924875692],[62.83709197262007,26.532964720203328],[63.00187535860298,26.498010668631196],[63.01186223048073,26.498010668631196]]}},{"type":"Feature","properties":{"catalog_id":"GAF_465","catalog_name":"HimaTibetMap","exposure_quality":"1","fs_name":"Makran Thrust Belt","reference":"Molnar and Tapponnier, 1975","slip_type":"Anticline"},"geometry":{"type":"LineString","coordinates":[[62.946947563275344,26.56791877177546],[63.21159966803577,26.562925335836585],[63.57112705563484,26.557931899897707]]}},{"type":"Feature","properties":{"catalog_id":"GAF_466","catalog_name":"HimaTibetMap","exposure_quality":"1","fs_name":"Makran Thrust Belt","reference":"Molnar and Tapponnier, 1975","slip_type":"Anticline"},"geometry":{"type":"LineString","coordinates":[[63.85075946821189,26.55293846395883],[64.21028685581095,26.62784000304197],[64.45995865275475,26.682767798369607],[64.65470265437091,26.73769559369724]]}},{"type":"Feature","properties":{"catalog_id":"GAF_467","catalog_name":"HimaTibetMap","exposure_quality":"1","fs_name":"Makran Thrust Belt","reference":"Molnar and Tapponnier, 1975","slip_type":"Anticline"},"geometry":{"type":"LineString","coordinates":[[63.940641315111655,26.40812882173143],[64.28518839489409,26.468050052997942],[64.59977485904328,26.537958156142203],[64.9293416310091,26.632833438980846]]}},{"type":"Feature","properties":{"catalog_id":"GAF_468","catalog_name":"HimaTibetMap","exposure_quality":"1","fs_name":"Makran Thrust Belt","reference":"Molnar and Tapponnier, 1975","slip_type":"Anticline"},"geometry":{"type":"LineString","coordinates":[[66.00792379380628,25.484343173039385],[66.15772687197257,25.72402809810543],[66.1926809235447,25.888811484088333]]}},{"type":"Feature","properties":{"catalog_id":"GAF_469","catalog_name":"HimaTibetMap","exposure_quality":"1","fs_name":"Makran Thrust Belt","reference":"Molnar and Tapponnier, 1975","slip_type":"Anticline"},"geometry":{"type":"LineString","coordinates":[[65.78321917655687,26.632833438980846],[65.95798943441753,26.902478979680147],[66.0278975375618,27.182111392257198]]}},{"type":"Feature","properties":{"catalog_id":"GAF_470","catalog_name":"HimaTibetMap","exposure_quality":"1","fs_name":"Makran Thrust Belt","reference":"Molnar and Tapponnier, 1975","slip_type":"Anticline"},"geometry":{"type":"LineString","coordinates":[[65.17901342795288,27.51167816422301],[65.39373117332455,27.73138934553355],[65.59846204681847,27.901166167455333],[65.65838327808497,28.11089047688812]]}},{"type":"Feature","properties":{"catalog_id":"GAF_471","catalog_name":"HimaTibetMap","exposure_quality":"1","fs_name":"Makran Thrust Belt","reference":"Molnar and Tapponnier, 1975","slip_type":"Anticline"},"geometry":{"type":"LineString","coordinates":[[65.7981994843735,27.39183570168999],[65.86810758751776,27.566605959550646],[65.94800256253977,27.696435293961418]]}},{"type":"Feature","properties":{"catalog_id":"GAF_472","catalog_name":"HimaTibetMap","exposure_quality":"1","fs_name":"Makran Thrust Belt","reference":"Molnar and Tapponnier, 1975","slip_type":"Anticline"},"geometry":{"type":"LineString","coordinates":[[63.92066757135615,28.450444120731685],[64.56482080747115,28.705109353614358],[64.94432193882571,28.780010892697494],[65.14405937638075,28.799984636452997]]}},{"type":"Feature","properties":{"catalog_id":"GAF_473","catalog_name":"HimaTibetMap","exposure_quality":"1","fs_name":"Makran Thrust Belt","reference":"Molnar and Tapponnier, 1975","slip_type":"Anticline"},"geometry":{"type":"LineString","coordinates":[[65.20398060764727,28.874886175536137],[65.42369178895781,29.009708945885787],[65.73328481716811,29.144531716235438]]}},{"type":"Feature","properties":{"catalog_id":"GAF_474","catalog_name":"HimaTibetMap","exposure_quality":"1","slip_type":"Anticline"},"geometry":{"type":"LineString","coordinates":[[63.42631741340743,29.382797650604566],[64.01054941825592,29.417751702176698],[64.45995865275475,29.517620420954216],[64.79951229659831,29.717357858509253]]}},{"type":"Feature","properties":{"catalog_id":"GAF_475","catalog_name":"HimaTibetMap","exposure_quality":"1","fs_name":"Makran Thrust Belt","reference":"Molnar and Tapponnier, 1975","slip_type":"Anticline"},"geometry":{"type":"LineString","coordinates":[[64.60976173092102,28.44045724885393],[64.9293416310091,28.580273455142457],[65.15404624825851,28.6751487379811]]}},{"type":"Feature","properties":{"catalog_id":"GAF_476","catalog_name":"HimaTibetMap","exposure_quality":"1","fs_name":"Makran Thrust Belt","reference":"Molnar and Tapponnier, 1975","slip_type":"Anticline"},"geometry":{"type":"LineString","coordinates":[[62.0031881708278,25.504316916794888],[62.28781401934372,25.579218455878028],[62.45759084126551,25.594198763694653],[62.70226920227042,25.60917907151128],[62.946947563275344,25.57422501993915],[63.18663248834139,25.554251276183646],[63.34642243838542,25.534277532428142]]}},{"type":"Feature","properties":{"catalog_id":"GAF_477","catalog_name":"HimaTibetMap","exposure_quality":"1","fs_name":"Makran Thrust Belt","reference":"Molnar and Tapponnier, 1975","slip_type":"Anticline"},"geometry":{"type":"LineString","coordinates":[[68.43157643613664,29.08504061105775],[68.72064328865413,28.940507184799003],[68.90288108698037,28.915370936754005],[69.02227826519412,28.953075308821504],[69.22336824955411,28.946791246810253],[69.41817417190285,28.959359370832754],[69.56899166017286,29.0536203010015]]}},{"type":"Feature","properties":{"catalog_id":"GAF_478","catalog_name":"HimaTibetMap","exposure_quality":"1","fs_name":"Makran Thrust Belt","reference":"Molnar and Tapponnier, 1975","slip_type":"Anticline"},"geometry":{"type":"LineString","coordinates":[[68.33731550596788,29.286130595417745],[68.55725767636163,29.248426223350247],[68.70807516463162,29.260994347372744],[68.90916514899162,29.198153727260248],[69.12910731938537,29.160449355192746],[69.30506105570036,29.166733417203996],[69.4370263579366,29.242142161338997]]}},{"type":"Feature","properties":{"catalog_id":"GAF_479","catalog_name":"HimaTibetMap","exposure_quality":"1","fs_name":"Makran Thrust Belt","reference":"Molnar and Tapponnier, 1975","slip_type":"Anticline"},"geometry":{"type":"LineString","coordinates":[[69.88319476073534,29.46836839374399],[69.96488756688159,29.656890254081485],[69.99002381492659,29.732298998216482]]}},{"type":"Feature","properties":{"catalog_id":"GAF_480","catalog_name":"HimaTibetMap","exposure_quality":"1","fs_name":"Makran Thrust Belt","reference":"Molnar and Tapponnier, 1975","slip_type":"Anticline"},"geometry":{"type":"LineString","coordinates":[[69.5501394741391,29.562629323912738],[69.89576288475784,29.78885555631773],[70.05286443503908,29.996229602688974],[70.10313693112909,30.228739897105218],[70.15340942721909,30.436113943476464]]}},{"type":"Feature","properties":{"catalog_id":"GAF_481","catalog_name":"HimaTibetMap","exposure_quality":"1","fs_name":"Makran Thrust Belt","reference":"Molnar and Tapponnier, 1975","slip_type":"Anticline"},"geometry":{"type":"LineString","coordinates":[[68.30589519591163,29.556345261901487],[68.49441705624913,29.568913385923988],[68.67037079256413,29.562629323912738],[68.89031296295786,29.493504641788988],[68.96572170709287,29.493504641788988]]}},{"type":"Feature","properties":{"catalog_id":"GAF_482","catalog_name":"HimaTibetMap","exposure_quality":"1","fs_name":"Makran Thrust Belt","reference":"Molnar and Tapponnier, 1975","slip_type":"Anticline"},"geometry":{"type":"LineString","coordinates":[[67.55180775456165,29.77628743229523],[67.77803398696665,29.77628743229523],[67.90371522719164,29.78257149430648],[68.13622552160788,29.71344681218273]]}},{"type":"Feature","properties":{"catalog_id":"GAF_483","catalog_name":"HimaTibetMap","exposure_quality":"1","fs_name":"Makran Thrust Belt","reference":"Molnar and Tapponnier, 1975","slip_type":"Anticline"},"geometry":{"type":"LineString","coordinates":[[67.4324105763479,29.487220579777738],[67.50781932048291,29.638038068047734],[67.46383088640415,29.857980238441478]]}},{"type":"Feature","properties":{"catalog_id":"GAF_484","catalog_name":"HimaTibetMap","exposure_quality":"1","fs_name":"Makran Thrust Belt","reference":"Molnar and Tapponnier, 1975","slip_type":"Anticline"},"geometry":{"type":"LineString","coordinates":[[67.32558152215667,29.568913385923988],[67.30044527411167,29.304982781451493],[67.23132059198791,29.09760873508025],[67.19990028193166,28.865098440664006]]}},{"type":"Feature","properties":{"catalog_id":"GAF_485","catalog_name":"HimaTibetMap","exposure_quality":"1","fs_name":"Makran Thrust Belt","reference":"Molnar and Tapponnier, 1975","slip_type":"Anticline"},"geometry":{"type":"LineString","coordinates":[[67.4324105763479,29.141597169159],[67.33814964617916,28.946791246810253],[67.30672933612291,28.846246254630255]]}},{"type":"Feature","properties":{"catalog_id":"GAF_486","catalog_name":"HimaTibetMap","exposure_quality":"1","fs_name":"Makran Thrust Belt","reference":"Molnar and Tapponnier, 1975","slip_type":"Anticline"},"geometry":{"type":"LineString","coordinates":[[67.41984245232541,28.997063742900252],[67.33814964617916,28.846246254630255],[67.25017277802166,28.751985324461508]]}},{"type":"Feature","properties":{"catalog_id":"GAF_487","catalog_name":"HimaTibetMap","exposure_quality":"1","fs_name":"Makran Thrust Belt","reference":"Molnar and Tapponnier, 1975","slip_type":"Anticline"},"geometry":{"type":"LineString","coordinates":[[67.33814964617916,28.37494160378652],[67.22503652997666,28.192703805460276],[67.09935528975167,28.085874751269028]]}},{"type":"Feature","properties":{"catalog_id":"GAF_488","catalog_name":"HimaTibetMap","exposure_quality":"1","fs_name":"Makran Thrust Belt","reference":"Molnar and Tapponnier, 1975","slip_type":"Anticline"},"geometry":{"type":"LineString","coordinates":[[66.92340155343668,29.587765571957735],[67.05536685567291,29.851696176430227],[67.09935528975167,30.027649912745225],[67.26274090204416,30.027649912745225],[67.38213808025792,29.945957106598975]]}},{"type":"Feature","properties":{"catalog_id":"GAF_489","catalog_name":"HimaTibetMap","exposure_quality":"1","slip_type":"Anticline"},"geometry":{"type":"LineString","coordinates":[[66.69717532103168,29.46208433173274],[66.84799280930167,29.656890254081485],[66.96738998751542,29.83284399039648],[66.91083342941417,29.971093354643976]]}},{"type":"Feature","properties":{"catalog_id":"GAF_490","catalog_name":"HimaTibetMap","exposure_quality":"1","slip_type":"Anticline"},"geometry":{"type":"LineString","coordinates":[[66.76630000315542,30.021365850733975],[66.88569718136918,30.17846740101522],[66.94225373947042,30.222455835093967]]}},{"type":"Feature","properties":{"catalog_id":"GAF_491","catalog_name":"HimaTibetMap","exposure_quality":"1","fs_name":"Makran Thrust Belt","reference":"Molnar and Tapponnier, 1975","slip_type":"Anticline"},"geometry":{"type":"LineString","coordinates":[[66.99881029757167,30.373273323363964],[67.15591184785292,30.49895456358896],[67.3192974601454,30.53037487364521]]}},{"type":"Feature","properties":{"catalog_id":"GAF_492","catalog_name":"HimaTibetMap","exposure_quality":"1","fs_name":"Makran Thrust Belt","reference":"Molnar and Tapponnier, 1975","slip_type":"Anticline"},"geometry":{"type":"LineString","coordinates":[[67.12449153779667,30.341853013307716],[67.30044527411167,30.398409571408962],[67.51410338249416,30.335568951296466],[67.70262524283166,30.335568951296466]]}},{"type":"Feature","properties":{"catalog_id":"GAF_493","catalog_name":"HimaTibetMap","exposure_quality":"1","fs_name":"Makran Thrust Belt","reference":"Molnar and Tapponnier, 1975","slip_type":"Anticline"},"geometry":{"type":"LineString","coordinates":[[67.71519336685415,30.335568951296466],[67.91628335121415,30.235023959116468]]}},{"type":"Feature","properties":{"catalog_id":"GAF_494","catalog_name":"HimaTibetMap","exposure_quality":"1","fs_name":"Makran Thrust Belt","reference":"Molnar and Tapponnier, 1975","slip_type":"Anticline"},"geometry":{"type":"LineString","coordinates":[[68.36245175401288,30.065354284812724],[68.55725767636163,30.071638346823974],[68.70179110262038,30.07792240883522]]}},{"type":"Feature","properties":{"catalog_id":"GAF_495","catalog_name":"HimaTibetMap","exposure_quality":"1","fs_name":"Makran Thrust Belt","reference":"Molnar and Tapponnier, 1975","slip_type":"Anticline"},"geometry":{"type":"LineString","coordinates":[[68.40015612608039,29.964809292632726],[68.69550704060913,29.920820858553977],[68.91544921100287,29.964809292632726],[69.08511888530661,29.977377416655226],[69.36790167581286,30.071638346823974],[69.5250032260941,30.222455835093967]]}},{"type":"Feature","properties":{"catalog_id":"GAF_496","catalog_name":"HimaTibetMap","exposure_quality":"1","fs_name":"Makran Thrust Belt","reference":"Molnar and Tapponnier, 1975","slip_type":"Anticline"},"geometry":{"type":"LineString","coordinates":[[67.06165091768418,30.56179518370146],[67.4575468243929,30.8571460982302],[67.6712049327754,30.92627078035395]]}},{"type":"Feature","properties":{"catalog_id":"GAF_497","catalog_name":"HimaTibetMap","exposure_quality":"1","fs_name":"Makran Thrust Belt","reference":"Molnar and Tapponnier, 1975","slip_type":"Anticline"},"geometry":{"type":"LineString","coordinates":[[66.97367404952668,30.8948504702977],[67.53923963053916,30.98911140046645],[67.95398772328164,30.970259214432698],[68.1110892735629,30.970259214432698]]}},{"type":"Feature","properties":{"catalog_id":"GAF_498","catalog_name":"HimaTibetMap","exposure_quality":"1","fs_name":"Makran Thrust Belt","reference":"Molnar and Tapponnier, 1975","slip_type":"Anticline"},"geometry":{"type":"LineString","coordinates":[[68.18649801769789,31.051952020578945],[68.46928080820413,31.020531710522697],[68.77719984675537,31.014247648511446],[68.95943764508162,31.13364482672519],[69.13539138139662,31.435279803265185]]}},{"type":"Feature","properties":{"catalog_id":"GAF_499","catalog_name":"HimaTibetMap","exposure_quality":"1","fs_name":"Makran Thrust Belt","reference":"Molnar and Tapponnier, 1975","slip_type":"Anticline"},"geometry":{"type":"LineString","coordinates":[[68.14879364563039,31.13364482672519],[68.55097361435038,31.23418981890519],[68.81490421882287,31.265610128961438],[69.09140294731786,31.56096104349018],[69.17937981547536,31.755766965838927]]}},{"type":"Feature","properties":{"catalog_id":"GAF_500","catalog_name":"HimaTibetMap","exposure_quality":"1","fs_name":"Makran Thrust Belt","reference":"Molnar and Tapponnier, 1975","slip_type":"Anticline"},"geometry":{"type":"LineString","coordinates":[[67.20618434394292,31.215337632871442],[67.57694400260665,31.372439183152686],[67.9099992892029,31.454131989298933]]}},{"type":"Feature","properties":{"catalog_id":"GAF_501","catalog_name":"HimaTibetMap","exposure_quality":"1","fs_name":"Makran Thrust Belt","reference":"Molnar and Tapponnier, 1975","slip_type":"Anticline"},"geometry":{"type":"LineString","coordinates":[[68.61381423446288,29.751151184250233],[68.84632452887912,29.80770774235148],[69.04741451323912,29.77628743229523],[69.20451606352036,29.83284399039648],[69.2736407456441,29.88311648648648],[69.5124351020716,29.971093354643976],[69.55642353615035,30.033933974756472]]}},{"type":"Feature","properties":{"catalog_id":"GAF_502","catalog_name":"HimaTibetMap","exposure_quality":"1","fs_name":"Makran Thrust Belt","reference":"Molnar and Tapponnier, 1975","slip_type":"Anticline"},"geometry":{"type":"LineString","coordinates":[[69.17309575346411,29.41809589765399],[69.3741857378241,29.531209013856486],[69.4370263579366,29.575197447935235]]}},{"type":"Feature","properties":{"catalog_id":"GAF_503","catalog_name":"HimaTibetMap","exposure_quality":"1","fs_name":"Makran Thrust Belt","reference":"Molnar and Tapponnier, 1975","slip_type":"Anticline"},"geometry":{"type":"LineString","coordinates":[[69.41817417190285,29.380391525586493],[69.56899166017286,29.41809589765399],[69.6632525903416,29.47465245575524]]}},{"type":"Feature","properties":{"catalog_id":"GAF_504","catalog_name":"HimaTibetMap","exposure_quality":"1","fs_name":"Makran Thrust Belt","reference":"Molnar and Tapponnier, 1975","slip_type":"Anticline"},"geometry":{"type":"LineString","coordinates":[[69.92089913280284,31.780903213883924],[69.91461507079158,31.535824795445183],[69.75751352051034,31.341018873096438]]}},{"type":"Feature","properties":{"catalog_id":"GAF_505","catalog_name":"HimaTibetMap","exposure_quality":"1","fs_name":"Makran Thrust Belt","reference":"Molnar and Tapponnier, 1975","slip_type":"Anticline"},"geometry":{"type":"LineString","coordinates":[[70.00887600096034,31.454131989298933],[70.01516006297159,31.30959856304019],[69.9774556909041,31.13364482672519]]}},{"type":"Feature","properties":{"catalog_id":"GAF_506","catalog_name":"HimaTibetMap","exposure_quality":"1","fs_name":"Makran Thrust Belt","reference":"Molnar and Tapponnier, 1975","slip_type":"Anticline"},"geometry":{"type":"LineString","coordinates":[[70.10313693112909,31.102224516668944],[70.04029631101659,30.8948504702977],[69.93346725682534,30.712612671971456]]}},{"type":"Feature","properties":{"catalog_id":"GAF_507","catalog_name":"HimaTibetMap","exposure_quality":"1","fs_name":"Makran Thrust Belt","reference":"Molnar and Tapponnier, 1975","slip_type":"Anticline"},"geometry":{"type":"LineString","coordinates":[[69.94603538084785,30.404693633420212],[69.99630787693783,30.693760485937705],[70.12827317917409,30.8948504702977]]}},{"type":"Feature","properties":{"catalog_id":"GAF_508","catalog_name":"HimaTibetMap","exposure_quality":"1","fs_name":"Makran Thrust Belt","reference":"Molnar and Tapponnier, 1975","slip_type":"Anticline"},"geometry":{"type":"LineString","coordinates":[[67.16219590986417,26.979879837289058],[67.16847997187541,27.20610606969405],[67.15591184785292,27.344355433941548],[67.19361621992041,27.520309170256542],[67.19361621992041,27.65855853450404],[67.29416121210042,27.809376022774035],[67.33814964617916,28.02931819316778]]}},{"type":"Feature","properties":{"catalog_id":"GAF_509","catalog_name":"HimaTibetMap","exposure_quality":"1","fs_name":"Makran Thrust Belt","reference":"Molnar and Tapponnier, 1975","slip_type":"Anticline"},"geometry":{"type":"LineString","coordinates":[[66.77258406516667,26.901329062148434],[66.92340155343666,26.637398457675943],[67.04279873165041,26.499149093428446],[67.13705966181915,26.335763481135952]]}},{"type":"Feature","properties":{"catalog_id":"GAF_510","catalog_name":"HimaTibetMap","exposure_quality":"1","fs_name":"Makran Thrust Belt","reference":"Molnar and Tapponnier, 1975","slip_type":"Anticline"},"geometry":{"type":"LineString","coordinates":[[66.92968561544791,26.279206923034703],[67.04279873165041,26.128389434764706],[67.1056393517629,26.00899225655096]]}},{"type":"Feature","properties":{"catalog_id":"GAF_511","catalog_name":"HimaTibetMap","exposure_quality":"1","fs_name":"Makran Thrust Belt","reference":"Molnar and Tapponnier, 1975","slip_type":"Anticline"},"geometry":{"type":"LineString","coordinates":[[67.18733215790915,26.184945992865956],[67.2187524679654,25.93358351241596],[67.27530902606665,25.719925404033468]]}},{"type":"Feature","properties":{"catalog_id":"GAF_512","catalog_name":"HimaTibetMap","exposure_quality":"1","fs_name":"Makran Thrust Belt","reference":"Molnar and Tapponnier, 1975","slip_type":"Anticline"},"geometry":{"type":"LineString","coordinates":[[67.40099026629164,25.870742892303465],[67.3192974601454,26.06554881465221],[67.3067293361229,26.134673496775957]]}},{"type":"Feature","properties":{"catalog_id":"GAF_513","catalog_name":"HimaTibetMap","exposure_quality":"1","fs_name":"Makran Thrust Belt","reference":"Molnar and Tapponnier, 1975","slip_type":"Anticline"},"geometry":{"type":"LineString","coordinates":[[67.56437587858414,25.921015388393464],[67.4072743283029,26.140957558787207],[67.23760465399916,26.41117222527095],[67.17476403388666,26.574557837563443],[67.1684799718754,26.77564782192344],[67.1684799718754,26.920181248182185]]}},{"type":"Feature","properties":{"catalog_id":"GAF_514","catalog_name":"HimaTibetMap","exposure_quality":"1","fs_name":"Makran Thrust Belt","reference":"Molnar and Tapponnier, 1975","slip_type":"Anticline"},"geometry":{"type":"LineString","coordinates":[[66.82914062326792,25.047530768829738],[66.98624217354916,25.399438241459727],[67.0176624836054,25.713641342022218],[66.93596967745916,26.00270819453971],[66.79143625120041,26.3797519152147],[66.70345938304291,26.693955015777192]]}},{"type":"Feature","properties":{"catalog_id":"GAF_515","catalog_name":"HimaTibetMap","exposure_quality":"1","fs_name":"Makran Thrust Belt","reference":"Molnar and Tapponnier, 1975","slip_type":"Anticline"},"geometry":{"type":"LineString","coordinates":[[67.43241057634789,28.019892100150905],[67.4198424523254,27.667984627520916],[67.26274090204416,27.45432651913842],[67.2564568400329,27.44175839511592],[67.25017277802165,27.39776996103717]]}},{"type":"Feature","properties":{"catalog_id":"GAF_516","catalog_name":"HimaTibetMap","exposure_quality":"1","fs_name":"Makran Thrust Belt","reference":"Molnar and Tapponnier, 1975","slip_type":"Anticline"},"geometry":{"type":"LineString","coordinates":[[69.41189010989159,29.672600409109613],[69.66953665235283,29.854838207435858],[69.83292226464533,30.049644129784603],[69.92089913280283,30.1753253700096]]}},{"type":"Feature","properties":{"catalog_id":"GAF_517","catalog_name":"HimaTibetMap","exposure_quality":"1","fs_name":"Makran Thrust Belt","reference":"Molnar and Tapponnier, 1975","slip_type":"Anticline"},"geometry":{"type":"LineString","coordinates":[[69.0474145132391,30.357563168335844],[69.2610726216216,30.432971912470844],[69.3993219858691,30.52094878062834]]}},{"type":"Feature","properties":{"catalog_id":"GAF_518","catalog_name":"HimaTibetMap","exposure_quality":"1","fs_name":"Makran Thrust Belt","reference":"Molnar and Tapponnier, 1975","slip_type":"Anticline"},"geometry":{"type":"LineString","coordinates":[[69.07883482329535,30.52094878062834],[69.2485044975991,30.60264158677459],[69.3364813657566,30.690618454932086]]}},{"type":"Feature","properties":{"catalog_id":"GAF_519","catalog_name":"HimaTibetMap","exposure_quality":"1","fs_name":"Makran Thrust Belt","reference":"Molnar and Tapponnier, 1975","slip_type":"Reverse"},"geometry":{"type":"LineString","coordinates":[[67.59702071056716,24.983372319897057],[67.85110062323824,25.252398109784078],[67.94077588653391,25.439221574983396],[67.94077588653391,25.685828549046498],[67.93330294792595,25.91001670728568],[67.90341119349405,26.096840172485],[67.70164185107879,26.268717760468373],[67.52976426309542,26.350920085156076],[67.37283255232799,26.455541225667695],[67.28315728903232,26.679729383906878],[67.34294079789609,26.93380929657795],[67.34294079789609,27.15052451620916],[67.35788667511204,27.427023244704152],[67.5073454472715,27.651211402943336],[67.48492663144758,27.87539956118252],[67.38030549093597,28.219154737149267],[67.38030549093597,28.36114057070075],[67.32052198207218,28.510599342860207],[67.29810316624825,28.682476930843578],[67.38030549093597,28.84688158021898],[67.46998075423163,29.026232106810326],[67.46998075423163,29.14579912453789],[67.54471014031137,29.474608423288693],[67.79131711437446,29.66143188848801],[67.99308645678973,29.698796581527876],[68.19485579920499,29.57175662519234],[68.23969343085282,29.392406098600993],[68.31442281693256,29.153272063145863],[68.47882746630796,29.003813290986407]]}},{"type":"Feature","properties":{"catalog_id":"GAF_520","catalog_name":"HimaTibetMap","exposure_quality":"1","fs_name":"Makran Thrust Belt","reference":"Molnar and Tapponnier, 1975","slip_type":"Reverse"},"geometry":{"type":"LineString","coordinates":[[68.94962259861025,28.719841623883443],[69.30832365179293,28.55543697450804],[69.55493062585603,28.570382851723988],[69.77911878409522,28.749733378315334],[69.78659172270319,28.921610966298708]]}},{"type":"Feature","properties":{"catalog_id":"GAF_521","catalog_name":"HimaTibetMap","exposure_quality":"1","fs_name":"Makran Thrust Belt","reference":"Molnar and Tapponnier, 1975","slip_type":"Reverse"},"geometry":{"type":"LineString","coordinates":[[70.01077988094238,28.98139447516249],[70.19013040753373,29.19063675618573],[70.21254922335764,29.3625143441691]]}},{"type":"Feature","properties":{"catalog_id":"GAF_522","catalog_name":"HimaTibetMap","exposure_quality":"1","fs_name":"Makran Thrust Belt","reference":"Molnar and Tapponnier, 1975","slip_type":"Reverse"},"geometry":{"type":"LineString","coordinates":[[69.89121286321482,29.100961492890054],[70.03319869676629,29.377460221385046],[70.1677115917098,29.825836537863413],[70.3321162410852,30.05749763471057],[70.4965208904606,30.32652342459759],[70.50399382906858,30.580603337268663],[70.4442103202048,30.834683249939737],[70.43673738159683,31.036452592355],[70.4143185657729,31.245694873378238],[70.35453505690913,31.365261891105803]]}},{"type":"Feature","properties":{"catalog_id":"GAF_523","catalog_name":"HimaTibetMap","exposure_quality":"1","fs_name":"Salt Range Frontal Fault","reference":"Khan et al., 2007; Meigs et al., 2012; Pennock et al., 1989; Mohadjer (2017)","shortening_rate":"(7,4,13)","slip_type":"Reverse"},"geometry":{"type":"LineString","coordinates":[[71.52820137193848,33.192728350073594],[71.56473573846634,32.93698778437852],[71.63780447152207,32.72143502186411],[71.70356633127223,32.63740597885002],[71.83143661411977,32.49857538604412],[72.02141532006468,32.41089290637724],[72.18216653278729,32.40358603307167],[72.33195743555154,32.5058822593497],[72.45617428174629,32.546070062530355],[72.57673769128824,32.59721817566936],[72.71922172074693,32.64471285215559],[72.77402327053873,32.66663347207231],[72.97130884978921,32.648366288808376],[73.13571349916461,32.71778158521133],[73.23800972544264,32.728741895169684],[73.36588000829018,32.68490065533624],[73.40606781147083,32.68490065533624]]}},{"type":"Feature","properties":{"catalog_id":"GAF_524","catalog_name":"HimaTibetMap","exposure_quality":"1","slip_type":"Anticline"},"geometry":{"type":"LineString","coordinates":[[70.87423621108965,32.22456763708512],[70.99114618397883,32.21726076377955],[71.09709584690964,32.26110200361299],[71.12632334013193,32.308596680099214],[71.1628577066598,32.37070510319659],[71.22496612975718,32.440120399599536],[71.29072798950733,32.48761507608577],[71.29803486281291,32.55703037248871]]}},{"type":"Feature","properties":{"catalog_id":"GAF_525","catalog_name":"HimaTibetMap","exposure_quality":"1","slip_type":"Anticline"},"geometry":{"type":"LineString","coordinates":[[71.12305946967629,32.66294860012738],[71.13292398006429,32.830645276723175],[71.16251751122824,32.92929038060305],[71.18882287226288,32.9917656130603],[71.29404431640141,33.01478280396561],[71.34665503847069,33.02135914422427],[71.3926894202813,33.01149463383628],[71.43543563196258,33.01807097409494],[71.4617409929972,33.05095267538823],[71.50119903454916,33.05095267538823]]}},{"type":"Feature","properties":{"catalog_id":"GAF_526","catalog_name":"HimaTibetMap","exposure_quality":"1","slip_type":"Anticline"},"geometry":{"type":"LineString","coordinates":[[71.090177768383,32.87667965853378],[71.12634763980563,33.004918293577624],[71.17895836187489,33.02135914422427],[71.26445078523746,33.04437633512957],[71.32034967743606,33.07725803642286],[71.35651954885867,33.07068169616421],[71.40255393066928,33.10685156758683],[71.4617409929972,33.13644509875079],[71.50448720467848,33.13644509875079]]}},{"type":"Feature","properties":{"catalog_id":"GAF_527","catalog_name":"HimaTibetMap","exposure_quality":"1","slip_type":"Anticline"},"geometry":{"type":"LineString","coordinates":[[70.74820807493276,32.28152086512519],[70.86987036971794,32.34728426771178],[71.0211261956671,32.393318649522385],[71.11319495928831,32.45908205210897],[71.17895836187489,32.54786264560086]]}},{"type":"Feature","properties":{"catalog_id":"GAF_528","catalog_name":"HimaTibetMap","exposure_quality":"1","slip_type":"Anticline"},"geometry":{"type":"LineString","coordinates":[[69.7847742270393,34.1163197972909],[69.96562358415241,34.06370907522163],[70.11687941010155,34.00452201289371],[70.24840621527473,34.00452201289371],[70.4029502113532,33.97492848172975],[70.55420603730234,33.961775801212426],[70.70546186325149,33.961775801212426],[70.820547817778,33.96835214147109],[70.9093284112699,33.97164031160042],[71.02441436579642,33.965063971341756],[71.15922934109892,33.9256059297898],[71.29075614627209,33.85984252720322],[71.3367905280827,33.853266186944566]]}},{"type":"Feature","properties":{"catalog_id":"GAF_529","catalog_name":"HimaTibetMap","exposure_quality":"1","slip_type":"Anticline"},"geometry":{"type":"LineString","coordinates":[[73.0833226433392,32.84554479762169],[73.15525136491827,32.90719798754662],[73.21176678901612,32.984264474952774],[73.25800668145982,33.04077989905062],[73.35562423217428,33.04077989905062],[73.44296625123458,33.179499576381694]]}},{"type":"Feature","properties":{"catalog_id":"GAF_530","catalog_name":"HimaTibetMap","exposure_quality":"1","slip_type":"Anticline"},"geometry":{"type":"LineString","coordinates":[[73.34021093469305,32.799304905178005],[73.41213965627212,32.871233626757075],[73.47379284619704,32.871233626757075],[73.60737475770104,33.01509106991523]]}},{"type":"Feature","properties":{"catalog_id":"GAF_531","catalog_name":"HimaTibetMap","exposure_quality":"1","slip_type":"Anticline"},"geometry":{"type":"LineString","coordinates":[[73.64333911849059,32.773616076042615],[73.78205879582165,32.82499373431339],[73.85398751740074,32.84554479762169]]}},{"type":"Feature","properties":{"catalog_id":"GAF_532","catalog_name":"HimaTibetMap","exposure_quality":"1","slip_type":"Anticline"},"geometry":{"type":"LineString","coordinates":[[75.78064970255458,31.946435777883234],[75.93478267736688,31.771751739762617],[76.03240022808134,31.61761876495031],[76.13515554462289,31.478899087619233],[76.21735979785612,31.31962834697985],[76.29442628526228,31.23742409374662],[76.50507468417243,31.026775694836466],[76.71058531725551,30.949709207430313]]}},{"type":"Feature","properties":{"catalog_id":"GAF_533","catalog_name":"HimaTibetMap","exposure_quality":"1","net_slip_rate":"(15,10,21)","slip_type":"Reverse"},"geometry":{"type":"LineString","coordinates":[[73.80260985912997,33.14867298141923],[73.94646730228811,33.02022883574231],[74.11601357458166,32.94830011416323],[74.25987101773981,32.90719798754662],[74.40372846089797,32.90719798754662],[74.62979015728935,32.90206022171954],[74.74795877131211,32.989402240779846],[74.79419866375581,32.973988943298615],[74.79419866375581,32.83526926596754],[74.92264280943273,32.675998525328154],[75.06650025259088,32.573243208786614],[75.23604652488443,32.52700331634293],[75.46210822127581,32.465350126418],[75.65220555687766,32.34204374656816],[75.67789438601304,32.213599600891236],[75.79092523420873,32.10570651852262],[75.86285395578781,31.96698684119154],[75.96560927232935,31.833404929687543]]}},{"type":"Feature","properties":{"catalog_id":"GAF_534","catalog_name":"HimaTibetMap","exposure_quality":"1","fs_name":"Main Frontal Thrust","net_slip_rate":"(15,10,21)","reference":"Lave and Avouac, 2000, 2001; Lave, et al., 2005; Lillie and Yeats, 1991","slip_type":"Reverse"},"geometry":{"type":"LineString","coordinates":[[75.71745518288155,31.941298012056162],[75.7945216702877,31.838542695514622],[75.93837911344585,31.67413418904816],[76.03599666416031,31.504587916754623],[76.13361421487478,31.345317176115238],[76.21581846810801,31.232286327919546],[76.31857378464954,31.134668777205086],[76.44701793032647,31.01136239735524],[76.58573760765755,30.918882612467854],[76.70390622168031,30.898331549159547],[76.81179930404893,30.749336340174317],[76.95051898138,30.67740761859524],[77.15089184863601,30.600341131189086],[77.217682804388,30.523274643782933],[77.21254503856093,30.456483688030932],[77.41291790581693,30.410243795587242],[77.5310865198397,30.307488479045702],[77.64925513386247,30.307488479045702],[77.87017906442678,30.173906567541703],[77.97293438096831,30.09684008013555],[78.07055193168277,30.004360295248162],[78.23496043814923,29.855365086262932],[78.37881788130738,29.803987427992165],[78.5329508561197,29.783436364683855]]}},{"type":"Feature","properties":{"catalog_id":"GAF_535","catalog_name":"HimaTibetMap","exposure_quality":"1","fs_name":"Main Frontal Thrust","net_slip_rate":"(15,10,21)","reference":"Lave and Avouac, 2000, 2001; Lave, et al., 2005; Lillie and Yeats, 1991","slip_type":"Reverse"},"geometry":{"type":"LineString","coordinates":[[78.50726202698431,29.74747200389432],[78.553501919428,29.624165624044473],[78.71791042589446,29.552236902465395],[78.98507424890246,29.434068288442624],[79.11865616040646,29.382690630171858],[79.221411476948,29.326175206074012],[79.3755444517603,29.31076190859278],[79.4012332808957,29.31076190859278]]}},{"type":"Feature","properties":{"catalog_id":"GAF_536","catalog_name":"HimaTibetMap","exposure_quality":"1","fs_name":"Main Frontal Thrust","net_slip_rate":"(15,10,21)","reference":"Lave and Avouac, 2000, 2001; Lave, et al., 2005; Lillie and Yeats, 1991","slip_type":"Reverse"},"geometry":{"type":"LineString","coordinates":[[79.43976652459875,29.26709089906263],[79.59903726523814,29.205437709137705],[79.75317024005045,29.09754462676909],[79.90730321486275,29.071855797633706],[80.09226278463753,29.092406860942013],[80.13850267708122,29.11295792425032]]}},{"type":"Feature","properties":{"catalog_id":"GAF_537","catalog_name":"HimaTibetMap","exposure_quality":"1","fs_name":"Main Frontal Thrust","net_slip_rate":"(15,10,21)","reference":"Lave and Avouac, 2000, 2001; Lave, et al., 2005; Lillie and Yeats, 1991","slip_type":"Reverse"},"geometry":{"type":"LineString","coordinates":[[80.15905374038952,29.0513047343254],[80.27722235441229,28.99992707605463],[80.4108042659163,28.99992707605463],[80.4775952216683,28.938273886129707],[80.60603936734522,28.892033993686013],[80.80641223460121,28.8509318670694],[81.00164733603015,28.794416442971553],[81.19688243745907,28.660834531467554],[81.37670424140676,28.56835474658017],[81.36129094392552,28.47073719586571],[81.47432179212122,28.388532942632477],[81.5668015770086,28.321741986880475],[81.67469465937721,28.3166042210534],[81.86479199497906,28.172746777895245],[82.04975156475383,28.06999146135371],[82.1679201787766,28.03402710056417]]}},{"type":"Feature","properties":{"catalog_id":"GAF_538","catalog_name":"HimaTibetMap","exposure_quality":"1","fs_name":"Main Frontal Thrust","net_slip_rate":"(15,10,21)","reference":"Lave and Avouac, 2000, 2001; Lave, et al., 2005; Lillie and Yeats, 1991","slip_type":"Reverse"},"geometry":{"type":"LineString","coordinates":[[81.79800103922706,28.10081805631617],[81.93158295073106,27.93640954984971],[82.1011292230246,27.92099625236848],[82.2347111345286,27.813103169999863],[82.35801751437845,27.73089891676663],[82.50701272336367,27.689796790150016],[82.74334995140921,27.73603668259371],[82.9694116478006,27.76686327755617],[83.14923345174829,27.76686327755617],[83.48832599633536,27.674383492668785],[83.7041121610726,27.61786806857094],[83.86081401879844,27.507406103288787],[83.98925816447536,27.430339615882634],[84.14339113928767,27.425201850055554],[84.24614645582922,27.358410894303557],[84.41055496229568,27.3481353626494],[84.5852390004163,27.342997596822325],[84.70854538026614,27.342997596822325]]}},{"type":"Feature","properties":{"catalog_id":"GAF_539","catalog_name":"HimaTibetMap","exposure_quality":"1","fs_name":"Main Frontal Thrust","net_slip_rate":"(15,10,21)","reference":"Lave and Avouac, 2000, 2001; Lave, et al., 2005; Lillie and Yeats, 1991","slip_type":"Reverse"},"geometry":{"type":"LineString","coordinates":[[84.5595501712809,27.38923748926602],[84.74964750688275,27.36868642595771],[84.95515813996583,27.276206641070324],[85.09901558312399,27.276206641070324],[85.32507727951537,27.18886462201002],[85.6076544000046,27.111798134603866],[85.7412363115086,27.106660368776787],[85.97243577372706,27.01931834971648],[86.15739534350183,26.962802925618632]]}},{"type":"Feature","properties":{"catalog_id":"GAF_540","catalog_name":"HimaTibetMap","exposure_quality":"1","fs_name":"Main Frontal Thrust","net_slip_rate":"(15,10,21)","reference":"Lave and Avouac, 2000, 2001; Lave, et al., 2005; Lillie and Yeats, 1991","slip_type":"Reverse"},"geometry":{"type":"LineString","coordinates":[[86.05977779278737,26.916563033174942],[86.17280864098306,26.865185374904172],[86.2961150208329,26.865185374904172],[86.41428363485568,26.860047609077096],[86.55300331218675,26.824083248287558]]}},{"type":"Feature","properties":{"catalog_id":"GAF_541","catalog_name":"HimaTibetMap","exposure_quality":"1","fs_name":"Main Frontal Thrust","net_slip_rate":"(15,10,21)","reference":"Lave and Avouac, 2000, 2001; Lave, et al., 2005; Lillie and Yeats, 1991","slip_type":"Reverse"},"geometry":{"type":"LineString","coordinates":[[86.53245224887844,26.695639102610635],[86.78934054023229,26.66995027347525],[86.90237138842798,26.675088039302327],[86.97943787583414,26.772705590016788]]}},{"type":"Feature","properties":{"catalog_id":"GAF_542","catalog_name":"HimaTibetMap","exposure_quality":"1","fs_name":"Main Frontal Thrust","net_slip_rate":"(15,10,21)","reference":"Lave and Avouac, 2000, 2001; Lave, et al., 2005; Lillie and Yeats, 1991","slip_type":"Reverse"},"geometry":{"type":"LineString","coordinates":[[87.03338441701842,26.80353218497925],[87.23375728427442,26.80353218497925],[87.49578334145535,26.741878995054325],[87.67046737957597,26.741878995054325],[87.79891152525289,26.69050133678356],[87.99928439250888,26.716190165918942],[88.18938172811073,26.777843355843864],[88.45140778529165,26.860047609077096],[88.65691841837473,26.90114973569371],[88.78536256405165,26.916563033174942],[88.96004660217227,26.921700799002018],[89.04738862123257,26.875460906558327],[89.1963838302178,26.741878995054325],[89.29913914675934,26.76756782418971]]}},{"type":"Feature","properties":{"catalog_id":"GAF_543","catalog_name":"HimaTibetMap","exposure_quality":"1","fs_name":"Main Frontal Thrust","net_slip_rate":"(15,10,21)","reference":"Lave and Avouac, 2000, 2001; Lave, et al., 2005; Lillie and Yeats, 1991","slip_type":"Reverse"},"geometry":{"type":"LineString","coordinates":[[89.3762056341655,26.860047609077096],[89.54575190645903,26.741878995054325],[89.75640030536918,26.68536357095648],[89.96704870427934,26.716190165918942],[90.13659497657288,26.793256653325095],[90.27531465390396,26.870323140731248]]}},{"type":"Feature","properties":{"catalog_id":"GAF_544","catalog_name":"HimaTibetMap","exposure_quality":"1","fs_name":"Main Frontal Thrust","net_slip_rate":"(15,10,21)","reference":"Lave and Avouac, 2000, 2001; Lave, et al., 2005; Lillie and Yeats, 1991","slip_type":"Reverse"},"geometry":{"type":"LineString","coordinates":[[90.39605215084026,26.896011969866635],[90.54504735982549,26.813807716633402],[90.84303777779596,26.798394419152174],[91.08451277166857,26.824083248287558],[91.29002340475165,26.782981121670943],[91.57773829106794,26.782981121670943],[91.76269786084272,26.829221014114633],[91.99903508888826,26.865185374904172],[92.34840316512948,26.926838564829097],[92.53336273490426,26.931976330656173],[92.68749570971656,26.916563033174942],[92.84162868452887,26.916563033174942]]}},{"type":"Feature","properties":{"catalog_id":"GAF_545","catalog_name":"HimaTibetMap","exposure_quality":"1","fs_name":"Main Frontal Thrust","net_slip_rate":"(15,10,21)","reference":"Lave and Avouac, 2000, 2001; Lave, et al., 2005; Lillie and Yeats, 1991","slip_type":"Reverse"},"geometry":{"type":"LineString","coordinates":[[92.7696999629498,26.993629520581095],[93.02658825430365,26.906287501520787],[93.33485420392826,26.95252739396448],[93.66367121686118,27.009042818062326],[93.82807972332763,27.13748696373925],[93.96679940065872,27.30189547020571],[94.08496801468148,27.38923748926602],[94.22882545783963,27.507406103288787]]}},{"type":"Feature","properties":{"catalog_id":"GAF_546","catalog_name":"HimaTibetMap","exposure_quality":"1","fs_name":"Main Frontal Thrust","net_slip_rate":"(15,10,21)","reference":"Lave and Avouac, 2000, 2001; Lave, et al., 2005; Lillie and Yeats, 1991","slip_type":"Reverse"},"geometry":{"type":"LineString","coordinates":[[94.27249646736979,27.563921527386633],[94.61672677778394,27.640988014792786],[94.92499272740856,27.76943216046971],[95.21270761372487,27.887600774492476],[95.28463633530394,27.964667261898633]]}},{"type":"Feature","properties":{"catalog_id":"GAF_547","catalog_name":"HimaTibetMap","exposure_quality":"1","fs_name":"Main Frontal Thrust","net_slip_rate":"(15,10,21)","reference":"Lave and Avouac, 2000, 2001; Lave, et al., 2005; Lillie and Yeats, 1991","slip_type":"Reverse"},"geometry":{"type":"LineString","coordinates":[[95.15619218962702,27.98008055937986],[95.31032516443933,28.046871515131862],[95.33601399357471,28.072560344267245]]}},{"type":"Feature","properties":{"catalog_id":"GAF_548","catalog_name":"HimaTibetMap","exposure_quality":"1","net_slip_rate":"(15,10,21)","slip_type":"Reverse"},"geometry":{"type":"LineString","coordinates":[[95.30004963278517,28.123938002538015],[95.4695959050787,28.18045342663586],[95.63914217737225,28.303759806485708],[95.72134643060548,28.2832087431774],[95.8497905762824,28.057147046786017],[96.06043897519255,28.03145821765063],[96.16833205756117,27.990356091034016],[96.2967762032381,27.841360882048786],[96.2710873741027,27.65126354644694]]}},{"type":"Feature","properties":{"catalog_id":"GAF_549","catalog_name":"HimaTibetMap","exposure_quality":"1","slip_type":"Reverse"},"geometry":{"type":"LineString","coordinates":[[96.20429641835071,27.49713057163463],[95.91144376620733,27.373824191784788],[95.64941770902641,27.307033236032787],[95.43876931011626,27.18372685618294]]}},{"type":"Feature","properties":{"catalog_id":"GAF_550","catalog_name":"HimaTibetMap","exposure_quality":"1","slip_type":"Reverse"},"geometry":{"type":"LineString","coordinates":[[95.59290228492856,27.39951302092017],[95.38739165184548,27.276206641070324],[95.26922303782271,27.111798134603866],[95.08426346804795,27.009042818062326]]}},{"type":"Feature","properties":{"catalog_id":"GAF_551","catalog_name":"HimaTibetMap","exposure_quality":"1","slip_type":"Reverse"},"geometry":{"type":"LineString","coordinates":[[94.93526825906271,26.983353988926943],[94.78113528425041,26.844634311595865],[94.68351773353595,26.777843355843864],[94.5807624169944,26.70077686843771]]}},{"type":"Feature","properties":{"catalog_id":"GAF_552","catalog_name":"HimaTibetMap","exposure_quality":"1","slip_type":"Reverse"},"geometry":{"type":"LineString","coordinates":[[94.34956295477595,26.644261444339865],[94.17487891665533,26.51581729866294],[94.11836349255748,26.346271026369404],[94.02074594184302,26.181862519902943],[93.92312839112856,26.00717848178233],[93.96423051774518,25.945525291857404]]}},{"type":"Feature","properties":{"catalog_id":"GAF_553","catalog_name":"HimaTibetMap","exposure_quality":"1","slip_type":"Anticline"},"geometry":{"type":"LineString","coordinates":[[75.98670128278762,31.9037940015141],[76.1706821027695,31.764414592436918],[76.3044863354836,31.569283419728862],[76.41041468638225,31.441054363377855],[76.521918213644,31.296099777937584],[76.73935009180441,31.20689695612819]]}},{"type":"Feature","properties":{"catalog_id":"GAF_554","catalog_name":"HimaTibetMap","exposure_quality":"1","slip_type":"Anticline"},"geometry":{"type":"LineString","coordinates":[[77.57283895808595,30.4291598534775],[77.77354530715711,30.323231502578842],[77.90177436350811,30.31208114985267],[77.97982683259133,30.222878328043272],[78.04672894894838,30.08349891896609]]}},{"type":"Feature","properties":{"catalog_id":"GAF_555","catalog_name":"HimaTibetMap","exposure_quality":"1","slip_type":"Syncline"},"geometry":{"type":"LineString","coordinates":[[82.18072222217761,27.995595370989903],[82.37585339488567,27.900817372817418],[82.52080798032593,27.850640785549633],[82.7103639766709,27.850640785549633]]}},{"type":"Feature","properties":{"catalog_id":"GAF_556","catalog_name":"HimaTibetMap","exposure_quality":"1","slip_type":"Syncline"},"geometry":{"type":"LineString","coordinates":[[83.88672618928231,27.616483378299968],[84.17106018379977,27.605333025573792],[84.3327402983293,27.62763373102614],[84.47211970740649,27.63320890738923],[84.61149911648367,27.605333025573792],[84.7341529964716,27.555156438306007]]}},{"type":"Feature","properties":{"catalog_id":"GAF_557","catalog_name":"HimaTibetMap","exposure_quality":"1","slip_type":"Anticline"},"geometry":{"type":"LineString","coordinates":[[84.3383154746924,27.516130203764394],[84.6003487637575,27.46595361649661],[84.75087852556085,27.46595361649661],[84.85123170009642,27.432502558318088],[84.97388558008434,27.393476323776476],[85.15229122370313,27.393476323776476]]}},{"type":"Feature","properties":{"catalog_id":"GAF_558","catalog_name":"HimaTibetMap","exposure_quality":"1","slip_type":"Anticline"},"geometry":{"type":"LineString","coordinates":[[83.05881249936385,27.928693254632854],[83.40447343387527,27.850640785549633],[83.64978119385111,27.79488902191876],[83.92296483564239,27.7781634928295],[84.1348215374397,27.7781634928295],[84.40243000286789,27.822764903734196]]}},{"type":"Feature","properties":{"catalog_id":"GAF_559","catalog_name":"HimaTibetMap","exposure_quality":"1","slip_type":"Anticline"},"geometry":{"type":"LineString","coordinates":[[95.93369351034046,27.77680491382939],[96.01012735754641,27.671253410544974],[96.07928179073276,27.638496047456705],[96.17027446597794,27.602098977358633],[96.27946567627217,27.57298132128017],[96.33406128141928,27.57298132128017]]}},{"type":"Feature","properties":{"catalog_id":"GAF_560","catalog_name":"HimaTibetMap","exposure_quality":"1","slip_type":"Anticline"},"geometry":{"type":"LineString","coordinates":[[65.97809677570123,36.696272817212225],[66.22319375957444,36.625230213191],[66.50025991525719,36.589708911180395],[66.6814185555113,36.58260465077827],[66.80219098234737,36.59326104138145],[66.97979749240041,36.53997908836554],[66.9904538830036,36.53997908836554]]}},{"type":"Feature","properties":{"catalog_id":"GAF_561","catalog_name":"HimaTibetMap","exposure_quality":"1","slip_type":"Anticline"},"geometry":{"type":"LineString","coordinates":[[67.76837039703594,36.44762370313796],[67.93887264668686,36.36947683871462],[67.96018542789322,36.36592470851356]]}},{"type":"Feature","properties":{"catalog_id":"GAF_562","catalog_name":"HimaTibetMap","exposure_quality":"1","slip_type":"Anticline"},"geometry":{"type":"LineString","coordinates":[[67.97794607889853,36.404998140725226],[68.09161424533248,36.34461192730719],[68.20883454196749,36.30553849509552]]}},{"type":"Feature","properties":{"catalog_id":"GAF_563","catalog_name":"HimaTibetMap","exposure_quality":"1","slip_type":"Anticline"},"geometry":{"type":"LineString","coordinates":[[68.29763779699401,36.277121453487034],[68.39709744262372,36.25225654207961],[68.52142199966084,36.17410967765627],[68.60312099428525,36.135036245444596]]}},{"type":"Feature","properties":{"catalog_id":"GAF_564","catalog_name":"HimaTibetMap","exposure_quality":"1","slip_type":"Anticline"},"geometry":{"type":"LineString","coordinates":[[67.29238495009378,36.58260465077827],[67.46643932994576,36.61457382258782],[67.58721175678183,36.625230213191],[67.66891075140623,36.64299086419631]]}},{"type":"Feature","properties":{"catalog_id":"GAF_565","catalog_name":"HimaTibetMap","exposure_quality":"1","slip_type":"Anticline"},"geometry":{"type":"LineString","coordinates":[[67.7257448346232,36.63943873399525],[67.86072578226351,36.59681317158252],[68.01346738090913,36.557739739370845],[68.17331323995688,36.557739739370845]]}},{"type":"Feature","properties":{"catalog_id":"GAF_566","catalog_name":"HimaTibetMap","exposure_quality":"1","slip_type":"Anticline"},"geometry":{"type":"LineString","coordinates":[[68.49655708825343,36.49024926555069],[68.59601673388313,36.36592470851356],[68.62798590569267,36.26646506288385]]}},{"type":"Feature","properties":{"catalog_id":"GAF_567","catalog_name":"HimaTibetMap","exposure_quality":"1","slip_type":"Anticline"},"geometry":{"type":"LineString","coordinates":[[68.6706114681054,36.56129186957191],[68.76296685333298,36.468936484344326],[68.86242649896269,36.41565453132841]]}},{"type":"Feature","properties":{"catalog_id":"GAF_568","catalog_name":"HimaTibetMap","exposure_quality":"1","slip_type":"Anticline"},"geometry":{"type":"LineString","coordinates":[[67.9548572325916,36.998203884302406],[67.9548572325916,37.17225826415439],[67.92644019098312,37.250405128577725],[67.92644019098312,37.356969034609556],[67.93354445138525,37.445772289636075],[67.97617001379797,37.52747128426048]]}},{"type":"Feature","properties":{"catalog_id":"GAF_569","catalog_name":"HimaTibetMap","exposure_quality":"1","slip_type":"Anticline"},"geometry":{"type":"LineString","coordinates":[[68.03300409701495,37.32144773259895],[68.06142113862343,37.45998081044032],[68.10759883123723,37.55588832586896],[68.11825522184041,37.59140962787957]]}},{"type":"Feature","properties":{"catalog_id":"GAF_570","catalog_name":"HimaTibetMap","exposure_quality":"1","slip_type":"Anticline"},"geometry":{"type":"LineString","coordinates":[[67.76659433193538,37.45642868023926],[67.85184545676084,37.562992586271086],[67.85894971716296,37.6340351902923],[67.919335930581,37.66955649230292],[67.99037853460221,37.72994270572095],[68.06852539902556,37.81519383054641],[68.11825522184041,37.93951838758354],[68.17153717485633,37.96438329899097]]}},{"type":"Feature","properties":{"catalog_id":"GAF_571","catalog_name":"HimaTibetMap","exposure_quality":"1","slip_type":"Anticline"},"geometry":{"type":"LineString","coordinates":[[68.10404670103617,37.95727903858885],[68.13601587284572,38.02832164261007],[68.2283712580733,38.10291637683235],[68.30651812249664,38.11002063723446]]}},{"type":"Feature","properties":{"catalog_id":"GAF_572","catalog_name":"HimaTibetMap","exposure_quality":"1","slip_type":"Anticline"},"geometry":{"type":"LineString","coordinates":[[68.27454895068709,38.14198980904401],[68.34914368490936,38.269866496282205],[68.3917692473221,38.35866975130873],[68.53030232516348,38.486546438546924]]}},{"type":"Feature","properties":{"catalog_id":"GAF_573","catalog_name":"HimaTibetMap","exposure_quality":"1","slip_type":"Anticline"},"geometry":{"type":"LineString","coordinates":[[68.38111285671891,38.12422915803871],[68.44149907013696,38.26631436608115],[68.51254167415817,38.348013360705544],[68.69014818421121,38.44747300633525]]}},{"type":"Feature","properties":{"catalog_id":"GAF_574","catalog_name":"HimaTibetMap","exposure_quality":"1","slip_type":"Anticline"},"geometry":{"type":"LineString","coordinates":[[68.20705847686693,37.67666075270504],[68.20705847686693,37.77612039833474],[68.22481912787224,37.86492365336127]]}},{"type":"Feature","properties":{"catalog_id":"GAF_575","catalog_name":"HimaTibetMap","exposure_quality":"1","slip_type":"Anticline"},"geometry":{"type":"LineString","coordinates":[[68.27099682048603,37.05148583731832],[68.24257977887754,37.22909234737136],[68.24257977887754,37.32855199300107],[68.25323616948073,37.46353294064138]]}},{"type":"Feature","properties":{"catalog_id":"GAF_576","catalog_name":"HimaTibetMap","exposure_quality":"1","slip_type":"Anticline"},"geometry":{"type":"LineString","coordinates":[[68.40242563792528,37.38538607621804],[68.40242563792528,37.445772289636075],[68.40242563792528,37.48484572184775]]}},{"type":"Feature","properties":{"catalog_id":"GAF_577","catalog_name":"HimaTibetMap","exposure_quality":"1","slip_type":"Anticline"},"geometry":{"type":"LineString","coordinates":[[68.33848729430619,37.5168148936573],[68.3455915547083,37.715734184916705],[68.39532137752316,37.92886199698036],[68.46281185134332,38.03542590301219],[68.46281185134332,38.095812116430224]]}},{"type":"Feature","properties":{"catalog_id":"GAF_578","catalog_name":"HimaTibetMap","exposure_quality":"1","slip_type":"Anticline"},"geometry":{"type":"LineString","coordinates":[[68.49478102315287,38.08160359562598],[68.56937575737514,38.17395898085356],[68.59779279898363,38.27697075668433],[68.6084491895868,38.344461230504486]]}},{"type":"Feature","properties":{"catalog_id":"GAF_579","catalog_name":"HimaTibetMap","exposure_quality":"1","slip_type":"Anticline"},"geometry":{"type":"LineString","coordinates":[[68.62265771039105,38.30538779829281],[68.72566948622182,38.36222188150979],[68.81092061104728,38.40484744392252],[68.87841108486744,38.433264485531005]]}},{"type":"Feature","properties":{"catalog_id":"GAF_580","catalog_name":"HimaTibetMap","exposure_quality":"1","slip_type":"Anticline"},"geometry":{"type":"LineString","coordinates":[[68.50543741375604,37.60917027888488],[68.50543741375604,37.72994270572095],[68.52319806476135,37.836506611752775],[68.54806297616878,37.921757736578236],[68.5729278875762,37.99635247080052],[68.5729278875762,38.05673868421855],[68.57648001777727,38.12067702783765],[68.61555344998894,38.184615371456744],[68.7469822674282,38.301835668091755],[68.82157700165047,38.376430402314035],[68.9814228606982,38.42616022512889],[69.05601759492049,38.454577266737374]]}},{"type":"Feature","properties":{"catalog_id":"GAF_581","catalog_name":"HimaTibetMap","exposure_quality":"1","slip_type":"Anticline"},"geometry":{"type":"LineString","coordinates":[[68.7469822674282,38.20237602246205],[68.81802487144941,38.255657975477966],[68.86420256406319,38.333804839901305],[68.93879729828548,38.35511762110767],[69.00628777210564,38.376430402314035],[69.02404842311094,38.40129531372146]]}},{"type":"Feature","properties":{"catalog_id":"GAF_582","catalog_name":"HimaTibetMap","exposure_quality":"1","slip_type":"Anticline"},"geometry":{"type":"LineString","coordinates":[[68.9636622096929,36.966234712492856],[68.97431860029609,37.055037967519375],[68.9991835117035,37.118976311138475]]}},{"type":"Feature","properties":{"catalog_id":"GAF_583","catalog_name":"HimaTibetMap","exposure_quality":"1","slip_type":"Anticline"},"geometry":{"type":"LineString","coordinates":[[69.20520706336505,37.2894785607894],[69.23362410497353,37.41025098762547],[69.23362410497353,37.520367023858356],[69.23362410497353,37.594961758080636],[69.24428049557672,37.683765013107156]]}},{"type":"Feature","properties":{"catalog_id":"GAF_584","catalog_name":"HimaTibetMap","exposure_quality":"1","slip_type":"Anticline"},"geometry":{"type":"LineString","coordinates":[[69.03470481371413,37.44932441983714],[69.1270601989417,37.57364897687427],[69.1270601989417,37.673108622503975],[69.1270601989417,37.726390575519886],[69.13061232914276,37.911101345975055],[69.1554772405502,37.99990460100158]]}},{"type":"Feature","properties":{"catalog_id":"GAF_585","catalog_name":"HimaTibetMap","exposure_quality":"1","slip_type":"Anticline"},"geometry":{"type":"LineString","coordinates":[[68.90682812647593,37.95727903858885],[69.00273564190458,38.04963442381643],[69.00628777210564,38.11357276743553],[69.0631218553226,38.170406850652505],[69.08088250632791,38.24144945467372],[69.08443463652897,38.316044188896],[69.11995593853959,38.387086792917216],[69.1909985425608,38.419055964726766]]}},{"type":"Feature","properties":{"catalog_id":"GAF_586","catalog_name":"HimaTibetMap","exposure_quality":"1","slip_type":"Anticline"},"geometry":{"type":"LineString","coordinates":[[68.83933765265577,38.475890047943736],[69.03470481371413,38.45812939693843],[69.17679002175656,38.4616815271395],[69.34729227140748,38.51141134995435],[69.5000338700531,38.54693265196496],[69.59238925528068,38.649944427795724],[69.74157872372524,38.671257209002086]]}},{"type":"Feature","properties":{"catalog_id":"GAF_587","catalog_name":"HimaTibetMap","exposure_quality":"1","slip_type":"Anticline"},"geometry":{"type":"LineString","coordinates":[[69.26559327678308,36.75665903063026],[69.26559327678308,36.84546228565679],[69.29045818819051,36.90940062927588],[69.32597949020112,36.95202619168861]]}},{"type":"Feature","properties":{"catalog_id":"GAF_588","catalog_name":"HimaTibetMap","exposure_quality":"1","slip_type":"Anticline"},"geometry":{"type":"LineString","coordinates":[[68.62265771039105,36.685616426609045],[68.53740658556559,36.76376329103238],[68.47702037214756,36.817045244048295],[68.42373841913165,36.87032719706421],[68.36335220571361,36.87387932726527]]}},{"type":"Feature","properties":{"catalog_id":"GAF_589","catalog_name":"HimaTibetMap","exposure_quality":"1","slip_type":"Anticline"},"geometry":{"type":"LineString","coordinates":[[68.32427877350194,36.87387932726527],[68.32427877350194,36.923609150080125],[68.32427877350194,36.95913045209073]]}},{"type":"Feature","properties":{"catalog_id":"GAF_590","catalog_name":"HimaTibetMap","exposure_quality":"1","slip_type":"Anticline"},"geometry":{"type":"LineString","coordinates":[[68.33493516410512,37.05859009772044],[68.35980007551255,37.14028909234484],[68.35980007551255,37.17936252455651]]}},{"type":"Feature","properties":{"catalog_id":"GAF_591","catalog_name":"HimaTibetMap","exposure_quality":"1","slip_type":"Anticline"},"geometry":{"type":"LineString","coordinates":[[67.93354445138525,36.86677506686315],[68.05431687822131,36.77797181183663],[68.11470309163934,36.68206429640799],[68.21771486747011,36.59326104138146]]}},{"type":"Feature","properties":{"catalog_id":"GAF_592","catalog_name":"HimaTibetMap","exposure_quality":"1","slip_type":"Anticline"},"geometry":{"type":"LineString","coordinates":[[69.29756244859263,38.16685472045144],[69.36505292241279,38.23079306407054],[69.44675191703719,38.24855371507584],[69.42543913583081,38.30893992849388],[69.47872108884674,38.365774011710855],[69.53555517206371,38.422608094927824],[69.59594138548175,38.44747300633525]]}},{"type":"Feature","properties":{"catalog_id":"GAF_593","catalog_name":"HimaTibetMap","exposure_quality":"1","slip_type":"Anticline"},"geometry":{"type":"LineString","coordinates":[[69.18744641235973,38.227240933869474],[69.23717623517459,38.30538779829281],[69.24072836537566,38.365774011710855],[69.32597949020112,38.37287827211297]]}},{"type":"Feature","properties":{"catalog_id":"GAF_594","catalog_name":"HimaTibetMap","exposure_quality":"1","slip_type":"Dextral"},"geometry":{"type":"LineString","coordinates":[[63.2365578876389,40.91459339470435],[63.96550908094388,40.80660062532583],[64.52347172273288,40.743604843188365],[64.93744400535051,40.65361086870627],[65.22542472369322,40.52761930443133],[65.64839640375908,40.419626535052814],[65.75638917313759,40.392628342708186]]}},{"type":"Feature","properties":{"catalog_id":"GAF_595","catalog_name":"HimaTibetMap","exposure_quality":"1","slip_type":"Reverse"},"geometry":{"type":"LineString","coordinates":[[67.71812729621716,40.312276579777745],[67.45452783158476,40.385498653286746],[67.18116542381782,40.41478748269035],[67.01519539053075,40.46848366993028],[66.82969947097462,40.610046345381015],[66.653966494553,40.74184607769722],[66.42941880245874,40.75649049239902],[66.09747873588461,40.74184607769722],[65.85828662908854,40.81018667963895],[65.66302776639786,40.84923845217709]]}},{"type":"Feature","properties":{"catalog_id":"GAF_596","catalog_name":"HimaTibetMap","exposure_quality":"1","slip_type":"Anticline"},"geometry":{"type":"LineString","coordinates":[[67.76206054032255,40.12678066022161],[67.38130575807575,40.258580392537816],[67.13723217971241,40.32692099447955],[66.92732890231994,40.45383925522848]]}},{"type":"Feature","properties":{"catalog_id":"GAF_597","catalog_name":"HimaTibetMap","exposure_quality":"1","slip_type":"Dextral"},"geometry":{"type":"LineString","coordinates":[[65.07725117832585,40.75160902083175],[65.32620622825647,40.71255724829362],[65.4970577331108,40.707675776726354],[65.6142130507252,40.610046345381015],[65.72648689677233,40.522179857170215],[65.84364221438673,40.49289102776662]]}},{"type":"Feature","properties":{"catalog_id":"GAF_598","catalog_name":"HimaTibetMap","exposure_quality":"1","slip_type":"Anticline"},"geometry":{"type":"LineString","coordinates":[[65.73624983990686,40.45872072679575],[65.99496783297201,40.40502453955582],[66.10724167901914,40.36597276701768],[66.30738201327708,40.297632165075946],[66.52704823380408,40.26834333567235],[66.72230709649475,40.18047684746155],[66.98590656112715,40.14142507492341],[67.18604689538509,40.05355858671261]]}},{"type":"Feature","properties":{"catalog_id":"GAF_599","catalog_name":"HimaTibetMap","exposure_quality":"1","slip_type":"Anticline"},"geometry":{"type":"LineString","coordinates":[[67.73765318248623,39.87294413872374],[67.96708234614776,39.82901089461834],[68.14281532256936,39.789959122080205],[68.4015333156345,39.68256674760034]]}},{"type":"Feature","properties":{"catalog_id":"GAF_600","catalog_name":"HimaTibetMap","exposure_quality":"1","slip_type":"Anticline"},"geometry":{"type":"LineString","coordinates":[[67.01031391896348,39.95592915536728],[67.20069131008688,39.92175885439641],[67.39595017277755,39.92175885439641]]}},{"type":"Feature","properties":{"catalog_id":"GAF_601","catalog_name":"HimaTibetMap","exposure_quality":"1","slip_type":"Anticline"},"geometry":{"type":"LineString","coordinates":[[66.44406321716055,39.51659671431327],[66.70278121022568,39.44337464080427],[66.83458094254188,39.453137583938805],[66.96638067485809,39.453137583938805],[67.03472127679981,39.44337464080427]]}},{"type":"Feature","properties":{"catalog_id":"GAF_602","catalog_name":"HimaTibetMap","exposure_quality":"1","slip_type":"Anticline"},"geometry":{"type":"LineString","coordinates":[[65.00891057638412,39.951047683800006],[65.24810268318019,39.960810626934546],[65.35549505766006,40.00474387103994],[65.4677689037072,40.02915122887628],[65.61909452229247,40.02915122887628]]}},{"type":"Feature","properties":{"catalog_id":"GAF_603","catalog_name":"HimaTibetMap","exposure_quality":"1","slip_type":"Reverse"},"geometry":{"type":"LineString","coordinates":[[69.68389589635548,40.092610359250735],[69.4154149601558,40.05844005827987],[69.1225266661198,39.99986239947267],[68.87845308775647,39.9656920985018],[68.64414245252766,39.9656920985018],[68.375661516328,39.9656920985018],[68.08765469385925,39.9656920985018],[67.83381817236139,40.01450681417447],[67.77035904198692,40.024269757309]]}},{"type":"Feature","properties":{"catalog_id":"GAF_604","catalog_name":"HimaTibetMap","exposure_quality":"1","slip_type":"Anticline"},"geometry":{"type":"LineString","coordinates":[[69.55697763560654,40.23417303470147],[69.81569562867168,40.302513636643205],[70.00607301979508,40.36109129545041],[70.13299128054402,40.43431336895941],[70.21597629718755,40.49289102776661],[70.29896131383109,40.49289102776661],[70.41123515987822,40.50265397090114],[70.50886459122356,40.55635015814107]]}},{"type":"Feature","properties":{"catalog_id":"GAF_605","catalog_name":"HimaTibetMap","exposure_quality":"1","slip_type":"Anticline"},"geometry":{"type":"LineString","coordinates":[[69.42517790329033,40.69791283359181],[69.67413295322095,40.70767577672634],[69.89868064531521,40.70767577672634],[70.15251716681308,40.77113490710081],[70.32336867166741,40.873645810013414],[70.44540546084909,40.91757905411881],[70.53327194905988,40.91757905411881]]}},{"type":"Feature","properties":{"catalog_id":"GAF_606","catalog_name":"HimaTibetMap","exposure_quality":"1","slip_type":"Anticline"},"geometry":{"type":"LineString","coordinates":[[69.33731141507954,40.51729838560294],[69.5325702777702,40.59540193067921],[69.67413295322095,40.649098117919145],[69.8547474012098,40.663742532620944]]}},{"type":"Feature","properties":{"catalog_id":"GAF_607","catalog_name":"HimaTibetMap","exposure_quality":"1","slip_type":"Anticline"},"geometry":{"type":"LineString","coordinates":[[67.67761108220886,39.672803804465794],[67.87775141646678,39.63863350349493],[68.16575823893552,39.56052995841866],[68.42935770356793,39.55076701528413],[68.73689041230573,39.51171524274599],[69.05906753574533,39.49218935647693],[69.26408934157054,39.53612260058233],[69.54721469247201,39.56052995841866]]}},{"type":"Feature","properties":{"catalog_id":"GAF_608","catalog_name":"HimaTibetMap","exposure_quality":"1","slip_type":"Anticline"},"geometry":{"type":"LineString","coordinates":[[66.97467917652244,39.3799155104298],[67.26268599899117,39.33110079475713],[67.44818191854732,39.33110079475713],[67.60927048026711,39.33110079475713],[67.74107021258332,39.33110079475713]]}},{"type":"Feature","properties":{"catalog_id":"GAF_609","catalog_name":"HimaTibetMap","exposure_quality":"1","slip_type":"Reverse"},"geometry":{"type":"LineString","coordinates":[[68.16381018545957,38.397753330077705],[68.02637449737271,38.309235429276],[67.94950368878176,38.167140904304844],[67.90291531993876,38.08328184038744],[67.8400210220007,37.99476393958574],[67.77246788717835,37.92488138632123],[67.68627940481879,37.86431650682533],[67.6350321990915,37.80142220888728],[67.57912615647989,37.710574889643425]]}},{"type":"Feature","properties":{"catalog_id":"GAF_610","catalog_name":"HimaTibetMap","exposure_quality":"1","slip_type":"Reverse"},"geometry":{"type":"LineString","coordinates":[[67.61173801467,37.908575457226185],[67.46964348969884,37.77579860602363],[67.32754896472768,37.677963031453324],[67.27630175900038,37.61273931507312],[67.26931350367393,37.53120966959787],[67.26698408523178,37.47763304542842]]}},{"type":"Feature","properties":{"catalog_id":"GAF_611","catalog_name":"HimaTibetMap","exposure_quality":"1","slip_type":"Anticline"},"geometry":{"type":"LineString","coordinates":[[65.88330953059463,38.21372927314785],[66.00909812647073,38.2906000817388],[66.16516916209478,38.3138942661603],[66.29794601329735,38.3604826350033],[66.40044042475195,38.38144740098265],[66.45168763047926,38.38144740098265]]}},{"type":"Feature","properties":{"catalog_id":"GAF_612","catalog_name":"HimaTibetMap","exposure_quality":"1","slip_type":"Anticline"},"geometry":{"type":"LineString","coordinates":[[66.3282284530453,37.32156200980436],[66.3887933325412,37.42638583970112],[66.46333472269,37.46831537165982],[66.5378761128388,37.50092722984992]]}},{"type":"Feature","properties":{"catalog_id":"GAF_613","catalog_name":"HimaTibetMap","exposure_quality":"1","slip_type":"Anticline"},"geometry":{"type":"LineString","coordinates":[[65.71792082120197,37.619727570399576],[65.77615628225573,37.698927797432674],[65.85302709084668,37.71756314496988],[65.87632127526818,37.77113976913933],[65.87632127526818,37.859657669941036]]}},{"type":"Feature","properties":{"catalog_id":"GAF_614","catalog_name":"HimaTibetMap","exposure_quality":"1","slip_type":"Anticline"},"geometry":{"type":"LineString","coordinates":[[65.88796836747893,37.51956257738712],[66.05568649531374,37.54984501713507],[66.1605103252105,37.566150946230124],[66.20942811249564,37.640692336378926],[66.20709869405349,37.72921023718063],[66.27232241043369,37.82005755642448],[66.36084031123539,37.90624603878403],[66.4307228644999,37.94584615230059]]}},{"type":"Feature","properties":{"catalog_id":"GAF_615","catalog_name":"HimaTibetMap","exposure_quality":"1","slip_type":"Anticline"},"geometry":{"type":"LineString","coordinates":[[66.04170998466084,37.83403406707738],[66.19778102028489,37.90391662034188],[66.2862989210866,37.959822662953485],[66.29561659485519,38.00874045023864]]}},{"type":"Feature","properties":{"catalog_id":"GAF_616","catalog_name":"HimaTibetMap","exposure_quality":"1","slip_type":"Anticline"},"geometry":{"type":"LineString","coordinates":[[66.96881852463657,37.689610123664075],[67.02006573036387,37.76881035069718],[67.09460712051268,37.81772813798233]]}},{"type":"Feature","properties":{"catalog_id":"GAF_617","catalog_name":"HimaTibetMap","exposure_quality":"1","slip_type":"Anticline"},"geometry":{"type":"LineString","coordinates":[[65.89728604124753,37.941187315416286],[65.94387441009053,38.05765823752379],[66.00210987114428,38.09725835104034],[66.09994544571458,38.136858464556894],[66.19079276495845,38.13452904611474],[66.26999299199154,38.14151730144119],[66.38646391409905,38.190435088726346],[66.48895832555365,38.2533293866644],[66.56582913414461,38.28361182641235],[66.63571168740911,38.33951786902395],[66.72655900665296,38.34883554279255]]}},{"type":"Feature","properties":{"catalog_id":"GAF_618","catalog_name":"HimaTibetMap","exposure_quality":"1","slip_type":"Anticline"},"geometry":{"type":"LineString","coordinates":[[66.09062777194599,37.98311684737499],[66.22340462314854,38.022716960891536],[66.36316972967755,38.139187882999046],[66.4679935595743,38.178787996515595],[66.60775866610331,38.17412915963129],[66.67997063780996,38.19509392561064],[66.74519435419016,38.250999968222246]]}},{"type":"Feature","properties":{"catalog_id":"GAF_619","catalog_name":"HimaTibetMap","exposure_quality":"1","slip_type":"Anticline"},"geometry":{"type":"LineString","coordinates":[[66.4493582120371,37.52422141427142],[66.5332172759545,37.638362917936774],[66.54719378660741,37.73619849250708],[66.5518526234917,37.815398719540184],[66.60775866610331,37.88528127280468],[66.73587668042155,37.92488138632123],[66.79644155991747,37.97379917360639]]}},{"type":"Feature","properties":{"catalog_id":"GAF_620","catalog_name":"HimaTibetMap","exposure_quality":"1","slip_type":"Anticline"},"geometry":{"type":"LineString","coordinates":[[66.5518526234917,37.51024490361852],[66.65201761650415,37.54285676180862],[66.71957075132651,37.587115712209474],[66.80575923368606,37.66398652080043],[66.83837109187617,37.71756314496988],[66.95484201398367,37.79676337200298]]}},{"type":"Feature","properties":{"catalog_id":"GAF_621","catalog_name":"HimaTibetMap","exposure_quality":"1","slip_type":"Anticline"},"geometry":{"type":"LineString","coordinates":[[67.20408978729373,37.845681159288134],[67.27164292211609,37.91556371255263],[67.30891361719048,37.95283440762704],[67.32289012784338,38.00874045023864],[67.37879617045499,38.04601114531304],[67.41606686552939,38.08095242194529],[67.46032581593023,38.176458578073444]]}},{"type":"Feature","properties":{"catalog_id":"GAF_622","catalog_name":"HimaTibetMap","exposure_quality":"1","slip_type":"Reverse"},"geometry":{"type":"LineString","coordinates":[[66.416746353847,37.33320910201511],[66.53088785751235,37.42871525814327],[66.67065296404135,37.48462130075487],[66.80342981524392,37.54052734336647],[66.85933585785551,37.61506873351527],[66.92688899267787,37.66631593924257],[67.00608921971097,37.677963031453324],[67.05034817011182,37.73619849250708],[67.10159537583912,37.77113976913933],[67.15750141845072,37.77346918758148],[67.25533699302103,37.83170464863523],[67.32754896472768,37.90624603878403],[67.42305512085584,37.938857896974135],[67.48129058190959,37.98777568425929],[67.57679673803774,38.09027009571389],[67.6536675466287,38.146176138325494],[67.66764405728159,38.190435088726346],[67.7142324261246,38.230035202242895],[67.82837392978995,38.3511649612347],[67.84700927732715,38.416388677614904],[67.86564462486434,38.479282975552955]]}},{"type":"Feature","properties":{"catalog_id":"GAF_623","catalog_name":"HimaTibetMap","exposure_quality":"1","slip_type":"Anticline"},"geometry":{"type":"LineString","coordinates":[[67.58298425577472,37.32774952754133],[67.63030056788088,37.45149988228055],[67.64121971682846,37.54249279017704],[67.7103743268298,37.61164740017837],[67.77588922051527,37.680802010179704],[67.83048496525316,37.76451548544447],[67.89963957525448,37.830030379129944]]}},{"type":"Feature","properties":{"catalog_id":"GAF_624","catalog_name":"HimaTibetMap","exposure_quality":"1","slip_type":"Reverse"},"geometry":{"type":"LineString","coordinates":[[67.93458085188672,38.47789988335293],[68.0983680861004,38.51793676282739],[68.21847872452376,38.576172223881144],[68.34586879557885,38.579811940197004],[68.45506028505463,38.579811940197004],[68.6115680866366,38.572532507565285],[68.71711985979651,38.572532507565285],[68.78627446979785,38.59437080546044],[68.81539220032472,38.565253074933565],[68.94642198769567,38.561613358617706],[69.1138489382252,38.62348853598731],[69.21212127875341,38.68172399704107]]}},{"type":"Feature","properties":{"catalog_id":"GAF_625","catalog_name":"HimaTibetMap","exposure_quality":"1","slip_type":"Reverse"},"geometry":{"type":"LineString","coordinates":[[66.10588126417653,39.80162617545648],[65.99936493897421,39.852081276868105],[65.91527310328817,39.867030936545625],[65.82557514522306,39.84273773956966],[65.74148330953702,39.82778807989214],[65.66299759623004,39.85768739924717],[65.60880507989903,39.87824318130376]]}},{"type":"Feature","properties":{"catalog_id":"GAF_626","catalog_name":"HimaTibetMap","exposure_quality":"1","slip_type":"Anticline"},"geometry":{"type":"LineString","coordinates":[[66.95801186579509,39.6876350204154],[67.05518465369896,39.69137243533478],[67.10563975511059,39.70258468009292]]}},{"type":"Feature","properties":{"catalog_id":"GAF_627","catalog_name":"HimaTibetMap","exposure_quality":"1","slip_type":"Reverse"},"geometry":{"type":"LineString","coordinates":[[69.24687191909753,40.15424251353373],[69.40746396641462,40.260087271992724],[69.5571065559601,40.31483456085083],[69.73594769956323,40.33308365713686],[69.90748920465194,40.40608004228099],[70.03888269791139,40.49367570445395],[70.15202709488479,40.581271366626915]]}},{"type":"Feature","properties":{"catalog_id":"GAF_628","catalog_name":"HimaTibetMap","exposure_quality":"1","slip_type":"Anticline"},"geometry":{"type":"LineString","coordinates":[[71.96416235608791,40.453527692624675],[72.12840422266221,40.49367570445395],[72.23789880037842,40.559372451083675],[72.32184464329417,40.65791757102825],[72.40214066695272,40.69076594434311],[72.48608650986847,40.698065582857524],[72.57003235278422,40.76376232948725],[72.62842946089953,40.7929608835449]]}},{"type":"Feature","properties":{"catalog_id":"GAF_629","catalog_name":"HimaTibetMap","exposure_quality":"1","slip_type":"Reverse"},"geometry":{"type":"LineString","coordinates":[[71.30719488979071,40.32213419936524],[71.09550537287272,40.336733476394066],[70.87651621744033,40.34403311490848],[70.67942597755116,40.34403311490848],[70.45313718360434,40.31848438010803],[70.2122491126287,40.19804034462021],[70.08815525788367,40.15789233279094]]}},{"type":"Feature","properties":{"catalog_id":"GAF_630","catalog_name":"HimaTibetMap","exposure_quality":"1","slip_type":"Anticline"},"geometry":{"type":"LineString","coordinates":[[72.75617313490177,40.85135799166021],[72.89486626667562,40.93895365383317],[72.93136445924769,41.048448231549365],[72.96056301330535,41.161592628522776]]}},{"type":"Feature","properties":{"catalog_id":"GAF_631","catalog_name":"HimaTibetMap","exposure_quality":"1","slip_type":"Anticline"},"geometry":{"type":"LineString","coordinates":[[70.2158989318859,40.12504395947607],[70.32904332885931,40.172491609819765],[70.40933935251786,40.17614142907697]]}},{"type":"Feature","properties":{"catalog_id":"GAF_632","catalog_name":"HimaTibetMap","exposure_quality":"1","slip_type":"Anticline"},"geometry":{"type":"LineString","coordinates":[[69.70492423587697,40.07759630913239],[69.85456682542245,40.07759630913239],[69.92391339130937,40.103145043932834],[70.00785923422512,40.103145043932834],[70.11370399268412,40.103145043932834]]}},{"type":"Feature","properties":{"catalog_id":"GAF_633","catalog_name":"HimaTibetMap","exposure_quality":"1","slip_type":"Anticline"},"geometry":{"type":"LineString","coordinates":[[61.90757508172185,34.034610861435795],[62.07845783211876,34.12479897970082],[62.16389920731721,34.16751966730005]]}},{"type":"Feature","properties":{"catalog_id":"GAF_634","catalog_name":"HimaTibetMap","exposure_quality":"1","slip_type":"Anticline"},"geometry":{"type":"LineString","coordinates":[[62.182886179583534,34.38586984836276],[62.292061270114885,34.42859053596198],[62.40123636064624,34.42859053596198],[62.52465168037734,34.41909704982882],[62.605346312509205,34.41909704982882]]}},{"type":"Feature","properties":{"catalog_id":"GAF_635","catalog_name":"HimaTibetMap","exposure_quality":"1","slip_type":"Anticline"},"geometry":{"type":"LineString","coordinates":[[62.671800715441336,34.371629619163016],[62.8284432366385,34.36688287609643],[62.975592271702496,34.4001100775625]]}},{"type":"Feature","properties":{"catalog_id":"GAF_636","catalog_name":"HimaTibetMap","exposure_quality":"1","slip_type":"Anticline"},"geometry":{"type":"LineString","coordinates":[[62.206619894916436,34.68966140462392],[62.40123636064624,34.694408147690496],[62.57211911104314,34.684914661557336]]}},{"type":"Feature","properties":{"catalog_id":"GAF_637","catalog_name":"HimaTibetMap","exposure_quality":"1","slip_type":"Anticline"},"geometry":{"type":"LineString","coordinates":[[61.380686601331405,34.945985530219275],[61.60378352546069,34.889024613420304],[61.74618581745811,34.794089752088695],[61.97402948465398,34.727635349156564],[62.10219154745166,34.718141863023405]]}},{"type":"Feature","properties":{"catalog_id":"GAF_638","catalog_name":"HimaTibetMap","exposure_quality":"1","slip_type":"Anticline"},"geometry":{"type":"LineString","coordinates":[[61.39492683053115,34.034610861435795],[61.61327701159386,34.12479897970082],[61.69871838679231,34.153279438100306]]}},{"type":"Feature","properties":{"catalog_id":"GAF_639","catalog_name":"HimaTibetMap","exposure_quality":"1","slip_type":"Anticline"},"geometry":{"type":"LineString","coordinates":[[61.87434788025579,34.433337279028564],[62.030990401452954,34.457070994361466],[62.130672005851146,34.457070994361466]]}},{"type":"Feature","properties":{"catalog_id":"GAF_640","catalog_name":"HimaTibetMap","exposure_quality":"1","fs_name":"Herat Fault","reference":"Molnar and Tapponnier, 1975; Tapponnier, et al., 1985; Ruleman, et al., 2007; Mohadjer et al., 2010","slip_type":"Dextral","strike_slip_rate":"(0.,0.,2.)"},"geometry":{"type":"LineString","coordinates":[[63.11799456369992,34.41909704982882],[63.440773092227396,34.381123105296176],[63.69235047475617,34.357389389963274],[63.92494088501862,34.36688287609643],[64.2761998719456,34.4001100775625],[64.70340674793785,34.43808402209515],[65.09263967939745,34.48555145276095],[65.72395650725268,34.542512369559915],[66.04673503578016,34.58997980022573],[66.331539619775,34.618460258625205]]}},{"type":"Feature","properties":{"catalog_id":"GAF_641","catalog_name":"HimaTibetMap","exposure_quality":"1","fs_name":"Herat Fault","reference":"Molnar and Tapponnier, 1975; Tapponnier, et al., 1985; Ruleman, et al., 2007; Mohadjer et al., 2010","slip_type":"Dextral","strike_slip_rate":"(0.,0.,2.)"},"geometry":{"type":"LineString","coordinates":[[67.8006565988817,34.80832998128843],[68.13292861354235,34.879531127287144],[68.5126680588688,34.945985530219275],[68.82595310126312,35.031426905417725],[69.08227722685848,35.12636176674933],[69.44777644298519,35.259270572613595],[69.67562011018106,35.411166350744175],[70.09333350004015,35.67698396247269],[70.2499760212373,35.82413299753669]]}},{"type":"Feature","properties":{"catalog_id":"GAF_642","catalog_name":"HimaTibetMap","exposure_quality":"1","fs_name":"Herat Fault","reference":"Molnar and Tapponnier, 1975; Tapponnier, et al., 1985; Ruleman, et al., 2007; Mohadjer et al., 2010","slip_type":"Dextral","strike_slip_rate":"(0.,0.,2.)"},"geometry":{"type":"LineString","coordinates":[[66.41935436650674,34.62795374475837],[66.78960032570004,34.651687460091274],[67.15984628489332,34.72288860608998]]}},{"type":"Feature","properties":{"catalog_id":"GAF_643","catalog_name":"HimaTibetMap","exposure_quality":"2","fs_name":"Herat Fault","reference":"Molnar and Tapponnier, 1975; Tapponnier, et al., 1985; Ruleman, et al., 2007; Mohadjer et al., 2010","slip_type":"Dextral","strike_slip_rate":"(0.,0.,2.)"},"geometry":{"type":"LineString","coordinates":[[67.20731371555912,34.73238209222314],[67.76742939741564,34.803583238221854]]}},{"type":"Feature","properties":{"catalog_id":"GAF_644","catalog_name":"HimaTibetMap","exposure_quality":"1","fs_name":"Chaman Fault","reference":"Szeliga et al., 2012; Barnhart, 2017; Fattahi and Amelung, 2016; Mohadjer, et al., 2010","slip_type":"Sinistral","strike_slip_rate":"None"},"geometry":{"type":"LineString","coordinates":[[69.18996194430281,35.089627440282364],[69.12418808160342,34.94633438225868],[69.08425395067879,34.82183385643481],[69.02552728755431,34.706729596710865],[68.96445155790488,34.55169120606228],[68.89163049563054,34.43423787981335],[68.81411130030625,34.29564295483962],[68.74129023803191,34.110066699366314],[68.67316730880754,33.96207550829267]]}},{"type":"Feature","properties":{"catalog_id":"GAF_645","catalog_name":"HimaTibetMap","exposure_quality":"1","fs_name":"Chaman Fault","reference":"Szeliga et al., 2012; Barnhart, 2017; Fattahi and Amelung, 2016; Mohadjer, et al., 2010","slip_type":"Sinistral","strike_slip_rate":"None"},"geometry":{"type":"LineString","coordinates":[[68.65907290965767,33.95033017566777],[68.53222331730882,33.75535765409455],[68.45235505545955,33.64495152742057],[68.45470412198453,33.64495152742057]]}},{"type":"Feature","properties":{"catalog_id":"GAF_646","catalog_name":"HimaTibetMap","exposure_quality":"1","slip_type":"Anticline"},"geometry":{"type":"LineString","coordinates":[[68.08553984369618,32.91589005161497],[68.20095723582313,32.984516609095856],[68.22903173661075,33.01259110988349]]}},{"type":"Feature","properties":{"catalog_id":"GAF_647","catalog_name":"HimaTibetMap","exposure_quality":"1","slip_type":"Anticline"},"geometry":{"type":"LineString","coordinates":[[68.26958379330401,32.993874776025066],[68.431792020077,33.08745644531717],[68.5284930783455,33.152963613821655],[68.609597191732,33.21847078232613],[68.67510436023647,33.2777391728778]]}},{"type":"Feature","properties":{"catalog_id":"GAF_648","catalog_name":"HimaTibetMap","exposure_quality":"1","slip_type":"Anticline"},"geometry":{"type":"LineString","coordinates":[[68.24150929251637,32.822308382322866],[68.3506879066905,32.89717371775655]]}},{"type":"Feature","properties":{"catalog_id":"GAF_649","catalog_name":"HimaTibetMap","exposure_quality":"1","slip_type":"Anticline"},"geometry":{"type":"LineString","coordinates":[[68.53473185629832,32.990755387048665],[68.63143291456683,33.06250133350595],[68.66574619330727,33.09057583429358]]}},{"type":"Feature","properties":{"catalog_id":"GAF_650","catalog_name":"HimaTibetMap","exposure_quality":"1","slip_type":"Anticline"},"geometry":{"type":"LineString","coordinates":[[66.03922067517537,31.401426703570987],[66.18583195706636,31.52308287365073]]}},{"type":"Feature","properties":{"catalog_id":"GAF_651","catalog_name":"HimaTibetMap","exposure_quality":"1","slip_type":"Anticline"},"geometry":{"type":"LineString","coordinates":[[66.25757790352364,31.572993097273187],[66.34492079486294,31.647858432706876]]}},{"type":"Feature","properties":{"catalog_id":"GAF_652","catalog_name":"HimaTibetMap","exposure_quality":"1","slip_type":"Anticline"},"geometry":{"type":"LineString","coordinates":[[66.43850246415505,31.682171711447317],[66.58511374604602,31.76015643585741],[66.61006885785726,31.79446971459785]]}},{"type":"Feature","properties":{"catalog_id":"GAF_653","catalog_name":"HimaTibetMap","exposure_quality":"1","slip_type":"Anticline"},"geometry":{"type":"LineString","coordinates":[[66.33556262793373,31.71960437916416],[66.45409940903707,31.757037046881006],[66.53208413344716,31.79446971459785]]}},{"type":"Feature","properties":{"catalog_id":"GAF_654","catalog_name":"HimaTibetMap","exposure_quality":"1","slip_type":"Anticline"},"geometry":{"type":"LineString","coordinates":[[66.59447191297524,31.822544215385484],[66.68181480431454,31.878693216960748],[66.70676991612577,31.90364832877198]]}},{"type":"Feature","properties":{"catalog_id":"GAF_655","catalog_name":"HimaTibetMap","exposure_quality":"1","slip_type":"Anticline"},"geometry":{"type":"LineString","coordinates":[[65.65241644210133,31.644739043730475],[65.78655016808668,31.757037046881006]]}},{"type":"Feature","properties":{"catalog_id":"GAF_656","catalog_name":"HimaTibetMap","exposure_quality":"1","slip_type":"Anticline"},"geometry":{"type":"LineString","coordinates":[[66.52896474447076,32.20934844845954],[66.6599790814797,32.28109439491682],[66.66621785943252,32.29045256184603],[66.71612808305498,32.30916889570446]]}},{"type":"Feature","properties":{"catalog_id":"GAF_657","catalog_name":"HimaTibetMap","exposure_quality":"1","fs_name":"Makran Thrust Belt","reference":"Molnar and Tapponnier, 1975","slip_type":"Anticline"},"geometry":{"type":"LineString","coordinates":[[66.83466486415831,31.56675431932038],[66.92512714447402,31.60730637601363],[67.02182820274254,31.629142098848455],[67.10917109408184,31.63538087680126]]}},{"type":"Feature","properties":{"catalog_id":"GAF_658","catalog_name":"HimaTibetMap","exposure_quality":"1","slip_type":"Anticline"},"geometry":{"type":"LineString","coordinates":[[67.48661716022669,32.04714022168655],[67.70185499959854,32.12512494609664],[67.82039178070188,32.165677002789884]]}},{"type":"Feature","properties":{"catalog_id":"GAF_659","catalog_name":"HimaTibetMap","exposure_quality":"1","slip_type":"Anticline"},"geometry":{"type":"LineString","coordinates":[[66.49465146573031,30.537355957107167],[66.6475015255741,30.70892235080937]]}},{"type":"Feature","properties":{"catalog_id":"GAF_660","catalog_name":"HimaTibetMap","exposure_quality":"1","slip_type":"Anticline"},"geometry":{"type":"LineString","coordinates":[[66.70053113817296,30.774429519313845],[66.76291891770103,30.88048874451157],[66.86273936494595,30.952234690968858]]}},{"type":"Feature","properties":{"catalog_id":"GAF_661","catalog_name":"HimaTibetMap","exposure_quality":"1","fs_name":"Makran Thrust Belt","reference":"Molnar and Tapponnier, 1975","slip_type":"Anticline"},"geometry":{"type":"LineString","coordinates":[[66.77227708463025,30.736996851597002],[66.86897814289875,30.846175465771132],[66.98127614604928,30.936637746086838],[67.05614148148298,31.027100026402543],[67.16532009565711,31.09884597285983],[67.29009565471326,31.154994974435095],[67.4086324358166,31.18306947522273]]}},{"type":"Feature","properties":{"catalog_id":"GAF_662","catalog_name":"HimaTibetMap","exposure_quality":"1","slip_type":"Reverse"},"geometry":{"type":"LineString","coordinates":[[66.47208135556876,35.957915500481185],[66.0781885680049,35.957915500481185],[65.88803342918098,36.03488305667182],[65.64354825069309,36.0892130963358],[65.45792061517449,36.09374059964113],[65.2451279598239,36.08468559303047],[64.91914772184003,36.0031905335345],[64.72446507971077,35.96697050709185]]}},{"type":"Feature","properties":{"catalog_id":"GAF_663","catalog_name":"HimaTibetMap","exposure_quality":"1","slip_type":"Reverse"},"geometry":{"type":"LineString","coordinates":[[65.03233530447332,35.903585460817204],[64.83312515903873,35.89000295090121],[64.63844251690948,35.85831042776389],[64.47092489461221,35.80398038809991],[64.20832970290297,35.776815368267926],[64.19474719298698,35.776815368267926],[64.04986708721637,35.77228786496259]]}},{"type":"Feature","properties":{"catalog_id":"GAF_664","catalog_name":"HimaTibetMap","exposure_quality":"1","slip_type":"Reverse"},"geometry":{"type":"LineString","coordinates":[[64.31246227892561,35.695320308771954],[64.16305466984966,35.60929774597066],[63.93215200127775,35.577605222833334],[63.732941855843166,35.573077719528],[63.57900674346189,35.573077719528],[63.46129165752327,35.527802686474686],[63.307356545142,35.47800015011604]]}},{"type":"Feature","properties":{"catalog_id":"GAF_665","catalog_name":"HimaTibetMap","exposure_quality":"1","slip_type":"Anticline"},"geometry":{"type":"LineString","coordinates":[[62.33847083780104,35.33312004434543],[62.528625976624966,35.28331750798678],[62.63728605595293,35.26973499807079],[62.813858684860854,35.28784501129211],[62.90893625427282,35.36028506417742],[63.00401382368478,35.42367011045206],[63.16700394267672,35.42367011045206],[63.26660901539401,35.45536263358938]]}},{"type":"Feature","properties":{"catalog_id":"GAF_666","catalog_name":"HimaTibetMap","exposure_quality":"1","reference":"Ruleman, et al., 2007","slip_type":"Anticline"},"geometry":{"type":"LineString","coordinates":[[68.43688066607592,35.46391318493635],[68.91248628021708,35.46004647262626],[69.21022312809407,35.47551332186662],[69.4499592913197,35.51804715727762],[69.70516230378568,35.55671428037853]]}},{"type":"Feature","properties":{"catalog_id":"GAF_667","catalog_name":"HimaTibetMap","exposure_quality":"1","reference":"Ruleman, et al., 2007","slip_type":"Anticline"},"geometry":{"type":"LineString","coordinates":[[67.7370057379495,35.02310798158601],[68.28221217367229,35.0695085293071],[68.69208367854192,35.18550989860982],[69.08648833417116,35.34791181563363]]}},{"type":"Feature","properties":{"catalog_id":"GAF_668","catalog_name":"HimaTibetMap","exposure_quality":"1","slip_type":"Anticline"},"geometry":{"type":"LineString","coordinates":[[69.37701766026989,37.84861395874329],[69.37701766026989,37.96223061594669],[69.440753833823,38.04259361738323],[69.47400748958985,38.10632979093636],[69.4878631794927,38.172837102470055],[69.54051480112355,38.25042896592603]]}},{"type":"Feature","properties":{"catalog_id":"GAF_669","catalog_name":"HimaTibetMap","exposure_quality":"1","slip_type":"Anticline"},"geometry":{"type":"LineString","coordinates":[[69.63473349246294,38.37513017505171],[69.76497697754976,38.549711867827654],[69.83425542706402,38.6300748692642],[69.90076273859772,38.69935331877846],[70.00052370589826,38.799114286079]]}},{"type":"Feature","properties":{"catalog_id":"GAF_670","catalog_name":"HimaTibetMap","exposure_quality":"1","slip_type":"Normal"},"geometry":{"type":"LineString","coordinates":[[73.12091158205006,38.51676733317011],[73.2474695794011,38.673458187033305],[73.31376186372783,38.8120693269892],[73.37402757675214,38.920547610432955],[73.4041604332643,39.047105607784]]}},{"type":"Feature","properties":{"catalog_id":"GAF_671","catalog_name":"HimaTibetMap","exposure_quality":"1","slip_type":"Normal"},"geometry":{"type":"LineString","coordinates":[[73.41621357586915,38.806042755686775],[73.50058557410318,38.86630846871108],[73.51866528801048,38.956707038247536],[73.55482471582506,39.00491960866698]]}},{"type":"Feature","properties":{"catalog_id":"GAF_672","catalog_name":"HimaTibetMap","exposure_quality":"1","slip_type":"Normal"},"geometry":{"type":"LineString","coordinates":[[73.6211170001518,38.93260075303782],[73.6211170001518,39.05915875038886],[73.61509042884937,39.14353074862289],[73.55482471582506,39.19776989034476],[73.50058557410318,39.19776989034476]]}},{"type":"Feature","properties":{"catalog_id":"GAF_673","catalog_name":"HimaTibetMap","exposure_quality":"1","slip_type":"Anticline"},"geometry":{"type":"LineString","coordinates":[[73.41819329798663,39.47678615685529],[73.64258365587155,39.47322440514284],[73.88122102060629,39.494594915417586],[74.02725284081711,39.53733593596709],[74.16259940589055,39.61213272192873],[74.2623284538394,39.66555899761562],[74.40479852233776,39.69049125960283],[74.49384231514924,39.69049125960283]]}},{"type":"Feature","properties":{"catalog_id":"GAF_674","catalog_name":"HimaTibetMap","exposure_quality":"1","slip_type":"Anticline"},"geometry":{"type":"LineString","coordinates":[[73.17243242982697,39.37349535719398],[72.95516557536696,39.37349535719398],[72.79488674830631,39.37349535719398],[72.67022543837025,39.37705710890644],[72.53131712158435,39.37705710890644],[72.38172354966107,39.37705710890644],[72.18226545376338,39.359248350344146],[71.97212210272829,39.327192584932014],[71.80115802053027,39.29157506780743],[71.67649671059421,39.21321653013333],[71.5910146694952,39.20965477842087]]}},{"type":"Feature","properties":{"catalog_id":"GAF_675","catalog_name":"HimaTibetMap","exposure_quality":"1","slip_type":"Anticline"},"geometry":{"type":"LineString","coordinates":[[73.09611074772596,40.87599680003345],[73.1554860559991,40.96775864009196],[73.21756024192103,41.01903731541877],[73.28233330549175,41.0676171130968],[73.34710636906246,41.126992421369955]]}},{"type":"Feature","properties":{"catalog_id":"GAF_676","catalog_name":"HimaTibetMap","exposure_quality":"1","slip_type":"Anticline"},"geometry":{"type":"LineString","coordinates":[[73.04483207239915,40.95156537419928],[73.10690625832108,41.02173619306755],[73.19057146543324,41.064918235448026],[73.26614003959907,41.10000364488216]]}},{"type":"Feature","properties":{"catalog_id":"GAF_677","catalog_name":"HimaTibetMap","exposure_quality":"1","slip_type":"Reverse"},"geometry":{"type":"LineString","coordinates":[[70.13967866361723,40.61603305483743],[70.25378067625103,40.65168993378549],[70.40829381835931,40.713495190628805],[70.50813307941388,40.78480894852493],[70.6293664678373,40.85612270642106],[70.67928609836459,40.86800833273708]]}},{"type":"Feature","properties":{"catalog_id":"GAF_678","catalog_name":"HimaTibetMap","exposure_quality":"1","slip_type":"Reverse"},"geometry":{"type":"LineString","coordinates":[[70.61272659099487,40.939322090633205],[70.7363371046815,40.986864595897295],[70.85994761836811,41.00112734747652],[70.92413000047463,41.0462927274774],[71.00732938468677,41.07481823063585],[71.09528301942534,41.11285223484712],[71.17848240363747,41.16277186537441],[71.32348704469294,41.291136629587434],[71.37578380048343,41.36245038748356]]}},{"type":"Feature","properties":{"catalog_id":"GAF_679","catalog_name":"HimaTibetMap","exposure_quality":"1","slip_type":"Reverse"},"geometry":{"type":"LineString","coordinates":[[71.28545304048167,41.110475109583916],[71.43521193206354,41.188920243269656],[71.50652568995967,41.24121699906014],[71.56833094680297,41.29826800537705],[71.60874207627745,41.374336013799585]]}},{"type":"Feature","properties":{"catalog_id":"GAF_680","catalog_name":"HimaTibetMap","exposure_quality":"1","slip_type":"Reverse"},"geometry":{"type":"LineString","coordinates":[[71.27356741416565,40.8798939590531],[71.50652568995967,41.03440710116138],[71.56833094680297,41.11760648537353],[71.60874207627745,41.188920243269656],[71.66341595733115,41.371958888536376],[71.66341595733115,41.38622164011561],[71.68243295943678,41.43376414537969]]}},{"type":"Feature","properties":{"catalog_id":"GAF_681","catalog_name":"HimaTibetMap","exposure_quality":"1","slip_type":"Reverse"},"geometry":{"type":"LineString","coordinates":[[71.5849708236454,40.986864595897295],[71.85358597838749,41.07244110537265],[71.92489973628362,41.11522936011032],[72.02473899733819,41.13186923695275],[72.13408675944558,41.19605161905927],[72.17687501418327,41.23408562327053]]}},{"type":"Feature","properties":{"catalog_id":"GAF_682","catalog_name":"HimaTibetMap","exposure_quality":"1","slip_type":"Reverse"},"geometry":{"type":"LineString","coordinates":[[72.22322895681575,41.08670385695187],[72.40864472734567,41.04391560221419],[72.53938661682191,41.05342410326701],[72.65111150419251,41.09145810747828],[72.74857363998389,41.11285223484712],[72.82701877366962,41.129492111689544],[72.90784103261856,41.19129736853286],[72.97440053998828,41.257856875902576],[73.01718879472597,41.28162812853462]]}},{"type":"Feature","properties":{"catalog_id":"GAF_683","catalog_name":"HimaTibetMap","exposure_quality":"1","slip_type":"Anticline"},"geometry":{"type":"LineString","coordinates":[[71.5032954096367,42.91524106507244],[71.77446965215705,42.8354839349194],[72.061595320708,42.79294679883778],[72.17857244493246,42.79294679883778],[72.42847811941199,42.745092520745956],[72.52950381760584,42.707872526674535],[72.63584665780989,42.707872526674535],[72.77409235007516,42.665335390592915],[72.92297232636085,42.564309692399064],[73.10907229671794,42.564309692399064],[73.28453798305463,42.55367540837866]]}},{"type":"Feature","properties":{"catalog_id":"GAF_684","catalog_name":"HimaTibetMap","exposure_quality":"1","fs_name":"Issyk Atta Fault","net_slip_rate":"(0.7,0.5,0.9)","slip_type":"Reverse"},"geometry":{"type":"LineString","coordinates":[[75.73574044975811,42.77167823079697],[75.41671192914595,42.69723824265413],[75.25188052682967,42.69723824265413],[75.06046341446236,42.71318966868474],[74.78397202993182,42.77699537280717],[74.59255491756451,42.81421536687859],[74.35328352710539,42.81421536687859],[74.15123213071769,42.77167823079697],[73.9917178704116,42.71850681069494],[73.8003007580443,42.707872526674535],[73.64610363974842,42.71318966868474],[73.46000366939133,42.79294679883778],[73.29517226707505,42.79826394084799],[73.09312087068733,42.79826394084799],[72.96019232043227,42.79826394084799],[72.50291810755483,42.84080107692961]]}},{"type":"Feature","properties":{"catalog_id":"GAF_685","catalog_name":"HimaTibetMap","exposure_quality":"1","slip_type":"Anticline"},"geometry":{"type":"LineString","coordinates":[[74.87702201511038,43.09602389341934],[75.1003419795389,43.09602389341934],[75.25453909783478,43.12792674548056],[75.38215050607965,43.13856102950096],[75.50976191432451,43.12260960347035],[75.74371616277344,43.03753533130711],[75.82347329292648,43.032218189296906]]}},{"type":"Feature","properties":{"catalog_id":"GAF_686","catalog_name":"HimaTibetMap","exposure_quality":"1","slip_type":"Anticline"},"geometry":{"type":"LineString","coordinates":[[75.30771051793681,42.89397249703163],[75.45659049422248,42.909923923062244],[75.60015332849797,42.91524106507244],[75.70117902669182,42.96309534316427],[75.78093615684486,42.96309534316427]]}},{"type":"Feature","properties":{"catalog_id":"GAF_687","catalog_name":"HimaTibetMap","exposure_quality":"1","slip_type":"Anticline"},"geometry":{"type":"LineString","coordinates":[[74.56575665678595,44.11615267581589],[74.89733579178768,44.041759921168065],[75.08012941749377,44.03325789206546],[75.27567608685376,43.96524165924459],[75.39470449429028,43.905727455526325],[75.59450217820158,43.83771122270546]]}},{"type":"Feature","properties":{"catalog_id":"GAF_688","catalog_name":"HimaTibetMap","exposure_quality":"1","slip_type":"Anticline"},"geometry":{"type":"LineString","coordinates":[[79.00706222860063,44.140433067766025],[79.22760436535653,44.205298402105996],[79.35733503403647,44.23124453584198],[79.52598490332039,44.28313680331396],[79.61679637139635,44.35448867108793],[79.69463477260432,44.37394827138992]]}},{"type":"Feature","properties":{"catalog_id":"GAF_689","catalog_name":"HimaTibetMap","exposure_quality":"1","slip_type":"Anticline"},"geometry":{"type":"LineString","coordinates":[[78.87084502648669,44.6204365418818],[78.6632759565988,44.60746347501381],[78.49462608731487,44.581517341277824],[78.33246275146494,44.575030807843824],[78.18975901591702,44.575030807843824],[78.0211091466331,44.56205774097583],[77.89786501138715,44.49070587320186],[77.75516127583921,44.45178667259788]]}},{"type":"Feature","properties":{"catalog_id":"GAF_690","catalog_name":"HimaTibetMap","exposure_quality":"1","slip_type":"Anticline"},"geometry":{"type":"LineString","coordinates":[[78.04056874693508,45.00314201448762],[78.15083981531303,45.06800734882759],[78.26759741712497,45.10044001599758],[78.33894928489894,45.10044001599758]]}},{"type":"Feature","properties":{"catalog_id":"GAF_691","catalog_name":"HimaTibetMap","exposure_quality":"1","slip_type":"Anticline"},"geometry":{"type":"LineString","coordinates":[[78.70219515720278,45.37287442022545],[78.99408916173265,45.37287442022545],[79.22760436535653,45.37287442022545],[79.36382156747047,45.38584748709345],[79.53895797018839,45.38584748709345],[79.7270674397743,45.35990135335746],[79.88274424219023,45.35990135335746],[80.03193451117215,45.35990135335746]]}},{"type":"Feature","properties":{"catalog_id":"GAF_692","catalog_name":"HimaTibetMap","exposure_quality":"1","slip_type":"Anticline"},"geometry":{"type":"LineString","coordinates":[[80.53139758558993,45.9177432286812],[80.75193972234582,45.94368936241719],[80.94004919193173,45.93720282898319],[81.12167212808365,45.89828362837921]]}},{"type":"Feature","properties":{"catalog_id":"GAF_693","catalog_name":"HimaTibetMap","exposure_quality":"1","slip_type":"Anticline"},"geometry":{"type":"LineString","coordinates":[[77.99516301289711,45.20422455094153],[78.215705149653,45.20422455094153],[78.35192235176694,45.14584575003556]]}},{"type":"Feature","properties":{"catalog_id":"GAF_694","catalog_name":"HimaTibetMap","exposure_quality":"1","slip_type":"Anticline"},"geometry":{"type":"LineString","coordinates":[[80.27805462706374,45.771140560604294],[80.38840283259603,45.818432648689566],[80.50269204546878,45.83025567071088],[80.585453199618,45.83025567071088]]}},{"type":"Feature","properties":{"catalog_id":"GAF_695","catalog_name":"HimaTibetMap","exposure_quality":"1","slip_type":"Anticline"},"geometry":{"type":"LineString","coordinates":[[80.2741136197233,45.68837940645507],[80.35687477387252,45.771140560604294],[80.45934096472394,45.78296358262561],[80.54998413355405,45.78296358262561]]}},{"type":"Feature","properties":{"catalog_id":"GAF_696","catalog_name":"HimaTibetMap","exposure_quality":"1","slip_type":"Anticline"},"geometry":{"type":"LineString","coordinates":[[80.06524023068002,45.46374198805003],[80.16770642153143,45.50709306879486],[80.32928772248944,45.46768299539047],[80.40416686195779,45.491329039433104],[80.44751794270262,45.51497508347574]]}},{"type":"Feature","properties":{"catalog_id":"GAF_697","catalog_name":"HimaTibetMap","exposure_quality":"1","slip_type":"Anticline"},"geometry":{"type":"LineString","coordinates":[[81.38547768972717,44.56125130708944],[81.61405611547264,44.51395921900417],[81.7401683503667,44.51395921900417],[81.87416259994163,44.557310299749005],[81.98056979813349,44.5770153364512],[82.09485901100624,44.5770153364512],[82.28008635600688,44.52184123368505],[82.3628475101561,44.4666671309189]]}},{"type":"Feature","properties":{"catalog_id":"GAF_698","catalog_name":"HimaTibetMap","exposure_quality":"1","slip_type":"Anticline"},"geometry":{"type":"LineString","coordinates":[[82.8499560174344,47.09334852332166],[83.04700638445637,47.097289530662096],[83.25587977349964,47.09334852332166],[83.41746107445765,47.03423341321507],[83.59480640477742,47.00270535449156],[83.74062367637367,46.98300031778936],[83.96526109477871,46.979059310448925],[84.17019347648154,46.979059310448925],[84.32389276275867,46.98300031778936]]}},{"type":"Feature","properties":{"catalog_id":"GAF_699","catalog_name":"HimaTibetMap","exposure_quality":"1","slip_type":"Anticline"},"geometry":{"type":"LineString","coordinates":[[81.30114013264178,47.369219037152405],[81.64006676391955,47.31404493438626],[81.84105813828195,47.310103927045816],[82.03416749796348,47.231283780237035],[82.18786678424061,47.231283780237035],[82.37309412924125,47.21157874353484],[82.5583214742419,47.172168670130446],[82.67261068711463,47.16822766279],[82.73566680456166,47.16822766279]]}},{"type":"Feature","properties":{"catalog_id":"GAF_700","catalog_name":"HimaTibetMap","exposure_quality":"1","slip_type":"Dextral"},"geometry":{"type":"LineString","coordinates":[[83.9120574956828,47.4992722793869],[84.12881289940697,47.43227515459944],[84.31404024440761,47.40468810321636],[84.48744456738693,47.34557299310977],[84.80272515462208,47.23522478757747],[85.07071365377195,47.172168670130446],[85.12982876387854,47.156404640768685]]}},{"type":"Feature","properties":{"catalog_id":"GAF_701","catalog_name":"HimaTibetMap","exposure_quality":"1","slip_type":"Reverse"},"geometry":{"type":"LineString","coordinates":[[84.80272515462208,47.116994567364294],[85.0667726464315,47.02635139853419],[85.27564603547478,47.006646361832],[85.41358129239016,47.006646361832],[85.49240143919894,46.979059310448925],[85.66974676951871,46.979059310448925],[85.78797698973189,46.9869413251298],[85.95744030537077,46.9869413251298],[86.2411928338824,46.959354273746726],[86.41065614952129,46.9869413251298],[86.53676838441534,47.04211542789595],[86.71805472207555,47.156404640768685],[86.82052091292697,47.23916579491791],[86.89145904505487,47.24704780959879]]}},{"type":"Feature","properties":{"catalog_id":"GAF_702","catalog_name":"HimaTibetMap","exposure_quality":"1","slip_type":"Dextral"},"geometry":{"type":"LineString","coordinates":[[85.5988086373908,48.011603233644],[86.19390074579712,47.850021932686],[86.62347054590501,47.72390969779194],[87.08850941207683,47.50715429406778],[87.61266338835526,47.36133702247153]]}},{"type":"Feature","properties":{"catalog_id":"GAF_703","catalog_name":"HimaTibetMap","exposure_quality":"1","slip_type":"Anticline"},"geometry":{"type":"LineString","coordinates":[[85.65792374749739,46.474610370872696],[85.84709209983848,46.46672835619182],[86.02443743015824,46.45884634151094]]}},{"type":"Feature","properties":{"catalog_id":"GAF_704","catalog_name":"HimaTibetMap","exposure_quality":"1","slip_type":"Anticline"},"geometry":{"type":"LineString","coordinates":[[86.51706334771315,46.86871110491662],[86.64711658994764,46.86871110491662],[86.7141137147351,46.919944200342336],[86.81657990558654,46.92782621502321],[86.93086911845927,46.92782621502321],[87.06880437537464,46.97511830310848],[87.15156552952386,46.99088233247024],[87.23826769101353,46.9869413251298],[87.29738280112012,46.951472259065845]]}},{"type":"Feature","properties":{"catalog_id":"GAF_705","catalog_name":"HimaTibetMap","exposure_quality":"1","slip_type":"Reverse"},"geometry":{"type":"LineString","coordinates":[[82.60960333596901,45.37050240954112],[82.87037730131719,45.325368454000085],[83.0408833555833,45.21504100712201],[83.20135964195141,45.109728444192946],[83.38189546411553,45.109728444192946],[83.53735686653464,45.12477309603995],[83.66272896525972,45.27521961451005],[83.7881010639848,45.33038333794909]]}},{"type":"Feature","properties":{"catalog_id":"GAF_706","catalog_name":"HimaTibetMap","exposure_quality":"1","slip_type":"Anticline"},"geometry":{"type":"LineString","coordinates":[[79.34103200920565,48.01582298494727],[79.54442282612384,48.01789840144643],[79.72498406155121,48.003370485952274],[79.83498113600696,48.00959673544977],[79.89724363098192,48.02412465094393],[79.97818487444937,48.03035090044143],[80.04252278592348,48.04902964893391]]}},{"type":"Feature","properties":{"catalog_id":"GAF_707","catalog_name":"HimaTibetMap","exposure_quality":"1","slip_type":"Anticline"},"geometry":{"type":"LineString","coordinates":[[78.75991538943939,48.511847528247756],[78.9674570393559,48.4973196127536],[79.1521691077816,48.43298170127948],[79.32027784421399,48.37279462280369],[79.44480283416391,48.30223046183207],[79.58385573960797,48.262797548347926],[79.78309572352784,48.22544005136295],[79.94912904346106,48.21298755236796],[80.04459820242265,48.200535053372974]]}},{"type":"Feature","properties":{"catalog_id":"GAF_708","catalog_name":"HimaTibetMap","exposure_quality":"1","slip_type":"Anticline"},"geometry":{"type":"LineString","coordinates":[[82.21975224643548,46.44922807964475],[82.37176029080793,46.4998974277689],[82.4984336611183,46.59616918920479],[82.62004009661626,46.63670466770411]]}},{"type":"Feature","properties":{"catalog_id":"GAF_709","catalog_name":"HimaTibetMap","exposure_quality":"1","fs_name":"Bogd Fault","reference":"Tapponnier and Molnar, 1979","slip_type":"Sinistral"},"geometry":{"type":"LineString","coordinates":[[95.82699278871745,43.318572582694124],[96.42699473185351,43.33395724790274],[97.15776632926283,43.341649580507045],[97.73469127458597,43.40318824134152],[98.38853954595218,43.42626523915444],[99.09623414554858,43.48780389998891],[99.51931243878555,43.51088089780183],[99.87315973858374,43.52626556301045]]}},{"type":"Feature","properties":{"catalog_id":"GAF_710","catalog_name":"HimaTibetMap","exposure_quality":"1","fs_name":"Bogd Fault","reference":"Tapponnier and Molnar, 1979","slip_type":"Sinistral"},"geometry":{"type":"LineString","coordinates":[[100.13469904713023,43.618573554262156],[100.72700865766198,43.64165055207508],[101.42701092465406,43.6570352172837],[102.07316686341596,43.6570352172837],[102.5577838174874,43.6570352172837]]}},{"type":"Feature","properties":{"catalog_id":"GAF_711","catalog_name":"HimaTibetMap","exposure_quality":"1","slip_type":"Reverse"},"geometry":{"type":"LineString","coordinates":[[101.51931891590576,43.7493432085354],[101.15008695089895,43.73395854332678],[100.8423936467266,43.78011253895263],[100.64239299901459,43.833958867182794],[100.39623835567672,43.833958867182794],[100.1962377079647,43.73395854332678],[100.13469904713023,43.71088154551386]]}},{"type":"Feature","properties":{"catalog_id":"GAF_712","catalog_name":"HimaTibetMap","exposure_quality":"1","slip_type":"Dextral"},"geometry":{"type":"LineString","coordinates":[[96.42699473185351,45.287809729397104],[97.29622831614039,44.98011642522476],[98.14238490261432,44.73396178188689],[98.63469418929006,44.61088446021795],[99.2039268020089,44.46473014073609],[99.99623706025267,44.19549849958529],[100.36546902525949,44.09549817572928]]}},{"type":"Feature","properties":{"catalog_id":"GAF_713","catalog_name":"HimaTibetMap","exposure_quality":"1","slip_type":"Dextral"},"geometry":{"type":"LineString","coordinates":[[97.1346893314499,44.7416541144912],[97.60392162031272,44.633961458030875],[98.08853857438416,44.40319147990162],[99.04238781731841,44.03395951489481]]}},{"type":"Feature","properties":{"catalog_id":"GAF_714","catalog_name":"HimaTibetMap","exposure_quality":"1","slip_type":"Reverse"},"geometry":{"type":"LineString","coordinates":[[95.55160728148321,44.4724224733404],[95.82083892263401,44.34165281906716],[96.0900705637848,44.28780649083699],[96.37468687014423,44.24934482781545],[96.59776451566917,44.24934482781545]]}},{"type":"Feature","properties":{"catalog_id":"GAF_715","catalog_name":"HimaTibetMap","exposure_quality":"1","slip_type":"Anticline"},"geometry":{"type":"LineString","coordinates":[[101.82855068659896,44.633961458030875],[102.14393632337561,44.57242279719641],[102.42855262973502,44.50319180375763],[102.78239992953323,44.50319180375763]]}},{"type":"Feature","properties":{"catalog_id":"GAF_716","catalog_name":"HimaTibetMap","exposure_quality":"1","slip_type":"Anticline"},"geometry":{"type":"LineString","coordinates":[[96.24391721587098,46.2801206353529],[96.7131495047338,46.21088964191412],[97.3516131108914,45.98011966378487],[97.72084507589821,45.849350009511625]]}},{"type":"Feature","properties":{"catalog_id":"GAF_717","catalog_name":"HimaTibetMap","exposure_quality":"1","slip_type":"Dextral"},"geometry":{"type":"LineString","coordinates":[[96.52737687224612,44.72590187095778],[97.32066663493005,44.3614173854003],[97.85667323133809,44.03981342755547],[98.51060127895592,43.728929601638804]]}},{"type":"Feature","properties":{"catalog_id":"GAF_718","catalog_name":"HimaTibetMap","exposure_quality":"1","slip_type":"Reverse"},"geometry":{"type":"LineString","coordinates":[[99.9684832495035,45.294166036209845],[99.58728499770561,45.43504365100472],[99.40497279032401,45.488908621367464],[99.18951290887301,45.49305208062614],[99.01134416075008,45.47233478433277],[98.82903195336849,45.4226132732287]]}},{"type":"Feature","properties":{"catalog_id":"GAF_719","catalog_name":"HimaTibetMap","exposure_quality":"1","slip_type":"Dextral"},"geometry":{"type":"LineString","coordinates":[[97.90089707942577,45.54691705098889],[98.55142018303741,45.393609058417994],[99.13979139776895,45.190579554743024],[99.58728499770561,45.0414150214308],[99.9684832495035,44.93782853996398],[100.66458440496054,44.72651211777167]]}},{"type":"Feature","properties":{"catalog_id":"GAF_720","catalog_name":"HimaTibetMap","exposure_quality":"1","slip_type":"Reverse"},"geometry":{"type":"LineString","coordinates":[[98.85389270892053,45.48062170285012],[98.62600244969352,45.57177780654092],[98.42711640527722,45.58420818431694],[98.12878733865278,45.57592126579959]]}},{"type":"Feature","properties":{"catalog_id":"GAF_721","catalog_name":"HimaTibetMap","exposure_quality":"1","slip_type":"Dextral"},"geometry":{"type":"LineString","coordinates":[[99.86241069248146,45.12842766586293],[100.76568481087213,44.975119673292035],[101.349912566345,44.90053740663593],[101.75597157369494,44.75551633258238]]}},{"type":"Feature","properties":{"catalog_id":"GAF_722","catalog_name":"HimaTibetMap","exposure_quality":"1","slip_type":"Dextral"},"geometry":{"type":"LineString","coordinates":[[96.79210738180494,45.59663856209296],[97.2396009817416,45.45990440655676],[97.75338992981703,45.294166036209845],[98.14287510013227,45.14500150289762],[98.56136448525822,44.95854583625734]]}},{"type":"Feature","properties":{"catalog_id":"GAF_723","catalog_name":"HimaTibetMap","exposure_quality":"1","slip_type":"Anticline"},"geometry":{"type":"LineString","coordinates":[[97.83878403547622,45.33006522619319],[98.32434566735195,45.30578714459941],[98.70470227898792,45.24913828754724],[98.93939040106119,45.20058212435966]]}},{"type":"Feature","properties":{"catalog_id":"GAF_724","catalog_name":"HimaTibetMap","exposure_quality":"1","slip_type":"Anticline"},"geometry":{"type":"LineString","coordinates":[[95.16819506015976,45.77516338874594],[95.59710783498332,45.78325608261053],[95.85607403865036,45.831812245798105]]}},{"type":"Feature","properties":{"catalog_id":"GAF_725","catalog_name":"HimaTibetMap","exposure_quality":"1","slip_type":"Anticline"},"geometry":{"type":"LineString","coordinates":[[99.79640668132184,45.41099216483914],[100.02300210953051,45.37862138938076],[100.20913406841619,45.37862138938076],[100.46000757821865,45.24913828754724]]}},{"type":"Feature","properties":{"catalog_id":"GAF_726","catalog_name":"HimaTibetMap","exposure_quality":"1","slip_type":"Anticline"},"geometry":{"type":"LineString","coordinates":[[99.07615692737285,44.90924514523423],[99.33512313103991,44.93352322682802],[99.53744047765478,44.93352322682802]]}},{"type":"Feature","properties":{"catalog_id":"GAF_727","catalog_name":"HimaTibetMap","exposure_quality":"1","fs_name":"Main Pamir Thrust","reference":"Arrowsmith and Strecker, 1999; Robinson, et al., 2004b","slip_type":"Reverse"},"geometry":{"type":"LineString","coordinates":[[72.47831911930709,39.25394619551792],[72.3474370221832,39.24436945670398],[72.11440304437726,39.20606250144821],[71.9452139919976,39.16775554619243],[71.76325595453268,39.15498656110718],[71.57172117825382,39.14860206856455],[71.42168560350206,39.14540982229323],[71.21099734959532,39.08156489686695],[70.99073235687463,38.97302852364226],[70.85027352093681,38.87406888923152],[70.65235425211532,38.791070486177354],[70.31078390108469,38.59315121735587],[70.14478709497635,38.4431156426041],[70.03305847548035,38.32181028429415],[69.96282905751144,38.22285064988341],[69.8638694231007,38.082391813945584],[69.74575631106207,37.84616558986833],[69.69148812444972,37.73762921664364],[69.65637341546527,37.64505407477553],[69.64679667665132,37.56524791799267],[69.62445095275213,37.45351929849667],[69.58295175122504,37.338598432729356],[69.54783704224059,37.24283104458993],[69.47441537800036,37.11194894746605],[69.38184023613223,37.04810402203976],[69.36268675850435,36.97468235779953]]}},{"type":"Feature","properties":{"catalog_id":"GAF_728","catalog_name":"HimaTibetMap","exposure_quality":"1","fs_name":"Main Pamir Thrust","net_slip_rate":"Some slip rate may be on neighboring faults","reference":"Arrowsmith and Strecker, 1999; Robinson, et al., 2004b; Jay et al., 2017; Mohadjer (2017)","shortening_rate":"(10,6,15)","slip_type":"Reverse"},"geometry":{"type":"LineString","coordinates":[[73.01022715426483,39.50812880487132],[72.81071176230768,39.52009972838875],[72.64311883306368,39.50413849703218],[72.39172943919769,39.47620634215818],[72.19221404724054,39.47620634215818],[72.01664050231825,39.47620634215818],[71.84505726523511,39.47620634215818],[71.69342556734769,39.404380801053605],[71.5737163321734,39.31659402859246],[71.4420361734817,39.25673941100532],[71.22655955016798,39.20486540909646],[70.91930584655398,39.14900109934847],[70.71180983891855,39.08116586608304],[70.44844952153512,39.05722401904818],[70.28085659229113,39.00135970930018],[70.1012927395297,38.88963108980418],[69.98158350435541,38.83376678005618],[69.8499033456637,38.78189277814732],[69.67033949290227,38.6023289253859],[69.52668841069313,38.434735996141896]]}},{"type":"Feature","properties":{"catalog_id":"GAF_729","catalog_name":"HimaTibetMap","exposure_quality":"1","fs_name":"Main Pamir Thrust","reference":"Arrowsmith and Strecker, 1999; Robinson, et al., 2004b","slip_type":"Reverse"},"geometry":{"type":"LineString","coordinates":[[74.38188787820651,39.51768499895309],[74.21167766582944,39.46094826149406],[74.06120197082943,39.41901241206783],[73.92306034919007,39.364742489280935],[73.7775182835343,39.364742489280935],[73.47410007886215,39.33267389854323],[73.33595845722279,39.33514071321536],[73.25702038771458,39.42147922673996],[73.20028365025556,39.5028841109203],[73.11641195140308,39.515218184280954],[73.02267299386209,39.515218184280954]]}},{"type":"Feature","properties":{"catalog_id":"GAF_730","catalog_name":"HimaTibetMap","exposure_quality":"1","slip_type":"Reverse"},"geometry":{"type":"LineString","coordinates":[[69.9172444523737,38.84030072892283],[70.03955485426512,38.88214376114884],[70.11036613957069,38.956173741241024],[70.16508395094317,38.98836068910719],[70.26164479454167,39.020547636973355],[70.3646430277134,39.059171974412756],[70.45154778695205,39.08170283791907],[70.55454602012378,39.09457761706554],[70.68007511680183,39.0881402274923],[70.76376118125386,39.12354587014509],[70.93435200494454,39.15573281801125]]}},{"type":"Feature","properties":{"catalog_id":"GAF_731","catalog_name":"HimaTibetMap","exposure_quality":"1","fs_name":"Main Pamir Thrust","reference":"Arrowsmith and Strecker, 1999; Robinson, et al., 2004b","slip_type":"Reverse"},"geometry":{"type":"LineString","coordinates":[[71.2948458210456,39.22654410331682],[71.40106274900396,39.297355388622385],[71.52981054046862,39.342417115635016],[71.62959007885372,39.384260147861035],[71.73580700681208,39.448634043593366],[71.81305568169087,39.48725838103277],[71.96111564187524,39.493695770605996],[72.10273821248637,39.52266402368554],[72.22826730916442,39.561288361124944],[72.33448423712277,39.603131393350964],[72.46001333380082,39.644974425576976]]}},{"type":"Feature","properties":{"catalog_id":"GAF_732","catalog_name":"HimaTibetMap","exposure_quality":"1","slip_type":"Reverse"},"geometry":{"type":"LineString","coordinates":[[72.90969806647142,40.25956817746505],[72.7836578065169,40.23856146747263],[72.65995162545042,40.21522067859215],[72.44755044663815,40.252565940800906],[72.34951913334018,40.257234098577],[72.2258129522737,40.261902256353096],[72.05775927233432,40.23856146747263],[71.91071230238737,40.22455699414434],[71.68664072913487,40.18721173193559],[71.52092112808354,40.201216205263876],[71.31785626482346,40.23622738858458],[71.26183837151034,40.30391567633794]]}},{"type":"Feature","properties":{"catalog_id":"GAF_733","catalog_name":"HimaTibetMap","exposure_quality":"2","fs_name":"Western Kunlun Shan Thrust Belt","reference":"Avouac and Peltzer, 1993","slip_type":"Syncline"},"geometry":{"type":"LineString","coordinates":[[77.21992581300952,37.60290257745701],[77.35423400979958,37.5414395043497],[77.53179399877628,37.47542361101221],[77.77081706086028,37.42078976825015],[77.9597591004124,37.366155925488094],[78.16463601077011,37.30014003215061],[78.34902523009207,37.25688823996398]]}},{"type":"Feature","properties":{"catalog_id":"GAF_734","catalog_name":"HimaTibetMap","exposure_quality":"1","fs_name":"Western Kunlun Shan Thrust Belt","reference":"Avouac and Peltzer, 1993","slip_type":"Anticline"},"geometry":{"type":"LineString","coordinates":[[79.39440658896243,37.07684296486299],[79.3375117172347,37.09429072552615],[79.28896142669372,37.11401428105843],[79.23813534128362,37.13525503317011],[79.20323981995729,37.14663400751565],[79.15999971744422,37.15118559725387],[79.11979400808997,37.16180597330971],[79.08034689702542,37.176219340814065]]}},{"type":"Feature","properties":{"catalog_id":"GAF_735","catalog_name":"HimaTibetMap","exposure_quality":"1","fs_name":"Western Kunlun Shan Thrust Belt","reference":"Avouac and Peltzer, 1993","slip_type":"Reverse"},"geometry":{"type":"LineString","coordinates":[[76.83925881549705,38.53851110762001],[76.66821400420972,38.6065799610915]]}},{"type":"Feature","properties":{"catalog_id":"GAF_736","catalog_name":"HimaTibetMap","exposure_quality":"1","fs_name":"Karakax Fault","net_slip_rate":"(7,4,10)","reference":"Avouac and Peltzer, 1993; Taylor, et al., 2003; Shen et al., 2001b","slip_type":"Sinistral"},"geometry":{"type":"LineString","coordinates":[[76.89232891466592,36.4331262085334],[77.21630722280148,36.46105537302785],[77.53469969803814,36.45546954012896],[77.93129383385923,36.37726787954451],[78.41726129606255,36.26555122156674],[78.81944126478254,36.21527872547674],[79.1881062361092,36.15942039648785],[79.64055870091919,36.08121873590341],[80.11535449732473,35.980673743723415],[80.65718028851694,35.91922958183564],[80.86944193867471,35.87454291864453],[81.1710769152147,35.89688625024008],[81.5676710510358,35.941572913431195],[81.84696269598024,36.04211790561119],[82.09273934353135,36.114733733296745],[82.29382932789134,36.14266289779118],[82.60105013733022,36.17059206228563],[82.89151344807243,36.21527872547674],[82.99764427315132,36.237622057072294]]}},{"type":"Feature","properties":{"catalog_id":"GAF_737","catalog_name":"HimaTibetMap","exposure_quality":"1","fs_name":"Altyn Tagh Fault","reference":"Cowgill, et al., 2000, 2004b; Meriaux, et al., 2004, 2005; Elliott et al., 2008; Bendick et al., 2000","slip_type":"Sinistral","strike_slip_rate":"None"},"geometry":{"type":"LineString","coordinates":[[82.98423827419401,36.237622057072294],[83.18532825855401,36.33816704925229],[83.4311049061051,36.47222703882562],[83.65453822206067,36.65097369159006],[83.86679987221844,36.74034701797228],[84.16284901585954,36.83530617725339],[84.46448399239952,36.92467950363561],[84.63205897936619,37.01405283001783],[84.88342145981619,37.10342615640005],[85.25767226404173,37.21514281437783],[85.65985223276172,37.382717801344484],[86.00058803959394,37.516777790917814],[86.42511133990948,37.6731811120867],[86.90549296921391,37.77931193716559]]}},{"type":"Feature","properties":{"catalog_id":"GAF_738","catalog_name":"HimaTibetMap","exposure_quality":"1","slip_type":"Sinistral"},"geometry":{"type":"LineString","coordinates":[[90.31772887638627,38.56186727816269],[90.36955161036461,38.57710925874456],[90.45871719676852,38.61216581408284],[90.53340290161964,38.66094015194481],[90.58751193268526,38.687613617963066],[90.6721049249146,38.71504918301042],[90.71935506471839,38.72495647038863]]}},{"type":"Feature","properties":{"catalog_id":"GAF_739","catalog_name":"HimaTibetMap","exposure_quality":"1","fs_name":"Altyn Tagh Fault","reference":"Cowgill, et al., 2000, 2004b; Meriaux, et al., 2004, 2005; Elliott et al., 2008; Bendick et al., 2000","slip_type":"Sinistral","strike_slip_rate":"None"},"geometry":{"type":"LineString","coordinates":[[86.9162656469475,37.78010991329399],[87.13650705838938,37.82320062422828],[87.22747633702843,37.847139908080656],[87.34717275629033,37.847139908080656],[87.45011167685557,37.88065490547399],[87.66077737475652,37.93332132994922],[87.86186735911652,37.99795739635065],[88.06774520024697,38.05541167759637],[88.32389553746745,38.141593099464934],[88.55850051922077,38.199047380710645],[88.72128764941696,38.220592736177785],[88.87689299445744,38.23495630648922],[89.11748279717386,38.25410773357113],[89.29463349768147,38.25410773357113],[89.45502669949242,38.27804701742352],[89.67766203931957,38.325925585128275],[89.89311559399098,38.3905616515297],[90.15644771636717,38.50307628563589],[90.25699270854717,38.550954853340656],[90.35634073653455,38.5605305668816],[90.49518858287836,38.572500208807796],[90.59573357505836,38.58446985073399],[90.72500570786121,38.62037877651255],[90.86624748259025,38.673045200987794],[91.01227711408977,38.708954126766365]]}},{"type":"Feature","properties":{"catalog_id":"GAF_740","catalog_name":"HimaTibetMap","exposure_quality":"1","slip_type":"Reverse"},"geometry":{"type":"LineString","coordinates":[[90.08362987351722,37.82814130754182],[90.0457282928427,37.84362223485958],[90.02384146456586,37.84415605993951],[90.00408993660871,37.85056196089858],[89.98113545817202,37.85750168693758],[89.96458688069441,37.85750168693758],[89.93309120097896,37.86230611265688],[89.91494114826158,37.87031348885573],[89.8898513695052,37.87405026441519],[89.85301743899052,37.87244878917542],[89.82152175927507,37.886328241253416],[89.79322903003914,37.90074151841134],[89.76760542620285,37.913019495249564],[89.73504209632755,37.92209452160825],[89.70194494137233,37.931169547966945]]}},{"type":"Feature","properties":{"catalog_id":"GAF_741","catalog_name":"HimaTibetMap","exposure_quality":"1","slip_type":"Anticline"},"geometry":{"type":"LineString","coordinates":[[91.07562831359027,38.57411936967942],[91.1896656536617,38.53339174822534],[91.28089552571885,38.468227553898814],[91.37375450263416,38.39003052070698],[91.47150079412395,38.36070663326004],[91.53503588359231,38.321608116664116],[91.64581501394741,38.264589446628406],[91.72564115199742,38.19453793772738],[91.82501654834537,38.126115533684526],[91.90973000096987,38.10004985595391]]}},{"type":"Feature","properties":{"catalog_id":"GAF_742","catalog_name":"HimaTibetMap","exposure_quality":"1","slip_type":"Anticline"},"geometry":{"type":"LineString","coordinates":[[93.22050776984118,37.810069191200846],[93.09669580062076,37.87360428066921],[92.94193083909526,37.89315353896718],[92.8067151358677,37.92084832155595],[92.68453227150546,37.951801313861054],[92.57538224600853,37.994158040173296],[92.49555610795852,38.03651476648554]]}},{"type":"Feature","properties":{"catalog_id":"GAF_743","catalog_name":"HimaTibetMap","exposure_quality":"1","slip_type":"Anticline"},"geometry":{"type":"LineString","coordinates":[[91.59954843596873,38.36070663326003],[91.87649626185649,38.285767809784524],[92.03614853795648,38.22386182517432],[92.1778806606167,38.19942525230187],[92.29028889582996,38.15869763084778]]}},{"type":"Feature","properties":{"catalog_id":"GAF_744","catalog_name":"HimaTibetMap","exposure_quality":"1","slip_type":"Anticline"},"geometry":{"type":"LineString","coordinates":[[92.17136424118404,38.39003052070697],[92.2968053152626,38.3444155846784],[92.36685682416363,38.285767809784524],[92.42061728448301,38.22874913974881],[92.50370163224935,38.186392413436565],[92.57864045572485,38.17010136485493],[92.70733973951975,38.10982448510289]]}},{"type":"Feature","properties":{"catalog_id":"GAF_745","catalog_name":"HimaTibetMap","exposure_quality":"1","slip_type":"Anticline"},"geometry":{"type":"LineString","coordinates":[[93.31449948372818,37.21171679513187],[93.11404322188388,37.30717215791488],[93.03767893165747,37.342172457601976],[92.93585987802227,37.345354303028074]]}},{"type":"Feature","properties":{"catalog_id":"GAF_746","catalog_name":"HimaTibetMap","exposure_quality":"1","slip_type":"Anticline"},"geometry":{"type":"LineString","coordinates":[[92.88959967573955,37.55187891401716],[92.75654592918693,37.60510041263821],[92.68511707577446,37.649918516740144],[92.62069105112793,37.690534923582526],[92.53245540867725,37.707341712620746],[92.43721693746063,37.71014284412712],[92.3727909128141,37.711543409880306],[92.22012924571689,37.77316830302047],[92.15430265531717,37.813784709862844],[92.07587097313878,37.840395459173365],[91.98203306767536,37.86980733999027],[91.9288115690543,37.90762261532627],[91.83637422934407,37.94683845641546],[91.80696234852718,37.9524407194282]]}},{"type":"Feature","properties":{"catalog_id":"GAF_747","catalog_name":"HimaTibetMap","exposure_quality":"1","slip_type":"Anticline"},"geometry":{"type":"LineString","coordinates":[[92.28315470461023,37.96364524545369],[92.40920562239693,37.91602600984538],[92.59968256483015,37.838994893420185],[92.62909444564704,37.82078753862877]]}},{"type":"Feature","properties":{"catalog_id":"GAF_748","catalog_name":"HimaTibetMap","exposure_quality":"1","slip_type":"Reverse"},"geometry":{"type":"LineString","coordinates":[[93.43415714764996,38.81072492005217],[93.53044604318146,38.67285672872298],[93.63111170669167,38.51310469750025],[93.72958898621252,38.45839509776645],[93.81931272977597,38.45620671377709],[93.8959061694033,38.45620671377709],[93.96155768908386,38.45401832978774],[94.0009486008922,38.45401832978774]]}},{"type":"Feature","properties":{"catalog_id":"GAF_749","catalog_name":"HimaTibetMap","exposure_quality":"1","slip_type":"Reverse"},"geometry":{"type":"LineString","coordinates":[[93.95478251756775,38.76745700297534],[93.91015398970872,38.79687125997334],[93.86653974657375,38.80701410721402],[93.82901121178321,38.80701410721402],[93.7904683922686,38.80701410721402],[93.74685414913363,38.81918552390285],[93.70729704489494,38.844542642004576],[93.6667256559322,38.85367120452119],[93.6241256975213,38.858742628141535],[93.58051145438634,38.858742628141535],[93.5652971835253,38.858742628141535]]}},{"type":"Feature","properties":{"catalog_id":"GAF_750","catalog_name":"HimaTibetMap","exposure_quality":"1","slip_type":"Anticline"},"geometry":{"type":"LineString","coordinates":[[92.71867372434505,39.22895655242667],[92.93370208584764,39.25938509414873],[93.0848305097339,39.27967078863011],[93.21770180858692,39.295899344215215],[93.33535883657892,39.3192278928688],[93.42157303812476,39.33647073317797],[93.52503007997979,39.3486421498668]]}},{"type":"Feature","properties":{"catalog_id":"GAF_751","catalog_name":"HimaTibetMap","exposure_quality":"1","fs_name":"Dalong Fault","reference":"Gold, et al., 2006","slip_type":"Reverse"},"geometry":{"type":"LineString","coordinates":[[94.17746872873708,39.397961744574644],[94.09252238309631,39.40556888000516],[94.02659387603184,39.413176015435674],[93.96827250439787,39.42331886267637],[93.91502255638426,39.42839028629671],[93.86177260837064,39.44360455715774],[93.82246907531298,39.46769381935438],[93.77555840682479,39.48924736974084],[93.68680849346876,39.52221162327308],[93.64243353679075,39.539961605944285],[93.5929871564924,39.53742589413411],[93.5473443439093,39.53489018232394],[93.51564794628214,39.55771158861549],[93.49282653999059,39.56278301223583],[93.44845158331258,39.56024730042566],[93.40027305891931,39.555175876805315]]}},{"type":"Feature","properties":{"catalog_id":"GAF_752","catalog_name":"HimaTibetMap","exposure_quality":"1","slip_type":"Reverse"},"geometry":{"type":"LineString","coordinates":[[94.25056662076594,38.57986485018429],[94.20056262291396,38.6224998378265],[94.14003146761948,38.639869647606666],[94.08581660679049,38.65618674164257],[94.03160174596151,38.659344888875324],[93.99001947406356,38.6567130995147],[93.95791164386387,38.6567130995147],[93.9342255396182,38.66566118334084],[93.90738128813977,38.667240256957214],[93.87422074219583,38.67197747780635],[93.83737569114702,38.687241856098005],[93.8147423026456,38.70040080290116],[93.7884244090393,38.70829617098305],[93.7563165788396,38.70829617098305],[93.73210411672181,38.70829617098305],[93.71631338055803,38.710927960343675]]}},{"type":"Feature","properties":{"catalog_id":"GAF_753","catalog_name":"HimaTibetMap","exposure_quality":"2","slip_type":"Reverse"},"geometry":{"type":"LineString","coordinates":[[92.67184346276152,38.82127622504856],[92.65591053717571,38.84868085705612],[92.6457134648008,38.876722806087116],[92.62914322219159,38.90412743809468],[92.61448493065267,38.92006036368047],[92.58771761566852,38.95001426378177],[92.57497127519989,38.96913377448472],[92.54629200914546,38.98825328518767],[92.48383494084915,38.992077187328256],[92.44941982158385,38.992077187328256],[92.43348689599804,38.992077187328256]]}},{"type":"Feature","properties":{"catalog_id":"GAF_754","catalog_name":"HimaTibetMap","exposure_quality":"2","slip_type":"Reverse"},"geometry":{"type":"LineString","coordinates":[[90.70878669734803,39.57678617425644],[90.63934889549692,39.56521320728125],[90.59768621438627,39.55595483370111],[90.54290750403707,39.55595483370111],[90.50664554084817,39.569070862939654],[90.47269817105429,39.57292851859805],[90.44492305031386,39.57292851859805],[90.40403190033487,39.572156987466364],[90.36854146827764,39.57678617425644],[90.32070653811355,39.5783292365198],[90.2713285456861,39.5783292365198],[90.21577830420523,39.5783292365198],[90.17411562309456,39.56984239407133],[90.14093978443238,39.56521320728125],[90.11316466369193,39.58450148557323],[90.0892471986099,39.60301823273352],[90.03601155052405,39.60841895065527],[89.97737518451646,39.60996201291863],[89.93262637887908,39.6037897638652]]}},{"type":"Feature","properties":{"catalog_id":"GAF_755","catalog_name":"HimaTibetMap","exposure_quality":"1","slip_type":"Sinistral"},"geometry":{"type":"LineString","coordinates":[[90.32780691471591,39.69802535682624],[90.8698069335174,39.93482148154535],[91.33287491074587,40.071637020271936],[91.71174871029643,40.155831197949844],[92.31163222625149,40.35579236993486],[92.7483895229556,40.51365645308093],[93.3430109028058,40.64520985570265]]}},{"type":"Feature","properties":{"catalog_id":"GAF_756","catalog_name":"HimaTibetMap","exposure_quality":"2","slip_type":"Reverse"},"geometry":{"type":"LineString","coordinates":[[72.40034385399574,39.58337953722728],[72.61847325864349,39.65015384477251],[72.8276994222852,39.71247653181473],[72.95679641687265,39.71247653181473],[73.19273230353247,39.71247653181473],[73.4019584671742,39.71247653181473],[73.5177006002526,39.71247653181473],[73.6646040768521,39.69912167030568],[73.79370107143954,39.685766808796636],[73.91389482502096,39.69467004980267],[74.06970154262649,39.75699273684488],[74.19879853721393,39.801508941875035],[74.34570201381345,39.801508941875035]]}},{"type":"Feature","properties":{"catalog_id":"GAF_757","catalog_name":"HimaTibetMap","exposure_quality":"3","slip_type":"Reverse"},"geometry":{"type":"LineString","coordinates":[[83.70011270710768,36.80657920146739],[83.60949687951576,36.787502185132254],[83.4664192570022,36.770014920158374],[83.34506823642587,36.74881823534155],[83.20834961935736,36.71437362251421],[83.10660553223661,36.691057269215705],[83.08010967621559,36.68628801513192],[82.88642496870186,36.64283481125743],[82.77302270493185,36.62640738052439],[82.73062933529819,36.61898854083851]]}},{"type":"Feature","properties":{"catalog_id":"GAF_758","catalog_name":"HimaTibetMap","exposure_quality":"1","fs_name":"Western Kunlun Shan Thrust Belt","reference":"Avouac and Peltzer, 1993","slip_type":"Reverse"},"geometry":{"type":"LineString","coordinates":[[79.75301140202438,37.03087249211173],[79.5021871068833,37.16896676696469],[79.36972933304475,37.21405877507994],[79.20627080362695,37.25351428218079],[78.9836290135579,37.30142454080324],[78.75535072247443,37.30706104181765],[78.58061919102784,37.37188080348332],[78.46788917073971,37.45079181768501],[78.38897815653802,37.524066330872294],[78.19451887154099,37.681888359275675],[77.9380580753855,37.743889870434145],[77.69287028125882,37.75234462195576],[77.49559274575459,37.757981122970165],[77.33495246684402,37.76925412499897],[77.20813119401987,37.831255636157444],[77.11512892728216,37.92707615340235],[76.92066964228513,38.2258107071659],[76.90657838974911,38.37235973354047],[76.83894037757624,38.53018176194385]]}},{"type":"Feature","properties":{"catalog_id":"GAF_759","catalog_name":"HimaTibetMap","exposure_quality":"1","slip_type":"Reverse"},"geometry":{"type":"LineString","coordinates":[[82.61601795567893,36.5814572528277],[82.55422654908713,36.589321613666655],[82.52164562561146,36.59269205402621],[82.48681774189608,36.59269205402621],[82.45536029854026,36.59044509378651],[82.42165589494473,36.59044509378651],[82.3789636503904,36.59044509378651],[82.33851836607576,36.59156857390636],[82.31155484319935,36.59156857390636],[82.22055295349142,36.5814572528277],[82.14527978546141,36.55674069019098]]}},{"type":"Feature","properties":{"catalog_id":"GAF_760","catalog_name":"HimaTibetMap","exposure_quality":"2","slip_type":"Reverse"},"geometry":{"type":"LineString","coordinates":[[84.44958779380202,37.03438552425911],[84.37084355661587,37.03996582453214],[84.32930132124996,37.038725757804805],[84.2927193527934,37.026325090531394],[84.24869698397279,36.99904362252989],[84.21645524906192,36.98292275507446],[84.1370909785121,36.95750138716397],[84.09864890996454,36.951921086890934],[84.06516710832634,36.937660319526515],[84.02920517323345,36.93704028616285]]}},{"type":"Feature","properties":{"catalog_id":"GAF_761","catalog_name":"HimaTibetMap","exposure_quality":"1","slip_type":"Sinistral"},"geometry":{"type":"LineString","coordinates":[[84.43811717657414,37.0142344399398],[84.4808994786674,37.04771624157801],[84.52740198094268,37.07995797648887],[84.59188545076441,37.119020078400105],[84.66008912076816,37.163662480584385],[84.69357092240637,37.1884638151312],[84.73759329122697,37.213265149678016],[84.77355522631986,37.23806648422484]]}},{"type":"Feature","properties":{"catalog_id":"GAF_762","catalog_name":"HimaTibetMap","exposure_quality":"1","slip_type":"Sinistral"},"geometry":{"type":"LineString","coordinates":[[84.6551288538588,37.12522041203681],[84.71775222358951,37.16614261403906],[84.7809956266839,37.20706481604132],[84.85043936341499,37.25170721822559],[84.8944617322356,37.27774861949975]]}},{"type":"Feature","properties":{"catalog_id":"GAF_763","catalog_name":"HimaTibetMap","exposure_quality":"1","slip_type":"Sinistral"},"geometry":{"type":"LineString","coordinates":[[85.44384751451207,37.364266879941056],[85.36071183039856,37.33050875366466],[85.2861416410119,37.29624677475727],[85.22819858844792,37.262488648480875]]}},{"type":"Feature","properties":{"catalog_id":"GAF_764","catalog_name":"HimaTibetMap","exposure_quality":"1","slip_type":"Sinistral"},"geometry":{"type":"LineString","coordinates":[[85.46329622606834,37.37232852203691],[85.54794346807483,37.41314058514718],[85.61092504694871,37.44286789037565],[85.64065235217717,37.45647191141241]]}},{"type":"Feature","properties":{"catalog_id":"GAF_765","catalog_name":"HimaTibetMap","exposure_quality":"1","slip_type":"Sinistral"},"geometry":{"type":"LineString","coordinates":[[85.6174751311516,37.43833321669673],[85.6895260573833,37.45999887982934],[85.72983426786259,37.4741067534971]]}},{"type":"Feature","properties":{"catalog_id":"GAF_766","catalog_name":"HimaTibetMap","exposure_quality":"2","slip_type":"Sinistral"},"geometry":{"type":"LineString","coordinates":[[83.16443905948584,36.1479269110084],[83.4274118682193,36.2349922328188],[83.58732776542207,36.28829753188639],[83.75968156574062,36.32383439793145],[84.02087753117182,36.336272301047224],[84.24653663055796,36.3256112412337],[84.40645252776073,36.34160283095398],[84.55926105175449,36.34693336086074],[84.68897061281896,36.36647863718552],[84.96971185457495,36.407346033137344]]}},{"type":"Feature","properties":{"catalog_id":"GAF_767","catalog_name":"HimaTibetMap","exposure_quality":"1","slip_type":"Normal"},"geometry":{"type":"LineString","coordinates":[[88.75628662655099,38.72746612779066],[88.74641934383051,38.68865481575678],[88.75168189461476,38.651816960266984],[88.73720987995806,38.61366346708114],[88.7194487710612,38.582088162375605],[88.7049767564045,38.55643322730236],[88.69971420562024,38.5222266472047],[88.69971420562024,38.50512335715587]]}},{"type":"Feature","properties":{"catalog_id":"GAF_768","catalog_name":"HimaTibetMap","exposure_quality":"1","slip_type":"Normal"},"geometry":{"type":"LineString","coordinates":[[88.60761956689578,38.585377256615764],[88.65366688625801,38.624846387497676],[88.6760327270911,38.664315518379595],[88.69379383598796,38.7097050188938]]}},{"type":"Feature","properties":{"catalog_id":"GAF_769","catalog_name":"HimaTibetMap","exposure_quality":"1","slip_type":"Sinistral"},"geometry":{"type":"LineString","coordinates":[[88.6475820619137,38.08518825004347],[88.80689756417144,38.11499566659492],[88.88604139432528,38.13041329584567],[89.01143811223137,38.14480308314637],[89.10497172968591,38.163304238247264],[89.1604751949886,38.17255481579772]]}},{"type":"Feature","properties":{"catalog_id":"GAF_770","catalog_name":"HimaTibetMap","exposure_quality":"1","slip_type":"Sinistral"},"geometry":{"type":"LineString","coordinates":[[87.91399777127165,37.882043748373995],[87.99212941189093,37.909724672479115],[88.08142271545582,37.93338739792381],[88.15151795875425,37.952585458190256]]}},{"type":"Feature","properties":{"catalog_id":"GAF_771","catalog_name":"HimaTibetMap","exposure_quality":"1","slip_type":"Anticline"},"geometry":{"type":"LineString","coordinates":[[88.1577684900038,37.95481779077938],[88.18768174669803,37.964193587653696],[88.22295260160617,37.97580171711713],[88.23947186276567,37.979373449259725]]}},{"type":"Feature","properties":{"catalog_id":"GAF_772","catalog_name":"HimaTibetMap","exposure_quality":"1","slip_type":"Anticline"},"geometry":{"type":"LineString","coordinates":[[88.33206901856245,38.00437557425789],[88.42359465471645,38.02937769925606],[88.48877876631882,38.049468692558165],[88.55708814354595,38.06643442023549],[88.59860952970364,38.075363750591976]]}},{"type":"Feature","properties":{"catalog_id":"GAF_773","catalog_name":"HimaTibetMap","exposure_quality":"1","slip_type":"Reverse"},"geometry":{"type":"LineString","coordinates":[[88.76581124062886,38.13407409768589],[88.83144181874906,38.13184176509677],[88.87698140356716,38.13362763116807],[88.91001992588616,38.13452056420372]]}},{"type":"Feature","properties":{"catalog_id":"GAF_774","catalog_name":"HimaTibetMap","exposure_quality":"1","slip_type":"Reverse"},"geometry":{"type":"LineString","coordinates":[[89.13087592865956,38.14989955151574],[89.18358321937309,38.14388404551039],[89.21022331739677,38.13930080283965],[89.23256662541664,38.13529046550275],[89.25032669076575,38.13758208683812],[89.26579513477951,38.14560276151192],[89.29386749613779,38.14417049817731],[89.31363273015536,38.14159242417502],[89.33339796417293,38.145889214178844],[89.36634002086889,38.16794606953178],[89.3826678228834,38.1762531968725],[89.39498528756103,38.18226870287785],[89.4081621102394,38.183414513545536]]}},{"type":"Feature","properties":{"catalog_id":"GAF_775","catalog_name":"HimaTibetMap","exposure_quality":"1","slip_type":"Reverse"},"geometry":{"type":"LineString","coordinates":[[89.60781961908357,38.22036690757839],[89.6336003591065,38.22065336024531],[89.66253207846555,38.2272417715845],[89.67714116447854,38.232684372256],[89.68974508182308,38.23554889892522],[89.71581227451291,38.23755406759367],[89.73987429853432,38.24757991093591],[89.7610717958865,38.249298626937446],[89.7825557459056,38.25216315360665],[89.79659192658474,38.25617349094355],[89.81463844460077,38.254741227608946],[89.84872631196441,38.245288289600545],[89.86419475597818,38.241564404930564]]}},{"type":"Feature","properties":{"catalog_id":"GAF_776","catalog_name":"HimaTibetMap","exposure_quality":"2","slip_type":"Reverse"},"geometry":{"type":"LineString","coordinates":[[89.8715753879743,38.2373996517029],[89.91633361718077,38.23963756316323],[89.9672461029031,38.254743465520406],[90.00305268626828,38.26313563349662],[90.0461324818795,38.27768205798871],[90.08249854310974,38.293906916076054],[90.11159139209394,38.31069125202848],[90.13173259523684,38.326356632250736],[90.1647417892766,38.339224623147594]]}},{"type":"Feature","properties":{"catalog_id":"GAF_777","catalog_name":"HimaTibetMap","exposure_quality":"2","slip_type":"Sinistral"},"geometry":{"type":"LineString","coordinates":[[89.48273827174319,38.14473613029891],[89.57854885613827,38.204880000795086],[89.62400643267608,38.23844867269993],[89.69533986047387,38.281808207243685]]}},{"type":"Feature","properties":{"catalog_id":"GAF_778","catalog_name":"HimaTibetMap","exposure_quality":"1","slip_type":"Anticline"},"geometry":{"type":"LineString","coordinates":[[89.1797110730688,38.00136992737197],[89.14614240116397,37.995775148721165],[89.12656067588614,37.99227841206441],[89.10418156128291,37.98878167540765],[89.08459983600508,37.9824875494255],[89.06222072140186,37.97899081276874],[89.01326640820729,37.97059864479253],[88.99438403026082,37.97059864479253]]}},{"type":"Feature","properties":{"catalog_id":"GAF_779","catalog_name":"HimaTibetMap","exposure_quality":"1","slip_type":"Anticline"},"geometry":{"type":"LineString","coordinates":[[88.51043567696598,38.10697137440596],[88.54470369620218,38.116762237044874],[88.58596518875189,38.120258973701624],[88.61813516599402,38.120258973701624],[88.65240318523021,38.120258973701624],[88.67897838382156,38.120258973701624]]}},{"type":"Feature","properties":{"catalog_id":"GAF_780","catalog_name":"HimaTibetMap","exposure_quality":"1","slip_type":"Sinistral"},"geometry":{"type":"LineString","coordinates":[[89.49809946884045,38.151554386423896],[89.45942490213355,38.12286035306071],[89.36835253537213,38.08335407524183],[89.24858613524752,38.02846114185139],[89.21199084632056,38.0139061973918]]}},{"type":"Feature","properties":{"catalog_id":"GAF_781","catalog_name":"HimaTibetMap","exposure_quality":"2","slip_type":"Reverse"},"geometry":{"type":"LineString","coordinates":[[89.41950276875868,38.18191184201103],[89.44362239100599,38.18274355312301],[89.46316760213745,38.186902108682894],[89.47647497992907,38.194803364246674],[89.49768361328447,38.20395218647841],[89.52928863553957,38.20561560870237]]}},{"type":"Feature","properties":{"catalog_id":"GAF_782","catalog_name":"HimaTibetMap","exposure_quality":"1","fs_name":"Yinchuan Graben","reference":"Burchfiel, et al., 1991","slip_type":"Normal"},"geometry":{"type":"LineString","coordinates":[[109.0441986786094,41.1995009148749],[108.63041908763924,41.302945812617445],[108.1649170477978,41.302945812617445],[107.82872113013453,41.302945812617445],[107.51838643690691,41.302945812617445],[107.02702317262982,41.12191724156799],[106.7166884794022,40.95381928273636],[106.54859052057057,40.759860099469094],[106.34170072508549,40.527109079548374],[106.17360276625385,40.43659479402365],[106.01843541964004,40.30728867184547],[105.82447623637277,40.21677438632074]]}},{"type":"Feature","properties":{"catalog_id":"GAF_783","catalog_name":"HimaTibetMap","exposure_quality":"1","fs_name":"Yinchuan Graben","reference":"Burchfiel, et al., 1991","slip_type":"Normal"},"geometry":{"type":"LineString","coordinates":[[105.81303439194001,40.21806045802241],[105.6313488059995,40.049668939345835],[105.52942762364262,39.921159622461076],[105.48511406609614,39.76606217104844],[105.30342848015563,39.67300370020086],[105.19264458628946,39.56221980633469],[105.09958611544188,39.455867268223166],[104.90903781799207,39.33178930709306],[104.56782342488427,39.23873083624548],[104.29307936809617,39.21657405747224]]}},{"type":"Feature","properties":{"catalog_id":"GAF_784","catalog_name":"HimaTibetMap","exposure_quality":"1","fs_name":"Yinchuan Graben","reference":"Burchfiel, et al., 1991","slip_type":"Normal"},"geometry":{"type":"LineString","coordinates":[[106.73475638890653,39.22543676898154],[106.91644197484706,39.35837744162094],[106.93416739786564,39.49574947001499],[106.91201061909241,39.6862977674648],[106.87655977305523,39.87241470915996],[106.93859875362028,40.16931554472129],[107.16016654135262,40.373157909435044],[107.51024364596972,40.54154942811162]]}},{"type":"Feature","properties":{"catalog_id":"GAF_785","catalog_name":"HimaTibetMap","exposure_quality":"1","fs_name":"Yinchuan Graben","reference":"Burchfiel, et al., 1991","slip_type":"Normal"},"geometry":{"type":"LineString","coordinates":[[106.6549919853229,39.455867268223166],[106.63283520654966,39.18998592294436],[106.46001233211844,39.0703393175689],[106.29162081344187,39.03931982728637],[106.18526827533034,38.88865373162838],[106.10993522750134,38.80002661653545],[105.99471997788054,38.75571305898898],[105.8972301512783,38.56516476153917],[105.85291659373183,38.396773242862594],[105.87064201675042,38.25053850295925],[105.84848523797719,38.13089189758379]]}},{"type":"Feature","properties":{"catalog_id":"GAF_786","catalog_name":"HimaTibetMap","exposure_quality":"1","fs_name":"Yinchuan Graben","reference":"Burchfiel, et al., 1991","slip_type":"Normal"},"geometry":{"type":"LineString","coordinates":[[105.64464287326344,37.38420845292581],[105.84848523797719,37.526011837074506],[105.95483777608871,37.658952509713906],[105.96813184335265,37.83620673989978],[105.90609286278759,38.07993130640535]]}},{"type":"Feature","properties":{"catalog_id":"GAF_787","catalog_name":"HimaTibetMap","exposure_quality":"1","fs_name":"Yinchuan Graben","reference":"Burchfiel, et al., 1991","slip_type":"Normal"},"geometry":{"type":"LineString","coordinates":[[105.81303439194001,37.93369656650201],[105.75099541137496,37.79632453810796],[105.73326998835637,37.605776240658145],[105.60476067147161,37.50828641405592],[105.3654674607207,37.48169827952804]]}},{"type":"Feature","properties":{"catalog_id":"GAF_788","catalog_name":"HimaTibetMap","exposure_quality":"1","slip_type":"Sinistral"},"geometry":{"type":"LineString","coordinates":[[105.51834923425602,40.39088333245363],[104.75615604445677,40.19590367924918],[103.9806687873936,39.996492670290074],[103.64388575004044,39.87684606491461]]}},{"type":"Feature","properties":{"catalog_id":"GAF_789","catalog_name":"HimaTibetMap","exposure_quality":"1","slip_type":"Normal"},"geometry":{"type":"LineString","coordinates":[[103.76796371117055,40.00092402604472],[103.4976510101371,39.85468928614138],[103.22733830910364,39.77935623831238],[103.08553492495496,39.72174861350197],[102.98804509835271,39.57108251784398],[102.81965357967614,39.4868867585057],[102.3410671581743,39.27418168228265]]}},{"type":"Feature","properties":{"catalog_id":"GAF_790","catalog_name":"HimaTibetMap","exposure_quality":"1","slip_type":"Normal"},"geometry":{"type":"LineString","coordinates":[[110.18287046552423,40.20064661470533],[110.94450973585415,40.12275168933068],[111.30801938760251,40.15737165616385],[111.59363411397624,40.365091457162926],[111.87924884034994,40.66801616695323],[112.08696864134902,40.81515102599423]]}},{"type":"Feature","properties":{"catalog_id":"GAF_791","catalog_name":"HimaTibetMap","exposure_quality":"1","slip_type":"Normal"},"geometry":{"type":"LineString","coordinates":[[113.40941610382319,40.35962315079909],[113.23863718170746,40.15631491018512],[113.10851990771452,39.989602152881666],[112.99873345778298,39.843220219639605],[112.85235152454092,39.7456322641449],[112.75882973385849,39.69683828639755],[112.68563876723746,39.54639018834321],[112.63277862467784,39.404074419913435]]}},{"type":"Feature","properties":{"catalog_id":"GAF_792","catalog_name":"HimaTibetMap","exposure_quality":"1","slip_type":"Normal"},"geometry":{"type":"LineString","coordinates":[[112.29935311007092,39.37561126622748],[112.29122078044637,39.22109700336086],[112.27902228600954,39.09911205899248],[112.1855004953271,38.920200807252186]]}},{"type":"Feature","properties":{"catalog_id":"GAF_793","catalog_name":"HimaTibetMap","exposure_quality":"1","slip_type":"Normal"},"geometry":{"type":"LineString","coordinates":[[112.53482685217736,38.158053118435284],[112.44805810611719,38.0872214889984],[112.43035019875796,37.996911161466386],[112.46222443200456,37.904830043198444],[112.46045364126864,37.773791528740226],[112.3913928025677,37.66931487532083],[112.3046240565075,37.62327431618686],[112.1505652624823,37.582546129260656],[112.00713121287262,37.444424451858744],[111.91150851313284,37.33817700770343],[111.72203390438919,37.277970122682085],[111.61224487876204,37.19120137662191]]}},{"type":"Feature","properties":{"catalog_id":"GAF_794","catalog_name":"HimaTibetMap","exposure_quality":"1","fs_name":"Shangxi Graben","reference":"Burchfiel, et al., 1991","slip_type":"Normal"},"geometry":{"type":"LineString","coordinates":[[110.33919896322585,35.22697754139322],[110.16271591538107,35.15039055836624],[110.03618089994518,35.05382436237569],[109.91297575333655,34.95059842873063],[109.80641995086424,34.870681576876386],[109.59330834591958,34.787434856194885],[109.16375526720303,34.62094141483188]]}},{"type":"Feature","properties":{"catalog_id":"GAF_795","catalog_name":"HimaTibetMap","exposure_quality":"2","slip_type":"Dextral"},"geometry":{"type":"LineString","coordinates":[[96.65789769335616,18.930363358994743],[96.95041069669541,18.6882836320933],[97.20257707888442,18.4596527789086],[97.3841368740605,18.257919673157396],[97.58250776138252,17.988942198822453],[97.72708315383755,17.780484656212877],[97.87165854629258,17.635909263757846],[98.03976946775192,17.467798342298508],[98.275124757795,17.27951411026405],[98.44323567925433,17.161836465242516],[98.67522875086821,16.97019001477887]]}},{"type":"Feature","properties":{"catalog_id":"GAF_796","catalog_name":"HimaTibetMap","exposure_quality":"2","slip_type":"Dextral"},"geometry":{"type":"LineString","coordinates":[[98.2482270103615,17.360207352564533],[98.49030673726294,17.19545864953438],[98.7290242457352,17.08450544137122],[99.0349861227912,16.818890185465467],[99.32749912613045,16.54655049270134],[99.42836567900605,16.385164008100375]]}},{"type":"Feature","properties":{"catalog_id":"GAF_797","catalog_name":"HimaTibetMap","exposure_quality":"1","slip_type":"Sinistral"},"geometry":{"type":"LineString","coordinates":[[90.47493860538336,45.7113134460182],[91.01205039401877,45.74213133553007],[91.63281073990068,45.86100033793299],[92.22715575191528,45.9622591177577],[92.75986498490613,46.07672556451607],[92.957979988911,46.10754345402793]]}},{"type":"Feature","properties":{"catalog_id":"GAF_798","catalog_name":"HimaTibetMap","exposure_quality":"2","slip_type":"Anticline"},"geometry":{"type":"LineString","coordinates":[[92.15714240695793,40.935889980085456],[92.60439654633736,40.99619390899054],[92.91094151827157,41.056497837895634],[93.1320559242569,41.10675111198321]]}},{"type":"Feature","properties":{"catalog_id":"GAF_799","catalog_name":"HimaTibetMap","exposure_quality":"1","slip_type":"Anticline"},"geometry":{"type":"LineString","coordinates":[[93.689867266629,40.5037118229323],[93.98636158374569,40.48863584070603],[94.13209607859966,40.48863584070603]]}},{"type":"Feature","properties":{"catalog_id":"GAF_800","catalog_name":"HimaTibetMap","exposure_quality":"2","slip_type":"Sinistral"},"geometry":{"type":"LineString","coordinates":[[96.73146932979307,42.93766411642893],[97.31252611721278,42.95770055737444],[98.30099053719117,42.91094886183492],[98.87536851096239,42.8775547935924],[99.47646173932762,42.8775547935924],[100.2111312406629,42.8641971662954],[100.63857531416706,42.8641971662954]]}},{"type":"Feature","properties":{"catalog_id":"GAF_801","catalog_name":"HimaTibetMap","exposure_quality":"1","slip_type":"Sinistral"},"geometry":{"type":"LineString","coordinates":[[99.32284902541205,43.251568357908546],[100.13766429052937,43.27160479885406],[101.13280752415625,43.21817428966604],[101.62036092049694,43.21817428966604],[102.25484821710468,43.17810140777502],[103.083021109519,43.131349712235505]]}},{"type":"Feature","properties":{"catalog_id":"GAF_802","catalog_name":"HimaTibetMap","exposure_quality":"1","slip_type":"Anticline"},"geometry":{"type":"LineString","coordinates":[[103.90075074040618,43.54052153311221],[104.07212097574529,43.50685952259917],[104.18534773838006,43.48237806040787],[104.35059760817134,43.48237806040787]]}},{"type":"Feature","properties":{"catalog_id":"GAF_803","catalog_name":"HimaTibetMap","exposure_quality":"1","slip_type":"Anticline"},"geometry":{"type":"LineString","coordinates":[[84.67181549073365,37.05630804348872],[84.69442131014743,37.054833750918256],[84.71014709756572,37.054833750918256],[84.72390716155671,37.055325181775075]]}},{"type":"Feature","properties":{"catalog_id":"GAF_804","catalog_name":"HimaTibetMap","exposure_quality":"1","slip_type":"Anticline"},"geometry":{"type":"LineString","coordinates":[[84.72439859241354,37.0651537989115],[84.74307296497275,37.06564522976833],[84.75781589067739,37.06761095319561],[84.77108452381157,37.07055953833654]]}},{"type":"Feature","properties":{"catalog_id":"GAF_805","catalog_name":"HimaTibetMap","exposure_quality":"1","slip_type":"Sinistral"},"geometry":{"type":"LineString","coordinates":[[85.86684144362935,37.56746629523351],[85.96151709036229,37.64344057964883],[86.05619273709523,37.72409020464356],[86.14736187839361,37.796557983624325],[86.2432063602714,37.8690257626051],[86.34723268816316,37.949675387599825],[86.45710319177915,38.01746782600119],[86.52723330047023,38.05720822092612],[86.6020387497407,38.07357191295404],[86.71892226422581,38.09577978070621],[86.88489685479466,38.13201367019659],[86.97139065551364,38.15655920823847],[87.10113135659212,38.21032562490162],[87.23204089281545,38.25941670098537],[87.27762546346463,38.28863757960664],[87.33489838556234,38.30850777706911],[87.48684695439299,38.36110535858741]]}},{"type":"Feature","properties":{"catalog_id":"GAF_806","catalog_name":"HimaTibetMap","exposure_quality":"1","slip_type":"Sinistral"},"geometry":{"type":"LineString","coordinates":[[86.68035070444571,38.09928628614077],[86.72009109937066,38.14487085678996],[86.79022120806172,38.1846112517149],[86.929312590299,38.260585536130215],[87.00645570985918,38.30617010677941],[87.02632590732165,38.31902729337277]]}},{"type":"Feature","properties":{"catalog_id":"GAF_807","catalog_name":"HimaTibetMap","exposure_quality":"1","slip_type":"Sinistral"},"geometry":{"type":"LineString","coordinates":[[87.48684695439296,38.36227419373227],[87.58619794170531,38.39383274264325],[87.63996435836846,38.418378280685126],[87.6913931047419,38.456949840465214],[87.7439906862602,38.485001883941635],[87.81879613553068,38.52240460857687],[87.92048479313273,38.556300827777555],[87.98009538552013,38.580846365819426],[88.04204364819724,38.61123607958556],[88.12386210833682,38.65448297994505],[88.17061551413086,38.66500249624871],[88.26178465542925,38.697729880304536]]}},{"type":"Feature","properties":{"catalog_id":"GAF_808","catalog_name":"HimaTibetMap","exposure_quality":"1","slip_type":"Anticline"},"geometry":{"type":"LineString","coordinates":[[87.78489991632999,38.690716869435434],[87.86671837646958,38.73279493465007],[87.92866663914668,38.76201581327135],[87.97191353950618,38.78539251616837],[88.02217345073477,38.79240552703748]]}},{"type":"Feature","properties":{"catalog_id":"GAF_809","catalog_name":"HimaTibetMap","exposure_quality":"1","slip_type":"Sinistral"},"geometry":{"type":"LineString","coordinates":[[88.12540584043624,38.68392952149593],[88.17754550739667,38.72070170766802],[88.2296851743571,38.763511118435524],[88.25822478153543,38.77997627642303],[88.32518309068462,38.800832143207195],[88.36579714705378,38.81619962399553],[88.4250717158088,38.83321362058262],[88.50684866714673,38.86175322776096],[88.57325813769631,38.88315793314471],[88.64954670303841,38.92157663511555],[88.69400262960467,38.9462743720968],[88.735714363173,38.96713023888097],[88.7922447389301,38.99457216886014],[88.87786356046512,39.03957693402598],[88.92396600283011,39.06153047800932],[88.95360328720763,39.08128866759432],[88.9777521855893,39.08622821499057]]}},{"type":"Feature","properties":{"catalog_id":"GAF_810","catalog_name":"HimaTibetMap","exposure_quality":"1","slip_type":"Sinistral"},"geometry":{"type":"LineString","coordinates":[[88.64844902583924,38.91389289472138],[88.70497940159633,38.923223150914296],[88.76150977735342,38.941334824700554],[88.82572389350469,38.96658140028139],[88.89597523425137,38.98853494426473],[89.02659882095222,39.03134435503223],[89.12813396187515,39.07250725000099],[89.1660038252464,39.090070085187655]]}},{"type":"Feature","properties":{"catalog_id":"GAF_811","catalog_name":"HimaTibetMap","exposure_quality":"2","slip_type":"Reverse"},"geometry":{"type":"LineString","coordinates":[[88.68531345768812,38.953117355725766],[88.63825425614276,38.95336767062761],[88.59194599930291,38.94235381494678],[88.57066923264676,38.9370972020082],[88.54038112952449,38.91632106515573],[88.5120955456169,38.904806579671224],[88.49957980052505,38.89729713261611],[88.47705145935971,38.89028831536467],[88.46178225034765,38.87977508948752],[88.44350926251356,38.86225304635893],[88.43274572173456,38.852490765187284]]}},{"type":"Feature","properties":{"catalog_id":"GAF_812","catalog_name":"HimaTibetMap","exposure_quality":"1","slip_type":"Sinistral"},"geometry":{"type":"LineString","coordinates":[[91.32514140621626,39.126502009330075],[91.25914657417387,39.109896858041985],[91.19400328835138,39.089033975654395],[91.12800845630899,39.0698741857066],[91.06371671670641,39.051565941978716],[90.9960187922242,39.03794120246028],[90.92832086774202,39.019632958732394],[90.88191159875737,39.01069172342343],[90.85977139703992,39.00984017720352],[90.77121059017014,39.00643399232392],[90.74012915314371,39.006859765433866],[90.7090477161173,39.01069172342343],[90.69244256482922,39.01111749653338],[90.67583741354113,39.01792986629259],[90.65752916981324,39.023464916721956],[90.62219000168731,39.02942574026127],[90.58003846380218,39.03794120246028],[90.55321475787527,39.03794120246028],[90.53618383347724,39.03794120246028],[90.51106321999013,39.039644294900086],[90.49105188382244,39.044327799109546],[90.47104054765475,39.049011303319006],[90.44975189215721,39.05454635374837],[90.43144364842931,39.05454635374837],[90.4037683962825,39.051565941978716],[90.37013232059638,39.04603089154935],[90.35906221973767,39.04262470666974],[90.34117974911972,39.04262470666974],[90.3075436734336,39.04347625288965],[90.27007563975792,39.0456051184394],[90.23771688340165,39.049011303319006],[90.2164282279041,39.05071439575881]]}},{"type":"Feature","properties":{"catalog_id":"GAF_813","catalog_name":"HimaTibetMap","exposure_quality":"1","slip_type":"Sinistral"},"geometry":{"type":"LineString","coordinates":[[89.84898603401648,38.93788452162182],[89.91412931983896,38.95448967290991],[89.97373755523209,38.96641131998853],[90.03164269818541,38.97961028639701],[90.07720042095016,38.99195770658559],[90.12190659749501,39.000898941894555],[90.15554267318113,39.00771131165377],[90.19003029508715,39.037515429350336],[90.20961585814489,39.05071439575881]]}},{"type":"Feature","properties":{"catalog_id":"GAF_814","catalog_name":"HimaTibetMap","exposure_quality":"1","fs_name":"Altyn Tagh Fault","reference":"Cowgill, et al., 2000, 2004b; Meriaux, et al., 2004, 2005; Elliott et al., 2008; Bendick et al., 2000","slip_type":"Sinistral","strike_slip_rate":"None"},"geometry":{"type":"LineString","coordinates":[[91.01381442701586,38.708997113749355],[91.13673267506493,38.74287222147941],[91.32643327835325,38.79997597451008],[91.43193004242686,38.8299796413567],[91.57807693577654,38.8628868888659],[91.75229177553112,38.91418348057142],[91.89747080865993,38.95870505073092],[92.0368426804636,39.00032304022785],[92.16943953072125,39.02935884685361],[92.28945419810773,39.06613753524625],[92.37075445665988,39.09710906231373],[92.48883340360464,39.12904844960207],[92.63498029695432,39.15905211644869],[92.94179198696654,39.21325228881678],[93.09471390186222,39.23067377279224],[93.1818213217395,39.235513073896534],[93.33667895707691,39.23648093411739],[93.47024366755542,39.240352375000825],[93.53702602279468,39.23648093411739],[93.61832628134681,39.223898751246224],[93.70833728188667,39.21422014903764],[93.83125552993575,39.21712372970022],[93.91739508959218,39.23067377279224],[93.99869534814431,39.246159536325976]]}},{"type":"Feature","properties":{"catalog_id":"GAF_815","catalog_name":"HimaTibetMap","exposure_quality":"1","fs_name":"Altyn Tagh Fault","reference":"Cowgill, et al., 2000, 2004b; Meriaux, et al., 2004, 2005","slip_type":"Sinistral"},"geometry":{"type":"LineString","coordinates":[[94.01629688814717,39.247475339460706],[94.2821276372844,39.33977768291114],[94.45196394923319,39.36562233907726],[94.7104105108944,39.36562233907726],[94.83224960424897,39.409927463933464]]}},{"type":"Feature","properties":{"catalog_id":"GAF_816","catalog_name":"HimaTibetMap","exposure_quality":"1","fs_name":"Altyn Tagh Fault","reference":"Cowgill, et al., 2000, 2004b; Meriaux, et al., 2004, 2005","slip_type":"Sinistral"},"geometry":{"type":"LineString","coordinates":[[94.18613320009595,39.406235370195446],[94.57749513632578,39.480077244955794],[94.94301241638948,39.58345586962027],[95.39344785242758,39.70529496297484],[95.83649910098966,39.80498149390131],[96.3607764117881,39.956357337160014],[96.82967231651628,40.02281502444432],[97.16196075293783,40.0818885242526]]}},{"type":"Feature","properties":{"catalog_id":"GAF_817","catalog_name":"HimaTibetMap","exposure_quality":"1","slip_type":"Normal"},"geometry":{"type":"LineString","coordinates":[[86.6084002912102,32.806532583471345],[86.94339157647299,32.95455198858746],[87.16152543664411,33.11036188870969],[87.23943038670522,33.23500980880747],[87.31733533676633,33.33628624388692]]}},{"type":"Feature","properties":{"catalog_id":"GAF_818","catalog_name":"HimaTibetMap","exposure_quality":"1","slip_type":"Normal"},"geometry":{"type":"LineString","coordinates":[[88.82869136795192,33.34407673889302],[88.76636740790303,33.18047634376469],[88.6728814678297,33.071409413679135],[88.53265255771969,33.03245693864857],[88.29893770753635,32.9779234736058],[88.10417533238358,32.938970998575236]]}},{"type":"Feature","properties":{"catalog_id":"GAF_819","catalog_name":"HimaTibetMap","exposure_quality":"1","slip_type":"Normal"},"geometry":{"type":"LineString","coordinates":[[89.81029373872194,35.22937653037195],[89.7090173036425,35.1203096002864],[89.7168077986486,34.99566168018862],[89.66227433360582,34.90217574011528],[89.63111235358139,34.800899305035834],[89.59215987855083,34.68404187994417],[89.58436938354471,34.60613692988305],[89.59215987855083,34.52823197982194],[89.55320740352028,34.442536534754716]]}},{"type":"Feature","properties":{"catalog_id":"GAF_820","catalog_name":"HimaTibetMap","exposure_quality":"1","slip_type":"Normal"},"geometry":{"type":"LineString","coordinates":[[89.81029373872194,34.255564654608044],[89.74017928366695,34.41137455473027],[89.74017928366695,34.52044148481583],[89.74017928366695,34.645089404913605],[89.76355076868528,34.754156334999166],[89.79471274870971,34.8476422750725],[89.81808423372806,34.94112821514584],[89.84145571874639,35.05019514523139]]}},{"type":"Feature","properties":{"catalog_id":"GAF_821","catalog_name":"HimaTibetMap","exposure_quality":"1","slip_type":"Normal"},"geometry":{"type":"LineString","coordinates":[[82.79178625477572,34.952944501084836],[82.75324646542656,34.90402861460322],[82.69247218222213,34.82250213713387],[82.64800319451156,34.77358625065225],[82.59167581007819,34.746904858025914],[82.53831302482553,34.73356416171274],[82.49829093588602,34.71577656662852],[82.47309184285004,34.69502437236359]]}},{"type":"Feature","properties":{"catalog_id":"GAF_822","catalog_name":"HimaTibetMap","exposure_quality":"1","slip_type":"Normal"},"geometry":{"type":"LineString","coordinates":[[82.89702952569071,34.79934120603462],[82.85811916144397,34.71781472856526],[82.84885478900426,34.664081368415],[82.84329616554045,34.58626063992152],[82.83959041656456,34.51955715835568],[82.83959041656456,34.44914792781396],[82.85626628695603,34.4046789401034],[82.85626628695603,34.36947432483254]]}},{"type":"Feature","properties":{"catalog_id":"GAF_823","catalog_name":"HimaTibetMap","exposure_quality":"1","slip_type":"Dextral"},"geometry":{"type":"LineString","coordinates":[[84.45455582025305,35.058743634346214],[84.54349379567417,34.992040152780376],[84.60463865377619,34.94757116506982],[84.64354901802292,34.92348379672659]]}},{"type":"Feature","properties":{"catalog_id":"GAF_824","catalog_name":"HimaTibetMap","exposure_quality":"1","slip_type":"Normal"},"geometry":{"type":"LineString","coordinates":[[84.66207776290233,34.879014809016034],[84.69542950368525,34.7937825825708],[84.68987088022143,34.730784849980836],[84.64540189251086,34.693727360222034],[84.60278577928825,34.665934242902935],[84.57869841094502,34.632582502120016],[84.57869841094502,34.61220088275268]]}},{"type":"Feature","properties":{"catalog_id":"GAF_825","catalog_name":"HimaTibetMap","exposure_quality":"1","slip_type":"Normal"},"geometry":{"type":"LineString","coordinates":[[86.21600433589411,32.64821425632459],[86.24454708695333,32.70339690837242],[86.27499268808316,32.743356759855324],[86.28070123829501,32.77570521105577],[86.28831263857747,32.796636561832536]]}},{"type":"Feature","properties":{"catalog_id":"GAF_826","catalog_name":"HimaTibetMap","exposure_quality":"1","slip_type":"Normal"},"geometry":{"type":"LineString","coordinates":[[86.6441456017824,33.33514313181648],[86.62511710107626,33.276154779627426],[86.63272850135871,33.2209721275796],[86.63653420149994,33.165789475531774],[86.64033990164117,33.14105242461378],[86.6574655522767,33.10109257313088],[86.66127125241793,33.053521321365515]]}},{"type":"Feature","properties":{"catalog_id":"GAF_827","catalog_name":"HimaTibetMap","exposure_quality":"1","slip_type":"Normal"},"geometry":{"type":"LineString","coordinates":[[86.83443060884386,33.49117683760688],[86.80969355792587,33.43028563534721],[86.78876220714912,33.38461723365246],[86.7868593570785,33.333240281745866],[86.78876220714912,33.28186332983927],[86.79637360743158,33.24570917849759]]}},{"type":"Feature","properties":{"catalog_id":"GAF_828","catalog_name":"HimaTibetMap","exposure_quality":"1","slip_type":"Normal"},"geometry":{"type":"LineString","coordinates":[[87.6295597565173,34.71001582611734],[87.60977067098085,34.682805833504744],[87.58833249498305,34.67043765504447],[87.57678886175347,34.64899947904667],[87.57019249990799,34.63085948397161],[87.56112250237047,34.6209649412034],[87.56112250237047,34.59705312951354],[87.55040341437156,34.572316772593],[87.52484251222033,34.553352232287246],[87.4992816100691,34.53108951105876],[87.48691343160884,34.52037042305986],[87.46465071038035,34.50635315413822],[87.44486162484391,34.48986224952453],[87.46052798422693,34.43296862860728]]}},{"type":"Feature","properties":{"catalog_id":"GAF_829","catalog_name":"HimaTibetMap","exposure_quality":"1","slip_type":"Normal"},"geometry":{"type":"LineString","coordinates":[[87.79281971219287,34.55747495844067],[87.75159245065863,34.519545877829174],[87.73345245558356,34.48409043290973],[87.70789155343233,34.4535822593744],[87.69057610358796,34.42802135722317],[87.67490974420495,34.37854864338209],[87.65841883959125,34.34721592461607],[87.63038430174798,34.329075929541006],[87.61141976144222,34.31588320585005],[87.59575340205922,34.29362048462156]]}},{"type":"Feature","properties":{"catalog_id":"GAF_830","catalog_name":"HimaTibetMap","exposure_quality":"1","slip_type":"Sinistral"},"geometry":{"type":"LineString","coordinates":[[86.85452597199023,35.48927459692319],[86.93614832191223,35.48776307192463],[86.99963237185158,35.480205446931855],[87.05555879679812,35.4786939219333],[87.09334692176202,35.48171697193041],[87.1417157217158,35.48927459692319],[87.17345774668547,35.49532069691741],[87.3125180465526,35.48171697193041],[87.37146752149627,35.483228496928966],[87.40320954646593,35.5059013719073],[87.47425122139805,35.507412896905855],[87.58459254629263,35.504389846908744],[87.66168032121895,35.53764339687697],[87.82492502106297,35.59205829682497],[87.95340464594021,35.628334896790314],[88.06828054583043,35.65403082176576],[88.19524864570911,35.68123827173976]]}},{"type":"Feature","properties":{"catalog_id":"GAF_831","catalog_name":"HimaTibetMap","exposure_quality":"1","slip_type":"Reverse"},"geometry":{"type":"LineString","coordinates":[[90.17299067297085,37.201823763040956],[90.0714712948716,37.263460528315505],[89.9210050737602,37.30334314114022],[89.7705388526488,37.337787215852465],[89.60194417116253,37.37766982867717],[89.38077695458915,37.40848821131445],[89.19042812065304,37.4556222082891],[89.03452336142918,37.45743505432659],[88.94569390559232,37.44111943998921]]}},{"type":"Feature","properties":{"catalog_id":"GAF_832","catalog_name":"HimaTibetMap","exposure_quality":"1","slip_type":"Reverse"},"geometry":{"type":"LineString","coordinates":[[90.35266909513027,36.492266759738456],[90.48455364435743,36.47731077992919],[90.56613171604434,36.45691626200746],[90.62323636622517,36.45691626200746],[90.71433187960888,36.444679551254424],[90.8149448346894,36.42156576427647],[90.90332107901688,36.40660978446721],[91.0311267246597,36.38485563201736],[91.12766077615586,36.379417093904905],[91.2486682491581,36.33454915447711],[91.36287754951977,36.289681215049306],[91.47980611893767,36.26112888995889]]}},{"type":"Feature","properties":{"catalog_id":"GAF_833","catalog_name":"HimaTibetMap","exposure_quality":"1","slip_type":"Reverse"},"geometry":{"type":"LineString","coordinates":[[90.48319400982932,36.72476426404613],[90.57836842679737,36.68261559367456],[90.66946394018109,36.6499843649998],[90.7333667630025,36.637747654246766],[90.80134848940824,36.637747654246766],[90.86661094675777,36.65678253764038],[90.91147888618556,36.66901924839341],[90.94818901844468,36.654063268584146],[91.00257439956927,36.607835694628236],[91.07055612597503,36.56024848614421],[91.1575727357744,36.51674018124453],[91.22555446218014,36.50586310501961],[91.2935361885859,36.46779333823238],[91.34112339706994,36.462354800119925],[91.44309598667856,36.432442840501395],[91.51515661666866,36.432442840501395]]}},{"type":"Feature","properties":{"catalog_id":"GAF_834","catalog_name":"HimaTibetMap","exposure_quality":"1","slip_type":"Reverse"},"geometry":{"type":"LineString","coordinates":[[90.3768139127446,36.13292968606906],[90.21603272286232,36.17400517253534],[90.13036099394695,36.17400517253534],[90.02004397315183,36.14466553934514],[89.90268544039104,36.12823534475863],[89.7888476636131,36.12119383279298],[89.71256461731859,36.13410327139667],[89.65623252159341,36.13410327139667],[89.60224759652345,36.141144783362314],[89.5635192807124,36.17987309917338],[89.52127020891851,36.20921273236357],[89.471979625159,36.23503160957094],[89.44146640664118,36.2585033161231],[89.34053806846691,36.3347863624176],[89.25603992487916,36.36764675159062],[89.2032285851368,36.3946392141256],[89.15276441604966,36.45801282181642],[89.112862514911,36.507303405575946],[89.04244739525454,36.544858136059396],[88.97907378756372,36.56128833064591],[88.96499076363243,36.56363550130112]]}},{"type":"Feature","properties":{"catalog_id":"GAF_835","catalog_name":"HimaTibetMap","exposure_quality":"1","slip_type":"Reverse"},"geometry":{"type":"LineString","coordinates":[[88.9541167620813,36.56725711227304],[88.80971075497331,36.617684606818685],[88.63550668290654,36.64289835409151],[88.44296534009588,36.66123562483538],[88.31918876257475,36.67957289557925],[88.24354752075628,36.739169025496835],[88.1541533258799,36.77584356698458],[88.0830964017474,36.78501220235651]]}},{"type":"Feature","properties":{"catalog_id":"GAF_836","catalog_name":"HimaTibetMap","exposure_quality":"1","slip_type":"Anticline"},"geometry":{"type":"LineString","coordinates":[[92.53062950876026,37.344670661478595],[92.6098762544885,37.31495313183051],[92.69369492785492,37.305047288614475],[92.76151185448774,37.30657126449386],[92.82628082936179,37.30047536097631],[92.8521884193114,37.293617469519056]]}},{"type":"Feature","properties":{"catalog_id":"GAF_837","catalog_name":"HimaTibetMap","exposure_quality":"1","slip_type":"Anticline"},"geometry":{"type":"LineString","coordinates":[[88.24471304142821,37.293913264662805],[88.29679827445054,37.28338539841361],[88.35608678438021,37.269532942822565],[88.40595562450797,37.26842474637528],[88.46247364331943,37.26787064815164],[88.5073555994344,37.26399196058615],[88.55223755554938,37.25568048723152],[88.59324082409887,37.25568048723152],[88.6281490121883,37.256788683678806],[88.65142113758127,37.25789688012609],[88.69464079902532,37.24847721032418]]}},{"type":"Feature","properties":{"catalog_id":"GAF_838","catalog_name":"HimaTibetMap","exposure_quality":"1","slip_type":"Anticline"},"geometry":{"type":"LineString","coordinates":[[88.35830317727478,37.46983945066906],[88.46579823266127,37.473164040010914],[88.55777853778581,37.46374437020901],[88.65252933402854,37.437701753697844],[88.74672603204765,37.40168536916113],[88.820421095792,37.36622308284806],[88.89522435598363,37.33186899298227]]}},{"type":"Feature","properties":{"catalog_id":"GAF_839","catalog_name":"HimaTibetMap","exposure_quality":"1","slip_type":"Anticline"},"geometry":{"type":"LineString","coordinates":[[98.13076533516947,39.73344222028281],[98.24839896510785,39.702633412441806],[98.35482939219496,39.66062140174953],[98.41924780858977,39.60740618820598]]}},{"type":"Feature","properties":{"catalog_id":"GAF_840","catalog_name":"HimaTibetMap","exposure_quality":"1","fs_name":"Tangra Yum Co Rift","reference":"Dewane et al., 2006","slip_type":"Normal"},"geometry":{"type":"LineString","coordinates":[[86.53733199477607,30.426973532982338],[86.42366347883573,30.40074233699611],[86.35137487250786,30.352890345791593],[86.33523865925962,30.28394470736731],[86.32661671229211,30.209041543087004],[86.34224399117073,30.199880724434017]]}},{"type":"Feature","properties":{"catalog_id":"GAF_841","catalog_name":"HimaTibetMap","exposure_quality":"1","fs_name":"Kung Co fault","slip_type":"Normal"},"geometry":{"type":"LineString","coordinates":[[86.51547266478754,28.63450847392339],[86.47612587080819,28.71757392787978],[86.46431806070032,28.780398204386163],[86.47612587080819,28.831242443820106],[86.49106298441382,28.845350161976068],[86.46813876408797,28.875915789077197],[86.442157981052,28.942396028022156],[86.41694133869358,29.01040454832217],[86.39860196243289,29.083762053364886],[86.37262117939693,29.121204946563772],[86.34918753195274,29.141964101636624],[86.33696128111228,29.151133789766963],[86.32371617603512,29.159284623660596],[86.30843336248456,29.170492020264344],[86.29824482011752,29.178642854157978],[86.28398086080365,29.188831396525025]]}},{"type":"Feature","properties":{"catalog_id":"GAF_842","catalog_name":"HimaTibetMap","exposure_quality":"1","slip_type":"Normal"},"geometry":{"type":"LineString","coordinates":[[88.22217743229018,29.65886112880602],[88.18579904974872,29.633772589122252],[88.16949149895427,29.59363092562822],[88.17200035292264,29.533418430387172],[88.18329019578034,29.480732497051253],[88.1757636338752,29.40797573196832],[88.13813082434956,29.36030750656916],[88.12809540847604,29.325183551011882],[88.12056884657092,29.278769752596908],[88.10300686879228,29.24991793196057],[88.10175244180809,29.231101527197744]]}},{"type":"Feature","properties":{"catalog_id":"GAF_843","catalog_name":"HimaTibetMap","exposure_quality":"1","slip_type":"Normal"},"geometry":{"type":"LineString","coordinates":[[90.2806921133435,29.677677533568847],[90.24180487683367,29.612447330391046],[90.23929602286529,29.555998116102565],[90.24055044984948,29.480732497051253],[90.24055044984948,29.45313510339911],[90.2154619101657,29.420520001810207]]}},{"type":"Feature","properties":{"catalog_id":"GAF_844","catalog_name":"HimaTibetMap","exposure_quality":"1","slip_type":"Normal"},"geometry":{"type":"LineString","coordinates":[[90.29072752921702,29.794339243098378],[90.33965018160036,29.737890028809897],[90.34215903556874,29.70402050023681]]}},{"type":"Feature","properties":{"catalog_id":"GAF_845","catalog_name":"HimaTibetMap","exposure_quality":"1","slip_type":"Normal"},"geometry":{"type":"LineString","coordinates":[[92.21376409597798,29.287550741486225],[92.33795236741264,29.36030750656916],[92.39440158170113,29.39166818117387],[92.42199897535328,29.424283282762772],[92.42576225630584,29.469442654193557],[92.4295255372584,29.52589186848204],[92.4194901213849,29.584849936738898],[92.4194901213849,29.631263735153873],[92.41698126741652,29.68394966848979]]}},{"type":"Feature","properties":{"catalog_id":"GAF_846","catalog_name":"HimaTibetMap","exposure_quality":"1","slip_type":"Normal"},"geometry":{"type":"LineString","coordinates":[[91.00570438305942,30.502477436988123],[90.94726592903368,30.48269826793325],[90.8807359967582,30.47280868340582],[90.8339852335376,30.441341823545798],[90.76206098242899,30.384701475797765],[90.71620927234726,30.338849765716024],[90.65866987146036,30.31277722468915],[90.62180869276719,30.292099002495423],[90.59034183290717,30.245348239274822]]}},{"type":"Feature","properties":{"catalog_id":"GAF_847","catalog_name":"HimaTibetMap","exposure_quality":"1","slip_type":"Normal"},"geometry":{"type":"LineString","coordinates":[[91.63104948288213,31.106958798029392],[91.59409683360212,30.99240558526135],[91.59409683360212,30.91480502177332],[91.55344891939411,30.855680782925294],[91.5201915350421,30.78916601422127],[91.5201915350421,30.785470749293268]]}},{"type":"Feature","properties":{"catalog_id":"GAF_848","catalog_name":"HimaTibetMap","exposure_quality":"1","slip_type":"Normal"},"geometry":{"type":"LineString","coordinates":[[90.80715712574442,31.54197347607238],[90.79702092262893,31.606169429137182],[90.77674851639794,31.655161077528746],[90.77843788358386,31.709220827478056],[90.81729332885992,31.798757288331597],[90.83756573509092,31.840991467979496],[90.88317864911065,31.871400077325983]]}},{"type":"Feature","properties":{"catalog_id":"GAF_849","catalog_name":"HimaTibetMap","exposure_quality":"1","reference":"Murphy et al., 2010 EPSL","slip_type":"Normal"},"geometry":{"type":"LineString","coordinates":[[83.91880454940762,31.16140647694166],[83.95571448037695,31.054367677130625],[84.02030685957327,30.94732887731959],[84.10335420425425,30.85136305679935],[84.17901956274135,30.784925181054568],[84.27683087981006,30.6852683674374],[84.32965064506391,30.579796350585024],[84.3565942293374,30.529142412150858],[84.3635995612485,30.471483141805585]]}},{"type":"Feature","properties":{"catalog_id":"GAF_850","catalog_name":"HimaTibetMap","exposure_quality":"1","fs_name":"Lopukangri Rift","reference":"Murphy et al., 2010 EPSL","slip_type":"Normal"},"geometry":{"type":"LineString","coordinates":[[84.52250215612476,29.92753146805086],[84.5337174230786,30.030590677896956],[84.59503091704097,30.10882249748439],[84.59646790820223,30.136125329548197],[84.57096131508999,30.151572984531665],[84.53645107423301,30.263411312253545],[84.51827103891233,30.28871329771173]]}},{"type":"Feature","properties":{"catalog_id":"GAF_851","catalog_name":"HimaTibetMap","exposure_quality":"1","reference":"Murphy et al., 2010 EPSLc","slip_type":"Normal"},"geometry":{"type":"LineString","coordinates":[[84.81017938231678,29.97567494455216],[84.86554427877076,30.088250234008594],[84.8692352718677,30.163915592495705],[84.8360163339953,30.230353468240487],[84.80095189957444,30.280181875049074],[84.76773296170205,30.33001028185766],[84.71790455489347,30.38352968176318],[84.67730363082721,30.413057626538635],[84.60348376888857,30.464731529895687]]}},{"type":"Feature","properties":{"catalog_id":"GAF_852","catalog_name":"HimaTibetMap","exposure_quality":"1","fs_name":"Tangra Yum Co Rift","reference":"Dewane et al., 2006","slip_type":"Normal"},"geometry":{"type":"LineString","coordinates":[[86.7977791650148,31.11896005632694],[86.79593366846633,31.22415335958951],[86.76640572369088,31.327501166303616],[86.7276502961731,31.3773295731122],[86.71842281343076,31.434539966114652],[86.75533274440008,31.499132345310965],[86.786706185724,31.54526975902262],[86.8088521443056,31.585870683088874],[86.81069764085407,31.595098165831207],[86.76086923404549,31.63200809680053],[86.74241426856082,31.64492657263979]]}},{"type":"Feature","properties":{"catalog_id":"GAF_853","catalog_name":"HimaTibetMap","exposure_quality":"1","fs_name":"Tangra Yum Co Rift","reference":"Dewane et al., 2006","slip_type":"Normal"},"geometry":{"type":"LineString","coordinates":[[86.48219925522709,31.32011918010975],[86.39915191054612,31.29612772497969],[86.36777846922219,31.25368130436497],[86.37700595196452,31.155869987296263],[86.33640502789827,31.074668139163755],[86.33640502789827,31.048831187485227]]}},{"type":"Feature","properties":{"catalog_id":"GAF_854","catalog_name":"HimaTibetMap","exposure_quality":"1","slip_type":"Anticline"},"geometry":{"type":"LineString","coordinates":[[94.85560108925884,41.561303992147614],[95.07828806707663,41.52114732401654],[95.26446898295706,41.51749671782281],[95.36303535018789,41.51749671782281]]}},{"type":"Feature","properties":{"catalog_id":"GAF_855","catalog_name":"HimaTibetMap","exposure_quality":"1","slip_type":"Anticline"},"geometry":{"type":"LineString","coordinates":[[93.96485317798773,40.90054427108175],[93.79692529307596,40.87133942153188],[93.6509010453266,40.87133942153188],[93.54868407190204,40.87133942153188]]}},{"type":"Feature","properties":{"catalog_id":"GAF_856","catalog_name":"HimaTibetMap","exposure_quality":"1","slip_type":"Dextral"},"geometry":{"type":"LineString","coordinates":[[82.49967993599425,29.11052201729287],[82.43851783827041,29.154209229952755],[82.39483062561052,29.205177644722628],[82.3220186045107,29.277989665822442],[82.25066282383288,29.363907850720224],[82.18658824526506,29.441088593086025],[82.13853231133918,29.522638056717817]]}},{"type":"Feature","properties":{"catalog_id":"GAF_857","catalog_name":"HimaTibetMap","exposure_quality":"1","slip_type":"Dextral"},"geometry":{"type":"LineString","coordinates":[[83.1884816555985,28.29065865970895],[83.0661574601508,28.383858046716714],[82.93655206259314,28.449388865706545],[82.83752771389739,28.517832165540373],[82.72685344182567,28.578994263264217],[82.65986638241384,28.62122523550211],[82.61909165059794,28.661999967318003]]}},{"type":"Feature","properties":{"catalog_id":"GAF_858","catalog_name":"HimaTibetMap","exposure_quality":"1","slip_type":"Dextral"},"geometry":{"type":"LineString","coordinates":[[83.04988387630557,28.61922120796486],[82.9626483743313,28.648881278636114],[82.89576782281767,28.682612339399505],[82.85447635188319,28.70645670993914],[82.83063198134354,28.742514050755176],[82.80155348068546,28.772755691439595],[82.78468795030376,28.784968661715993]]}},{"type":"Feature","properties":{"catalog_id":"GAF_859","catalog_name":"HimaTibetMap","exposure_quality":"1","slip_type":"Reverse"},"geometry":{"type":"LineString","coordinates":[[103.02458841841026,33.83688101384874],[103.3075356408667,33.749350578124805],[103.47445414620073,33.66792691698626],[103.68412007363247,33.537649059164586],[103.71668953808789,33.39312206064367],[103.70854717197403,33.26487979435046],[103.6495150176486,33.112210429715695],[103.58030490568083,33.01857321940637],[103.47038296314379,32.93511396673936],[103.3971016681191,32.884224178527774],[103.30957123239517,32.8435123479585],[103.26275262724052,32.8211208411454]]}},{"type":"Feature","properties":{"catalog_id":"GAF_860","catalog_name":"HimaTibetMap","exposure_quality":"1","fs_name":"Longriba Fault","reference":"Xu, et al., 2008","slip_type":"Reverse"},"geometry":{"type":"LineString","coordinates":[[101.21418464327961,31.51258997896969],[101.31499060914174,31.610595779113435],[101.41579657500388,31.686200253510037],[101.51100220942924,31.759004562188245],[101.56700552379709,31.798206882245744],[101.58940684954423,31.8150078765561],[101.70141347827993,31.85981052805038],[101.76861745552137,31.882211853797525],[101.85542259279154,31.90741334526306],[101.9450278957801,31.966216825349303],[101.99543087871118,32.033420802590726],[102.03183303305028,32.10062477983215],[102.07103535310777,32.14262726560804],[102.11303783888366,32.16502859135518],[102.17184131896991,32.1986305799759],[102.29224844486079,32.305036877274816]]}},{"type":"Feature","properties":{"catalog_id":"GAF_861","catalog_name":"HimaTibetMap","exposure_quality":"1","slip_type":"Sinistral"},"geometry":{"type":"LineString","coordinates":[[92.12203077682865,25.86932725301863],[91.96312035031126,25.784196667384307],[91.77015768954013,25.608260123740045],[91.65097486965207,25.477726559100752]]}},{"type":"Feature","properties":{"catalog_id":"GAF_862","catalog_name":"HimaTibetMap","exposure_quality":"1","fs_name":"Oldham Fault","reference":"Bilham and England, 2001","slip_type":"Reverse"},"geometry":{"type":"LineString","coordinates":[[91.4750383260078,25.733118316003715],[91.31045252711479,25.738793688379335],[91.18559433485112,25.767170550257443],[91.08911300446556,25.80122278451117],[91.00965779120686,25.84095039114052],[90.92452720557253,25.87500262539425],[90.85074736468945,25.909054859647977],[90.72021380005016,25.94878246627733],[90.62940784204022,25.96013321102857],[90.58968023541087,25.965808583404193]]}},{"type":"Feature","properties":{"catalog_id":"GAF_863","catalog_name":"HimaTibetMap","exposure_quality":"1","fs_name":"Longriba Fault","reference":"Xu, et al., 2008","slip_type":"Reverse"},"geometry":{"type":"LineString","coordinates":[[102.50786120517704,32.24343323147018],[102.62546816534952,32.316237540148386],[102.69267214259095,32.3862416831082],[102.75707595411397,32.43384450032088],[102.84948142282093,32.48424748325195],[102.95028738868307,32.531850300464626],[103.02029153164288,32.582253283395694],[103.09869617175788,32.638256597763544],[103.16590014899931,32.68585941497622]]}},{"type":"Feature","properties":{"catalog_id":"GAF_864","catalog_name":"HimaTibetMap","exposure_quality":"1","slip_type":"Anticline"},"geometry":{"type":"LineString","coordinates":[[90.03349374259997,25.687715336998743],[90.1470011901124,25.585558634237557],[90.28888549950294,25.494752676227616],[90.41941906414223,25.472051186725132],[90.51022502215217,25.443674324847024],[90.6237324696646,25.403946718217675],[90.69751231054768,25.352868366837082]]}},{"type":"Feature","properties":{"catalog_id":"GAF_865","catalog_name":"HimaTibetMap","exposure_quality":"1","fs_name":"Barapani - Tyrsad Fault","reference":"Srivastava and Sinha, 2007","slip_type":"Sinistral"},"geometry":{"type":"LineString","coordinates":[[93.60330296686583,26.635502523727517],[93.29115748620664,26.60145028947379],[93.10954557018677,26.52767044859071],[92.98468737792311,26.44253986295639],[92.87117993041068,26.317681670692718],[92.77469860002512,26.181472733677804],[92.62146354588333,26.005536190033542],[92.51363147074653,25.892028742521113],[92.36607178898038,25.806898156886792],[92.25823971384357,25.704741454125607],[92.15040763870675,25.60258475136442]]}},{"type":"Feature","properties":{"catalog_id":"GAF_866","catalog_name":"HimaTibetMap","exposure_quality":"1","slip_type":"Anticline"},"geometry":{"type":"LineString","coordinates":[[90.8620981094407,25.562857144735073],[91.1515421005974,25.477726559100752],[91.30477715473917,25.42664820772016],[91.4750383260078,25.42664820772016]]}},{"type":"Feature","properties":{"catalog_id":"GAF_867","catalog_name":"HimaTibetMap","exposure_quality":"1","slip_type":"Normal"},"geometry":{"type":"LineString","coordinates":[[88.96802920651075,27.558484775607397],[89.08800889629502,27.64194890763124],[89.19233906132483,27.735846056158064],[89.27058668509717,27.876691778948295],[89.33840129236656,27.9288568614632],[89.42186542439039,27.965372419223627],[89.43751494914487,28.101001633762372],[89.48968003165976,28.132300683271314],[89.56792765543211,28.231414340049625],[89.60965972144403,28.27836291431304]]}},{"type":"Feature","properties":{"catalog_id":"GAF_868","catalog_name":"HimaTibetMap","exposure_quality":"1","slip_type":"Sinistral"},"geometry":{"type":"LineString","coordinates":[[87.84647993244036,28.08013560075641],[88.11773836151785,28.085352109007903],[88.3055326585715,28.101001633762372],[88.48811044737366,28.121867666768335],[88.59244061240346,28.132300683271314],[88.76458538470263,28.174032749283235]]}},{"type":"Feature","properties":{"catalog_id":"GAF_869","catalog_name":"HimaTibetMap","exposure_quality":"1","slip_type":"Sinistral"},"geometry":{"type":"LineString","coordinates":[[87.72650024265609,28.179249257534725],[87.9351605727157,28.215764815295156],[88.12295486976934,28.262713389558566],[88.34726472458343,28.27836291431304],[88.49332695562515,28.309661963821977],[88.7332863351937,28.294012439067508],[88.9367301570018,28.273146406061546],[89.10365842104949,28.28879593081602],[89.24972065209121,28.304445455570487],[89.42708193264188,28.34096101333092],[89.5261955894202,28.37747657109135]]}},{"type":"Feature","properties":{"catalog_id":"GAF_870","catalog_name":"HimaTibetMap","exposure_quality":"1","slip_type":"Dextral"},"geometry":{"type":"LineString","coordinates":[[95.21124663340132,45.37626052940708],[95.28567923269287,45.264611630469744],[95.30597903249966,45.15634603150021],[95.29582913259627,45.021014032788294],[95.30936233246746,44.82816593462382],[95.30936233246746,44.74358343542887],[95.31612893240306,44.672534136105114],[95.36011183198443,44.567651837103384],[95.44469433117938,44.46276953810165]]}},{"type":"Feature","properties":{"catalog_id":"GAF_871","catalog_name":"HimaTibetMap","exposure_quality":"1","fs_name":"Tibrikot Fault","slip_type":"Dextral"},"geometry":{"type":"LineString","coordinates":[[82.64098072018375,29.090307983378107],[82.69634507526874,29.07040169840373],[82.78965578608613,29.021258057373238],[82.84813049819836,28.987044130073528],[82.89105342517436,28.957184702611965],[82.92588942387952,28.940388774664832],[82.96445785101737,28.929813560772196],[83.01422356345331,28.913639704230516],[83.05465820480752,28.906796918770574],[83.09820320318897,28.889378919417993],[83.13428334470503,28.87382713428176]]}},{"type":"Feature","properties":{"catalog_id":"GAF_872","catalog_name":"HimaTibetMap","exposure_quality":"1","slip_type":"Anticline"},"geometry":{"type":"LineString","coordinates":[[74.15810802145293,34.916470074808664],[74.30400827020144,35.094087768937285],[74.44990851894995,35.19558359415364],[74.60215225677449,35.28439244121795],[74.73536552737094,35.42394920089044],[74.7797699509031,35.557162471486905],[74.76073948367504,35.67768876393133],[74.7797699509031,35.81090203452779]]}},{"type":"Feature","properties":{"catalog_id":"GAF_873","catalog_name":"HimaTibetMap","exposure_quality":"1","slip_type":"Anticline"},"geometry":{"type":"LineString","coordinates":[[97.11825560091458,29.939514130137486],[97.05998368051877,29.79383432914796],[97.05415648847918,29.572401031643878],[97.05415648847918,29.41506684657519],[97.01336614420212,29.251905469466923],[96.90264949545008,29.094571284398235],[96.83855038301469,28.97220025156703],[96.73948811834181,28.855656410775413],[96.62877146958976,28.750766954062954],[96.4947460526794,28.593432768994266],[96.32575748353156,28.3370363192527],[96.15094172234413,28.173874942144433]]}},{"type":"Feature","properties":{"catalog_id":"GAF_874","catalog_name":"HimaTibetMap","exposure_quality":"1","slip_type":"Anticline"},"geometry":{"type":"LineString","coordinates":[[71.39717929270154,33.757537148147335],[71.52892468752856,33.69042156965055],[71.60101179035844,33.68545004531746],[71.6979565148538,33.71279342914948],[71.80235852584879,33.77990900764627],[71.87195986651213,33.81719544014448],[71.93907544500891,33.8445388239765],[72.04596321817044,33.871882207808525],[72.12550760749997,33.87685373214162],[72.22742385632841,33.85696763480924],[72.34922620248925,33.822166964477574]]}},{"type":"Feature","properties":{"catalog_id":"GAF_875","catalog_name":"HimaTibetMap","exposure_quality":"1","slip_type":"Anticline"},"geometry":{"type":"LineString","coordinates":[[72.57791632181163,33.407044682664136],[72.72457628963792,33.434388066496155],[72.84637863579876,33.484103309827105],[72.91846573862864,33.53879007749115],[73.00795317662434,33.55867617482353]]}},{"type":"Feature","properties":{"catalog_id":"GAF_876","catalog_name":"HimaTibetMap","exposure_quality":"1","slip_type":"Anticline"},"geometry":{"type":"LineString","coordinates":[[71.84213072051355,33.70533614264984],[71.91918934767652,33.74759409948115],[72.05093474250354,33.75256562381424],[72.16279403999819,33.71279342914948],[72.2473099536608,33.66804971015163],[72.32436858082377,33.645677850652696],[72.4511424513177,33.63324903981996],[72.54311565147995,33.625791753320314],[72.66988952197389,33.6407063263196]]}},{"type":"Feature","properties":{"catalog_id":"GAF_877","catalog_name":"HimaTibetMap","exposure_quality":"1","slip_type":"Anticline"},"geometry":{"type":"LineString","coordinates":[[72.54311565147995,33.87436796997507],[72.67983257064007,33.90668287814019],[72.75689119780304,33.98622726746971],[72.806606441134,34.0433997973003],[72.85135016013186,34.07571470546542],[72.91846573862864,34.095600802797804]]}},{"type":"Feature","properties":{"catalog_id":"GAF_878","catalog_name":"HimaTibetMap","exposure_quality":"1","slip_type":"Anticline"},"geometry":{"type":"LineString","coordinates":[[73.94259975124623,33.160954228175925],[73.87548417274945,33.25044166617164],[73.76611063742136,33.36727248799937],[73.70396658325768,33.40953044483068],[73.60453609659578,33.44681687732889]]}},{"type":"Feature","properties":{"catalog_id":"GAF_879","catalog_name":"HimaTibetMap","exposure_quality":"1","slip_type":"Anticline"},"geometry":{"type":"LineString","coordinates":[[73.80588283208611,33.50398940715947],[73.72633844275659,33.571104985656255],[73.65673710209326,33.635734801986494],[73.60950762092885,33.69290733181709],[73.58464999926338,33.7301937643153],[73.57222118843063,33.75256562381423],[73.54239204243207,33.735165288648396],[73.47279070176873,33.6779927588178],[73.41313240977159,33.633249039819944],[73.35098835560791,33.61336294248757],[73.2987873501104,33.60093413165483],[73.2565293932791,33.60093413165483]]}},{"type":"Feature","properties":{"catalog_id":"GAF_880","catalog_name":"HimaTibetMap","exposure_quality":"1","slip_type":"Reverse"},"geometry":{"type":"LineString","coordinates":[[70.29569283752252,32.29492209015927],[70.3224025559592,32.336728605973185],[70.33749935333644,32.357631863880144],[70.36885424019688,32.3785351217871],[70.3967252507395,32.39711579548217],[70.42808013759993,32.42034163760102],[70.44433822708312,32.44937394024957],[70.4489833955069,32.478406242898124],[70.47453182183762,32.49930950080508],[70.49078991132082,32.49930950080508],[70.5372415955585,32.457502984991166],[70.56279002188923,32.41801905338913],[70.5953062008556,32.37388995336333]]}},{"type":"Feature","properties":{"catalog_id":"GAF_881","catalog_name":"HimaTibetMap","exposure_quality":"1","fs_name":"Makran Thrust Belt","reference":"Molnar and Tapponnier, 1975","slip_type":"Reverse"},"geometry":{"type":"LineString","coordinates":[[70.35027356650181,31.391436831736275],[70.30149929805224,31.54472738972064],[70.26549924276803,31.61556620818311],[70.23762823222542,31.677114689798046],[70.22949918748382,31.743308339836748],[70.226015311166,31.806018113557624],[70.2097572216828,31.901244066244878],[70.18072491903425,31.9651151320717],[70.14704744796194,32.02782490579258],[70.11104739267772,32.114921813738235],[70.08782155055889,32.163696082187805],[70.09827317951236,32.188083216412586],[70.13891840322034,32.20666389010766],[70.18769267166991,32.24150265328593],[70.20278946904716,32.27750270857013]]}},{"type":"Feature","properties":{"catalog_id":"GAF_882","catalog_name":"HimaTibetMap","exposure_quality":"1","reference":"Ruleman, et al., 2007","slip_type":"Sinistral"},"geometry":{"type":"LineString","coordinates":[[64.44444618336613,34.05177698680632],[64.2866257345399,34.012321874599756],[64.15416928641788,33.9813214292946],[63.97098483688743,33.93341165018664],[63.83430105531471,33.89677476028055],[63.57643371482185,33.83618298082048],[63.42002237714585,33.772772979059944],[63.334066596981565,33.74459075605526],[63.26783837292056,33.74036342260455],[63.20442837116001,33.71922675535104],[63.071971923038,33.669907865092846],[62.9733341425216,33.64031653093792],[62.88456014005685,33.61213430793324],[62.77887680378928,33.57831564032762]]}},{"type":"Feature","properties":{"catalog_id":"GAF_883","catalog_name":"HimaTibetMap","exposure_quality":"1","slip_type":"Reverse"},"geometry":{"type":"LineString","coordinates":[[75.0820757811727,40.59966479693908],[75.22298483098976,40.66597493802946],[75.34317196171608,40.740573846756135],[75.46335909244239,40.78616206875577],[75.55453553644166,40.81517275548281],[75.65400074807722,40.82760590693726],[75.74932157589465,40.844183442209854],[75.85293117134836,40.88562728039134],[75.97311830207468,40.91878235093653],[76.07258351371024,40.96851495675431],[76.17204872534582,41.026536330208394],[76.25079201789065,41.055547016935435],[76.33782407807176,41.10527962275322],[76.40827860298029,41.14672346093471],[76.46629997643437,41.20474483438879],[76.52432134988845,41.24618867257028],[76.61135341006958,41.295921278388064]]}},{"type":"Feature","properties":{"catalog_id":"GAF_884","catalog_name":"HimaTibetMap","exposure_quality":"1","slip_type":"Reverse"},"geometry":{"type":"LineString","coordinates":[[75.10279770026345,40.43388944421313],[75.21884044717162,40.43803382803128],[75.33902757789792,40.475333282394615],[75.4219152542609,40.541643423485],[75.47993662771498,40.60380918075723],[75.5835462231687,40.65354178657501],[75.67472266716797,40.7032743923928],[75.79490979789428,40.711563160029094]]}},{"type":"Feature","properties":{"catalog_id":"GAF_885","catalog_name":"HimaTibetMap","exposure_quality":"1","slip_type":"Reverse"},"geometry":{"type":"LineString","coordinates":[[74.74223630808451,41.41610840911437],[74.41068560263261,41.38295333856919],[74.22833271463408,41.341509500387694],[74.05841297808998,41.30421004602436],[73.96309215027256,41.22546675347953]]}},{"type":"Feature","properties":{"catalog_id":"GAF_886","catalog_name":"HimaTibetMap","exposure_quality":"1","slip_type":"Anticline"},"geometry":{"type":"LineString","coordinates":[[74.31122039099705,40.93535988620913],[74.67178178317599,40.94364865384542],[74.89143412553787,40.96437057293617],[75.1152308517179,41.034825097844696],[75.2768618206257,41.14257907711656],[75.44263717335164,41.188167299116195],[75.62499006135019,41.22132236966139],[75.69130020244057,41.242044288752126]]}},{"type":"Feature","properties":{"catalog_id":"GAF_887","catalog_name":"HimaTibetMap","exposure_quality":"2","slip_type":"Dextral"},"geometry":{"type":"LineString","coordinates":[[73.83382012579224,38.12948575005296],[73.9502804408215,38.04759959104801],[74.02124844529244,37.958434662353746],[74.16864353150133,37.84561373216916],[74.31057954044323,37.76008818831956],[74.40702323882682,37.709136800494264],[74.56533647956971,37.62543094906699],[74.65086202341932,37.581758330931024],[74.73092849000193,37.52534786583873],[74.82737218838552,37.48167524770276],[74.94383250341477,37.4325435522998],[75.03481712453137,37.41252693565414]]}},{"type":"Feature","properties":{"catalog_id":"GAF_888","catalog_name":"HimaTibetMap","exposure_quality":"1","fs_name":"Kunlun Fault","reference":"Yin, et al., 2008; Van der Woerd, et al., 1998, 2000, 2002;","slip_type":"Sinistral","strike_slip_rate":"None"},"geometry":{"type":"LineString","coordinates":[[90.48620045721958,36.21084935434702],[90.69457229601801,36.16182068639445],[91.5607454298468,35.973877459242914],[91.87534604920916,35.92484879129034],[92.69657623741476,35.855391511690854],[93.52962884273234,35.7427227066657],[94.21454932521027,35.73394167483906],[95.25423841560735,35.781848509762],[96.03869710284852,35.75324845345633],[96.91304168133608,35.60207672726923],[97.59524657846673,35.540758974652974],[98.37675841103773,35.33879524264025],[98.78068587506317,35.198298733414006],[99.17653185181322,35.05050421280278],[99.44618952555237,34.88707531962753],[99.68724714298587,34.66236059151157],[100.18979098949974,34.47441736436003],[100.79154216336377,34.32019555074999],[101.31840407296218,34.249947296136874],[101.68516536205323,34.10261663238635],[102.13050909595577,33.95144490619925],[102.69025305508099,33.82887323631781]]}},{"type":"Feature","properties":{"catalog_id":"GAF_889","catalog_name":"HimaTibetMap","exposure_quality":"1","slip_type":"Normal"},"geometry":{"type":"LineString","coordinates":[[87.85570114104247,28.62684408283872],[87.86874457364264,28.70510467843975],[87.90787487144316,28.79640870664095],[87.90787487144316,28.874669302241976],[87.90787487144316,28.97901676304335],[87.98613546704418,29.070320791244548]]}},{"type":"Feature","properties":{"catalog_id":"GAF_890","catalog_name":"HimaTibetMap","exposure_quality":"1","fs_name":"Ama Drime Detachment","reference":"Jessup, et al., 2008","slip_type":"Normal"},"geometry":{"type":"LineString","coordinates":[[87.36428236479966,28.100711976073907],[87.36618593360433,28.116892310913553],[87.36713771800666,28.126410154936874],[87.36618593360433,28.136879783362524],[87.36999307121366,28.150204764995173],[87.37380020882298,28.164481531030155],[87.37475199322532,28.17590294385814],[87.37380020882298,28.18922792549079],[87.37665556202998,28.2073118291351],[87.37760734643231,28.21587788875609],[87.37951091523698,28.228251085986408],[87.38236626844397,28.240624283216725],[87.38236626844397,28.25109391164238],[87.3861734060533,28.25680461805637],[87.39378768127196,28.271081384091353],[87.40045017208828,28.281551012517006],[87.40425730969761,28.28916528773566],[87.41091980051394,28.290117072137992],[87.42424478214659,28.29297242534499],[87.43566619497457,28.300586700563645],[87.4423286857909,28.310104544586967],[87.45660545182588,28.32057417301262],[87.48515898389584,28.319622388610288],[87.49943574993083,28.321525957414952],[87.52037500678213,28.32533309502428],[87.54131426363344,28.32914023263361],[87.55463924526609,28.331995585840605],[87.5698677957034,28.337706292254598],[87.58224099293372,28.33865807665693],[87.5965177589687,28.344368783070923],[87.60984274060135,28.350079489484916],[87.63554091946432,28.359597333508237],[87.6498176854993,28.372922315140887],[87.67266051115527,28.390054434382865],[87.69074441479958,28.411945475636504],[87.70216582762757,28.430981163683146],[87.70216582762757,28.44335436091346],[87.70216582762757,28.458582911350774],[87.7059729652369,28.477618599397417],[87.70978010284622,28.49284714983473],[87.71358724045555,28.512834622283705],[87.72024973127188,28.542339938756],[87.71929794686955,28.5689899020213],[87.71168367165089,28.59754343409126]]}},{"type":"Feature","properties":{"catalog_id":"GAF_891","catalog_name":"HimaTibetMap","exposure_quality":"1","fs_name":"Nyonno Ri Detachment","reference":"Jessup, et al., 2008","slip_type":"Normal"},"geometry":{"type":"LineString","coordinates":[[87.78378134012752,28.476547841944775],[87.78497107063043,28.456322423395218],[87.78021214861877,28.442045657360236],[87.77545322660711,28.425389430319424],[87.76831484358962,28.40159482026112],[87.75998673006922,28.388507784729054],[87.7587969995663,28.370661827185327],[87.73976131151966,28.354005600144514],[87.73143319799925,28.342108295115363],[87.72429481498176,28.331400720589127],[87.7195358929701,28.319503415559975],[87.71358724045552,28.30641638002791],[87.71001804894678,28.292139613992926],[87.70525912693512,28.285001230975436],[87.70168993542637,28.273103925946284],[87.69693101341471,28.262396351420048],[87.69098236090014,28.25287850739673],[87.68503370838556,28.24336066337341],[87.68146451687682,28.233842819350087],[87.6802747863739,28.22313524482385],[87.6802747863739,28.214807131303445],[87.67789532536807,28.205289287280124],[87.67432613385932,28.195771443256803],[87.6719466728535,28.18625359923348],[87.66361855933309,28.17435629420433],[87.65529044581268,28.160079528169348],[87.65053152380102,28.151751414648942],[87.64696233229228,28.14223357062562],[87.64220341028062,28.126767074087724],[87.64220341028062,28.11011084704691],[87.64696233229228,28.10059300302359],[87.64339314078353,28.08631623698861],[87.64220341028062,28.075608662462372],[87.63744448826895,28.06133189642739],[87.63387529676021,28.042296208380748],[87.63387529676021,28.03396809486034],[87.63030610525146,28.02207078983119],[87.62911637474855,28.004224832287463],[87.62673691374272,27.98756860524665]]}},{"type":"Feature","properties":{"catalog_id":"GAF_892","catalog_name":"HimaTibetMap","exposure_quality":"1","fs_name":"Tingri fault","slip_type":"Normal"},"geometry":{"type":"LineString","coordinates":[[86.58542252075081,28.227924936136848],[86.6597442427118,28.402799576045037],[86.6597442427118,28.507724359989954],[86.61165371673704,28.603905411939458]]}},{"type":"Feature","properties":{"catalog_id":"GAF_893","catalog_name":"HimaTibetMap","exposure_quality":"1","slip_type":"Normal"},"geometry":{"type":"LineString","coordinates":[[83.40179100099384,32.23701576202954],[83.4473132275546,32.21931267392258],[83.53203514920935,32.18517100400201],[83.5889379324103,32.14597130890802],[83.63446015897107,32.108036120107386],[83.67745337294512,32.07262994389345],[83.7115950428657,32.02837222362604],[83.72297559950589,31.976527465598508]]}},{"type":"Feature","properties":{"catalog_id":"GAF_894","catalog_name":"HimaTibetMap","exposure_quality":"1","fs_name":"Lopukangri Rift","reference":"Murphy et al., 2010 EPSL","slip_type":"Normal"},"geometry":{"type":"LineString","coordinates":[[84.49441908276637,30.28604392304328],[84.46693662680741,30.334946528499668],[84.41856447316643,30.42190694674236],[84.39972080391514,30.48109863344319],[84.37365288613054,30.591735726366217],[84.3617237210395,30.63636270890304],[84.35803272794257,30.6548176743877]]}},{"type":"Feature","properties":{"catalog_id":"GAF_895","catalog_name":"HimaTibetMap","exposure_quality":"1","fs_name":"Tangra Yum Co Rift","reference":"Dewane et al., 2006","slip_type":"Normal"},"geometry":{"type":"LineString","coordinates":[[86.35679352667842,30.188025547353682],[86.3589490134203,30.154076631169083],[86.30721733161519,30.102344949363978],[86.29913425633315,30.050074395873402],[86.28296810576903,30.02905840014008],[86.27057405700323,29.973015744851214]]}},{"type":"Feature","properties":{"catalog_id":"GAF_896","catalog_name":"HimaTibetMap","exposure_quality":"1","fs_name":"Tangra Yum Co Rift","reference":"Dewane et al., 2006","slip_type":"Normal"},"geometry":{"type":"LineString","coordinates":[[86.39779370949427,29.894523317963237],[86.40131440392496,29.894523317963237],[86.42595926493978,29.9332509567008],[86.43816315118434,29.967627027996517],[86.4478628415228,29.977865590020443]]}},{"type":"Feature","properties":{"catalog_id":"GAF_897","catalog_name":"HimaTibetMap","exposure_quality":"1","reference":"Murphy et al., 2010 EPSL","slip_type":"Normal"},"geometry":{"type":"LineString","coordinates":[[85.77133563556684,29.86014457973218],[85.76055820185744,29.868227655014223],[85.75786384343009,29.87792734535268],[85.75085851151898,29.88601042063473],[85.74277543623694,29.902176571198826],[85.7363089760113,29.91564836333557],[85.7363089760113,29.92373143861762],[85.73253687421301,29.938819845810773],[85.72283718387455,29.95498599637487],[85.71744846701985,29.959296969858627],[85.70828764836686,29.961452456600508],[85.69643247128653,29.978696350535543],[85.69373811285918,29.98893491255947],[85.69751021465747,30.001328961325274],[85.69912682971388,30.011028651663732],[85.70128231645576,30.02072834200219],[85.69912682971388,30.028272545598767],[85.69697134297199,30.039588850993635],[85.69804908634293,30.047671926275683],[85.69804908634293,30.05844935998508],[85.69589359960106,30.072460023807295],[85.69751021465747,30.08108197077481],[85.70343780319763,30.09239827616968]]}},{"type":"Feature","properties":{"catalog_id":"GAF_898","catalog_name":"HimaTibetMap","exposure_quality":"1","reference":"Styron et al., 2010","slip_type":"Normal"},"geometry":{"type":"LineString","coordinates":[[83.23622734533589,30.667224394456653],[83.23048741907071,30.74778928707005],[83.19910775364495,30.804281348392475]]}},{"type":"Feature","properties":{"catalog_id":"GAF_899","catalog_name":"HimaTibetMap","exposure_quality":"1","reference":"Styron et al., 2010","slip_type":"Normal"},"geometry":{"type":"LineString","coordinates":[[83.21028547689953,30.673648939172395],[83.21028547689953,30.645897364514],[83.17996803653924,30.537620791798652],[83.1464026923658,30.477700325342273],[83.10547596306552,30.38632902271839]]}},{"type":"Feature","properties":{"catalog_id":"GAF_900","catalog_name":"HimaTibetMap","exposure_quality":"1","fs_name":"Gurla Mandhata Detachment","reference":"Murphy et al., 2002","slip_type":"Normal"},"geometry":{"type":"LineString","coordinates":[[81.26364326563949,30.51434600771595],[81.29305340367156,30.515940246589853],[81.30447481649955,30.524506306210842],[81.33398013297185,30.52831344382017],[81.36634080265114,30.531168797027167],[81.38632827510011,30.529265228222503],[81.42249608238873,30.522602737406178],[81.4539049676657,30.515940246589853],[81.4957834813683,30.510229540175864],[81.5462280546919,30.494049205336218],[81.5643119583362,30.48643493011756],[81.58715478399218,30.47310994848491],[81.63188865090179,30.46739924207092],[81.66900824259274,30.4550260448406],[81.6947064214557,30.451218907231272],[81.72230816912334,30.449315338426608],[81.74515099477931,30.444556416414947],[81.78227058647026,30.438845710000955],[81.81177590294256,30.43694214119629],[81.84223300381719,30.43218321918463],[81.86793118268015,30.42742429717297],[81.88506330192213,30.426472512770637],[81.92979716883174,30.417906453149648],[81.96786854492503,30.403629687114666],[82.0087952742253,30.389352921079684],[82.0620952007559,30.379835077056363]]}},{"type":"Feature","properties":{"catalog_id":"GAF_901","catalog_name":"HimaTibetMap","exposure_quality":"1","fs_name":"Xiao Gurla Detachment","reference":"Pullen et al., 2011","slip_type":"Normal"},"geometry":{"type":"LineString","coordinates":[[81.9459775036714,30.46073675125459],[81.97072389813204,30.463592104461586],[81.98214531096002,30.473109948484908],[81.98500066416702,30.493097420933882],[81.9726274669367,30.504518833761868],[81.9516882100854,30.51022954017586],[81.92789360002709,30.526409875015506],[81.90124363676179,30.541638425452817],[81.87840081110582,30.55210805387847],[81.85555798544985,30.564481251108788],[81.84699192582886,30.57019195752278],[81.82414910017289,30.582565154753098],[81.80416162772391,30.58732407676476],[81.78944205432852,30.606043055504536],[81.77028494490531,30.611645606373585],[81.76989738923996,30.631106159272036],[81.78798129288427,30.63776865008836],[81.81653482495423,30.63776865008836],[81.84413657262186,30.63681686568603],[81.87078653588716,30.633961512479033],[81.89743649915246,30.6330097280767],[81.91837575600377,30.635865081283697],[81.92694181562476,30.644431140904686],[81.96310962291338,30.643479356502354],[82.00308456781133,30.638720434490693],[82.03830059069762,30.634913296881365],[82.07637196679089,30.62349188405338],[82.10968442087251,30.61968474644405]]}},{"type":"Feature","properties":{"catalog_id":"GAF_902","catalog_name":"HimaTibetMap","exposure_quality":"1","fs_name":"Humla fault","reference":"Murphy and Copeland, 2005","slip_type":"Dextral"},"geometry":{"type":"LineString","coordinates":[[81.86128739273684,29.93735853133126],[81.83703249061033,29.97374088452102],[81.78043771898182,30.03033565614954],[81.72788543104105,30.066718009339304],[81.59852595303299,30.107142846216817],[81.46916647502495,30.135440232031076],[81.4187876591056,30.142157407486987]]}},{"type":"Feature","properties":{"catalog_id":"GAF_903","catalog_name":"HimaTibetMap","exposure_quality":"1","slip_type":"Dextral"},"geometry":{"type":"LineString","coordinates":[[79.11058230500839,33.07151125675482],[79.10976309469858,33.03847031116408],[79.10976309469858,32.998495366266134],[79.11166666350324,32.96613469658684],[79.1192809387219,32.9204490452749],[79.1192809387219,32.87666696276762],[79.12879878274522,32.83669201786967],[79.13260592035455,32.7871992289484],[79.13641305796388,32.75483855926911],[79.14851798014045,32.69476010918496],[79.17638800286183,32.634913724575256],[79.20851072644054,32.53116922472105]]}},{"type":"Feature","properties":{"catalog_id":"GAF_904","catalog_name":"HimaTibetMap","exposure_quality":"1","fs_name":"Qusum Detachment","reference":"Thiede et al., 2006; Saylor et al., 2010","slip_type":"Normal"},"geometry":{"type":"LineString","coordinates":[[79.32177307031806,32.4854835734091],[79.29607489145508,32.465496100960124],[79.26609368278162,32.434087215683164],[79.24182318052215,32.39553994738871],[79.21898035486618,32.36698641531875],[79.18614379298572,32.334149853438284],[79.16615632053674,32.309879351178814],[79.14902420129476,32.285608848919345],[79.13189208205279,32.26419369986687],[79.10333854998282,32.23421249119341],[79.09191713715484,32.21279734214094],[79.07192966470586,32.192809869691956],[79.0419484560324,32.14997957158701],[79.02481633679042,32.12713674593104],[79.00340118773794,32.09001715424009],[78.98769674509946,32.068602005187614],[78.98055836208196,32.045759179531636],[78.9534325066155,32.01720564746167],[78.93058968095953,31.9943628218057],[78.91631291492455,31.96580928973573],[78.90203614888956,31.937255757665767]]}},{"type":"Feature","properties":{"catalog_id":"GAF_905","catalog_name":"HimaTibetMap","exposure_quality":"1","fs_name":"Leo Pargil Detachment","reference":"Thiede et al., 2006","slip_type":"Normal"},"geometry":{"type":"LineString","coordinates":[[78.61364547498292,31.840173748627887],[78.60507941536193,31.867299604094352],[78.61079012177592,31.924406668234283],[78.61650082818991,31.95724323011474],[78.61650082818993,31.998645851616192],[78.63077759422491,32.02862706028966],[78.67075253912286,32.05860826896312],[78.72357657345229,32.0757403882051],[78.77497293117823,32.09144483084358],[78.84635676135314,32.12285371612054],[78.86777191040561,32.1542626013975],[78.88347635304409,32.19566522289895],[78.90060847228607,32.2370678444004],[78.91631291492455,32.272759759487855]]}},{"type":"Feature","properties":{"catalog_id":"GAF_906","catalog_name":"HimaTibetMap","exposure_quality":"1","fs_name":"Leo Pargil Detachment","reference":"Thiede et al., 2006","slip_type":"Normal"},"geometry":{"type":"LineString","coordinates":[[78.92487897454554,32.02148867727217],[78.90631917870006,31.980086055770716],[78.90203614888956,31.937255757665767],[78.88347635304409,31.894425459560818],[78.8749102934231,31.855878191266367],[78.84635676135314,31.823041629385905],[78.81209252286918,31.81162021655792],[78.76926222476423,31.814475569764916],[78.73785333948727,31.83731839542089],[78.69216768817532,31.834463042213894],[78.65219274327737,31.817330922971912],[78.61364547498292,31.840173748627887]]}},{"type":"Feature","properties":{"catalog_id":"GAF_907","catalog_name":"HimaTibetMap","exposure_quality":"1","slip_type":"Normal"},"geometry":{"type":"LineString","coordinates":[[78.21773488975943,33.251907963387076],[78.22963219478858,33.19718036025298],[78.23201165579441,33.14959114013637],[78.24390896082356,33.11865814706057],[78.25342680484688,33.08534569297895],[78.26532410987603,33.04489485587983],[78.271389,33.005556],[78.271389,32.959444],[78.286389,32.908611],[78.283611,32.859722],[78.296667,32.821389],[78.30577494697516,32.75698007417435],[78.32719009602764,32.711770315063575],[78.36050255010926,32.68559624399944],[78.37715877715007,32.67131947796445]]}},{"type":"Feature","properties":{"catalog_id":"GAF_908","catalog_name":"HimaTibetMap","exposure_quality":"1","slip_type":"Normal"},"geometry":{"type":"LineString","coordinates":[[85.30813579938628,28.587842519133865],[85.32003310441543,28.604498746174677],[85.34263798397082,28.62829335623298],[85.36762232453204,28.648518774782538],[85.37832989905827,28.673503115343756],[85.37714016855536,28.69491826439623],[85.37595043805244,28.718712874454532],[85.36643259402912,28.73655883199826],[85.36881205503495,28.75440478954199],[85.37357097704661,28.778199399600293],[85.37832989905827,28.80080427915568],[85.3723812465437,28.82102969770524],[85.36881205503495,28.838875655248966],[85.3652428635262,28.86267026530727],[85.36286340252038,28.88170595335391],[85.36286340252038,28.903121102406384],[85.36881205503495,28.92096705995011],[85.37832989905827,28.94595140051133]]}},{"type":"Feature","properties":{"catalog_id":"GAF_909","catalog_name":"HimaTibetMap","exposure_quality":"2","slip_type":"Normal"},"geometry":{"type":"LineString","coordinates":[[81.45058562084164,35.30199521723152],[81.48627753592909,35.321030905278164],[81.50769268498156,35.3317384798044],[81.51483106799905,35.35434335935979],[81.51602079850197,35.36862012539477],[81.52196945101655,35.38170716092684],[81.53148729503987,35.39241473545307],[81.53505648654861,35.397173657464734],[81.53862567805736,35.41264015400263],[81.54100513906319,35.42096826752304],[81.54457433057193,35.43286557255219],[81.54695379157776,35.449521799593],[81.54695379157776,35.46617802663381],[81.54576406107485,35.47688560116005],[81.53862567805736,35.489972636692116],[81.53624621705153,35.5042494027271],[81.53624621705153,35.517336438259164],[81.52910783403404,35.526854282282486],[81.5267283730282,35.53756185680872],[81.52434891202238,35.54945916183787]]}},{"type":"Feature","properties":{"catalog_id":"GAF_910","catalog_name":"HimaTibetMap","exposure_quality":"2","slip_type":"Sinistral"},"geometry":{"type":"LineString","coordinates":[[82.14690712381949,36.00095792192582],[82.2125802475804,36.02094539437479],[82.29110246077279,36.033794483806275],[82.34820952491272,36.04378822003076],[82.4410085041401,36.05520963285875],[82.50810930450452,36.06092033927274],[82.60661899014589,36.082335488325214],[82.68799655654529,36.10946134379168],[82.7579527101167,36.13515952265465],[82.8307642168951,36.16228537812111],[82.9178524897085,36.19654961660507],[83.03492197119535,36.23509688489951],[83.08929265517858,36.26103300986307],[83.13152808803207,36.28839681143012],[83.15532269809037,36.30124590086161],[83.18530390676383,36.32028158890825],[83.2124297622303,36.344076198966555]]}},{"type":"Feature","properties":{"catalog_id":"GAF_911","catalog_name":"HimaTibetMap","exposure_quality":"1","slip_type":"Normal"},"geometry":{"type":"LineString","coordinates":[[79.73833737835118,34.02388360102315],[79.76308377281181,34.02198003221849],[79.78402302966312,34.04101572026513],[79.79925158010043,34.061003192714104],[79.80686585531909,34.079087096358414],[79.81067299292842,34.09431564679573],[79.80876942412375,34.11335133484237],[79.80401050211209,34.13143523848668],[79.80591407091676,34.14095308251],[79.81638369934241,34.15427806414265],[79.82685332776806,34.16189233936131],[79.8297681675002,34.167959964926176],[79.83452708951187,34.175395780569396],[79.83720398314343,34.180749567832514],[79.84077317465217,34.18610335509563],[79.8473166924182,34.190267411855835],[79.85058845130122,34.195026333867496],[79.8544550754357,34.200082688504885],[79.85534737331288,34.20870823465102],[79.85415764280997,34.220010674428714],[79.8514807491784,34.227446490071934],[79.84999358604976,34.23488230571515],[79.84999358604976,34.2426155539841],[79.84820899029539,34.25064623487878],[79.84761412504393,34.25748718527054],[79.84463979878664,34.26581529879095],[79.84196290515509,34.273845979685625],[79.8389885788978,34.28247152583176],[79.83958344414926,34.28723044784342],[79.83988087677498,34.293476532983725],[79.84017830940071,34.29764058974393],[79.8318501958803,34.303589242258504],[79.82203491923126,34.308348164270164],[79.81340937308512,34.3169737104163],[79.80686585531909,34.32351722818233],[79.80121463543024,34.330358178574095],[79.79496855028994,34.33898372472023],[79.78872246514963,34.34582467511199],[79.78277381263506,34.349988731872195],[79.78158408213214,34.354747653883855],[79.78128664950641,34.361886036901346],[79.78069178425496,34.36605009366155],[79.77742002537194,34.369619285170295],[79.77474313174038,34.37497307243341],[79.77414826648892,34.3800294270708],[79.7738508338632,34.384193483831005],[79.77474313174038,34.389249838468395],[79.77236367073455,34.394008760480055],[79.76909191185153,34.39995741299463],[79.76760474872289,34.408880391766495],[79.76968677710299,34.41423417902961],[79.76909191185153,34.423752023052934],[79.77057907498018,34.42523918618158]]}},{"type":"Feature","properties":{"catalog_id":"GAF_912","catalog_name":"HimaTibetMap","exposure_quality":"1","reference":"Murphy et al., 2010 EPSL","slip_type":"Normal"},"geometry":{"type":"LineString","coordinates":[[84.07668370857874,30.312029524788983],[84.08739128310498,30.347721439876437],[84.11416021942057,30.383413354963892],[84.11951400668369,30.41375148278823],[84.1052372406487,30.456581780893174],[84.08917587885935,30.4744277384369],[84.07132992131562,30.494058291735],[84.04813017650878,30.51190424927873],[84.02493043170193,30.53153480257683],[84.0142228571757,30.561872930401165],[84.00529987840383,30.595780249734247]]}},{"type":"Feature","properties":{"catalog_id":"GAF_913","catalog_name":"HimaTibetMap","exposure_quality":"1","reference":"Murphy et al., 2010 EPSL","slip_type":"Normal"},"geometry":{"type":"LineString","coordinates":[[84.40504932738332,30.1995999922635],[84.39612634861146,30.228153524333464],[84.3800649868221,30.253137864894683],[84.38074231784253,30.287101410888432],[84.34615766748902,30.301321950262746],[84.34020901497443,30.3173833120521],[84.33545009296277,30.325473479471924],[84.32878760214645,30.334991323495245],[84.31308315950797,30.344509167518567],[84.30070996227766,30.347364520725563],[84.2973787168695,30.359261825754714],[84.295951040266,30.365924316571036],[84.29071622605318,30.37163502298503],[84.28215016643219,30.377821621600187],[84.27691535221936,30.382104651410682],[84.26263858618438,30.391146603232837]]}},{"type":"Feature","properties":{"catalog_id":"GAF_914","catalog_name":"HimaTibetMap","exposure_quality":"1","slip_type":"Normal"},"geometry":{"type":"LineString","coordinates":[[83.07933262798498,30.59447154618103],[83.09550363866117,30.62405415502797],[83.11464189058555,30.628838718009064],[83.11787989627943,30.654433963527953],[83.13358433891791,30.668710729562935],[83.13501201552141,30.692981231822404],[83.13786736872841,30.710113351064383],[83.13643969212491,30.73295617672035],[83.12787363250392,30.742949912944837],[83.11787989627943,30.767220415204307],[83.11645221967593,30.777214151428794]]}},{"type":"Feature","properties":{"catalog_id":"GAF_915","catalog_name":"HimaTibetMap","exposure_quality":"1","slip_type":"Normal"},"geometry":{"type":"LineString","coordinates":[[89.92542067263554,29.922506800924154],[89.93493851665886,29.932024644947475],[89.94624095643655,29.944516815228084],[89.95694853096279,29.954034659251406],[89.96587150973465,29.96057817701744],[89.9736047580036,29.967121694783472],[89.97657908426089,29.97723440405825],[89.98014827576964,29.985562517578657],[89.98431233252984,29.99210603534469],[89.98847638929004,30.00162387936801],[89.9932353113017,30.007572531882587],[90.00334802057648,30.01649551065445],[90.01227099934835,30.022444163169027],[90.01584019085709,30.02660821992923],[90.02238370862312,30.035531198701094],[90.03309128314936,30.056351482502112],[90.03785020516102,30.06943851803418],[90.05034237544163,30.082525553566246],[90.0592653542135,30.090258801835194],[90.0675934677339,30.0985869153556],[90.07235238974556,30.112268816139125],[90.0759215812543,30.12595071692265],[90.07949077276305,30.142012078712003],[90.07711131175722,30.158073440501358],[90.08484456002616,30.174729667542167],[90.0925778082951,30.192575625085894],[90.10209565231843,30.2009037386063],[90.10863917008446,30.206257525869418],[90.11637241835341,30.21280104363545],[90.12232107086798,30.221724022407315],[90.1276748581311,30.23064700117918],[90.13600297165151,30.2401648452025],[90.14492595042337,30.246113497717076],[90.15622839020106,30.255631341740397],[90.16812569523022,30.26455432051226],[90.17169488673896,30.275261895038497],[90.17288461724188,30.288348930570567],[90.18061786551083,30.29727190934243],[90.19370490104289,30.307979483868667],[90.1978689578031,30.328204902418225],[90.19489463154581,30.33950734219592]]}},{"type":"Feature","properties":{"catalog_id":"GAF_916","catalog_name":"HimaTibetMap","exposure_quality":"1","slip_type":"Normal"},"geometry":{"type":"LineString","coordinates":[[90.26092467445761,30.406677543506333],[90.29661658954507,30.4197645790384],[90.32754958262086,30.434041345073382],[90.353723653685,30.442369458593788],[90.37632853324038,30.45426676362294],[90.39179502977828,30.464974338149176],[90.40726152631618,30.473302451669582],[90.42629721436282,30.482820295692903],[90.44414317190655,30.487579217704564],[90.48102481749692,30.514943019271612],[90.50006050554356,30.536358168324085],[90.54883945616308,30.550634934359067],[90.56906487471264,30.548255473353237],[90.59166975426803,30.56015277838239],[90.62022328633799,30.56015277838239],[90.65710493192836,30.570860352908625],[90.68565846399832,30.591085771458182],[90.71302226556537,30.600603615481504],[90.7391963366295,30.60774199849899],[90.76299094668781,30.623208495036888],[90.79630340076943,30.63510580006604],[90.82961585485106,30.64462364408936],[90.86054884792685,30.656520949118512]]}},{"type":"Feature","properties":{"catalog_id":"GAF_917","catalog_name":"HimaTibetMap","exposure_quality":"1","slip_type":"Normal"},"geometry":{"type":"LineString","coordinates":[[90.33716657085283,33.769929676523624],[90.36036631565969,33.78063725104986],[90.3770225427005,33.78242184680423],[90.3883249824782,33.78361157730715],[90.39843769175297,33.78956022982173],[90.41033499678213,33.79550888233631],[90.42223230181128,33.80145753485088],[90.43412960684043,33.80502672635963],[90.43888852885209,33.808001052616916],[90.44543204661812,33.81454457038295],[90.45732935164727,33.828226471166474],[90.46506259991622,33.83952891094417],[90.4668471956706,33.84369296770437]]}},{"type":"Feature","properties":{"catalog_id":"GAF_918","catalog_name":"HimaTibetMap","exposure_quality":"1","slip_type":"Normal"},"geometry":{"type":"LineString","coordinates":[[90.51146208952993,33.94541492570363],[90.49599559299202,33.93411248592593],[90.47695990494537,33.92459464190261],[90.46387286941331,33.918051124136575],[90.44186285510938,33.908533280113254],[90.4270371682554,33.898398201714876],[90.41747337979962,33.89306678357536],[90.4162836492967,33.88176434379766],[90.40617094002192,33.87760028703746],[90.39308390448986,33.86570298200831],[90.3770225427005,33.85915946424227],[90.36453037241989,33.854995407482065],[90.35084847163635,33.844882698207286],[90.34133062761303,33.83714944993834],[90.3193206133091,33.81989835764607]]}},{"type":"Feature","properties":{"catalog_id":"GAF_919","catalog_name":"HimaTibetMap","exposure_quality":"1","slip_type":"Normal"},"geometry":{"type":"LineString","coordinates":[[86.65144162773638,34.050253045305624],[86.64002021490839,34.07119230215693],[86.61337025164309,34.107360109445544],[86.59623813240111,34.12639579749219],[86.57720244435447,34.139720779124836],[86.56007032511249,34.153045760757486],[86.5391310682612,34.1682743111948],[86.51628824260523,34.179695724022785],[86.50296326097258,34.193020705655435]]}},{"type":"Feature","properties":{"catalog_id":"GAF_920","catalog_name":"HimaTibetMap","exposure_quality":"1","reference":"24 September 2013 event","slip_type":"Reverse"},"geometry":{"type":"LineString","coordinates":[[65.29402888620336,26.371587310761754],[65.30830565223835,26.38943326830548],[65.32793620553645,26.40906382160358],[65.34459243257726,26.42393545289002],[65.35767946810932,26.437617353673545],[65.37671515615597,26.453083850211442],[65.38801759593366,26.461411963731848],[65.40824301448322,26.476283595018288],[65.42073518476383,26.493534687310557],[65.44452979482213,26.51970875837469],[65.45583223459982,26.5322009286553],[65.46713467437752,26.54409823368445],[65.47903197940667,26.55659040396506],[65.49330874544165,26.567892843742754],[65.5201371682823,26.59406691480706],[65.53798312582603,26.60536935458458],[65.5397677215804,26.62024098587119],[65.53798312582603,26.64225100017495],[65.54750096984935,26.66247641872468],[65.5552342181183,26.679132645765492],[65.57308017566203,26.702332390572337],[65.58438261543972,26.712445099847116],[65.59271072896013,26.724342404876268],[65.61138949785601,26.747542149683113],[65.62507139863953,26.77312135549579],[65.63875329942306,26.783234064770568],[65.65303006545804,26.801080022314295],[65.66254790948136,26.812977327343447],[65.66730683149302,26.822495171366768],[65.67087602300177,26.83677193740175],[65.67622981026489,26.84628978142507],[65.68277332803092,26.857592221202765],[65.68753225004258,26.870084391483374],[65.6887219805455,26.881981696512526],[65.69823982456882,26.89090467528439],[65.70597307283776,26.901612249810626],[65.71430118635817,26.917078746348523],[65.71727551261546,26.92957091662913],[65.72381903038149,26.93968362590391],[65.73274200915336,26.950391200430147],[65.75356229295437,26.97180634948262],[65.76248527172623,26.98429851976323],[65.7672441937379,26.992031768032177],[65.77497744200684,27.006903399318617],[65.77676203776122,27.01820583909631],[65.78033122926996,27.031292874628377],[65.79341826480203,27.041405583903156],[65.79996178256806,27.053302888932308],[65.80293610882535,27.059251541446883],[65.81304881810013,27.06995911597312],[65.81840260536325,27.07947695999644],[65.82970504514094,27.098512648043084],[65.8302999103924,27.112194548826608],[65.82661174583319,27.1389634851422],[65.82661174583319,27.15181257457357],[65.8251840692298,27.167517017212163],[65.82946709904024,27.181793783247144],[65.83803315866135,27.208919638713496],[65.84945457148928,27.22605175795553]]}},{"type":"Feature","properties":{"catalog_id":"GAF_921","catalog_name":"HimaTibetMap","exposure_quality":"1","slip_type":"Reverse"},"geometry":{"type":"LineString","coordinates":[[65.41239715682252,27.015419886835275],[65.43143284486916,27.035645305384833],[65.45641718543038,27.06062964594605],[65.4730734124712,27.082044794998524],[65.48616044800326,27.10227021354808],[65.49805775303241,27.11773671008598],[65.51114478856448,27.135582667629706],[65.52661128510238,27.154618355676348],[65.54683670365193,27.17603350472882],[65.55873400868109,27.195069192775463],[65.57420050521898,27.21053568931336],[65.59680538477437,27.228381646857088],[65.61941026432976,27.239089221383324],[65.6539124489143,27.25217625691539],[65.67294813696094,27.267642753453288],[65.68960436400175,27.283109249991185],[65.69436328601341,27.319990895581554],[65.69436328601341,27.336647122622367],[65.70388113003673,27.356872541171924],[65.71458870456297,27.375908229218567],[65.7252962790892,27.398513108773955],[65.73719358411836,27.424687179838088],[65.74671142814168,27.447292059393476],[65.74909088914751,27.467517477943034],[65.74314223663293,27.486553165989676],[65.7479011586446,27.497260740515912],[65.756229272165,27.516296428562555],[65.76336765518249,27.52462454208296]]}},{"type":"Feature","properties":{"catalog_id":"GAF_922","catalog_name":"HimaTibetMap","exposure_quality":"1","slip_type":"Reverse"},"geometry":{"type":"LineString","coordinates":[[65.7086400520484,27.511537506550894],[65.70388113003673,27.52938346409462],[65.70388113003673,27.553178074152925],[65.70507086053965,27.573403492702482],[65.71101951305423,27.585300797731634],[65.71339897406006,27.60076729426953],[65.71934762657463,27.615044060304513],[65.72172708758046,27.62575163483075],[65.72648600959212,27.6376489398599],[65.72767574009504,27.653115436397798],[65.72767574009504,27.682858698970676]]}},{"type":"Feature","properties":{"catalog_id":"GAF_923","catalog_name":"HimaTibetMap","exposure_quality":"1","slip_type":"Reverse"},"geometry":{"type":"LineString","coordinates":[[65.7871622652408,27.790529309484498],[65.78240334322913,27.825031494069037],[65.7800238822233,27.840497990606934],[65.77764442121747,27.859533678653577],[65.77407522970873,27.879759097203134],[65.76574711618832,27.89760505474686],[65.7645573856854,27.92734831731974],[65.76336765518249,27.953522388383874],[65.76336765518249,27.983265650956753],[65.76336765518249,28.00587053051214],[65.75266008065626,28.0260959490617],[65.7479011586446,28.043941906605426],[65.7479011586446,28.055839211634577],[65.75147035015334,28.083203013201626],[65.74433196713585,28.129602502815317],[65.74195250613002,28.1438792688503]]}},{"type":"Feature","properties":{"catalog_id":"GAF_924","catalog_name":"HimaTibetMap","exposure_quality":"1","slip_type":"Reverse"},"geometry":{"type":"LineString","coordinates":[[65.49296570647999,26.294998409636605],[65.51200139452664,26.317603289191993],[65.51795004704121,26.336638977238636],[65.52984735207036,26.355674665285278],[65.54293438760243,26.366382239811514],[65.56791872816365,26.373520622829005],[65.5798160331928,26.393746041378563],[65.58933387721612,26.410402268419375],[65.60004145174236,26.425868764957272],[65.60717983475985,26.434196878477678],[65.62264633129774,26.44847364451266],[65.62859498381232,26.459181219038896],[65.64049228884147,26.47583744607971],[65.64406148035022,26.48773475110886],[65.66428689889977,26.521047205190484],[65.66904582091144,26.542462354242957],[65.67261501242018,26.557928850780854],[65.67856366493476,26.576964538827497],[65.67499447342601,26.617415375926612],[65.67737393443184,26.636451063973254],[65.6821328564435,26.673332709563624],[65.6821328564435,26.694747858616097],[65.67737393443184,26.724491121188976]]}},{"type":"Feature","properties":{"catalog_id":"GAF_925","catalog_name":"HimaTibetMap","exposure_quality":"1","slip_type":"Reverse"},"geometry":{"type":"LineString","coordinates":[[65.8885312698576,27.19871769965107],[65.91708480192756,27.22846096222395],[65.93136156796254,27.25225557228225],[65.93731022047712,27.27486045183764],[65.96229456103833,27.293896139884282],[65.99798647612579,27.31412155843384],[66.02416054718992,27.32839832446882],[66.02178108618409,27.356951856538785],[66.02178108618409,27.375987544585428],[66.02891946920158,27.389074580117494],[66.04914488775114,27.40692053766122],[66.06699084529487,27.42952541721661],[66.07174976730653,27.446181644257422],[66.09078545535317,27.45926867978949],[66.10744168239398,27.465217332304064],[66.1169595264173,27.474735176327385],[66.13956440597269,27.509237360911925],[66.14194386697852,27.528273048958567],[66.1407541364756,27.54492927599938],[66.15146171100184,27.55920604203436],[66.15265144150476,27.58181092158975],[66.15978982452225,27.597277418127646]]}},{"type":"Feature","properties":{"catalog_id":"GAF_926","catalog_name":"HimaTibetMap","exposure_quality":"1","reference":"24 September 2013 event","slip_type":"Reverse"},"geometry":{"type":"LineString","coordinates":[[65.84332151074682,27.258204224796827],[65.85164962426722,27.273670721334724],[65.8575982767818,27.291516678878452],[65.86354692929638,27.310552366925094],[65.86711612080512,27.32125994145133],[65.8730647733197,27.340295629497973],[65.87425450382261,27.352192934527125],[65.88020315633719,27.370038892070852],[65.87663396482844,27.39264377162624],[65.87663396482844,27.39978215464373],[65.87663396482844,27.418817842690373],[65.87663396482844,27.43904326123993],[65.88020315633719,27.455699488280743],[65.87663396482844,27.469976254315725],[65.87782369533136,27.50566816940318],[65.87663396482844,27.52232439644399],[65.87663396482844,27.538980623484804],[65.87901342583427,27.548498467508125],[65.87869616436672,27.561656886870423],[65.88040937629103,27.567177236403836],[65.88402615701978,27.57479151162255],[65.88459722766123,27.580311861156133],[65.88440687078077,27.58488042628727],[65.8842165139003,27.587545422613857],[65.88493035220199,27.601298707227443],[65.88849954371074,27.608675036345574],[65.89087900471657,27.6153375271619],[65.8932584657224,27.621286179676474],[65.89736303595754,27.62976300950976],[65.90241939059496,27.635711662024335],[65.90509628422649,27.640173151410238],[65.9059885821037,27.647906399679187],[65.91193723461828,27.658019108953965],[65.91937305026147,27.66367032884284],[65.93989590143678,27.665752357222914],[65.94584455395136,27.669916413983117],[65.94614198657706,27.67645993174915],[65.94733171707998,27.6841931800181],[65.95328036959455,27.692521293538505],[65.96860013270384,27.717231996084024],[65.97811797672716,27.726749840107345],[65.99144295835976,27.738171252935444],[66.00667150879713,27.74959266576343],[66.02951433445304,27.76101407859136],[66.04474288489041,27.768628353810072],[66.06948927935093,27.797181885880036]]}},{"type":"Feature","properties":{"catalog_id":"GAF_927","catalog_name":"HimaTibetMap","exposure_quality":"1","slip_type":"Reverse"},"geometry":{"type":"LineString","coordinates":[[64.12201941912912,26.14144187650959],[64.16389793283167,26.14715258292364],[64.24004068501824,26.169995408579553],[64.2952441803535,26.18141682140748],[64.35996551971215,26.194741803040245],[64.39994046461004,26.204259647063566],[64.44752968472665,26.215681059891494],[64.48179392321066,26.230909610328695],[64.52747957452266,26.24804172957073],[64.57126165702982,26.267077417617372],[64.62265801475587,26.282305968054743],[64.68357221650507,26.301341656101386],[64.72354716140296,26.320377344148028],[64.76923281271496,26.343220169803942],[64.81872560163617,26.366062995460027],[64.87012195936222,26.39080938992055],[64.91961474828344,26.426977197209226],[64.95958969318139,26.45553072927919],[65.00337177568872,26.478373554935047],[65.0300217389539,26.505023518200403],[65.07951452787529,26.53167348146576],[65.1290073167965,26.55641987592645],[65.15756084886647,26.586876976801022],[65.20515006898307,26.630659059308186],[65.24322144507636,26.680151848229627],[65.28890709638836,26.727741068346234],[65.31555705965354,26.756294600416197],[65.3441105917235,26.798173114118754],[65.3555320045516,26.834340921407374],[65.38979624303545,26.900965829570623],[65.41073549988675,26.95426575610111],[65.43167475673818,26.992337132194393]]}},{"type":"Feature","properties":{"catalog_id":"GAF_928","catalog_name":"HimaTibetMap","exposure_quality":"1","slip_type":"Reverse"},"geometry":{"type":"LineString","coordinates":[[62.11746628937732,26.15229221869606],[62.18028405993135,26.156099356305504],[62.25261967450865,26.159906493914775],[62.30591960103931,26.163713631524217],[62.35350882115591,26.165617200328825],[62.39729090366308,26.167520769133432],[62.442976554975075,26.169424337938096],[62.47533722465431,26.167520769133432],[62.50579432552905,26.156099356305504],[62.55338354564566,26.144677943477575],[62.59335849054361,26.14277437467274],[62.62762272902745,26.144677943477575],[62.67330838033939,26.135160099454254],[62.726608306870105,26.13135296184481],[62.77610109579132,26.13135296184481],[62.80655819666589,26.125642255430932],[62.88270094885246,26.119931549016826],[62.93409730657851,26.119931549016826],[62.981686526695114,26.11612441140761],[63.02927574681172,26.114220842602776],[63.07115426051428,26.11231727379817],[63.13016489345881,26.110413704993505],[63.2005969392315,26.110413704993505],[63.24628259054333,26.110413704993505],[63.333846755558,26.108510136188897],[63.37953240686983,26.10660656738429],[63.451868021447126,26.102799429774848],[63.49374653514985,26.102799429774848],[63.5603714433131,26.104702998579455],[63.61747850745303,26.09708872336097],[63.68219984681144,26.09708872336097],[63.754725818269264,26.091378016946862],[63.81183288240919,26.091378016946862],[63.87084351535373,26.102799429774848],[63.916529166665725,26.104702998579455],[63.98125050602414,26.12183511782149],[64.0535861206015,26.12754582423554],[64.12201941912912,26.14144187650959]]}},{"type":"Feature","properties":{"catalog_id":"GAF_929","catalog_name":"HimaTibetMap","exposure_quality":"1","slip_type":"Reverse"},"geometry":{"type":"LineString","coordinates":[[61.4572610386997,28.837276017675265],[61.507229719822135,28.776599762026592],[61.52864486887461,28.740907846939137],[61.55006001792708,28.701646740342937],[61.56433678396206,28.655247250729246],[61.56433678396206,28.61955533564179],[61.553629209435826,28.569586654519355],[61.54292163490959,28.512479590379428],[61.53221406038335,28.458941717748246],[61.52507567736586,28.412542228134555],[61.51793729434837,28.36971193002961],[61.51079891133088,28.326881631924664],[61.514368102839626,28.28405133381972],[61.52150648585712,28.241221035714773],[61.53221406038335,28.198390737609827],[61.553629209435826,28.1591296310134],[61.578613549997044,28.11273014139971],[61.6143054650845,28.062761460277272],[61.64285899715446,28.030638736698563],[61.67498172073317,27.998516013119854],[61.66070495469819,28.0020852046286],[61.696396869785644,27.96996248104989],[61.76064231694306,27.934270565962436],[61.821318572591736,27.909286225401218],[61.846302913152954,27.866455927296272],[61.92125593483661,27.83790239522631],[61.95337865841532,27.8057796716476],[61.978362998976536,27.7665185650514],[62.01203237220909,27.732611245718317],[62.02488146164063,27.701202360441528],[62.03201984465812,27.678359534785443],[62.07056711295246,27.652661355922532],[62.09626529181554,27.635529236680497],[62.111969734453965,27.619824794042074],[62.15622770916235,27.588415908765114],[62.18049821142182,27.582705202351008],[62.20476871368135,27.55986237669515],[62.23474992235475,27.544157934056727],[62.2732971906492,27.521315108400643],[62.293284663098234,27.50561066576222],[62.32612122497869,27.484195516709747],[62.34325334422067,27.464208044260715],[62.371806876290634,27.444220571811854],[62.3975050551536,27.405673303517347],[62.42320323401651,27.384258154464874],[62.46032282570758,27.364270682015842],[62.47317191513895,27.34285553296337],[62.523140596261385,27.294314528444545],[62.56026018795245,27.267188672978023],[62.62736098831675,27.242918170718497],[62.66305290340421,27.22578605147646],[62.70731087811271,27.208653932234654],[62.74300279320016,27.20008787261355],[62.818669653185566,27.18723878318218],[62.84865086185897,27.190094136389007],[62.87863207053249,27.182955753371516],[62.89976168426426,27.182955753371516],[62.946875012179646,27.177245046957637],[62.9825669272671,27.18010040016469],[63.01683116575117,27.190094136389007],[63.04824005102813,27.197232519406498],[63.076793583098095,27.215792315252145],[63.09820873215057,27.217219991855586],[63.12676226422053,27.217219991855586],[63.15388811968688,27.227213728080073],[63.17102023892892,27.227213728080073],[63.20100144760232,27.240062817511443],[63.2181335668443,27.24434584732211],[63.23812103929339,27.25719493675348],[63.25810851174225,27.27718240920251],[63.26667457136335,27.29003149863388],[63.288089720415826,27.29003149863388],[63.33092001852077,27.305735941272474],[63.36232890379773,27.314302000893406],[63.38945475926408,27.325723413721335],[63.42514667435154,27.334289473342437],[63.45227252981812,27.33571714994588],[63.48082606188808,27.352849269187914],[63.51080727056143,27.371409065033333],[63.539503570291856,27.384258154464874],[63.56377407255121,27.39567956729286],[63.592327604621175,27.39567956729286],[63.60803204725977,27.387113507671927],[63.64086860914017,27.378547448050824],[63.67227749441719,27.37569209484377],[63.702258703090536,27.377119771447383],[63.72081849893601,27.385685831068315],[63.74651667779909,27.38854118427537],[63.78220859288655,27.40139027370691],[63.81218980155995,27.41566703974189],[63.85644777626834,27.43422683558731],[63.87643524871737,27.43565451219075]]}},{"type":"Feature","properties":{"catalog_id":"GAF_930","catalog_name":"HimaTibetMap","exposure_quality":"1","slip_type":"Reverse"},"geometry":{"type":"LineString","coordinates":[[63.26110663260971,27.20437090242399],[63.33106278618101,27.190094136389007],[63.3838868205105,27.18581110657857],[63.415295705787514,27.190094136389007],[63.45241529747835,27.190094136389007],[63.48096882954832,27.19294948959606],[63.512377714825334,27.19152181299262],[63.54378660010235,27.19152181299262],[63.579478515189805,27.194377166199672],[63.616598106880645,27.20008787261355],[63.64800699215766,27.207226255631042],[63.68655426045217,27.21293696204509],[63.71796314572913,27.222930698269636],[63.7393782947816,27.221503021666024],[63.773642533265445,27.227213728080073],[63.800768388732024,27.23863514090806],[63.839315657026475,27.242918170718497],[63.87072454230332,27.25291190694304],[63.897850397769844,27.272899379392072],[63.92212090002937,27.285748468823442],[63.95495746190977,27.295742205047986],[63.99493240680766,27.308591294479527],[64.02348593887763,27.318585030703844],[64.05460928883394,27.32429573711795],[64.0931565571284,27.32429573711795],[64.11599938278431,27.325723413721335],[64.14026988504384,27.33571714994588],[64.15454665107882,27.33714482654949],[64.18452785975217,27.34285553296337],[64.21165371521874,27.34856623937742],[64.2344965408746,27.358559975601963],[64.26733310275523,27.365698358619454],[64.27732683897955,27.372836741636945],[64.29445895822158,27.37569209484377],[64.33300622651609,27.384258154464874],[64.36013208198261,27.399962597103297],[64.39582399707007,27.41423936313828],[64.41723914612254,27.41995006955233]]}},{"type":"Feature","properties":{"catalog_id":"GAF_931","catalog_name":"HimaTibetMap","exposure_quality":"1","slip_type":"Reverse"},"geometry":{"type":"LineString","coordinates":[[61.73582453865231,27.64849729916233],[61.74474751742417,27.61637457558362],[61.76080887921353,27.58960563926803],[61.78400862402037,27.571759681724302],[61.80363917731847,27.55748291568932],[61.825054326370946,27.536067766636847],[61.83576190089718,27.50394504305814],[61.85539245419528,27.480745298251293],[61.87323841173901,27.470037723725056],[61.89286896503711,27.455760957690075]]}},{"type":"Feature","properties":{"catalog_id":"GAF_932","catalog_name":"HimaTibetMap","exposure_quality":"1","slip_type":"Reverse"},"geometry":{"type":"LineString","coordinates":[[61.75723968770478,27.678835426986666],[61.78936241128349,27.637789724636093],[61.805423773072846,27.60923619256613],[61.817915943353455,27.58425185200491],[61.84825407117779,27.553913724180575],[61.876807603247755,27.520006404847493],[61.89465356079148,27.487883681268784],[61.91071492258084,27.468253127970684],[61.93213007163331,27.443268787409465],[61.962468199457646,27.421853638356993],[61.98923713577324,27.402223085058893],[62.0177906678432,27.386161723269538],[62.053482582930656,27.350469808182083],[62.07489773198313,27.327270063375238],[62.10166666829872,27.30942410583151],[62.12843560461431,27.2969319355509],[62.156989136684274,27.280870573761547],[62.20695781780671,27.266593807726565],[62.255141903174774,27.254101637445956],[62.289049222507856,27.248747850182838],[62.31938735033219,27.239824871410974],[62.34437169089341,27.234471084147856]]}},{"type":"Feature","properties":{"catalog_id":"GAF_933","catalog_name":"HimaTibetMap","exposure_quality":"1","slip_type":"Syncline"},"geometry":{"type":"LineString","coordinates":[[65.70993338824934,25.886176769851375],[65.7365833515147,25.90901959550729],[65.78226900282652,25.935669558772645],[65.83176179174791,25.96422309084261],[65.89267599349711,26.028944430201193],[65.93717191430613,26.07891311132363],[65.97762275140525,26.116984487416914],[66.00736601397813,26.145538019486878],[66.03829900705392,26.176471012562672],[66.05495523409473,26.222870502176363],[66.06447307811806,26.253803495252157],[66.0680422696268,26.291874871345442],[66.06923200012972,26.332325708444557],[66.07874984415304,26.39776088610489],[66.08469849666761,26.470334446782715]]}},{"type":"Feature","properties":{"catalog_id":"GAF_934","catalog_name":"HimaTibetMap","exposure_quality":"1","slip_type":"Syncline"},"geometry":{"type":"LineString","coordinates":[[66.10492391521717,26.12769206194315],[66.10254445421134,26.082482302832375],[66.09421634069093,26.026564969195363],[66.08469849666761,25.974216827067096],[66.06447307811806,25.919489223933],[66.04186819856267,25.90164326638927],[66.02521197152186,25.863571890295987],[66.01807358850436,25.81598267017938],[65.99308924794315,25.770772911068605],[65.97167409889067,25.73032207396949],[65.94312056682071,25.689871236870374],[65.91575676525366,25.6684560878179],[65.88958269418953,25.65179986077709],[65.86578808413122,25.63157444222753],[65.84318320457567,25.61729767619255],[65.81581940300862,25.603020910157568],[65.78012748792116,25.588744144122586],[65.75752260836578,25.567328995070113]]}},{"type":"Feature","properties":{"catalog_id":"GAF_935","catalog_name":"HimaTibetMap","exposure_quality":"1","slip_type":"Syncline"},"geometry":{"type":"LineString","coordinates":[[65.8872032331837,25.839777280237683],[65.83961401306692,25.80646482615606],[65.82533724703194,25.793377790623992],[65.81343994200279,25.76482425855403],[65.782506948927,25.73270153497532],[65.74681503383954,25.7077171944141],[65.71945123227249,25.679163662344138],[65.68256958668212,25.650610130274174],[65.65520578511507,25.636333364239192],[65.61118575650721,25.620866867701295],[65.56002734488186,25.603020910157568],[65.54218138733813,25.595882527140077]]}},{"type":"Feature","properties":{"catalog_id":"GAF_936","catalog_name":"HimaTibetMap","exposure_quality":"1","slip_type":"Anticline"},"geometry":{"type":"LineString","coordinates":[[65.87292646714872,25.729132343466574],[65.88839296368661,25.751737223021962],[65.89434161620119,25.76482425855403],[65.90385946022451,25.777911294086095],[65.91456703475075,25.790998329618162],[65.92765407028281,25.792188060121077],[65.9419308363178,25.795757251629823],[65.9740535598965,25.81836213118521],[65.98238167341691,25.827879975208532],[65.98476113442274,25.842156741243514],[65.981191942914,25.861192429290156],[65.97881248190816,25.876658925828053],[65.99189951744023,25.89688434437761],[66.00379682246938,25.904022727395102]]}},{"type":"Feature","properties":{"catalog_id":"GAF_937","catalog_name":"HimaTibetMap","exposure_quality":"1","slip_type":"Syncline"},"geometry":{"type":"LineString","coordinates":[[65.74372173453202,25.823358999297398],[65.71707177126666,25.81098580206708],[65.6885182391967,25.793853682825215],[65.6647236291384,25.783384054399505],[65.64188080348254,25.769107288364523],[65.62665225304511,25.75483052232954],[65.60761656499847,25.74150554069695],[65.57525589531929,25.721518068247917],[65.55717199167503,25.708193086615324],[65.53623273482356,25.69962702699422],[65.5162452623747,25.692964536177954],[65.48864351470695,25.677735985740583],[65.46104176703943,25.66916992611965],[65.445813216602,25.66441100410799],[65.41916325333688,25.648230669268344],[65.40298291849706,25.643471747256683],[65.38489901485286,25.638712825245022],[65.36776689561083,25.631098550026366],[65.35063477636879,25.62443605921004],[65.32493659750588,25.612062861979723],[65.31351518467795,25.60920750877267],[65.28020273059633,25.606352155565673],[65.25450455173336,25.601593233554013],[65.2411795701006,25.595882527140077],[65.21548139123769,25.58922003632381],[65.19073499677717,25.576846839093434]]}},{"type":"Feature","properties":{"catalog_id":"GAF_938","catalog_name":"HimaTibetMap","exposure_quality":"1","slip_type":"Anticline"},"geometry":{"type":"LineString","coordinates":[[65.7085453693291,25.76139386893726],[65.65857668820667,25.725701953849807],[65.63478207814836,25.709045726808995],[65.59433124104925,25.685251116750692],[65.54436255992681,25.649559201663237],[65.51342956685102,25.628144052610764],[65.47535819075773,25.60672890355829],[65.43014843164696,25.59007267651748],[65.37780028951869,25.575795910482498],[65.3159343033671,25.552001300424195],[65.27548346626799,25.540103995395043],[65.19220233106392,25.51630938533674],[65.1588898769823,25.50679154131342],[65.11368011787152,25.492514775278437],[65.07084981976658,25.482996931255116],[65.02088113864414,25.485376392260946],[64.94949730846923,25.485376392260946],[64.90666701036429,25.485376392260946],[64.84955994622436,25.480617470249285],[64.79483234309026,25.475858548237625],[64.74724312297366,25.475858548237625],[64.68299767581624,25.475858548237625],[64.6401673777113,25.478238009243455],[64.56878354753638,25.482996931255116]]}},{"type":"Feature","properties":{"catalog_id":"GAF_939","catalog_name":"HimaTibetMap","exposure_quality":"1","slip_type":"Syncline"},"geometry":{"type":"LineString","coordinates":[[65.79182650453316,26.13734870785845],[65.72044267435825,26.096897870759335],[65.63240261714253,26.06120595567188],[65.59195178004342,26.05168811164856],[65.56815716998511,26.035031884607747],[65.53960363791515,26.013616735555274],[65.50629118383353,25.996960508514462],[65.47535819075773,25.98268374247948],[65.43014843164696,25.97316589845616],[65.39921543857116,25.958889132421177],[65.37304136750703,25.949371288397856],[65.32783160839625,25.927956139345383],[65.30641645934378,25.920817756327892],[65.2136174801164,25.89464368526376]]}},{"type":"Feature","properties":{"accuracy":"30000","activity_confidence":"2","average_dip":"(50,35,70)","average_rake":"","catalog_id":"NAF_0","catalog_name":"GEM_N_Africa","dip_dir":"W","downthrown_side_dir":"W","epistemic_quality":"2","exposure_quality":"2","fs_name":"Kassita Graben","last_movement":"","name":"Tazimi Fault","net_slip_rate":"","notes":"","reference":"DEM","shortening_rate":"","slip_type":"Normal","strike_slip_rate":"","vert_sep_rate":""},"geometry":{"type":"LineString","coordinates":[[-3.671181048023419,34.927342196283],[-3.670286200205229,34.92525421804056],[-3.668794787174912,34.9212274028587],[-3.668496504568849,34.919139424616255],[-3.666408526326405,34.91496346813137],[-3.665811961114279,34.912577207282865],[-3.665811961114279,34.910190946434355],[-3.665215395902152,34.906313272555536],[-3.665215395902152,34.903628729100966],[-3.665811961114279,34.90079504434336],[-3.665811961114279,34.89885620740395],[-3.665662819811247,34.895873381343314],[-3.665662819811247,34.892293990070556],[-3.666259385023374,34.89020601182811],[-3.668347363265817,34.88677576185838],[-3.671031906720387,34.88438950100988],[-3.672672461053736,34.88110839234318],[-3.675207863205274,34.87752900107042],[-3.67655013493256,34.87454617500978],[-3.679831243599256,34.87245819676734],[-3.683261493568985,34.870668501130965],[-3.687586591356904,34.868282240282454],[-3.690569417417537,34.86574683813092],[-3.694447091296361,34.86336057728241],[-3.697131634750931,34.861272599039964],[-3.699965319508533,34.85873719688843],[-3.703693852084325,34.85679835994902],[-3.70682581944799,34.85411381649445],[-3.706080112932832,34.85128013173684],[-3.703395569478262,34.84725331655499],[-3.702948145569167,34.84561276222164],[-3.701307591235818,34.84427049049435],[-3.700412743417628,34.843077360070104],[-3.701158449932787,34.84084024052463],[-3.701158449932787,34.83770827316096],[-3.697579058660026,34.832786610160916],[-3.695640221720614,34.829058077585124],[-3.693850526084234,34.82339070806992],[-3.694596232599393,34.81981131679716]]}},{"type":"Feature","properties":{"accuracy":"50000","activity_confidence":"2","average_dip":"(65,50,85)","average_rake":"","catalog_id":"NAF_1","catalog_name":"GEM_N_Africa","dip_dir":"NW","downthrown_side_dir":"NW","epistemic_quality":"2","exposure_quality":"2","fs_name":"Nekor Fault","last_movement":"","name":"Nekor Fault","net_slip_rate":"","notes":"Hard to see in imagery but evident scarp in slope map from 30m SRTM","reference":"DEM; van der Woerd et al., 2014; d'Acremont et al., 2014","shortening_rate":"","slip_type":"Sinistral-Normal","strike_slip_rate":"","vert_sep_rate":""},"geometry":{"type":"LineString","coordinates":[[-3.470511424794294,35.19766080802791],[-3.474985663885244,35.19497626457334],[-3.479609044279226,35.193484851543026],[-3.483039294248955,35.19154601460361],[-3.485872979006557,35.18990546027027],[-3.488706663764159,35.18826490593692],[-3.491242065915697,35.18692263420963],[-3.494821457188458,35.184238090755066],[-3.49728228868848,35.18222468316414],[-3.499295696279408,35.1811061233914],[-3.501010821264272,35.18043498752776],[-3.503098799506716,35.179540139709566],[-3.506305337521897,35.17804872667925],[-3.508467886415856,35.17700473755803],[-3.510705005961331,35.17603531908832],[-3.512942125506807,35.17543875387619],[-3.51592495156744,35.17379819954285],[-3.518012929809883,35.17245592781556],[-3.519653484143232,35.17133736804283],[-3.522114315643255,35.16977138436099],[-3.523382016719024,35.16768340611855],[-3.525395424309952,35.165968281133686],[-3.527557973203911,35.16373116158821],[-3.529496810143323,35.162239748557894],[-3.532106782946377,35.15940606380029],[-3.534045619885789,35.15843664533058],[-3.535835315522169,35.15784008011846],[-3.536804733991875,35.15687066164875],[-3.538818141582802,35.15612495513359],[-3.542546674158594,35.15470811275479],[-3.545156646961649,35.15269470516386],[-3.547915761067735,35.150905009527484],[-3.549332603446536,35.15001016170929],[-3.552315429507169,35.1476984715123],[-3.55499997296174,35.14643077043653],[-3.557311663158731,35.14538678131531],[-3.560219918567849,35.14180739004255],[-3.562755320719388,35.13748229225463],[-3.5646941576588,35.13315719446671],[-3.566036429386085,35.12927952058789],[-3.567080418507307,35.12570012931513],[-3.568124407628528,35.1227173032545],[-3.570958092386129,35.11361968376956],[-3.576178037992238,35.108698020769516],[-3.586170505295361,35.103776357769476],[-3.593478429143913,35.09960040128459],[-3.598250950840927,35.09691585783002],[-3.608392559447081,35.092143336133006],[-3.61450735287138,35.08886222746631],[-3.620025581083552,35.085133694890516],[-3.629719765780611,35.081106879708656],[-3.637176830932195,35.07767662973893],[-3.644037330871652,35.07529036889042],[-3.649853841689888,35.07215840152676],[-3.654924645992965,35.070070423284314],[-3.666110243720341,35.06507418963275],[-3.669465923038554,35.0629862113903],[-3.672001325190093,35.062091363572115],[-3.675953569720432,35.06089823314786],[-3.68065152076593,35.05836283099632],[-3.685871466372039,35.05485801037508],[-3.688108585917514,35.053515738647796],[-3.693104819569076,35.05157690170838],[-3.697206205402447,35.049712635420484],[-3.700487314069143,35.04866864629926]]}},{"type":"Feature","properties":{"accuracy":"50000","activity_confidence":"1","average_dip":"(50,35,60)","average_rake":"","catalog_id":"NAF_2","catalog_name":"GEM_N_Africa","dip_dir":"W","downthrown_side_dir":"W","epistemic_quality":"1","exposure_quality":"1","fs_name":"Low-Nekor Graben","last_movement":"","name":"Trougout Fault","net_slip_rate":"","notes":"","reference":"Poujol et al., 2014 J. Geodyn.","shortening_rate":"(-0.12,,)","slip_type":"Normal-Sinistral","strike_slip_rate":"(0.5,,)","vert_sep_rate":"(0.82,,)"},"geometry":{"type":"LineString","coordinates":[[-3.757459291827246,35.266004810142185],[-3.757906715736341,35.26354397864216],[-3.758130427690888,35.261381429748205],[-3.758204998342404,35.26018829932395],[-3.759323558115142,35.257429185217866],[-3.759845552675753,35.25578863088452],[-3.760442117887879,35.25161267439963],[-3.761113253751522,35.24989754941476],[-3.761709818963649,35.24654187009655],[-3.762082672221228,35.241023641884375],[-3.762231813524259,35.238413669081325],[-3.762380954827291,35.23483427780857],[-3.762306384175775,35.23155316914187],[-3.762380954827291,35.22998718546003],[-3.762008101569712,35.2270043593994],[-3.761560677660617,35.22424524529332],[-3.761635248312133,35.22103870727813],[-3.763648655903061,35.218130451869015],[-3.765662063493988,35.216117044278086],[-3.767228047175821,35.213432500823515],[-3.768943172160686,35.20895826173257],[-3.769838019978876,35.20522972915678],[-3.769688878675844,35.20075549006582],[-3.769241454766749,35.19732524009609],[-3.769241454766749,35.19001731624754],[-3.770434585191003,35.18449908803537],[-3.772075139524351,35.17972656633836],[-3.773268269948604,35.17510318594437],[-3.774461400372858,35.17092722945949],[-3.774759682978921,35.16496157733822],[-3.773715693857699,35.16048733824727],[-3.772671704736478,35.156311381762386],[-3.771776856918288,35.15183714267144],[-3.770583726494035,35.14781032748958],[-3.77013630258494,35.14542406664108],[-3.769987161281908,35.14244124058044],[-3.77103115040313,35.14020412103497],[-3.774461400372858,35.137370436277365],[-3.777145943827429,35.134984175428855],[-3.778786498160777,35.132747055883385],[-3.779383063372904,35.13021165373184],[-3.778637356857745,35.12558827333786],[-3.778339074251682,35.12081575164085],[-3.779084780766841,35.11768378427718],[-3.781321900312316,35.11335868648926],[-3.784901291585076,35.10918273000438],[-3.788033258948741,35.107094751761935],[-3.792060074130597,35.104410208307364],[-3.795788606706388,35.100085110519444],[-3.799666280585212,35.096505719246686],[-3.802350824039782,35.09322461057999],[-3.805035367494352,35.08785552367085],[-3.807123345736796,35.08039845851926],[-3.807719910948923,35.07562593682225],[-3.808018193554986,35.07025684991311],[-3.809211323979239,35.064887763003966],[-3.809211323979239,35.06071180651908],[-3.810404454403493,35.05564100221601],[-3.81189586743381,35.05086848051899]]}},{"type":"Feature","properties":{"accuracy":"30000","activity_confidence":"2","average_dip":"(50,40,65)","average_rake":"","catalog_id":"NAF_3","catalog_name":"GEM_N_Africa","dip_dir":"E","downthrown_side_dir":"E","epistemic_quality":"2","exposure_quality":"1","fs_name":"Low-Nekor Graben","last_movement":"","name":"Boujibar Fault","net_slip_rate":"","notes":"","reference":"Puojol et al., 2014 G. Geodynamics","shortening_rate":"","slip_type":"Normal","strike_slip_rate":"","vert_sep_rate":""},"geometry":{"type":"LineString","coordinates":[[-3.943438496707751,35.24594530488444],[-3.941947083677435,35.2434099027329],[-3.941648801071371,35.24147106579349],[-3.940753953253181,35.238637381035886],[-3.939411681525896,35.23580369627828],[-3.937621985889516,35.23192602239946],[-3.936727138071326,35.22953976155095],[-3.935086583737977,35.227004359399416],[-3.933446029404629,35.2255129463691],[-3.931507192465217,35.22372325073272],[-3.929717496828837,35.22178441379331],[-3.928524366404583,35.22074042467209]]}},{"type":"Feature","properties":{"accuracy":"50000","activity_confidence":"2","average_dip":"(50,40,65)","average_rake":"","catalog_id":"NAF_4","catalog_name":"GEM_N_Africa","dip_dir":"E","downthrown_side_dir":"E","epistemic_quality":"2","exposure_quality":"2","fs_name":"Low-Nekor Graben","last_movement":"","name":"Imzouren Fault","net_slip_rate":"","notes":"May be at the next terrace flight down","reference":"Poujol et al., 2014 J. Geodynamics","shortening_rate":"","slip_type":"Normal","strike_slip_rate":"","vert_sep_rate":""},"geometry":{"type":"LineString","coordinates":[[-3.867749285419174,35.1510914361563],[-3.864169894146414,35.14751204488354],[-3.86029222026759,35.14244124058046],[-3.856414546388767,35.1388618493077],[-3.850150611661436,35.1331944797925],[-3.848360916025056,35.13050993633793],[-3.845974655176549,35.126333979853044],[-3.844184959540169,35.1209648929439],[-3.839412437843155,35.11231469736806],[-3.837324459600711,35.109033588701365],[-3.835236481358268,35.10485763221648],[-3.833745068327951,35.10127824094372],[-3.833148503115825,35.09829541488308],[-3.832253655297635,35.09292632797394],[-3.832253655297635,35.08815380627693],[-3.831657090085508,35.082784719367794],[-3.831060524873381,35.0786087628829]]}},{"type":"Feature","properties":{"accuracy":"50000","activity_confidence":"1","average_dip":"(50,40,65)","average_rake":"","catalog_id":"NAF_5","catalog_name":"GEM_N_Africa","dip_dir":"E","downthrown_side_dir":"E","epistemic_quality":"1","exposure_quality":"2","fs_name":"Low-Nekor Graben","last_movement":"","name":"Trougout Fault","net_slip_rate":"","notes":"","reference":"Poujol et al., 2014 J. Geodynamics","shortening_rate":"","slip_type":"Normal-Sinistral","strike_slip_rate":"","vert_sep_rate":""},"geometry":{"type":"LineString","coordinates":[[-3.812119579388358,35.05094305117052],[-3.812716144600485,35.0470653772917],[-3.813461851115643,35.044082551231064],[-3.811672155479263,35.034835790443104],[-3.812567003297453,35.03140554047337],[-3.8113738728732,35.02439589923088],[-3.810329883751978,35.02066736665509],[-3.807943622903471,35.01678969277627],[-3.806750492479218,35.01276287759442],[-3.805408220751933,35.009630910230754],[-3.80421509032768,35.00709550807921],[-3.801977970782204,35.002919551594324],[-3.800337416448856,34.99889273641247],[-3.799144286024602,34.9962081929579],[-3.797205449085191,34.99247966038211],[-3.794073481721525,34.98487345392749],[-3.793924340418493,34.982039769169894],[-3.797802014297317,34.97517926923043],[-3.801232264267045,34.9665290736546],[-3.801381405570077,34.96115998674546],[-3.803021959903425,34.956685747654504],[-3.803618525115552,34.95295721507871],[-3.804960796842837,34.9481846933817],[-3.806452209873154,34.94192075865437],[-3.807048775085281,34.93670081304826],[-3.810031601145914,34.93088430223003],[-3.81226872069139,34.92626092183604],[-3.814804122842928,34.92297981316934],[-3.816742959782341,34.9171633023511]]}},{"type":"Feature","properties":{"accuracy":"65000","activity_confidence":"1","average_dip":"(45,30,50)","average_rake":"","catalog_id":"NAF_6","catalog_name":"GEM_N_Africa","dip_dir":"N","downthrown_side_dir":"S","epistemic_quality":"1","exposure_quality":"1","fs_name":"Sub-Atlas Thrust","last_movement":"","name":"Amekchoud-Imidir Thrust","net_slip_rate":"","notes":"","reference":"Pastor et al., 2012 Annals of Geophysics","shortening_rate":"(0.1, 0.05, 0.15)","slip_type":"Reverse","strike_slip_rate":"","vert_sep_rate":""},"geometry":{"type":"LineString","coordinates":[[-6.790494071427936,31.195919386853355],[-6.779995084088813,31.19719199137931],[-6.766314585434802,31.19846459590526],[-6.757088202621633,31.19910089816824],[-6.745952913019532,31.201964258351637],[-6.734817623417431,31.207054676455453],[-6.721773427026398,31.207372827586944],[-6.714137799870671,31.2086454321129],[-6.708411079503876,31.207372827586944],[-6.700457301216661,31.2057820719295],[-6.679141175406925,31.20164610722015],[-6.666096979015892,31.199419049299728],[-6.649871271309974,31.198146444773773],[-6.638735981707872,31.19846459590526],[-6.628236994368748,31.197828293642285],[-6.616783553635158,31.19846459590526],[-6.597694485745842,31.198146444773773],[-6.588149951801182,31.199737200431215],[-6.574787604278661,31.203873165140568]]}},{"type":"Feature","properties":{"accuracy":"65000","activity_confidence":"2","average_dip":"(30,10,35)","average_rake":"","catalog_id":"NAF_7","catalog_name":"GEM_N_Africa","dip_dir":"N","downthrown_side_dir":"S","epistemic_quality":"1","exposure_quality":"2","fs_name":"Sub-Atlas Thrust","last_movement":"","name":"Jebel Guersif Thrust","net_slip_rate":"","notes":"Thrust breaks through anticline; Teson has another blind thrust ~~200 m south. He also has a steep (~30\u00b0 ramp soling into a 5 flat at sea level.","reference":"Teson et al., 2008 Int. J. Earth Sci.","shortening_rate":"(0.1, 0.0, 0.15)","slip_type":"Reverse","strike_slip_rate":"","vert_sep_rate":""},"geometry":{"type":"LineString","coordinates":[[-6.452408783106979,31.249846003640677],[-6.451852018626875,31.249686928074922],[-6.448193280614756,31.24920970137769],[-6.443023324728067,31.248334785766097],[-6.438966897801587,31.249368776943435],[-6.435387697572341,31.24992554142354],[-6.429263288291186,31.250959532600877],[-6.423536567924391,31.251595834863856],[-6.413673882848245,31.249686928074922],[-6.403015819943378,31.248175710200353],[-6.39720956179371,31.247380332371634],[-6.385597045494377,31.246266803411423],[-6.377643267207163,31.247857559068866],[-6.366826128736551,31.25135722151524],[-6.355372688002962,31.25501595952736],[-6.343123869440652,31.257879319710757],[-6.33342025993025,31.263446964511807],[-6.325148330511547,31.27092351610179],[-6.319898836841984,31.274264102982414],[-6.305900187056486,31.274582254113902],[-6.294605821888642,31.273150574022203],[-6.28378868341803,31.273627800719435],[-6.269153731369555,31.274423178548158],[-6.257223063938734,31.28046805004644],[-6.249746512348752,31.286194770413235],[-6.245451472073657,31.291126112951318],[-6.239088449443885,31.29653468218662],[-6.233679880208579,31.30353400707937],[-6.227953159841785,31.306715518394256],[-6.218090474765639,31.309578878577653],[-6.212045603267356,31.313714843287006],[-6.201864767059721,31.31753265686487],[-6.192320233115064,31.32166862157422],[-6.180866792381475,31.325168284020595],[-6.170049653910864,31.33025870212441],[-6.160823271097694,31.334394666833763],[-6.149369830364106,31.338530631543115],[-6.137916389630517,31.339485084937582],[-6.123599588713531,31.341075840595025],[-6.107055729876125,31.347120712093307],[-6.100454093897736,31.348950081099364],[-6.092182164479033,31.352688356894355],[-6.082478554968631,31.356744783820833],[-6.075717843424499,31.360880748530185],[-6.071422803149403,31.36294873088486],[-6.0602875135473,31.365175788805278],[-6.045970712630314,31.365812091068257],[-6.034199120765237,31.375356625012913],[-6.02465458682058,31.384264856694593],[-6.00651997232573,31.392536786113297]]}},{"type":"Feature","properties":{"accuracy":"30000","activity_confidence":"2","average_dip":"(20,10,30)","average_rake":"","catalog_id":"NAF_8","catalog_name":"GEM_N_Africa","dip_dir":"S","downthrown_side_dir":"N","epistemic_quality":"2","exposure_quality":"2","fs_name":"","last_movement":"","name":"Midelt Thrust","net_slip_rate":"","notes":"Good expression of scarp on DEM.","reference":"DEM","shortening_rate":"","slip_type":"Reverse","strike_slip_rate":"","vert_sep_rate":""},"geometry":{"type":"LineString","coordinates":[[-5.021226930627393,32.563363525904414],[-5.010816842418999,32.56620264087034],[-5.00245722613044,32.56809538418096],[-4.994097609841882,32.57046131331923],[-4.987946194082376,32.5728272424575],[-4.976432005609456,32.576455000469515],[-4.967441474884025,32.57819001517091],[-4.957820029721721,32.57882092960779],[-4.953403628663614,32.578347743780135],[-4.943466726282875,32.57882092960779],[-4.936211210258842,32.58024048709075],[-4.930217523108555,32.583868245102764],[-4.924223835958268,32.58552439549954],[-4.917362641457281,32.58741713881016],[-4.911526682916212,32.59001966086226],[-4.907820060599587,32.59207013278209],[-4.901905237753908,32.59435719761576],[-4.898277479741893,32.596644262449416],[-4.894649721729876,32.59893132728308],[-4.888182848751934,32.601297256421354],[-4.8843973621307,32.602243628076664],[-4.880690739814075,32.60492501443337],[-4.877378439020496,32.60634457191633],[-4.870517244519509,32.606896622048595],[-4.863261728495477,32.607369807876246],[-4.856952584126754,32.60863163674999],[-4.85143208280412,32.61005119423295],[-4.845438395653833,32.613205766417316],[-4.841337451814162,32.615098509727936],[-4.834712850227003,32.61777989608464],[-4.829823263341242,32.61951491078604],[-4.826037776720008,32.62030355383213],[-4.816574060166922,32.62519314071789],[-4.81184220189038,32.62771679846538],[-4.808056715269146,32.63087137064974],[-4.803640314211039,32.63402594283411],[-4.799539370371369,32.637180515018464],[-4.795596155140917,32.638600072501426],[-4.791652939910464,32.64159691607657],[-4.788261774812276,32.64372625230099],[-4.783372187926515,32.647038553094575],[-4.777615093690055,32.65106063262964],[-4.774066199982648,32.65295337594026],[-4.769570934619932,32.654530662032435],[-4.763577247469645,32.657606369912195],[-4.757110374491703,32.66028775626891],[-4.751905330387507,32.663442328453264],[-4.746858014892528,32.66501961454545],[-4.740548870523804,32.66659690063763],[-4.734712911982735,32.66848964394825],[-4.729823325096974,32.66990920143121],[-4.723040994900596,32.673063773615574],[-4.719886422716234,32.67432560248932],[-4.715785478876564,32.676060617190714],[-4.708372234243313,32.67874200354742],[-4.701589904046935,32.67968837520273],[-4.690075715574015,32.68142338990413]]}},{"type":"Feature","properties":{"accuracy":"30000","activity_confidence":"1","average_dip":"(30,20,40)","average_rake":"","catalog_id":"NAF_9","catalog_name":"GEM_N_Africa","dip_dir":"NW","downthrown_side_dir":"SE","epistemic_quality":"1","exposure_quality":"1","fs_name":"Ait Oufella Thrust","last_movement":"","name":"Ait Oufella Frontal Thrust","net_slip_rate":"","notes":"Balanced X-Sec shows a flat at 1 km above sea level ~5 degree).","reference":"Rigby 2008 M.S. Thesis (Univ. Missouri)","shortening_rate":"(0.1, 0.03, 1)","slip_type":"Reverse","strike_slip_rate":"","vert_sep_rate":""},"geometry":{"type":"LineString","coordinates":[[-5.224341947147989,32.82606052455712],[-5.218663717216138,32.829846011178354],[-5.214247316158032,32.8328428547535],[-5.209042272053835,32.83536651250099],[-5.199894012719187,32.83836335607614],[-5.194058054178118,32.84009837077753],[-5.184752066234251,32.84025609938675],[-5.180335665176144,32.84183338547893],[-5.171976048887585,32.84183338547893],[-5.167401919220261,32.84262202852502],[-5.160935046242319,32.847353886801564],[-5.157307288230303,32.849246630112184],[-5.150840415252361,32.85082391620436],[-5.141692155917712,32.85177028785967],[-5.135540740158206,32.85255893090576],[-5.129073867180264,32.85382075977951],[-5.12702339526043,32.85602896030856],[-5.124184280294504,32.85855261805605],[-5.116928764270472,32.85965671832057],[-5.109357791028003,32.860445361366665],[-5.106991861889733,32.861391733021975],[-5.101786817785535,32.86706996295383],[-5.098474516991955,32.8729059214949],[-5.095950859244466,32.87858415142674],[-5.091849915404795,32.88394692414016],[-5.08901080043887,32.88678603910608],[-5.084357806466936,32.890886982945744],[-5.080493455541093,32.89561884122229],[-5.077338883356731,32.900508428108054],[-5.073474532430888,32.904924829166156],[-5.070398824551135,32.90807940135052],[-5.065588101969984,32.91107624492566],[-5.062039208262576,32.91478286724229],[-5.059357821905869,32.919199268300396],[-5.055730063893852,32.92377339796772],[-5.054152777801672,32.92897844207192],[-5.051155934226529,32.933710300348466],[-5.046424075949986,32.93907307306188],[-5.042954046547187,32.943489474119986],[-5.037591273833772,32.94822133239653],[-5.033017144166448,32.951849090408544],[-5.026392542579289,32.95531911981134],[-5.021976141521182,32.95989324947867],[-5.019689076687521,32.96178599278927],[-5.016613368807768,32.965492615105894],[-5.014010846755669,32.96896264450869],[-5.012118103445053,32.97140743795157],[-5.009515581392954,32.97188062377923],[-5.007622838082336,32.970855387819306],[-5.004468265897975,32.97053993060087],[-4.999815271926042,32.971328573646964],[-4.996818428350897,32.972038352388445],[-4.993979313384972,32.97330018126219],[-4.99082474120061,32.9751140602682],[-4.988616540671558,32.97740112510187],[-4.987985626234685,32.9794515970217],[-4.983569225176579,32.979609325630925],[-4.978048723853945,32.98071342589545],[-4.971581850876004,32.98386799807981],[-4.967638635645551,32.984972098344336],[-4.9619604057137,32.985918469999646],[-4.957701733264812,32.98970395662088],[-4.950761674459216,32.994278086288205],[-4.944925715918147,32.99869448734631],[-4.942717515389091,33.000429502047695],[-4.939799536118556,33.00192792383527],[-4.935383135060451,33.00326861701362],[-4.930730141088516,33.005082496019625],[-4.927181247381109,33.00784274668094],[-4.925051911156666,33.00934116846852],[-4.922607117713785,33.01012981151461],[-4.918821631092551,33.01012981151461],[-4.915351601689752,33.01131277608374],[-4.911487250763909,33.014230755354276],[-4.910146557585556,33.01557144853263],[-4.905887885136669,33.01675441310177],[-4.903206498779961,33.01848942780317],[-4.900525112423254,33.02022444250457],[-4.895635525537493,33.02117081415987],[-4.891219124479386,33.02180172859675],[-4.887275909248935,33.02243264303362],[-4.881755407926301,33.02416765773502],[-4.877654464086631,33.02495630078111],[-4.873080334419306,33.02495630078111],[-4.86945257640729,33.027322229919385],[-4.86614027561371,33.02653358687329],[-4.862985703429349,33.02621812965486],[-4.85951567402655,33.026375858264075],[-4.852575615220955,33.025902672436416],[-4.847370571116757,33.02700677270094],[-4.843585084495523,33.02700677270094],[-4.838222311782109,33.02700677270094],[-4.832070896022603,33.02669131548251],[-4.82481537999857,33.026849044091726],[-4.818821692848283,33.027795415747036],[-4.812670277088777,33.028426330183905],[-4.807149775766145,33.02984588766687],[-4.800998360006639,33.03158090236827],[-4.795320130074789,33.03741686090934],[-4.791534643453554,33.03930960421996],[-4.788064614050756,33.04136007613979],[-4.784752313257176,33.04277963362276],[-4.783175027164996,33.04467237693337],[-4.78191319829125,33.04672284885321],[-4.781440012463596,33.04798467772695]]}},{"type":"Feature","properties":{"accuracy":"30000","activity_confidence":"1","average_dip":"(30,20,35)","average_rake":"","catalog_id":"NAF_10","catalog_name":"GEM_N_Africa","dip_dir":"N","downthrown_side_dir":"S","epistemic_quality":"1","exposure_quality":"1","fs_name":"Ait Oufella Thrust","last_movement":"","name":"Ait Oufella Frontal Thrust","net_slip_rate":"","notes":"little transfer structure","reference":"DEM","shortening_rate":"","slip_type":"Reverse","strike_slip_rate":"","vert_sep_rate":""},"geometry":{"type":"LineString","coordinates":[[-4.820398978940461,33.06233798116581],[-4.814878477617827,33.06470391030408],[-4.810304347950503,33.06628119639626],[-4.805572489673961,33.06785848248844],[-4.8006829027882,33.069120311362184],[-4.795635587293221,33.06975122579906],[-4.790430543189024,33.07085532606359],[-4.782859569946556,33.07211715493733],[-4.777181340014704,33.074009898247944],[-4.76677125180631,33.07763765625997],[-4.762985765185077,33.07889948513371],[-4.758884821345406,33.08158087149042],[-4.757622992471661,33.08378907201947],[-4.755887977770263,33.085997272548525],[-4.751787033930592,33.088047744468355],[-4.742638774595942,33.09593417492926],[-4.740903759894544,33.0989310185044],[-4.738537830756273,33.101139219033456],[-4.73459461552582,33.105555620091565],[-4.73128231473224,33.10855246366671],[-4.728285471157097,33.11170703585107],[-4.727023642283352,33.115650251081526],[-4.726708185064916,33.11943573770276],[-4.724815441754298,33.12337895293321],[-4.722922698443681,33.127006710945224],[-4.721029955133065,33.12921491147428]]}},{"type":"Feature","properties":{"accuracy":"30000","activity_confidence":"1","average_dip":"(25,15,35)","average_rake":"","catalog_id":"NAF_11","catalog_name":"GEM_N_Africa","dip_dir":"N","downthrown_side_dir":"S","epistemic_quality":"1","exposure_quality":"1","fs_name":"Ait Oufella Thrust","last_movement":"","name":"Ait Oufella Frontal Thrust","net_slip_rate":"","notes":"","reference":"DEM","shortening_rate":"","slip_type":"Reverse","strike_slip_rate":"","vert_sep_rate":""},"geometry":{"type":"LineString","coordinates":[[-4.754946531187634,33.099036465572986],[-4.752265144830926,33.10219103775734],[-4.751318773175618,33.10534560994171],[-4.750214672911091,33.108815639344506],[-4.749741487083437,33.11165475431043],[-4.749426029865001,33.11701752702385],[-4.748637386818911,33.12064528503586],[-4.746429186289857,33.123642128611],[-4.743590071323932,33.12663897218615],[-4.739489127484261,33.132317202118],[-4.73712319834599,33.136102688739236],[-4.733337711724756,33.14067681840656],[-4.731602697023357,33.142885018935615],[-4.727501753183686,33.145881862510755],[-4.721350337424181,33.14903643469512],[-4.716933936366074,33.151717821051825],[-4.714252550009367,33.154241478799314],[-4.709205234514388,33.15802696542055],[-4.706681576766899,33.161970180651004],[-4.701949718490356,33.16622885309989],[-4.697691046041467,33.17080298276721],[-4.69422101663867,33.17395755495158],[-4.689962344189781,33.17695439852672],[-4.685861400350111,33.17979351349265],[-4.682075913728877,33.183894457332315],[-4.677501784061552,33.18736448673511],[-4.673716297440318,33.19193861640244],[-4.670877182474393,33.19588183163289],[-4.667880338899248,33.20077141851865],[-4.66614532419785,33.20408371931223],[-4.663306209231924,33.20802693454268]]}},{"type":"Feature","properties":{"accuracy":"30000","activity_confidence":"2","average_dip":"","average_rake":"","catalog_id":"NAF_12","catalog_name":"GEM_N_Africa","dip_dir":"","downthrown_side_dir":"","epistemic_quality":"2","exposure_quality":"2","fs_name":"","last_movement":"","name":"","net_slip_rate":"","notes":"","reference":"DEM, Google Earth","shortening_rate":"","slip_type":"Anticline","strike_slip_rate":"","vert_sep_rate":""},"geometry":{"type":"LineString","coordinates":[[-4.844142059700465,32.75668651926509],[-4.802501706866889,32.76867389356566],[-4.758968610722697,32.77750669568188],[-4.709757284646653,32.78444675448747],[-4.653605899765012,32.78886315554558],[-4.610703718057692,32.791386813293066]]}},{"type":"Feature","properties":{"accuracy":"30000","activity_confidence":"1","average_dip":"(75,60,90)","average_rake":"","catalog_id":"NAF_13","catalog_name":"GEM_N_Africa","dip_dir":"NW","downthrown_side_dir":"SE","epistemic_quality":"2","exposure_quality":"2","fs_name":"","last_movement":"","name":"El Ksabi Fault","net_slip_rate":"","notes":"","reference":"DEM; Gomez et al. 1996 J. Geo. Soc. London","shortening_rate":"","slip_type":"Sinistral-Reverse","strike_slip_rate":"","vert_sep_rate":""},"geometry":{"type":"LineString","coordinates":[[-4.599978172630863,32.78129218230311],[-4.582312568398436,32.78570858336122],[-4.565908793039755,32.79012498441932],[-4.554552333176052,32.796118671569616],[-4.544773159404531,32.80274327315678],[-4.531208499011774,32.8090524175255],[-4.517328381400582,32.817569762423275],[-4.506287378755315,32.82608710732105],[-4.49934731994972,32.83491990943727],[-4.490514517833507,32.84312179711661],[-4.483259001809475,32.852585513669695],[-4.476003485785442,32.863311059096525],[-4.468117055324538,32.87277477564961],[-4.461492453737378,32.88066120611051],[-4.454867852150219,32.890124922663595],[-4.446981421689314,32.90053501087199],[-4.438148619573101,32.911576013517255],[-4.428053988583143,32.92829524609438],[-4.419852100903802,32.94059807761339],[-4.41259658487977,32.95416273800615],[-4.405025611637302,32.96867377005421],[-4.393353694555163,32.98318480210227],[-4.384205435220514,32.99832674858721],[-4.374426261448993,33.01378415229058],[-4.368748031517141,33.02419424049898],[-4.357076114435003,33.044068045260445],[-4.346350569008173,33.061102735056004],[-4.336886852455088,33.07309010935658],[-4.329946793649492,33.078137424851555],[-4.324268563717641,33.09012479915213],[-4.32174490597015,33.10305854510803],[-4.320167619877971,33.11094497556893]]}},{"type":"Feature","properties":{"accuracy":"60000","activity_confidence":"1","average_dip":"","average_rake":"","catalog_id":"NAF_14","catalog_name":"GEM_N_Africa","dip_dir":"N","downthrown_side_dir":"S","epistemic_quality":"2","exposure_quality":"2","fs_name":"","last_movement":"","name":"South Middle Atlas Frontal Thrust","net_slip_rate":"","notes":"Blind thrust; anticline is very well exposed. Likely merges with South Middle Atlas Thrust at depth.","reference":"DEM","shortening_rate":"","slip_type":"Blind Thrust","strike_slip_rate":"","vert_sep_rate":""},"geometry":{"type":"LineString","coordinates":[[-4.006366551838583,33.29690700583707],[-3.991855519790519,33.3041625218611],[-3.976398116087146,33.30920983735608],[-3.958417054636284,33.31047166622982],[-3.936335049345751,33.31331078119575],[-3.912360300744602,33.32561361271476],[-3.901634755317771,33.339493730325955],[-3.891224667109378,33.348326532442165],[-3.874820891750697,33.358421163432126],[-3.862991246059342,33.36567667945615],[-3.847849299574405,33.3730899240894],[-3.837281482756793,33.38334228368858],[-3.829395052295889,33.38854732779277],[-3.821981807662639,33.394541014943066],[-3.809363518925192,33.40416246010537],[-3.803212103165686,33.40889431838191],[-3.796745230187744,33.41678074884281],[-3.785861956151696,33.42529809374059],[-3.781603283702808,33.43539272473055],[-3.776082782380175,33.442332783536145],[-3.76898499496536,33.44832647068643],[-3.757628535101658,33.456055172538115],[-3.740593845306104,33.45952520194091],[-3.732076500408327,33.47088166180461],[-3.728606471005529,33.47971446392083],[-3.722612783855242,33.48444632219737]]}},{"type":"Feature","properties":{"accuracy":"30000","activity_confidence":"2","average_dip":"(20,15,60)","average_rake":"","catalog_id":"NAF_15","catalog_name":"GEM_N_Africa","dip_dir":"SE","downthrown_side_dir":"NW","epistemic_quality":"2","exposure_quality":"2","fs_name":"","last_movement":"","name":"Beni-Mellal Fault","net_slip_rate":"","notes":"Lithologic boundary that likely corresponds to older rift-bounding normal fault. Could be steep, could be shallow. ","reference":"Arboleya et al., 2004 JAES","shortening_rate":"","slip_type":"Reverse","strike_slip_rate":"","vert_sep_rate":""},"geometry":{"type":"LineString","coordinates":[[-7.087478751712686,32.10510597235161],[-7.080916534379292,32.106000820169804],[-7.075547447470152,32.10450940713949],[-7.069581795348885,32.10242142889704],[-7.066002404076125,32.10242142889704],[-7.058694480227572,32.10376370062433],[-7.054518523742685,32.10376370062433],[-7.049298578136576,32.103912841927354],[-7.045719186863816,32.103316276715226],[-7.040648382560739,32.102272287594005],[-7.032296469590965,32.101974004987945],[-7.029761067439426,32.102272287594005],[-7.026181676166666,32.10137743977582],[-7.021856578378747,32.102719711503106],[-7.016934915378702,32.10421112453342],[-7.013952089318068,32.1060008201698],[-7.010670980651371,32.110922483169844],[-7.010820121954403,32.115247580957764],[-7.010820121954403,32.1177829831093],[-7.008881285014991,32.125240048260885],[-7.006942448075579,32.12822287432152],[-7.003810480711913,32.132249689503375],[-7.002915632893724,32.13538165686704],[-7.000380230742185,32.13702221120039],[-6.997546545984584,32.13970675465496],[-6.996055132954266,32.14075074377618],[-6.989791198226936,32.14239129810953],[-6.987106654772366,32.145224982867134],[-6.983676404802637,32.148953515442926],[-6.978456459196528,32.15312947192781],[-6.976965046166211,32.154471743655094],[-6.972043383166165,32.16118310229153],[-6.966674296257025,32.16446421095823],[-6.959515513711504,32.16655218920067],[-6.95295329637811,32.1704298630795],[-6.948180774681096,32.17251784132194],[-6.941618557347702,32.17430753695832],[-6.935354622620372,32.17430753695832],[-6.931178666135485,32.17639551520076],[-6.927599274862724,32.1784834934432],[-6.922230187953584,32.18057147168565],[-6.917457666256571,32.18057147168565],[-6.91119373152924,32.18116803689777],[-6.904929796801909,32.182659449928096],[-6.900157275104895,32.18236116732203],[-6.896279601226071,32.180273189079585],[-6.888524253468424,32.17967662386746],[-6.886137992619918,32.18086975429171],[-6.881663753528967,32.180273189079585],[-6.876891231831953,32.17908005865533],[-6.872715275347066,32.17639551520076],[-6.864065079771229,32.1760972325947],[-6.859814552634827,32.17542609673106],[-6.856458873316614,32.17587352064015],[-6.852282916831727,32.176992080412894],[-6.844452998422564,32.177290363018955],[-6.842141308225573,32.176992080412894],[-6.839978759331613,32.17624637389773],[-6.836175656104306,32.17557523803409],[-6.83431138981641,32.17647008585228],[-6.831775987664871,32.17788692823108],[-6.828942302907269,32.1775140749735],[-6.824095210558739,32.176917509761374],[-6.821410667104169,32.17721579236744],[-6.819471830164757,32.1784089227917],[-6.817234710619283,32.178930917352304],[-6.814773879119258,32.18314415916294],[-6.812499474248025,32.18541856403418],[-6.81115720252074,32.186537123806914],[-6.809479362861634,32.18750654227662],[-6.80847265906617,32.188513246072084],[-6.806720248755547,32.18918438193573],[-6.80541526235402,32.189631805844826],[-6.804222131929767,32.19060122431453],[-6.801947727058534,32.19130964550393],[-6.800456314028217,32.191197789526655],[-6.797026064058488,32.191272360178175],[-6.795982074937267,32.191980781367576],[-6.79449066190695,32.194292471564566],[-6.792551824967538,32.19701430034489],[-6.791768833126622,32.198692140004],[-6.790985841285705,32.2001089823828],[-6.789867281512968,32.200929259549476],[-6.788786007065988,32.20111568617826],[-6.787742017944766,32.20096654487523],[-6.786287890240208,32.20029540901159],[-6.785206615793228,32.19988527042825],[-6.784050770694733,32.20033269433734],[-6.782447501687142,32.20182410736766],[-6.781217085937131,32.20186139269342],[-6.778942681065898,32.20171225139039],[-6.777935977270434,32.201190256829776],[-6.776630990868907,32.200556406291895],[-6.775363289793138,32.20033269433734],[-6.774282015346158,32.19977341445097],[-6.772194037103714,32.19876671065551],[-6.771150047982492,32.19805828946611],[-6.769658634952176,32.19645502045852],[-6.768465504527923,32.19600759654943],[-6.766601238240026,32.19667873241307],[-6.764475974671825,32.197797292185804],[-6.762126999149076,32.198692140004],[-6.760635586118759,32.19809557479187],[-6.758845890482378,32.198132860117624],[-6.757168050823273,32.19880399598127],[-6.755676637792956,32.19858028402672],[-6.75381237150506,32.198542998700965],[-6.75183624923989,32.199512417170666],[-6.747697578080761,32.199810699776734],[-6.744938463974674,32.19802100414036],[-6.741582784656462,32.19608216720094],[-6.739569377065534,32.194590754170626],[-6.737481398823091,32.19369590635244],[-6.735989985792774,32.194217900913046],[-6.733305442338203,32.19578388459488],[-6.732261453216982,32.19697701501913],[-6.730248045626054,32.19794643348884],[-6.727414360868452,32.197871862837324],[-6.724431534807819,32.19831928674642],[-6.721299567444153,32.19764815088278],[-6.718540453338067,32.1972752976252],[-6.716228763141076,32.197499009579744],[-6.713544219686506,32.19772272153429],[-6.710188540368293,32.19712615632216],[-6.707056573004628,32.19638044980701],[-6.703328040428836,32.19593302589791],[-6.699599507853044,32.19444161286759],[-6.69698953504999,32.1921299226706],[-6.692589866610554,32.190787650943314],[-6.690054464459016,32.189892803125126],[-6.686176790580192,32.19198078136757],[-6.681105986277115,32.19272648788272],[-6.676184323277069,32.19585845524639],[-6.670666095064897,32.197200726973676],[-6.666937562489106,32.199139563913086],[-6.663507312519377,32.20286809648888],[-6.661568475579965,32.20376294430707],[-6.65754166039811,32.20465779212526],[-6.654111410428381,32.20465779212526],[-6.651128584367748,32.20659662906467],[-6.647549193094987,32.20868460730711],[-6.643671519216164,32.21122000945866],[-6.64158354097372,32.21300970509503],[-6.634424758428199,32.21494854203445],[-6.630994508458471,32.21658909636779],[-6.627415117185711,32.21718566157992],[-6.623686584609919,32.21688737897386],[-6.617273508579556,32.216439955064764],[-6.612948410791637,32.21688737897386],[-6.607877606488561,32.21688737897386],[-6.604447356518832,32.21733480288295],[-6.59892912830666,32.21435197682232],[-6.594305747912678,32.210772585549556],[-6.588638378397474,32.20659662906467],[-6.58386585670046,32.20883374861015],[-6.580733889336795,32.21032516164046],[-6.575215661124623,32.20987773773137],[-6.573276824185211,32.20838632470105],[-6.5713379872458,32.20689491167074],[-6.568355161185165,32.20600006385254],[-6.565819759033627,32.20197324867069],[-6.563731780791183,32.19988527042825],[-6.561196378639645,32.19749900957974],[-6.5473262374577,32.20823718339802],[-6.538974324487926,32.21062344424652],[-6.528832715881772,32.20585092254951],[-6.51630484642711,32.20406122691313],[-6.506163237820957,32.207044052973764],[-6.500794150911816,32.206447487761636],[-6.493038803154169,32.206447487761636],[-6.482300629335888,32.203464661701005],[-6.471562455517607,32.20406122691313],[-6.459034586062946,32.20943031382227],[-6.451875803517425,32.21360627030716],[-6.448296412244665,32.22255474848906],[-6.445313586184032,32.24522422654987],[-6.444717020971905,32.25536583515603],[-6.431592586305118,32.27743874800471],[-6.424433803759596,32.284597530550236],[-6.417871586426203,32.28996661745938],[-6.405343716971542,32.29473913915639],[-6.393412412729007,32.29831853042915],[-6.370146369456065,32.311442965095935],[-6.361197891274164,32.32098800848996],[-6.353442543516517,32.32993648667187],[-6.328983369819322,32.34425405176291],[-6.319438326425295,32.34962313867205],[-6.308849293910045,32.35260596473268],[-6.300646522243302,32.35245682342965],[-6.296470565758415,32.354992225581185],[-6.292742033182623,32.35857161685394],[-6.284240978909818,32.36334413855096],[-6.281258152849184,32.36483555158128],[-6.276783913758234,32.36602868200553],[-6.26843200078846,32.36453726897521],[-6.265896598636921,32.36856408415707],[-6.259930946515654,32.372590899338924],[-6.258886957394433,32.37855655146019],[-6.258439533485338,32.38750502964209],[-6.257097261758052,32.40033118170282],[-6.255456707424704,32.40614769252105],[-6.251728174848912,32.40957794249078],[-6.246955653151899,32.411516779430194],[-6.243376261879138,32.41300819246051],[-6.237112327151808,32.41539445330902],[-6.234576925000269,32.41763157285449],[-6.230699251121444,32.422851518460604],[-6.226672435939589,32.425536061915174],[-6.221750772939544,32.42941373579399],[-6.218469664272846,32.4322474205516],[-6.216232544727371,32.43403711618798],[-6.213995425181897,32.435826811824356],[-6.206687501333344,32.44164332264259],[-6.204002957878774,32.44313473567291],[-6.195651044909,32.44790725736993],[-6.191475088424113,32.451784931248746],[-6.187597414545289,32.454171192097256],[-6.184614588484656,32.45670659424879],[-6.182824892848275,32.45819800727911],[-6.180140349393705,32.45939113770336],[-6.173428990757279,32.45983856161246],[-6.168358186454203,32.46028598552155],[-6.163287382151125,32.46386537679432],[-6.160751979999587,32.46699734415798],[-6.157172588726826,32.47057673543074],[-6.154040621363161,32.47296299627925],[-6.140468762787278,32.47967435491568],[-6.133608262847821,32.48265718097631],[-6.124958067271983,32.48519258312785],[-6.118246708635557,32.48921939830971],[-6.110938784787005,32.49384277870369],[-6.106166263089992,32.50100156124921],[-6.101095458786914,32.50651978946138],[-6.09796349142325,32.51024832203717],[-6.094980665362615,32.51531912634025],[-6.094682382756552,32.52143391976455],[-6.089760719756507,32.52725043058278],[-6.082452795907955,32.53217209358283],[-6.077680274210941,32.535005778340434],[-6.073504317726054,32.53828688700713],[-6.068284372119945,32.540971430461695],[-6.065450687362343,32.54350683261324],[-6.057695339604695,32.549621626037535],[-6.050238274453111,32.554990712946676],[-6.042482926695464,32.558570104219434],[-6.036218991968133,32.55976323464369],[-6.023691122513473,32.563939191128576],[-6.015935774755826,32.56513232155283],[-6.007882144392115,32.566922017189206],[-6.002214774876911,32.57258938670441],[-5.991178318452566,32.575572212765046],[-5.982229840270666,32.578853321431744],[-5.974772775119082,32.58302927791663],[-5.966719144755371,32.588100082219704],[-5.963438036088674,32.596153712583416],[-5.957472383967407,32.60301421252287],[-5.95329642748252,32.6092781472502],[-5.946137644936999,32.61852490803817],[-5.938382297179351,32.627473386220075],[-5.927942405967134,32.62896479925039],[-5.918993927785233,32.62956136446252],[-5.908554036573015,32.630157929674645],[-5.904676362694192,32.63940469046261],[-5.901991819239622,32.64566862518994],[-5.898412427966861,32.65133599470514],[-5.893043341057721,32.65521366858397],[-5.887375971542517,32.656108516402156],[-5.88051547160306,32.65849477725067],[-5.874848102087856,32.65998619028098],[-5.870970428209032,32.66535527719012],[-5.866197906512019,32.668039820644694],[-5.858442558754372,32.67012779888714],[-5.850090645784597,32.67161921191745],[-5.841738732814823,32.67698829882659],[-5.836071363299619,32.68146253791755],[-5.829509145966226,32.68295395094786],[-5.825333189481339,32.687726472644876],[-5.819964102572198,32.69070929870551],[-5.810419059178171,32.690411016099446],[-5.792820385420432,32.69458697258433],[-5.782977059420342,32.70234232034198],[-5.778204537723328,32.714273624584514],[-5.770449189965681,32.72381866797854],[-5.76418525523835,32.72799462446343],[-5.762097276995907,32.728591189675555],[-5.752552233601879,32.734855124402884],[-5.750762537965499,32.74499673300904],[-5.747779711904865,32.754243493797],[-5.747481429298801,32.76259540676677],[-5.745393451056358,32.77154388494868],[-5.740919211965408,32.78198377616089]]}},{"type":"Feature","properties":{"accuracy":"60000","activity_confidence":"1","average_dip":"(25,10,40)","average_rake":"","catalog_id":"NAF_16","catalog_name":"GEM_N_Africa","dip_dir":"S","downthrown_side_dir":"N","epistemic_quality":"1","exposure_quality":"1","fs_name":"","last_movement":"","name":"Tigheboula Thrust","net_slip_rate":"","notes":"frontal nappe-bounding thrust to main Beni-Mellal thrust","reference":"Arboleya et al., 2004 JAES","shortening_rate":"","slip_type":"Reverse","strike_slip_rate":"","vert_sep_rate":""},"geometry":{"type":"LineString","coordinates":[[-6.149864664878273,32.475796681036854],[-6.150759512696464,32.483552028794506],[-6.151356077908591,32.48802626788545],[-6.1504612300904,32.49637818085523],[-6.148074969241893,32.501150702552245],[-6.143899012757006,32.507414637279574],[-6.143004164938817,32.5145734198251],[-6.146285273605513,32.52053907194636],[-6.149864664878273,32.527101289279756],[-6.146583556211577,32.5381377457041],[-6.143004164938817,32.54410339782537],[-6.137336795423613,32.54827935431025],[-6.134950534575106,32.553648441219394],[-6.130476295484155,32.559315810734596],[-6.127493469423522,32.561702071583106],[-6.124212360756825,32.56349176721948],[-6.122124382514381,32.56856257152256],[-6.117351860817368,32.57184368018926],[-6.112877621726417,32.57542307146202],[-6.10601712178696,32.5804938757651],[-6.100946317483883,32.5828801366136],[-6.095577230574743,32.585266397462114],[-6.091102991483792,32.5861612452803],[-6.084839056756461,32.58675781049243],[-6.079171687241257,32.58765265831062],[-6.075294013362434,32.58705609309849],[-6.069924926453294,32.585564680068174],[-6.065152404756279,32.585564680068174],[-6.056203926574379,32.585862962674234],[-6.051431404877365,32.58437154964392],[-6.049641709240985,32.58765265831062],[-6.044570904937908,32.5918286147955],[-6.040394948453021,32.594513158250074],[-6.037412122392388,32.59421487564401],[-6.035622426756007,32.59600457128039],[-6.029358492028677,32.599583962553154],[-6.022796274695283,32.60047881037134],[-6.017725470392206,32.60047881037134],[-6.014444361725509,32.59868911473496],[-6.008776992210305,32.59779426691677],[-6.004004470513292,32.596899419098584],[-5.999231948816278,32.59481144085614],[-5.995950840149581,32.59272346261369],[-5.991774883664694,32.59033720176519],[-5.990283470634377,32.588249223522745],[-5.987300644573743,32.585564680068174],[-5.985510948937363,32.58347670182573],[-5.980440144634287,32.581985288795416],[-5.978352166391843,32.58109044097722]]}},{"type":"Feature","properties":{"accuracy":"30000","activity_confidence":"2","average_dip":"(30,14,50)","average_rake":"","catalog_id":"NAF_17","catalog_name":"GEM_N_Africa","dip_dir":"NW","downthrown_side_dir":"SE","epistemic_quality":"1","exposure_quality":"1","fs_name":"","last_movement":"","name":"South Middle Atlas Rangefront Thrust","net_slip_rate":"","notes":"Rangefront thrust; may not be currently active, but basinward blind thrusts probably sole in at ~1 km depth or so. May be steep reactivated rift-bounding normal fault, or may be shallower thrust.","reference":"Pastor et al., 2015 Tectonophysics","shortening_rate":"","slip_type":"Reverse","strike_slip_rate":"","vert_sep_rate":""},"geometry":{"type":"LineString","coordinates":[[-3.949061026691303,33.44596085725794],[-3.944735928903384,33.44499143878823],[-3.942498809357909,33.44469315618217],[-3.93944141264576,33.44402202031852],[-3.936756869191189,33.44238146598517],[-3.93548916811542,33.441561188818504],[-3.931611494236596,33.443201743151846],[-3.929001521433542,33.44409659097004],[-3.923930717130465,33.44543886269732],[-3.92042589650922,33.44812340615189],[-3.919754760645578,33.44939110722766],[-3.916697363933428,33.448197976803414],[-3.912894260706121,33.44827254745493],[-3.909613152039424,33.44946567787918],[-3.905884619463632,33.44976396048524],[-3.902454369493903,33.45215022133375],[-3.900962956463586,33.45438734087922],[-3.897980130402953,33.45707188433379],[-3.896190434766573,33.46124784081868],[-3.893356750008971,33.462739253849],[-3.891268771766527,33.46393238427325],[-3.888285945705894,33.466766069030854],[-3.886496250069514,33.46795919945511],[-3.883066000099785,33.4716877320309],[-3.881872869675532,33.47556540590973],[-3.880083174039151,33.47929393848551],[-3.878144337099739,33.481829340637056],[-3.875012369736074,33.48197848194008],[-3.871432978463314,33.48242590584918],[-3.86934500022087,33.482724188455244],[-3.867853587190554,33.48421560148556],[-3.86487076112992,33.48496130800072],[-3.861142228554128,33.48630357972801],[-3.859054250311684,33.48734756884923],[-3.854430869917702,33.48764585145529],[-3.849509206917657,33.4871984275462],[-3.846824663463086,33.487794992758324],[-3.843692696099422,33.48958468839471],[-3.841903000463041,33.49033039490986],[-3.838920174402408,33.48988297100077],[-3.834296794008426,33.49092696012199],[-3.829225989705348,33.49540119921294],[-3.827138011462905,33.49734003615235],[-3.825348315826525,33.49987543830389],[-3.822962054978018,33.50151599263724],[-3.820426652826479,33.50509538391],[-3.820575794129511,33.508376492576694],[-3.818786098493131,33.510464470819144],[-3.817592968068877,33.514491286001],[-3.815952413735529,33.51896552509195],[-3.812969587674896,33.52090436203136],[-3.808346207280913,33.52254491636471],[-3.803871968189962,33.52418547069806],[-3.798950305189917,33.527764861970816],[-3.79566919652322,33.532089959758736],[-3.793133794371681,33.53790647057697],[-3.790747533523175,33.54088929663761],[-3.789554403098921,33.543126416183085],[-3.787913848765573,33.545810959637656],[-3.785825870523129,33.54730237266797],[-3.781948196644306,33.54894292700132],[-3.779561935795799,33.552373176971045],[-3.777772240159419,33.55520686172865],[-3.775535120613943,33.556996557365025],[-3.771210022826025,33.56117251384992],[-3.768376338068423,33.56311135078933],[-3.767779772856296,33.56683988336512],[-3.768376338068423,33.569673568122724],[-3.766437501129011,33.57325295939548],[-3.765244370704758,33.57593750285005],[-3.762112403341092,33.581306589759194],[-3.758980435977427,33.5841402745168],[-3.75748902294711,33.58742138318349],[-3.757638164250142,33.59174648097141],[-3.7583838707653,33.59651900266842],[-3.756146751219825,33.60039667654725],[-3.75390963167435,33.6020372308806],[-3.749286251280368,33.603379502607886],[-3.744662870886386,33.60606404606246],[-3.741381762219689,33.60919601342612],[-3.73795151224996,33.61471424163829],[-3.736609240522675,33.61918848072924],[-3.7343721209772,33.622917013305035],[-3.731538436219598,33.627242111092954],[-3.732284142734757,33.63082150236571],[-3.738249794856024,33.63633973057789],[-3.742425751340911,33.63812942621426],[-3.746601707825798,33.63976998054761],[-3.750926805613717,33.64633219788101],[-3.74854054476521,33.652894415214405],[-3.74854054476521,33.65766693691142],[-3.743469740462133,33.661842893396305],[-3.737802370946929,33.667211980305446],[-3.729748740583219,33.6716862193964],[-3.726467631916522,33.6740724802449],[-3.716624305916431,33.68272267582074],[-3.70767582773453,33.693460849639024],[-3.703499871249643,33.70360245824518],[-3.701113610401136,33.70658528430581],[-3.692761697431362,33.7107612407907],[-3.685602914885842,33.72149941460898],[-3.681426958400954,33.72507880588174],[-3.673671610643307,33.72567537109387],[-3.661740306400773,33.72985132757876],[-3.651002132582492,33.73283415363939],[-3.648466730430953,33.73514584383637]]}},{"type":"Feature","properties":{"accuracy":"30000","activity_confidence":"1","average_dip":"(15,5,30)","average_rake":"","catalog_id":"NAF_18","catalog_name":"GEM_N_Africa","dip_dir":"NW","downthrown_side_dir":"SE","epistemic_quality":"1","exposure_quality":"2","fs_name":"","last_movement":"","name":"South Middle Atlas Frontal Thrust","net_slip_rate":"","notes":"Blind thrust and anticline. ","reference":"DEM","shortening_rate":"","slip_type":"Reverse","strike_slip_rate":"","vert_sep_rate":""},"geometry":{"type":"LineString","coordinates":[[-3.705886132098149,33.649091311987085],[-3.706780979916339,33.65446039889623],[-3.703947295158736,33.66161918144176],[-3.700517045189008,33.664900290108456],[-3.697385077825342,33.668777963987274],[-3.694402251764709,33.67235735526004],[-3.692761697431361,33.6759367465328],[-3.689033164855569,33.67981442041162],[-3.68560291488584,33.68339381168438],[-3.681576099703984,33.68428865950257],[-3.677251001916066,33.68756976816927],[-3.673522469340274,33.69219314856325],[-3.673522469340274,33.695175974623886],[-3.672478480219052,33.700395920229994],[-3.670390501976609,33.70382617019972],[-3.668004241128102,33.70651071365429],[-3.66606540418869,33.70934439841189],[-3.663977425946246,33.71352035489678],[-3.661143741188644,33.71516090923013],[-3.656818643400726,33.716652322260444],[-3.650256426067332,33.722021409169585],[-3.648168447824888,33.72530251783628],[-3.645334763067286,33.72813620259389],[-3.642053654400589,33.73111902865452],[-3.639667393552083,33.73305786559393],[-3.636386284885386,33.73663725686669],[-3.633701741430816,33.738725235109136],[-3.630868056673214,33.74126063726067],[-3.628034371915612,33.744243463321304],[-3.626393817582263,33.74677886547284],[-3.621024730673124,33.75378850671533],[-3.618936752430681,33.75885931101841],[-3.614164230733667,33.76512324574574],[-3.607602013400273,33.77079061526094],[-3.601338078672943,33.775264854351896],[-3.588213644006155,33.781528789079225],[-3.581353144066698,33.78630131077624],[-3.574194361521177,33.79256524550357],[-3.566140731157466,33.798530897624836],[-3.560771644248326,33.80419826714004],[-3.553911144308868,33.80322884867033],[-3.5479454921876,33.806659098640054],[-3.544962666126967,33.813295886624964],[-3.540488427036017,33.8195598213523],[-3.536014187945067,33.82671860389782],[-3.527065709763166,33.8341756690494],[-3.520503492429772,33.83715849511004],[-3.514537840308505,33.83835162553429],[-3.505887644732668,33.84193101680705]]}},{"type":"Feature","properties":{"accuracy":"60000","activity_confidence":"2","average_dip":"(10,5,30)","average_rake":"","catalog_id":"NAF_19","catalog_name":"GEM_N_Africa","dip_dir":"NW","downthrown_side_dir":"SE","epistemic_quality":"2","exposure_quality":"2","fs_name":"","last_movement":"","name":"","net_slip_rate":"","notes":"Possible blind thrust in basin.","reference":"DEM","shortening_rate":"","slip_type":"Reverse","strike_slip_rate":"","vert_sep_rate":""},"geometry":{"type":"LineString","coordinates":[[-3.626393817582265,33.68831547468441],[-3.628183513218645,33.680261844320704],[-3.629376643642899,33.674296192199435],[-3.632956034915659,33.66773397486604],[-3.641009665279369,33.65252156195681],[-3.647870165218827,33.64357308377491],[-3.65264268691584,33.63850227947183],[-3.658310056431044,33.62925551868387],[-3.665468838976565,33.62060532310803],[-3.669644795461452,33.61284997535038],[-3.672627621522085,33.608077453653365],[-3.675908730188783,33.60300664935029],[-3.681277817097923,33.59525130159265],[-3.683365795340366,33.58928564947138],[-3.686050338794936,33.584811410380425],[-3.688436599643444,33.58153030171373]]}},{"type":"Feature","properties":{"accuracy":"60000","activity_confidence":"2","average_dip":"","average_rake":"","catalog_id":"NAF_20","catalog_name":"GEM_N_Africa","dip_dir":"","downthrown_side_dir":"","epistemic_quality":"1","exposure_quality":"1","fs_name":"","last_movement":"","name":"Tsouaint-Arhal-Tamdafelt Anticline","net_slip_rate":"","notes":"","reference":"Laville et al., 2007 Int. J. Earth Sci., Pastor et al., 2015 Tectonophysics","shortening_rate":"","slip_type":"Anticline","strike_slip_rate":"","vert_sep_rate":""},"geometry":{"type":"LineString","coordinates":[[-4.31691805061894,33.20151826158901],[-4.312145528921927,33.213747848437606],[-4.30617987680066,33.22388945704376],[-4.30081078989152,33.231644804801405],[-4.290669181285365,33.24118984819543],[-4.286194942194415,33.24745378292276],[-4.277246464012514,33.25789367413498],[-4.269192833648804,33.263262761044125],[-4.251892442497128,33.269824978377514],[-4.241452551284911,33.27340436965028],[-4.231310942678757,33.27817689134729],[-4.218783073224096,33.277878608741226],[-4.207448334193688,33.27668547831697],[-4.19700844298147,33.27579063049878],[-4.18448057352681,33.27638719571091],[-4.169566443223641,33.2772820435291],[-4.160021399829614,33.27638719571091],[-4.143019291284003,33.277878608741226],[-4.124525769708074,33.27608891310485],[-4.111103052435223,33.27459750007453],[-4.103347704677576,33.27638719571091],[-4.094100943889612,33.28563395649888],[-4.086345596131965,33.29607384771109],[-4.080081661404634,33.30382919546874],[-4.070834900616671,33.31426908668096],[-4.058307031162009,33.32083130401435],[-4.039515226980018,33.32799008655987],[-4.031461596616307,33.33842997777209],[-4.022513118434406,33.34827330377218],[-4.014459488070695,33.36527541231779],[-4.009388683767618,33.37750499916639],[-4.005809292494858,33.38466378171191],[-3.995071118676577,33.399577912015076],[-3.985227792676486,33.41508860753037],[-3.977174162312776,33.431195868257795],[-3.972401640615762,33.44103919425788],[-3.958680640736848,33.45118080286404]]}},{"type":"Feature","properties":{"accuracy":"70000","activity_confidence":"2","average_dip":"(20,15,60)","average_rake":"(90,,)","catalog_id":"NAF_21","catalog_name":"GEM_N_Africa","dip_dir":"N","downthrown_side_dir":"S","epistemic_quality":"2","exposure_quality":"2","fs_name":"South Atlas Fault","last_movement":"1960","name":"Kasbah Thrust","net_slip_rate":"None","notes":"Some surface rupturing during the 1960 Agadir earthqake, which may or may not have been on a ramp of this fault at depth to the north.","reference":"1998 GSL","shortening_rate":"","slip_type":"Reverse","strike_slip_rate":"","vert_sep_rate":""},"geometry":{"type":"LineString","coordinates":[[-9.65436868791804,30.435654513134075],[-9.63820055881025,30.428774458194592],[-9.62925648738892,30.426710441712746],[-9.618936404979692,30.426022436218798],[-9.611024341799283,30.428086452700644],[-9.601048262137029,30.431526480170383],[-9.594856212691493,30.437030524121973],[-9.588320160498983,30.44150255983264],[-9.576968069848832,30.442190565326587],[-9.569056006668424,30.44322257356751],[-9.560799940741042,30.444254581808433],[-9.551167863825762,30.44150255983264],[-9.543255800645353,30.435654513134075],[-9.534311729224022,30.430838474676438],[-9.518831605610181,30.424302422483926],[-9.507823517707005,30.419486384026285],[-9.49612742430988,30.41501434831562],[-9.481679308936961,30.409854307111008],[-9.46791919905799,30.40847829612311],[-9.457943119395736,30.407790290629162],[-9.440742982047023,30.411230318098905],[-9.42835888315595,30.413638337327722],[-9.416662789758824,30.417078364797465],[-9.408750726578416,30.420174389520234],[-9.398086641422214,30.426022436218798],[-9.39051858098878,30.432214485664332],[-9.386046545278115,30.434966507640127]]}},{"type":"Feature","properties":{"accuracy":"50000","activity_confidence":"2","average_dip":"(20,15,50)","average_rake":"","catalog_id":"NAF_22","catalog_name":"GEM_N_Africa","dip_dir":"N","downthrown_side_dir":"S","epistemic_quality":"2","exposure_quality":"2","fs_name":"South Atlas Thrust","last_movement":"","name":"South Atlas Thrust","net_slip_rate":"","notes":"Blind?","reference":"Sebrier et al., 2006 Geodynamics","shortening_rate":"(0.1,,)","slip_type":"Reverse","strike_slip_rate":"","vert_sep_rate":""},"geometry":{"type":"LineString","coordinates":[[-9.512983558911618,30.49258696775831],[-9.50094346276752,30.49189896226436],[-9.489935374864343,30.49189896226436],[-9.481851310310448,30.491554959517387],[-9.463963167467785,30.489318941662056],[-9.455363098793429,30.485878914192313],[-9.446591028745585,30.482094883975595],[-9.43489493534846,30.4793428619998],[-9.418898807614157,30.47710684414447],[-9.409438732072365,30.477278845517954],[-9.40255867713288,30.47865485650585],[-9.39120658648273,30.477278845517954],[-9.380886504073501,30.476590840024006],[-9.369706414796838,30.476074835903546],[-9.359558333761097,30.477794849638418],[-9.35405428980951,30.483470894963492],[-9.354398292556484,30.488802937541596],[-9.347174234870025,30.497231004842465],[-9.343906208773769,30.502735048794055],[-9.340294179930538,30.515291149058616],[-9.337714159328232,30.52096719438369],[-9.329286092027361,30.528535254817125],[-9.319654015112082,30.533007290527788],[-9.304345892871728,30.536103315250557],[-9.298669847546654,30.538855337226355],[-9.294541814582962,30.545563390792353],[-9.290585782992759,30.553475453972762],[-9.284221732173734,30.5529594498523],[-9.278545686848659,30.552099442984865],[-9.267881601692457,30.55055143062348],[-9.25446549456046,30.551927441611376],[-9.24483341764518,30.5529594498523],[-9.237781361332209,30.5529594498523],[-9.224365254200212,30.554507462213685],[-9.21370116904401,30.552787448478814],[-9.204843098309421,30.554937465647413],[-9.195211021394142,30.55751748624972],[-9.187814962334196,30.559581502731564],[-9.182654921129583,30.561301516466436],[-9.17732287855148,30.565085546683154],[-9.171818834599893,30.57024558788777],[-9.162186757684614,30.57798564969469],[-9.15341468763677,30.580737671670484],[-9.144814618962414,30.581597678537918],[-9.135010540673647,30.58262968677884],[-9.129162493975084,30.58383369639325],[-9.121250430794676,30.588477733477404],[-9.112134357999858,30.594841784296428],[-9.103362287952015,30.600517829621502],[-9.091494193181402,30.605505869452628],[-9.081002109398687,30.608601894175397],[-9.070510025615972,30.614105938126983],[-9.058469929471872,30.618233971090675],[-9.046429833327773,30.62029798757252],[-9.027509682244188,30.621329995813444],[-9.013749572365219,30.620641990319495],[-8.992765404799789,30.61616995460883],[-8.972813245475281,30.60997790516329],[-8.960773149331182,30.607913888681445],[-8.946669036705238,30.607225883187496],[-8.934972943308113,30.607225883187496],[-8.916396794971503,30.606537877693548],[-8.911580756513862,30.60559187013938],[-8.902722685779274,30.60309785022382],[-8.894380619165148,30.60189384060941],[-8.886898559418459,30.60146383717569],[-8.879416499671768,30.601979841296153],[-8.87055842893718,30.602151842669638],[-8.858862335540055,30.603011849537076],[-8.851380275793366,30.604645862585205],[-8.845962232528521,30.60627987563332],[-8.833062129516986,30.60937590035609],[-8.827558085565398,30.61298792919932],[-8.821538037493347,30.618491973150906],[-8.810529949590173,30.621071993753215],[-8.801413876795353,30.62313601023506],[-8.795221827349817,30.628812055560136],[-8.782493725711769,30.62674803907829],[-8.770797632314645,30.620899992379726],[-8.764261580122133,30.620211986885774],[-8.752737488098495,30.61745996490998],[-8.740181387833934,30.61505194568116],[-8.732269324653526,30.616083953922082],[-8.720401229882913,30.614019937440236],[-8.702513087040252,30.617115962163005],[-8.69305301149846,30.617803967656954],[-8.682044923595283,30.62055598963275],[-8.673444854920927,30.623824015729003],[-8.661060756029853,30.62588803221085],[-8.645752633789499,30.631908080282898],[-8.636808562368168,30.636208114620075],[-8.627520488199863,30.63603611324659],[-8.617372407164122,30.635176106379152],[-8.607052324754894,30.635520109126126],[-8.603784298658638,30.639304139342844],[-8.590024188779669,30.637240122860998],[-8.575576073406749,30.63655211736705],[-8.558375936058036,30.637584125607972],[-8.534983749263786,30.63964814208982],[-8.511935565216511,30.641712158571664],[-8.497143447096617,30.65203224098089],[-8.490607394904105,30.659428300040833]]}},{"type":"Feature","properties":{"accuracy":"70000","activity_confidence":"2","average_dip":"(20,15,40)","average_rake":"","catalog_id":"NAF_23","catalog_name":"GEM_N_Africa","dip_dir":"N","downthrown_side_dir":"S","epistemic_quality":"2","exposure_quality":"2","fs_name":"South Atlas Thrust","last_movement":"","name":"South Atlas Thrust","net_slip_rate":"","notes":"No clear rupture but some possibilities. Also some evidence of folding/ blind thrusting into the basin.","reference":"Sebrier et al., 2006 Geodynamics","shortening_rate":"None","slip_type":"Reverse","strike_slip_rate":"","vert_sep_rate":""},"geometry":{"type":"LineString","coordinates":[[-8.623908459356631,30.68505650469043],[-8.603956300032124,30.691936559629916],[-8.587444168177358,30.696752598087556],[-8.57299605280444,30.705008664014937],[-8.551667882492035,30.716016751918115],[-8.534467745143322,30.733216889266828],[-8.517955613288558,30.749729021121592],[-8.499379464951947,30.753857054085284],[-8.4746112671698,30.757985087048972],[-8.461539162784778,30.761425114518715],[-8.456895125700624,30.763317129627065],[-8.453283096857396,30.764865141988448],[-8.444855029556527,30.765209144735422],[-8.43625496088217,30.76658515572332],[-8.423870861991096,30.765553147482397],[-8.419914830400892,30.764865141988448],[-8.409938750738638,30.76125311314522],[-8.404950710907512,30.7588450939164],[-8.399102664208948,30.756781077434553],[-8.388438579052746,30.753857054085273],[-8.376570484282135,30.75041702661553],[-8.369690429342649,30.748869014254144],[-8.36246637165619,30.7481810087602],[-8.354382307102295,30.747665004639735],[-8.349050264524193,30.746976999145787],[-8.341310202717272,30.745428986784404],[-8.33735417112707,30.745084984037437],[-8.33451614846453,30.744568979916977],[-8.328926103826198,30.744482979230234],[-8.325830079103431,30.744396978543488],[-8.316112001501406,30.743622972362793],[-8.305447916345203,30.739838942146076],[-8.29547183668295,30.73708692017028],[-8.286871768008593,30.73467890094146],[-8.277583693840288,30.733302889953563],[-8.265543597696189,30.73244288308613],[-8.256943529021832,30.729690861110335],[-8.249031465841425,30.727798846001978],[-8.239227387552658,30.725046824026183],[-8.231659327119225,30.723154808917823],[-8.222887257071381,30.721262793809466],[-8.21566319938492,30.72195079930343],[-8.207407133457538,30.717822766339737],[-8.20018307577108,30.713006727882096],[-8.193991026325541,30.709910703159327],[-8.180574919193546,30.70612667294261],[-8.170598839531293,30.70543866744866],[-8.161998770856936,30.70268664547287],[-8.153054699435604,30.699246618003126],[-8.140670600544532,30.692710565810614]]}},{"type":"Feature","properties":{"accuracy":"70000","activity_confidence":"2","average_dip":"(15,15,30)","average_rake":"","catalog_id":"NAF_24","catalog_name":"GEM_N_Africa","dip_dir":"S","downthrown_side_dir":"N","epistemic_quality":"2","exposure_quality":"1","fs_name":"North Atlas Thrust","last_movement":"","name":"","net_slip_rate":"","notes":"Spotted on DEM and Google Earth. ","reference":"DEM","shortening_rate":"","slip_type":"Reverse","strike_slip_rate":"","vert_sep_rate":""},"geometry":{"type":"LineString","coordinates":[[-8.937724965283898,31.26547513952276],[-8.926716877380722,31.26547513952276],[-8.917084800465442,31.264443131281837],[-8.906764718056214,31.261347106559068],[-8.900572668610677,31.26065910106512],[-8.890252586201449,31.261003103812094],[-8.88062050928617,31.261003103812094],[-8.873740454346684,31.26065910106512],[-8.864108377431405,31.258939087330248],[-8.86032434721469,31.258939087330248],[-8.851724278540331,31.259627092824196],[-8.84518822634782,31.257219073595376],[-8.83383613569767,31.25412304887261],[-8.826956080758185,31.250339018655893],[-8.816291995601983,31.24517897745128],[-8.809067937915524,31.240706941740612],[-8.803907896710909,31.23657890877692],[-8.798059850012347,31.23073086207836]]}},{"type":"Feature","properties":{"accuracy":"70000","activity_confidence":"2","average_dip":"(25,15,40)","average_rake":"","catalog_id":"NAF_25","catalog_name":"GEM_N_Africa","dip_dir":"S","downthrown_side_dir":"N","epistemic_quality":"2","exposure_quality":"2","fs_name":"North Atlas Fault","last_movement":"","name":"North Atlas Fault","net_slip_rate":"","notes":"Rangefront fault, mostly (some deformed rocks to north). No idea if it's active or where the trace is, mapped mostly from DEM.","reference":"Sebrier et al., 2006 Geodynamics","shortening_rate":"","slip_type":"Reverse","strike_slip_rate":"","vert_sep_rate":""},"geometry":{"type":"LineString","coordinates":[[-8.965073183668355,31.203038640946936],[-8.946497035331744,31.20217863407949],[-8.940992991380154,31.20286663957344],[-8.934972943308106,31.20217863407949],[-8.92809288836862,31.200286618971134],[-8.923620852657955,31.197878599742314],[-8.917428803212418,31.195814583260468],[-8.912784766128265,31.195298579140008],[-8.90779672629714,31.19461057364606],[-8.902464683719037,31.194094569525596],[-8.897992648008373,31.191858551670265],[-8.892144601309809,31.191686550296776],[-8.885436547743812,31.189278531067956],[-8.880964512033145,31.186870511839135],[-8.875460468081558,31.184634493983804],[-8.870988432370892,31.18308648162242],[-8.86514038567233,31.179990456899652],[-8.855336307383563,31.176894432176883],[-8.846736238709207,31.176722430803395],[-8.837792167287876,31.17706643355037],[-8.83039610822793,31.17637842805642],[-8.823000049167982,31.177754439044318],[-8.816807999722446,31.180162458273138],[-8.811475957144346,31.184118489863344],[-8.809239939289013,31.186870511839135],[-8.804939904951834,31.1913425475498],[-8.797027841771426,31.193750566778622],[-8.791179795072864,31.19512657776653],[-8.784987745627328,31.19925461073022],[-8.776731679699944,31.201318627212068],[-8.770195627507434,31.20303864094694],[-8.763659575314923,31.20613466566971],[-8.754715503893593,31.21060670138037],[-8.747147443460157,31.212670717862217],[-8.736139355556983,31.21439073159709],[-8.727883289629599,31.214734734344063],[-8.72065923194314,31.215766742584986],[-8.701395078112581,31.219894775548678],[-8.692107003944276,31.222990800271447],[-8.685570951751766,31.22574282224724],[-8.680066907800176,31.22952685246396],[-8.673530855607666,31.2329668799337],[-8.666822802041668,31.236062904656453],[-8.66080275396962,31.237782918391325],[-8.652546688042237,31.238814926632248],[-8.643774617994394,31.240018936246656],[-8.636378558934448,31.240018936246656],[-8.625370471031271,31.240878943114094],[-8.620382431200143,31.241394947234554],[-8.61401838038112,31.239158929379222],[-8.605246310333277,31.231074864825327],[-8.599398263634713,31.232278874439736],[-8.591314199080818,31.232106873066247],[-8.587702170237588,31.232106873066247],[-8.584434144141333,31.234686893668556],[-8.580478112551129,31.236578908776913],[-8.575834075466977,31.236750910150402],[-8.572222046623747,31.23692291152389],[-8.568610017780518,31.238986928005737],[-8.566201998551698,31.242942959595943],[-8.559837947732674,31.244662973330815],[-8.555537913395495,31.246554988439172],[-8.553301895540162,31.250683021402864],[-8.55054987356437,31.254123048872607],[-8.5474538488416,31.256187065354453],[-8.544185822745344,31.257219073595373],[-8.53850977742027,31.257563076342347],[-8.533865740336116,31.256703069474913],[-8.529049701878478,31.255499059860504],[-8.526125678529196,31.25257503651122],[-8.522169646938991,31.254123048872607],[-8.518213615348788,31.255327058487016],[-8.514257583758583,31.25635906672794],[-8.507549530192588,31.253779046125636],[-8.499293464265206,31.251371026896816],[-8.491037398337822,31.244146969210355],[-8.481405321422542,31.241394947234564],[-8.472117247254237,31.239674933499693],[-8.462829173085932,31.238986928005744],[-8.451821085182756,31.23795491976482],[-8.443565019255374,31.237610917017847],[-8.433932942340094,31.236578908776924],[-8.427396890147584,31.23933093075272],[-8.417764813232305,31.242082952728513],[-8.408476739064,31.244834974704304],[-8.400564675883592,31.244834974704304],[-8.389556587980415,31.244146969210355],[-8.380956519306059,31.242426955475487],[-8.372700453378677,31.234858895042052],[-8.366164401186165,31.22901084834349],[-8.356532324270885,31.229354851090463],[-8.348276258343503,31.231074864825334],[-8.337268170440327,31.231074864825334],[-8.324196066055304,31.228666845596514],[-8.31318797815213,31.22832284284954],[-8.297707854538286,31.2248828153798],[-8.285667758394187,31.22006677692216],[-8.269155626539423,31.21525073846452],[-8.255739519407426,31.213186721982673],[-8.24713945073307,31.20871468627201],[-8.235787360082918,31.204242650561344],[-8.225123274926716,31.198738606609755],[-8.216179203505385,31.197362595621858],[-8.205859121096157,31.197362595621858],[-8.190378997482316,31.19839460386278],[-8.184186948036778,31.201834631332524],[-8.174554871121499,31.205274658802267],[-8.162858777724374,31.20871468627201],[-8.145314637628687,31.210778702753856],[-8.127770497533,31.21112270550083],[-8.11813842061772,31.213530724729647],[-8.112290373919159,31.213702726103126],[-8.105754321726648,31.21181071099477],[-8.095950243437882,31.209746694512923],[-8.085974163775628,31.20940269176595],[-8.074622073125477,31.206994672537128],[-8.063097981101839,31.207682678031077],[-8.052949900066098,31.210090697259897],[-8.040909803921998,31.217830759066818],[-8.032137733874155,31.22247479615097],[-8.024913676187696,31.22660282911466],[-8.019065629489134,31.23038685933138],[-8.013389584164058,31.23520289778902],[-7.99171741110468,31.246210985692187],[-7.970389240792276,31.256531068101413],[-7.960069158383048,31.27717123291987],[-7.944245032022232,31.288179320823048],[-7.92154085072193,31.298499403232274],[-7.904340713373217,31.308131480147555],[-7.885764565036607,31.317075551568884],[-7.865812405712099,31.325331617496268],[-7.845860246387592,31.33221167243575],[-7.816964015641754,31.344595771326826],[-7.781875735450379,31.36661194713318],[-7.761235570631923,31.382436073493995],[-7.743691430536235,31.409268287757996],[-7.727179298681471,31.42096438115512],[-7.723051265717779,31.429220447082503],[-7.720987249235934,31.447108589925165],[-7.726491293187522,31.46293271628598],[-7.723739271211728,31.48150886462259],[-7.71823522726014,31.498709001971303],[-7.709979161332758,31.504213045922892],[-7.701723095405375,31.50971708987448],[-7.691403012996147,31.525541216235297],[-7.683146947068765,31.535861298644523],[-7.672826864659537,31.544117364571907],[-7.65769074379267,31.56200550741457],[-7.650122683359236,31.577141628281435],[-7.646682655889493,31.588837721678562],[-7.63911459545606,31.590901738160404],[-7.632750544637036,31.595029771124096],[-7.629310517167293,31.596577783485483],[-7.62466648008314,31.596405782111994],[-7.620366445745962,31.59846979859384],[-7.618302429264117,31.600017810955222],[-7.613142388059503,31.604145843918914],[-7.606262333120017,31.6056938562803],[-7.600586287794941,31.604661848039378],[-7.596114252084276,31.602253828810557],[-7.590782209506175,31.601221820569634],[-7.580634128470434,31.599845809581737],[-7.565842010350541,31.600533815075686],[-7.558617952664082,31.602769832931017],[-7.552941907339006,31.608101875509117],[-7.549845882616238,31.611369901605375],[-7.546233853773009,31.611197900231886],[-7.540385807074446,31.612573911219783],[-7.535913771363781,31.618077955171373],[-7.528345710930347,31.624270004616907],[-7.523873675219681,31.629086043074548],[-7.516993620280196,31.631494062303368],[-7.508737554352814,31.63321407603824],[-7.498761474690561,31.635278092520085],[-7.490505408763178,31.636654103507983],[-7.48018532635395,31.638374117242854],[-7.4688332357038,31.640094130977726],[-7.458169150547597,31.643534158447466],[-7.449225079126267,31.646630183170235],[-7.440625010451909,31.64938220514603],[-7.43099293353663,31.652478229868798],[-7.422392864862274,31.65488624909762],[-7.416888820910685,31.65729426832644],[-7.409664763224227,31.658498277940847],[-7.397796668453615,31.661766304037105],[-7.390228608020181,31.663142315025],[-7.382316544839773,31.66486232875987],[-7.374748484406339,31.667098346615205],[-7.368212432213828,31.668646358976588],[-7.359956366286446,31.671226379578897],[-7.352388305853012,31.67346239743423],[-7.346540259154449,31.674666407048637],[-7.339488202841477,31.67569841528956],[-7.335532171251273,31.67759043039792],[-7.326588099829943,31.681890464735098],[-7.320052047637431,31.684642486710892],[-7.315580011926766,31.685502493578326],[-7.310419970722152,31.689802527915507],[-7.303367914409179,31.69444656499966],[-7.296487859469694,31.697026585601964],[-7.285651772940003,31.702186626806583],[-7.272579668554982,31.7059706570233],[-7.265183609495035,31.708722678999095],[-7.256239538073704,31.7113026996014],[-7.249187481760732,31.71199070509535],[-7.246607461158424,31.712850711962787],[-7.238007392484068,31.716634742179505],[-7.232675349905967,31.718354755914376],[-7.222527268870226,31.720246771022733],[-7.212895191954947,31.72231078750458],[-7.205843135641975,31.722482788878064],[-7.195695054606234,31.723170794372013],[-7.186406980437931,31.724546805359907],[-7.173678878799882,31.724546805359907],[-7.159574766173938,31.72385879986596],[-7.14684666453589,31.724546805359907],[-7.132742551909946,31.72626681909478],[-7.12104645851282,31.729362843817547],[-7.114510406320309,31.73280287128729],[-7.106942345886876,31.73865091798585],[-7.096622263477648,31.742778950949543],[-7.091462222273034,31.74587497567231],[-7.078734120634986,31.748282994901132],[-7.061877986033247,31.74484296743139],[-7.051557903624019,31.745530972925337],[-7.040893818467817,31.74965900588903],[-7.034357766275306,31.75516304984062],[-7.03057373605859,31.761699102033127]]}},{"type":"Feature","properties":{"accuracy":"70000","activity_confidence":"2","average_dip":"(15,10,30)","average_rake":"","catalog_id":"NAF_26","catalog_name":"GEM_N_Africa","dip_dir":"S","downthrown_side_dir":"N","epistemic_quality":"2","exposure_quality":"2","fs_name":"North Atlas Fault","last_movement":"","name":"","net_slip_rate":"","notes":"Front of uplifted fan basinward of the North Atlas Fault.  Looks more active than rangefront fault but this is a tricky orogen.","reference":"DEM","shortening_rate":"","slip_type":"Reverse","strike_slip_rate":"","vert_sep_rate":""},"geometry":{"type":"LineString","coordinates":[[-8.457153127760863,31.310023495255933],[-8.452681092050197,31.31380752547265],[-8.448553059086507,31.318967566677266],[-8.444425026122815,31.322751596893983],[-8.43995299041215,31.3265356271107],[-8.436168960195433,31.329287649086492],[-8.430320913496871,31.33238367380926],[-8.427224888774102,31.337543715013876],[-8.426880886027128,31.347175791929157],[-8.42791289426805,31.366439945759716],[-8.42309685581041,31.376760028168942],[-8.414496787136054,31.38467209134935],[-8.40692872670262,31.39052013804791],[-8.396608644293392,31.39843220122832],[-8.391104600341805,31.404968253420833],[-8.387664572872062,31.408408280890573],[-8.380784517932577,31.410128294625444],[-8.374248465740065,31.41047229737242],[-8.357048328391352,31.411160302866367],[-8.346040240488175,31.413912324842162],[-8.33916018554869,31.418728363299802],[-8.334688149838025,31.42836044021508],[-8.330560116874334,31.43386448416667],[-8.323680061934848,31.441432544600104],[-8.318520020730235,31.447280591298664],[-8.306479924586135,31.450720618768408],[-8.29306381745414,31.45244063250328],[-8.282399732297938,31.454504648985125],[-8.272423652635684,31.457600673707894],[-8.265199594949223,31.45966469018974],[-8.259695550997636,31.46207270941856],[-8.253159498805125,31.465856739635278],[-8.247655454853536,31.46860876161107],[-8.242151410901949,31.471704786333838],[-8.23595936145641,31.473768802815684],[-8.2294233092639,31.476864827538453],[-8.226671287288106,31.47824083852635],[-8.219791232348623,31.48133686324912],[-8.214803192517497,31.48185286736958],[-8.207235132084064,31.483228878357476],[-8.198807064783193,31.48649690445373],[-8.193991026325554,31.489248926429525],[-8.188142979626992,31.49148494428486],[-8.182982938422377,31.493032956646243],[-8.175930882109405,31.496988988236446],[-8.169738832663867,31.5016330253206],[-8.157526735146282,31.5069650678987],[-8.151506687074232,31.512641113223776],[-8.148238660977977,31.517113148934442],[-8.145142636255208,31.521241181898134],[-8.139810593677106,31.524681209367873],[-8.135166556592955,31.52984125057249],[-8.127426494786034,31.53448528765664],[-8.12037443847306,31.53981733023474],[-8.113494383533576,31.54463336869238],[-8.106958331341064,31.54463336869238],[-8.098014259919733,31.548073396162124],[-8.09285421871512,31.550481415390944],[-8.085974163775633,31.552889434619765],[-8.075310078619433,31.555985459342534],[-8.067054012692049,31.555985459342534],[-8.058453944017693,31.55667346483648]]}},{"type":"Feature","properties":{"accuracy":"100000","activity_confidence":"2","average_dip":"(15,5,30)","average_rake":"","catalog_id":"NAF_27","catalog_name":"GEM_N_Africa","dip_dir":"S","downthrown_side_dir":"N","epistemic_quality":"2","exposure_quality":"1","fs_name":"North Atlas Fault","last_movement":"","name":"North Atlas Fault","net_slip_rate":"","notes":"Strange triangular bedrock salient at North Atlas rangefront. Possibly a nappe.","reference":"DEM","shortening_rate":"","slip_type":"Reverse","strike_slip_rate":"","vert_sep_rate":""},"geometry":{"type":"LineString","coordinates":[[-8.112806378039627,31.22436681125933],[-8.108678345075937,31.236062904656457],[-8.103174301124348,31.245006976077786],[-8.101110284642502,31.255327058487016],[-8.099046268160658,31.264271129908344],[-8.094918235196966,31.273215201329677],[-8.090790202233276,31.283535283738903],[-8.08872618575143,31.29041533867839],[-8.083910147293789,31.300735421087616],[-8.077030092354304,31.307615476027102],[-8.069462031920871,31.31380752547264],[-8.062581976981384,31.32275159689397],[-8.057077933029797,31.330319657327404],[-8.052949900066105,31.33651170677294],[-8.048821867102415,31.343391761712425],[-8.043317823150826,31.35095982214586],[-8.035061757223444,31.360591899061138],[-8.02749369679001,31.36540793751878],[-8.019925636356577,31.367471954000624],[-8.009605553947349,31.366783948506676],[-8.001349488019967,31.36403192653088],[-7.99034140011679,31.361279904555087],[-7.977269295731768,31.355775860603497],[-7.969701235298334,31.352335833133758],[-7.962821180358849,31.348895805664014],[-7.954565114431467,31.344767772700322],[-7.947685059491981,31.342015750724528],[-7.940116999058548,31.337887717760836],[-7.933236944119062,31.335135695785045],[-7.921540850721938,31.331007662821353],[-7.914660795782452,31.32687962985766],[-7.908468746336915,31.324815613375815],[-7.903652707879275,31.32206359140002],[-7.898836669421636,31.319311569424226],[-7.894708636457945,31.318623563930277]]}},{"type":"Feature","properties":{"accuracy":"70000","activity_confidence":"1","average_dip":"(80,55,90)","average_rake":"","catalog_id":"NAF_28","catalog_name":"GEM_N_Africa","dip_dir":"N","downthrown_side_dir":"S","epistemic_quality":"2","exposure_quality":"2","fs_name":"Nekor Fault","last_movement":"","name":"Nekor Fault","net_slip_rate":"(1., 0.1, 2.)","notes":"sinistral-normal in NE, sinistral-reverse in SW","reference":"Poujol et al., 2014 J. Geodynamics","shortening_rate":"","slip_type":"Sinistral","strike_slip_rate":"","vert_sep_rate":""},"geometry":{"type":"LineString","coordinates":[[-3.815825065240735,34.93572644767792],[-3.825801144902989,34.92815838724449],[-3.831821192975038,34.922998346039876],[-3.844205291866112,34.918182307582235],[-3.851601350926058,34.91474228011249],[-3.863641447070158,34.90631421281162],[-3.872585518491489,34.9013261729805],[-3.88926965171974,34.8930701070531],[-3.902685758851737,34.877933986186235],[-3.920573901694398,34.85385379389803],[-3.942590077500751,34.83802966753722],[-3.959962216222952,34.8289135947424],[-3.978366363186076,34.81842151095969],[-3.991266466197611,34.81274546563461],[-4.00089854311289,34.806553416189075],[-4.019818694196474,34.79709334064729],[-4.034438810942881,34.789353278840366],[-4.048542923568825,34.78178521840693],[-4.072623115857025,34.76561708929912],[-4.091543266940609,34.745664929974616],[-4.118719483951575,34.722616745927354],[-4.157247791612693,34.70335259209679],[-4.193024077298016,34.68133641629044],[-4.221920308043854,34.669640322893315],[-4.244624489344156,34.658632234990144],[-4.269392687126303,34.65175218005066],[-4.314113044232957,34.63042400973825],[-4.348513318930383,34.61459988337744],[-4.382913593627809,34.600839773498464],[-4.415593854590365,34.60290378998029],[-4.448962121046868,34.59636773778778],[-4.469602285865324,34.59189570207711],[-4.486458420467063,34.59051969108921],[-4.509506604514338,34.58742366636645],[-4.542530868223868,34.58845567460737],[-4.563171033042324,34.5922397048241],[-4.581747181378934,34.590863693836205],[-4.597915310486725,34.587079663619484],[-4.618211472558206,34.58811167186041],[-4.652611747255632,34.591207696583176],[-4.69595609337439,34.58983168559528],[-4.711092214241257,34.59086369383621],[-4.738956436746173,34.59705574328174],[-4.756156574094886,34.600839773498464],[-4.769916683973856,34.60462380371518],[-4.785052804840724,34.60875183667887],[-4.813949035586562,34.61287986964256],[-4.835965211392915,34.6176959081002],[-4.855229365223474,34.620447930076],[-4.87346151081311,34.62457596303969],[-4.892381661896694,34.627671987762454],[-4.908549791004485,34.633176031714044],[-4.965998249749187,34.651752180050664]]}},{"type":"Feature","properties":{"accuracy":"70000","activity_confidence":"1","average_dip":"(35,15,70)","average_rake":"","catalog_id":"NAF_29","catalog_name":"GEM_N_Africa","dip_dir":"N","downthrown_side_dir":"S","epistemic_quality":"2","exposure_quality":"2","fs_name":"Fez Fault","last_movement":"","name":"Fez Fault","net_slip_rate":"(1., 0.1, 2.)","notes":"Signs of active deformation and GPS gradient at approx. location of frontal thrust of the Rif belt. The Rif structures look very thin-skinned, however, some of the structures observed in the DEM look to be strike-slip. Things are unclear.","reference":"DEM, drawn approx. on many maps","shortening_rate":"","slip_type":"Reverse-Sinistral","strike_slip_rate":"","vert_sep_rate":""},"geometry":{"type":"LineString","coordinates":[[-5.757892573283941,34.18734847163542],[-5.764772628223427,34.177716394720136],[-5.775092710632654,34.16946032879275],[-5.784724787547933,34.15707622990168],[-5.788164815017677,34.14469213101061],[-5.789540826005574,34.125427977180046],[-5.79091683699347,34.11166786730108],[-5.79091683699347,34.09584374094026],[-5.788852820511625,34.08483565303709],[-5.788164815017677,34.071075543158116],[-5.780596754584242,34.05937944976099],[-5.773028694150809,34.04837136185781],[-5.767524650199221,34.04217931241228],[-5.753076534826302,34.0311712245091],[-5.741380441429176,34.02566718055751],[-5.731748364513897,34.02085114209987],[-5.720740276610721,34.018787125618026],[-5.712484210683338,34.01534709814828],[-5.701476122780162,34.01190707067854],[-5.695972078828574,34.00984305419669],[-5.684275985431449,34.0070910322209],[-5.671547883793401,34.00537101848603],[-5.661571804131148,34.00846704320881],[-5.649875710734023,34.010531059690656],[-5.638179617336897,34.011219065184605],[-5.625107512951875,34.0125950761725],[-5.615131433289623,34.01225107342551],[-5.605499356374342,34.01293907891946],[-5.594835271218141,34.01225107342551],[-5.587955216278655,34.01225107342551],[-5.584859191555887,34.01190707067853],[-5.577635133869427,34.01053105969064],[-5.575571117387582,34.00984305419669],[-5.570755078929943,34.008467043208796],[-5.564219026737431,34.0070910322209],[-5.556994969050971,34.00777903771485],[-5.55286693608728,34.00777903771485],[-5.54633088389477,34.00777903771485],[-5.53910682620831,34.00605902397997],[-5.532914776762773,34.004683012992075],[-5.52706673006421,34.003651004751156],[-5.521218683365649,34.00261899651023],[-5.514682631173137,34.00055498002838],[-5.508834584474575,33.99642694706469],[-5.505394557004832,33.99573894157074],[-5.496106482836527,33.99195491135403],[-5.485786400427299,33.98197883169178],[-5.479250348234788,33.973034760270444],[-5.470306276813457,33.9695947328007],[-5.457234172428436,33.96581070258399],[-5.447946098260131,33.96443469159609],[-5.442786057055517,33.962714677861214],[-5.423521903224957,33.95927465039149],[-5.411825809827832,33.96202667236729],[-5.400129716430707,33.96133866687334],[-5.383617584575942,33.963402683355184],[-5.369857474696972,33.96821872181282],[-5.354721353830104,33.96684271082492],[-5.338897227469288,33.96684271082492],[-5.32376110660242,33.968906727306766],[-5.31000099672345,33.974410771258356],[-5.301056925302119,33.98129082619784],[-5.295552881350531,33.99711495255866],[-5.288672826411045,34.01500309540132],[-5.27284870005023,34.021883150340805],[-5.259776595665207,34.026699188798446],[-5.246016485786237,34.03013921626819],[-5.238104422605831,34.033923246484896],[-5.228472345690552,34.03701927120767],[-5.217808260534349,34.04114730417135],[-5.210928205594864,34.045275337135045],[-5.198200103956816,34.04802735911084],[-5.183063983089949,34.05181138932756],[-5.171711892439798,34.05765943602612],[-5.161047807283596,34.06006745525494],[-5.150727724874368,34.062131471736784],[-5.14281566169396,34.06350748272468],[-5.126303529839196,34.06419548821863],[-5.113919430948122,34.065227496459556],[-5.089151233165975,34.069355529423255],[-5.064383035383828,34.072795556893],[-5.04924691451696,34.07348356238695],[-5.028606749698504,34.074171567880896],[-4.994206475001078,34.07829960084459],[-4.977694343146313,34.07829960084459],[-4.970298284086367,34.07829960084459],[-4.961354212665035,34.0781275994711],[-4.953442149484627,34.07847160221808]]}},{"type":"Feature","properties":{"accuracy":"70000","activity_confidence":"2","average_dip":"(70,30,90)","average_rake":"","catalog_id":"NAF_30","catalog_name":"GEM_N_Africa","dip_dir":"N","downthrown_side_dir":"S","epistemic_quality":"2","exposure_quality":"2","fs_name":"Rif Thrust","last_movement":"","name":"","net_slip_rate":"","notes":"Possible trace observed by linking geomorphic features on DEM. Essentially at the southern Rif thrust front, but may not be reactivating old thrust. Some GPS velocity gradient. City of Fez is at western end, should be a primary target of field investigation.","reference":"DEM","shortening_rate":"","slip_type":"Sinistral-Reverse","strike_slip_rate":"","vert_sep_rate":""},"geometry":{"type":"LineString","coordinates":[[-4.526276738429328,34.140908100793894],[-4.509420603827588,34.145036133757586],[-4.496348499442567,34.149508169468255],[-4.486372419780314,34.152948196938],[-4.472612309901344,34.156388224407735],[-4.463668238480013,34.15776423539563],[-4.452316147829862,34.160172254624456],[-4.439932048938789,34.16258027385327],[-4.427203947300741,34.165676298576045],[-4.418947881373359,34.16808431780486],[-4.40690778522926,34.17066433840718],[-4.399339724795826,34.17014833428672],[-4.392459669856342,34.17014833428672],[-4.386611623157779,34.17118034252764],[-4.380075570965268,34.17255635351554],[-4.372679511905321,34.17479237137087],[-4.368895481688605,34.17513637411785],[-4.360639415761223,34.17599638098528],[-4.355823377303583,34.17634038373225],[-4.350835337472456,34.17788839609364],[-4.34705130725574,34.179780411201996],[-4.341719264677638,34.18167242631036],[-4.334839209738154,34.183048437298254],[-4.326239141063797,34.184252446912666],[-4.316779065522005,34.186488464768],[-4.310587016076468,34.18803647712938],[-4.306114980365803,34.189068485370306],[-4.298030915811908,34.18941248811728],[-4.283066796318528,34.191648505972616],[-4.262770634247047,34.19938856777953],[-4.24694650788623,34.20489261173112],[-4.234562408995157,34.207988636453884],[-4.222522312851059,34.20970865018876],[-4.204634170008397,34.21383668315245],[-4.18468201068389,34.21521269414035],[-4.159053806034309,34.216244702381275],[-4.139445649456776,34.21521269414035],[-4.11467745167463,34.21693270787522],[-4.106421385747248,34.21934072710404],[-4.079589171483256,34.22725279028445],[-4.056884990182954,34.23482085071789],[-4.014228649558147,34.252708993560546],[-3.986020424306258,34.27541317486085],[-3.962628237512008,34.28366924078823],[-3.939580053464733,34.29123730122166],[-3.932871999898735,34.29794535478765],[-3.920315899634174,34.30276139324529],[-3.914639854309099,34.305513415221085],[-3.90019173893618,34.31222146878709],[-3.88883964828603,34.31531749350985],[-3.87507953840706,34.31841351823262]]}},{"type":"Feature","properties":{"accuracy":"60000","activity_confidence":"2","average_dip":"(90.0,,)","average_rake":"","catalog_id":"NAF_31","catalog_name":"GEM_N_Africa","dip_dir":"","downthrown_side_dir":"","epistemic_quality":"2","exposure_quality":"1","fs_name":"Sanhaja Fault","last_movement":"","name":"Sanhaja Fault","net_slip_rate":"","notes":"Very well expressed lineament in DEM; worth investigation","reference":"DEM","shortening_rate":"","slip_type":"Sinistral","strike_slip_rate":"(0.1, 0., 0.5)","vert_sep_rate":""},"geometry":{"type":"LineString","coordinates":[[-4.626897541919297,34.03203123137655],[-4.630509570762527,34.026355186051475],[-4.633261592738321,34.021195144846864],[-4.640657651798268,34.010187056943685],[-4.644441682014985,34.00261899651026],[-4.65372975618329,33.99350292371544],[-4.658029790520468,33.98559086053503],[-4.661641819363697,33.97836680284857],[-4.66508184683344,33.97355076439093],[-4.668521874303182,33.96770271769237],[-4.670757892158515,33.96357468472868],[-4.673681915507796,33.9592746503915],[-4.676949941604052,33.95377060643991],[-4.682281984182152,33.94775055836786],[-4.695354088567174,33.93725847458514],[-4.708426192952196,33.93037841964566],[-4.726314335794857,33.9231543619592],[-4.733538393481317,33.914554293284844],[-4.738010429191982,33.908706246586284],[-4.74351447314357,33.90217019439377],[-4.74833051160121,33.89632214769521],[-4.750394528083056,33.891850111984546],[-4.755210566540695,33.88565806253901],[-4.763552633154821,33.876025985623734],[-4.76811066955223,33.87172595128656],[-4.77172269839546,33.86699591351566],[-4.773528712817074,33.862781879865224],[-4.777484744407279,33.853235803636686],[-4.780924771877022,33.84687175281766],[-4.782988788358868,33.841539710239566],[-4.786084813081636,33.83620766766146],[-4.790212846045327,33.82519957975829],[-4.802768946309887,33.79647535038593],[-4.805864971032655,33.79097130643435],[-4.812057020478191,33.783403246000915],[-4.826161133104136,33.76207507568851],[-4.83132117430875,33.74934697405046],[-4.839921242983106,33.73937089438821],[-4.845081284187719,33.72956681609944],[-4.850069324018846,33.72440677489483],[-4.855917370717408,33.71804272407581],[-4.860733409175047,33.7115066718833],[-4.865893450379661,33.704282614196835],[-4.86778546548802,33.69602654826945],[-4.875869530041915,33.67985841916166],[-4.881545575366991,33.66816232576454],[-4.887221620692066,33.65749824060834],[-4.89238166189668,33.64649015270516],[-4.901669736064984,33.62825800711553],[-4.908893793751444,33.61621791097143],[-4.925749928353182,33.602113798345485],[-4.935038002521487,33.585945669237695],[-4.941574054713998,33.570465545623854],[-4.946734095918612,33.55739344123883],[-4.949142115147431,33.549481378058424],[-4.950346124761841,33.54535334509473],[-4.952582142617174,33.54010730320338]]}},{"type":"Feature","properties":{"accuracy":"60000","activity_confidence":"1","average_dip":"(20,10,40)","average_rake":"","catalog_id":"NAF_32","catalog_name":"GEM_N_Africa","dip_dir":"N","downthrown_side_dir":"S","epistemic_quality":"2","exposure_quality":"2","fs_name":"","last_movement":"","name":"","net_slip_rate":"","notes":"","reference":"DEM","shortening_rate":"(0.1, 0.01, 0.2)","slip_type":"Reverse","strike_slip_rate":"","vert_sep_rate":""},"geometry":{"type":"LineString","coordinates":[[-2.674251949406634,34.94983056030392],[-2.651203765359358,34.9525825822797],[-2.643635704925924,34.9525825822797],[-2.632971619769722,34.951894576785755],[-2.621275526372597,34.95155057403878],[-2.611987452204292,34.95430259601457],[-2.601667369795064,34.95636661249642],[-2.589627273650965,34.957054617990366],[-2.578275183000814,34.95808662623129],[-2.564859075868818,34.95946263721919],[-2.551442968736822,34.96359067018288],[-2.536994853363903,34.967718703146566],[-2.528394784689546,34.97012672237539],[-2.519794716015189,34.97081472786934],[-2.51016263909991,34.97253474160421],[-2.499154551196733,34.97425475533908],[-2.488834468787505,34.97528676358],[-2.477138375390381,34.97563076632698],[-2.462346257270487,34.97631877182093],[-2.453058183102182,34.978382788302774],[-2.44239409794598,34.98010280203764],[-2.430698004548856,34.982510821266466],[-2.412809861706194,34.98629485148318],[-2.394233713369583,34.99351890916964],[-2.38425763370733,34.999710958615175],[-2.372561540310205,35.005215002566764],[-2.364305474382823,35.00899903278348],[-2.345385323299238,35.01347106849415],[-2.336785254624882,35.015535084975994]]}},{"type":"Feature","properties":{"accuracy":"60000","activity_confidence":"2","average_dip":"(20,10,30)","average_rake":"","catalog_id":"NAF_33","catalog_name":"GEM_N_Africa","dip_dir":"N","downthrown_side_dir":"S","epistemic_quality":"2","exposure_quality":"2","fs_name":"","last_movement":"","name":"","net_slip_rate":"","notes":"","reference":"DEM","shortening_rate":"(0.1, 0., 0.2)","slip_type":"Reverse","strike_slip_rate":"","vert_sep_rate":""},"geometry":{"type":"LineString","coordinates":[[-2.356737413949389,35.02241513991548],[-2.349513356262929,35.025511164638246],[-2.342633301323444,35.026199170132195],[-2.336097249130933,35.025511164638246],[-2.330249202432371,35.025167161891275],[-2.317521100794323,35.0234471481564],[-2.312361059589709,35.02413515365035],[-2.305481004650224,35.02447915639733],[-2.298944952457712,35.025511164638246],[-2.292408900265201,35.025167161891275],[-2.282776823349922,35.02379115090338],[-2.272456740940694,35.02413515365035],[-2.259040633808698,35.02275914266245],[-2.250784567881316,35.02379115090338],[-2.243216507447882,35.025167161891275],[-2.234960441520499,35.026199170132195],[-2.22532836460522,35.02688717562614],[-2.217760304171787,35.02688717562614],[-2.210536246485327,35.025855167385224],[-2.206064210774661,35.0248231591443],[-2.200216164076099,35.02413515365035]]}},{"type":"Feature","properties":{"accuracy":"150000","activity_confidence":"1","average_dip":"(32,25,40)","average_rake":"","catalog_id":"NAF_34","catalog_name":"GEM_N_Africa","dip_dir":"N","downthrown_side_dir":"S","epistemic_quality":"1","exposure_quality":"2","fs_name":"","last_movement":"1999","name":"","net_slip_rate":"","notes":"Hosted the 1999 Ain Temouchent earthquake; good InSAR study.","reference":"Belabbes et al., 2009 J. Seismol","shortening_rate":"(0.1, 0.01, 0.2)","slip_type":"Reverse","strike_slip_rate":"","vert_sep_rate":""},"geometry":{"type":"LineString","coordinates":[[-1.399721771866988,35.075047560202556],[-1.381145623530378,35.0798635986602],[-1.363945486181664,35.08811966458758],[-1.352249392784539,35.095687725021016],[-1.338489282905569,35.1039437909484],[-1.330233216978187,35.11082384588788],[-1.319913134568959,35.117703900827365],[-1.299960975244451,35.1266479722487],[-1.28207283240179,35.138344065645825],[-1.275880782956253,35.143848109597414],[-1.266936711534922,35.149352153548996],[-1.251112585174106,35.15692021398243],[-1.24010449727093,35.16311226342797],[-1.222904359922216,35.1720563348493],[-1.205704222573503,35.17756037880089],[-1.192632118188481,35.18444043374038],[-1.179560013803459,35.19132048867986],[-1.167175914912386,35.197512538125395],[-1.160983865466849,35.20439259306488],[-1.157543837997106,35.207144615040676]]}},{"type":"Feature","properties":{"accuracy":"200000","activity_confidence":"1","average_dip":"","average_rake":"","catalog_id":"NAF_35","catalog_name":"GEM_N_Africa","dip_dir":"","downthrown_side_dir":"","epistemic_quality":"1","exposure_quality":"1","fs_name":"","last_movement":"","name":"Oran Anticline","net_slip_rate":"","notes":"","reference":"DEM","shortening_rate":"","slip_type":"Anticline","strike_slip_rate":"","vert_sep_rate":""},"geometry":{"type":"LineString","coordinates":[[-1.239760494523956,35.48200280987311],[-1.191600109947559,35.50539499666736],[-1.153071802286441,35.52190712852212],[-1.095279340794765,35.54254729334058],[-1.051246989182059,35.56043543618324],[-1.003086604605662,35.578323579025906],[-0.975566384847721,35.594835710880666],[-0.92465397829553,35.61822789767492],[-0.891629714586001,35.63886806249337],[-0.86410949482806,35.64987615039655],[-0.824205176179045,35.669140304227106],[-0.79393293444531,35.685652436081874],[-0.730636429002046,35.70354057892454],[-0.666651918064833,35.73518883164617],[-0.631563637873458,35.75376497998278],[-0.598539374163929,35.78059719424677],[-0.507722648962723,35.82256552937763],[-0.478826418216885,35.83907766123239],[-0.440298110555768,35.85834181506295],[-0.408649857834135,35.872101924941916],[-0.370121550173018,35.89136607877248],[-0.348105374366665,35.90650219963934],[-0.330217231524003,35.920262309518314],[-0.309577066705547,35.93677444137308],[-0.279304824971812,35.95466258421574],[-0.266920726080739,35.96291865014312]]}},{"type":"Feature","properties":{"accuracy":"150000","activity_confidence":"1","average_dip":"","average_rake":"","catalog_id":"NAF_36","catalog_name":"GEM_N_Africa","dip_dir":"","downthrown_side_dir":"","epistemic_quality":"0","exposure_quality":"0","fs_name":"","last_movement":"","name":"","net_slip_rate":"","notes":"","reference":"","shortening_rate":"","slip_type":"Anticline","strike_slip_rate":"","vert_sep_rate":""},"geometry":{"type":"LineString","coordinates":[[-0.569901145478321,35.58124760237518],[-0.552701008129608,35.59225569027836],[-0.532748848805101,35.60188776719364],[-0.512108683986645,35.61083183861497],[-0.492844530156086,35.6170238880605],[-0.481148436758961,35.619775910036296],[-0.461884282928402,35.62321593750604],[-0.44881217854338,35.625967959481834],[-0.427484008230976,35.63353601991527],[-0.410283870882263,35.6438561023245],[-0.397211766497241,35.65073615726398],[-0.390331711557756,35.65417618473372]]}},{"type":"Feature","properties":{"accuracy":"60000","activity_confidence":"2","average_dip":"(20,10,35)","average_rake":"","catalog_id":"NAF_37","catalog_name":"GEM_N_Africa","dip_dir":"S","downthrown_side_dir":"N","epistemic_quality":"2","exposure_quality":"1","fs_name":"","last_movement":"","name":"","net_slip_rate":"","notes":"Looks like an active thrust w/ a rapidly-subsiding hanging-wall basin. No clear scarps but the HW is so smooth and there are no fans so it looks like the HW is dropping fast.","reference":"DEM","shortening_rate":"","slip_type":"Reverse","strike_slip_rate":"","vert_sep_rate":""},"geometry":{"type":"LineString","coordinates":[[-0.834733987530273,35.33472869705623],[-0.829961465833259,35.34039606657143],[-0.824294096318055,35.34367717523813],[-0.816837031166471,35.34546687087451],[-0.812959357287648,35.347853131723014],[-0.809379966014887,35.34844969693514],[-0.80520400953,35.34844969693514],[-0.801028053045113,35.350239392571524],[-0.796852096560226,35.35143252299577],[-0.792377857469276,35.35232737081397],[-0.788500183590452,35.3520290882079],[-0.783429379287375,35.352923936026095],[-0.777165444560045,35.3553101968746],[-0.772094640256968,35.358293022935236],[-0.771199792438778,35.36157413160193],[-0.767620401166017,35.36604837069288],[-0.76344444468113,35.36903119675351],[-0.76075990122656,35.371119174995954],[-0.755689096923483,35.37290887063234],[-0.754197683893166,35.37410200105659],[-0.751811423044659,35.37797967493541],[-0.747337183953709,35.37857624014754],[-0.741669814438505,35.38006765317786],[-0.737792140559681,35.382155631420304],[-0.733914466680858,35.38305047923849],[-0.728545379771717,35.384840174874874],[-0.724667705892894,35.38364704445062],[-0.721088314620133,35.38633158790519],[-0.715719227710993,35.38991097917795],[-0.71363124946855,35.39229724002646],[-0.710350140801853,35.39289380523858],[-0.708262162559409,35.394086935662834],[-0.704384488680585,35.39587663129922],[-0.702296510438142,35.39736804432953],[-0.694839445286558,35.399456022571975],[-0.690066923589544,35.401842283420486],[-0.686487532316784,35.40393026166293],[-0.68082016280158,35.40601823990537],[-0.672468249831806,35.40393026166293],[-0.667994010740856,35.403035413844734],[-0.664414619468095,35.40512339208718],[-0.659940380377145,35.40691308772356],[-0.655466141286195,35.408106218147815],[-0.648605641346737,35.411089044208445],[-0.646815945710357,35.414370152875144],[-0.646219380498231,35.41854610936003],[-0.641148576195153,35.42481004408736],[-0.63816575013452,35.43196882663288],[-0.636674337104203,35.43524993529958],[-0.635779489286013,35.440022456996594],[-0.637569184922393,35.445689826511796],[-0.636077771892076,35.45016406560275],[-0.633094945831443,35.45284860905731],[-0.628620706740492,35.45732284814826],[-0.620268793770718,35.4594108263907],[-0.614004859043388,35.45970910899677],[-0.606547793891804,35.460902239421024],[-0.601178706982663,35.46299021766347],[-0.593721641831079,35.46567476111804],[-0.586861141891622,35.46716617414835],[-0.580895489770355,35.46746445675441],[-0.574929837649088,35.46806102196654],[-0.570753881164201,35.470149000208984],[-0.56627964207325,35.472833543663555],[-0.562103685588363,35.475219804512065],[-0.55733116389135,35.47730778275451],[-0.552856924800399,35.47879919578482],[-0.547189555285196,35.48118545663333],[-0.541820468376055,35.4838700000879],[-0.535854816254788,35.48595797833034],[-0.532275424982028,35.48834423917885],[-0.529292598921394,35.48774767396672]]}},{"type":"Feature","properties":{"accuracy":"50000","activity_confidence":"1","average_dip":"(20,10,35)","average_rake":"","catalog_id":"NAF_38","catalog_name":"GEM_N_Africa","dip_dir":"S","downthrown_side_dir":"N","epistemic_quality":"2","exposure_quality":"1","fs_name":"","last_movement":"","name":"Mohammadia Thrust","net_slip_rate":"","notes":"Some signs of warping of Quaternary seds at rangefront, but otherwise looks like  a thrust w/ a rapidly-subsiding foreland. Links up w/ other thrusts and folds (blind thrusts) in many places.","reference":"DEM","shortening_rate":"(0.2, 0., 1.)","slip_type":"Reverse","strike_slip_rate":"","vert_sep_rate":""},"geometry":{"type":"LineString","coordinates":[[-0.215452690685272,35.509258976598915],[-0.201135125594315,35.51164523744741],[-0.191590082200344,35.518804019992885],[-0.183238169230619,35.52059371562925],[-0.173693125836648,35.52297997647775],[-0.162358386806307,35.525067954720186],[-0.156989299897198,35.526857650356554],[-0.14983051735172,35.52894562859898],[-0.144163147836549,35.53133188944748],[-0.136109517472886,35.52834906338686],[-0.12387993062436,35.52864734599292],[-0.115826300260697,35.5319284546596],[-0.109562365533403,35.534911280720216],[-0.104789843836417,35.53789410678083],[-0.097631061290939,35.54177178065963],[-0.088682583109091,35.55072025884148],[-0.083611778806043,35.55400136750816],[-0.074663300624195,35.56086186744758],[-0.06810108329084,35.565037823932435],[-0.0606440181393,35.56682751956881],[-0.049309279108959,35.57189832387186],[-0.044536757411973,35.57279317169004],[-0.033500300987694,35.573389736902165],[-0.026043235836154,35.573091454296105],[-0.01411193159369,35.573091454296105],[-0.007847996866396,35.57517943253853],[0.000802198709391,35.57756569338702],[0.012136937739731,35.57875882381127],[0.025261372406442,35.57995195423552],[0.032420154951921,35.58174164987189],[0.037192676648906,35.582636497690075],[0.046141154830754,35.58203993247794],[0.055089633012603,35.58144336726582],[0.066424372042943,35.58263649769006],[0.076565980649038,35.588602149811294],[0.083724763194516,35.59218154108403],[0.091629252255149,35.59561179105374],[0.097594904376381,35.59769976929617],[0.101323436952151,35.60321799750831],[0.106990806467322,35.612017334387126],[0.109227926012784,35.61485101914471],[0.113403882497646,35.6176847039023],[0.116834132467355,35.62141323647807],[0.119369534618878,35.623053790811404],[0.123694632406771,35.62514176905384],[0.126826599770418,35.627080605993235],[0.131002556255281,35.629914290750826],[0.134432806224989,35.63304625811447],[0.142188153982591,35.640652464569044],[0.145469262649269,35.64408271453875],[0.150241784346254,35.647363823205424],[0.158593697315979,35.65079407317515],[0.165752479861458,35.653776899235766],[0.171419849376628,35.65765457311456],[0.177087218891799,35.662725377417615],[0.180368327558476,35.66600648608429],[0.193492762225187,35.66839274693278],[0.200353262164604,35.674060116447954],[0.207512044710082,35.67883263814494],[0.214074262043437,35.683306877235864],[0.215267392467684,35.68509657287223],[0.218548501134362,35.69434333366014],[0.221829609801039,35.69971242056925],[0.226303848891963,35.70448494226624],[0.230181522770764,35.70836261614504],[0.23316434883138,35.7125385726299],[0.23495404446775,35.7164162465087],[0.237638587922304,35.71731109432689],[0.240919696588982,35.721188768205685],[0.243902522649598,35.73162865941783],[0.247481913922337,35.74087542020574],[0.252552718225384,35.74445481147848],[0.257026957316308,35.7489290505694],[0.259413218164801,35.754298137478514],[0.261799479013294,35.75698268093306],[0.265378870286033,35.75966722438762],[0.268063413740588,35.76265005044824],[0.274327348467882,35.76980883299372],[0.276117044104251,35.77219509384221],[0.278503304952744,35.77696761553919],[0.28148613101336,35.780547006811936],[0.282977544043668,35.78531952850892],[0.284170674467914,35.78949548499378],[0.2889431961649,35.799040528387756],[0.292224304831578,35.80381305008474],[0.294312283074009,35.80858557178173],[0.29640026131644,35.812463245660524],[0.300277935195241,35.81723576735751],[0.304752174286165,35.82290313687268],[0.30743671774072,35.82707909335755],[0.314595500286198,35.83334302808484],[0.318473174164999,35.83692241935758],[0.3223508480438,35.8413966584485],[0.327123369740785,35.84557261493336],[0.32980791319534,35.847958875781856],[0.331001043619586,35.85362624529703],[0.333387304468079,35.856609071357646],[0.336370130528695,35.86227644087281],[0.338756391377188,35.86525926693343],[0.344125478286297,35.870628353842555],[0.351880826043899,35.873014614691044]]}},{"type":"Feature","properties":{"accuracy":"60000","activity_confidence":"1","average_dip":"(15,5,30)","average_rake":"","catalog_id":"NAF_39","catalog_name":"GEM_N_Africa","dip_dir":"S","downthrown_side_dir":"N","epistemic_quality":"1","exposure_quality":"1","fs_name":"","last_movement":"","name":"","net_slip_rate":"","notes":"","reference":"DEM","shortening_rate":"","slip_type":"Reverse","strike_slip_rate":"","vert_sep_rate":""},"geometry":{"type":"LineString","coordinates":[[0.16992843634632,35.72118876820568],[0.172016414588751,35.72536472469054],[0.174402675437244,35.72745270293297],[0.177087218891798,35.73133037681177],[0.17917519713423,35.734014920266326],[0.184246001437277,35.73908572456937],[0.186035697073647,35.74206855062999],[0.188123675316078,35.74385824626636],[0.191106501376694,35.74624450711485],[0.194685892649433,35.74863076796335],[0.196773870891864,35.753701572266394],[0.198861849134296,35.75787752875126],[0.200054979558542,35.763843180872485],[0.200651544770665,35.771598528630086],[0.203932653437343,35.77517791990283],[0.207810327316144,35.77816074596345],[0.211091435982821,35.780845289418],[0.214670827255561,35.78293326766043],[0.218548501134361,35.78681094153923],[0.223619305437409,35.789793767599846],[0.230181522770764,35.7924783110544],[0.234357479255626,35.79575941972108],[0.237936870528366,35.79814568056957],[0.24241110961929,35.799935376205944],[0.245692218285967,35.80142678923625],[0.24807847913446,35.80381305008474],[0.251359587801138,35.81156839784234],[0.253149283437507,35.81484950650902],[0.254640696467816,35.81753404996358],[0.25732523992237,35.821411723842374],[0.259711500770863,35.82469283250906],[0.261202913801171,35.82767565856967],[0.261799479013294,35.83244818026666],[0.262396044225417,35.83543100632727],[0.264185739861787,35.84109837584244],[0.26657200071028,35.846467462751555],[0.269554826770896,35.85064341923641],[0.273730783255758,35.85302968008491],[0.278503304952744,35.856609071357646],[0.282380978831545,35.86108331044857],[0.284170674467914,35.863171288691],[0.287451783134592,35.86496098432737],[0.290434609195208,35.867048962569804],[0.291627739619454,35.86854037560011],[0.295505413498255,35.87122491905467],[0.296996826528563,35.87271633208497],[0.300576217801303,35.875997440751654],[0.30385732646798,35.87898026681226],[0.30564702210435,35.88047167984257],[0.309226413377089,35.88196309287288],[0.31489378289226,35.88345450590319],[0.319666304589245,35.88255965808501],[0.323245695861984,35.884051071115316],[0.32801821755897,35.885840766751684],[0.331001043619586,35.88763046238805],[0.332492456649894,35.88942015802442],[0.336668413134757,35.89061328844867],[0.340844369619619,35.89240298408504],[0.342634065255989,35.893596114509286],[0.347406586952974,35.89419267972141],[0.354267086892391,35.895982375357775],[0.358443043377254,35.89628065796384],[0.363812130286363,35.89687722317596],[0.369181217195472,35.89866691881233],[0.371567478043964,35.89956176663052],[0.376638282347012,35.9004566144487],[0.380217673619751,35.90015833184264],[0.383200499680367,35.89956176663052],[0.388569586589476,35.901351462266874],[0.3930438256804,35.9034394405093],[0.396026651741016,35.90552741875174],[0.397518064771324,35.908808527418415],[0.398114629983447,35.910598223054784],[0.399904325619817,35.91268620129721],[0.403781999498618,35.91477417953965],[0.40616826034711,35.91716044038814],[0.408256238589542,35.919546701236634],[0.413327042892589,35.92252952729725],[0.415713303741082,35.9252140707518],[0.417502999377451,35.929091744630604],[0.421082390650191,35.93386426632759],[0.421977238468375,35.936548809782145],[0.421977238468375,35.938338505418514],[0.424065216710807,35.94132133147913],[0.4264514775593,35.94370759232762],[0.429136021013854,35.94460244014581],[0.430925716650224,35.94549728796399]]}},{"type":"Feature","properties":{"accuracy":"50000","activity_confidence":"1","average_dip":"(25,10,50)","average_rake":"","catalog_id":"NAF_40","catalog_name":"GEM_N_Africa","dip_dir":"N","downthrown_side_dir":"S","epistemic_quality":"1","exposure_quality":"1","fs_name":"","last_movement":"","name":"","net_slip_rate":"","notes":"","reference":"DEM","shortening_rate":"","slip_type":"Reverse","strike_slip_rate":"","vert_sep_rate":""},"geometry":{"type":"LineString","coordinates":[[0.454639183832121,35.92894260332758],[0.46015741204426,35.93162714678213],[0.464333368529123,35.933416842418495],[0.470448161953386,35.93550482066093],[0.474474977135217,35.936548809782145],[0.481484618377665,35.938636788024574],[0.48610799877162,35.939979059751856],[0.492371933498914,35.94326016841853],[0.49729359649893,35.94594471187309],[0.500276422559546,35.94848011402461],[0.5029609660141,35.95041895096401],[0.507136922498963,35.95355091832766],[0.511014596377764,35.95578803787312],[0.515041411559595,35.95787601611555],[0.518620802832335,35.96190283129738],[0.519813933256581,35.963990809539816],[0.522647618014166,35.96801762472165],[0.527718422317214,35.975027265964094],[0.530104683165706,35.97711524420652],[0.533087509226323,35.98516887457019],[0.536965183105123,35.991432809297486],[0.539948009165739,35.99799502663084],[0.543527400438479,35.99948643966115],[0.548299922135464,36.000977852691456],[0.550387900377896,36.0021709831157],[0.555160422074881,36.003065830933885],[0.559336378559744,36.003662396146005],[0.562915769832483,36.00425896135813],[0.567091726317345,36.00515380917631],[0.570969400196146,36.0060486569945],[0.576338487105255,36.00724178741875],[0.581111008802241,36.007689211327836],[0.584093834862857,36.007092646115716],[0.587374943529535,36.007092646115716],[0.591252617408335,36.00679436350965],[0.594235443468952,36.007092646115716],[0.597516552135629,36.007390928721776],[0.600499378196245,36.007390928721776],[0.6031839216508,36.00828577653996],[0.606166747711416,36.007987493933896],[0.609447856378093,36.008882341752084],[0.612430682438709,36.009478906964205],[0.617501486741757,36.009478906964205],[0.620782595408434,36.01067203738845],[0.62376542146905,36.01156688520664],[0.626748247529666,36.01246173302482],[0.630029356196344,36.01335658084301],[0.634503595287268,36.01425142866119],[0.637486421347884,36.01514627647938],[0.64225894304487,36.016935972115746],[0.646434899529732,36.01753253732787],[0.651803986438841,36.02021708078242],[0.65538337771158,36.02111192860061],[0.661647312438874,36.02200677641879],[0.667314681954045,36.0234981894491],[0.672385486257092,36.02439303726729],[0.677754573166201,36.02290162423698],[0.68133396443894,36.02260334163092],[0.688492746984418,36.02141021120667],[0.695949812135959,36.01932223296424],[0.703108594681437,36.018427385146055],[0.7072845511663,36.019023950358175],[0.715338181529963,36.020366222085464],[0.720110703226948,36.020664504691524],[0.722795246681503,36.021261069903645],[0.725330648833027,36.0220067764188],[0.731892866166382,36.02230505902486],[0.738156800893676,36.02275248293395],[0.741736192166415,36.02275248293395],[0.745912148651277,36.022603341630926],[0.749193257317955,36.02215591772183],[0.754711485530095,36.02155935250971],[0.760677137651327,36.02081364599456],[0.763809105014973,36.02081364599456],[0.767686778893774,36.020664504691524],[0.770818746257421,36.02170849381274],[0.774994702742283,36.02230505902486],[0.778574094015023,36.02305076554001],[0.781556920075639,36.02319990684305],[0.784390604833224,36.02364733075214],[0.788417420015056,36.02364733075214],[0.791698528681733,36.024094754661235],[0.794532213439319,36.024393037267295],[0.796769332984781,36.024393037267295],[0.800796148166612,36.024989602479415],[0.803778974227228,36.025287885085476],[0.807209224196937,36.0258844502976],[0.81153432198483,36.026779298115784],[0.813920582833323,36.02767414593397],[0.817649115409093,36.029016417661246],[0.822272495803048,36.03006040678246],[0.825702745772756,36.03140267850974],[0.831071832681865,36.03438550457036],[0.834502082651573,36.037666613237036],[0.836888343500066,36.03930716757037],[0.840169452166744,36.04228999363099],[0.843003136924329,36.044676254479484],[0.845836821681914,36.04646595011585],[0.850161919469808,36.048703069661315],[0.856724136803163,36.04885221096435],[0.861347517197118,36.0476590805401],[0.86537433237895,36.0437814066613],[0.869848571469874,36.04273741754008],[0.874173669257767,36.040798580600686],[0.878946190954752,36.04005287408553],[0.882973006136584,36.042289993630995],[0.887447245227508,36.043184841449175],[0.892219766924494,36.04422883057039],[0.897588853833603,36.04586938490373],[0.901615669015434,36.048106504449194],[0.906686473318482,36.050194482691616],[0.910862429803345,36.05094018920677],[0.915038386288207,36.05228246093405],[0.919960049288223,36.05392301526739],[0.928311962257948,36.054817863085574],[0.93233877743978,36.05601099350982],[0.935172462197365,36.05675670002498],[0.937558723045858,36.05750240654013],[0.940541549106474,36.058546395661345],[0.944419222985275,36.06018694999468],[0.946954625136799,36.06138008041893]]}},{"type":"Feature","properties":{"accuracy":"60000","activity_confidence":"1","average_dip":"(20,10,60)","average_rake":"","catalog_id":"NAF_41","catalog_name":"GEM_N_Africa","dip_dir":"N","downthrown_side_dir":"S","epistemic_quality":"1","exposure_quality":"1","fs_name":"","last_movement":"1790?","name":"Murdjadjo Thrust","net_slip_rate":"","notes":"Bouhadad located field exposures w/ 60 degree dip. This may not characterize the whole structure.","reference":"Bouhadad 2001 J. Seismology","shortening_rate":"(0.2., 0.01, 1.)","slip_type":"Reverse","strike_slip_rate":"","vert_sep_rate":""},"geometry":{"type":"LineString","coordinates":[[-1.029018498718298,35.51925144390196],[-1.011419824960663,35.524173106901976],[-1.007393009778831,35.52521709602319],[-0.996953118566675,35.529691335114116],[-0.989645194718166,35.534314715508074],[-0.986811509960581,35.5368501176596],[-0.977713890475702,35.540727791538394],[-0.972643086172654,35.54296491108386],[-0.967721423172638,35.54669344365963],[-0.963694607990806,35.54863228059903],[-0.959220368899882,35.54952712841721],[-0.948929618990758,35.55116768275055],[-0.942069119051341,35.55295737838693],[-0.938788010384663,35.55534363923542],[-0.934910336505862,35.55772990008391],[-0.92715498874826,35.56101100875059],[-0.92148761923309,35.568169791296064],[-0.913433988869427,35.57174918256881],[-0.901800967233024,35.57383716081124],[-0.895835315111792,35.5741354434173],[-0.888974815172375,35.577416552083974],[-0.88062290220265,35.57920624772034],[-0.872867554445048,35.577416552083974],[-0.868095032748063,35.575626856447606],[-0.861532815414707,35.574732008629425],[-0.853180902444983,35.575030291235485],[-0.845723837293442,35.57771483469005],[-0.83975818517221,35.580399378144605],[-0.836477076505532,35.583083921599155],[-0.831406272202485,35.58457533462946],[-0.825440620081253,35.58487361723553],[-0.81738698971759,35.58636503026584],[-0.811719620202419,35.58755816069008],[-0.805753968081187,35.591137551962824],[-0.796208924687216,35.59412037802344],[-0.789348424747799,35.59591007365981],[-0.783382772626567,35.59799805190224],[-0.778908533535643,35.599191182326486],[-0.774434294444719,35.600980877962854],[-0.76727551189924,35.60277057359922],[-0.761906424990131,35.60545511705378],[-0.754747642444653,35.60754309529621],[-0.748185425111298,35.610227638750764],[-0.741324925171881,35.61291218220532],[-0.733271294808217,35.61559672565987],[-0.727007360080924,35.61649157347806],[-0.717462316686952,35.61410531262956],[-0.707917273292981,35.6138070300235],[-0.69837222989901,35.6138070300235],[-0.691213447353531,35.617982986508366],[-0.687037490868669,35.62066752996292],[-0.680773556141375,35.62275550820535],[-0.672719925777712,35.62454520384172],[-0.667649121474665,35.62812459511446],[-0.662280034565556,35.631107421175074],[-0.658700643292816,35.63289711681144],[-0.652734991171584,35.63528337765994],[-0.645277926020044,35.635581660266],[-0.638119143474566,35.63647650808418],[-0.634241469595765,35.63796792111449],[-0.632451773959395,35.64005589935692]]}},{"type":"Feature","properties":{"accuracy":"50000","activity_confidence":"1","average_dip":"(25,10,60)","average_rake":"(90.,45.,90.)","catalog_id":"NAF_42","catalog_name":"GEM_N_Africa","dip_dir":"NW","downthrown_side_dir":"SE","epistemic_quality":"1","exposure_quality":"1","fs_name":"","last_movement":"","name":"Bou Kadir Fault","net_slip_rate":"","notes":"Possible sinistral component","reference":"Aifa and Idres, 2010 Open Geology Journal","shortening_rate":"None","slip_type":"Reverse","strike_slip_rate":"","vert_sep_rate":""},"geometry":{"type":"LineString","coordinates":[[1.056424341561407,36.03707004802493],[1.065969384955379,36.04363226535828],[1.070741906652364,36.04721165663102],[1.07372473271298,36.05198417832801],[1.076110993561473,36.056756700025],[1.077005841379658,36.060932656509856],[1.079093819622089,36.06540689560078],[1.080883515258459,36.06868800426746],[1.082374928288767,36.072565678146255],[1.084164623925136,36.07853133026749],[1.089235428228184,36.08360213457053],[1.091919971682738,36.08688324323722],[1.096394210773662,36.090164351903894],[1.103254710713079,36.09434030838875],[1.106237536773695,36.09642828663119],[1.110413493258557,36.098516264873616],[1.113992884531297,36.10149909093423],[1.115782580167666,36.10507848220697],[1.116677427985851,36.10776302566153],[1.119958536652529,36.11074585172214],[1.122344797501022,36.11402696038882],[1.124134493137391,36.118202916873685],[1.126520753985884,36.1211857429343],[1.128012167016192,36.12267715596461],[1.1295035800465,36.13192391675251],[1.130696710470747,36.137591286267686],[1.132784688713178,36.1429603731768],[1.134574384349547,36.145943199237415],[1.137855493016225,36.148329460085904],[1.14441771034958,36.156979655661694],[1.150383362470812,36.16175217735868],[1.158735275440537,36.165331568631416],[1.162314666713277,36.16950752511628],[1.165894057986016,36.174876612025386],[1.169473449258755,36.17964913372237],[1.17782536222848,36.18680791626785],[1.182597883925466,36.19098387275272],[1.186177275198205,36.193966698813334],[1.188861818652759,36.197247807480004],[1.191098938198221,36.199484927025466],[1.193932622955806,36.20142376396487],[1.195722318592176,36.20291517699518],[1.200345698986131,36.20679285087398],[1.20377594895584,36.20917911172247],[1.206162209804332,36.21111794866187],[1.21123301410738,36.213951633419455],[1.213619274955873,36.21603961166189],[1.216602101016488,36.21812758990432],[1.21869007925892,36.2209612746619],[1.220927198804382,36.222900111601305],[1.224655731380152,36.22752349199526],[1.22614714441046,36.22886576372254],[1.227787698743799,36.23319086151043],[1.232560220440784,36.23527883975286],[1.236885318228678,36.237366817995294],[1.238973296471109,36.238261665813475],[1.242552687743848,36.23945479623772],[1.244938948592341,36.24020050275288],[1.24672864422871,36.24094620926803]]}},{"type":"Feature","properties":{"accuracy":"50000","activity_confidence":"2","average_dip":"(20,10,50)","average_rake":"","catalog_id":"NAF_43","catalog_name":"GEM_N_Africa","dip_dir":"N","downthrown_side_dir":"S","epistemic_quality":"2","exposure_quality":"2","fs_name":"","last_movement":"","name":"","net_slip_rate":"","notes":"","reference":"Maouche et al., 2011 Tectonophysics","shortening_rate":"","slip_type":"Reverse","strike_slip_rate":"","vert_sep_rate":""},"geometry":{"type":"LineString","coordinates":[[1.140987460379873,36.3938160448746],[1.146953112501105,36.396500588329154],[1.150830786379906,36.39799200135946],[1.153813612440522,36.39978169699583],[1.160375829773877,36.40231709914734],[1.163806079743586,36.40336108826856],[1.16828031883451,36.40380851217765],[1.172754557925434,36.40753704475342],[1.174693394864834,36.409923305601914],[1.176632231804235,36.41156385993525],[1.183492731743652,36.41350269687465],[1.186773840410329,36.414546685995866],[1.189010959955791,36.41499410990496],[1.192590351228531,36.41588895772315],[1.196318883804301,36.416038099026174],[1.201538829410379,36.416038099026174],[1.205714785895241,36.41693294684436],[1.208399329349796,36.41827521857164],[1.21302270974375,36.41991577290498],[1.218093514046798,36.41991577290498],[1.223164318349845,36.42036319681407],[1.225401437895307,36.42274945766256],[1.228085981349861,36.42394258808681],[1.235692187804432,36.426627131541366],[1.238824155168079,36.42767112066258],[1.243000111652942,36.42960995760198],[1.247026926834773,36.43095222932926],[1.252843437652975,36.434531620601994],[1.259107372380268,36.43706702275352],[1.265371307107562,36.438260153177765],[1.268950698380301,36.444076663995965],[1.271784383137887,36.447208631359615],[1.27431978528941,36.44974403351114],[1.280583720016704,36.45451655520814],[1.28535624171369,36.457797663874814],[1.288637350380367,36.4601839247233],[1.294155578592507,36.46316675078392],[1.298928100289493,36.465851294238476],[1.302805774168293,36.46853583769303],[1.306534306744064,36.471667805056676],[1.312201676259234,36.47733517457185],[1.31518450231985,36.480318000632465],[1.317570763168343,36.48479223972339]]}},{"type":"Feature","properties":{"accuracy":"30000","activity_confidence":"1","average_dip":"(40,30,50)","average_rake":"","catalog_id":"NAF_44","catalog_name":"GEM_N_Africa","dip_dir":"NW","downthrown_side_dir":"SE","epistemic_quality":"1","exposure_quality":"1","fs_name":"El Asnam Fault","last_movement":"1980","name":"El Asnam Fault","net_slip_rate":"","notes":"Ruptured in the M7.1-7.3 El Asnam Earthquake","reference":"Meghroui et al., 1988 EPSL","shortening_rate":"","slip_type":"Reverse","strike_slip_rate":"","vert_sep_rate":"(0.6, 0.5, 1.)"},"geometry":{"type":"LineString","coordinates":[[1.447845691365748,36.14310951447983],[1.448293115274841,36.145346634025294],[1.448442256577872,36.14788203617682],[1.449187963093026,36.15011915572228],[1.450231952214241,36.15175971005562],[1.452618213062734,36.153101981782896],[1.455451897820319,36.15563738393442],[1.456794169547597,36.158023644782915],[1.458285582577905,36.160409905631404],[1.465146082517321,36.1627961664799],[1.468725473790061,36.163840155601115],[1.472454006365831,36.16503328602536],[1.476928245456755,36.167568688176885],[1.481999049759802,36.17010409032841],[1.487666419274973,36.17532403593449],[1.489157832305281,36.178008579389044],[1.493184647487112,36.18248281847997],[1.49646575615379,36.1841233728133],[1.500492571335622,36.18531650323755],[1.505414234335638,36.18621135105574],[1.512125592972024,36.187553622783014],[1.516152408153856,36.189492459722416],[1.520030082032657,36.19232614448],[1.521670636365996,36.1942649814194],[1.523907755911458,36.195607253146676],[1.527636288487227,36.197695231389105],[1.528978560214505,36.200528916146695],[1.532408810184213,36.20530143784368],[1.534795071032706,36.20738941608611],[1.538374462305445,36.209477394328545],[1.540760723153938,36.21275850299522],[1.544041831820615,36.2160396116619],[1.547322940487293,36.219022437722515],[1.550305766547909,36.221408698571004],[1.552692027396402,36.22349667681344],[1.554481723032772,36.22528637244981],[1.555674853457018,36.228269198510425],[1.558955962123696,36.23125202457104],[1.561938788184312,36.23393656802559],[1.564921614244928,36.238112524510456],[1.567307875093421,36.24199019838925],[1.569395853335852,36.24467474184381],[1.57267696200253,36.247955850510486],[1.57655463588133,36.25153524178323],[1.579537461941946,36.25302665481354],[1.582818570608624,36.25421978523778]]}},{"type":"Feature","properties":{"accuracy":"30000","activity_confidence":"1","average_dip":"(30,20,60)","average_rake":"","catalog_id":"NAF_45","catalog_name":"GEM_N_Africa","dip_dir":"NW","downthrown_side_dir":"SE","epistemic_quality":"1","exposure_quality":"1","fs_name":"","last_movement":"","name":"","net_slip_rate":"","notes":"Possible fresh scarp at base (visible in 30m DEM)","reference":"DEM","shortening_rate":"","slip_type":"Reverse","strike_slip_rate":"","vert_sep_rate":""},"geometry":{"type":"LineString","coordinates":[[1.26132584926285,36.184999577968625],[1.263712110111343,36.18902639315046],[1.266098370959836,36.19141265399895],[1.269081197020452,36.19469376266563],[1.273108012202283,36.197676588726246],[1.275941696959869,36.2003611321808],[1.281161642565947,36.20334395824142],[1.287574718596271,36.20573021908991],[1.292347240293257,36.207221632120216],[1.296970620687212,36.209011327756585],[1.302787131505413,36.21259071902933],[1.306963087990275,36.21691581681722],[1.312481316202415,36.2197495015748],[1.315464142263031,36.22124091460511],[1.319341816141832,36.22243404502936],[1.323070348717602,36.2240745993627],[1.32829029432368,36.22556601239301],[1.333510239929758,36.22810141454453],[1.336791348596436,36.22974196887787],[1.342309576808576,36.23257565363546],[1.349468359354054,36.23391792536273],[1.353644315838916,36.23600590360516],[1.357074565808625,36.23734817533244],[1.362891076626826,36.238541305756684],[1.36915501135412,36.241374990514274],[1.373927533051106,36.245401805696105],[1.38034060908143,36.24793720784763],[1.387499391626908,36.25211316433249],[1.392271913323894,36.255841696908256],[1.393912467657233,36.25852624036281]]}},{"type":"Feature","properties":{"accuracy":"60000","activity_confidence":"2","average_dip":"(30,20,60)","average_rake":"(90,150,10)","catalog_id":"NAF_46","catalog_name":"GEM_N_Africa","dip_dir":"N","downthrown_side_dir":"S","epistemic_quality":"2","exposure_quality":"1","fs_name":"","last_movement":"","name":"","net_slip_rate":"","notes":"Looks like a reverse or oblique-reverse thrust. Not sure of what strike-slip direction, but it's oblique to other thrusts. Could be either based on stress/convergence directions. Basin looks like it's subsiding relatively rapidly but otherwise not a lot of evidence for recent faulting.","reference":"DEM","shortening_rate":"","slip_type":"Reverse","strike_slip_rate":"","vert_sep_rate":""},"geometry":{"type":"LineString","coordinates":[[1.582725357294229,36.25449942518095],[1.586453889869999,36.25524513169611],[1.591673835476077,36.25733310993854],[1.595253226748816,36.25822795775672],[1.598832618021555,36.25837709905976],[1.603008574506418,36.26031593599916],[1.610167357051896,36.2615090664234],[1.615089020051913,36.263298762059776],[1.618966693930714,36.26464103378705],[1.622247802597391,36.265685022908265],[1.625976335173161,36.26613244681736],[1.630897998173178,36.26762385984767],[1.634029965536825,36.26822042505979],[1.642978443718673,36.270010120696156],[1.646856117597474,36.27105410981738],[1.651181215385367,36.27344037066587],[1.656699443597507,36.27478264239314],[1.660875400082369,36.275230066302235],[1.667288476112694,36.27657233802952],[1.672955845627864,36.27791460975679],[1.678324932536973,36.28030087060529],[1.681755182506681,36.28223970754468],[1.685334573779421,36.28313455536287],[1.688466541143067,36.28373112057499],[1.692045932415807,36.284775109696206],[1.696669312809762,36.28492425099924],[1.703380671446148,36.28492425099924],[1.708898899658287,36.2852225336053],[1.713671421355273,36.2852225336053],[1.71874222565832,36.286863087938634],[1.722769040840152,36.287161370544695],[1.726497573415922,36.28731051184773],[1.732910649446246,36.287757935756815],[1.737981453749293,36.28895106618106],[1.741262562415971,36.28895106618106],[1.745736801506895,36.289845913999244],[1.748719627567511,36.290144196605304],[1.753790431870558,36.290144196605304],[1.760054366597852,36.290442479211364],[1.769897692597885,36.290442479211364],[1.773775366476686,36.29312702266592],[1.781232431628226,36.29282874005986],[1.799129387991922,36.29103904442349],[1.80986756181014,36.297899544362906],[1.815236648719249,36.30088237042352],[1.824185126901097,36.30356691387808],[1.833133605082945,36.306848022544756],[1.839994105022362,36.30953256599931],[1.848047735386025,36.31072569642356],[1.856996213567873,36.31102397902962],[1.861768735264859,36.31221710945386],[1.865348126537598,36.31400680509024],[1.876384582961878,36.31251539205993],[1.881455387264925,36.30983084860537],[1.894579821931635,36.307444587756876],[1.899948908840744,36.30505832690839],[1.907107691386223,36.30326863127202],[1.913371626113517,36.30147893563565]]}},{"type":"Feature","properties":{"accuracy":"30000","activity_confidence":"1","average_dip":"(20,10,55)","average_rake":"","catalog_id":"NAF_47","catalog_name":"GEM_N_Africa","dip_dir":"N","downthrown_side_dir":"S","epistemic_quality":"1","exposure_quality":"1","fs_name":"","last_movement":"","name":"Sahel Thrust","net_slip_rate":"","notes":"Rupture traces visible in DEM east of big canyon in middle. Apparent left-lateral offset of drainages across the fault.","reference":"Maouche et al., 2011 Tectonophysics","shortening_rate":"","slip_type":"Reverse","strike_slip_rate":"","vert_sep_rate":"(1., 0.84, 1.2)"},"geometry":{"type":"LineString","coordinates":[[2.397558866403017,36.53876274875764],[2.401436540281818,36.53876274875764],[2.40561249676668,36.5390610313637],[2.408595322827296,36.5390610313637],[2.412174714100036,36.53786790093945],[2.415455822766713,36.536078205303085],[2.417543801009145,36.5351833574849],[2.427387127009177,36.53354280315156],[2.430966518281917,36.533990227060656],[2.433800203039502,36.53443765096974],[2.439765855160734,36.5347359335758],[2.444240094251658,36.536078205303085],[2.447521202918336,36.536674770515205],[2.454530844160783,36.53861360745461],[2.458408518039584,36.54055244439401],[2.46511987667597,36.54264042263644],[2.46884840925174,36.545026683484934],[2.475858050494188,36.54741294433342],[2.478990017857835,36.549053498666765],[2.481674561312389,36.549948346484946],[2.486894506918467,36.551439759515254],[2.490623039494237,36.55233460733344],[2.4947989959791,36.552782031242536],[2.497334398130624,36.55352773775769],[2.503449191554886,36.555466574697085],[2.506730300221564,36.557256270333454],[2.510906256706426,36.558598542060736],[2.514187365373104,36.55934424857589],[2.521644430524644,36.56128308551529],[2.527311800039814,36.561730509424386],[2.534321441282262,36.562327074636514],[2.538348256464094,36.562923639848634],[2.546103604221695,36.56337106375773],[2.555946930221729,36.56456419418197],[2.563254854070238,36.566353889818345],[2.569667930100562,36.5670995963335],[2.574440451797548,36.56888929196987],[2.581300951736965,36.570082422394115],[2.589951147312751,36.570678987606236],[2.596215082040045,36.56963499848502],[2.606804114555232,36.56844186806077],[2.615156027524957,36.56799444415168],[2.620375973131035,36.56799444415168],[2.628429603494698,36.567547020242586],[2.636930657767454,36.5670995963335],[2.647221407676579,36.56680131372743],[2.654529331525088,36.56739787893956],[2.656915592373581,36.56799444415168],[2.663776092312999,36.56829272675774],[2.669890885737261,36.5705298463032],[2.679883353040325,36.57336353106079],[2.685550722555496,36.57574979190928],[2.692112939888851,36.57753948754565],[2.703298537616162,36.58246115054566],[2.711650450585886,36.58753195484871],[2.718212667919242,36.59260275915175],[2.732530233010199,36.60125295472754],[2.741478711192047,36.60662204163665],[2.749234058949649,36.6116928459397],[2.761761928404236,36.61586880242456],[2.766385308798191,36.61721107415185],[2.7717543957073,36.61885162848518],[2.77742176522247,36.62168531324277],[2.785475395586134,36.625115563212475],[2.790993623798273,36.62914237839431],[2.796660993313444,36.633169193576144],[2.801284373707399,36.636897726151915],[2.804863764980138,36.63868742178828],[2.809039721465,36.64137196524283],[2.813364819252894,36.64420565000042],[2.815751080101387,36.64450393260648],[2.82007617788928,36.64495135651558],[2.824550416980204,36.64465307390952],[2.828726373465066,36.64420565000042],[2.836332579919637,36.64390736739436],[2.843342221162085,36.643310802182235],[2.849307873283317,36.643012519576175],[2.854229536283333,36.64256509566708],[2.859896905798504,36.64256509566708],[2.864967710101551,36.64256509566708],[2.870187655707629,36.64241595436405],[2.875407601313707,36.64286337827314],[2.881074970828878,36.64271423697011],[2.884654362101617,36.64181938915193],[2.892409709859219,36.64092454133374],[2.897033090253173,36.640477117424645],[2.900463340222882,36.64092454133374],[2.902402177162283,36.64092454133374],[2.904490155404714,36.64092454133374],[2.907771264071391,36.64092454133374],[2.910604948828976,36.64092454133374],[2.914035198798685,36.640477117424645],[2.917912872677486,36.640477117424645],[2.920895698738102,36.64002969351556],[2.923729383495687,36.639582269606464],[2.928949329101765,36.639283987000404],[2.936257252950274,36.63973141090949],[2.93909093770786,36.640477117424645],[2.944012600707876,36.64077540003071],[2.947293709374554,36.640477117424645],[2.951320524556385,36.64167024784888],[2.958031883192771,36.64241595436403],[2.963102687495818,36.64375822609131],[2.967726067889773,36.64584620433374],[2.972051165677666,36.64733761736405],[2.974139143920098,36.6485307477883],[2.976823687374652,36.64942559560648],[2.984131611223162,36.65136443254588],[2.992483524192886,36.6543472586065],[2.99874745892018,36.65643523684893],[3.005160534950504,36.65867235639439],[3.014407295738414,36.66105861724289],[3.020820371768739,36.663444878091376],[3.026338599980878,36.664339725909564],[3.032005969496049,36.666278562848966],[3.045428686768821,36.67105108454595],[3.053482317132484,36.67373562800051],[3.065413621374948,36.68029784533386],[3.070186143071934,36.68417551921266],[3.083608860344706,36.69103601915208],[3.094048751556862,36.696405106061185],[3.105980055799326,36.703563888606666],[3.11791136004179,36.7095295407279],[3.129842664284255,36.714600345030945]]}},{"type":"Feature","properties":{"accuracy":"30000","activity_confidence":"1","average_dip":"(20,10,60)","average_rake":"","catalog_id":"NAF_48","catalog_name":"GEM_N_Africa","dip_dir":"S","downthrown_side_dir":"N","epistemic_quality":"1","exposure_quality":"1","fs_name":"","last_movement":"","name":"","net_slip_rate":"","notes":"","reference":"Maouche et al., 2011 Tectonophysics","shortening_rate":"","slip_type":"Reverse","strike_slip_rate":"","vert_sep_rate":""},"geometry":{"type":"LineString","coordinates":[[2.459750789766862,36.46523608636346],[2.467207854918402,36.4688154776362],[2.477647746130558,36.471500021090755],[2.485701376494221,36.47299143412106],[2.4928601590397,36.47418456454531],[2.502405202433671,36.47448284715137],[2.511950245827642,36.47507941236349],[2.521197006615552,36.47358799933318],[2.528057506554969,36.473886281939244],[2.535812854312571,36.473886281939244],[2.54297163685805,36.472394868908935],[2.550130419403528,36.47090345587863],[2.555797788918698,36.472394868908935],[2.565641114918731,36.47328971672712],[2.572799897464209,36.47299143412106],[2.580853527827873,36.46941204284832],[2.587415745161228,36.46642921678771],[2.592486549464275,36.46344639072709],[2.598750484191569,36.462849825514965],[2.60262815807037,36.463148108121025],[2.607400679767356,36.46523608636346],[2.614857744918896,36.46642921678771],[2.62499935352499,36.46583265157558],[2.62857874479773,36.46583265157558],[2.636632375161393,36.46553436896952],[2.642896309888687,36.46434123854527],[2.645879135949303,36.4649378037574]]}},{"type":"Feature","properties":{"accuracy":"50000","activity_confidence":"1","average_dip":"(35,20,60)","average_rake":"","catalog_id":"NAF_49","catalog_name":"GEM_N_Africa","dip_dir":"S","downthrown_side_dir":"N","epistemic_quality":"0","exposure_quality":"0","fs_name":"Mitidja Thrust","last_movement":"","name":"Mitidja Thrust","net_slip_rate":"","notes":"","reference":"Mouache et al., 2011 Tectonophysics","shortening_rate":"","slip_type":"Reverse","strike_slip_rate":"","vert_sep_rate":""},"geometry":{"type":"LineString","coordinates":[[2.646773983767488,36.42377480412089],[2.650949940252351,36.4252662171512],[2.655125896737213,36.426161064969385],[2.660196701040261,36.426161064969385],[2.66556578794937,36.426161064969385],[2.670636592252417,36.42556449975726],[2.676005679161526,36.42556449975726],[2.683164461707004,36.425862782363325],[2.690621526858544,36.426459347575445],[2.702254548494947,36.42795076060575],[2.707623635404056,36.428249043211814],[2.712992722313165,36.426161064969385],[2.720449787464705,36.426161064969385],[2.725520591767752,36.428547325817874],[2.729398265646553,36.43093358666637],[2.736557048192032,36.43272328230274],[2.746102091586003,36.43361813012093],[2.753559156737543,36.437197521393664],[2.757138548010282,36.43958378224215],[2.763104200131514,36.44435630393914],[2.76966641746487,36.44793569521188],[2.772947526131547,36.45270821690887],[2.776228634798225,36.454497912545236],[2.78279085213158,36.45777902121191],[2.789651352070997,36.4586738690301],[2.797406699828599,36.46076184727253],[2.8012843737074,36.46135841248465],[2.805460330192262,36.46165669509072],[2.810829417101371,36.4625515429089],[2.813215677949864,36.464341238545266],[2.817988199646849,36.46732406460588],[2.822164156131712,36.46762234721194],[2.828726373465067,36.46702578199982],[2.831410916919622,36.46821891242407],[2.833797177768115,36.4703068906665],[2.835288590798422,36.473587999333176],[2.839166264677222,36.47836052103016],[2.8424473733439,36.48104506448472],[2.847518177646947,36.484326173151395],[2.853185547162118,36.48551930357564],[2.857659786253042,36.48551930357564],[2.861537460131843,36.48701071660595],[2.863923720980336,36.491484955696876],[2.869292807889445,36.49625747739386],[2.872275633950061,36.49894202084841],[2.878837851283416,36.49924030345448],[2.886593199041018,36.49894202084841],[2.892260568556188,36.50043343387872],[2.897331372859235,36.500731716484786],[2.900612481525913,36.50162656430297],[2.904788438010776,36.503117977333275],[2.9092626771017,36.504907672969644],[2.913140350980501,36.50818878163632],[2.917912872677486,36.5153475641818],[2.920000850919918,36.519225238060606],[2.923281959586595,36.523699477151524],[2.928651046495704,36.5269805858182],[2.932827002980567,36.52906856406064],[2.938196089889675,36.531156542303066],[2.943565176798784,36.532051390121254],[2.951320524556386,36.530858259697006],[2.955496481041248,36.5293668466667],[2.962058698374603,36.52966512927276],[2.968620915707959,36.52757715103033],[2.97249858958676,36.52608573800002],[2.977867676495868,36.52578745539396],[2.982043632980731,36.523102911939404],[2.987114437283778,36.519225238060606],[2.989500698132271,36.51743554242423],[2.993378372011072,36.51683897721211],[2.99665948067775,36.51713725981817],[2.999344024132304,36.51594412939392],[3.006204524071721,36.51564584678786],[3.015153002253569,36.517137259818156],[3.022610067405109,36.518628672848465],[3.035436219465758,36.51952352066665],[3.041700154193052,36.52012008587877],[3.049157219344592,36.51982180327271],[3.057807414920378,36.518628672848465],[3.063474784435549,36.518628672848465],[3.075406088678013,36.51952352066665],[3.079880327768937,36.52429604236364],[3.082564871223492,36.5245943249697],[3.088828805950785,36.525190890181825],[3.094496175465956,36.525489172787886],[3.099268697162942,36.526384020606066],[3.107620610132666,36.526384020606066],[3.111498284011467,36.527278868424254],[3.114182827466021,36.5323496727273],[3.118358783950884,36.53771875963641],[3.120745044799377,36.54099986830309],[3.125517566496363,36.54189471612127],[3.132676349041841,36.54159643351521],[3.140729979405505,36.54129815090915],[3.142817957647936,36.54219299872734],[3.146397348920675,36.54487754218189],[3.151766435829784,36.54756208563644],[3.158030370557078,36.55203632472737],[3.166680566132864,36.560388237697104],[3.172347935648034,36.56874015066683],[3.175927326920774,36.572319541939564],[3.179208435587451,36.57560065060625],[3.183086109466252,36.579776607091105],[3.185770652920807,36.58305771575778],[3.188753478981423,36.586637107030526],[3.189350044193546,36.5899182156972],[3.191736305042039,36.59439245478813],[3.193526000678408,36.597971846060865],[3.197105391951148,36.60244608515179],[3.20128134843601,36.60632375903059],[3.204264174496626,36.608710019879084],[3.212616087466351,36.6116928459397],[3.217388609163337,36.61407910678819],[3.223950826496692,36.617360215454866],[3.227828500375493,36.62123788933367],[3.232004456860355,36.62392243278823],[3.236180413345218,36.626606976242776],[3.243339195890696,36.62929151969733],[3.251691108860421,36.62988808490946],[3.254972217527099,36.63048465012158],[3.263025847890762,36.63048465012158],[3.26809665219381,36.62988808490946],[3.273167456496857,36.62869495448521],[3.27943139122415,36.62839667187915],[3.284203912921136,36.62929151969733],[3.288976434618122,36.63078293272764],[3.294942086739354,36.63137949793976],[3.301504304072709,36.63078293272764],[3.30717167358788,36.6310812153337],[3.315225303951543,36.635257171818566],[3.319102977830344,36.64092454133374],[3.321489238678836,36.64867988909134],[3.328946303830377,36.654048976000446],[3.334911955951608,36.654943823818634],[3.343562151527395,36.655838671636815],[3.350422651466812,36.65882149769743],[3.360265977466845,36.664488867212604],[3.363547086133523,36.6683665410914],[3.369512738254755,36.674033910606575]]}},{"type":"Feature","properties":{"accuracy":"200000","activity_confidence":"1","average_dip":"(35,20,50)","average_rake":"","catalog_id":"NAF_50","catalog_name":"GEM_N_Africa","dip_dir":"S","downthrown_side_dir":"N","epistemic_quality":"1","exposure_quality":"2","fs_name":"Mitidja Thrust","last_movement":"2003","name":"Mitidja Thrust","net_slip_rate":"","notes":"Ruptured in the 2003 Zemmouri earthquake (M6.8), 0.5 m slip.","reference":"Mouache et al., 2003","shortening_rate":"","slip_type":"Reverse","strike_slip_rate":"","vert_sep_rate":""},"geometry":{"type":"LineString","coordinates":[[3.371302433891125,36.67552532363688],[3.375776672982049,36.67820986709144],[3.38144404249722,36.681192693152056],[3.38711141201239,36.683280671394485],[3.396059890194238,36.6886497583036],[3.408886042254887,36.692527432182395],[3.416343107406427,36.69819480169757],[3.420817346497351,36.70624843206123],[3.427379563830707,36.711319236364275],[3.432152085527692,36.71400377981883],[3.441398846315602,36.72474195363705],[3.448557628861081,36.729812757940095],[3.459892367891421,36.740550931758314],[3.469437411285393,36.74502517084924],[3.481070432921795,36.7492011273341],[3.48942234589152,36.75486849684927],[3.498967389285492,36.76113243157656],[3.505827889224908,36.767098083697796],[3.519847171709804,36.786486453091804],[3.534761302012884,36.79245210521304],[3.547885736679595,36.79841775733427],[3.562799866982675,36.81154219200098],[3.579503692922124,36.823473496243444],[3.590838431952466,36.8300357135768],[3.605155997043422,36.84137045260714],[3.61410447522527,36.84733610472837],[3.626035779467735,36.85807427854659],[3.643932735831431,36.87776093054666],[3.656460605286018,36.88670940872851],[3.665409083467866,36.897447582546725],[3.683306039831563,36.90579949551645],[3.700009865771013,36.9147479736983],[3.711941170013477,36.9225033214559],[3.721486213407448,36.92966210400137],[3.739383169771144,36.94875219078932],[3.751911039225732,36.95829723418329],[3.768018299953058,36.9636663210924],[3.782932430256138,36.97142166885],[3.799636256195588,36.97738732097123],[3.821112603832024,36.983352973092465],[3.827078255953256,36.985142668728834]]}},{"type":"Feature","properties":{"accuracy":"100000","activity_confidence":"2","average_dip":"(55,30,80)","average_rake":"","catalog_id":"NAF_51","catalog_name":"GEM_N_Africa","dip_dir":"N","downthrown_side_dir":"S","epistemic_quality":"2","exposure_quality":"2","fs_name":"","last_movement":"","name":"","net_slip_rate":"","notes":"Consistent pattern of right-offset stream drainages. Looks like a dextral fault that swings around into a thrust. The high topo in hanging wall may not be coincidental.","reference":"DEM","shortening_rate":"","slip_type":"Dextral-Reverse","strike_slip_rate":"","vert_sep_rate":""},"geometry":{"type":"LineString","coordinates":[[3.866339703976126,36.42366294814365],[3.871708790885235,36.42306638293152],[3.877525301703436,36.42217153511334],[3.882297823400422,36.42112754599212],[3.890053171158023,36.41993441556788],[3.894825692855009,36.41978527426485],[3.899449073248964,36.41903956774969],[3.90437073624898,36.418890426446666],[3.909441540552027,36.41814471993151],[3.914363203552044,36.417249872113324],[3.921521986097523,36.41620588299211],[3.926443649097539,36.416355024295136],[3.933304149036956,36.41531103517392],[3.938524094643034,36.41590760038605],[3.942849192430927,36.41590760038605],[3.951499388006714,36.416056741689076],[3.955973627097638,36.41590760038605],[3.961193572703716,36.415758459083015],[3.967755790037071,36.415460176476955],[3.972975735643149,36.415460176476955],[3.982222496431059,36.41501275256786],[3.991021833309876,36.41381962214361],[3.996540061522016,36.4127756330224],[4.002207431037187,36.41188078520421],[4.015033583097836,36.408003111325414],[4.024578626491807,36.406511698295105],[4.04008932200701,36.4050202852648],[4.048441234976735,36.40442372005267],[4.057389713158583,36.40352887223449],[4.066934756552555,36.40531856787086],[4.086024843340497,36.40412543744661],[4.094973321522345,36.4050202852648],[4.102132104067824,36.40472200265873],[4.10899260400724,36.40472200265873],[4.124205016916383,36.40710826350722],[4.134048342916415,36.40830139393147],[4.153734994916482,36.40531856787085],[4.161788625280145,36.40472200265872],[4.176404472977163,36.40382715484054],[4.186546081583257,36.403230589628414],[4.206232733583324,36.403230589628414],[4.228902211644005,36.400546046173865],[4.24083351588647,36.402932307022354],[4.254554515765303,36.402634024416294],[4.263502993947151,36.40352887223448],[4.273942885159308,36.40710826350722],[4.283786211159341,36.4080031113254],[4.297208928432113,36.41128421999208],[4.314509319583687,36.4181447199315],[4.325247493401904,36.420829263386054],[4.33180971073526,36.420829263386054],[4.350004949705018,36.419636132961806],[4.368498471280837,36.41784643732544],[4.384605732008164,36.41546017647695],[4.400414710129429,36.418443002537565],[4.424277318614357,36.419337850355745]]}},{"type":"Feature","properties":{"accuracy":"50000","activity_confidence":"2","average_dip":"(90,,)","average_rake":"","catalog_id":"NAF_52","catalog_name":"GEM_N_Africa","dip_dir":"","downthrown_side_dir":"","epistemic_quality":"2","exposure_quality":"2","fs_name":"","last_movement":"","name":"Thenia Fault","net_slip_rate":"","notes":"","reference":"Boudiaf et al., 1998 Terra Nova","shortening_rate":"","slip_type":"Dextral","strike_slip_rate":"","vert_sep_rate":""},"geometry":{"type":"LineString","coordinates":[[3.488415642096075,36.75192295611446],[3.495574424641553,36.750133260478094],[3.502733207187032,36.748343564841726],[3.511383402762818,36.74536073878111],[3.516454207065866,36.7438693257508],[3.52092844615679,36.74237791272049],[3.525999250459837,36.739693369265936],[3.530175206944699,36.739096804053816],[3.536439141671993,36.73730710841745],[3.54329964161141,36.73641226059926],[3.548072163308396,36.7337277171447],[3.553142967611443,36.7322363041144],[3.562986293611476,36.729253478053785],[3.568653663126646,36.72746378241741],[3.573426184823632,36.72567408678104],[3.57670729349031,36.72388439114467],[3.579391836944864,36.722691260720424],[3.583866076035788,36.72149813029618],[3.586550619490342,36.721199847690116],[3.588340315126712,36.720304999871935],[3.590726575975205,36.71911186944769]]}},{"type":"Feature","properties":{"accuracy":"50000","activity_confidence":"1","average_dip":"(65,45,89)","average_rake":"","catalog_id":"NAF_53","catalog_name":"GEM_N_Africa","dip_dir":"N","downthrown_side_dir":"N","epistemic_quality":"1","exposure_quality":"1","fs_name":"Gafsa Fault","last_movement":"","name":"","net_slip_rate":"","notes":"","reference":"Said et al., 2011 Tectonophysics","shortening_rate":"","slip_type":"Dextral","strike_slip_rate":"","vert_sep_rate":""},"geometry":{"type":"LineString","coordinates":[[8.3987439030822,34.64567490406197],[8.402621576961002,34.64358692581954],[8.404709555203432,34.64179723018317],[8.407394098657987,34.639112686728616],[8.410675207324665,34.63642814327406],[8.412166620354972,34.63434016503163],[8.415746011627713,34.631953904183135],[8.418430555082267,34.629865925940706],[8.421413381142882,34.62718138248615],[8.425291055021683,34.62419855642553],[8.427975598476237,34.621812295577044],[8.431554989748976,34.61912775212249],[8.435432663627777,34.61614492606187],[8.439012054900518,34.61375866521338],[8.441100033142948,34.612267252183074],[8.447960533082366,34.60540675224365],[8.453329619991473,34.60063423054667],[8.460786685143015,34.594966861031494],[8.46376951120363,34.59138746975876],[8.47122657635517,34.584825252425404],[8.475402532840032,34.582737274182975],[8.48226303277945,34.57856131769811],[8.485842424052189,34.57498192642537],[8.49180807617342,34.57140253515263],[8.495685750052221,34.56722657866777],[8.498668576112838,34.564542035213215],[8.503142815203763,34.5615592091526],[8.50642392387044,34.55947123091017],[8.510599880355302,34.55619012224349],[8.514179271628041,34.553505578788936],[8.516863815082596,34.55111931794044],[8.520144923749273,34.54783820927376],[8.522829467203827,34.54485538321315],[8.526110575870506,34.54187255715253],[8.52879511932506,34.53799488327373],[8.529988249749307,34.5359069050313]]}},{"type":"Feature","properties":{"accuracy":"70000","activity_confidence":"1","average_dip":"(65,45,80)","average_rake":"","catalog_id":"NAF_54","catalog_name":"GEM_N_Africa","dip_dir":"N","downthrown_side_dir":"S","epistemic_quality":"1","exposure_quality":"1","fs_name":"Gafsa Fault","last_movement":"","name":"Gafsa Fault","net_slip_rate":"","notes":"","reference":"Said et al., 2011 Tectonophysics","shortening_rate":"","slip_type":"Dextral-Reverse","strike_slip_rate":"","vert_sep_rate":""},"geometry":{"type":"LineString","coordinates":[[8.50642392387044,34.56245405697078],[8.511793010779549,34.56066436133441],[8.51596896726441,34.55857638309198],[8.524619162840198,34.555593557031365],[8.530286532355367,34.55261073097075],[8.532971075809922,34.55052275272831],[8.540726423567524,34.547539926667696],[8.546393793082695,34.54575023103133],[8.551762879991804,34.54306568757678],[8.555640553870603,34.54097770933434],[8.560114792961528,34.53888973109191],[8.568764988537314,34.53650347024342],[8.573537510234301,34.535310339819176],[8.581889423204025,34.53202923115249],[8.587556792719196,34.530239535516124],[8.592329314416181,34.52725670945551],[8.609629705567754,34.51472884000092],[8.616788488113233,34.50846490527363],[8.62364898805265,34.50160440533421],[8.629614640173882,34.49593703581904],[8.634387161870867,34.491164514122055],[8.640054531386038,34.48579542721295],[8.6442304878709,34.481022905515964],[8.65347724865881,34.47595210121291],[8.660337748598227,34.472074427334114],[8.66481198768915,34.470583014303806],[8.67197077023463,34.46730190563713],[8.679129552780108,34.46372251436439],[8.687481465749833,34.46044140569771],[8.692253987446819,34.45775686224316],[8.696728226537743,34.45477403618254],[8.705080139507468,34.453580905758294],[8.709554378598392,34.451791210121925],[8.718204574174178,34.44940494927343],[8.724468508901472,34.44761525363706],[8.730135878416643,34.444632427576444],[8.740277487022738,34.43926334066734],[8.750717378234892,34.43478910157641],[8.759665856416742,34.42852516684912],[8.769807465022836,34.421962949515766],[8.778755943204684,34.4177869930309],[8.789494117022901,34.414505884364225],[8.797249464780503,34.41122477569755],[8.806794508174475,34.406153971394495],[8.816637834174507,34.40138144969751],[8.830060551447279,34.39362610193992],[8.847360942598852,34.382291362909584],[8.85988881205344,34.37036005866712],[8.87301324672015,34.35842875442466],[8.880172029265628,34.352463102303425]]}},{"type":"Feature","properties":{"accuracy":"60000","activity_confidence":"1","average_dip":"(45,20,65)","average_rake":"","catalog_id":"NAF_55","catalog_name":"GEM_N_Africa","dip_dir":"S","downthrown_side_dir":"N","epistemic_quality":"1","exposure_quality":"2","fs_name":"Gafsa Fault","last_movement":"","name":"Stah Thrust","net_slip_rate":"","notes":"","reference":"Said et al., 2011","shortening_rate":"","slip_type":"Reverse","strike_slip_rate":"","vert_sep_rate":""},"geometry":{"type":"LineString","coordinates":[[8.504932510840133,34.41003164527332],[8.51209129338561,34.415997297394554],[8.513284423809857,34.4210681016976],[8.515670684658351,34.4288234494552],[8.520443206355337,34.4428427319401],[8.529689967143247,34.454177470970436],[8.534462488840232,34.46044140569773],[8.542516119203896,34.4661087752129],[8.549376619143311,34.46968816648564],[8.56011479296153,34.474162405576564],[8.568168423325194,34.47565381860687],[8.579204879749472,34.47953149248568],[8.584872249264643,34.482216035940226],[8.59352244484043,34.48549714460691],[8.60097950999197,34.48818168806146],[8.61022627077988,34.48847997066753],[8.617385053325357,34.48967310109177],[8.625140401082959,34.490269666303895],[8.632299183628438,34.48997138369783]]}},{"type":"Feature","properties":{"accuracy":"50000","activity_confidence":"1","average_dip":"(40,20,70)","average_rake":"","catalog_id":"NAF_56","catalog_name":"GEM_N_Africa","dip_dir":"S","downthrown_side_dir":"N","epistemic_quality":"2","exposure_quality":"2","fs_name":"","last_movement":"","name":"Berda Thrust","net_slip_rate":"","notes":"Blind","reference":"Said et al., 2011","shortening_rate":"None","slip_type":"Reverse","strike_slip_rate":"","vert_sep_rate":""},"geometry":{"type":"LineString","coordinates":[[9.031401310538861,34.24418651630307],[9.020961419326703,34.24224767936367],[9.014995767205471,34.24090540763639],[9.01111809332667,34.24001055981821],[9.005599865114531,34.23911571200002],[8.99799365865996,34.238966570696995],[8.987852050053865,34.23807172287881],[8.980096702296263,34.23747515766669],[8.96667398502349,34.2346414729091],[8.958023789447704,34.232404353363634],[8.950566724296165,34.22852667948484],[8.945346778690087,34.22554385342422],[8.93639830050824,34.220174766515115],[8.93117835490216,34.21629709263631],[8.922975583235466,34.207796038363554],[8.918948768053635,34.198847560181704],[8.910895137689971,34.19362761457563],[8.902841507326308,34.184529995090756],[8.892401616114151,34.17856434296952],[8.88464626835655,34.17379182127254],[8.876592637992886,34.167826169151304],[8.873311529326209,34.16365021266644]]}},{"type":"Feature","properties":{"accuracy":"50000","activity_confidence":"1","average_dip":"(30,10,65)","average_rake":"","catalog_id":"NAF_57","catalog_name":"GEM_N_Africa","dip_dir":"N","downthrown_side_dir":"S","epistemic_quality":"1","exposure_quality":"1","fs_name":"Gafsa Fault","last_movement":"","name":"Orbata Thrust","net_slip_rate":"","notes":"","reference":"Said et al., 2011","shortening_rate":"(0.2, 0.1, 0.4)","slip_type":"Reverse","strike_slip_rate":"","vert_sep_rate":""},"geometry":{"type":"LineString","coordinates":[[8.880768594477749,34.35097168927313],[8.888822224841412,34.350375124061],[8.896875855205074,34.350375124061],[8.900753529083875,34.35067340666706],[8.906719181205109,34.350375124061],[8.911789985508156,34.350375124061],[8.915667659386957,34.35186653709131],[8.921335028902126,34.35186653709131],[8.926704115811235,34.35246310230344],[8.932669767932467,34.35007684145494],[8.938933702659762,34.34918199363676],[8.94400450696281,34.348585428424634],[8.949075311265856,34.347988863212514],[8.952356419932533,34.347988863212514],[8.956234093811334,34.346497450182206],[8.96488428938712,34.34530431975796],[8.971744789326538,34.34560260236402],[8.97621902841746,34.347392298000386],[8.982184680538694,34.348883711030695],[8.990536593508418,34.34977855884888],[8.998590223872082,34.34918199363676],[9.007836984659992,34.347690580606454],[9.015890615023656,34.347690580606454],[9.025137375811564,34.3450060371519],[9.034682419205536,34.34232149369734],[9.04303433217526,34.34172492848522],[9.051684527751048,34.339636950242785],[9.061229571145017,34.34172492848522],[9.070178049326865,34.3450060371519],[9.075845418842036,34.347988863212514],[9.085688744842068,34.35097168927313],[9.092549244781486,34.35365623272768],[9.105375396842135,34.35455108054587],[9.115517005448229,34.358428754424665],[9.127150027084632,34.36081501527316],[9.137888200902848,34.35902531963679],[9.147731526902882,34.357235624000424],[9.15697828769079,34.356340776182236],[9.16771646150901,34.356639058788296],[9.173980396236303,34.357533906606484],[9.180542613569658,34.358428754424665],[9.18620998308483,34.35902531963679],[9.194561896054553,34.36021845006104],[9.200229265569725,34.36141158048528],[9.210669156781881,34.36349955872772],[9.216634808903112,34.365289254364086],[9.22737298272133,34.36857036303076],[9.234233482660747,34.37185147169744],[9.239304286963794,34.374536015151996],[9.248551047751704,34.37751884121261],[9.260482351994169,34.378711971636854],[9.272115373630571,34.38109823248535],[9.28106385181242,34.38467762375809],[9.289117482176081,34.38825701503083],[9.296574547327623,34.39153812369751],[9.303136764660978,34.39959175406117],[9.305821308115531,34.40734710181877],[9.30731272114584,34.413909319152125],[9.310742971115552,34.41629558000062],[9.316410340630721,34.42121724300063],[9.318349177570122,34.42509491687944],[9.318349177570122,34.4292708733643],[9.320586297115584,34.435833090697656],[9.324762253600447,34.43956162327343],[9.329833057903494,34.44120217760676],[9.33281588396411,34.442544449334044],[9.335351286115634,34.44493071018253],[9.338334112176247,34.4486592427583],[9.339527242600493,34.45194035142498],[9.342808351267172,34.45432661227347],[9.34429976429748,34.458204286152274],[9.34429976429748,34.46297680784926],[9.343106633873232,34.46536306869775],[9.341018655630801,34.47103043821292],[9.340422090418679,34.47848750336446],[9.343703199085356,34.486242851122064],[9.350265416418711,34.48385659027357],[9.35384480769145,34.47878578597052],[9.360407025024806,34.4743115468796],[9.366372677146037,34.47103043821292],[9.373531459691517,34.46953902518261],[9.384269633509733,34.46924074257655],[9.38934043781278,34.468644177364425],[9.395604372540076,34.467749329546244],[9.401271742055245,34.468345894758365],[9.4078339593886,34.46894245997049],[9.411711633267402,34.4704338730008],[9.415887589752264,34.47401326427354],[9.423941220115926,34.476697807728094],[9.425730915752297,34.476697807728094],[9.432293133085652,34.475206394697786],[9.438258785206884,34.474908112091725],[9.443329589509931,34.475206394697786],[9.452576350297841,34.477890938152335],[9.455260893752396,34.48027719900083],[9.46331452411606,34.48027719900082],[9.470771589267601,34.47759265554627],[9.47643895878277,34.47490811209171],[9.480614915267633,34.47431154687959],[9.48389602393431,34.47520639469777],[9.488668545631297,34.47550467730383],[9.493441067328282,34.47460982948565],[9.49851187163133,34.47431154687959],[9.502986110722253,34.47371498166746],[9.510890599782885,34.47132872081897],[9.5158122627829,34.46864417736441],[9.519839077964733,34.46610877521289],[9.527743567025365,34.46282766654621],[9.533709219146596,34.4613362535159],[9.538034316934489,34.46193281872803],[9.541315425601168,34.463871655667425],[9.544298251661784,34.46491564478865],[9.549965621176954,34.46506478609167],[9.554589001570909,34.4656613513038],[9.559659805873956,34.467003623031076],[9.562940914540635,34.468495036061384],[9.56592374060125,34.471477862122],[9.56771343623762,34.474908112091704],[9.570994544904297,34.47565381860686],[9.576811055722498,34.47520639469777],[9.582776707843731,34.47475897078868],[9.589338925177087,34.47475897078868],[9.59366402296498,34.47580295990989],[9.602761642449858,34.47759265554626],[9.60708674023775,34.47938235118263],[9.61081527281352,34.48087376421295],[9.617526631449905,34.482812601152354],[9.621851729237799,34.48445315548569],[9.628413946571154,34.48698855763721],[9.632888185662077,34.48847997066752],[9.638108131268156,34.49131365542511],[9.64243322905605,34.49355077497057],[9.645117772510604,34.49548961190997],[9.652276555056082,34.496086177122095],[9.659733620207627,34.49593703581907],[9.666892402753106,34.49504218800088],[9.676437446147077,34.49504218800088],[9.68270138087437,34.49832329666756],[9.68986016341985,34.501604405334234],[9.696720663359265,34.5033941009706],[9.702388032874437,34.50518379660697],[9.708353684995668,34.50637692703122],[9.715512467541148,34.50607864442516],[9.71998670663207,34.50667520963728],[9.725654076147242,34.50727177484941]]}},{"type":"Feature","properties":{"accuracy":"100000","activity_confidence":"1","average_dip":"(20,10,40)","average_rake":"","catalog_id":"NAF_58","catalog_name":"GEM_N_Africa","dip_dir":"N","downthrown_side_dir":"S","epistemic_quality":"1","exposure_quality":"2","fs_name":"Chotts Thrust","last_movement":"","name":"","net_slip_rate":"","notes":"Blind","reference":"Said et al., 2011","shortening_rate":"None","slip_type":"Reverse","strike_slip_rate":"","vert_sep_rate":""},"geometry":{"type":"LineString","coordinates":[[7.506133204442849,33.72845589042256],[7.527609552079284,33.7242799339377],[7.547892769291472,33.721297107877085],[7.561017203958183,33.72249023830133],[7.572948508200647,33.72726275999832],[7.580703855958249,33.72964902084681],[7.589652334140097,33.73442154254379],[7.604566464443177,33.73740436860441],[7.623059986018997,33.74515971636201],[7.634991290261461,33.74814254242263],[7.646922594503925,33.75530132496811],[7.654677942261527,33.76484636836208],[7.663626420443375,33.77081202048331],[7.673171463837346,33.778567368240914],[7.684506202867688,33.78990210727125],[7.690471854988919,33.79527119418036],[7.701210028807138,33.80362310715009],[7.715527593898094,33.816150976604675],[7.725669202504188,33.82211662872591],[7.729845158989051,33.83166167211988],[7.734617680686037,33.84299641115022],[7.739986767595146,33.84717236763508],[7.744162724080009,33.8477689328472]]}},{"type":"Feature","properties":{"accuracy":"50000","activity_confidence":"1","average_dip":"(20,10,50)","average_rake":"","catalog_id":"NAF_59","catalog_name":"GEM_N_Africa","dip_dir":"N","downthrown_side_dir":"S","epistemic_quality":"1","exposure_quality":"1","fs_name":"Chotts Thrust","last_movement":"","name":"","net_slip_rate":"","notes":"blind","reference":"Said et al., 2011 Tectonophysics","shortening_rate":"None","slip_type":"Reverse","strike_slip_rate":"","vert_sep_rate":""},"geometry":{"type":"LineString","coordinates":[[7.626341094685674,33.828380563453194],[7.632605029412968,33.83106510690775],[7.637079268503892,33.83225823733199],[7.645431181473617,33.83434621557443],[7.649905420564541,33.83643419381686],[7.656765920503958,33.83941701987747],[7.66273157262519,33.84180328072596],[7.671083485594915,33.84418954157446],[7.677943985534331,33.84866378066538],[7.683611355049503,33.85134832411994],[7.687489028928303,33.85194488933206],[7.696437507110152,33.85045347630175],[7.704192854867753,33.849558628483564],[7.713439615655663,33.84836549805932],[7.72984515898905,33.849260345877504],[7.737003941534529,33.849260345877504],[7.744759289292131,33.85105004151387],[7.75191807183761,33.85313801975631],[7.759375136989149,33.856717411029045],[7.768025332564936,33.858507106665414],[7.77428926729223,33.86208649793816],[7.779658354201339,33.86447275878665],[7.782641180261955,33.866262454423016],[7.790098245413495,33.86954356308969],[7.796362180140789,33.87252638915031],[7.802029549655959,33.87282467175637],[7.808890049595376,33.87282467175637],[7.814259136504485,33.87222810654425],[7.82082135383784,33.87073669351394],[7.832156092868181,33.86954356308969],[7.842297701474275,33.86894699787757],[7.850053049231877,33.867455584847264],[7.860791223050095,33.867455584847264],[7.867950005595573,33.86685901963514],[7.87660020117136,33.865665889210895],[7.887338374989578,33.86447275878665],[7.906130179171458,33.86447275878666],[7.923132287716969,33.86298134575635],[7.944012070141282,33.86178821533211],[7.960119330868608,33.86268306315029],[7.974138613353504,33.86477104139273],[7.982490526323229,33.86596417181697],[7.992632134929323,33.86715730224122],[8.009335960868773,33.869841845695774],[8.016793026020313,33.87103497612002],[8.032303721535515,33.87401780218063],[8.042147047535549,33.87550921521094],[8.051095525717397,33.87670234563519],[8.065413090808352,33.879983454301865],[8.077940960262941,33.88296628036248],[8.089275699293282,33.88624738902916],[8.106277807838794,33.891616475938264],[8.119700525111565,33.8975821280595],[8.127157590263105,33.90354778018073],[8.137000916263139,33.91846191048381],[8.144457981414678,33.928603519089904],[8.156985850869265,33.935464019029325],[8.168618872505668,33.94083310593843],[8.177269068081454,33.94441249721117],[8.192183198384535,33.95007986672635],[8.207395611293677,33.95425582321121]]}},{"type":"Feature","properties":{"accuracy":"50000","activity_confidence":"1","average_dip":"(20,10,50)","average_rake":"","catalog_id":"NAF_60","catalog_name":"GEM_N_Africa","dip_dir":"N","downthrown_side_dir":"S","epistemic_quality":"1","exposure_quality":"1","fs_name":"Chotts Thrust","last_movement":"","name":"Chotts Thrust","net_slip_rate":"","notes":"","reference":"Said et al., 2011","shortening_rate":"(0.1, 0.05, 0.2)","slip_type":"Reverse","strike_slip_rate":"","vert_sep_rate":""},"geometry":{"type":"LineString","coordinates":[[8.174882807232963,33.981399540362816],[8.191586633172413,33.980206409938575],[8.199938546142139,33.982592670787064],[8.210080154748233,33.98617206205981],[8.217238937293711,33.989751453332545],[8.223801154627067,33.99452397502953],[8.231556502384668,33.999296496726515],[8.241698110990763,34.00347245321138],[8.247663763111996,34.00585871405987],[8.25064658917261,34.00764840969624],[8.25601567608172,34.010034670544734],[8.262577893415076,34.010631235756854],[8.273316067233294,34.01301749660535],[8.281071414990896,34.01659688787809],[8.28942332796062,34.019579713938704],[8.299564936566714,34.02375567042357],[8.304934023475827,34.02897561602964],[8.30925912126372,34.03091445296904],[8.316417903809198,34.033151572514505],[8.321041284203153,34.033748137726626],[8.327006936324384,34.03509040945391],[8.335060566688048,34.037178387696336],[8.340578794900187,34.03792409421149],[8.348334142657789,34.03852065942362],[8.35400151217296,34.039266365938765],[8.364292262082085,34.04120520287817],[8.37085447941544,34.043889746332724],[8.375477859809395,34.04567944196909],[8.382189218445781,34.04866226802971],[8.386216033627614,34.051346811484265],[8.388900577082168,34.05283822451457],[8.392479968354907,34.05552276796912],[8.396208500930676,34.05761074621156],[8.401726729142817,34.05895301793883],[8.407841522567079,34.05984786575702],[8.41350889208225,34.06044443096914],[8.41887797899136,34.06104099618126],[8.426782468051991,34.061786702696416],[8.434836098415655,34.06223412660551],[8.442740587476287,34.063278115726725],[8.447960533082366,34.06342725702976],[8.453627902597535,34.06447124615097],[8.45810214168846,34.0650678113631],[8.467796326385463,34.0650678113631],[8.47480596762791,34.0650678113631],[8.481368184961266,34.06536609396916],[8.48807954359765,34.06611180048431],[8.493448630506759,34.06551523527219],[8.497773728294652,34.06476952875703],[8.500756554355268,34.06447124615097],[8.505529076052254,34.06447124615097],[8.5105998803553,34.06432210484794],[8.514775836840164,34.06447124615097],[8.518355228112902,34.06432210484794],[8.522978608506858,34.06283069181763],[8.526707141082628,34.06193584399945],[8.532374510597798,34.06104099618126],[8.53655046708266,34.0607427135752],[8.544902380052386,34.059847865757014],[8.55116631477968,34.0607427135752],[8.560263934264558,34.06044443096914],[8.566527868991852,34.06029528966611],[8.573090086325207,34.06044443096914],[8.580248868870685,34.06133927878732],[8.58487224926464,34.06208498530248],[8.591881890507088,34.062979833120664],[8.59784754262832,34.06432210484794],[8.601874357810152,34.064620387454],[8.607989151234413,34.06536609396915],[8.616341064204137,34.065664376575214],[8.621113585901123,34.06715578960552],[8.626780955416294,34.06775235481764],[8.630956911901157,34.06715578960552],[8.638115694446634,34.064620387454],[8.641695085719375,34.06148842009035],[8.653477248658808,34.058953017938826],[8.657504063840639,34.0588038766358],[8.666303400719457,34.05746160490852],[8.67435703108312,34.05656675709034],[8.678980411477076,34.0568650396964],[8.686884900537708,34.05582105057518],[8.692104846143785,34.05388221363578],[8.699561911295326,34.05268908321153],[8.706273269931712,34.05179423539335],[8.713133769871128,34.05075024627213],[8.7207399763257,34.05075024627213],[8.730434161022702,34.050004539756976],[8.736698095749995,34.05045196366607],[8.743707736992443,34.0510485288782],[8.747734552174276,34.05209251799941],[8.753998486901565,34.05432963754487],[8.759665856416737,34.05671589839336],[8.766526356356154,34.05999700706004],[8.771597160659201,34.06357639833278],[8.78054563884105,34.06596265918127],[8.785616443144097,34.06834892002976],[8.795758051750191,34.06954205045401],[8.806496225568408,34.069243767847944],[8.81395329071995,34.067155789605515],[8.822006921083611,34.066260941787334],[8.83274509490183,34.066857506999455],[8.84199185568974,34.066559224393394],[8.847957507810971,34.066559224393394],[8.854818007750389,34.06566437657521],[8.86287163811405,34.06447124615096],[8.871223551083776,34.06268155051459],[8.87748748581107,34.06208498530247],[8.884347985750487,34.06178670269641],[8.890313637871719,34.05999700706004],[8.898367268235383,34.05880387663579],[8.908508876841477,34.058207311423665],[8.919545333265756,34.05940044184791],[8.926704115811235,34.05940044184791],[8.935950876599145,34.056417615787296],[8.941319963508253,34.05522448536305],[8.947583898235548,34.05462792015093],[8.958322072053766,34.0525399419085],[8.969955093690169,34.05224165930244],[8.97920185447808,34.05313650712062],[8.989641745690236,34.05313650712062],[9.001573049932698,34.057312463605484],[9.013206071569101,34.05940044184791],[9.025137375811566,34.0641729635449],[9.032296158357044,34.06834892002976]]}},{"type":"Feature","properties":{"accuracy":"30000","activity_confidence":"2","average_dip":"(20,10,50)","average_rake":"","catalog_id":"NAF_61","catalog_name":"GEM_N_Africa","dip_dir":"N","downthrown_side_dir":"S","epistemic_quality":"1","exposure_quality":"1","fs_name":"","last_movement":"","name":"","net_slip_rate":"","notes":"","reference":"DEM","shortening_rate":"(0.1, 0.01, 0.2)","slip_type":"Reverse","strike_slip_rate":"","vert_sep_rate":""},"geometry":{"type":"LineString","coordinates":[[7.498228715382217,34.45880085136439],[7.505089215321633,34.45581802530377],[7.51016001962468,34.45432661227346],[7.514634258715605,34.45313348184922],[7.520301628230774,34.452089492728014],[7.524328443412606,34.452089492728014],[7.527460410776253,34.45179121012195],[7.529100965109592,34.451194644909826],[7.534768334624762,34.450598079697706],[7.536558030261132,34.45104550360679],[7.538496867200532,34.45134378621286],[7.540883128049025,34.45044893839467],[7.543418530200548,34.45000151448558],[7.546103073655103,34.449255807970424],[7.55102473665512,34.44851010145527],[7.554454986624828,34.44821181884921],[7.558183519200598,34.448062677546176],[7.561315486564244,34.447764394940116],[7.563552606109707,34.44836096015224],[7.569070834321846,34.4486592427583],[7.573097649503678,34.448957525364364]]}},{"type":"Feature","properties":{"accuracy":"20000","activity_confidence":"2","average_dip":"(20,10,50)","average_rake":"","catalog_id":"NAF_62","catalog_name":"GEM_N_Africa","dip_dir":"N","downthrown_side_dir":"S","epistemic_quality":"2","exposure_quality":"1","fs_name":"","last_movement":"","name":"","net_slip_rate":"","notes":"","reference":"DEM","shortening_rate":"(0.1, 0.001, 0.2)","slip_type":"Reverse","strike_slip_rate":"","vert_sep_rate":""},"geometry":{"type":"LineString","coordinates":[[7.501211541442832,34.442842731940104],[7.505238356624664,34.44179874281889],[7.508668606594373,34.441053036303735],[7.511949715261051,34.440754753697675],[7.515976530442882,34.43971076457646],[7.520599910836837,34.43911419936434],[7.524179302109577,34.43881591675827],[7.529100965109593,34.43851763415221],[7.531487225958085,34.438368492849186],[7.536558030261133,34.438368492849186],[7.539391715018718,34.438666775455246],[7.543865954109642,34.438666775455246],[7.548041910594504,34.438666775455246],[7.55281443229149,34.438666775455246],[7.557885236594537,34.438666775455246],[7.560718921352123,34.43807021024312],[7.56385088871577,34.43687707981888],[7.567131997382448,34.4350873841825],[7.574439921230956,34.43225369942492],[7.578168453806726,34.431209710303705],[7.583239258109774,34.43046400378855],[7.586967790685544,34.429420014667336],[7.590398040655252,34.428077742940054],[7.595170562352238,34.42688461251581],[7.598153388412854,34.425989764697626],[7.602627627503778,34.425094916879445],[7.610084692655319,34.4239017864552],[7.611874388291688,34.42330522124307],[7.615602920867458,34.4215155256067],[7.619033170837167,34.419874971273366],[7.624253116443245,34.41778699303093],[7.62857821423114,34.41689214521275],[7.633798159837217,34.41495330827335],[7.636930127200865,34.41480416697031],[7.642150072806942,34.41420760175819],[7.645282040170589,34.41450588436425],[7.65109855098879,34.41435674306123],[7.65467794226153,34.41495330827335],[7.659152181352454,34.4156990147885],[7.665117833473686,34.416743003909716],[7.668846366049456,34.417041286515776],[7.673618887746441,34.41733956912184],[7.677794844231304,34.417936134333964],[7.681970800716166,34.418234416940024],[7.684655344170721,34.41838355824306],[7.68823473544346,34.41942754736427],[7.691217561504076,34.42091896039458],[7.699569474473801,34.42405092775822],[7.701508311413201,34.42464749297035],[7.704043713564725,34.425691482091565],[7.707921387443526,34.42673547121278],[7.714781887382943,34.429121732061276],[7.718957843867805,34.42956915597036]]}},{"type":"Feature","properties":{"accuracy":"30000","activity_confidence":"2","average_dip":"(20,10,50)","average_rake":"","catalog_id":"NAF_63","catalog_name":"GEM_N_Africa","dip_dir":"N","downthrown_side_dir":"S","epistemic_quality":"2","exposure_quality":"2","fs_name":"","last_movement":"","name":"","net_slip_rate":"","notes":"","reference":"DEM","shortening_rate":"(0.1, 0.01, 0.2)","slip_type":"Reverse","strike_slip_rate":"","vert_sep_rate":""},"geometry":{"type":"LineString","coordinates":[[7.622314279503846,34.40854023224302],[7.630666192473571,34.40585568878847],[7.636780985897833,34.40451341706119],[7.642448355413004,34.40242543881876],[7.646475170594836,34.4001883192733],[7.650800268382729,34.39810034103087],[7.654528800958499,34.39660892800056],[7.658555616140331,34.39317867803085],[7.662880713928224,34.39168726500054],[7.66504326282217,34.389002721545985],[7.670188637776733,34.38669103134901],[7.67332060514038,34.38609446613688],[7.677421990973727,34.385870754182335],[7.682418224625259,34.386243607439916],[7.687563599579821,34.38676560200052],[7.69196326801923,34.38698931395507],[7.69748149623137,34.38639274874294],[7.703820001610179,34.386243607439916],[7.707772246140495,34.38579618353082],[7.713141333049603,34.38534875962173],[7.719703550382959,34.384603053106574],[7.725818343807221,34.38430477050051],[7.731038289413299,34.38355906398536],[7.73655651762544,34.383409922682326],[7.741179898019394,34.38385734659142],[7.745057571898195,34.38385734659142],[7.751321506625489,34.38326078137929],[7.754900897898228,34.382813357470205],[7.764893365201291,34.38251507486414],[7.769069321686154,34.382813357470205],[7.776675528140725,34.38355906398536],[7.789650821504405,34.38534875962173],[7.793677636686237,34.38579618353082],[7.799345006201407,34.38594532483385],[7.802476973565052,34.38818244437931],[7.809039190898408,34.3890772921975],[7.81873337559541,34.38758587916719],[7.826488723353012,34.38758587916719],[7.830664679837874,34.388629868288405],[7.836481190656075,34.38982299871265]]}},{"type":"Feature","properties":{"accuracy":"30000","activity_confidence":"1","average_dip":"(20,10,50)","average_rake":"","catalog_id":"NAF_64","catalog_name":"GEM_N_Africa","dip_dir":"N","downthrown_side_dir":"S","epistemic_quality":"1","exposure_quality":"1","fs_name":"El Guentass Thrust","last_movement":"","name":"El Guentass Thrust","net_slip_rate":"","notes":"","reference":"DEM","shortening_rate":"(0.1, 0.01, 0.2)","slip_type":"Reverse","strike_slip_rate":"","vert_sep_rate":""},"geometry":{"type":"LineString","coordinates":[[7.68107595289798,34.37326831407624],[7.68674332241315,34.36909235759138],[7.693156398443475,34.367153520651975],[7.697481496231368,34.364767259803486],[7.702254017928354,34.363126705470144],[7.705684267898062,34.36223185765196],[7.709263659170801,34.361635292439836],[7.713588756958695,34.36148615113681],[7.717764713443557,34.36088958592468],[7.72387950686782,34.36059130331862],[7.728502887261775,34.361038727227715],[7.736407376322408,34.36088958592468],[7.745057571898194,34.36238099895499],[7.74983009359518,34.362828422864084],[7.756094028322473,34.36357412937924],[7.762805386958859,34.364170694591365],[7.767577908655845,34.36357412937924],[7.772499571655861,34.36372327068227],[7.778465223777093,34.36372327068227],[7.782044615049832,34.364170694591365],[7.786518854140757,34.36431983589439],[7.791589658443804,34.36402155328833],[7.796511321443821,34.36342498807621],[7.801283843140806,34.36357412937924],[7.804415810504453,34.36431983589439],[7.813066006080239,34.36461811850045],[7.821567060352995,34.36402155328833],[7.826637864656043,34.36357412937924],[7.830664679837875,34.36491640110651],[7.837226897171229,34.36521468371258],[7.839911440625784,34.365065542409546],[7.845727951443985,34.36342498807621],[7.849456484019755,34.363126705470144],[7.852290168777341,34.36238099895499],[7.857360973080388,34.361038727227715],[7.862580918686466,34.36014387940953],[7.867502581686482,34.35939817289437],[7.87205139142892,34.35865246637922],[7.875257929444082,34.35880160768225],[7.880254163095614,34.35850332507619],[7.884952114141084,34.35783218921255],[7.889202641277462,34.35641534683376],[7.892036326035048,34.35343252077314],[7.894646298838087,34.35119540122768],[7.901283086822957,34.34731772734888],[7.90366934767145,34.34455861324281],[7.909038434580559,34.3391895263337],[7.910828130216928,34.33680326548521],[7.912692396504814,34.33449157528823],[7.915376939959368,34.33210531443974],[7.918508907323015,34.33001733619731],[7.921939157292723,34.328525923167],[7.925667689868494,34.326139662318504],[7.928948798535171,34.324648249288195],[7.932975613717002,34.323455118863954],[7.937300711504895,34.32181456453061],[7.93998525495945,34.320621434106364],[7.944459494050374,34.319130021076056],[7.946547472292806,34.31808603195484],[7.949977722262514,34.31599805371241],[7.952811407020099,34.314506640682104],[7.956838222201931,34.31376093416695],[7.96235645041407,34.311672955924514],[7.96787467862621,34.31152381462149],[7.970857504686826,34.31152381462149],[7.973392906838351,34.31144924396996],[7.977568863323213,34.310703537454806],[7.981744819808076,34.31055439615178],[7.986442770853546,34.31047982550026],[7.991513575156593,34.31003240159117],[7.995092966429332,34.310405254848746],[8.002624602232387,34.31144924396996],[8.00776997718695,34.313462651560876],[8.011722221717266,34.31487949393967],[8.019552140126384,34.317414896091194],[8.023206102050638,34.31875716781847],[8.029320895474902,34.31972658628817],[8.03386970521734,34.32047229280332],[8.037001672580987,34.321143428666964],[8.040581063853727,34.321814564530605],[8.04296732470222,34.322709412348786],[8.046323004020412,34.32405168407607],[8.048485552914359,34.32405168407607],[8.051170096368914,34.324200825379094],[8.05415292242953,34.324573678636675],[8.055868047414384,34.32509567319728],[8.057806884353786,34.325319385151836],[8.060305001179552,34.32565495308366],[8.062914973982592,34.32565495308366],[8.065897800043208,34.32565495308366],[8.069812759247766,34.32539395580335],[8.075219131482633,34.32487196124274],[8.080066223831134,34.3242008253791],[8.084242180315997,34.324051684076075],[8.088082568869039,34.32390254277304],[8.091512818838748,34.323716116144254],[8.094905783482698,34.323343262886674],[8.097553041611492,34.323417833538194],[8.101579856793323,34.322821268326074],[8.110975758884264,34.322821268326074],[8.114704291460034,34.323119550932134],[8.11932767185399,34.32297040962911],[8.122907063126728,34.322821268326074],[8.12872357394493,34.32267212702304],[8.13275038912676,34.322821268326074],[8.138268617338902,34.32207556181092],[8.146918812914688,34.32222470311395],[8.153033606338951,34.32297040962911],[8.162876932338984,34.32416354005335],[8.166307182308692,34.3249092465685],[8.172123693126894,34.325356670477596],[8.177791062642063,34.32580409438669],[8.183607573460264,34.32595323568972],[8.189424084278466,34.32669894220487],[8.195986301611821,34.32640065959881],[8.205382203702762,34.326848083507905],[8.212690127551271,34.32669894220487],[8.221489464430089,34.32759379002306],[8.22730597524829,34.32893606175033],[8.235956170824076,34.33042747478064],[8.238789855581663,34.33080032803821],[8.246246920733203,34.33042747478063],[8.25146686633928,34.32983090956851],[8.260340773869613,34.330054621523054],[8.265038724915083,34.32960719761396],[8.271600942248439,34.32968176826547],[8.277119170460578,34.32983090956851],[8.282339116066657,34.330725757386695],[8.288677621445466,34.331322322598815],[8.29345014314245,34.33176974650791],[8.297924382233376,34.33266459432609],[8.301876626763692,34.33273916497761],[8.305903441945523,34.33266459432609],[8.313285936445547,34.33251545302306],[8.32283097983952,34.33341030084125],[8.33416571886986,34.33400686605337],[8.341324501415338,34.33669140950793],[8.346991870930509,34.338779387750364],[8.35623863171842,34.34385019205341],[8.366678522930574,34.34802614853827],[8.379206392385163,34.35071069199282],[8.385172044506394,34.35250038762919],[8.392629109657934,34.35309695284132],[8.402770718264028,34.35369351805344],[8.412315761658,34.35458836587163]]}},{"type":"Feature","properties":{"accuracy":"50000","activity_confidence":"2","average_dip":"(20,15,50)","average_rake":"","catalog_id":"NAF_65","catalog_name":"GEM_N_Africa","dip_dir":"N","downthrown_side_dir":"S","epistemic_quality":"2","exposure_quality":"1","fs_name":"","last_movement":"","name":"","net_slip_rate":"","notes":"","reference":"DEM","shortening_rate":"(0.1, 0.01, 1)","slip_type":"Reverse","strike_slip_rate":"","vert_sep_rate":""},"geometry":{"type":"LineString","coordinates":[[5.734334524436925,34.867280237702865],[5.746265828679388,34.866683672490744],[5.75581087207336,34.863104281218],[5.764162785043085,34.85892832473314],[5.775497524073426,34.855945498672526],[5.782656306618905,34.8553489334604],[5.79100821958863,34.85296267261191],[5.799956697770478,34.85117297697554],[5.813081132437188,34.84938328133917],[5.828591827952391,34.848786716127044],[5.839926566982732,34.84938328133917],[5.849471610376703,34.848190150914924],[5.859613218982799,34.846997020490676],[5.872737653649509,34.846997020490676],[5.88049300140711,34.846400455278555],[5.887800925255618,34.8466987378846],[5.890485468710173,34.8466987378846],[5.893915718679882,34.84640045527854],[5.902565914255668,34.8447599009452],[5.907189294649623,34.844014194430045],[5.911514392437516,34.8428210640058],[5.916585196740563,34.84207535749064],[5.920761153225426,34.84132965097549],[5.92523539231635,34.839987379248214],[5.92896392489212,34.83924167273306],[5.932245033558798,34.83864510752094],[5.936868413952753,34.838495966217906],[5.9438780551952,34.83566228146032],[5.948650576892185,34.834767433642135],[5.950887696437648,34.83402172712698],[5.954616229013418,34.83253031409667],[5.957449913771003,34.83163546627849],[5.961327587649804,34.82999491194515],[5.965950968043758,34.82850349891484],[5.969530359316498,34.82731036849059],[5.973855457104391,34.82611723806635],[5.97743484837713,34.82477496633907],[5.982803935286239,34.82283612939967],[5.988769587407472,34.821195575066334],[5.993243826498396,34.81955502073299],[5.997419782983258,34.81821274900572],[6.000999174255997,34.81746704249056],[6.006069978559045,34.816572194672375],[6.010395076346938,34.81582648815722],[6.015615021953016,34.815379064248134],[6.019343554528786,34.81493164033904],[6.023668652316679,34.81493164033904],[6.028739456619727,34.81463335773298],[6.033362837013681,34.81433507512692],[6.037240510892482,34.81463335773298],[6.041565608680376,34.814782499036006],[6.047232978195546,34.81433507512692],[6.05170721728647,34.81463335773298],[6.054093478134964,34.815006210990546],[6.056628880286487,34.81515535229358],[6.058716858528919,34.81515535229358],[6.060208271559227,34.81530449359661],[6.06177425524105,34.81537906424813],[6.063414809574389,34.81545363489964],[6.064980793256212,34.81545363489964],[6.067068771498644,34.81552820555115],[6.06923132039259,34.81552820555115],[6.071766722544114,34.8157519175057],[6.074152983392606,34.815826488157214],[6.075942679028977,34.815826488157214],[6.078850934438077,34.81567734685419],[6.081908331150208,34.81567734685419],[6.086233428938102,34.81567734685419],[6.089589108256295,34.8157519175057],[6.093168499529034,34.81567734685419],[6.096673320150257,34.81537906424813],[6.100401852726028,34.81552820555115],[6.103682961392705,34.81522992294509],[6.106814928756353,34.81515535229358],[6.109201189604845,34.81515535229358],[6.1118857330594,34.81537906424813],[6.116136260195778,34.81537906424813],[6.119864792771548,34.81522992294509],[6.123966178604895,34.814782499036],[6.128664129650365,34.814335075126905],[6.132019808968558,34.81388765121782],[6.135450058938266,34.81321651535418],[6.140819145847376,34.81299280339963],[6.145740808847392,34.81254537949054],[6.148127069695884,34.81224709688448],[6.15193017292317,34.81217252623296],[6.154167292468632,34.81224709688448],[6.156329841362578,34.81261995014206],[6.159610950029256,34.81358936861175],[6.165352890195945,34.81344022730875],[6.169454276029292,34.81299280339966],[6.173555661862639,34.81239623818753],[6.17743333574144,34.81217252623299],[6.181683862877818,34.81209795558147],[6.185412395453588,34.81202338492996],[6.190035775847543,34.811575961020864],[6.192794889953612,34.811575961020864],[6.195330292105136,34.8117251023239],[6.201072232271821,34.81135224906632],[6.205024476802138,34.811277678414804],[6.208454726771846,34.8107556838542],[6.211661264787009,34.81045740124814],[6.213152677817317,34.81060654255116],[6.215986362574902,34.80986083603601],[6.221579161438557,34.80926427082389],[6.225680547271904,34.8093388414754],[6.228141378771912,34.80956255342995],[6.231944481999197,34.80956255342995],[6.235300161317391,34.809786265384496],[6.238208416726492,34.81015911864207],[6.246187476438638,34.810681113202676],[6.251854845953808,34.811874243626924],[6.259162769802318,34.81202338492995],[6.265277563226581,34.81202338492995],[6.268707813196289,34.81172510232389],[6.27452432401449,34.81172510232389],[6.278849421802383,34.812470808839045],[6.284815073923616,34.81261995014208],[6.297193802075173,34.81545363489968],[6.304352584620651,34.8184364609603]]}},{"type":"Feature","properties":{"accuracy":"50000","activity_confidence":"2","average_dip":"(20,10,50)","average_rake":"","catalog_id":"NAF_66","catalog_name":"GEM_N_Africa","dip_dir":"N","downthrown_side_dir":"S","epistemic_quality":"1","exposure_quality":"2","fs_name":"South Atlas Front","last_movement":"","name":"","net_slip_rate":"","notes":"","reference":"DEM","shortening_rate":"(0.1, 0.01, 1)","slip_type":"Reverse","strike_slip_rate":"","vert_sep_rate":""},"geometry":{"type":"LineString","coordinates":[[6.322249540984347,34.82499867829366],[6.328811758317702,34.82559524350579],[6.339251649529858,34.82499867829366],[6.346708714681399,34.82529696089973],[6.353942067878394,34.82492410764215],[6.358341736317803,34.82455125438457],[6.362070268893572,34.82343269461184],[6.366917361242074,34.82253784679366],[6.369601904696628,34.8212701457179],[6.373628719878459,34.820226156596675],[6.378028388317868,34.81910759682395],[6.381011214378484,34.81821274900576],[6.384366893696678,34.81679590662697],[6.388095426272447,34.81582648815727],[6.391376534939125,34.815602776202724],[6.394955926211864,34.814782499036056],[6.398237034878542,34.8140367925209],[6.401070719636127,34.81329108600575],[6.404351828302805,34.81269452079362],[6.40621609459069,34.81247080883907],[6.408900638045244,34.811948814278466],[6.41173432280283,34.81150139036937],[6.414642578211931,34.81090482515725],[6.417327121666484,34.81053197189968],[6.420682800984678,34.80993540668755],[6.424038480302871,34.80911512952088],[6.428214436787733,34.808294852354216],[6.431868398711988,34.80799656974815],[6.434329230211996,34.807623716490575],[6.438206904090797,34.80717629258148],[6.441935436666567,34.807027151278454],[6.44611139315143,34.80657972736936],[6.451629621363568,34.80643058606633],[6.459832393030262,34.80568487955117],[6.467886023393926,34.805535738248146],[6.475044805939405,34.80508831433905],[6.482800153697006,34.80479003173299],[6.491897773181885,34.804491749126925],[6.499653120939486,34.80479003173299],[6.508452457818304,34.80493917303602],[6.514567251242566,34.80575945020269],[6.520085479454705,34.80561030889967],[6.534403044545662,34.80561030889967],[6.541710968394172,34.80471546108148],[6.546930914000249,34.804268037172385],[6.554835403060882,34.80486460238451],[6.562143326909392,34.80590859150573],[6.568854685545777,34.80620687411179],[6.576460892000348,34.80650515671785],[6.581680837606426,34.80635601541482],[6.585856794091289,34.80590859150573],[6.588392196242813,34.80590859150573],[6.595103554879199,34.80575945020269],[6.603157185242862,34.80620687411179],[6.608078848242879,34.80754914583906],[6.614193641667142,34.80859313496028],[6.618817022061096,34.809487982778464],[6.622098130727774,34.80993540668756],[6.626423228515666,34.8106065425512],[6.631270320864167,34.81127767841484],[6.633880293667206,34.81172510232393],[6.63753425559146,34.81247080883909],[6.642455918591477,34.8135147979603],[6.645140462046031,34.81448421643],[6.647675864197555,34.81515535229364],[6.652522956546056,34.8154536348997],[6.655729494561219,34.81552820555122],[6.660129163000627,34.81515535229364],[6.664827114046097,34.81448421643],[6.669525065091568,34.814558787081516],[6.67467044004613,34.81373850991485],[6.682388502477976,34.81414864849818],[6.686005179076473,34.81336565665727],[6.689174431765878,34.812694520793634],[6.692119972500736,34.81198609960423],[6.695028227909837,34.811165822437566],[6.701627730568949,34.80967440940726],[6.70856280115988,34.80915241484665],[6.711098203311405,34.80885413224059],[6.714752165235659,34.808108425725436],[6.718331556508399,34.806840724649675],[6.72153809452356,34.80572216487694],[6.73018829009935,34.80355961598299],[6.734364246584212,34.80176992034662],[6.742417876947876,34.80102421383147],[6.748085246463046,34.80042764861935],[6.752410344250939,34.79968194210419]]}},{"type":"Feature","properties":{"accuracy":"50000","activity_confidence":"1","average_dip":"(20,10,50)","average_rake":"","catalog_id":"NAF_67","catalog_name":"GEM_N_Africa","dip_dir":"N","downthrown_side_dir":"S","epistemic_quality":"1","exposure_quality":"1","fs_name":"South Atlas Front","last_movement":"","name":"","net_slip_rate":"","notes":"","reference":"DEM","shortening_rate":"(0.1, 0.01, 1.)","slip_type":"Reverse","strike_slip_rate":"","vert_sep_rate":""},"geometry":{"type":"LineString","coordinates":[[6.754125469235802,34.79587883887689],[6.76098596917522,34.793343436725365],[6.764863643054021,34.79244858890718],[6.768293893023729,34.79140459978596],[6.771873284296468,34.79065889327081],[6.776496664690423,34.79036061066475],[6.782164034205594,34.790509751967775],[6.78708569720561,34.789913186755655],[6.792007360205626,34.78886919763444],[6.795288468872304,34.78842177372535],[6.799613566660198,34.788123491119286],[6.802148968811721,34.78767606721019],[6.807965479629923,34.78663207808898],[6.813931131751154,34.78514066505867],[6.817808805629955,34.78454409984655],[6.821239055599664,34.78394753463442],[6.826011577296649,34.78260526290715],[6.82974010987242,34.7814121324829],[6.833021218539097,34.77977157814956],[6.836749751114867,34.77842930642228],[6.841671414114884,34.77738531730107],[6.845399946690653,34.77634132817985],[6.849426761872485,34.775446480361666],[6.853155294448255,34.77470077384651],[6.857331250933118,34.77425334993742],[6.860015794387672,34.7732093608162],[6.862849479145257,34.771717947785895],[6.865981446508904,34.77067395866468],[6.869560837781644,34.769629969543466],[6.874333359478629,34.76843683911922],[6.878360174660461,34.76754199130104],[6.884027544175631,34.766498002179816],[6.88745779414534,34.76605057827073],[6.891782891933233,34.765304871755575],[6.895511424509003,34.765304871755575],[6.899538239690835,34.76515573045254],[6.90431076138782,34.765304871755575],[6.910723837418145,34.76485744784648],[6.915048935206038,34.76426088263436],[6.919821456903024,34.76396260002829],[6.925936250327288,34.76381345872526],[6.930261348115182,34.7635151761192],[6.93548129372126,34.763067752210105],[6.93920982629703,34.763067752210105],[6.944728054509169,34.76232204569496],[6.948307445781909,34.76232204569496],[6.953378250084956,34.761576339179804],[6.958896478297095,34.76097977396768],[6.963370717388019,34.760681491361616],[6.970231217327436,34.758742654422214],[6.982162521569901,34.75501412184644],[6.990067010630533,34.75277700230098],[6.997524075782073,34.75158387187674],[7.004682858327552,34.749794176240364],[7.010946793054845,34.74845190451309],[7.01929870602457,34.74636392627066],[7.026457488570049,34.74487251324035],[7.031528292873096,34.743977665422165],[7.038388792812513,34.74069655675549],[7.048232118812546,34.73577489375548],[7.057926303509548,34.734283480725175],[7.066576499085334,34.7329412089979],[7.078955227236891,34.72966010033122],[7.091483096691478,34.72339616560392],[7.096852183600587,34.721606469967554],[7.103265259630912,34.719518491725125],[7.109976618267298,34.71683394827057],[7.11952166166127,34.71280713308874],[7.126829585509778,34.70982430702812],[7.13249695502495,34.706543198361445],[7.140550585388612,34.70251638317961],[7.150692193994707,34.694164470209884],[7.164114911267479,34.68730397027047],[7.172765106843266,34.682829731179545],[7.183503280661483,34.67686407905831]]}},{"type":"Feature","properties":{"accuracy":"50000","activity_confidence":"2","average_dip":"(20,10,50)","average_rake":"","catalog_id":"NAF_68","catalog_name":"GEM_N_Africa","dip_dir":"N","downthrown_side_dir":"S","epistemic_quality":"1","exposure_quality":"1","fs_name":"","last_movement":"","name":"","net_slip_rate":"","notes":"","reference":"DEM","shortening_rate":"","slip_type":"Reverse","strike_slip_rate":"","vert_sep_rate":""},"geometry":{"type":"LineString","coordinates":[[7.605871450844718,34.6691087313007],[7.608854276905334,34.6691087313007],[7.61168796166292,34.6691087313007],[7.616013059450813,34.66881044869464],[7.618995885511429,34.66925787260374],[7.622127852875075,34.6691087313007],[7.625259820238722,34.66851216608858],[7.628242646299339,34.667617318270395],[7.631523754966016,34.66687161175524],[7.63420829842057,34.6671698943613],[7.638235113602402,34.66851216608858],[7.640472233147865,34.66985443781586],[7.643753341814542,34.67045100302798],[7.647332733087281,34.67030186172495],[7.650464700450928,34.67045100302798],[7.653000102602451,34.67045100302798],[7.655982928663068,34.67060014433101],[7.658667472117622,34.67015272042192],[7.661202874269145,34.67030186172495],[7.665229689450977,34.67030186172495],[7.66955478723887,34.67060014433101],[7.671344482875241,34.67089842693707],[7.673730743723733,34.67060014433101],[7.679099830632842,34.67119670954313],[7.684468917541951,34.67268812257344],[7.687899167511659,34.672837263876474],[7.691925982693491,34.67298640517951],[7.699681330451092,34.67298640517951],[7.703559004329893,34.67298640517951],[7.707138395602633,34.67328468778557],[7.712358341208711,34.67417953560375],[7.71787656942085,34.67417953560375],[7.721157678087528,34.67462695951284],[7.726079341087544,34.6749252421189],[7.730255297572407,34.67522352472496],[7.735027819269392,34.67686407905831],[7.74382715614821,34.678802915997714],[7.749792808269442,34.682233165967425],[7.752775634330058,34.68372457899773],[7.759039569057352,34.68074175293712],[7.764557797269491,34.678504633391654],[7.77171657981497,34.676714937755285],[7.776787384118017,34.67611837254316],[7.781559905815003,34.67596923124013],[7.78663071011805,34.677013220361346],[7.79214893833019,34.67477610081588],[7.796324894815053,34.67179327475527],[7.801693981724161,34.66970529651284],[7.80900190557267,34.66970529651284],[7.813476144663595,34.669854437815864],[7.816608112027241,34.670152720421925],[7.822424622845443,34.66910873130071],[7.826153155421212,34.668661307391616],[7.833461079269722,34.66791560087646],[7.837189611845492,34.6676173182704],[7.842558698754601,34.66672247045222],[7.84792778566371,34.66657332914919],[7.850910611724326,34.667468176967375],[7.857621970360712,34.66672247045222],[7.863438481178913,34.66687161175525],[7.86850928548196,34.66821388348253],[7.875518926724408,34.6700035791189],[7.878352611481995,34.67253898127042],[7.882826850572919,34.67656579645225],[7.887897654875967,34.68178574205833],[7.889687350512336,34.684619426815914],[7.894907296118414,34.68775139417956],[7.899083252603276,34.689242807209865],[7.901767796057831,34.69147992675533],[7.907584306876032,34.692971339785636],[7.913251676391202,34.69505931802807],[7.919963035027589,34.69640158975535],[7.93129777405793,34.69863870930081],[7.936517719664008,34.6990861332099],[7.945764480451918,34.70057754624021],[7.950238719542842,34.702218100573546],[7.95724836078529,34.703709513603854],[7.96485456723986,34.70564835054326],[7.970820219361093,34.70699062227053],[7.976636730179293,34.70788547008872],[7.979321273633848,34.7087803179069],[7.983497230118711,34.708929459209934],[7.991401719179342,34.70997344833115],[7.999007925633914,34.712061426573584],[8.003333023421806,34.71385112220995],[8.00944781684607,34.716088241755415],[8.013922055936995,34.716983089573596],[8.018396295027918,34.71772879608875],[8.02600250148249,34.71907106781603],[8.030924164482505,34.7208607634524],[8.03554754487646,34.722799600391795],[8.040021783967385,34.72518586124029],[8.0468822839068,34.72697555687666],[8.057023892512895,34.729660100331216],[8.062094696815942,34.73204636117971]]}},{"type":"Feature","properties":{"accuracy":"30000","activity_confidence":"2","average_dip":"(20,10,50)","average_rake":"","catalog_id":"NAF_69","catalog_name":"GEM_N_Africa","dip_dir":"N","downthrown_side_dir":"S","epistemic_quality":"1","exposure_quality":"1","fs_name":"","last_movement":"","name":"","net_slip_rate":"","notes":"Unclear if it's active; geomorphically distinct but not evidence HW subsidence.  Some EQs in area.","reference":"DEM","shortening_rate":"","slip_type":"Reverse","strike_slip_rate":"","vert_sep_rate":""},"geometry":{"type":"LineString","coordinates":[[7.435850365389602,34.72593156775544],[7.441517734904772,34.724887578634224],[7.445693691389634,34.7242910134221],[7.448825658753281,34.724589296028164],[7.453001615238144,34.72414187211907],[7.456730147813913,34.72384358951301],[7.460309539086652,34.72444015472513],[7.463888930359392,34.724589296028164],[7.467319180329101,34.72414187211907],[7.471495136813963,34.722799600391795],[7.476267658510949,34.72175561127058],[7.481487604117026,34.72130818736149],[7.486110984510981,34.72086076345239],[7.489690375783721,34.72115904605845],[7.494462897480706,34.72086076345239],[7.49893713657163,34.72056248084633],[7.503113093056493,34.72115904605845],[7.507289049541355,34.72145732866451],[7.511763288632279,34.72190475257361],[7.516684951632296,34.72205389387664],[7.521755755935343,34.72205389387664],[7.525036864602021,34.7223521764827],[7.529660244995975,34.72354530690695],[7.53592417972327,34.72414187211907],[7.542635538359655,34.724887578634224],[7.546960636147548,34.724887578634224],[7.549346896996042,34.72533500254332],[7.552329723056658,34.7262298503615],[7.557400527359705,34.72533500254332],[7.561576483844568,34.725484143846344],[7.566199864238524,34.72727383948271],[7.570375820723386,34.72906353511908],[7.575744907632496,34.72936181772514],[7.582008842359789,34.72936181772514],[7.587527070571928,34.72846696990696],[7.591703027056791,34.72652813296756],[7.595878983541653,34.72354530690694],[7.598712668299239,34.722053893876634]]}},{"type":"Feature","properties":{"accuracy":"50000","activity_confidence":"1","average_dip":"(35,15,60)","average_rake":"","catalog_id":"NAF_70","catalog_name":"GEM_N_Africa","dip_dir":"N","downthrown_side_dir":"S","epistemic_quality":"1","exposure_quality":"1","fs_name":"","last_movement":"","name":"Soummam Fault","net_slip_rate":"","notes":"Minor Quaternary offset observed in field (by Machane and Bensalem), though it's hard to tell tectonic scarps from fluvial features in DEM","reference":"Machane and Bensalem 2015","shortening_rate":"","slip_type":"Reverse","strike_slip_rate":"","vert_sep_rate":""},"geometry":{"type":"LineString","coordinates":[[4.308208099530655,36.360371107670005],[4.313577186439765,36.36126595548819],[4.320735968985242,36.36395049894274],[4.32580677328829,36.3666350423973],[4.331772425409522,36.369021303245795],[4.335948381894385,36.371705846700344],[4.341019186197432,36.37409210754884],[4.34638827310654,36.37558352057915],[4.353248773045958,36.37647836839733],[4.358319577349005,36.380952607488254],[4.361898968621744,36.38512856397312],[4.369356033773284,36.388409672639796],[4.373830272864208,36.39198906391253],[4.378304511955132,36.39467360736709],[4.382480468439995,36.397954716033766],[4.384866729288487,36.399446129064074],[4.389937533591535,36.397954716033766],[4.398886011773383,36.399744411670135],[4.405448229106738,36.40213067251863],[4.41320357686434,36.40272723773075],[4.419169228985572,36.40421865076106],[4.428415989773482,36.40451693336712],[4.436767902743207,36.40600834639743],[4.443926685288685,36.408096324639864],[4.447506076561424,36.4116757159126],[4.454664859106903,36.4116757159126],[4.46719272856149,36.41465854197322],[4.474053228500907,36.417939650639894],[4.480913728440324,36.42211560712476],[4.488967358803987,36.42867782445811],[4.494933010925219,36.43225721573085],[4.502390076076759,36.44001256348845],[4.50805744559193,36.445679933003625],[4.51551451074347,36.4489610416703],[4.525656119349565,36.45373356336729],[4.531025206258674,36.455821541609716],[4.53788570619809,36.45761123724609],[4.54146509747083,36.46029578070064],[4.546834184379938,36.464770019791565],[4.550339005001164,36.46842398171582],[4.553098119107234,36.47237622624613],[4.555708091910271,36.47580647621585],[4.557945211455734,36.47938586748859],[4.560033189698165,36.484754954397694],[4.564358287486058,36.48743949785225],[4.56659540703152,36.4905714652159],[4.570025657001229,36.49429999779167],[4.57226277654669,36.496238834731066],[4.575693026516399,36.50101135642805],[4.580018124304292,36.50712614985232],[4.585387211213401,36.51145124764021],[4.593888265486157,36.520101443216],[4.596423667637681,36.523382551882676],[4.600599624122544,36.530093910519064],[4.607907547971053,36.537849258276665],[4.617005167455932,36.54754344297367],[4.619987993516546,36.550078845125185],[4.625207939122625,36.55261424727671],[4.632366721668103,36.55634277985248],[4.635796971637811,36.561413584155524],[4.640569493334797,36.56633524715554]]}},{"type":"Feature","properties":{"accuracy":"50000","activity_confidence":"2","average_dip":"(50,20,80)","average_rake":"","catalog_id":"NAF_71","catalog_name":"GEM_N_Africa","dip_dir":"N","downthrown_side_dir":"S","epistemic_quality":"2","exposure_quality":"2","fs_name":"Kherrata Fault","last_movement":"","name":"Kherrata Fault","net_slip_rate":"","notes":"Very unclear where the active Kherrata Fault is in particular (clearly there are many in the vicinity), to what degree any of them are active, or their rates and kinematics. Nonetheless it's referenced a bit and there is seismicity in the region.","reference":"Harbi et al., 1999 J. Seismology","shortening_rate":"","slip_type":"Dextral-Reverse","strike_slip_rate":"","vert_sep_rate":""},"geometry":{"type":"LineString","coordinates":[[5.072685507515159,36.458345896254855],[5.080589996575791,36.458644178860915],[5.086704790000054,36.45879332016395],[5.095504126878871,36.46013559189122],[5.099978365969795,36.46117958101244],[5.105944018091027,36.461477863618505],[5.117726181030461,36.461776146224565],[5.125779811394124,36.462372711436686],[5.134430006969911,36.465504678800336],[5.147852724242683,36.46714523313367],[5.159187463273024,36.4677417983458],[5.166346245818502,36.46908407007307],[5.175742147909443,36.471321189618536],[5.182155223939767,36.47296174395188],[5.184988908697353,36.473409167860964],[5.196025365121632,36.47176861352763],[5.201841875939833,36.471917754830656],[5.208553234576222,36.472514320042784],[5.217203430152009,36.47490058089127],[5.22495877790961,36.47639199392158],[5.234503821303582,36.47788340695189],[5.245241995121799,36.480866233012506],[5.258664712394571,36.48832329816405],[5.267314907970358,36.49458723289134],[5.272087429667343,36.4972717763459],[5.283720451303746,36.49757005895196],[5.295055190334087,36.49816662416408],[5.305495081546243,36.501149450224695],[5.309074472818983,36.502640863255],[5.315040124940214,36.50204429804288],[5.323093755303878,36.50353571107319],[5.33084910306148,36.50234258064894]]}},{"type":"Feature","properties":{"accuracy":"50000","activity_confidence":"2","average_dip":"(90,,)","average_rake":"","catalog_id":"NAF_72","catalog_name":"GEM_N_Africa","dip_dir":"","downthrown_side_dir":"","epistemic_quality":"2","exposure_quality":"2","fs_name":"Guelma Fault","last_movement":"","name":"","net_slip_rate":"","notes":"Shown in general on lots of maps. Precise location uncertain, activity uncertain, etc...","reference":"","shortening_rate":"","slip_type":"Dextral","strike_slip_rate":"","vert_sep_rate":""},"geometry":{"type":"LineString","coordinates":[[6.265815931761582,36.549545803058216],[6.283116322913155,36.54775610742185],[6.305189235761714,36.54715954220973],[6.336210626792121,36.54775610742185],[6.348738496246708,36.54536984657335],[6.364249191761911,36.54119389008849],[6.382146148125607,36.539404194452125],[6.392884321943826,36.53821106402788],[6.406605321822659,36.53701793360363],[6.422712582549986,36.53522823796726],[6.437626712853066,36.532841977118764],[6.447171756247037,36.53224541190664],[6.457313364853132,36.53120142278542],[6.467007549550134,36.531350564088456],[6.477298299459259,36.53239455320967],[6.488036473277477,36.53179798799755],[6.49430040800477,36.532543694512704],[6.499967777519942,36.532841977118764],[6.51100423394422,36.533140259724824],[6.520996701247284,36.532841977118764],[6.530541744641256,36.53328940102786],[6.539639364126135,36.532841977118764],[6.547245570580706,36.532841977118764],[6.576477265974743,36.53239455320968]]}},{"type":"Feature","properties":{"accuracy":"100000","activity_confidence":"2","average_dip":"(90,,)","average_rake":"","catalog_id":"NAF_73","catalog_name":"GEM_N_Africa","dip_dir":"","downthrown_side_dir":"","epistemic_quality":"2","exposure_quality":"2","fs_name":"Guelma Fault","last_movement":"","name":"","net_slip_rate":"","notes":"Shown on lots of maps, with general DEM expression (but no clear fault trace). No idea if it's active, although there is distributed local strike-slip seismicity consistent with dextral slip on a structure like this.","reference":"","shortening_rate":"","slip_type":"Dextral","strike_slip_rate":"","vert_sep_rate":""},"geometry":{"type":"LineString","coordinates":[[6.629571569853709,36.549098379149136],[6.640608026277989,36.54850181393701],[6.656715287005316,36.54999322696732],[6.677296786823566,36.55237948781581],[6.688929808459968,36.55327433563399],[6.71159928652065,36.55327433563399],[6.732180786338901,36.54820353133095],[6.749779460096536,36.54283444442184],[6.764097025187493,36.539851618361226],[6.785275090217866,36.5353773792703],[6.81033082912704,36.531499705391504],[6.834790002824091,36.531797987997564],[6.853581807005972,36.53418424884606],[6.874759872036348,36.53746535751274],[6.895341371854599,36.538956770543045],[6.912641763006172,36.54253616181578],[6.926661045491067,36.54372929224003],[6.948137393127503,36.54522070527034],[6.966929197309384,36.54343100963397],[6.981545045006403,36.5431327270279],[6.993178066642805,36.541044748785474],[7.004512805673146,36.539553335755166],[7.018532088158041,36.53657050969455],[7.03314793585506,36.53358768363393],[7.050746609612695,36.53746535751274],[7.066853870340021,36.54402757484609],[7.088031935370394,36.55446746605824],[7.119053326400802,36.55566059648249],[7.1447056305221,36.558345139937046],[7.176621869370691,36.56460907466434],[7.195711956158633,36.56848674854314],[7.234786977552705,36.57445240066437],[7.262825542522497,36.57862835714923],[7.285495020583178,36.58459400927046],[7.30995419428023,36.59413905266443],[7.329640846280295,36.600104704785664]]}},{"type":"Feature","properties":{"accuracy":"150000","activity_confidence":"2","average_dip":"(90,,)","average_rake":"","catalog_id":"NAF_74","catalog_name":"GEM_N_Africa","dip_dir":"","downthrown_side_dir":"","epistemic_quality":"2","exposure_quality":"2","fs_name":"Guelma Fault","last_movement":"","name":"Guelma Fault","net_slip_rate":"","notes":"Shown on lots of maps, but actual fault trace (or existence of active faulting) is very unclear.","reference":"","shortening_rate":"","slip_type":"Dextral","strike_slip_rate":"","vert_sep_rate":""},"geometry":{"type":"LineString","coordinates":[[7.161409456461549,36.51807698811873],[7.178113282400999,36.513304466421744],[7.198993064825311,36.511514770785375],[7.211520934279899,36.50912850993688],[7.232400716704211,36.50554911866414],[7.251490803492154,36.50614568387626],[7.268791194643727,36.50733881430051],[7.283705324946807,36.50912850993688],[7.297426324825641,36.50972507514901],[7.3194992376742,36.50733881430051],[7.343958411371251,36.50554911866414],[7.362451932947071,36.50554911866414],[7.381542019735013,36.50733881430051],[7.398245845674463,36.51032164036113],[7.41256341076542,36.51270790120962],[7.437619149674595,36.51748042290661],[7.45909549731103,36.51867355333085],[7.481764975371712,36.51628729248236],[7.503241323008147,36.51569072727023],[7.52591080106883,36.51032164036113],[7.542614627008279,36.50793537951263],[7.559915018159852,36.50375942302777],[7.577811974523549,36.49898690133079],[7.596305496099368,36.4942143796338],[7.621361235008543,36.49242468399743],[7.634485669675254,36.491231553573186],[7.657751712948059,36.484669336239826],[7.678034930160248,36.48049337975497],[7.692949060463328,36.4787036841186],[7.703090669069423,36.47751055369435]]}},{"type":"Feature","properties":{"accuracy":"30000","activity_confidence":"1","average_dip":"(50,40,70)","average_rake":"","catalog_id":"NAF_75","catalog_name":"GEM_N_Africa","dip_dir":"SW","downthrown_side_dir":"SW","epistemic_quality":"1","exposure_quality":"1","fs_name":"Tebessa Graben","last_movement":"","name":"","net_slip_rate":"","notes":"Best-expressed normal fault in the Atlas. Dextral-normal faulting in graben.","reference":"DEM","shortening_rate":"","slip_type":"Normal","strike_slip_rate":"","vert_sep_rate":""},"geometry":{"type":"LineString","coordinates":[[7.999913866672919,35.70579712376666],[8.005434015159347,35.702692040243036],[8.00819408940256,35.700276975280225],[8.010609154365373,35.69751690103701],[8.011989191486979,35.69648187319581],[8.01233420076738,35.693721798952595],[8.013024219328184,35.691306733989784],[8.013714237888989,35.68854665974657],[8.014749265730194,35.68578658550335],[8.015439284290997,35.68164647413853],[8.0161293028518,35.67854139061492],[8.016819321412603,35.6747462885305],[8.016819321412603,35.671641205006885],[8.018889377095014,35.66853612148327],[8.020614423497022,35.66543103795965],[8.02406451630104,35.66163593587523],[8.028549636946263,35.65887586163202],[8.035449822554297,35.65715081523001],[8.040969971040724,35.656115787388806],[8.044765073125143,35.6550807595476],[8.046490119527153,35.65266569458479],[8.046835128807555,35.649215601780774],[8.048215165929161,35.64369545329434],[8.049595203050767,35.64128038833153],[8.05201026801358,35.639900351209924],[8.056150379378401,35.63852031408832],[8.058910453621614,35.63714027696671],[8.060290490743222,35.633345174882294],[8.062360546425632,35.63024009135867],[8.066500657790453,35.626444989274255],[8.067535685631658,35.62126985006823],[8.067535685631658,35.61678472942301],[8.06822570419246,35.61264461805819],[8.068570713472862,35.60781448813256],[8.068915722753264,35.604019386048144],[8.070985778435675,35.59918925612252],[8.072365815557282,35.59642918187931],[8.073055834118085,35.592979089075286],[8.074090861959291,35.588838977710466],[8.075470899080898,35.586423912747655],[8.076850936202504,35.582283801382836],[8.077540954763307,35.575383615774804],[8.077885964043709,35.570553485849175],[8.080991047567325,35.56744840232556],[8.084786149651745,35.56503333736275],[8.088926261016566,35.56261827239994],[8.091341325979377,35.559858198156725],[8.095481437344198,35.5553730775115],[8.097206483746207,35.548127882623064],[8.097551493026609,35.54088268773463],[8.094791418783394,35.535017529967796],[8.094101400222591,35.530532409322575],[8.092721363100985,35.526047288677354],[8.090996316698975,35.521907177312535],[8.087201214614556,35.5156970102653],[8.084786149651745,35.512936936022086],[8.078920991884916,35.50707177825526],[8.074780880520095,35.50258665761004],[8.070985778435675,35.499136564806015],[8.072365815557283,35.49534146272159],[8.077195945482908,35.493961425599984],[8.082716093969337,35.492236379197976],[8.087546223894961,35.48999381887536],[8.092031344540183,35.488613781753756],[8.095998951264802,35.487406249272354],[8.098931530148217,35.48585370751054],[8.102381622952235,35.48430116574873],[8.105141697195448,35.482576119346724],[8.109109303920068,35.48119608222512],[8.11135186424268,35.47895352190251],[8.11342191992509,35.4772284755005],[8.116699508088907,35.47550342909849],[8.11928707769192,35.47377838269648],[8.122737170495936,35.471880831654275],[8.12532474009895,35.470673299172866],[8.12929234682357,35.46808572956986],[8.132742439627586,35.46532565532664],[8.136710046352206,35.462910590363826],[8.138435092754216,35.461703057882424],[8.14136767163763,35.45928799291961],[8.144472755161246,35.457045432597],[8.146197801563254,35.45566539547539],[8.152062959330085,35.451870293390975],[8.157583107816512,35.450662760909566],[8.16310325630294,35.44807519130655],[8.167588376948162,35.447040163465346],[8.170520955831577,35.44548762170354],[8.174488562556196,35.44272754746033],[8.17931869248182,35.44152001497892],[8.181388748164231,35.440139977857314],[8.185356354888851,35.438069922174904],[8.188633943052666,35.435999866492494],[8.19122151265568,35.43427482009049],[8.194499100819497,35.43254977368848]]}},{"type":"Feature","properties":{"accuracy":"50000","activity_confidence":"1","average_dip":"(50,40,60)","average_rake":"","catalog_id":"NAF_76","catalog_name":"GEM_N_Africa","dip_dir":"NE","downthrown_side_dir":"NE","epistemic_quality":"1","exposure_quality":"1","fs_name":"Tebessa Graben","last_movement":"","name":"Tebessa Fault","net_slip_rate":"","notes":"5.4 EQ on fault in 1995","reference":"DEM","shortening_rate":"","slip_type":"Dextral-Normal","strike_slip_rate":"","vert_sep_rate":""},"geometry":{"type":"LineString","coordinates":[[7.975331955444297,35.46506689836634],[7.982577150332733,35.46161680556232],[7.987407280258357,35.45954674987991],[7.991547391623178,35.45540663851509],[7.99396245658599,35.44712641578545],[7.997067540109605,35.441951276579424],[8.000862642194026,35.4371211466538],[8.006727799960855,35.430910979606566],[8.010867911325676,35.42746088680255],[8.015353031970898,35.42366578471813],[8.023288245420137,35.41883565479251],[8.027083347504556,35.417110608390495],[8.032603495990983,35.417110608390495],[8.037778635197009,35.41469554342768],[8.042608765122635,35.41124545062367],[8.045368839365848,35.40917539494126],[8.048473922889464,35.40503528357644],[8.053304052815088,35.40262021861363],[8.056409136338704,35.40055016293122],[8.058479192021114,35.3984801072488],[8.061929284825132,35.39606504228599],[8.064344349787943,35.39226994020157],[8.06779444259196,35.38778481955635],[8.071244535395978,35.38467973603274],[8.0753846467608,35.38088463394832],[8.080214776686423,35.37639951330309],[8.084354888051244,35.37432945762068],[8.086424943733654,35.37122437409707],[8.088494999416064,35.366049234891044],[8.090910064378876,35.359494058563406],[8.094015147902493,35.35362890079658],[8.097120231426107,35.34948878943176],[8.098845277828117,35.34741873374935]]}},{"type":"Feature","properties":{"accuracy":"50000","activity_confidence":"1","average_dip":"(50,40,60)","average_rake":"","catalog_id":"NAF_77","catalog_name":"GEM_N_Africa","dip_dir":"SW","downthrown_side_dir":"SW","epistemic_quality":"2","exposure_quality":"1","fs_name":"Kasserine Graben","last_movement":"","name":"Khmouda Fault","net_slip_rate":"","notes":"Neogene? graben. Looks active, but slow.","reference":"DEM","shortening_rate":"","slip_type":"Normal","strike_slip_rate":"","vert_sep_rate":""},"geometry":{"type":"LineString","coordinates":[[8.606353929299061,35.3971000701272],[8.60773396642067,35.39485750980459],[8.613599124187498,35.392959958762376],[8.61808424483272,35.39037238915937],[8.621361832996538,35.388474838117155],[8.625156935080955,35.387267305635746],[8.62808951396437,35.386059773154344],[8.63171211140859,35.38450723139253],[8.637404764535217,35.38260968035033],[8.640854857339235,35.38140214786892],[8.644822464063855,35.3788145782659],[8.649997603269881,35.376572017943296],[8.652930182153295,35.37553699010209],[8.659312853840728,35.374674466901084],[8.665005506967356,35.372604411218674],[8.672250701855791,35.36984433697546],[8.676563317860813,35.36708426273225],[8.680530924585433,35.36415168384883],[8.684153522029652,35.361564114245816],[8.688811147315075,35.3588040400026],[8.69571133292311,35.35483643327799],[8.698643911806524,35.35345639615638],[8.70761415309697,35.34707372446895],[8.713134301583397,35.34310611774433],[8.717446917588418,35.3381034831785],[8.71951697327083,35.33396337181368],[8.72175953359344,35.33068578364986],[8.724002093916052,35.328443223327255],[8.726417158878863,35.32430311196243],[8.726762168159265,35.321198028438815],[8.727279682079867,35.317920440275],[8.72952224240248,35.31429784283078],[8.732799830566297,35.31033023610616],[8.737112446571317,35.30722515258255],[8.739355006893929,35.30291253657752],[8.742805099697947,35.2973923880911],[8.744357641459754,35.29411479992728],[8.744357641459754,35.29083721176347],[8.74573767858136,35.28635209111824],[8.747980238903972,35.28152196119262],[8.74953278066578,35.27634682198659],[8.750222799226583,35.272551719902175],[8.750050294586382,35.26616904821474],[8.749877789946181,35.26133891828912],[8.751775340988392,35.25409372340068],[8.752810368829596,35.25029862131626],[8.754880424512006,35.24598600531124],[8.756432966273815,35.242708417147426],[8.758158012675823,35.240810866105214]]}},{"type":"Feature","properties":{"accuracy":"30000","activity_confidence":"1","average_dip":"(50,40,60)","average_rake":"","catalog_id":"NAF_78","catalog_name":"GEM_N_Africa","dip_dir":"NE","downthrown_side_dir":"NE","epistemic_quality":"1","exposure_quality":"1","fs_name":"Kasserine Graben","last_movement":"","name":"Jebel Ech Chambi Fault","net_slip_rate":"","notes":"","reference":"DEM","shortening_rate":"","slip_type":"Normal","strike_slip_rate":"","vert_sep_rate":""},"geometry":{"type":"LineString","coordinates":[[8.702956527811546,35.247193537792654],[8.70606161133516,35.24477847282984],[8.708131667017572,35.24339843570823],[8.710546731980383,35.24167338930622],[8.7138243201442,35.23960333362381],[8.715721871186409,35.23874081042281],[8.718654450069824,35.237188268661],[8.721932038233641,35.235290717618795],[8.72400209391605,35.233738175856985],[8.727279682079867,35.23115060625397],[8.729694747042679,35.22873554129116],[8.732454821285893,35.22683799024895],[8.734179867687901,35.22511294384694],[8.73555990480951,35.22321539280473],[8.737112446571317,35.22080032784192],[8.739872520814531,35.21873027215951],[8.742460090417543,35.2171777303977],[8.74384012753915,35.21597019791629],[8.746255192501962,35.21390014223388],[8.748497752824573,35.21234760047208],[8.751085322427587,35.21079505871027],[8.754017901311002,35.20855249838766],[8.756777975554215,35.20665494734545],[8.760573077638634,35.20458489166304],[8.763333151881849,35.20268734062083],[8.76592072148486,35.20009977101782],[8.766610740045664,35.1973396967746],[8.769370814288878,35.19526964109219],[8.772303393172294,35.19354459469018]]}},{"type":"Feature","properties":{"accuracy":"50000","activity_confidence":"1","average_dip":"(50,40,80)","average_rake":"","catalog_id":"NAF_79","catalog_name":"GEM_N_Africa","dip_dir":"N","downthrown_side_dir":"N","epistemic_quality":"1","exposure_quality":"1","fs_name":"Kasserine Graben","last_movement":"","name":"Kasserine Fault","net_slip_rate":"","notes":"","reference":"DEM","shortening_rate":"","slip_type":"Dextral-Normal","strike_slip_rate":"","vert_sep_rate":""},"geometry":{"type":"LineString","coordinates":[[8.734352372328102,35.195097136452006],[8.748152743544171,35.186126895161564],[8.753241630430097,35.18440184875955],[8.756950480194416,35.18483311036005],[8.764540684363253,35.18310806395803],[8.767128253966266,35.18224554075703],[8.771095860690885,35.179657971154015],[8.776443504537113,35.1774154108314],[8.780928625182336,35.17500034586859],[8.786103764388361,35.17241277626558],[8.792831445356194,35.17017021594297],[8.796454042800413,35.16965270202237],[8.801284172726037,35.16930769274196],[8.806459311932063,35.16758264633995],[8.80973690009588,35.16603010457815],[8.817154599624516,35.16482257209674],[8.822329738830543,35.16482257209674],[8.82784988731697,35.164132553535936],[8.831989998681792,35.162925021054534],[8.836820128607416,35.162062497853526],[8.841995267813441,35.161717488573125],[8.846652893098865,35.160854965372124],[8.850965509103887,35.16033745145152],[8.85579563902951,35.15981993753091],[8.872011075208391,35.1577498818485],[8.878911260816427,35.156369844726896],[8.884603913943055,35.156197340086706],[8.899094303719927,35.1548173029651],[8.91151463781439,35.153782275123895],[8.91772480486162,35.153782275123895],[8.92945512039528,35.15309225656309],[8.937045324564119,35.15205722872189],[8.946015565854562,35.15067719160028],[8.957745881388222,35.148952145198265],[8.966371113398266,35.14757210807666],[8.97516885004851,35.14653708023546],[8.982759054217347,35.14584706167466],[8.99690443471382,35.14429451991285],[9.001734564639444,35.14343199671185],[9.00915226416808,35.141016931749036],[9.013809889453503,35.13911938070682],[9.025367700346962,35.1348067647018],[9.032612895235397,35.13221919509879],[9.039168071563031,35.130839157977185],[9.048655826774079,35.129286616215374],[9.058488591265528,35.127561569813366],[9.06521627223336,35.12652654197216],[9.072288962481597,35.125664018771154],[9.081086699131841,35.12411147700935]]}},{"type":"Feature","properties":{"accuracy":"50000","activity_confidence":"2","average_dip":"(50,40,70)","average_rake":"","catalog_id":"NAF_80","catalog_name":"GEM_N_Africa","dip_dir":"NE","downthrown_side_dir":"NE","epistemic_quality":"2","exposure_quality":"2","fs_name":"Kasserine Graben","last_movement":"","name":"","net_slip_rate":"","notes":"","reference":"DEM","shortening_rate":"","slip_type":"Dextral-Normal","strike_slip_rate":"","vert_sep_rate":""},"geometry":{"type":"LineString","coordinates":[[8.470420272820782,35.32369934572176],[8.4738703656248,35.31748917867452],[8.476630439868012,35.311969030188095],[8.48215058835444,35.30437882601926],[8.485600681158457,35.29920368681323],[8.488360755401672,35.29540858472881],[8.495260941009706,35.2926485104856],[8.50009107093533,35.29092346408359],[8.50423118230015,35.28816338984038],[8.507681275104169,35.28471329703636],[8.516651516394614,35.280228176391134],[8.522171664881041,35.27712309286752],[8.526656785526264,35.27470802790471],[8.531141906171486,35.2722929629419],[8.536317045377512,35.267462833016275],[8.54183719386394,35.26401274021225],[8.546322314509162,35.262287693810244],[8.55184246299559,35.25918261028663],[8.556327583640812,35.256077526763015],[8.559432667164428,35.253662461800204],[8.564952815650855,35.25090238755699],[8.568747917735275,35.24917734115498],[8.576338121904113,35.24434721122935],[8.580823242549336,35.240207099864534],[8.585998381755362,35.23710201634092],[8.590138493120183,35.2326168956957],[8.596693669447815,35.22916680289168],[8.60359385505585,35.22640672864846],[8.61187407778549,35.22502669152686],[8.619464281954329,35.22502669152686],[8.626364467562365,35.22295663584445],[8.638439792376424,35.21881652447963],[8.64775504294727,35.21709147807762]]}},{"type":"Feature","properties":{"accuracy":"50000","activity_confidence":"1","average_dip":"(70,50,90)","average_rake":"","catalog_id":"NAF_81","catalog_name":"GEM_N_Africa","dip_dir":"S","downthrown_side_dir":"S","epistemic_quality":"1","exposure_quality":"1","fs_name":"","last_movement":"","name":"","net_slip_rate":"","notes":"good geomorphic expression. Possibly some normal fault (down to the south) slip as well.","reference":"DEM","shortening_rate":"","slip_type":"Dextral","strike_slip_rate":"","vert_sep_rate":""},"geometry":{"type":"LineString","coordinates":[[7.491973953601474,35.18155552219623],[7.502324232013526,35.17810542939221],[7.515434584668792,35.17120524378418],[7.525784863080844,35.16706513241936],[7.533375067249682,35.16361503961534],[7.542345308540127,35.15947492825052],[7.549935512708965,35.1560248354465],[7.560285791121016,35.15188472408168],[7.574086162337085,35.14705459415606],[7.585126459309941,35.142914482791234],[7.600306867647618,35.13808435286561],[7.61272720174208,35.132564204379186],[7.624457517275738,35.124974000210344],[7.633427758566183,35.118763833163115],[7.663616070601335,35.10668850834905],[7.670516256209369,35.10358342482544],[7.675346386134994,35.10185837842343],[7.680866534621421,35.098753294899815],[7.690181785192268,35.094268174254594],[7.697771989361106,35.09081808145057],[7.705362193529944,35.087367988646555],[7.711227351296774,35.08391789584254],[7.729167833877663,35.07425763599129],[7.741588167972126,35.06804746894406],[7.752973474225383,35.060802274055625],[7.76642883616105,35.0566621626908],[7.774019040329889,35.05493711628879],[7.78229926305953,35.051487023484775],[7.799204717799214,35.04665689355915],[7.811625051893675,35.04010171723152],[7.827495478792155,35.03251151306268],[7.83853577576501,35.02561132745465],[7.846125979933849,35.020091178968215],[7.853716184102686,35.015606058322994],[7.868896592440362,35.006980826312954],[7.87441674092679,35.00422075206974],[7.891322195666475,34.995595520059695],[7.899947427676518,34.991455408694875],[7.911677743210177,34.98524524164765],[7.920647984500622,34.98041511172202],[7.932723309314683,34.97282490755318],[7.940658522763922,34.96833978690796],[7.952043829017179,34.96281963842153],[7.96204909814883,34.95936954561751],[7.970329320878471,34.9562644620939],[7.982749654972934,34.95039930432707],[7.993789951945788,34.944189137279835],[8.003105202516636,34.935563905269795],[8.015525536611097,34.92831871038136]]}},{"type":"Feature","properties":{"accuracy":"30000","activity_confidence":"2","average_dip":"(50,40,70)","average_rake":"","catalog_id":"NAF_82","catalog_name":"GEM_N_Africa","dip_dir":"W","downthrown_side_dir":"W","epistemic_quality":"2","exposure_quality":"2","fs_name":"Sabibah Graben","last_movement":"","name":"","net_slip_rate":"","notes":"","reference":"DEM","shortening_rate":"","slip_type":"Normal","strike_slip_rate":"","vert_sep_rate":""},"geometry":{"type":"LineString","coordinates":[[9.04089311796504,35.781009146894235],[9.041928145806244,35.77911159585202],[9.042963173647449,35.77635152160881],[9.044170706128854,35.77272892416459],[9.045205733970061,35.76927883136057],[9.046240761811266,35.765138719995754],[9.049690854615283,35.759791076149526],[9.05124339637709,35.75703100190631],[9.052105919578095,35.7547884415837],[9.0531409474193,35.75185586270029],[9.055901021662514,35.748750779176675],[9.060213637667536,35.74443816317165],[9.062628702630347,35.74133307964804],[9.064698758312758,35.73840050076462],[9.067631337196172,35.73598543580181],[9.068666365037378,35.733742875479194],[9.070046402158985,35.73150031515659],[9.071426439280591,35.727532708431966],[9.071426439280591,35.72425512026815],[9.072288962481595,35.72115003674453],[9.074704027444408,35.71752743930031],[9.077464101687623,35.7147673650571],[9.07901664344943,35.71148977689329],[9.080396680571036,35.70786717944907],[9.083846773375054,35.70338205880385],[9.087469370819273,35.70044947992043],[9.091264472903692,35.69699938711641],[9.094887070347909,35.693721798952595],[9.097647144591123,35.69078922006918],[9.103684806998151,35.68570033318326],[9.107221152122268,35.682681501979744],[9.108514936923775,35.680611446297334],[9.109981226365482,35.67776511973402],[9.110498740286085,35.674660036210405],[9.11153376812729,35.670778681805885],[9.112223786688094,35.66888113076368],[9.112568795968496,35.666034804200365],[9.1134313191695,35.660945917314436],[9.114638851650906,35.65766832915062],[9.116363898052915,35.65361447010589],[9.118088944454923,35.65033688194208],[9.118261449095124,35.64723179841846],[9.112741300608697,35.64516174273605],[9.1132588145293,35.64102163137123],[9.114293842370504,35.63739903392701],[9.116363898052915,35.633086417921994],[9.118778963015727,35.628256287996365],[9.12119402797854,35.624116176631546],[9.127749204306172,35.61652597246271],[9.132924343512197,35.606865712611466],[9.137754473437822,35.59824048060142],[9.141549575522241,35.58961524859138],[9.152244863214694,35.58064500730094]]}},{"type":"Feature","properties":{"accuracy":"70000","activity_confidence":"2","average_dip":"(50,40,70)","average_rake":"","catalog_id":"NAF_83","catalog_name":"GEM_N_Africa","dip_dir":"E","downthrown_side_dir":"E","epistemic_quality":"2","exposure_quality":"2","fs_name":"Sabibah Graben","last_movement":"","name":"","net_slip_rate":"","notes":"Maybe active... Was certainly active in Neogene, but Quaternary activity uncertain.","reference":"DEM","shortening_rate":"","slip_type":"Normal","strike_slip_rate":"","vert_sep_rate":""},"geometry":{"type":"LineString","coordinates":[[8.999060742716326,35.66724233668177],[9.006995956165566,35.65896211395213],[9.010446048969584,35.655857030428514],[9.013551132493198,35.65137190978329],[9.018381262418822,35.64516174273606],[9.022866383064045,35.63860656640843],[9.026316475868063,35.63446645504361],[9.02562645730726,35.62515120447276],[9.024591429466055,35.618251018864726],[9.023901410905252,35.61169584253709],[9.022866383064045,35.60548567548986],[9.024246420185653,35.60169057340544],[9.022866383064045,35.595825415638615],[9.022521373783643,35.59168530427379],[9.023556401624848,35.58754519290897],[9.026316475868063,35.577884933057724],[9.027006494428866,35.57201977529089],[9.025281448026858,35.56615461752406],[9.025281448026858,35.559944450476834],[9.028386531550474,35.552699255588394],[9.031491615074088,35.54579906998036],[9.037011763560516,35.53786385653112],[9.043911949168551,35.53165368948389],[9.047017032692168,35.52544352243666],[9.051157144056987,35.52095840179143],[9.053917218300201,35.515093244024605],[9.057367311104219,35.50922808625778],[9.060817403908237,35.504397956332156],[9.064267496712253,35.50198289136934],[9.073237738002698,35.49646274288291],[9.07944790504993,35.49025257583568],[9.084623044255956,35.48507743662966],[9.088418146340373,35.481627343825636],[9.091178220583588,35.479557288143226]]}},{"type":"Feature","properties":{"accuracy":"200000","activity_confidence":"1","average_dip":"(50,30,70)","average_rake":"","catalog_id":"NAF_84","catalog_name":"GEM_N_Africa","dip_dir":"W","downthrown_side_dir":"E","epistemic_quality":"1","exposure_quality":"2","fs_name":"N-S Axial Fault","last_movement":"","name":"N-S Axial Fault","net_slip_rate":"","notes":"Blind oblique-reverse (?) fault under major regional fold. A fair amount of associated seismicity, but it looks like an inverted (or reactivated) basement structure.  It's in a lot of papers but no good surface break.","reference":"Soumaya et al., 2015 Tectonics","shortening_rate":"","slip_type":"Sinistral-Reverse","strike_slip_rate":"","vert_sep_rate":""},"geometry":{"type":"LineString","coordinates":[[10.136901349481237,36.38003150999177],[10.077559753252139,36.338630396343554],[10.043058825211967,36.30136939406017],[10.0099379342934,36.27376865162803],[9.990617414590904,36.247547946317496],[9.954736449429124,36.20614683266929],[9.936795966848234,36.1688858303859],[9.913335335780916,36.13714497658894],[9.89849993672364,36.113339336241225],[9.882974519105563,36.09401881653873],[9.853648730271416,36.061932953461366],[9.838468321933739,36.04123239663726],[9.822942904315662,36.008801524279505],[9.815352700146823,35.99017102313781],[9.801552328930754,35.958085160060456],[9.787751957714685,35.930484417628314],[9.76291128952576,35.88563321117609],[9.747730881188083,35.86148256154797],[9.730480417167998,35.826291614946996],[9.720130138755945,35.787650575542],[9.718750101634338,35.75176961038022],[9.70908984178309,35.69380805127272]]}},{"type":"Feature","properties":{"accuracy":"250000","activity_confidence":"1","average_dip":"(60,40,80)","average_rake":"","catalog_id":"NAF_85","catalog_name":"GEM_N_Africa","dip_dir":"W","downthrown_side_dir":"E","epistemic_quality":"1","exposure_quality":"2","fs_name":"N-S Axial Fault","last_movement":"","name":"N-S Axial Fault","net_slip_rate":"","notes":"Blind reverse-oblique (?) fault below well-defined anticline. Lots of associated moderate seismicity but kinematics and geometry a little unclear.","reference":"Soumaya et al., 2015","shortening_rate":"","slip_type":"Sinistral-Reverse","strike_slip_rate":"","vert_sep_rate":""},"geometry":{"type":"LineString","coordinates":[[9.749800936870495,35.468171981889995],[9.72496026868157,35.446091387944286],[9.711159897465501,35.432291016728215],[9.705639748979074,35.41573057126893],[9.70287967473586,35.39917012580965],[9.70287967473586,35.38398971747197],[9.701499637614253,35.360529086404654],[9.704259711857466,35.33706845533734],[9.704259711857466,35.316367898513235],[9.701499637614253,35.29290726744592],[9.700119600492645,35.276346821986635],[9.698739563371038,35.26116641364896],[9.694599452006218,35.23632574546003],[9.690459340641397,35.2101050401495],[9.694599452006218,35.157663629528436],[9.686319229276576,35.132822961339514],[9.672518858060506,35.10522221890737],[9.666998709574079,35.05968099389435],[9.665618672452473,35.023800028732566],[9.661478561087652,34.98929910069239],[9.655958412601224,34.96721850674668],[9.654578375479618,34.93685769007133],[9.63939796714194,34.898216650666335],[9.618697410317838,34.858195574139735],[9.61731737319623,34.82783475746438],[9.61317726183141,34.78505360669457],[9.607657113344981,34.75883290138404],[9.603517001980162,34.738132344559936],[9.597996853493733,34.72571201046547]]}},{"type":"Feature","properties":{"accuracy":"125000","activity_confidence":"2","average_dip":"(50.0,,)","average_rake":"","catalog_id":"NAF_86","catalog_name":"GEM_N_Africa","dip_dir":"E","downthrown_side_dir":"E","epistemic_quality":"1","exposure_quality":"0","fs_name":"Hun Graben","last_movement":"","name":"Western Fault","net_slip_rate":"","notes":"","reference":"Abdunasser and McCaffrey 2015 J. Earth Systems Science","shortening_rate":"","slip_type":"Normal","strike_slip_rate":"","vert_sep_rate":""},"geometry":{"type":"LineString","coordinates":[[14.798225475780606,30.637170900686012],[14.806624134531878,30.62037358318347],[14.819822026855306,30.598777032108767],[14.83721924855437,30.580180002016668],[14.863615033201224,30.54538555861854],[14.871413787755976,30.53578709147423],[14.887611201062002,30.516590157185608],[14.90020918918891,30.49439370191439],[14.927204878032283,30.46139897110582],[14.94040277035571,30.445201557799795],[14.949401333303502,30.424204910921617],[14.963799034019969,30.403808168239955],[14.978196734736436,30.38761075493393],[15.002192902597212,30.37921209618266],[15.027388878851028,30.357615545107958],[15.075981118769104,30.31322263456552],[15.108375945381152,30.286826849918665],[15.149169430744474,30.266430107237007],[15.17436540699829,30.244833556162305],[15.201961000038184,30.213638537943297],[15.22475735950592,30.18844256168948],[15.24035486861543,30.150048693112247],[15.257752090314494,30.112254728731525],[15.263151228083169,30.091857986049863],[15.264950940672726,30.07266105176124],[15.264950940672726,30.057663446848256],[15.276349120406596,30.039666320952673],[15.297345767284776,30.016270057288416],[15.320142126752515,29.994673506213715],[15.329140689700305,29.98087570969377],[15.339938965237655,29.967077913173824],[15.357936091133238,29.953280116653875],[15.371733887653185,29.943081745313044],[15.378932738011418,29.94008222433045],[15.383132067387054,29.931683565579178]]}},{"type":"Feature","properties":{"accuracy":"125000","activity_confidence":"2","average_dip":"(50,40,70)","average_rake":"","catalog_id":"NAF_87","catalog_name":"GEM_N_Africa","dip_dir":"E","downthrown_side_dir":"E","epistemic_quality":"2","exposure_quality":"2","fs_name":"Hun Graben","last_movement":"","name":"Western Fault Zone","net_slip_rate":"","notes":"","reference":"Abdunasser and McCaffrey 2015","shortening_rate":"","slip_type":"Normal","strike_slip_rate":"","vert_sep_rate":""},"geometry":{"type":"LineString","coordinates":[[15.330340498093342,29.84949669065601],[15.344738198809809,29.835098989939546],[15.363935133098432,29.815902055650923],[15.378332833814897,29.805103780113576],[15.401129193282635,29.78950627100407],[15.414327085606063,29.765510103143292],[15.423925552750374,29.742713743675555],[15.42872478632253,29.724716617779972],[15.449421481102453,29.69592121634704],[15.460819660836322,29.68182346772883],[15.470718080078893,29.671925048486262],[15.485415732893618,29.66172667714543],[15.52140998468478,29.633231227810757],[15.54180672736644,29.615834006111694],[15.556804332279427,29.602636113788268],[15.584999829515839,29.571441095569256],[15.61379523094877,29.544445406725885],[15.627593027468718,29.531847418598975],[15.640790919792146,29.51684981368599],[15.655788524705132,29.497652879397368],[15.667186704439,29.483255178680903],[15.689383159710221,29.45985891501664],[15.707380285605804,29.437662459745418],[15.725377411501388,29.41486610027768],[15.74397444159349,29.393869453399503],[15.757172333916918,29.359075010001376],[15.76437118427515,29.336878554730156],[15.767370705257747,29.315881907851978],[15.771869986731641,29.304783680216367],[15.774869507714238,29.295785117268576],[15.780268645482913,29.288286314812083]]}},{"type":"Feature","properties":{"accuracy":"125000","activity_confidence":"2","average_dip":"(50,40,70)","average_rake":"","catalog_id":"NAF_88","catalog_name":"GEM_N_Africa","dip_dir":"W","downthrown_side_dir":"W","epistemic_quality":"2","exposure_quality":"2","fs_name":"Hun Graben","last_movement":"","name":"Eastern Fault Zone","net_slip_rate":"","notes":"","reference":"Abdunasser and McCaffrey 2015","shortening_rate":"","slip_type":"Normal","strike_slip_rate":"","vert_sep_rate":""},"geometry":{"type":"LineString","coordinates":[[15.74397444159349,30.036966752068317],[15.7535729087378,30.021969147155332],[15.763171375882111,30.01117087161798],[15.779368789188135,30.000372596080634],[15.796766010887199,29.984175182774607],[15.80516466963847,29.976376428219854],[15.81776265776538,29.952980164555598],[15.821961987141016,29.92898399669482],[15.830960550088806,29.903788020441006],[15.843558538215715,29.889990223921057],[15.8585561431287,29.87919194838371],[15.877753077417323,29.860594918291607],[15.895150299116386,29.84619721757514],[15.917946658584123,29.831199612662154],[15.93354416769363,29.81740181614221],[15.955140718768329,29.797005073460546],[15.97313784466391,29.780207755958003],[15.98453602439778,29.766409959438057],[15.997134012524686,29.755011779704187],[16.019330467795903,29.728615995057332],[16.039127306281046,29.704619827196556],[16.050525486014916,29.69142193487313],[16.06432328253486,29.66922547960191],[16.06972242030354,29.654827778885444],[16.079320887447846,29.632631323614227],[16.090119162985197,29.614634197718644],[16.092518779771275,29.603236017984774],[16.099717630129508,29.57444061655184],[16.1057166720947,29.559443011638855],[16.11771475602509,29.541445885743272],[16.120714277007686,29.524648568240732],[16.117714756025087,29.50725134654167],[16.12371379799028,29.482655274484372],[16.132712360938072,29.457459298230553],[16.13871140290327,29.447860831086246],[16.128513031562438,29.436462651352375],[16.121914085400725,29.419065429653312],[16.116514947632048,29.40886705831248],[16.103317055308622,29.391469836613417],[16.098517821736465,29.36807357294916],[16.098517821736465,29.35487568062573],[16.101517342719063,29.338078363123188],[16.114115330845973,29.321880949817164],[16.12611341477636,29.311682578476333],[16.14171092388587,29.301484207135505],[16.155508720405816,29.298484686152907],[16.162707570764052,29.294885260973793],[16.176505367283998,29.279887656060804],[16.190303163803943,29.258891009182626],[16.204100960323892,29.23369503292881],[16.222098086219475,29.206099439888916],[16.2382954995255,29.184502888814215],[16.244294541490692,29.174904421669904],[16.25749243381412,29.164706050329077],[16.284488122657493,29.152108062202167],[16.303685056946115,29.143709403450895],[16.314483332483466,29.14010997827178],[16.333680266772088,29.12991160693095],[16.348677871685073,29.122112852376198],[16.37207413534933,29.110114768445808],[16.399669728389224,29.099316492908457],[16.418866662677846,29.08791831317459],[16.43266445919779,29.083119079602433],[16.4452624473247,29.07712003763724],[16.456060722862052,29.069921187279007]]}},{"type":"Feature","properties":{"accuracy":"125000","activity_confidence":"2","average_dip":"(50,40,70)","average_rake":"","catalog_id":"NAF_89","catalog_name":"GEM_N_Africa","dip_dir":"W","downthrown_side_dir":"W","epistemic_quality":"2","exposure_quality":"2","fs_name":"Hun Graben","last_movement":"","name":"Eastern Fault Zone","net_slip_rate":"","notes":"Fault geomorphology nice in the south but gets a bit ambiguous towards the north.","reference":"Abdunasser and McCaffrey 2015","shortening_rate":"","slip_type":"Normal","strike_slip_rate":"","vert_sep_rate":""},"geometry":{"type":"LineString","coordinates":[[15.860355855718266,29.94938073937647],[15.85825619103045,29.953580068752103],[15.855856574244372,29.958379302324257],[15.852257149065254,29.963478487994674],[15.84655805919832,29.968877625763348],[15.840259065134866,29.97607647612158],[15.83725954415227,29.979975853398958],[15.834260023169673,29.983875230676333],[15.829160837499257,29.98927436844501],[15.827361124909698,29.99167398523109],[15.821062130846245,30.00067254817888],[15.81536304097931,30.010870919519707],[15.810863759505414,30.023168955548357],[15.805764573834999,30.033967231085708],[15.798565723476766,30.04176598564046],[15.796166106690688,30.045365410819574],[15.791366873118532,30.05256426117781],[15.785367831153339,30.064862297206457],[15.78296821436726,30.075360620645547],[15.775169459812508,30.090358225558532],[15.771570034633392,30.096657219621985],[15.770070274142093,30.105655782569777],[15.758672094408228,30.12455276476014],[15.749973483558696,30.13805060918183],[15.747273914674357,30.14854893262092],[15.74487429788828,30.159347208158266],[15.741574824807424,30.166246106418242],[15.736175687038749,30.173444956776475],[15.722152926445098,30.200965561791794],[15.717953597069462,30.22736134643865],[15.721253070150318,30.242958855548153],[15.714354171890346,30.25465698738028],[15.70895503412167,30.262755694033295],[15.702955992156477,30.272954065374122],[15.695457189699983,30.281952628321914],[15.68945814773479,30.290651239171446],[15.6789598242957,30.301749466807056],[15.670561165544427,30.310748029754848],[15.654063800140143,30.314347454933966],[15.638166338932377,30.33594400600867],[15.641765764111494,30.369538641013758],[15.638166338932377,30.38993538369542],[15.615369979464639,30.41873078512835],[15.602172087141211,30.454725036919516],[15.594973236782979,30.465523312456867],[15.581775344459551,30.490719288710682],[15.57217687731524,30.515915264964498],[15.564978026957007,30.531512774074002],[15.548180709454462,30.560308175506936]]}},{"type":"Feature","properties":{"accuracy":"200000","activity_confidence":"1","average_dip":"(45,35,60)","average_rake":"","catalog_id":"NAF_90","catalog_name":"GEM_N_Africa","dip_dir":"W","downthrown_side_dir":"W","epistemic_quality":"1","exposure_quality":"1","fs_name":"Suez Rift","last_movement":"","name":"Hammam Faroun Fault","net_slip_rate":"","notes":"","reference":"Sharp et al. 2000 GSAB","shortening_rate":"","slip_type":"Normal","strike_slip_rate":"","vert_sep_rate":""},"geometry":{"type":"LineString","coordinates":[[32.79602626358446,29.45468474132163],[32.79782597617402,29.443886465784278],[32.80892420380963,29.430688573460852],[32.81837269490481,29.416290872744387],[32.825271593164786,29.403692884617477],[32.82902099439303,29.390794944392308],[32.83127063512997,29.385995710820154],[32.831420611179105,29.377747028118012],[32.834720084259956,29.37189796220195],[32.834870060309086,29.363649279499807],[32.83696972499691,29.353750860257236],[32.83996924597951,29.343852441014665],[32.843868623256874,29.333954021772094],[32.85001764127121,29.324055602529523],[32.859466132366386,29.310707734156964],[32.86366546174202,29.299609506521357],[32.87131424024765,29.293160536408774],[32.88503704874304,29.282287272846858],[32.89748506082081,29.27546336261145],[32.898684869213845,29.26691472781105],[32.907908396235335,29.258516069059777],[32.92500566583613,29.244718272539828],[32.93070475570307,29.23526978144465],[32.94030322284738,29.227770978988154],[32.95350111517081,29.20212507458695],[32.96054998947991,29.18967706250917],[32.97059838477161,29.175729289940094],[32.9765974267368,29.166880703041432],[32.987995606470676,29.164931014402747],[32.9996937383028,29.15833206824103],[33.00899225334886,29.147533792703683],[33.02219014567228,29.13853522975589],[33.03358832540615,29.122037864351608],[33.044086648845244,29.11483901399337],[33.05548482857911,29.105240546849064],[33.072582098179915,29.09714184019605],[33.08278046952074,29.088743181444777],[33.08518008630682,29.080344522693505],[33.0944036133283,29.068121474689423],[33.10677663738152,29.059497851864453],[33.11930471459638,29.055720018879054],[33.12776173378083,29.036730228677676],[33.147720098793975,29.028302833645444],[33.16106796716653,29.017654534157227],[33.18904348270971,28.997823551084636],[33.19856197944899,28.99545807888601]]}},{"type":"Feature","properties":{"accuracy":"30000","activity_confidence":"1","average_dip":"(90,,)","average_rake":"","catalog_id":"NAF_91","catalog_name":"GEM_N_Africa","dip_dir":"","downthrown_side_dir":"","epistemic_quality":"1","exposure_quality":"1","fs_name":"","last_movement":"","name":"","net_slip_rate":"","notes":"","reference":"Abdeen and Abdelmaksoud 2014 JAES","shortening_rate":"","slip_type":"Sinistral","strike_slip_rate":"","vert_sep_rate":""},"geometry":{"type":"LineString","coordinates":[[33.2928219263271,28.592134988763622],[33.29117218978667,28.58673585099495],[33.29012235744276,28.58253652161931],[33.2883226448532,28.578337192243676],[33.28757276460755,28.57428783891717],[33.285773052017994,28.571288317934574],[33.28382336337931,28.567538916706326],[33.28247357893714,28.56408946757634],[33.280973818445844,28.559890138200704],[33.279624034003675,28.55659066511985],[33.277824321414116,28.55254131179334],[33.27527472857891,28.548341982417707],[33.2727251357437,28.54249291650164]]}},{"type":"Feature","properties":{"accuracy":"64000","activity_confidence":"1","average_dip":"","average_rake":"","catalog_id":"NAF_92","catalog_name":"GEM_N_Africa","dip_dir":"","downthrown_side_dir":"","epistemic_quality":"1","exposure_quality":"1","fs_name":"","last_movement":"","name":"Durba-Araba Fault","net_slip_rate":"","notes":"","reference":"Abdeen and Abdelmaksoud 2014 JAES","shortening_rate":"","slip_type":"Sinistral","strike_slip_rate":"","vert_sep_rate":""},"geometry":{"type":"LineString","coordinates":[[33.35071268129122,28.467804844034983],[33.35191248968426,28.475903550687995],[33.35341225017556,28.485502017832307],[33.35341225017556,28.494500580780095],[33.35701167535468,28.512797658773938],[33.35551191486338,28.52929502417822],[33.35491201066686,28.541893012305128],[33.35821148374771,28.556290713021593],[33.36151095682857,28.572488126327617],[33.36181090892683,28.586585874945822],[33.35911134004249,28.596484294188393]]}},{"type":"Feature","properties":{"accuracy":"100000","activity_confidence":"1","average_dip":"(55,40,70)","average_rake":"","catalog_id":"NAF_93","catalog_name":"GEM_N_Africa","dip_dir":"W","downthrown_side_dir":"W","epistemic_quality":"1","exposure_quality":"1","fs_name":"","last_movement":"","name":"Nezzazat Fault","net_slip_rate":"","notes":"","reference":"Sharp et al. 2000 GSAB","shortening_rate":"","slip_type":"Normal","strike_slip_rate":"","vert_sep_rate":""},"geometry":{"type":"LineString","coordinates":[[33.24482959060555,28.999919866347682],[33.24662930319511,28.996020489070307],[33.247829111588146,28.99212111179293],[33.248129063686406,28.989721495006854],[33.24992877627596,28.984172381189044],[33.24992877627596,28.98162278835384],[33.25067865652161,28.97757343502733],[33.25157851281639,28.974573914044733],[33.25232839306204,28.971274440963878],[33.253078273307686,28.966625183440854],[33.253228249356816,28.963325710359996],[33.254278081700726,28.958526476787842],[33.254128105651596,28.954927051608724],[33.253378225405946,28.95162757852787],[33.252778321209426,28.94787817729962],[33.253078273307686,28.944578704218763],[33.253228249356816,28.942329063481818],[33.253078273307686,28.93842968620444],[33.25247836911117,28.934830261025326],[33.25157851281639,28.932580620288377],[33.25172848886552,28.928981195109262],[33.25142853676726,28.924481913635365],[33.25127856071813,28.922232272898416],[33.25157851281639,28.91878282376843],[33.25202844096378,28.914283542294534],[33.253528201455076,28.90933433267325],[33.255777842192025,28.903035338609797],[33.25457803379898,28.89853605713592],[33.25337822540594,28.893436871465504],[33.25187846491464,28.88953749418813],[33.24977880022682,28.88563811691075],[33.24857899183378,28.882638595928157],[33.24557947085118,28.87693950606122],[33.244379662458144,28.873340080882105],[33.244379662458144,28.86824089521169],[33.243479806163364,28.861941901148235],[33.243479806163364,28.85984223646042],[33.24138014147555,28.855342954986522],[33.238980524689474,28.852943338200447],[33.236580907903395,28.84934391302133],[33.23418129111732,28.845744487842214],[33.234481243215576,28.840345350073537],[33.234481243215576,28.834946212304864],[33.23148172223298,28.83014697873271],[33.22518272816953,28.822348224177958],[33.22068344669563,28.815749278016245],[33.21798387781129,28.804951002478894],[33.21858378200781,28.79865200841544],[33.22038349459737,28.79235301435199],[33.22518272816953,28.78725382868157],[33.22848220125038,28.784554259797236],[33.23268153062602,28.780954834618118],[33.238680572591214,28.772856127965106],[33.244679614556404,28.767756942294692],[33.24797908763726,28.76205785242776],[33.24887894393204,28.75755857095386],[33.25127856071812,28.75005976849737],[33.25037870442334,28.742860918139137],[33.24977880022682,28.735962019879164],[33.24857899183378,28.73116278630701],[33.24857899183378,28.723364031752258],[33.25607779429028,28.712865708313167],[33.26087702786243,28.708366426839273],[33.264476453041546,28.705066953758415],[33.27167530339978,28.69966781598974],[33.27617458487367,28.696368342908883],[33.28217362683886,28.68946944464891],[33.28217362683886,28.675671648128965],[33.27617458487367,28.66187385160902],[33.26837583031892,28.65047567187515],[33.2677759261224,28.640877204730838],[33.270175542908476,28.626479504014373],[33.271375351301515,28.62048046204918],[33.27437487228411,28.609082282315313],[33.27857420165975,28.60008371936752],[33.28457324362494,28.597084198384923],[33.29117218978666,28.59168506061625]]}},{"type":"Feature","properties":{"accuracy":"20000","activity_confidence":"1","average_dip":"(60,40,80)","average_rake":"","catalog_id":"NAF_94","catalog_name":"GEM_N_Africa","dip_dir":"S","downthrown_side_dir":"S","epistemic_quality":"1","exposure_quality":"1","fs_name":"","last_movement":"","name":"Markha Baba transfer Fault","net_slip_rate":"","notes":"May be oblique","reference":"Sharp et al. 2000","shortening_rate":"","slip_type":"Normal","strike_slip_rate":"","vert_sep_rate":""},"geometry":{"type":"LineString","coordinates":[[33.199761787842,28.99594550104575],[33.20306126092286,28.99744526153705],[33.20501094956155,28.998795045979218],[33.20793548251958,28.99916998610204],[33.20958521906,28.999544926224864],[33.212509752018036,29.00021981844595],[33.21723399756563,29.00066974659334],[33.21910869817975,29.000594758568774],[33.223233039530825,29.001644590912683],[33.227582344955586,29.001944543010943],[33.230131937790794,29.003744255600502],[33.23448124321556,29.003519291526807],[33.23748076419816,29.002919387330287],[33.24213002172118,29.002169507084638],[33.24467961455639,29.00006984239682]]}},{"type":"Feature","properties":{"accuracy":"40000","activity_confidence":"1","average_dip":"(60,40,70)","average_rake":"","catalog_id":"NAF_95","catalog_name":"GEM_N_Africa","dip_dir":"W","downthrown_side_dir":"W","epistemic_quality":"1","exposure_quality":"1","fs_name":"","last_movement":"","name":"Hadahid Fault","net_slip_rate":"","notes":"","reference":"Sharp et al. 2000","shortening_rate":"","slip_type":"Normal","strike_slip_rate":"","vert_sep_rate":""},"geometry":{"type":"LineString","coordinates":[[33.400729693676,28.710466091527096],[33.40462907095337,28.70656671424972],[33.40822849613249,28.703867145365383],[33.411527969213346,28.701467528579304],[33.414827442294204,28.69756815130193],[33.42082648425939,28.691869061434996],[33.42322610104547,28.688869540452398],[33.42802533461763,28.684970163175024],[33.43252461609152,28.678371217013307],[33.43552413707412,28.671472318753334],[33.43852365805672,28.6672729893777],[33.442722987432354,28.663973516296842],[33.44692231680799,28.660074139019468],[33.45142159828188,28.65827442642991],[33.455021023461,28.65617476174209],[33.46012020913142,28.649875767678637],[33.46491944270357,28.645376486204743],[33.46521939480183,28.642676917320404],[33.46611925109661,28.64027730053433],[33.46761901158791,28.63817763584651],[33.472418245160064,28.63637792325695],[33.4766175745357,28.635478066962172],[33.47961709551829,28.633378402274353],[33.48261661650089,28.6300789291935],[33.48471628118871,28.62677945611264],[33.48771580217131,28.622580126737006],[33.49041537105565,28.619880557852667],[33.49491465252954,28.616881036870073],[33.50241345498603,28.614181467985734],[33.50961230534426,28.611781851199655],[33.51441153891642,28.613281611690955],[33.51951072458684,28.613881515887474],[33.52580971865029,28.614181467985734],[33.530908904320704,28.614781372182254],[33.53900761097371,28.614481420083994],[33.54470670084065,28.612081803297915],[33.54770622182324,28.610282090708353],[33.55130564700236,28.606982617627498],[33.55355528773931,28.60338319244838],[33.55835452131146,28.596184342090147],[33.56615327586621,28.59348477320581],[33.56915279684881,28.59303484505842],[33.57395203042096,28.592584916911033],[33.57785140769834,28.59363474925494],[33.57980109633703,28.59363474925494]]}},{"type":"Feature","properties":{"accuracy":"50000","activity_confidence":"1","average_dip":"(60,40,70)","average_rake":"","catalog_id":"NAF_96","catalog_name":"GEM_N_Africa","dip_dir":"W","downthrown_side_dir":"W","epistemic_quality":"1","exposure_quality":"1","fs_name":"","last_movement":"","name":"Sinai Massif Fault","net_slip_rate":"","notes":"","reference":"Sharp et al. 2000","shortening_rate":"","slip_type":"Normal","strike_slip_rate":"","vert_sep_rate":""},"geometry":{"type":"LineString","coordinates":[[33.57920119214051,28.593634749254946],[33.58280061731963,28.589135467781052],[33.58400042571267,28.584336234208898],[33.584600329909186,28.577137383850662],[33.584600329909186,28.572338150278508],[33.5881997550883,28.564239443625496],[33.59479870125001,28.556740641169004],[33.59719831803609,28.554940928579445],[33.60259745580476,28.55224135969511],[33.61039621035952,28.54984174290903],[33.61729510861949,28.546842221926433],[33.621794390093385,28.5411431320595],[33.63229271353248,28.536643850585605],[33.63799180339941,28.534544185897786],[33.64219113277505,28.533944281701267],[33.648490126838496,28.530644808620412],[33.65568897719673,28.528545143932593],[33.66108811496541,28.52134629357436],[33.66828696532364,28.514747347412648],[33.672786246797536,28.506948592857896],[33.674286007288835,28.50184940718748],[33.675185863583614,28.49405065263273],[33.676385671976654,28.487151754372753],[33.680585001352284,28.48355232919364],[33.68748389961226,28.47965295191626],[33.68928361220182,28.469154628477174],[33.69078337269312,28.460156065529382],[33.69078337269312,28.45265726307289],[33.69048342059486,28.44335874802684],[33.69438279787223,28.437959610258165],[33.701581648230466,28.43031083175254],[33.707280738097396,28.425961526327775],[33.708180594392175,28.41996248436258],[33.707430714146525,28.415463202888684],[33.709680354883474,28.407664448333932]]}},{"type":"Feature","properties":{"accuracy":"150000","activity_confidence":"1","average_dip":"(50,40,70)","average_rake":"","catalog_id":"NAF_97","catalog_name":"GEM_N_Africa","dip_dir":"W","downthrown_side_dir":"W","epistemic_quality":"1","exposure_quality":"1","fs_name":"","last_movement":"","name":"South Sinai Massif Fault","net_slip_rate":"","notes":"","reference":"DEM","shortening_rate":"","slip_type":"Normal","strike_slip_rate":"","vert_sep_rate":""},"geometry":{"type":"LineString","coordinates":[[33.73562621138295,28.408714280677838],[33.74252510964292,28.4075144722848],[33.74672443901856,28.403015190810905],[33.748524151608116,28.399415765631787],[33.750023912099415,28.390717154782255],[33.749124055804636,28.383518304424022],[33.750323864197675,28.37781921455709],[33.751523672590714,28.371220268395376],[33.753923289376786,28.365521178528443],[33.76112213973502,28.35592271138413],[33.76442161281588,28.352623238303273],[33.76982075058455,28.3487238610259],[33.77402007996019,28.34662419633808],[33.780619026121904,28.343624675355482],[33.784818355497535,28.338825441783328],[33.787217972283614,28.335825920800733],[33.79081739746273,28.329826878835537],[33.79321701424881,28.325027645263383],[33.79681643942793,28.31932855539645],[33.8007158167053,28.310929896645177],[33.80311543349138,28.303731046286945],[33.8052150981792,28.29773200432175],[33.809714379653094,28.292932770749594],[33.814213661126985,28.28873344137396],[33.81901289469914,28.282434447310507],[33.82171246358348,28.276735357443567],[33.82861136184346,28.264437321414917],[33.83341059541561,28.258738231547984],[33.84060944577384,28.25303914168105],[33.84270911046166,28.24164096194718],[33.84840820032859,28.23324230319591],[33.85470719439205,28.226643357034195],[33.865805422027655,28.21524517730033],[33.87000475140329,28.206846518549057],[33.87690364966326,28.196348195109966],[33.8811029790389,28.190949057341292],[33.888301829397136,28.18165054229524],[33.89280111087103,28.178651021312646],[33.90809866788228,28.175651500330044],[33.92309627279526,28.157654374434465],[33.93269473993957,28.145656290504075],[33.94409291967344,28.137857535949323],[33.9614901413725,28.13185849398413],[33.978887363071564,28.125259547822417],[33.98728602182283,28.098263858979045],[33.98188688405416,28.07186807433219],[33.978887363071564,28.056270565222686],[33.98068707566112,28.039473247720142],[33.99148535119847,28.037673535130587],[33.998684201556706,28.035273918344508],[34.004683243521896,28.030474684772354],[34.01248199807665,28.027475163789756],[34.01908094423836,28.025075547003677],[34.030479123972235,28.017876696645445],[34.03827787852698,28.01187765468025],[34.05507519602953,27.995680241374227],[34.062873950584276,27.989681199409034],[34.07247241772859,27.98428206164036],[34.08087107647986,27.980682636461243],[34.088669831034615,27.97588340288909],[34.10006801076848,27.969884360923896],[34.11146619050235,27.966284935744778],[34.122864370236215,27.96508512735174],[34.12826350800489,27.965685031548258]]}},{"type":"Feature","properties":{"accuracy":"100000","activity_confidence":"2","average_dip":"(55,40,70)","average_rake":"","catalog_id":"NAF_98","catalog_name":"GEM_N_Africa","dip_dir":"W","downthrown_side_dir":"W","epistemic_quality":"1","exposure_quality":"1","fs_name":"","last_movement":"","name":"","net_slip_rate":"","notes":"Gets a little ambiguous towards the north and south. Might not be very active.","reference":"DEM","shortening_rate":"","slip_type":"Normal","strike_slip_rate":"","vert_sep_rate":""},"geometry":{"type":"LineString","coordinates":[[32.85616665928552,30.01435786266198],[32.85616665928552,30.010158533286347],[32.85676656348204,30.00385953922289],[32.8570665155803,29.999360257748997],[32.8570665155803,29.994261072078583],[32.85826632397334,29.988861934309906],[32.85916618026812,29.98556246122905],[32.86066594075942,29.979263467165598],[32.86096589285768,29.969365047923027],[32.86126584495594,29.963665958056094],[32.86126584495594,29.95676705979612],[32.86246565334898,29.94956820943789],[32.86336550964376,29.94686864055355],[32.866065078528095,29.942369359079656],[32.867864791117654,29.9375701255075],[32.868164743215914,29.931871035640565],[32.869364551608946,29.926171945773632],[32.871164264198505,29.921372712201475],[32.873263928886324,29.914473813941502],[32.872963976788064,29.909974532467608],[32.872963976788064,29.903975490502415],[32.872064120493285,29.896176735947662],[32.871164264198505,29.891077550277245],[32.870864312100245,29.884778556213792],[32.871464216296765,29.87997932264164],[32.871764168395025,29.874580184872965],[32.871764168395025,29.867681286612992],[32.872963976788064,29.85988253205824],[32.8741637851811,29.853583537994783],[32.873863833082844,29.84758449602959],[32.873863833082844,29.841885406162657],[32.87476368937762,29.834086651607905],[32.8756635456724,29.826587849151412],[32.87656340196718,29.824188232365334],[32.87746325826196,29.81698938200709],[32.87986287504803,29.806191106469743],[32.88166258763759,29.795392830932393],[32.88256244393237,29.78699417218112],[32.88436215652193,29.77979532182289],[32.88616186911149,29.771396663071616],[32.88766162960279,29.763297956418604],[32.88886143799583,29.75759886655167],[32.89126105478191,29.74740049521084],[32.89546038415754,29.742001357442167],[32.898759857238396,29.733602698690895],[32.901759378220994,29.729103417217],[32.902959186614034,29.720704758465722],[32.902359282417514,29.70270763257014],[32.900559569827955,29.687710027657154],[32.899359761434916,29.67331232694069],[32.90355909081055,29.653515488455547],[32.90835832438271,29.6397176919356],[32.91615707893746,29.626519799612176],[32.92635545027829,29.61452171568179],[32.93295439644,29.605523152733998]]}},{"type":"Feature","properties":{"accuracy":"100000","activity_confidence":"1","average_dip":"(60,40,70)","average_rake":"","catalog_id":"NAF_99","catalog_name":"GEM_N_Africa","dip_dir":"N","downthrown_side_dir":"N","epistemic_quality":"1","exposure_quality":"1","fs_name":"","last_movement":"","name":"St. Anthony Fault","net_slip_rate":"","notes":"Some scarps in Google Earth. Strange structure.","reference":"DEM","shortening_rate":"","slip_type":"Normal","strike_slip_rate":"","vert_sep_rate":""},"geometry":{"type":"LineString","coordinates":[[32.60120737576478,29.07130846573348],[32.59550828589785,29.065609375866547],[32.59010914812917,29.060210238097874],[32.585309914557016,29.055411004525716],[32.57721120790401,29.050611770953562],[32.57121216593881,29.047912202069224],[32.56671288446492,29.04491268108663],[32.559514034106684,29.038613687023176],[32.552915087944974,29.030514980370164],[32.549615614864116,29.026915555191046],[32.54481638129196,29.020316609029333],[32.54061705191632,29.01581732755544],[32.53461800995113,29.01071814188502],[32.530418680575494,29.008318525098947],[32.5244196386103,29.00531900411635],[32.51932045293989,29.00291938733027],[32.51182165048339,28.999319962151155],[32.5058226085182,28.996020489070297],[32.499823566553005,28.992721015989442],[32.49322462039129,28.989721495006844],[32.48482596164002,28.98552216563121],[32.47852696757656,28.98342250094339],[32.4707282130218,28.97952312366601],[32.46262950636879,28.97562374638863],[32.456930416501855,28.972024321209517],[32.44763190145581,28.967525039735623],[32.43983314690105,28.964525518753025],[32.4335341528376,28.962125901966946],[32.42453558988981,28.95822652468957],[32.41913645212114,28.954027195313934],[32.41223755386116,28.94922796174178],[32.40203918252033,28.943528871874847],[32.39604014055514,28.93992944669573],[32.391540859081246,28.937529829909654],[32.38074258354389,28.932430644239236],[32.37564339787348,28.9297310753549],[32.367544691220466,28.926731554372303],[32.35854612827268,28.92223227289841],[32.35254708630748,28.91923275191581],[32.34654804434229,28.915933278834952],[32.341748810770135,28.9111340452628],[32.32735111005367,28.903035338609786],[32.32195197228499,28.900935673921968],[32.31625288241806,28.897336248742853],[32.30815417576505,28.88983744628636],[32.30425479848767,28.885038212714207],[32.30095532540682,28.883238500124648],[32.2928566187538,28.88173873963335],[32.285357816297314,28.88023897914205],[32.27845891803734,28.877239458159455],[32.27305978026866,28.874239937176856],[32.261061696338274,28.872740176685564],[32.252363085488746,28.871240416194265],[32.24276461834443,28.87064051199775],[32.230766534414045,28.870940464096005],[32.21576892950106,28.87064051199775],[32.20857007914283,28.87004060780123],[32.199571516195036,28.86884079940819],[32.193872426328106,28.86794094311341],[32.18367405498727,28.86734103891689],[32.171376018958625,28.863441661639513],[32.1596778871265,28.85714266757606],[32.15097927627697,28.853243290298686],[32.145280186410034,28.851743529807386],[32.13868124024832,28.852043481905646],[32.13178234198835,28.853243290298686],[32.12278377904055,28.850543721414347],[32.114685072387545,28.847844152530012],[32.10358684475194,28.846644344136973],[32.09398837760762,28.843044918957855],[32.086189623052874,28.840645302171772],[32.077191060105086,28.835246164403095],[32.06489302407643,28.828047314044863],[32.056194413226905,28.82414793676749],[32.04269656880522,28.819948607391854],[32.03009858067831,28.815149373819697],[32.024699442909636,28.812749757033618],[32.01720064045315,28.806750715068425],[32.005202556522754,28.799851816808452],[31.998303658262785,28.797152247924117],[31.988105286921954,28.79415272694152],[31.974907394598528,28.79025334966414],[31.969508256829855,28.786953876583286],[31.961109598078583,28.780654882519833],[31.955410508211646,28.777355409438975],[31.94491218477256,28.77405593635812],[31.936813478119547,28.768656798589443],[31.929914579859574,28.76235780452599],[31.920316112715263,28.759058331445136],[31.90231898681968,28.750959624792124],[31.895420088559707,28.744960582826927],[31.888821142397994,28.7347622114861]]}},{"type":"Feature","properties":{"accuracy":"70000","activity_confidence":"2","average_dip":"(60,40,70)","average_rake":"","catalog_id":"NAF_100","catalog_name":"GEM_N_Africa","dip_dir":"S","downthrown_side_dir":"S","epistemic_quality":"1","exposure_quality":"1","fs_name":"","last_movement":"","name":"","net_slip_rate":"","notes":"Can't find any real scarps in Google Earth but could be marginally active","reference":"DEM","shortening_rate":"","slip_type":"Normal","strike_slip_rate":"","vert_sep_rate":""},"geometry":{"type":"LineString","coordinates":[[31.87948513333966,28.945441066501253],[31.891633193319187,28.954214665375346],[31.89493266640004,28.956914234259685],[31.89943194787394,28.962613324126618],[31.902431468856534,28.965612845109217],[31.907830606625208,28.967712509797035],[31.914429552786924,28.97161188707441],[31.919828690555597,28.974911360155268],[31.92522782832427,28.979110689530902],[31.930327013994685,28.98181025841524],[31.938725672745957,28.984809779397835],[31.942925002121594,28.987809300380434],[31.950423804578087,28.989908965068253],[31.95582294234676,28.994408246542147],[31.96512145739281,29.00010733640908],[31.970220643063225,29.00310685739168],[31.973220164045824,29.004306665784718],[31.977119541323198,29.005806426276013],[31.982218726993615,29.00880594725861],[31.98731791266403,29.014205085027285],[31.991817194137923,29.020504079090742],[31.9957165714153,29.025903216859415],[32.00501508646135,29.03070245043157],[32.011314080524805,29.036101588200243],[32.02271226025867,29.04270053436196],[32.02721154173257,29.045700055344554],[32.03261067950124,29.049599432621932],[32.0374099130734,29.054098714095826],[32.042209146645554,29.05979780396276],[32.047308332315964,29.063397229141877],[32.05420723057594,29.066096798026212],[32.06290584142547,29.07269574418793],[32.06560541030981,29.081694307135717],[32.068304979194146,29.08889315749395],[32.07415404511021,29.09264255872219],[32.08105294337019,29.097291816245214],[32.08900167397407,29.104340690554316],[32.094250835693614,29.11273934930559],[32.100249877658804,29.117238630779486],[32.10684882382052,29.12248779249903],[32.11389769812962,29.1283368584151],[32.11899688380004,29.131936283594214],[32.12499592576523,29.134335900380293],[32.13609415340084,29.139435086050707],[32.14419286005385,29.144234319622864],[32.152291566706865,29.14813369690024],[32.157690704475534,29.150233361588057],[32.16578941112855,29.15443269096369],[32.17178845309374,29.15683230774977],[32.187985866399764,29.159831828732365],[32.20298347131275,29.164631062304522],[32.208682561179685,29.168830391680157],[32.2137817468501,29.173029721055794],[32.22248035769964,29.174979409694476],[32.22907930386135,29.179628667217504],[32.23897772310392,29.18202828400358],[32.2454266932165,29.186377589428346],[32.25202563937822,29.19042694275485],[32.25862458553993,29.194026367933972],[32.268523004782494,29.196725936818307],[32.2826207534007,29.201225218292205],[32.294018933134566,29.2057244997661],[32.3057170649667,29.208424068650437],[32.31411572371797,29.209323924945217],[32.325513903451835,29.211723541731292],[32.33751198738223,29.21382320641911],[32.347710358723056,29.21562291900867],[32.35370940068825,29.219222344187784],[32.36120820314474,29.223421673563422],[32.36660734091342,29.225821290349497],[32.376205808057726,29.230320571823395],[32.38790393988985,29.238119326378147],[32.39450288605157,29.24261860785204],[32.414599676634964,29.250417362406793],[32.42089867069842,29.255216595978947]]}},{"type":"Feature","properties":{"accuracy":"30000","activity_confidence":"1","average_dip":"(50,40,70)","average_rake":"","catalog_id":"NAF_101","catalog_name":"GEM_N_Africa","dip_dir":"N","downthrown_side_dir":"N","epistemic_quality":"1","exposure_quality":"1","fs_name":"","last_movement":"","name":"","net_slip_rate":"","notes":"","reference":"DEM","shortening_rate":"","slip_type":"Normal","strike_slip_rate":"","vert_sep_rate":""},"geometry":{"type":"LineString","coordinates":[[32.33331265800658,29.589663185538495],[32.32926330468007,29.591012969980664],[32.32506397530444,29.591462898128054],[32.32221443037097,29.591912826275443],[32.31531553211099,29.588313401096325],[32.309616442244064,29.586963616654156],[32.303767376328,29.5851639040646],[32.2952187415276,29.58351416752417],[32.29251917264326,29.58336419147504],[32.28966962770979,29.58381411962243],[32.285620274383284,29.58321421542591],[32.280671064762,29.580664622590703],[32.277971495877665,29.578265005804628],[32.275721855140716,29.57571541296942],[32.27227240601073,29.57271589198682],[32.26957283712639,29.568666538660317],[32.26747317243857,29.5650671134812],[32.26462362750511,29.560417855958175],[32.26132415442425,29.55591857448428],[32.25892453763817,29.553219005599942],[32.254425256164275,29.550819388813863]]}},{"type":"Feature","properties":{"accuracy":"50000","activity_confidence":"1","average_dip":"(60,40,70)","average_rake":"","catalog_id":"NAF_102","catalog_name":"GEM_N_Africa","dip_dir":"N","downthrown_side_dir":"N","epistemic_quality":"1","exposure_quality":"1","fs_name":"","last_movement":"","name":"","net_slip_rate":"","notes":"Gorgeous tectonic geomorphology in DEM and Google Earth","reference":"DEM","shortening_rate":"","slip_type":"Normal","strike_slip_rate":"","vert_sep_rate":""},"geometry":{"type":"LineString","coordinates":[[32.314115723717954,29.54587017919259],[32.30916651409667,29.54632010733998],[32.30556708891755,29.54677003548737],[32.30136775954192,29.54796984388041],[32.29731840621541,29.54901967622432],[32.29296910079064,29.54916965227345],[32.288469819316745,29.54916965227345],[32.285470298334154,29.54886970017519],[32.280671064762,29.54961958042084],[32.27692166353375,29.550219484617358],[32.27332223835463,29.550669412764748],[32.26867298083161,29.550969364863008],[32.26342381911206,29.550519436715618],[32.259224489736425,29.550219484617358],[32.253825351967755,29.550369460666488],[32.24992597469038,29.550519436715618],[32.24512674111822,29.550519436715618],[32.23732798656347,29.550969364863008],[32.231478920647405,29.551419293010397],[32.223980118190916,29.552769077452563],[32.21273191450617,29.550819388813878],[32.207182800688365,29.548719724126055],[32.2028334952636,29.54677003548737],[32.19083541133321,29.542870658209992],[32.18588620171193,29.541820825866083],[32.179887159746734,29.538221400686968],[32.17403809383067,29.53297223896742],[32.16848898001287,29.527123173051358],[32.16218998594941,29.52517348441267],[32.15589099188596,29.524873532314412],[32.148392189429465,29.52592336465832],[32.14194321931688,29.524423604167023],[32.13579420130256,29.520074298742255],[32.12424604551956,29.51437520887532],[32.117797075406976,29.51482513702271],[32.11179803344178,29.516474873563137],[32.10549903937832,29.517524705907046],[32.099350021364,29.517374729857917],[32.09335097939881,29.517374729857917],[32.08915165002317,29.517974634054436],[32.08660205718796,29.518574538250956],[32.08210277571407,29.518574538250956],[32.07715356609278,29.518574538250956],[32.074304021159314,29.519024466398346],[32.06965476363629,29.518874490349216],[32.067105170801085,29.519624370594865],[32.05870651204981,29.522473915528334],[32.05645687131286,29.52502350836354],[32.05450718267417,29.527723077247877],[32.05300742218288,29.531172526377862],[32.05105773354419,29.53417204736046],[32.04895806885637,29.5368716162448],[32.04730833231594,29.538671328834354],[32.04655845207029,29.539871137227394]]}},{"type":"Feature","properties":{"accuracy":"60000","activity_confidence":"1","average_dip":"(60,40,70)","average_rake":"","catalog_id":"NAF_103","catalog_name":"GEM_N_Africa","dip_dir":"NE","downthrown_side_dir":"NE","epistemic_quality":"1","exposure_quality":"1","fs_name":"","last_movement":"","name":"","net_slip_rate":"","notes":"","reference":"DEM","shortening_rate":"","slip_type":"Normal","strike_slip_rate":"","vert_sep_rate":""},"geometry":{"type":"LineString","coordinates":[[32.152741494854226,29.53162245452525],[32.14794226128207,29.5323723347709],[32.14224317141514,29.53372211921307],[32.13774388994124,29.538221400686968],[32.13474436895864,29.541220921669563],[32.13369453661473,29.542120777964342],[32.131294919828655,29.546620059438236],[32.127245566502154,29.549619580420835],[32.123646141323036,29.552319149305173],[32.11959678799653,29.555618622386028],[32.11509750652263,29.559368023614276],[32.11209798554004,29.5610177601547],[32.10879851245918,29.560267879909055],[32.10459918308354,29.559517999663406],[32.102049590248335,29.559368023614276],[32.09890009321661,29.558918095466886],[32.095900572234015,29.558768119417756],[32.09320100334968,29.558168215221237],[32.08735193743361,29.555918574484288],[32.08360253620537,29.552469125354303],[32.07940320682973,29.550219484617354],[32.07640368584713,29.548869700175185],[32.072054380422365,29.547069987585626],[32.069954715734546,29.546170131290847],[32.065455434260656,29.54512029894694],[32.06080617673763,29.5439204905539],[32.0561569192146,29.542870658209992],[32.05075778144593,29.541670849816953],[32.04715835626681,29.540621017473043],[32.044458787382474,29.539871137227394],[32.035910152582076,29.538521352785224],[32.03006108666601,29.538371376736098],[32.02646166148689,29.53762149649045],[32.02241230816039,29.538221400686968],[32.01686319434257,29.538671328834358],[32.01176400867215,29.538671328834358],[32.00666482300174,29.53762149649045],[31.99796621215221,29.53657166414654],[31.992717050432663,29.53597175995002],[31.98491829587791,29.539421209080007],[31.981618822797056,29.542420730062602],[31.97786942156881,29.54377051450477],[31.968720882571887,29.54527027499607],[31.963921648999733,29.54781986783128],[31.96017224777149,29.550369460666484],[31.95687277469063,29.55531867028777],[31.951473636921957,29.559817951761666],[31.9466744033498,29.562967448793394],[31.942775026072425,29.567616706316418],[31.937225912254625,29.568516562611197],[31.928827253503353,29.56581699372686],[31.92042859475208,29.56521708953034],[31.906930750330396,29.561317712252965],[31.900331804168683,29.561017760154705],[31.894932666400006,29.560117903859926],[31.888333720238293,29.559817951761666],[31.88263463037136,29.559817951761666],[31.87333611532531,29.559817951761666],[31.867037121261856,29.557118382877327],[31.857738606215804,29.55531867028777],[31.848740043268016,29.554118861894732],[31.838841624025445,29.553518957698213],[31.823844019112453,29.554418813992992],[31.811246030985547,29.555018718189512],[31.801047659644716,29.553818909796473],[31.78964947991085,29.553219005599953],[31.781850725356097,29.553818909796473],[31.773452066604825,29.555018718189512],[31.76085407847792,29.55621852658255],[31.74585647356495,29.565217089530343],[31.736557958518897,29.57121613149554],[31.727559395571106,29.576315317165953],[31.71466145534594,29.58681364060504],[31.707462604987708,29.595212299356312],[31.695764473155577,29.60901009587626],[31.689465479092124,29.61890851511883],[31.68616600601127,29.62610736547706],[31.68346643712693,29.635105928424853],[31.683466437126928,29.64470439556917],[31.680466916144336,29.653403006418717],[31.675667682572183,29.65850219208913],[31.67146835319655,29.664501234054324],[31.66606921542787,29.669900371822997],[31.6591703171679,29.675599461689934],[31.652271418907926,29.680998599458608],[31.646272376942733,29.68639773722728],[31.6390735265845,29.692996683388994],[31.636074005601902,29.695996204371593],[31.62947505944019,29.69989558164897],[31.623775969573256,29.703495006828085],[31.620776448590657,29.70829424040024],[31.617776927608062,29.713393426070656],[31.612377789839385,29.71729280334803],[31.60787850836549,29.72089222852715],[31.60067965800726,29.72659131839408],[31.594380663943806,29.733190264555795],[31.589281478273392,29.736489737636653],[31.5817826758169,29.739489258619248],[31.573683969163888,29.743688587994885],[31.56978459188651,29.747288013174],[31.562585741528277,29.752087246746157],[31.557186603759604,29.75718643241657],[31.548188040811812,29.761985665988725],[31.54188904674836,29.764685234873063],[31.53738976527446,29.768284660052178],[31.534090292193607,29.772483989427815],[31.53109077121101,29.77638336670519]]}},{"type":"Feature","properties":{"accuracy":"60000","activity_confidence":"1","average_dip":"(60,40,70)","average_rake":"","catalog_id":"NAF_104","catalog_name":"GEM_N_Africa","dip_dir":"N","downthrown_side_dir":"N","epistemic_quality":"1","exposure_quality":"1","fs_name":"","last_movement":"","name":"","net_slip_rate":"","notes":"","reference":"DEM","shortening_rate":"","slip_type":"Normal","strike_slip_rate":"","vert_sep_rate":""},"geometry":{"type":"LineString","coordinates":[[31.591381142961193,29.577515125559007],[31.607578556267217,29.576915221362487],[31.61477740662545,29.576915221362487],[31.619051724025653,29.577590113583568],[31.623026089327592,29.577365149509873],[31.62722541870323,29.577515125559003],[31.630074963636694,29.577515125559003],[31.636448945724716,29.576615269264227],[31.63929849065818,29.576390305190532],[31.64244798768991,29.575790400994013],[31.648447029655102,29.574965532723798],[31.65189647878509,29.57466558062554],[31.65482101174312,29.57421565247815],[31.6587203890205,29.574440616551843],[31.660670077659184,29.574290640502714],[31.663819574690912,29.57436562852727],[31.670718472950885,29.57406567642901],[31.674167922080873,29.573015844085102],[31.677167443063468,29.571066155446417],[31.68211665268475,29.56821661051295],[31.68631598206039,29.56656687397252],[31.691565143779933,29.562967448793405],[31.69636437735209,29.559667975712546],[31.700413730678594,29.55756831102473],[31.702963323513803,29.55681843077908],[31.711511958314205,29.553968885845613],[31.720360545212863,29.550069508568235],[31.7260596350798,29.54632010733999],[31.732958533339772,29.544520394750432],[31.740457335796265,29.542570706111743],[31.746756329859718,29.541220921669577],[31.75395518021795,29.539721161178278],[31.765953264148337,29.537171568343084],[31.774951827096128,29.53507190365527]]}},{"type":"Feature","properties":{"accuracy":"50000","activity_confidence":"1","average_dip":"(55,40,70)","average_rake":"","catalog_id":"NAF_105","catalog_name":"GEM_N_Africa","dip_dir":"N","downthrown_side_dir":"N","epistemic_quality":"1","exposure_quality":"1","fs_name":"","last_movement":"","name":"","net_slip_rate":"","notes":"","reference":"DEM","shortening_rate":"","slip_type":"Normal","strike_slip_rate":"","vert_sep_rate":""},"geometry":{"type":"LineString","coordinates":[[31.537031235944845,29.907427695710503],[31.554006196726704,29.901173762790872],[31.560036774899203,29.89894021531958],[31.566737417313092,29.896483313101154],[31.573214704979854,29.894696475124114],[31.58013870214087,29.8915695086643],[31.586169280313374,29.887995832710224],[31.592646567980136,29.88419880200902],[31.598900500899767,29.881741899790594],[31.605154433819397,29.881518545043463],[31.614311978451717,29.880178416560685],[31.622799458842643,29.879284997572167],[31.63061687499218,29.879061642825036],[31.635754034176166,29.87705145010087],[31.64044448386589,29.875264612123832],[31.64625170729126,29.873031064652537],[31.650942156980985,29.867893905468552],[31.65473918768219,29.863426810525958],[31.66143983009608,29.85404591114651],[31.663003313325987,29.851142299433825],[31.663673377567378,29.843771592778545],[31.66948060099275,29.838411078847432],[31.672830922199694,29.83528411238762],[31.680648338349233,29.830146953203634],[31.687125626015995,29.829476888962247],[31.69583646115405,29.82567985826104],[31.702090394073682,29.822776246548354],[31.709237745981834,29.818085796858632],[31.71794858111989,29.81384205666317],[31.723085740303873,29.81116179969761],[31.730456446959153,29.806694704755017],[31.736710379878787,29.804014447789463],[31.74073076532712,29.802004255065295],[31.744304441281194,29.79731380537557],[31.748994890970916,29.791953291444457],[31.756812307120455,29.782349037317882],[31.757929080856105,29.77810529712242],[31.75971591883314,29.770957945214267],[31.761056047315922,29.766714205018804]]}},{"type":"Feature","properties":{"accuracy":"90000","activity_confidence":"1","average_dip":"(60,40,70)","average_rake":"","catalog_id":"NAF_106","catalog_name":"GEM_N_Africa","dip_dir":"N","downthrown_side_dir":"N","epistemic_quality":"1","exposure_quality":"1","fs_name":"","last_movement":"","name":"","net_slip_rate":"","notes":"","reference":"DEM","shortening_rate":"","slip_type":"Normal","strike_slip_rate":"","vert_sep_rate":""},"geometry":{"type":"LineString","coordinates":[[31.696953234889698,29.94361116474551],[31.710354519717477,29.944504583734027],[31.725989352016555,29.94763155019384],[31.734923541901743,29.951205226147916],[31.740730765327115,29.957459159067547],[31.748324826729526,29.960139416033105],[31.756812307120452,29.960586125527364],[31.76574649700564,29.961479544515882],[31.773787267902307,29.961479544515882],[31.785848424247312,29.960139416033105],[31.792102357166943,29.961479544515885],[31.797909580592314,29.96505322046996],[31.804163513511945,29.96527657521709],[31.812204284408615,29.964159801481443],[31.82247860277658,29.963489737240053],[31.828285826201952,29.962596318251535],[31.842357175271122,29.963713091987184],[31.849951236673533,29.962596318251535],[31.85821536231733,29.962819672998663],[31.862235747765666,29.962149608757276],[31.869606454420946,29.963489737240053],[31.878763999053263,29.964606510975702],[31.885687996214283,29.966169994205607],[31.896185669329377,29.967956832182647],[31.90154618326049,29.969296960665424],[31.905119859214565,29.970190379653943],[31.913383984858363,29.969967024906815],[31.921201401007902,29.970413734401074],[31.926561914939015,29.969296960665424],[31.92991223614596,29.968850251171165],[31.935942814318462,29.968626896424034],[31.942643456732352,29.968180186929775],[31.95559803206588,29.969967024906808],[31.96765918841088,29.96862689642403],[31.97838021627311,29.96862689642403],[31.985080858687,29.96684005844699],[31.993568339077925,29.965053220469954],[32.001609109974595,29.962372963504396],[32.01054329985978,29.96103283502162],[32.0136702663196,29.961926254010137],[32.0257314226646,29.96058612552736],[32.036452450526824,29.964606510975695],[32.04091954546942,29.964606510975695],[32.04806689737757,29.96103283502162],[32.0543208302972,29.957459159067547],[32.065041858159425,29.950758516653654],[32.074422757538876,29.94673813120532],[32.09184442781499,29.942271036262728],[32.10390558415999,29.941377617274206],[32.10971280758537,29.941824326768465]]}},{"type":"Feature","properties":{"accuracy":"150000","activity_confidence":"1","average_dip":"(50,40,70)","average_rake":"","catalog_id":"NAF_107","catalog_name":"GEM_N_Africa","dip_dir":"N","downthrown_side_dir":"N","epistemic_quality":"1","exposure_quality":"1","fs_name":"","last_movement":"","name":"","net_slip_rate":"","notes":"","reference":"DEM","shortening_rate":"","slip_type":"Normal","strike_slip_rate":"","vert_sep_rate":""},"geometry":{"type":"LineString","coordinates":[[31.80103654705214,29.773861556926942],[31.817118088845476,29.764927367041754],[31.829625954684737,29.756886596145087],[31.842133820524,29.751526082213974],[31.85553510535178,29.741698473340268],[31.87251006613364,29.73187086446656],[31.884124512984382,29.722043255592855],[31.89216528388105,29.712215646719148],[31.901992892754755,29.700601199868405],[31.91450075859402,29.684519658075068],[31.918967853536614,29.677372306166916],[31.923434948479205,29.67290521122432]]}},{"type":"Feature","properties":{"accuracy":"50000","activity_confidence":"1","average_dip":"(50,40,70)","average_rake":"","catalog_id":"NAF_108","catalog_name":"GEM_N_Africa","dip_dir":"NE","downthrown_side_dir":"NE","epistemic_quality":"1","exposure_quality":"1","fs_name":"","last_movement":"","name":"","net_slip_rate":"","notes":"","reference":"DEM","shortening_rate":"","slip_type":"Normal","strike_slip_rate":"","vert_sep_rate":""},"geometry":{"type":"LineString","coordinates":[[32.0543208302972,29.977114376814946],[32.06414843917091,29.97488082934365],[32.07486946703313,29.973093991366614],[32.086483913883875,29.973093991366614],[32.09631152275758,29.972200572378092],[32.10837267910259,29.969967024906797],[32.11864699747055,29.96862689642402],[32.12668776836722,29.96818018692976],[32.13562195825241,29.965499929964203],[32.14500285763185,29.96103283502161],[32.149916662068705,29.957459159067536],[32.15527717599982,29.952992064124942],[32.15751072347112,29.949418388170866],[32.15974427094241,29.94584471221679],[32.16331794689649,29.943164455251235],[32.1664449133563,29.94003748879142],[32.17068865355177,29.937133877078733],[32.17448568425297,29.930656589411974],[32.17761265071279,29.922839173262435],[32.18185639090825,29.91211814540021],[32.18319651939103,29.908097759951875],[32.18476000262094,29.900727053296595],[32.18699355009223,29.895366539365483],[32.19012051655205,29.89045273492863],[32.192800773517604,29.885315575744645],[32.19369419250613,29.880625126054923],[32.192577418770476,29.8759346763652],[32.18788696908075,29.864766939008714],[32.19034387129918,29.855609394376398],[32.19458761149465,29.84689855923834],[32.19883135169011,29.844218302272782],[32.20508528460974,29.84019791682445],[32.2115625722765,29.835507467134725],[32.21647637671335,29.83215714592778],[32.22474050235715,29.829476888962226],[32.23456811123086,29.828136760479445],[32.238365141932064,29.82590321300815],[32.24193881788614,29.823222956042592]]}},{"type":"Feature","properties":{"accuracy":"70000","activity_confidence":"1","average_dip":"(50,40,70)","average_rake":"","catalog_id":"NAF_109","catalog_name":"GEM_N_Africa","dip_dir":"E","downthrown_side_dir":"E","epistemic_quality":"1","exposure_quality":"1","fs_name":"","last_movement":"","name":"","net_slip_rate":"","notes":"","reference":"DEM","shortening_rate":"","slip_type":"Normal","strike_slip_rate":"","vert_sep_rate":""},"geometry":{"type":"LineString","coordinates":[[32.263604228357714,30.071146725356545],[32.27119828976012,30.063552663954138],[32.280244157018885,30.05975563325293],[32.28627473519139,30.058192150023025],[32.29141189437537,30.057298731034503],[32.297665827295,30.0557352478046],[32.30324969597324,30.05417176457469],[32.30861020990436,30.05193821710339],[32.31508749757112,30.049257960137837],[32.32044801150223,30.047024412666538],[32.32558517068621,30.043227381965334],[32.330275620375936,30.040323770252648],[32.33652955329557,30.035633320562926],[32.34300684096233,30.031836289861722],[32.34680387166353,30.026699130677738],[32.352387740341776,30.020445197758107],[32.35663148053724,30.015531393321254],[32.36176863972122,30.011957717367178],[32.36601237991668,30.009724169895883],[32.371596248594926,30.007267267677456],[32.378296891008816,30.005703784447547],[32.38388075968706,30.004587010711898],[32.39281494957225,30.001683398999212],[32.39795210875623,29.99654623981523],[32.40286591319308,29.991632435378378],[32.4059928796529,29.984708438217357],[32.40956655560697,29.978454505297726],[32.410683329342625,29.97532753883791],[32.41291687681392,29.96974367015967],[32.41559713377948,29.96304302774578],[32.41894745498642,29.957905868561795],[32.42006422872207,29.951651935642165],[32.42274448568762,29.94249439100985],[32.425424742653185,29.936463812837346],[32.42788164487161,29.931550008400492],[32.42520138790605,29.923955946998085],[32.42654151638883,29.916808595089933],[32.43078525658428,29.908767824193262],[32.44239970343502,29.89760008683678],[32.44418654141206,29.891346153917148],[32.448206926860394,29.883305383020478],[32.45222731230873,29.877051450100847],[32.45714111674558,29.86945738869844],[32.46160821168817,29.864543584261586],[32.46607530663077,29.858736360836215],[32.47366936803318,29.85426926589362],[32.474116077527434,29.84622849499695],[32.47590291550447,29.843101528537137],[32.47768975348151,29.8390811430888],[32.47902988196429,29.837741014606024]]}},{"type":"Feature","properties":{"accuracy":"90000","activity_confidence":"1","average_dip":"(60,40,70)","average_rake":"","catalog_id":"NAF_110","catalog_name":"GEM_N_Africa","dip_dir":"N","downthrown_side_dir":"N","epistemic_quality":"1","exposure_quality":"1","fs_name":"","last_movement":"","name":"","net_slip_rate":"","notes":"","reference":"DEM","shortening_rate":"","slip_type":"Normal","strike_slip_rate":"","vert_sep_rate":""},"geometry":{"type":"LineString","coordinates":[[32.136850409361614,30.018658359781067],[32.14757143722384,30.01821165028681],[32.155165498626246,30.018658359781067],[32.16052601255736,30.019998488263845],[32.169906911936806,30.022232035735144],[32.176607554350696,30.022678745229403],[32.18375490625885,30.02401887371218],[32.18956212968422,30.025359002194957],[32.20430354299478,30.024912292700698],[32.21234431389145,30.02357216421792],[32.22127850377663,30.02446558320644],[32.227085727202,30.02446558320644],[32.235573207592935,30.022678745229403],[32.242273850006825,30.022678745229403],[32.248974492420714,30.02357216421792],[32.255675134834604,30.02446558320644],[32.261482358259975,30.028039259160515],[32.26862971016813,30.032059644608847],[32.27309680511072,30.034739901574405]]}},{"type":"Feature","properties":{"accuracy":"50000","activity_confidence":"1","average_dip":"(50,40,70)","average_rake":"","catalog_id":"NAF_111","catalog_name":"GEM_N_Africa","dip_dir":"E","downthrown_side_dir":"E","epistemic_quality":"1","exposure_quality":"1","fs_name":"","last_movement":"","name":"","net_slip_rate":"","notes":"","reference":"DEM","shortening_rate":"","slip_type":"Normal","strike_slip_rate":"","vert_sep_rate":""},"geometry":{"type":"LineString","coordinates":[[33.63868772906161,27.357609902478007],[33.63556076260179,27.361630287926342],[33.630144409983906,27.36738167266492],[33.62835757200687,27.369391865389087],[33.622773703328626,27.374082315078812],[33.619870091615944,27.377209281538626],[33.61495628717909,27.38055960274557],[33.610935901730755,27.385250052435293],[33.60758558052381,27.389270437883628],[33.604905323558256,27.39396088757335],[33.6022250665927,27.39574772555039],[33.59150403873048,27.40177830372289],[33.58390997732807,27.40780888189539],[33.579889591879734,27.411159203102336],[33.57430572320149,27.42076345722891],[33.572518885224454,27.42634732590715],[33.57050869250029,27.43371803256243],[33.56849849977612,27.44041867497632],[33.56827514502899,27.452033121827064],[33.570955401994546,27.46007389272373],[33.572518885224454,27.46632782564336],[33.57341230421297,27.469231437356047],[33.57207217573019,27.4741452417929],[33.57006198300603,27.48151594844818],[33.56916856401751,27.486429752885034],[33.56872185452325,27.492013621563274],[33.567158371293345,27.498714263977163],[33.5615745026151,27.505414906391064],[33.5577774719139,27.510105356080786],[33.55509721494835,27.51434909627625],[33.54996005576436,27.518592836471715],[33.541249220626305,27.524176705149955],[33.53633541618945,27.52864380009255],[33.52985812852269,27.53422766877079],[33.52382755035019,27.54092831118468],[33.520700583890374,27.544725341885883],[33.515340069959265,27.549192436828477],[33.50997955602815,27.553212822276812],[33.505959170579814,27.555893079242367],[33.498365109177406,27.56036017418496],[33.494568078476206,27.564827269127555],[33.490771047775,27.5681775903345],[33.487197371820926,27.57331474951848],[33.483958727987535,27.580797133547325],[33.48273027687832,27.584035777380706],[33.4799383425392,27.589843000806077],[33.47915660092425,27.59475680524293],[33.47937995567138,27.60034067392117],[33.478709891429986,27.60625957472011],[33.47859821405642,27.610056605421313],[33.47692305345295,27.613071894507563],[33.4739077643667,27.61552879672599],[33.469105637303414,27.61966085954789],[33.463968478119426,27.626026469841083],[33.46095318903318,27.631163629025064],[33.458049577320494,27.635295691846963],[33.457156158331976,27.63909272254817],[33.455145965607805,27.642778075875807],[33.450790548038775,27.645458332841365],[33.44721687208472,27.65014878253108],[33.4447599698663,27.656849424944973],[33.438282682199535,27.661763229381823],[33.42644488060166,27.67069741926701],[33.42331791414185,27.679631609152196],[33.42041430242916,27.69079934650868],[33.415500497992305,27.696829924681182],[33.41125675779684,27.702637148106554],[33.405002824877215,27.707327597796276],[33.40053572993462,27.71157133799174],[33.39227160429082,27.720282173129796],[33.38981470207239,27.72318578484248],[33.38110386693434,27.731226555739152],[33.37864696471591,27.736810424417392],[33.37596670775035,27.751998547222218],[33.37820025522165,27.763166284578702],[33.37641341724461,27.776120859912222],[33.37149961280776,27.78371492131463],[33.36792593685369,27.788182016257224],[33.35988516595702,27.7917556922113],[33.352737814048865,27.794882658671114],[33.33174246781868,27.801583301085007],[33.32191485894497,27.81319774793575],[33.31476750703682,27.82481219478649],[33.3056099624045,27.832852965683156],[33.297345836760705,27.84290392930399],[33.28952842061116,27.84960457171788],[33.28305113294441,27.852284828683437],[33.27300016932357,27.855635149890382],[33.26897978387524,27.861442373315754],[33.264736043679775,27.867026241993994],[33.25714198227736,27.873726884407883],[33.25557849904746,27.878193979350478],[33.25267488733477,27.883331138534462],[33.24977127562209,27.88869165246557],[33.247314373403654,27.897849197097894],[33.24284727846106,27.907676805971597],[33.239720312001246,27.91259061040845],[33.22676573666772,27.918397833833822]]}},{"type":"Feature","properties":{"accuracy":"200000","activity_confidence":"1","average_dip":"(50,40,70)","average_rake":"","catalog_id":"NAF_112","catalog_name":"GEM_N_Africa","dip_dir":"E","downthrown_side_dir":"E","epistemic_quality":"1","exposure_quality":"1","fs_name":"","last_movement":"","name":"","net_slip_rate":"","notes":"","reference":"DEM","shortening_rate":"","slip_type":"Normal","strike_slip_rate":"","vert_sep_rate":""},"geometry":{"type":"LineString","coordinates":[[32.619687533969305,28.54200428781985],[32.62594146688894,28.527709584003553],[32.63040856183153,28.513414880187256],[32.636662494751164,28.49733333839392],[32.64380984665931,28.48929256749725],[32.65006377957894,28.479464958623545],[32.65989138845264,28.467850511772802],[32.66614532137228,28.457129483910578],[32.66971899732635,28.447301875036874],[32.67418609226895,28.43390059020909],[32.68133344417709,28.419605886392795],[32.687587377096726,28.407098020553534],[32.696521566981914,28.392803316737233],[32.70724259484413,28.37582835595538],[32.71260310877525,28.365107328093156],[32.72064387967192,28.352599462253895]]}},{"type":"Feature","properties":{"accuracy":"200000","activity_confidence":"2","average_dip":"(50,40,70)","average_rake":"","catalog_id":"NAF_113","catalog_name":"GEM_N_Africa","dip_dir":"E","downthrown_side_dir":"E","epistemic_quality":"1","exposure_quality":"1","fs_name":"","last_movement":"","name":"","net_slip_rate":"","notes":"","reference":"DEM","shortening_rate":"","slip_type":"Normal","strike_slip_rate":"","vert_sep_rate":""},"geometry":{"type":"LineString","coordinates":[[32.829640996271195,28.242708926666083],[32.83500151020231,28.23109447981534],[32.84304228109898,28.215906357010525],[32.84840279503009,28.2051853291483],[32.859123822892315,28.19267746330904],[32.8680580127775,28.18374327342385],[32.87877904063973,28.174809083538666],[32.885032973559355,28.17034198859607],[32.897540839398616,28.16408805567644],[32.90736844827232,28.155153865791252],[32.91540921916899,28.15068677084866],[32.927023666019736,28.14264599995199],[32.93327759893936,28.13728548602088],[32.939531531859,28.127457877147176],[32.940424950847515,28.114056592319393],[32.93863811287048,28.10512240243421],[32.93327759893936,28.092614536594947],[32.9350644369164,28.08278692772124],[32.94578546477862,28.072065899859016],[32.952932816686776,28.061344871996795],[32.963653844549,28.040796235260864],[32.96901435848011,28.02382127447901],[32.9734814534227,28.01220682762827],[32.98062880533085,28.001485799766044]]}},{"type":"Feature","properties":{"accuracy":"500000","activity_confidence":"1","average_dip":"(15,10,30)","average_rake":"(90,,)","catalog_id":"NAF_114","catalog_name":"GEM_N_Africa","dip_dir":"S","downthrown_side_dir":"N","epistemic_quality":"1","exposure_quality":"2","fs_name":"","last_movement":"","name":"","net_slip_rate":"","notes":"well-observed in bathymetry ","reference":"DEM","shortening_rate":"(2.,1.,3.)","slip_type":"Reverse","strike_slip_rate":"","vert_sep_rate":""},"geometry":{"type":"LineString","coordinates":[[-3.551509851386525,35.81764301866565],[-3.515526940089392,35.864420803351926],[-3.481343174357117,35.88780969569506],[-3.451657272536982,35.91569645195034],[-3.42646923462899,35.93278833481647],[-3.386888032202144,35.94088448985833],[-3.350905120905011,35.92829047090434],[-3.326616655779447,35.91929474308005],[-3.281638016658031,35.91839517029762],[-3.242056814231186,35.922893034209764],[-3.210571766846195,35.93548705316376],[-3.184484156155774,35.956177227159614],[-3.170990564419349,35.968771246113604],[-3.158396545465353,35.988561847327034],[-3.126011925297933,36.01195073967017],[-3.114317479126365,36.02634390418902],[-3.099924314607512,36.044335359837596],[-3.071137985569806,36.060527669921306],[-3.029757637578104,36.069523397745584],[-3.008167890799824,36.0731216888753],[-2.975783270632405,36.087514853394154],[-2.946996941594699,36.09830972678329],[-2.91461232142728,36.09830972678329],[-2.912813175862423,36.09830972678329],[-2.878629410130147,36.103707163477864],[-2.817458460925022,36.11270289130214],[-2.795868714146743,36.114502036867],[-2.741894347201044,36.11270289130214],[-2.693317416949915,36.103707163477864],[-2.624949885485363,36.08931399895901],[-2.565578081845095,36.08031827113473],[-2.538590898372245,36.07851912556987],[-2.524197733853392,36.069523397745584],[-2.455830202388841,36.053331087661874],[-2.452231911259128,36.053331087661874],[-2.445035328999701,36.053331087661874]]}},{"type":"Feature","properties":{"accuracy":"500000","activity_confidence":"1","average_dip":"(90,60,90)","average_rake":"(0.,0.,45.)","catalog_id":"NAF_115","catalog_name":"GEM_N_Africa","dip_dir":"S","downthrown_side_dir":"N","epistemic_quality":"1","exposure_quality":"2","fs_name":"","last_movement":"2016","name":"","net_slip_rate":"","notes":"Mw 6.4 on 2016-01-25 in GCMT catalog","reference":"DEM; seismicity","shortening_rate":"","slip_type":"Sinistral","strike_slip_rate":"(0.5, 0.1, 1.5)","vert_sep_rate":""},"geometry":{"type":"LineString","coordinates":[[-3.531719250173102,35.814044727535936],[-3.562304724775665,35.75827121502538],[-3.60728336389708,35.71509172146882],[-3.654061148583352,35.671912227912266],[-3.709834661093907,35.62513444322599],[-3.758411591345036,35.599946405318],[-3.815984249420448,35.57835665853972],[-3.860962888541864,35.54777118393716],[-3.884351780885,35.542373747242586],[-3.970710767998118,35.48480108916718],[-4.030082571638387,35.44162159561061],[-4.057069755111236,35.4254292855269]]}},{"type":"Feature","properties":{"accuracy":"500000","activity_confidence":"1","average_dip":"(90,,)","average_rake":"(180,,)","catalog_id":"NAF_116","catalog_name":"GEM_N_Africa","dip_dir":"","downthrown_side_dir":"","epistemic_quality":"1","exposure_quality":"2","fs_name":"","last_movement":"","name":"Yusuf Fault","net_slip_rate":"","notes":"","reference":"Mauffret et al. 2017","shortening_rate":"","slip_type":"Dextral","strike_slip_rate":"(1.5, 0.5, 2.5)","vert_sep_rate":""},"geometry":{"type":"LineString","coordinates":[[-2.443236183434843,36.04253621427272],[-2.394659253183715,36.0353396320133],[-2.324492576154306,36.02094646749444],[-2.275915645903178,36.011950739670155],[-2.225539570087192,35.997557575151305],[-2.128385709584935,35.97416868280817],[-2.078009633768949,35.97596782837302],[-2.042026722471816,35.97416868280817],[-2.027633557952964,35.97057039167846],[-1.923283115191279,35.965172954983885],[-1.872907039375294,35.96337380941903],[-1.811736090170168,35.95797637272446],[-1.779351470002749,35.9561772271596]]}},{"type":"Feature","properties":{"accuracy":"500000","activity_confidence":"1","average_dip":"(90,,)","average_rake":"(180,,)","catalog_id":"NAF_117","catalog_name":"GEM_N_Africa","dip_dir":"","downthrown_side_dir":"","epistemic_quality":"1","exposure_quality":"2","fs_name":"","last_movement":"","name":"Yusuf Fault","net_slip_rate":"","notes":"","reference":"Mauffret et al., 2007","shortening_rate":"","slip_type":"Dextral","strike_slip_rate":"(1.5, 0.5, 2.5)","vert_sep_rate":""},"geometry":{"type":"LineString","coordinates":[[-2.112193399501228,35.89500627795446],[-2.045625013601533,35.87701482230589],[-1.975458336572125,35.859023366657325],[-1.943073716404706,35.85362592996275],[-1.865710457115871,35.85362592996275],[-1.799142071216176,35.85002763883304],[-1.705586501843631,35.844630202138475],[-1.63182153368451,35.842831056573615],[-1.576048021173954,35.84822849326819],[-1.489689034060838,35.862621657787024],[-1.441112103809709,35.864420803351884],[-1.388936882428867,35.87341653117616],[-1.369146281215444,35.878813967870734]]}},{"type":"Feature","properties":{"accuracy":"500000","activity_confidence":"1","average_dip":"(40,20,50)","average_rake":"(135.,90.,157.5)","catalog_id":"NAF_118","catalog_name":"GEM_N_Africa","dip_dir":"S","downthrown_side_dir":"N","epistemic_quality":"2","exposure_quality":"2","fs_name":"","last_movement":"","name":"Arzew Fault","net_slip_rate":"(1.5,0.5,2.5)","notes":"","reference":"Mauffret, 2007","shortening_rate":"","slip_type":"Reverse-Dextral","strike_slip_rate":"","vert_sep_rate":""},"geometry":{"type":"LineString","coordinates":[[-1.252651605890958,35.84732892048566],[-1.196878093380402,35.84732892048566],[-1.132108853045564,35.858123793874796],[-1.065540467145869,35.85452550274508],[-1.00077122681103,35.852726357180224],[-0.936001986476192,35.852726357180224],[-0.86223701831707,35.868918667263934],[-0.815459233630798,35.868918667263934],[-0.768681448944526,35.88331183178279],[-0.709309645304257,35.8995041418665],[-0.662531860617985,35.904901578561066],[-0.60675834810743,35.92829047090421],[-0.554583126726588,35.96067509107161],[-0.484416449697179,35.9984571479336],[-0.450232683964903,36.01644860358216],[-0.403454899278631,36.05782895157387],[-0.396258317019205,36.06502553383329],[-0.374668570240925,36.09021357174129],[-0.344083095638363,36.10460673626014],[-0.309899329906087,36.11540160964928],[-0.261322399654958,36.14418793868698],[-0.214544614968686,36.181969995548975],[-0.203749741579546,36.2017605967624],[-0.126386482290711,36.244940090318956],[-0.106595881077288,36.25573496370809],[-0.077809552039582,36.28272214718095],[-0.011241166139887,36.30611103952408],[0.024741745157245,36.34389309638607],[0.053528074194951,36.36008540646978],[0.078716112102944,36.37807686211835],[0.130891333483786,36.40146575446148],[0.172271681475488,36.42305550123976],[0.193861428253768,36.43025208349919],[0.265827250848033,36.44104695688833],[0.328797345618015,36.44104695688833],[0.361181965785434,36.45544012140718],[0.388169149258283,36.464435849231464],[0.413357187166276,36.469833285926036],[0.418754623860846,36.469833285926036]]}},{"type":"Feature","properties":{"accuracy":"500000","activity_confidence":"1","average_dip":"(45,20,60)","average_rake":"(135.,180.,90.)","catalog_id":"NAF_119","catalog_name":"GEM_N_Africa","dip_dir":"S","downthrown_side_dir":"N","epistemic_quality":"2","exposure_quality":"2","fs_name":"","last_movement":"","name":"Marza Fault","net_slip_rate":"(1.5,0.5,2.5)","notes":"","reference":"Mauffret, 2007","shortening_rate":"","slip_type":"Dextral-Reverse","strike_slip_rate":"","vert_sep_rate":""},"geometry":{"type":"LineString","coordinates":[[0.476327281936257,36.516611070612285],[0.521305921057673,36.53999996295542],[0.530301648881956,36.53999996295542],[0.569882851308802,36.55439312747427],[0.598669180346508,36.561589709733695],[0.622058072689644,36.561589709733695],[0.64544696503278,36.57598287425255],[0.658040983986776,36.57598287425255],[0.679630730765056,36.58317945651198],[0.690425604154196,36.58317945651198],[0.726408515451328,36.59217518433626],[0.747998262229608,36.6029700577254],[0.792976901351023,36.6029700577254],[0.839754686037296,36.6155640766794],[0.854147850556149,36.626358950068536],[0.875737597334428,36.64794869684682],[0.890130761853281,36.673136734754806],[0.940506837669266,36.69652562709794],[0.971092312271829,36.6983247726628],[1.007075223568962,36.69652562709794],[1.041258989301237,36.707320500487086],[1.06644702720923,36.707320500487086],[1.070045318338943,36.707320500487086],[1.107827375200932,36.707320500487086],[1.125818830849499,36.70372220935737]]}},{"type":"Feature","properties":{"accuracy":"500000","activity_confidence":"1","average_dip":"(40,20,60)","average_rake":"(135.,157.5,112.5)","catalog_id":"NAF_120","catalog_name":"GEM_N_Africa","dip_dir":"S","downthrown_side_dir":"N","epistemic_quality":"2","exposure_quality":"2","fs_name":"","last_movement":"","name":"","net_slip_rate":"(1.5,0.5, 2.5)","notes":"A combination of bathymetric interpretation and dextral faults in the literature that have no real geomorphic or seismic expression","reference":"Bathymetry; Mauffret 2007","shortening_rate":"","slip_type":"Dextral-Reverse","strike_slip_rate":"","vert_sep_rate":""},"geometry":{"type":"LineString","coordinates":[[1.161127062559812,36.68145778299224],[1.184515954902949,36.69225265638138],[1.218699720635225,36.69854966585837],[1.256481777497214,36.702147956988085],[1.287966824882205,36.71114368481237],[1.319451872267196,36.71474197594208],[1.346439055740045,36.71384240315965],[1.377924103125036,36.71294283037723],[1.412107868857312,36.7120432575948],[1.448090780154444,36.70844496646509],[1.479575827539435,36.703047529770515],[1.501165574317715,36.70124838420566],[1.525454039443279,36.70124838420566],[1.572231824129551,36.69405180194623],[1.61541131768611,36.687754792469235],[1.686477567497947,36.68325692855709],[1.729657061054506,36.68505607412195],[1.754845098962499,36.688654365251665],[1.791727583042059,36.688654365251665],[1.863693405636324,36.68235735577466]]}},{"type":"Feature","properties":{"accuracy":"500000","activity_confidence":"1","average_dip":"(40,20,50)","average_rake":"(135,157.5,90)","catalog_id":"NAF_121","catalog_name":"GEM_N_Africa","dip_dir":"S","downthrown_side_dir":"N","epistemic_quality":"0","exposure_quality":"0","fs_name":"","last_movement":"","name":"","net_slip_rate":"(1.,0.5, 2.)","notes":"","reference":"","shortening_rate":"","slip_type":"Reverse-Dextral","strike_slip_rate":"","vert_sep_rate":""},"geometry":{"type":"LineString","coordinates":[[1.892479734674031,36.67785949186252],[1.899676316933457,36.6805582102098],[1.915868627017167,36.69675052029351],[1.920366490929308,36.699449238640796],[1.933860082665733,36.701248384205655],[1.952751111096727,36.70484667533537],[1.991432740741145,36.718340267071795],[2.003127186912713,36.72463727654879],[2.025616506473421,36.73003471324336],[2.05800112664084,36.73633172272036],[2.080490446201548,36.73903044106764],[2.117372930281109,36.74352830497978],[2.151556696013385,36.74442787776221],[2.184840888963232,36.7534236055865],[2.221723373042793,36.76062018784592],[2.261304575469639,36.781310361841776],[2.282894322247918,36.797502671925486],[2.301785350678912,36.813694982009196],[2.326073815804477,36.83078686487533],[2.330571679716618,36.83528472878747]]}},{"type":"Feature","properties":{"accuracy":"500000","activity_confidence":"1","average_dip":"(35,20,50)","average_rake":"(135.,90.,157.5)","catalog_id":"NAF_122","catalog_name":"GEM_N_Africa","dip_dir":"S","downthrown_side_dir":"N","epistemic_quality":"2","exposure_quality":"2","fs_name":"","last_movement":"","name":"Khar Al Din Fault","net_slip_rate":"(1.,0.5,1.5)","notes":"","reference":"Bathymetry; Mauffret 2007","shortening_rate":"","slip_type":"Reverse-Dextral","strike_slip_rate":"","vert_sep_rate":""},"geometry":{"type":"LineString","coordinates":[[1.816016048167621,36.86946849451974],[1.907772471975309,36.88925909573316],[1.936558801013015,36.90545140581686],[1.958148547791294,36.91804542477086],[1.986934876829,36.928840298160004],[1.999528895782996,36.93423773485457],[2.021118642561276,36.93603688041943],[2.064298136117835,36.93963517154914],[2.11467421193382,36.945032608243714],[2.123669939758103,36.94863089937343],[2.150657123230953,36.95402833606799],[2.174046015574089,36.95402833606799],[2.231618673649501,36.95402833606799],[2.305383641808622,36.95222919050314],[2.341366553105755,36.957626627197705],[2.359358008754321,36.959425772762565],[2.438520413608012,36.96482320945714],[2.481699907164572,36.98101551954085],[2.506887945072564,36.98101551954085],[2.577054622101973,36.98461381067056],[2.605840951139679,36.9954086840597],[2.656217026955664,37.00440441188398],[2.693999083817653,37.01340013970826]]}},{"type":"Feature","properties":{"accuracy":"500000","activity_confidence":"1","average_dip":"(70,40,90)","average_rake":"(157.5,135.,180)","catalog_id":"NAF_123","catalog_name":"GEM_N_Africa","dip_dir":"S","downthrown_side_dir":"N","epistemic_quality":"2","exposure_quality":"2","fs_name":"","last_movement":"","name":"","net_slip_rate":"(1.,0.5,1.5)","notes":"Mauffret connects to the Thenia Fault onshore along strike, although this would curt what are known to be larger active thrusts.","reference":"Mauffret 2007","shortening_rate":"","slip_type":"Dextral-Reverse","strike_slip_rate":"","vert_sep_rate":""},"geometry":{"type":"LineString","coordinates":[[2.705693529989221,37.01250056692582],[2.741676441286353,36.99540868405968],[2.770462770324059,36.97381893728141],[2.794751235449624,36.95582748163284],[2.81814012779276,36.93153901650727],[2.843328165700752,36.91534670642356],[2.854123039089892,36.906350978599285],[2.88200979534517,36.89285738686286],[2.898202105428879,36.889259095733145],[2.931486298378727,36.871267640084575],[2.955774763504292,36.86407105782515],[2.982761946977141,36.86407105782515],[3.044832468964695,36.85057746608872],[3.071819652437544,36.839782592699585],[3.090710680868539,36.83438515600502]]}},{"type":"Feature","properties":{"accuracy":"500000","activity_confidence":"2","average_dip":"(30,20,60)","average_rake":"(90.,90.,135)","catalog_id":"NAF_124","catalog_name":"GEM_N_Africa","dip_dir":"S","downthrown_side_dir":"N","epistemic_quality":"2","exposure_quality":"2","fs_name":"","last_movement":"","name":"","net_slip_rate":"(0.5,0.1,1.)","notes":"poorly drawn w/ wrong strike-slip kinematics in Mauffret, based on newer data","reference":"Bathymetry, Mauffret 2007","shortening_rate":"","slip_type":"Reverse","strike_slip_rate":"","vert_sep_rate":""},"geometry":{"type":"LineString","coordinates":[[3.150082484508807,36.917145851988415],[3.225646598232785,36.93153901650727],[3.274223528483915,36.9387355987667],[3.337193623253896,36.95852619998012],[3.405561154718447,36.97831680119354],[3.450539793839863,37.016098858055535],[3.482924414007282,37.04848347822295],[3.518907325304415,37.077269807260656],[3.549492799906978,37.109654427428076],[3.576479983379827,37.140239902030636],[3.612462894676959,37.172624522198056],[3.661039824928088,37.19601341454119],[3.715014191873787,37.21400487018976],[3.772586849949199,37.219402306884334],[3.813967197940902,37.233795471403184],[3.835556944719181,37.237393762532896],[3.858945837062317,37.237393762532896]]}},{"type":"Feature","properties":{"accuracy":"500000","activity_confidence":"1","average_dip":"(30,20,50)","average_rake":"(90,90,135)","catalog_id":"NAF_125","catalog_name":"GEM_N_Africa","dip_dir":"S","downthrown_side_dir":"N","epistemic_quality":"2","exposure_quality":"2","fs_name":"","last_movement":"","name":"","net_slip_rate":"(0.5,0.1,1.)","notes":"May have been responsible for 2003 Bourmedes EQ or some aftershocks","reference":"DEM","shortening_rate":"","slip_type":"Reverse","strike_slip_rate":"","vert_sep_rate":""},"geometry":{"type":"LineString","coordinates":[[3.445142357145284,36.92973987094238],[3.508112451915266,36.93513730763694],[3.556689382166395,36.95312876328551],[3.608864603547237,36.96932107336922],[3.659240679363222,37.01429971249063],[3.671834698317218,37.02509458587978],[3.691625299530641,37.02509458587978],[3.720411628568347,37.034090313704056],[3.767189413254619,37.0448851870932],[3.799574033422038,37.05927835161205],[3.855347545932593,37.07007322500119],[3.903924476183723,37.07906895282547],[3.941706533045712,37.09346211734433],[3.965095425388848,37.10785528186318],[4.00107833668598,37.12224844638203],[4.017270646769689,37.131244174206316]]}},{"type":"Feature","properties":{"accuracy":"500000","activity_confidence":"2","average_dip":"(30,20,50)","average_rake":"(90.,90.,135.)","catalog_id":"NAF_126","catalog_name":"GEM_N_Africa","dip_dir":"S","downthrown_side_dir":"N","epistemic_quality":"2","exposure_quality":"2","fs_name":"","last_movement":"","name":"","net_slip_rate":"(1.5,0.5,2.5)","notes":"Another likely offshore reverse fault with possible dextral slip","reference":"Bathymetry; Mauffret 2007","shortening_rate":"","slip_type":"Reverse","strike_slip_rate":"","vert_sep_rate":""},"geometry":{"type":"LineString","coordinates":[[4.065847577020817,37.12404759194689],[4.134215108485368,37.10965442742803],[4.193586912125637,37.10965442742803],[4.258356152460475,37.12584673751174],[4.290740772627895,37.13484246533603],[4.319527101665601,37.14203904759545],[4.35191172183302,37.15103477541974],[4.418480107732716,37.14203904759545],[4.452663873464991,37.13484246533603],[4.51203567710526,37.13844075646574],[4.542621151707823,37.14383819316031],[4.566010044050959,37.1402399020306],[4.605591246477804,37.12584673751174],[4.630779284385797,37.129445028641456],[4.697347670285492,37.147436484290026],[4.726133999323198,37.156432212114304],[4.738728018277195,37.16003050324402],[4.785505802963467,37.15463306654945],[4.817890423130886,37.131244174206316],[4.870065644511728,37.10605613629832],[4.915044283633144,37.098859554038896],[4.952826340495132,37.08806468064976],[4.987010106227409,37.07187237056605],[5.005001561875975,37.068274079436335],[5.091360548989093,37.04668433265805],[5.112950295767372,37.03768860483377],[5.130941751415938,37.02869287700948]]}},{"type":"Feature","properties":{"accuracy":"500000","activity_confidence":"1","average_dip":"(70,70,90)","average_rake":"(180,135,180)","catalog_id":"NAF_127","catalog_name":"GEM_N_Africa","dip_dir":"W","downthrown_side_dir":"E","epistemic_quality":"2","exposure_quality":"2","fs_name":"","last_movement":"","name":"","net_slip_rate":"(1.5,0.5,2.5)","notes":"","reference":"Bathymetry; focal mechs; Mauffret 2007","shortening_rate":"","slip_type":"Dextral","strike_slip_rate":"","vert_sep_rate":""},"geometry":{"type":"LineString","coordinates":[[5.13543961532808,37.02869287700948],[5.182217400014352,36.99630825684207],[5.202008001227775,36.96752192780436],[5.232593475830338,36.90994926972895],[5.273973823822041,36.86137233947782],[5.299161861730033,36.83618430156983],[5.324349899638026,36.80739797253212],[5.344140500851449,36.78220993462413],[5.371127684324298,36.74982531445671],[5.399914013362004,36.72283813098386]]}},{"type":"Feature","properties":{"accuracy":"400000","activity_confidence":"2","average_dip":"(30,20,50)","average_rake":"(90,90,135)","catalog_id":"NAF_128","catalog_name":"GEM_N_Africa","dip_dir":"S","downthrown_side_dir":"N","epistemic_quality":"2","exposure_quality":"2","fs_name":"","last_movement":"","name":"","net_slip_rate":"(1.5,0.5,2.5)","notes":"","reference":"Bathymetry; Mauffret 2007","shortening_rate":"","slip_type":"Reverse","strike_slip_rate":"","vert_sep_rate":""},"geometry":{"type":"LineString","coordinates":[[5.340542209721737,36.889259095733095],[5.407110595621432,36.87846422234395],[5.450290089177991,36.885660804603376],[5.497067873864264,36.91444713364108],[5.561837114199102,36.936036880419366],[5.612213190015087,36.96482320945707],[5.657191829136503,36.99360953849477],[5.709367050517345,37.02599415866219],[5.768738854157614,37.05118219657019],[5.80832005658446,37.08176767117275],[5.855097841270732,37.096160835691606],[5.916268790475857,37.10155827238617],[5.964845720726986,37.106955709080744],[6.036811543321251,37.105156563515884],[6.096183346961519,37.11775058246988],[6.114174802610085,37.124947164729306]]}},{"type":"Feature","properties":{"accuracy":"500000","activity_confidence":"2","average_dip":"(30,20,50)","average_rake":"(90.,90.,135.)","catalog_id":"NAF_129","catalog_name":"GEM_N_Africa","dip_dir":"S","downthrown_side_dir":"N","epistemic_quality":"2","exposure_quality":"2","fs_name":"","last_movement":"","name":"","net_slip_rate":"(1.5,0.5,2.5)","notes":"","reference":"Bathymetry; Mauffret 2007","shortening_rate":"","slip_type":"Reverse","strike_slip_rate":"","vert_sep_rate":""},"geometry":{"type":"LineString","coordinates":[[6.05840129009953,37.154633066549415],[6.07999103687781,37.16003050324399],[6.115973948174942,37.170825376633125],[6.164550878426071,37.187017686716835],[6.204132080852917,37.188816832281695],[6.256307302233759,37.19601341454112],[6.333670561522593,37.20860743349512],[6.375050909514296,37.221201452449115],[6.429025276459995,37.221201452449115],[6.47940135227598,37.21580401575454],[6.515384263573113,37.21580401575454],[6.556764611564815,37.22479974357883],[6.596345813991661,37.21220572462483],[6.693499674493919,37.21220572462483],[6.77266207934761,37.24998778148682],[6.835632174117592,37.24279119922739],[6.896803123322717,37.24818863592196],[6.952576635833272,37.24099205366254],[7.015546730603254,37.23199632583825],[7.026341603992394,37.23199632583825],[7.065922806419239,37.21400487018969],[7.125294610059508,37.205009142365405],[7.148683502402644,37.19961170567083],[7.173871540310637,37.19601341454112]]}},{"type":"Feature","properties":{"accuracy":"500000","activity_confidence":"2","average_dip":"(30,20,50)","average_rake":"(90.,90.,135.)","catalog_id":"NAF_130","catalog_name":"GEM_N_Africa","dip_dir":"S","downthrown_side_dir":"N","epistemic_quality":"2","exposure_quality":"2","fs_name":"","last_movement":"","name":"","net_slip_rate":"(1.5,0.5,2.5)","notes":"","reference":"Bathymetry; Mauffret 2007","shortening_rate":"","slip_type":"Reverse","strike_slip_rate":"","vert_sep_rate":""},"geometry":{"type":"LineString","coordinates":[[7.179268977005207,37.23739376253283],[7.21525188830234,37.26618009157054],[7.244038217340045,37.2805732560894],[7.283619419766891,37.28776983834882],[7.333995495582877,37.29496642060825],[7.351986951231442,37.28776983834882],[7.373576698009722,37.276974964959685],[7.380773280269148,37.26977838270026],[7.407760463741997,37.25718436374626],[7.429350210520277,37.24099205366255],[7.45993568512284,37.23739376253284],[7.463533976252553,37.24099205366255],[7.501316033114542,37.25718436374626],[7.533700653281961,37.258983509311115],[7.557089545625097,37.26438094600569],[7.575081001273664,37.291368129478535],[7.605666475876227,37.31475702182167],[7.627256222654506,37.32015445851624],[7.656042551692211,37.33634676859995],[7.681230589600204,37.339945059729665],[7.715414355332481,37.339945059729665],[7.733405810981047,37.34354335085938],[7.771187867843036,37.33634676859995],[7.796375905751028,37.33274847747024],[7.814367361399595,37.33274847747024],[7.841354544872444,37.33094933190538],[7.875538310604719,37.33094933190538],[7.891730620688429,37.33454762303509],[7.947504133198985,37.33274847747024],[7.97629046223669,37.33454762303509],[8.03026482918239,37.32735104077567],[8.077042613868661,37.32915018634053],[8.114824670730652,37.33274847747024],[8.183192202195203,37.33454762303509],[8.222773404622048,37.34714164198909],[8.237166569140902,37.356137369813375]]}},{"type":"Feature","properties":{"accuracy":"0","activity_confidence":"2","average_dip":"(45,20,60)","average_rake":"","catalog_id":"NAF_131","catalog_name":"GEM_N_Africa","dip_dir":"N","downthrown_side_dir":"S","epistemic_quality":"2","exposure_quality":"2","fs_name":"","last_movement":"","name":"","net_slip_rate":"","notes":"Doesn't look active as nearby traces but fills in a deformation gap and there is a basin (maybe old?)","reference":"DEM","shortening_rate":"","slip_type":"Reverse-Dextral","strike_slip_rate":"","vert_sep_rate":""},"geometry":{"type":"LineString","coordinates":[[2.06519770890026,36.31128358302288],[2.080490446201542,36.308584864675595],[2.107027843283177,36.2993642436557],[2.111300813999712,36.296215738917205],[2.118272503063531,36.29374191376552],[2.125019298931743,36.294416593352345],[2.131990987995563,36.29194276820067],[2.133565240364812,36.28632043831049],[2.138287997472561,36.28272214718078],[2.144585006949559,36.28137278800714],[2.149757550448522,36.27754960368182],[2.155154987143092,36.27552556492135],[2.15762881229477,36.274401098943315],[2.164825394554196,36.26990323503117],[2.171797083618016,36.26652983709707],[2.178094093095014,36.265630264314645],[2.181017704637906,36.265630264314645],[2.192037471222653,36.26720451668389],[2.197210014721616,36.26720451668389],[2.201258092242543,36.266754730292675],[2.21070360645804,36.26630494390146],[2.214301897587753,36.267654303075105],[2.218349975108681,36.26652983709707],[2.224646984585679,36.26338133235857],[2.231168887258284,36.26495558472782],[2.239265042300139,36.26495558472782],[2.247136304146387,36.26540537111904],[2.253208420427778,36.265630264314645],[2.260405002687204,36.26518047792343],[2.266477118968595,36.2674294098795],[2.269400730511487,36.266754730292675],[2.275247953597272,36.264280905141],[2.280645390291841,36.25888346844643],[2.296837700375551,36.248538381448505],[2.309431719329547,36.24134179918908],[2.319776806327473,36.239092867233005],[2.324724456630828,36.23684393527694],[2.328322747760542,36.23459500332087],[2.336418902802397,36.23369543053844],[2.34001719393211,36.23189628497358],[2.357109076798248,36.23099671219116],[2.36925330936103,36.23009713940873],[2.383196687488669,36.22874778023508],[2.400738356746021,36.22964735301751],[2.406585579831805,36.2291975666263],[2.414231948482445,36.234145216929655],[2.420978744350658,36.23009713940873]]}},{"type":"Feature","properties":{"accuracy":"60000","activity_confidence":"2","average_dip":"(20,10,30)","average_rake":"(90,,)","catalog_id":"NAF_132","catalog_name":"GEM_N_Africa","dip_dir":"E","downthrown_side_dir":"W","epistemic_quality":"2","exposure_quality":"2","fs_name":"","last_movement":"","name":"","net_slip_rate":"(0.75,0.25,1.5)","notes":"westernmost Rif thrust. It's got to be somewhere and this is a convenient topographic escarpemnt.","reference":"DEM","shortening_rate":"","slip_type":"Reverse","strike_slip_rate":"","vert_sep_rate":""},"geometry":{"type":"LineString","coordinates":[[-6.220204957057903,35.07841908470487],[-6.217956025101832,35.069873143271806],[-6.213907947580904,35.063576133794804],[-6.21120922923362,35.055929765144164],[-6.208960297277549,35.04963275566717],[-6.207610938103906,35.04378553258138],[-6.201313928626909,35.03434001836588],[-6.197265851105981,35.028043008888886],[-6.18737055049927,35.01634856271732],[-6.178374822674987,35.011850698805176],[-6.166680376503418,35.006003475719396],[-6.157234862287921,35.002405184589676],[-6.146889775289996,34.99925667985118],[-6.139243406639355,34.99610817511268],[-6.137444261074498,34.993859243156614],[-6.134745542727213,34.98576308811476],[-6.134295756335999,34.975867787508044],[-6.130697465206286,34.96777163246619],[-6.127998746859001,34.95832611825069],[-6.127998746859001,34.952029108773694],[-6.120802164599574,34.941234235384556],[-6.119452805425932,34.933587866733916],[-6.117653659861075,34.92909000282177],[-6.11495494151379,34.92459213890963],[-6.113380689144541,34.91762044984581],[-6.11113175718847,34.91312258593367],[-6.107983252449971,34.90839982882593],[-6.107983252449971,34.90705046965228],[-6.108433038841185,34.902102819348926],[-6.105959213689507,34.89962899419725],[-6.101461349777366,34.89648048945875],[-6.096963485865224,34.89423155750268],[-6.092465621953083,34.891757732351],[-6.09111626277944,34.88815944122129],[-6.09111626277944,34.885460722874],[-6.089317117214583,34.88321179091793],[-6.085718826084871,34.87961349978822],[-6.082345428150764,34.87466584948486],[-6.082120534955157,34.87219202433319],[-6.077847564238622,34.867694160421046],[-6.075598632282552,34.8631962965089],[-6.07424927310891,34.8598228985748],[-6.070426088783589,34.85712418022751],[-6.06727758404509,34.85510014146705],[-6.063904186110983,34.85105206394612],[-6.062554826937341,34.84632930683837],[-6.062105040546127,34.84453016127352],[-6.060530788176878,34.83890783138334],[-6.053783992308666,34.83373528788437],[-6.048386555614095,34.82946231716784],[-6.045238050875597,34.822040841712806],[-6.043663798506347,34.81776787099627],[-6.041639759745883,34.81394468667095],[-6.040965080159062,34.810571288736845],[-6.041189973354669,34.80787257038956],[-6.039390827789812,34.80337470647742],[-6.037366789029349,34.79752748339164],[-6.034668070682064,34.7930296194795],[-6.032419138725992,34.790555794327815]]}},{"type":"Feature","properties":{"accuracy":"100000","activity_confidence":"2","average_dip":"(20,10,30)","average_rake":"(90,,)","catalog_id":"NAF_133","catalog_name":"GEM_N_Africa","dip_dir":"E","downthrown_side_dir":"W","epistemic_quality":"2","exposure_quality":"2","fs_name":"Rif thrusts","last_movement":"","name":"","net_slip_rate":"(0.75,0.25,1.5)","notes":"Westernmost Rif thrust; hard to place trace exactly but seismicity and GPS stop here","reference":"DEM","shortening_rate":"","slip_type":"Reverse","strike_slip_rate":"","vert_sep_rate":""},"geometry":{"type":"LineString","coordinates":[[-6.067502477240695,34.77818666856945],[-6.063904186110982,34.77391369785291],[-6.061205467763696,34.77099008631002],[-6.05940632219884,34.76761668837592],[-6.05940632219884,34.76244414487695],[-6.058281856220805,34.759295640138454],[-6.056707603851555,34.755472455813134],[-6.053109312721841,34.7511994850966],[-6.047711876027272,34.74715140757567],[-6.040740186963452,34.74557715520642],[-6.036467216246918,34.74377800964157],[-6.031744459139169,34.74062950490307],[-6.026347022444599,34.737481000164564],[-6.023423410901708,34.73410760223046],[-6.020050012967602,34.7289350587315],[-6.014202789881817,34.72286294245011],[-6.011054285143318,34.71881486492918],[-6.005881741644355,34.71566636019068],[-6.002058557319034,34.711618282669754],[-5.9977855866025,34.707795098344434],[-5.997335800211286,34.700148729693794],[-6.000709198145392,34.69295214743437],[-5.998685159384928,34.685980458370544],[-5.99935983897175,34.680133235284764],[-5.99935983897175,34.669338361895605],[-6.002958130101463,34.64145160564033],[-5.996211334233251,34.63155630503362],[-5.979119451367112,34.622560577209335],[-5.951232695111835,34.60906698547291],[-5.940662714918302,34.60479401475639],[-5.92694422998627,34.60029615084425],[-5.91390042464106,34.5955733937365],[-5.901756192078278,34.59017595704193],[-5.8992823669266,34.58342916117372],[-5.895009396210065,34.57623257891429],[-5.894784503014459,34.57061024902412],[-5.896358755383709,34.55891580285255],[-5.892985357449603,34.54924539544145],[-5.889387066319889,34.539574988030346],[-5.888262600341854,34.53462733772699],[-5.886688347972605,34.521358639186175],[-5.885563881994569,34.51236291136189],[-5.883764736429713,34.50539122229807],[-5.881515804473642,34.502467610755176],[-5.875893474583465,34.4999937856035],[-5.866447960367967,34.49729506725622],[-5.855653086978828,34.493696776126505],[-5.851155223066686,34.49234741695286],[-5.843733747611653,34.49212252375725],[-5.834063340200548,34.48874912582315],[-5.824168039593837,34.483351689128575],[-5.814497632182732,34.479528504803255],[-5.806176583945271,34.47727957284719],[-5.797405749316595,34.4714323497614],[-5.796281283338559,34.4649104470888],[-5.794482137773702,34.45816365122058],[-5.791558526230811,34.452766214526015],[-5.78706066231867,34.44826835061387],[-5.778064934494386,34.44399537989734],[-5.766145595127211,34.44174644794127],[-5.752876896586394,34.44219623433248],[-5.745005634740146,34.443320700310515],[-5.735560120524648,34.44174644794127],[-5.727239072287187,34.441296661550055]]}},{"type":"Feature","properties":{"accuracy":"150000","activity_confidence":"1","average_dip":"(20,10,30)","average_rake":"(90.,,)","catalog_id":"NAF_134","catalog_name":"GEM_N_Africa","dip_dir":"E","downthrown_side_dir":"W","epistemic_quality":"2","exposure_quality":"2","fs_name":"","last_movement":"","name":"","net_slip_rate":"(1.,0.5,2.)","notes":"Koulali has it mapped (from earlier sources?) but does not draw a GPS block boundary along it. Nonetheless there  is a ~1mm/yr velocity gradient across it.","reference":"DEM; Koulali et al., 2011","shortening_rate":"","slip_type":"Reverse","strike_slip_rate":"","vert_sep_rate":""},"geometry":{"type":"LineString","coordinates":[[-5.918398288553179,35.58746483296154],[-5.891860891471544,35.56902359092176],[-5.884664309212117,35.560927435879904],[-5.877467726952691,35.55822871753262],[-5.871170717475692,35.55148192166441],[-5.863524348825051,35.544735125796194],[-5.857677125739268,35.54113683466648],[-5.853179261827126,35.53304067962463],[-5.852279689044698,35.531241534059774],[-5.844183534002843,35.52539431097399],[-5.833388660613703,35.518647515105776],[-5.826641864745491,35.511001146455136],[-5.824392932789419,35.506503282542994],[-5.820344855268492,35.50110584584842],[-5.81584699135635,35.493009690806566],[-5.814047845791494,35.487612254111994],[-5.808650409096924,35.48356417659107],[-5.800104467663855,35.47726716711407],[-5.796056390142928,35.473219089593144],[-5.792008312622,35.469171012072216],[-5.785711303145002,35.461524643421576],[-5.785261516753788,35.45072977003244],[-5.779864080059218,35.439934896643294],[-5.770868352234935,35.434987246339944],[-5.75962369245458,35.43183874160144],[-5.754676042151225,35.430039596036586],[-5.74657988710937,35.426441304906874],[-5.7411824504148,35.42329280016837],[-5.734435654546587,35.4210438682123],[-5.731287149808089,35.41924472264744],[-5.721391849201376,35.40755027647588],[-5.699802102423097,35.39360689834824],[-5.68495915151303,35.38955882082731],[-5.671915346167819,35.389109034436096],[-5.658421754431394,35.382362238567886],[-5.648076667433468,35.37786437465574],[-5.630085211784902,35.3702180060051],[-5.608495465006624,35.34817847283561],[-5.599049950791127,35.33513466749041],[-5.587355504619558,35.31849257101548],[-5.582857640707417,35.30230026093177],[-5.581958067924988,35.282959446109565],[-5.58398210668545,35.2683413883951],[-5.590054222966842,35.2555224762455],[-5.597025912030661,35.244952496051965],[-5.59095379574927,35.234382515858435],[-5.582407854316201,35.22718593359901],[-5.572962340100704,35.2238125356649],[-5.565990651036884,35.21774041938351],[-5.559243855168671,35.210543837124085],[-5.558119389190636,35.20424682764708],[-5.556770030016994,35.1983996045613],[-5.550473020539996,35.19187770188869],[-5.547099622605889,35.18085793530395],[-5.531806885304608,35.1635411592422],[-5.518313293568183,35.15454543141792],[-5.505269488222972,35.142850985246355],[-5.493575042051405,35.13025696629236],[-5.486378459791978,35.11856252012078],[-5.480981023097408,35.1032697828195],[-5.478282304750123,35.09112555025672],[-5.465238499404912,35.07943110408515],[-5.452644480450916,35.07088516265208],[-5.432404092846278,35.06413836678387],[-5.415761996371355,35.04884562948259],[-5.404967122982215,35.04164904722317],[-5.382028017030292,35.02140865961853],[-5.357739551904727,35.00701549509968],[-5.333451086779163,34.98452617553897],[-5.309162621653598,34.97463087493226],[-5.294769457134745,34.9602377104134],[-5.276778001486178,34.94224625476484],[-5.258786545837612,34.9314513813757],[-5.246192526883616,34.92425479911627],[-5.230899789582334,34.91166078016228],[-5.220104916193194,34.89906676120828],[-5.202113460544628,34.87927615999486],[-5.186820723243346,34.86218427712872],[-5.173327131506921,34.84599196704501],[-5.159833539770497,34.823502647484304],[-5.149038666381356,34.80281247348845],[-5.134645501862503,34.7821222994926],[-5.123850628473364,34.758733407149464],[-5.114854900649081,34.740741951500894],[-5.104060027259941,34.729047505329326]]}},{"type":"Feature","properties":{"accuracy":"30000","activity_confidence":"1","average_dip":"(90,,)","average_rake":"","catalog_id":"NAF_135","catalog_name":"GEM_N_Africa","dip_dir":"","downthrown_side_dir":"","epistemic_quality":"1","exposure_quality":"1","fs_name":"","last_movement":"","name":"Kalabsha Fault","net_slip_rate":"","notes":"Basement structure that shows mild deformation of Cenozoic sediments above. Thought by Kebeasy to be the host of teh 1981 Aswan earthquake; those papers are unavailable to me but they found evidence fro ground deformation. The Aswan earthquake is widely believed to be from elevated stresses and fluid pressure following the filling of Lake Nasser.","reference":"DEM; Mekkawi et al., 2005 EPSL; Kebeasy et al., 1987","shortening_rate":"","slip_type":"Strike-Slip","strike_slip_rate":"","vert_sep_rate":""},"geometry":{"type":"LineString","coordinates":[[32.095637066789756,23.504175872954686],[32.11685575785395,23.504291191927862],[32.131731905393515,23.504637148847387],[32.14084210427434,23.504867786793735],[32.14954868674905,23.505502041146197],[32.156294846679785,23.505098424740087],[32.165520364533776,23.502965023736348],[32.17174758908523,23.502215450410713],[32.17941630080136,23.5031956616827],[32.18829586173583,23.5031956616827],[32.19832861240205,23.503080342709527],[32.21355071686114,23.500773963246026],[32.22127708806387,23.4999667304338],[32.23350089922042,23.500312687353325],[32.24053535658408,23.500082049406974],[32.24445620167204,23.500543325299674],[32.25094289391312,23.501062260678967],[32.26045670920005,23.502042471950954],[32.26310904558308,23.502042471950954],[32.2708354167858,23.503080342709527],[32.27810051209582,23.504291191927866],[32.281214124371544,23.504521829874214],[32.288536879168156,23.505675019605967],[32.296205590884284,23.506828209337716],[32.30335536722114,23.507808420609702],[32.309870889205506,23.5087309723951],[32.312696204048294,23.509134588801214],[32.318000876814345,23.510057140586614],[32.32180640292912,23.5105760759659],[32.324170441879204,23.510922032885425],[32.327514692101275,23.5114986277513],[32.33691318841504,23.51265181748305],[32.34319807245307,23.512997774402574],[32.34798380983983,23.51305543388916],[32.351414549291775,23.51334373132209],[32.35363443952539,23.513805007214792],[32.35798773076275,23.51449692105384],[32.36456091223372,23.51541947283924],[32.369894414743065,23.516370854367935],[32.378485678244594,23.51763936307286],[32.38171460949349,23.518158298452146],[32.39021938376515,23.519686274846713],[32.3987529877801,23.521243080984576],[32.40417297951932,23.5225115896895],[32.414839984538006,23.524702650179826],[32.421932101388265,23.525452223505464],[32.43029272694345,23.527297327076262],[32.44009483966332,23.52873881424095],[32.44908971957096,23.53046859883857],[32.459353108183535,23.53254434035572],[32.46581097068133,23.53415880598017],[32.476074359293904,23.535888590577795],[32.512399835844015,23.53738773722907],[32.5340798028009,23.53992475463892],[32.56267890814829,23.54153922026337],[32.57190442600229,23.54130858231702],[32.59773587599348,23.547997082761164],[32.626796257233565,23.55491622115166],[32.672231932664495,23.56321918722026],[32.72435610853957,23.570830239449805]]}}],"metadata":{"source":"GEM Global Active Faults","layer_id":"africa","feature_count":1076}}