{"type":"FeatureCollection","features":[{"type":"Feature","properties":{"average_dip":"(50,,)","catalog_id":"AUS_457851","catalog_name":"AUS_FSD","dip_dir":"W","name":"Ardrossan Fault","net_slip_rate":"(0.002,0.0,0.004)","reference":"Fault_slip_rates_A.doc","slip_type":"Reverse"},"geometry":{"type":"LineString","coordinates":[[138.20716780015584,-33.7679596730622],[138.05698392700788,-34.08398784104048],[137.91815354059565,-34.39695598527329],[137.87594682814427,-34.50654436927181],[137.86833255292572,-34.719744075394146]]}},{"type":"Feature","properties":{"average_dip":"(60,,)","catalog_id":"AUS_457581","catalog_name":"AUS_FSD","dip_dir":"E","name":"Redbanks Fault","net_slip_rate":"(0.018,0.0,0.037)","reference":"Fault_slip_rates_A.doc","slip_type":"Strike-Slip"},"geometry":{"type":"LineString","coordinates":[[138.55243552363845,-34.564960136965],[138.56909175067926,-34.45431520019389],[138.57801472945107,-34.310357809341156],[138.564927693919,-34.13665715591554]]}},{"type":"Feature","properties":{"average_dip":"(50,,)","catalog_id":"AUS_442934","catalog_name":"AUS_FSD","dip_dir":"E","name":"Bremer Fault","net_slip_rate":"(0.009,0.0,0.017)","reference":"Fault_slip_rates_A.doc","slip_type":"Reverse"},"geometry":{"type":"LineString","coordinates":[[139.06677802043748,-35.29494396011063],[139.05345303880472,-35.1921512446588],[139.06487445163282,-35.10077994203487],[139.046219477347,-34.98751759815735],[139.0229959379301,-34.943735515650076],[139.0258512911371,-34.888532020314756]]}},{"type":"Feature","properties":{"average_dip":"(60,,)","catalog_id":"AUS_442949","catalog_name":"AUS_FSD","dip_dir":"E","name":"Sandergrove Fault","net_slip_rate":"(0.009,0.0,0.017)","reference":"Fault_slip_rates_A.doc","slip_type":"Strike-Slip"},"geometry":{"type":"LineString","coordinates":[[138.86499972714307,-35.37394206550426],[138.90687824084557,-35.310172510547936],[138.92972106650154,-35.241644033580094],[138.9992013278718,-35.20166908868214]]}},{"type":"Feature","properties":{"average_dip":"(60,,)","catalog_id":"AUS_531763","catalog_name":"AUS_FSD","dip_dir":"NW","name":"Encounter Bay Fault","net_slip_rate":"(0.037,0.0,0.074)","reference":"Fault_slip_rates_A.doc","slip_type":"Strike-Slip"},"geometry":{"type":"LineString","coordinates":[[138.98016563982515,-35.0569978595276],[138.93543177291554,-35.151224515358535],[138.88213184638494,-35.263535074833726],[138.7831462685424,-35.415820579206866],[138.69653388793017,-35.50338474422142],[138.58612689725976,-35.58999712483359],[138.52330912670573,-35.639489913754915]]}},{"type":"Feature","properties":{"average_dip":"(60,,)","catalog_id":"AUS_442933","catalog_name":"AUS_FSD","dip_dir":"SE","name":"Willunga Fault","net_slip_rate":"(0.046,0.0,0.092)","reference":"Fault_slip_rates_A.doc","slip_type":"Strike-Slip"},"geometry":{"type":"LineString","coordinates":[[138.28441124172025,-35.42819377643712],[138.37007183793014,-35.374893849906584],[138.45953957174936,-35.345388533434296],[138.56709120921312,-35.26829399684539],[138.63466790177858,-35.19024767585411],[138.70034102553961,-35.07603354757425]]}},{"type":"Feature","properties":{"average_dip":"(60,,)","catalog_id":"AUS_442932","catalog_name":"AUS_FSD","dip_dir":"E","name":"Ochre Cove-Clarendon Fault","net_slip_rate":"(0.021,0.0,0.042)","reference":"Fault_slip_rates_A.doc","slip_type":"Strike-Slip"},"geometry":{"type":"LineString","coordinates":[[138.46810563137046,-35.21880120792406],[138.5404412459477,-35.151224515358535],[138.63466790177858,-35.035106818274016],[138.67178749346965,-34.967530125708386]]}},{"type":"Feature","properties":{"average_dip":"(60,,)","catalog_id":"AUS_442931","catalog_name":"AUS_FSD","dip_dir":"E","name":"Eden-Burnside Fault","net_slip_rate":"(0.009,0.0,0.018)","reference":"Fault_slip_rates_A.doc","slip_type":"Strike-Slip"},"geometry":{"type":"LineString","coordinates":[[138.443002317759,-35.14777429690004],[138.5020724372289,-35.043078012643484],[138.58678124903622,-35.0126209117688],[138.68100790486722,-34.93267102197297],[138.78665597352597,-34.72423023786223],[138.80759523037727,-34.66902674252691]]}},{"type":"Feature","properties":{"average_dip":"(46,,)","catalog_id":"AUS_457307","catalog_name":"AUS_FSD","dip_dir":"E","name":"Concordia Fault","net_slip_rate":"(0.002,0.0,0.004)","reference":"Fault_slip_rates_A.doc","slip_type":"Reverse"},"geometry":{"type":"LineString","coordinates":[[138.79757651943783,-34.67871621900133],[138.8035251719524,-34.66396356076518],[138.80304927975112,-34.56854717443133]]}},{"type":"Feature","properties":{"average_dip":"(50,,)","catalog_id":"AUS_531536","catalog_name":"AUS_FSD","dip_dir":"E","name":"Hope Valley Fault","net_slip_rate":"(0.004,0.0,0.007)","reference":"Fault_slip_rates_A.doc","slip_type":"Reverse"},"geometry":{"type":"LineString","coordinates":[[138.61940247932125,-34.95278253765281],[138.678889004467,-34.89329601250705],[138.68787958996347,-34.866257200842824],[138.70358403260195,-34.84027348665916]]}},{"type":"Feature","properties":{"average_dip":"(60,,)","catalog_id":"AUS_528009","catalog_name":"AUS_FSD","dip_dir":"E","name":"Meadows-Williamstown (Kitchener)","net_slip_rate":"(0.009,0.0,0.017)","reference":"Fault_slip_rates_A.doc","slip_type":"Strike-Slip"},"geometry":{"type":"LineString","coordinates":[[138.87757399845384,-34.511392521071286],[138.86805615443052,-34.452500861176986],[138.82165666481683,-34.38944514452248],[138.75562662190498,-34.18838068952982]]}},{"type":"Feature","properties":{"average_dip":"(50,,)","catalog_id":"AUS_457580","catalog_name":"AUS_FSD","dip_dir":"E","name":"Alma Fault","net_slip_rate":"(0.017,0.0,0.033)","reference":"Fault_slip_rates_A.doc","slip_type":"Reverse"},"geometry":{"type":"LineString","coordinates":[[138.73862834734462,-34.58756501652039],[138.70829021952034,-34.519155512602765],[138.6345269283396,-34.15509797871072],[138.62381935381336,-34.09799091457079],[138.5964555522463,-34.0349351979163],[138.54648687112388,-33.81186072861981],[138.45011870038775,-33.71668228838661],[138.40907299803712,-33.59473491183781]]}},{"type":"Feature","properties":{"average_dip":"(60,,)","catalog_id":"AUS_457582","catalog_name":"AUS_FSD","dip_dir":"E","name":"Owen Fault","net_slip_rate":"(0.037,0.0,0.074)","reference":"Fault_slip_rates_A.doc","slip_type":"Strike-Slip"},"geometry":{"type":"LineString","coordinates":[[138.52150253056266,-34.30381429157512],[138.51257955179074,-34.08609360954165]]}},{"type":"Feature","properties":{"average_dip":"(50,,)","catalog_id":"AUS_442935","catalog_name":"AUS_FSD","dip_dir":"W","name":"Palmer Fault","net_slip_rate":"(0.019,0.0,0.039)","reference":"Fault_slip_rates_A.doc","slip_type":"Reverse"},"geometry":{"type":"LineString","coordinates":[[139.15777059218453,-34.83077457016662],[139.15122707441833,-34.88193298179198],[139.17442681922535,-34.98068061353399],[139.22855955710793,-35.0984639333226],[139.24343118839442,-35.18352966428101]]}},{"type":"Feature","properties":{"average_dip":"(50,,)","catalog_id":"AUS_442910","catalog_name":"AUS_FSD","dip_dir":"W","name":"Milendella Fault","net_slip_rate":"(0.019,0.0,0.039)","reference":"Fault_slip_rates_A.doc","slip_type":"Reverse"},"geometry":{"type":"LineString","coordinates":[[139.23093901811376,-34.347149120731615],[139.23510307487402,-34.56486980276508],[139.2410517273886,-34.668971221770164],[139.2184468478332,-34.73321666892759],[139.20535981230114,-34.76355479675191],[139.19941115978656,-34.80400563385104],[139.19584196827782,-34.824825917652056]]}},{"type":"Feature","properties":{"average_dip":"(60,,)","catalog_id":"AUS_442930","catalog_name":"AUS_FSD","dip_dir":"E","name":"Para Fault","net_slip_rate":"(0.03,0.0,0.061)","reference":"Fault_slip_rates_A.doc","slip_type":"Strike-Slip"},"geometry":{"type":"LineString","coordinates":[[138.5765721812163,-34.92363414033137],[138.60215138702893,-34.85344004065939],[138.64874439651214,-34.8192579788984],[138.68305306122716,-34.77253836646117],[138.6860273874845,-34.72494914634455],[138.7496779693904,-34.626796379854056],[138.74313445162443,-34.58456094700057]]}},{"type":"Feature","properties":{"average_dip":"(36,,)","catalog_id":"AUS_528385","catalog_name":"AUS_FSD","dip_dir":"W","name":"Burra Fault","net_slip_rate":"(0.009,0.0,0.017)","reference":"Fault_slip_rates_A.doc","slip_type":"Reverse"},"geometry":{"type":"LineString","coordinates":[[139.0688065109449,-33.47348242322079],[139.06238196622917,-33.53130332566246],[139.07808640886753,-33.649086645451064],[139.07808640886753,-33.700483003177],[139.0830832769799,-33.7318918884539],[139.14375953262856,-33.886794799933455],[139.1851621541299,-33.97316923444515]]}},{"type":"Feature","properties":{"average_dip":"(48,,)","catalog_id":"AUS_442911","catalog_name":"AUS_FSD","dip_dir":"W","name":"World's End Fault","net_slip_rate":"(0.01,0.0,0.02)","reference":"Fault_slip_rates_A.doc","slip_type":"Reverse"},"geometry":{"type":"LineString","coordinates":[[138.9902842977525,-33.61125321545837],[138.98314591473502,-33.67978169242622],[138.99885035737339,-33.72689502034172],[139.05881277472042,-33.87608722540721]]}},{"type":"Feature","properties":{"average_dip":"(45,,)","catalog_id":"AUS_457848","catalog_name":"AUS_FSD","dip_dir":"W","name":"Coobowie scarp","net_slip_rate":"(0.002,0.0,0.004)","reference":"Fault_slip_rates_A.doc","slip_type":"Reverse"},"geometry":{"type":"LineString","coordinates":[[137.6966903219328,-34.93637504960529],[137.71025324966604,-35.010614232987166],[137.72809920720965,-35.05058917788517]]}},{"type":"Feature","properties":{"average_dip":"(45,,)","catalog_id":"AUS_457847","catalog_name":"AUS_FSD","dip_dir":"E","name":"Yorketown Scarp","net_slip_rate":"(0.002,0.0,0.004)","reference":"Fault_slip_rates_A.doc","slip_type":"Reverse"},"geometry":{"type":"LineString","coordinates":[[137.68669658570832,-35.14981270182824],[137.6253064917579,-35.04416463316941],[137.60103598949843,-34.94851030073498]]}},{"type":"Feature","properties":{"average_dip":"(60,,)","catalog_id":"AUS_456797","catalog_name":"AUS_FSD","dip_dir":"E","name":"Crystal Brook Fault","net_slip_rate":"(0.011,0.0,0.023)","reference":"Fault_slip_rates_A.doc","slip_type":"Strike-Slip"},"geometry":{"type":"LineString","coordinates":[[138.23016547943985,-33.29692641658823],[138.17662760680878,-33.2562376333886],[138.12237589587596,-33.11275613473697],[138.11595135116,-33.066356645123264],[138.08311478927953,-32.99211746174141],[138.05099206570117,-32.90574302722969],[138.02529388683809,-32.8129440480023]]}},{"type":"Feature","properties":{"average_dip":"(50,,)","catalog_id":"AUS_442971","catalog_name":"AUS_FSD","dip_dir":"W","name":"Morgan Scarp","net_slip_rate":"(0.004,0.0,0.007)","reference":"Fault_slip_rates_A.doc","slip_type":"Reverse"},"geometry":{"type":"LineString","coordinates":[[139.68135115767575,-34.017474798373655],[139.61282268070772,-34.193079020603875],[139.55000491015392,-34.30586547228024],[139.5442942037398,-34.404375157921656],[139.51859602487684,-34.46148222206158],[139.5571432931714,-34.57426867373783],[139.56999238260278,-34.63708644429177],[139.53858349732593,-34.68991047862124],[139.53144511430844,-34.75130057257161],[139.54286652713643,-34.8855021733005],[139.56856470599928,-35.00114397818379],[139.56856470599928,-35.105364370239215],[139.54001117392932,-35.192452643052604],[139.51716834827346,-35.28810697548692],[139.50574693544536,-35.378050601507354]]}},{"type":"Feature","properties":{"average_dip":"(40,,)","catalog_id":"AUS_442874","catalog_name":"AUS_FSD","dip_dir":"NW","name":"Yallourn Monocline","net_slip_rate":"(0.078,0.0,0.156)","reference":"Fault_slip_rates_G.doc","slip_type":"Reverse"},"geometry":{"type":"LineString","coordinates":[[146.6391339674011,-37.749725881898414],[146.66140457423342,-37.78574906600578],[146.66211037270875,-37.842001464427995],[146.6525012508249,-37.91310896870846],[146.6649113300548,-37.95647268785933],[146.65468300529835,-37.99331272557144],[146.61683106811086,-38.039956719873025],[146.58844725062852,-38.061559684664985],[146.5598193123343,-38.07675469082596],[146.56327710841003,-38.09152890960536],[146.53171205807246,-38.11734632243269],[146.50323719791754,-38.13553722141796],[146.47030275958707,-38.14536960333106],[146.4317021533086,-38.146969351952464],[146.3610316223004,-38.163768077585644],[146.34527879370933,-38.16870062686569]]}},{"type":"Feature","properties":{"average_dip":"(70,,)","catalog_id":"AUS_443054","catalog_name":"AUS_FSD","dip_dir":"W","name":"Haunted Hills Fault","net_slip_rate":"(0.009,0.0,0.019)","reference":"Fault_slip_rates_G.doc","slip_type":"Strike-Slip"},"geometry":{"type":"LineString","coordinates":[[146.35193994427652,-38.1553641542145],[146.32843054407658,-38.19153246256013],[146.30158763882685,-38.24114052629568],[146.28909750802006,-38.278788506162805],[146.2831876617031,-38.29956425183463],[146.27553439272776,-38.31540891898095]]}},{"type":"Feature","properties":{"average_dip":"(50,,)","catalog_id":"AUS_443056","catalog_name":"AUS_FSD","dip_dir":"NW","name":"Morwell Monocline","net_slip_rate":"(0.036,0.0,0.072)","reference":"Fault_slip_rates_G.doc","slip_type":"Reverse"},"geometry":{"type":"LineString","coordinates":[[146.48869777413347,-38.18131733432521],[146.47212328082458,-38.195952258914126],[146.44620359596308,-38.209176587906896],[146.42574996701308,-38.22980654243048],[146.41182034022222,-38.25308136077422],[146.38276315192604,-38.278253732412],[146.3554378276317,-38.29902097923531],[146.34832954674198,-38.304407981143314],[146.31581251821103,-38.319947092194354],[146.28789967043247,-38.344838444583736],[146.27365548507748,-38.36541337858562],[146.26689309423193,-38.37735547401407]]}},{"type":"Feature","properties":{"average_dip":"(50,,)","catalog_id":"AUS_443058","catalog_name":"AUS_FSD","dip_dir":"SE","name":"Snake Ridge Monocline","net_slip_rate":"(0.037,0.0,0.074)","reference":"Fault_slip_rates_G.doc","slip_type":"Reverse"},"geometry":{"type":"LineString","coordinates":[[146.64259802995264,-38.19472918365215],[146.7114147959968,-38.15801649589507],[146.74739343827457,-38.136520550808086],[146.79917050976155,-38.116342721478645],[146.88823722508585,-38.10504821323759],[146.94793314280014,-38.09530194095772],[146.98568091219659,-38.09117119665154],[147.03453369943168,-38.10531339391457]]}},{"type":"Feature","properties":{"average_dip":"(50,,)","catalog_id":"AUS_442873","catalog_name":"AUS_FSD","dip_dir":"S","name":"Rosedale Monocline","net_slip_rate":"(0.052,0.0,0.104)","reference":"Fault_slip_rates_G.doc","slip_type":"Reverse"},"geometry":{"type":"LineString","coordinates":[[146.40473625828963,-38.3479763482165],[146.51994506697838,-38.29936425944709],[146.62558529131502,-38.26605039041231],[146.7397109595115,-38.22357732812157],[146.8023774686401,-38.19419547739671],[146.83913777119665,-38.17492762130616],[146.89374216835563,-38.165009532266254],[146.95164562875118,-38.167319536226614],[146.99785135565708,-38.170323430285194],[147.10321520339778,-38.166604585105915],[147.16255478467224,-38.169901222276785],[147.23584474674067,-38.18806224684704]]}},{"type":"Feature","properties":{"average_dip":"(50,,)","catalog_id":"AUS_531390","catalog_name":"AUS_FSD","dip_dir":"N","name":"Yarram Monocline","net_slip_rate":"(0.073,0.0,0.146)","reference":"Fault_slip_rates_G.doc","slip_type":"Reverse"},"geometry":{"type":"LineString","coordinates":[[146.76463708513268,-38.33864288921882],[146.76463708513268,-38.36615447479641],[146.74252834832907,-38.41278572606831],[146.7059939683411,-38.45665311120997],[146.6777583943557,-38.479820762743365],[146.62508041326362,-38.515280022375926],[146.56626407343083,-38.54353180288638],[146.51341286929755,-38.5587355738399],[146.4627336330858,-38.56742344282758],[146.40854717987622,-38.58713832702847],[146.3785036723143,-38.60079395584347],[146.365119204645,-38.61031179923958],[146.29688816029147,-38.625183430782435],[146.2805293657741,-38.62042450908439],[146.24810920951404,-38.62577829633198],[146.22256390881603,-38.63774389374299],[146.2180194934083,-38.640142335233115]]}},{"type":"Feature","properties":{"average_dip":"(40,,)","catalog_id":"AUS_443057","catalog_name":"AUS_FSD","dip_dir":"NW","name":"Waratah Fault","net_slip_rate":"(0.031,0.0,0.062)","reference":"Fault_slip_rates_G.doc","slip_type":"Reverse"},"geometry":{"type":"LineString","coordinates":[[146.18997225364365,-38.64480567698587],[146.14231921177884,-38.696471606160735],[146.0971742243704,-38.737603706259165],[146.0515276266101,-38.7732180843954],[146.00487780634808,-38.809334074681885],[145.97377792677275,-38.84043395425715],[145.9401699918418,-38.88106444310466],[145.91609266528405,-38.90213210305591]]}},{"type":"Feature","properties":{"average_dip":"(50,,)","catalog_id":"AUS_531211","catalog_name":"AUS_FSD","dip_dir":"N","name":"Kongwak Monocline","net_slip_rate":"(0.033,0.0,0.065)","reference":"Fault_slip_rates_G.doc","slip_type":"Reverse"},"geometry":{"type":"LineString","coordinates":[[145.85224284985918,-38.47424897084266],[145.81823353041955,-38.485585411555235],[145.78466022568205,-38.49299769926375],[145.73190217782133,-38.514798544989226],[145.7131534502995,-38.522646850098],[145.65385514773186,-38.53529134121232],[145.59150472696058,-38.54183159501979],[145.5509551528139,-38.54749981492647],[145.5077894769646,-38.55709218693778],[145.49340091804834,-38.56014430604073]]}},{"type":"Feature","properties":{"average_dip":"(50,,)","catalog_id":"AUS_443047","catalog_name":"AUS_FSD","dip_dir":"SE","name":"Bass Fault","net_slip_rate":"(0.033,0.0,0.065)","reference":"Fault_slip_rates_G.doc","slip_type":"Reverse"},"geometry":{"type":"LineString","coordinates":[[145.4010495784296,-38.53067054008949],[145.45058389855774,-38.52019987039927],[145.4974428867347,-38.51103972784369],[145.52226771177686,-38.5020775584424],[145.5365126930319,-38.4668460127009],[145.62621933340642,-38.40323171892381],[145.68728440895939,-38.35410825856143],[145.70791083364406,-38.33049642917974],[145.77801694464347,-38.301576733732006],[145.81858675443516,-38.26951349680171],[145.88878085420254,-38.26029308528104],[145.92640608132274,-38.25880592230669]]}},{"type":"Feature","properties":{"average_dip":"(50,,)","catalog_id":"AUS_531389","catalog_name":"AUS_FSD","dip_dir":"S","name":"Yarragon Monocline","net_slip_rate":"(0.059,0.0,0.117)","reference":"Fault_slip_rates_G.doc","slip_type":"Reverse"},"geometry":{"type":"LineString","coordinates":[[145.9276290054985,-38.259245742040385],[145.95416323217648,-38.252612185370886],[146.00089965355278,-38.246129391945715],[146.02302516532257,-38.23529752485086],[146.05139997324397,-38.22422442901097],[146.10470897751725,-38.223532360239844],[146.16213093164401,-38.21868788064126],[146.20365504081917,-38.199309963146156],[146.25209983500656,-38.19308134690478],[146.27009361585908,-38.1882368673061]]}},{"type":"Feature","properties":{"average_dip":"(40,,)","catalog_id":"AUS_531208","catalog_name":"AUS_FSD","dip_dir":"NW","name":"Darnum Monocline","net_slip_rate":"(0.014,0.0,0.028)","reference":"Fault_slip_rates_G.doc","slip_type":"Reverse"},"geometry":{"type":"LineString","coordinates":[[146.04863169905911,-38.06712488093797],[146.05139997324397,-38.11280140183993],[146.0404268784165,-38.11681158668722],[146.03409826116263,-38.14602068935989],[146.00130854020586,-38.1748228461164],[145.99283386719628,-38.20285738385678],[145.96680635542202,-38.22955044969086],[145.9415840687136,-38.250727652461194],[145.93773010329744,-38.25623048884523]]}},{"type":"Feature","properties":{"average_dip":"(40,,)","catalog_id":"AUS_443055","catalog_name":"AUS_FSD","dip_dir":"SE","name":"Heath Hill Fault","net_slip_rate":"(0.019,0.0,0.039)","reference":"Fault_slip_rates_G.doc","slip_type":"Reverse"},"geometry":{"type":"LineString","coordinates":[[145.50990705928564,-38.43329689073272],[145.61195013268514,-38.33799043162746],[145.70170039487266,-38.240108495320946],[145.73735008501762,-38.21384522794366],[145.76505805026545,-38.18050548343291],[145.79035999560415,-38.121173087188694],[145.8063142873309,-38.081771814124316],[145.81412787714305,-38.05872172471413]]}},{"type":"Feature","properties":{"average_dip":"(40,,)","catalog_id":"AUS_442924","catalog_name":"AUS_FSD","dip_dir":"E","name":"Selwyn Fault","net_slip_rate":"(0.039,0.0,0.078)","reference":"Fault_slip_rates_G.doc","slip_type":"Reverse"},"geometry":{"type":"LineString","coordinates":[[144.67893083274464,-38.770207247199856],[144.7522182317241,-38.691209141806915],[144.81884313988735,-38.62934315565577],[144.84263774994565,-38.595078917172],[144.87119128201562,-38.49038263291624],[144.90801507439437,-38.393361402446175],[144.9505329838097,-38.33102222276596],[145.0160666113984,-38.259771493811414],[145.06869893876353,-38.19061221600513],[145.1310413125409,-38.12743756142823],[145.17775718067207,-38.08438665592656],[145.22811043289016,-38.0283864840278]]}},{"type":"Feature","properties":{"average_dip":"(40,,)","catalog_id":"AUS_531207","catalog_name":"AUS_FSD","dip_dir":"SE","name":"Beaumaris Monocline","net_slip_rate":"(0.006,0.0,0.012)","reference":"Fault_slip_rates_G.doc","slip_type":"Reverse"},"geometry":{"type":"LineString","coordinates":[[145.13959212111456,-37.91561461388108],[145.1031075131175,-37.937203138668615],[145.0696452989323,-37.96354113957501],[145.0493520847507,-37.97886899268685],[145.0338083466878,-37.99160622278813]]}},{"type":"Feature","properties":{"average_dip":"(50,,)","catalog_id":"AUS_531210","catalog_name":"AUS_FSD","dip_dir":"SE","name":"Doomburrin Fault","net_slip_rate":"(0.028,0.0,0.055)","reference":"Fault_slip_rates_G.doc","slip_type":"Reverse"},"geometry":{"type":"LineString","coordinates":[[146.00300055704736,-38.68326169779675],[146.05512777187334,-38.63765038493642],[146.10096272164162,-38.59326341378243],[146.11956280132358,-38.574663334100485],[146.13476657227704,-38.55077169325995],[146.15503826658198,-38.52760404262579],[146.17530996178607,-38.516020217308835],[146.19051373273953,-38.505160380399616],[146.21295739496566,-38.49357655508249]]}},{"type":"Feature","properties":{"average_dip":"(50,,)","catalog_id":"AUS_443048","catalog_name":"AUS_FSD","dip_dir":"SE","name":"Budgeree Fault","net_slip_rate":"(0.052,0.0,0.104)","reference":"Fault_slip_rates_G.doc","slip_type":"Reverse"},"geometry":{"type":"LineString","coordinates":[[146.2268705055568,-38.49759578883462],[146.28935729877207,-38.45946156800232],[146.33424781042186,-38.42998713385475],[146.36455732442892,-38.40154282003175],[146.37615307835324,-38.39379154907209],[146.401658847553,-38.36565184641216],[146.44051750922563,-38.351178529092685]]}},{"type":"Feature","properties":{"average_dip":"(50,,)","catalog_id":"AUS_531388","catalog_name":"AUS_FSD","dip_dir":"N","name":"Tarwin Fault","net_slip_rate":"(0.017,0.0,0.033)","reference":"Fault_slip_rates_G.doc","slip_type":"Reverse"},"geometry":{"type":"LineString","coordinates":[[146.2921555221792,-38.45309276004719],[146.24849662665247,-38.466432978374556],[146.2039091364652,-38.484370305522035],[146.17017047054105,-38.49465534035117],[146.13510477311797,-38.50706000573149],[146.10038659186716,-38.51518631735979],[146.08053115326015,-38.52403846640203],[146.0556698373273,-38.5416232994474],[146.03929775172958,-38.548293407262065],[146.0040539652,-38.5576533556648],[145.9709719745922,-38.56371679895035],[145.95787644919847,-38.56371679895035]]}},{"type":"Feature","properties":{"average_dip":"(40,,)","catalog_id":"AUS_531213","catalog_name":"AUS_FSD","dip_dir":"N","name":"Koorooman Fault","net_slip_rate":"(0.011,0.0,0.023)","reference":"Fault_slip_rates_G.doc","slip_type":"Reverse"},"geometry":{"type":"LineString","coordinates":[[145.95330633926108,-38.56145046426906],[145.9634945941674,-38.54186106473628],[145.9655822513356,-38.52248778790998],[145.97465575140836,-38.50380705183153],[145.99653889858928,-38.485126316652554],[146.01575336970143,-38.45470340443278],[146.02109072183896,-38.44349496332536],[146.023759398807,-38.43121905125088],[146.03870398695017,-38.40826843400214]]}},{"type":"Feature","properties":{"average_dip":"(50,,)","catalog_id":"AUS_443053","catalog_name":"AUS_FSD","dip_dir":"N","name":"Geliondale Monocline","net_slip_rate":"(0.033,0.0,0.065)","reference":"Fault_slip_rates_G.doc","slip_type":"Reverse"},"geometry":{"type":"LineString","coordinates":[[146.45747493925046,-38.6462551610652],[146.4371471253537,-38.65707234977771],[146.40941811438495,-38.659753069215235],[146.37948732107213,-38.65975306921525],[146.3511028589288,-38.66419508062206],[146.3308507797368,-38.66264574122038],[146.32033740574002,-38.65860639225901],[146.30606135021117,-38.65141303100871],[146.29571397577251,-38.65069369479368],[146.28315326010238,-38.64361100141434],[146.27535122960876,-38.641342324898524],[146.25902783240645,-38.64150832535591],[146.2426350803886,-38.63711272526115],[146.2296683864729,-38.6338089767536]]}},{"type":"Feature","properties":{"average_dip":"(50,,)","catalog_id":"AUS_443059","catalog_name":"AUS_FSD","dip_dir":"S","name":"Tap Tap Fault","net_slip_rate":"(0.007,0.0,0.013)","reference":"Fault_slip_rates_G.doc","slip_type":"Reverse"},"geometry":{"type":"LineString","coordinates":[[146.41954937544472,-38.584137728551305],[146.42317356228386,-38.58824564722009],[146.44605375362437,-38.59814573035765],[146.5051025192107,-38.60058401274529],[146.55210663757805,-38.60366274455355],[146.57591335364089,-38.60706370437646]]}},{"type":"Feature","properties":{"average_dip":"(50,,)","catalog_id":"AUS_443051","catalog_name":"AUS_FSD","dip_dir":"NW","name":"Napier Monocline","net_slip_rate":"(0.033,0.0,0.065)","reference":"Fault_slip_rates_G.doc","slip_type":"Reverse"},"geometry":{"type":"LineString","coordinates":[[146.8254715421416,-38.47896158644949],[146.797869795034,-38.49609370528178],[146.78145151396166,-38.509180741075625],[146.76669885552872,-38.520364208010335],[146.74361808389926,-38.52964410608592],[146.70687920608805,-38.546538278698506],[146.67856362032092,-38.54320703341993],[146.61788736394965,-38.54725211735792],[146.58314723384524,-38.53749632684265]]}},{"type":"Feature","properties":{"average_dip":"(50,,)","catalog_id":"AUS_443050","catalog_name":"AUS_FSD","dip_dir":"N","name":"Darriman Monocline","net_slip_rate":"(0.025,0.0,0.05)","reference":"Fault_slip_rates_G.doc","slip_type":"Reverse"},"geometry":{"type":"LineString","coordinates":[[147.07863546069575,-38.45587556637668],[147.06963397563334,-38.45510948340263],[147.04566369177917,-38.45926599423927],[147.02872192884354,-38.457552782176194],[147.00092982404055,-38.45793349576815],[146.98402411042832,-38.45970598484423],[146.9612331156451,-38.463919446147706],[146.9305844592069,-38.465206247368606],[146.90550051790433,-38.473495493665496],[146.88519929705865,-38.48230545730996],[146.83250601373334,-38.47753765977951],[146.8186848426219,-38.47622902344307],[146.78803817818198,-38.47502719286554],[146.77530937023153,-38.476356390824776],[146.73085978178335,-38.468197810622776],[146.69631983176964,-38.46636787915082]]}},{"type":"Feature","properties":{"average_dip":"(50,,)","catalog_id":"AUS_443049","catalog_name":"AUS_FSD","dip_dir":"S","name":"Currajung Monocline","net_slip_rate":"(0.017,0.0,0.033)","reference":"Fault_slip_rates_G.doc","slip_type":"Reverse"},"geometry":{"type":"LineString","coordinates":[[146.79507401688363,-38.30297447981507],[146.7147337557568,-38.324864760134695],[146.62035888704565,-38.347565953400306],[146.57550664514554,-38.3624297779287],[146.55022536201284,-38.37101671420651]]}},{"type":"Feature","properties":{"average_dip":"(50,,)","catalog_id":"AUS_443060","catalog_name":"AUS_FSD","dip_dir":"N","name":"Toora Fault","net_slip_rate":"(0.033,0.0,0.065)","reference":"Fault_slip_rates_G.doc","slip_type":"Reverse"},"geometry":{"type":"LineString","coordinates":[[146.58342627728302,-38.6131522287288],[146.5511050824432,-38.61944257807677],[146.51579879312442,-38.623402335194626],[146.4611952323445,-38.6274082052081],[146.42976034855837,-38.63448940631929],[146.3812852639336,-38.634678788738604],[146.33960420653887,-38.62882486620215],[146.30680000000018,-38.6233]]}},{"type":"Feature","properties":{"average_dip":"(50,,)","catalog_id":"AUS_530934","catalog_name":"AUS_FSD","dip_dir":"NW","name":"Castle Cove Fault","net_slip_rate":"(0.019,0.0,0.039)","reference":"Fault_slip_rates_ot.doc","slip_type":"Reverse"},"geometry":{"type":"LineString","coordinates":[[143.63945531574927,-38.67693846568329],[143.59399513485528,-38.70694218412009],[143.56247607678563,-38.72573239287046],[143.5188343025519,-38.74785634701464],[143.4718587829243,-38.76543428315925],[143.44094586070764,-38.77452632005749],[143.42609553500301,-38.78270915227671]]}},{"type":"Feature","properties":{"average_dip":"(50,,)","catalog_id":"AUS_530933","catalog_name":"AUS_FSD","dip_dir":"NW","name":"Johanna Fault","net_slip_rate":"(0.022,0.0,0.043)","reference":"Fault_slip_rates_ot.doc","slip_type":"Reverse"},"geometry":{"type":"LineString","coordinates":[[143.77159290655982,-38.53813337958861],[143.7231020481986,-38.577835271676115],[143.6761265276716,-38.61602182323135],[143.61551295404558,-38.64208566042118],[143.564900619299,-38.670877108050824],[143.48620638724833,-38.702119440124086],[143.43985822604134,-38.71475258640248],[143.38583001981317,-38.741504416635856],[143.3551440963695,-38.75540487841329]]}},{"type":"Feature","properties":{"average_dip":"(50,,)","catalog_id":"AUS_530931","catalog_name":"AUS_FSD","name":"Bambra Fault Zone2","net_slip_rate":"(0.013,0.0,0.026)","reference":"Fault_slip_rates_ot.doc","slip_type":"Reverse"},"geometry":{"type":"LineString","coordinates":[[143.46024906342814,-38.60475111576454],[143.50563710144047,-38.58124049020939],[143.53721935031115,-38.555873203476494],[143.5663403688876,-38.55004899976126],[143.59304090831677,-38.533695829718454],[143.64909870693555,-38.509269774914856],[143.69952875205047,-38.48359005193879],[143.71767886926318,-38.47545379256534],[143.74936617699473,-38.4695931842943],[143.7862224675921,-38.45042791329167],[143.81437771147728,-38.43328445409491],[143.8633749681394,-38.41308020615788],[143.89728275502114,-38.39244068374712],[143.93577822081159,-38.36401451842184],[143.96953611697552,-38.33342514781052]]}},{"type":"Feature","properties":{"average_dip":"(50,,)","catalog_id":"AUS_531202","catalog_name":"AUS_FSD","dip_dir":"S","name":"Pirron Yallock Monocline","net_slip_rate":"(0.009,0.0,0.017)","reference":"Fault_slip_rates_ot.doc","slip_type":"Reverse"},"geometry":{"type":"LineString","coordinates":[[143.37696297799823,-38.371829634771075],[143.38929145544535,-38.36519122356129],[143.4490371554341,-38.34337930178577],[143.47464245440165,-38.33863757962155],[143.49360934305844,-38.331999168411755],[143.52300802101627,-38.32630910127506],[143.56094179833008,-38.32820579032065],[143.5903404762879,-38.32820579032066],[143.61973915334636,-38.31777400191906],[143.64121172880948,-38.31323042925225],[143.69755736542766,-38.31018471916485],[143.7249687562147,-38.31932184942718],[143.75276086076292,-38.333788972342695],[143.7607729509715,-38.34370620817927]]}},{"type":"Feature","properties":{"average_dip":"(50,,)","catalog_id":"AUS_530935","catalog_name":"AUS_FSD","name":"Colac Monocline","net_slip_rate":"(0.017,0.0,0.033)","reference":"Fault_slip_rates_ot.doc","slip_type":"Reverse"},"geometry":{"type":"LineString","coordinates":[[143.22271212710405,-38.4553318405205],[143.24783923532573,-38.44533810429599],[143.25784514333805,-38.44177968774841],[143.2984066793647,-38.43788834832305],[143.31818808445223,-38.43678586195064],[143.3640521108506,-38.42335188460214],[143.39203457227893,-38.41478582498116],[143.43229505249758,-38.40479208875661],[143.47940838041302,-38.388231040156],[143.50724807418123,-38.37595302136603],[143.5412162290188,-38.36720645494152],[143.56320177782038,-38.366261807018645],[143.58948224654284,-38.364817143858716],[143.60347347725713,-38.36310393193444],[143.62175539083285,-38.36208503040376],[143.63353873944754,-38.358611179085585],[143.65378826059134,-38.352216593128674],[143.69698629478614,-38.350483270759646],[143.7263212118719,-38.35280347359787],[143.7503261807782,-38.34640214885606],[143.7668629376352,-38.342134598728364],[143.78606691276002,-38.34213459872837],[143.80779026930225,-38.34353426306524],[143.84050404392144,-38.34423778449274],[143.89169006158227,-38.34206229260577],[143.94559347558265,-38.33608544129859],[143.96953611697552,-38.33342514781052]]}},{"type":"Feature","properties":{"average_dip":"(50,,)","catalog_id":"AUS_530931","catalog_name":"AUS_FSD","name":"Bambra Fault Zone","net_slip_rate":"(0.017,0.0,0.033)","reference":"Fault_slip_rates_ot.doc","slip_type":"Reverse"},"geometry":{"type":"LineString","coordinates":[[143.96953611697552,-38.33342514781052],[143.99454287666288,-38.319059562075545],[144.03235091074396,-38.30862483865191],[144.0876531514441,-38.29830927286838],[144.11778325252396,-38.301469994176635],[144.14410366347408,-38.30378770259789],[144.1608209738822,-38.3042376529576],[144.191753966958,-38.314231389182055],[144.24745819051827,-38.31346736378879],[144.29026365259926,-38.30709300616456],[144.31738950806562,-38.3004305153483],[144.33404573510643,-38.296623377738925]]}},{"type":"Feature","properties":{"average_dip":"(50,,)","catalog_id":"AUS_442939","catalog_name":"AUS_FSD","dip_dir":"NW","name":"Fergusson Hill Anticline","net_slip_rate":"(0.038,0.0,0.076)","reference":"Fault_slip_rates_ot.doc","slip_type":"Reverse"},"geometry":{"type":"LineString","coordinates":[[143.49426393300018,-38.43055061699988],[143.46650019059905,-38.459018770613454],[143.4468287166668,-38.47410217499993],[143.43317216700007,-38.48691345799989],[143.40372689037292,-38.49716693033225],[143.38226283919903,-38.508674142184574],[143.36502385183303,-38.52927363752639],[143.3485121710703,-38.547065526922616],[143.32646613333327,-38.559131675],[143.31398845833337,-38.55902010833336],[143.27763576737027,-38.56562839425851],[143.24844293333354,-38.57723980000004],[143.2206815152963,-38.58967574641319],[143.19536851397493,-38.605285429961896],[143.1590086110125,-38.62221146128062],[143.1337735443925,-38.63186408134931]]}},{"type":"Feature","properties":{"average_dip":"(50,,)","catalog_id":"AUS_531204","catalog_name":"AUS_FSD","dip_dir":"NW","name":"Coradjil Anticline","net_slip_rate":"(0.004,0.0,0.008)","reference":"Fault_slip_rates_ot.doc","slip_type":"Reverse"},"geometry":{"type":"LineString","coordinates":[[143.3589855782966,-38.46610525643379],[143.34749627500014,-38.4714577666666],[143.33930384284042,-38.475946122813],[143.32629983875154,-38.48648991008219],[143.30671670685524,-38.496632934972226],[143.2863322648917,-38.50940912456941],[143.25379918300007,-38.52221198299997],[143.2239338784051,-38.53495385094664],[143.2078945083333,-38.5415256],[143.2002712333334,-38.55022357499994],[143.1834516583333,-38.55735939999994],[143.16938660586868,-38.56031670093578],[143.15267881510124,-38.56064787691446]]}},{"type":"Feature","properties":{"average_dip":"(50,,)","catalog_id":"AUS_442940","catalog_name":"AUS_FSD","dip_dir":"NE","name":"Simpson Anticline","net_slip_rate":"(0.009,0.0,0.017)","reference":"Fault_slip_rates_ot.doc","slip_type":"Reverse"},"geometry":{"type":"LineString","coordinates":[[143.32167638462874,-38.44562305782165],[143.30377187186446,-38.45199010392357],[143.28571896639983,-38.45766285829325],[143.27242264398058,-38.460731240735875],[143.26270610077802,-38.46379962227921],[143.25350095434965,-38.468913592717065],[143.24071602960373,-38.475050356703036],[143.22595347030767,-38.4850620488761],[143.21429547048842,-38.49229162392176],[143.20273381218817,-38.5001176018477],[143.1824312644004,-38.51432830159922],[143.16758625944613,-38.522610277368926],[143.14764177536767,-38.52823564458089],[143.12801744370188,-38.53133426134247],[143.1119331186494,-38.53211052642883],[143.10026846672076,-38.53211052642883],[143.08028628727175,-38.53622534566589]]}},{"type":"Feature","properties":{"average_dip":"(50,,)","catalog_id":"AUS_442927","catalog_name":"AUS_FSD","dip_dir":"S","name":"Barrabool Monocline","net_slip_rate":"(0.019,0.0,0.039)","reference":"Fault_slip_rates_ot.doc","slip_type":"Reverse"},"geometry":{"type":"LineString","coordinates":[[144.06090710744866,-38.18556606524004],[144.10896341115154,-38.167491285680455],[144.12832658116838,-38.160318227068785],[144.16779060432918,-38.15113379734799],[144.21994752411592,-38.145856474157185],[144.25458861243055,-38.14180839177908],[144.30601327628347,-38.14139344943168]]}},{"type":"Feature","properties":{"average_dip":"(30,,)","catalog_id":"AUS_442942","catalog_name":"AUS_FSD","dip_dir":"E","name":"Winchelsea Scarp","net_slip_rate":"(0.008,0.0,0.016)","reference":"Fault_slip_rates_ot.doc","slip_type":"Reverse"},"geometry":{"type":"LineString","coordinates":[[143.96241910704168,-38.30414858223054],[143.98246569317314,-38.29355798641433],[143.99574946555344,-38.27951514127534],[144.0052378741393,-38.268508587171645],[144.03332356441751,-38.24763408810236],[144.04129382658653,-38.23624799761926],[144.05647528086388,-38.2210665442413],[144.0539097804143,-38.21234934026823],[144.05632198333012,-38.19682078725783],[144.06159867619658,-38.18928265471976]]}},{"type":"Feature","properties":{"average_dip":"(40,,)","catalog_id":"AUS_464383","catalog_name":"AUS_FSD","dip_dir":"W","name":"Lovelybanks Monocline","net_slip_rate":"(0.027,0.0,0.054)","reference":"Fault_slip_rates_ot.doc","slip_type":"Reverse"},"geometry":{"type":"LineString","coordinates":[[144.28577956364973,-37.90029872624885],[144.3032925579521,-37.925022954028194],[144.32087286334297,-37.95996528463405],[144.33524379190817,-37.99528080356487],[144.34396949767722,-38.01179276702834],[144.34965048526306,-38.02031424840715],[144.35119574893724,-38.02958583314989],[144.34913539677223,-38.03679706572751],[144.3379578346761,-38.05182072001679],[144.33208109957945,-38.06551263989678],[144.32853187422234,-38.08006446479112],[144.3313295576528,-38.0953261918533],[144.32935149065997,-38.107238838876995],[144.32088264670847,-38.13467740211821],[144.3146244957593,-38.161448380706815]]}},{"type":"Feature","properties":{"average_dip":"(40,,)","catalog_id":"AUS_442866","catalog_name":"AUS_FSD","dip_dir":"W","name":"Rowsley Fault","net_slip_rate":"(0.043,0.0,0.086)","reference":"Fault_slip_rates_ot.doc","slip_type":"Reverse"},"geometry":{"type":"LineString","coordinates":[[144.4408689354317,-37.53513259825127],[144.4301066773155,-37.57771847611525],[144.42376085455453,-37.61296337211746],[144.4193784817113,-37.64985886761136],[144.41472891127682,-37.67543150410204],[144.40465484170215,-37.69480471544506],[144.40155512867887,-37.70720356843826],[144.3953557008332,-37.71417792409005],[144.38450670255315,-37.733551133634364],[144.36513349390816,-37.74672491623238],[144.342660570441,-37.749049700550415],[144.31708793395023,-37.756798985807045],[144.31321329222123,-37.76377334055951],[144.30391415135216,-37.772297553622366],[144.295635231682,-37.80091683087743],[144.2898008642103,-37.82017383825984],[144.27059223140373,-37.86296417529699],[144.26671758877524,-37.87381317267789],[144.26051816092968,-37.877687814406904],[144.2427751542691,-37.897241644686126],[144.22952102529916,-37.92340858914731],[144.22642131227565,-37.94898122743655],[144.22784247192783,-37.98815086594465],[144.22639864575865,-38.016496449326446],[144.21400043187464,-38.046819795142],[144.20319741084722,-38.06713417183376]]}},{"type":"Feature","properties":{"average_dip":"(40,,)","catalog_id":"AUS_464384","catalog_name":"AUS_FSD","dip_dir":"W","name":"Avalon Scarp","net_slip_rate":"(0.005,0.0,0.009)","reference":"Fault_slip_rates_ot.doc","slip_type":"Reverse"},"geometry":{"type":"LineString","coordinates":[[144.53250675115362,-37.89978363775799],[144.5008698420619,-37.91685402284725],[144.48180375823154,-37.932213750089886],[144.46719352754315,-37.95217612058525],[144.44901833750487,-37.99245758928083],[144.43979089833,-38.024950040328875],[144.42771454525507,-38.05007889077688],[144.42227790312836,-38.07130796674062],[144.42073263855502,-38.08212481695613]]}},{"type":"Feature","properties":{"average_dip":"(40,,)","catalog_id":"AUS_579828","catalog_name":"AUS_FSD","dip_dir":"NW","name":"Clarkefield Scarp","net_slip_rate":"(0.005,0.0,0.009)","reference":"Fault_slip_rates_G.doc","slip_type":"Reverse"},"geometry":{"type":"LineString","coordinates":[[144.84367240081986,-37.442980460260685],[144.8238365134738,-37.48136419176825],[144.8110844571495,-37.502260952654964],[144.80428731740017,-37.50346886714609],[144.77485776479818,-37.536086603199806],[144.75643431441404,-37.56347565038787],[144.74845942300067,-37.57847032969336],[144.7453941387223,-37.58652530799761]]}},{"type":"Feature","properties":{"average_dip":"(50,,)","catalog_id":"AUS_442871","catalog_name":"AUS_FSD","name":"Leaghur Fault","net_slip_rate":"(0.004,0.0,0.007)","reference":"Domain 4 fault database.doc","slip_type":"Reverse"},"geometry":{"type":"LineString","coordinates":[[143.82332054991025,-35.65040536216154],[143.81483672109619,-35.78760013818208],[143.80759169791838,-35.87409069457415],[143.7995259396214,-35.91868959098747],[143.7775159259811,-35.986504229456266],[143.76213098210826,-36.01902256110501],[143.75601536118324,-36.09241001670159],[143.74311490683147,-36.17240853602442],[143.7354336008832,-36.2396991152599],[143.71832585143045,-36.31222150687495],[143.6914587523878,-36.39496647186982],[143.6839642691417,-36.42341070591709]]}},{"type":"Feature","properties":{"average_dip":"(50,,)","catalog_id":"AUS_442917","catalog_name":"AUS_FSD","name":"Avoca Fault (north)","net_slip_rate":"(0.002,0.0,0.004)","reference":"Domain 4 fault database.doc","slip_type":"Reverse"},"geometry":{"type":"LineString","coordinates":[[143.571269823291,-36.2760332364453],[143.5627037636699,-36.313152828136204],[143.55696288092406,-36.35095511199989],[143.5468994944706,-36.423272416173916],[143.5493652026629,-36.46559541812025],[143.5509492263012,-36.51559737051223],[143.56460733247457,-36.56271069842773],[143.57317339209567,-36.605540996532675],[143.58235811157806,-36.65950717214485],[143.58772411558027,-36.730139649912644],[143.58692667670925,-36.7714370178591],[143.58863988863357,-36.81312517468126]]}},{"type":"Feature","properties":{"average_dip":"(40,,)","catalog_id":"AUS_442857","catalog_name":"AUS_FSD","dip_dir":"W","name":"Avonmore Scarp","net_slip_rate":"(0.041,0.019,0.062)","reference":"Neivant (1990), McPherson et al (2016) ARGA","slip_type":"Reverse"},"geometry":{"type":"LineString","coordinates":[[144.56365937776445,-36.42019173983072],[144.56441818791814,-36.44582671430273],[144.5642131514919,-36.467359627138194],[144.56663119550421,-36.48401876553589],[144.56873667115212,-36.50068791608555],[144.57289920654705,-36.51858073005371],[144.5753215629768,-36.54825360149454],[144.57595588071615,-36.57007866677276],[144.57557678680325,-36.58810462716605],[144.57299644574152,-36.59967706706619],[144.5733562905657,-36.61178628440666],[144.57283522697924,-36.62250638375957],[144.57838710646945,-36.64246058655481],[144.58211025972275,-36.66293519694408],[144.5848386822504,-36.67625488464888],[144.5909831066615,-36.698734943336945],[144.5916116886931,-36.705871616722504],[144.59201010543927,-36.71682491477428],[144.59192047181125,-36.731547872198064]]}},{"type":"Feature","properties":{"average_dip":"(50,,)","catalog_id":"AUS_442965","catalog_name":"AUS_FSD","name":"Mount William Fault Zone","net_slip_rate":"(0.007,0.0,0.013)","reference":"Domain 4 fault database.doc","slip_type":"Reverse"},"geometry":{"type":"LineString","coordinates":[[144.8207414536796,-36.38965884470275],[144.80884414865045,-36.417974430672146],[144.7886187301009,-36.45271456135724],[144.78021981773406,-36.49074384890611],[144.77604026062136,-36.542632749325534],[144.7730888667346,-36.6116674938591],[144.77196258560116,-36.635171958221235],[144.77138334657286,-36.64726015067038],[144.7582489389912,-36.677441174941805],[144.7442188129637,-36.701257345577],[144.7380902768749,-36.72435998242287],[144.73656524622822,-36.752496124437414],[144.73349185573898,-36.766980568507165],[144.72203438930558,-36.80097119183252],[144.7134278244689,-36.82514701459353],[144.7057485875897,-36.84671797504784],[144.69992143566867,-36.86308643269865],[144.69702137868126,-36.872475277395736]]}},{"type":"Feature","properties":{"average_dip":"(50,,)","catalog_id":"AUS_442853","catalog_name":"AUS_FSD","dip_dir":"W","name":"Cadell Fault","net_slip_rate":"(0.268,0.013,0.522)","reference":"Clark et al (2015)","slip_type":"Reverse"},"geometry":{"type":"LineString","coordinates":[[144.83186258666865,-35.55079213565194],[144.89096432172255,-35.59031515078918],[144.9165273840307,-35.608661412816836],[144.9269629549807,-35.62479326072241],[144.91663043914082,-35.671583787110535],[144.91118882680178,-35.69701199877858],[144.9021262813709,-35.769167516294715],[144.90416469907166,-35.807486230416714],[144.91681371197717,-35.836459672946205],[144.9083884729008,-35.861798280663784],[144.9028436255876,-35.920558071898256],[144.89149042061308,-35.97075406371272],[144.87589058643914,-36.00076494704813],[144.84977087795062,-36.04678644529964],[144.82312091468543,-36.111507784658166],[144.81698915738104,-36.18536317722629],[144.80687143201715,-36.258177076708826],[144.7850599832849,-36.28123689233642],[144.76564638878563,-36.290464375226236]]}},{"type":"Feature","properties":{"average_dip":"(40,,)","catalog_id":"AUS_442857","catalog_name":"AUS_FSD","name":"Avonmore Scarp (splay)","net_slip_rate":"(0.003,0.0,0.005)","reference":"Domain 4 fault database.doc","slip_type":"Reverse"},"geometry":{"type":"LineString","coordinates":[[144.5681066205275,-36.3057188391638],[144.5745787542886,-36.341505932095686],[144.57674280457888,-36.35520728397586],[144.5845037720287,-36.3902406137462],[144.5865670038229,-36.40101342236336],[144.59255666302545,-36.42735072590453],[144.59688089470376,-36.450118893587096]]}},{"type":"Feature","properties":{"average_dip":"(50,,)","catalog_id":"AUS_442870","catalog_name":"AUS_FSD","name":"Whitelaw Fault","net_slip_rate":"(0.002,0.0,0.004)","reference":"Domain 4 fault database.doc","slip_type":"Reverse"},"geometry":{"type":"LineString","coordinates":[[144.23905207096493,-36.50128887833057],[144.25047348379292,-36.53441097553174],[144.2578974021311,-36.558967013111825],[144.2665205688163,-36.57709850597633],[144.2705180633061,-36.59622937246319],[144.27245742259436,-36.615446126666185],[144.278227516965,-36.646769124227],[144.28907785915146,-36.67874908014535],[144.29621624216895,-36.69902208791501],[144.30561933516765,-36.720527214926285],[144.32134335039063,-36.75955557590338],[144.32990941001162,-36.78725250201118],[144.3373333283498,-36.807239974460174],[144.3464704586121,-36.83493690056804],[144.35103902374328,-36.85692312026185],[144.35303777098818,-36.880622551879924],[144.35732080079868,-36.90831947798788],[144.36131829528858,-36.940584969226904],[144.36360257785418,-36.956860482506784]]}},{"type":"Feature","properties":{"average_dip":"(50,,)","catalog_id":"AUS_572538","catalog_name":"AUS_FSD","name":"Sebastian Fault","net_slip_rate":"(0.003,0.0,0.005)","reference":"Domain 4 fault database.doc","slip_type":"Reverse"},"geometry":{"type":"LineString","coordinates":[[144.26666927629662,-36.99610911196868],[144.26111406959626,-36.919153315550716],[144.25953089329994,-36.897956345763816],[144.24823942026228,-36.8652110740494],[144.23169119997237,-36.81229574980306],[144.2156298382297,-36.74483802976465],[144.20385150574566,-36.69451243035723],[144.19814080006768,-36.651682131477514],[144.18845138587972,-36.625125941892215],[144.17137186293053,-36.5917197146648],[144.1581658549262,-36.57387375717304],[144.14603060401168,-36.54817557802508],[144.13782146302583,-36.526760429034965]]}},{"type":"Feature","properties":{"average_dip":"(50,,)","catalog_id":"AUS_442869","catalog_name":"AUS_FSD","name":"Leichardt Fault","net_slip_rate":"(0.006,0.0,0.012)","reference":"Domain 4 fault database.doc","slip_type":"Reverse"},"geometry":{"type":"LineString","coordinates":[[144.10950763903065,-36.85997908982708],[144.10368271855577,-36.82167167118973],[144.09215722506406,-36.76830643347046],[144.07732455934604,-36.71080032682237],[144.06411502420065,-36.650926426679746],[144.05099946053633,-36.6034971981594],[144.03558055321855,-36.55381405235766]]}},{"type":"Feature","properties":{"average_dip":"(50,,)","catalog_id":"AUS_442868","catalog_name":"AUS_FSD","name":"Muckleford Fault","net_slip_rate":"(0.004,0.0,0.008)","reference":"Domain 4 fault database.doc","slip_type":"Reverse"},"geometry":{"type":"LineString","coordinates":[[144.11868938333328,-36.866058216666566],[144.12393098333337,-36.89363335833332],[144.1270757750001,-36.92030204166662],[144.12589515000002,-36.96141424166666],[144.12354520784731,-36.98260402975963],[144.12358632500002,-37.017981949999964],[144.12131679200024,-37.053035474999895],[144.11829142500017,-37.12235707499998],[144.11631205000003,-37.16229481666665],[144.11413685000002,-37.18008234199993],[144.10892790000014,-37.21973495],[144.10894793333352,-37.252444991666614],[144.10625230000005,-37.27951840000003],[144.1071071416667,-37.28707481666662],[144.10630442500008,-37.30585160833327],[144.11350062500003,-37.349498616666665],[144.11646066666674,-37.38280246666665],[144.1180981,-37.40702835833328],[144.1203647333333,-37.44172459166668],[144.12250975000018,-37.461237308333295],[144.12388100833334,-37.48992519999998],[144.12549536666666,-37.507677091666665],[144.1230006899424,-37.53295908439526],[144.12301615,-37.57643551666659],[144.116327125,-37.62454910833332],[144.0982206573508,-37.66931647604209],[144.08898920833337,-37.69207885833334],[144.08153103333348,-37.723800716666695],[144.07422804768896,-37.76496988208572],[144.06997168333328,-37.79403860833328],[144.06614801700005,-37.81826868299999]]}},{"type":"Feature","properties":{"average_dip":"(50,,)","catalog_id":"AUS_442855","catalog_name":"AUS_FSD","name":"Tatura Scarp","net_slip_rate":"(0.002,0.0,0.004)","reference":"Domain 4 fault database.doc","slip_type":"Reverse"},"geometry":{"type":"LineString","coordinates":[[145.16475540330464,-36.44229719132346],[145.1802016638528,-36.47734832137468],[145.19059818534095,-36.50022066882855],[145.19752885680737,-36.522695823130455],[145.20069766256154,-36.533192494402385]]}},{"type":"Feature","properties":{"average_dip":"(50,,)","catalog_id":"AUS_598621","catalog_name":"AUS_FSD","dip_dir":"SE","name":"Beechworth Fault","net_slip_rate":"(0.03,0.0,0.059)","reference":"Domain 4 fault database.doc","slip_type":"Reverse"},"geometry":{"type":"LineString","coordinates":[[146.5148436888477,-36.448982208098684],[146.57020406439506,-36.42188292389995],[146.57912506193452,-36.41150274579098],[146.6562901736745,-36.37907112857111],[146.68431923454375,-36.36733089946199],[146.72683536902719,-36.33706360320762],[146.77480675102856,-36.30182376293959],[146.80322930107025,-36.27788522435394],[146.81102470805718,-36.27045547361024],[146.82404735149441,-36.248348682127585],[146.85128378679917,-36.23493212934642],[146.86808061139936,-36.226793830654806],[146.90414300299233,-36.20507343198284],[146.91874811865318,-36.19319765615814],[146.92799915029047,-36.18820156975114]]}},{"type":"Feature","properties":{"average_dip":"(50,,)","catalog_id":"AUS_442963","catalog_name":"AUS_FSD","dip_dir":"E","name":"Dunns Fault","net_slip_rate":"(0.004,0.0,0.008)","reference":"Domain 4 fault database.doc","slip_type":"Reverse"},"geometry":{"type":"LineString","coordinates":[[146.697476727722,-36.477588148976224],[146.69680345528275,-36.44282552431966],[146.69634575742498,-36.419193517559215],[146.69132417433912,-36.38595464100674],[146.68431923454375,-36.36733089946199]]}},{"type":"Feature","properties":{"average_dip":"(50,,)","catalog_id":"AUS_530932","catalog_name":"AUS_FSD","dip_dir":"NW","name":"Love Creek Monocline","net_slip_rate":"(0.019,0.0,0.039)","reference":"Fault_slip_rates_ot.doc","slip_type":"Reverse"},"geometry":{"type":"LineString","coordinates":[[143.58647943611868,-38.430048636506],[143.5779133764978,-38.44489647318246],[143.5644932164248,-38.45717449197252],[143.54993091506924,-38.47059465204533],[143.53708182563776,-38.48401481211823],[143.52869352366827,-38.49038426183728],[143.51946785707207,-38.50205918446704],[143.50895292892324,-38.5117746503099],[143.4869560783054,-38.52154122276386],[143.4660516492404,-38.525807508376715],[143.44700623897847,-38.52494180840078],[143.4353192839078,-38.52602393382034],[143.4266622787526,-38.52797176011518]]}},{"type":"Feature","properties":{"average_dip":"(40,,)","catalog_id":"AUS_442953","catalog_name":"AUS_FSD","dip_dir":"W","name":"Danyo Fault","net_slip_rate":"(0.008,0.0,0.016)","reference":"Domain 4 fault database.doc","slip_type":"Reverse"},"geometry":{"type":"LineString","coordinates":[[141.79581628384983,-34.3501863141629],[141.73870921987623,-34.50342360327198],[141.715343008353,-34.621282157289215],[141.6422377022982,-34.75339818265332],[141.52265416021612,-34.81560888716791],[141.41795787566468,-34.90507662084673],[141.32895560858515,-34.99082164156225],[141.21851370675313,-35.05728272581055],[141.15668263178463,-35.110746476086945]]}},{"type":"Feature","properties":{"average_dip":"(50,,)","catalog_id":"AUS_600502","catalog_name":"AUS_FSD","name":"Danyo Fault Splay","net_slip_rate":"(0.002,0.0,0.004)","reference":"Domain 4 fault database.doc","slip_type":"Reverse"},"geometry":{"type":"LineString","coordinates":[[141.68500165612568,-34.713882033555535],[141.7054925871547,-34.77984124657149],[141.71210066333322,-34.89713460458398],[141.70714460574982,-34.95825931238191]]}},{"type":"Feature","properties":{"average_dip":"(40,,)","catalog_id":"AUS_442952","catalog_name":"AUS_FSD","dip_dir":"W","name":"Iona Ridge","net_slip_rate":"(0.008,0.0,0.016)","reference":"Domain 4 fault database.doc","slip_type":"Reverse"},"geometry":{"type":"LineString","coordinates":[[143.6115209813687,-33.51706495235396],[143.54706404443402,-33.65791529639272],[143.54467675093974,-33.71043576405776],[143.49352028388796,-33.80922454011822],[143.4491849913852,-33.86322257826571],[143.4236212240453,-33.91775861521482],[143.41337558177725,-33.939615985369635],[143.3751788786749,-33.980199982865486],[143.36801699639352,-34.054206095576],[143.3154965296278,-34.1735707945694],[143.29162358928954,-34.23802773240351],[143.24737768925593,-34.31484379706012]]}},{"type":"Feature","properties":{"average_dip":"(50,,)","catalog_id":"AUS_546513","catalog_name":"AUS_FSD","name":"Tyrrell Fault","net_slip_rate":"(0.004,0.0,0.008)","reference":"Domain 4 fault database.doc","slip_type":"Reverse"},"geometry":{"type":"LineString","coordinates":[[142.82368521776618,-34.20963603611381],[142.84462447431667,-34.323850164960675],[142.82939592434343,-34.48946065030469],[142.80309178830737,-34.62504464817687],[142.8001538138543,-34.713798562082026],[142.7702704975502,-34.7790700149789],[142.7592608551746,-34.876583994544944],[142.72931045850112,-34.92988315939257],[142.73051537246408,-35.010986159216706],[142.76004725833002,-35.134524196208815],[142.76555207951776,-35.237542996063446],[142.76005026991072,-35.32335494157638],[142.74999194141833,-35.37707940183913],[142.74291647319205,-35.419532212095646],[142.7845831204122,-35.57204786632252],[142.8065956890265,-35.66009814077944],[142.84576519146606,-35.75263699713515],[142.88508534383493,-35.79667556843606]]}},{"type":"Feature","properties":{"average_dip":"(40,,)","catalog_id":"AUS_442938","catalog_name":"AUS_FSD","dip_dir":"W","name":"Neckarboo Ridge","net_slip_rate":"(0.008,0.0,0.016)","reference":"Domain 4 fault database.doc","slip_type":"Reverse"},"geometry":{"type":"LineString","coordinates":[[143.4969308711626,-32.9488889874116],[143.30356005855936,-33.14225979821606],[143.15077324525078,-33.25923720281594],[143.06721795586532,-33.32846872943723],[143.00037372543636,-33.41441131141743],[142.96456431582828,-33.49796659990347],[142.8058079379607,-33.68628567889368],[142.6160193964222,-33.87038445964773],[142.51814034157485,-33.97781268757268],[142.47278175709062,-34.04226962630618],[142.41071211544852,-34.21176749767165],[142.36535352826627,-34.30248466843898]]}},{"type":"Feature","properties":{"average_dip":"(50,,)","catalog_id":"AUS_442938","catalog_name":"AUS_FSD","name":"Neckarboo Ridge Splay","net_slip_rate":"(0.002,0.0,0.004)","reference":"Domain 4 fault database.doc","slip_type":"Reverse"},"geometry":{"type":"LineString","coordinates":[[142.7616443283489,-33.731921409103116],[142.64227962935547,-33.86560987175989],[142.60885751414082,-33.944390573257465],[142.58975916169038,-34.068529859239334],[142.57782269242068,-34.19266914612053]]}},{"type":"Feature","properties":{"average_dip":"(40,,)","catalog_id":"AUS_597667","catalog_name":"AUS_FSD","name":"Hamley Fault","net_slip_rate":"(0.003,0.0,0.005)","reference":"Domain 4 fault database.doc","slip_type":"Reverse"},"geometry":{"type":"LineString","coordinates":[[141.3981050181119,-33.05237381774043],[141.1720562226161,-33.204064457320094],[140.91024309189106,-33.39476161323705],[140.6679619077927,-33.6462198501402],[140.50551103282487,-33.85369409233192],[140.3466609267714,-34.087648878826826],[140.25893806188742,-34.20938673235609],[140.16552419301775,-34.32231991676938],[140.0596582026294,-34.450307158495434]]}},{"type":"Feature","properties":{"average_dip":"(50,,)","catalog_id":"AUS_456798","catalog_name":"AUS_FSD","dip_dir":"E","name":"Nectar Brook Scarp","net_slip_rate":"(0.013,0.0,0.026)","slip_type":"Reverse"},"geometry":{"type":"LineString","coordinates":[[137.96293888912476,-32.77516378989479],[137.9550885551456,-32.74100795111142],[137.97138813814377,-32.69679572608419],[138.0026037336412,-32.63179190156917],[138.00797501540012,-32.616091233610845],[138.00701093858743,-32.602594168125606],[137.9946156747884,-32.57711501256261],[137.99062164536213,-32.551498134824236],[137.97684912923046,-32.534420215432476],[137.9837353872963,-32.50880333589538],[137.98098088442964,-32.486629585391164],[137.98896813928854,-32.4623897846174],[137.9974548542201,-32.43240339341815]]}},{"type":"Feature","properties":{"average_dip":"(50,,)","catalog_id":"AUS_442936","catalog_name":"AUS_FSD","dip_dir":"E","name":"Wilkatana/Depot Creek Fault","net_slip_rate":"(0.117,0.026,0.209)","reference":"Quigley et al (2006)","slip_type":"Reverse"},"geometry":{"type":"LineString","coordinates":[[137.9121713116108,-32.47845049884813],[137.90646093041232,-32.45494872530685],[137.89501603804024,-32.42553135493836],[137.88595184314636,-32.39157876432693],[137.89005850726107,-32.374204417602584],[137.90774875074078,-32.34015069773494],[137.92170864312948,-32.297023380849396],[137.931959911705,-32.27000658588314],[137.9323606585947,-32.25810525222562],[137.9339948832038,-32.226878299347035],[137.93364228241865,-32.19416987440377],[137.93821783055614,-32.18082897618893],[137.93713812970873,-32.1508132580983],[137.94968958236188,-32.12402730398986],[137.95780187176103,-32.0904736674251],[137.97396175692995,-32.060089604118495],[138.00275606890045,-32.017098099067084],[138.011469169267,-31.999932504770808],[138.03040785158782,-31.968896611957913]]}},{"type":"Feature","properties":{"average_dip":"(50,,)","catalog_id":"AUS_595168","catalog_name":"AUS_FSD","dip_dir":"W","name":"Wilmington Scarp","net_slip_rate":"(0.007,0.0,0.013)","slip_type":"Reverse"},"geometry":{"type":"LineString","coordinates":[[138.12973056290775,-32.60587918735257],[138.13123818995496,-32.62849358496675],[138.1351580190186,-32.654575522811044],[138.13772098338006,-32.67146093962435],[138.14435454004956,-32.695582964285734]]}},{"type":"Feature","properties":{"average_dip":"(40,,)","catalog_id":"AUS_442896","catalog_name":"AUS_FSD","dip_dir":"E","name":"Ediacara Scarp","net_slip_rate":"(0.008,0.0,0.016)","slip_type":"Reverse"},"geometry":{"type":"LineString","coordinates":[[138.262741636427,-31.20594924737122],[138.23633910736635,-31.159237083408016],[138.2150139886054,-31.07393660656482],[138.21196754332504,-31.046518597242937],[138.2150139886054,-31.033317333162355],[138.20689013392473,-31.010976732341362],[138.17236375108303,-30.97238842215925],[138.14553132630726,-30.907510175336817],[138.12694858845873,-30.82159942415325],[138.12666706738116,-30.75101337896813],[138.12768254944103,-30.7327347045881],[138.13580640412158,-30.70227024998582]]}},{"type":"Feature","properties":{"average_dip":"(40,,)","catalog_id":"AUS_442897","catalog_name":"AUS_FSD","dip_dir":"E","name":"Mount Deception Fault","net_slip_rate":"(0.008,0.0,0.016)","slip_type":"Reverse"},"geometry":{"type":"LineString","coordinates":[[138.21791497124548,-30.856258671739567],[138.22316379021356,-30.82392567461376],[138.2331587332509,-30.796669417811003],[138.242466779001,-30.773650997486964],[138.24627705465923,-30.747997591575768],[138.23764202443806,-30.701141931789607],[138.23193734421773,-30.657078263108758],[138.22993823498348,-30.615167254804824],[138.23603816363845,-30.5912138746076],[138.24619925102422,-30.567134203341084],[138.2485355796282,-30.537207185558305],[138.25061848229313,-30.51518792958552]]}},{"type":"Feature","properties":{"average_dip":"(40,,)","catalog_id":"AUS_457600","catalog_name":"AUS_FSD","dip_dir":"W","name":"Wetaloona Scarp","net_slip_rate":"(0.004,0.0,0.008)","slip_type":"Reverse"},"geometry":{"type":"LineString","coordinates":[[139.38518918978548,-30.517667346930466],[139.3763928670577,-30.553174777690938],[139.37431552490068,-30.562352011861556],[139.3738201162737,-30.579493955787193],[139.36687834837733,-30.622018723971614],[139.36001893187006,-30.651693198857906],[139.35473458776778,-30.670497865191457],[139.34852566864834,-30.69791763153119],[139.3432258207689,-30.725528090180376],[139.33935034305568,-30.74863099217488],[139.33182794963056,-30.766424488551884],[139.32803072416175,-30.77540645928923],[139.3266815252806,-30.792630459155305]]}},{"type":"Feature","properties":{"average_dip":"(40,,)","catalog_id":"AUS_457599","catalog_name":"AUS_FSD","dip_dir":"W","name":"Balcanoona Scarp","net_slip_rate":"(0.004,0.0,0.008)","slip_type":"Reverse"},"geometry":{"type":"LineString","coordinates":[[139.42254541439831,-30.461231947010152],[139.4223800794391,-30.498255331640475],[139.42662298004916,-30.543185651779932],[139.42953159703393,-30.575514399150276],[139.42842052963283,-30.601892705871236],[139.43199822422105,-30.635147816985008],[139.43573547832227,-30.658619041863904]]}},{"type":"Feature","properties":{"average_dip":"(40,,)","catalog_id":"AUS_457601","catalog_name":"AUS_FSD","dip_dir":"W","name":"Wertaloona West Scarp","net_slip_rate":"(0.004,0.0,0.008)","slip_type":"Reverse"},"geometry":{"type":"LineString","coordinates":[[139.30552360037734,-30.685578380763108],[139.31183535534296,-30.660564491250554],[139.3257267555516,-30.616526955968652],[139.33385658802547,-30.585559533038545],[139.339893596926,-30.56372480500977],[139.35255060709028,-30.522507913578867]]}},{"type":"Feature","properties":{"average_dip":"(50,,)","catalog_id":"AUS_457598","catalog_name":"AUS_FSD","dip_dir":"W","name":"Arkaroola creek Lineament","net_slip_rate":"(0.004,0.0,0.007)","slip_type":"Reverse"},"geometry":{"type":"LineString","coordinates":[[139.57246610998322,-30.308572344601256],[139.5676113232547,-30.31756489399997],[139.55744414866922,-30.322117284595272],[139.54825164580893,-30.33784528744684],[139.543130020342,-30.341390281786683],[139.53842424497861,-30.351746402132065],[139.52912530196033,-30.37466145389249],[139.5237762361537,-30.390165290835572],[139.5194500915984,-30.40249887373387],[139.5180319336033,-30.414147493404467],[139.51498692993596,-30.42380354011344],[139.512317264613,-30.43597616055627],[139.50825855594644,-30.44222757461102],[139.498324067446,-30.457416223464605],[139.49025029870722,-30.470111301443062],[139.48151349401064,-30.477266045805443],[139.4770320419368,-30.48274569586904],[139.4728113581781,-30.49394181716388],[139.46581815363584,-30.50777907458916],[139.4658621655567,-30.51501219756432]]}},{"type":"Feature","properties":{"average_dip":"(40,,)","catalog_id":"AUS_457597","catalog_name":"AUS_FSD","dip_dir":"W","name":"Wooltana Scarp","net_slip_rate":"(0.004,0.0,0.008)","slip_type":"Reverse"},"geometry":{"type":"LineString","coordinates":[[139.5367700500243,-30.266493250312006],[139.52228404838536,-30.28923507145403],[139.50634498291697,-30.311796117668308],[139.48872621219198,-30.334630641626465],[139.48152033695192,-30.343969700143983],[139.45613181416365,-30.369583880815803],[139.44623898166628,-30.38271345008887],[139.43426678045387,-30.39860271589987],[139.4214941334759,-30.417190712359066],[139.41460134988563,-30.427506463649774],[139.41012856507177,-30.43446816658564],[139.4005320185952,-30.447965183392515],[139.39191201078438,-30.45799298525223],[139.38311688293277,-30.46619058834586],[139.37150740985066,-30.477522304020447]]}},{"type":"Feature","properties":{"average_dip":"(40,,)","catalog_id":"AUS_457596","catalog_name":"AUS_FSD","dip_dir":"W","name":"Poontana Scarp","net_slip_rate":"(0.004,0.0,0.008)","slip_type":"Reverse"},"geometry":{"type":"LineString","coordinates":[[139.59279857867205,-30.1413343004228],[139.58731066743633,-30.18945931907905],[139.58848687516968,-30.216046884532776],[139.58909590106646,-30.24797470023691],[139.58858160012005,-30.283942985403478],[139.58082208957205,-30.311836690213397],[139.59172646630407,-30.342120862224927],[139.598865573255,-30.3717080353822],[139.602245202958,-30.39994301401645],[139.60879254162467,-30.418374898696136],[139.61394509781235,-30.456661640684693],[139.61554271697878,-30.47615545594436]]}},{"type":"Feature","properties":{"average_dip":"(40,,)","catalog_id":"AUS_457595","catalog_name":"AUS_FSD","dip_dir":"W","name":"Beverley Camp Lineament","net_slip_rate":"(0.004,0.0,0.008)","slip_type":"Reverse"},"geometry":{"type":"LineString","coordinates":[[139.54782729081694,-30.20154809213187],[139.5547221859715,-30.14812915319613]]}},{"type":"Feature","properties":{"average_dip":"(40,,)","catalog_id":"AUS_557961","catalog_name":"AUS_FSD","dip_dir":"W","name":"Buxton Creek Scarp","net_slip_rate":"(0.004,0.0,0.008)","slip_type":"Reverse"},"geometry":{"type":"LineString","coordinates":[[139.44486770682136,-30.19805744292286],[139.4404905131505,-30.211553789849802],[139.43848429927232,-30.225232519284248],[139.42814326027667,-30.243580071121645],[139.42206982413074,-30.265356792352023],[139.4156864165817,-30.28286556613607],[139.40783332868614,-30.29176573234888],[139.40200768714737,-30.298368126041918]]}},{"type":"Feature","properties":{"average_dip":"(50,,)","catalog_id":"AUS_442937","catalog_name":"AUS_FSD","dip_dir":"W","name":"Paralana Scarp","net_slip_rate":"(0.019,0.0,0.039)","slip_type":"Reverse"},"geometry":{"type":"LineString","coordinates":[[139.73303294018092,-29.974091046471756],[139.71412724102925,-29.98972174226235],[139.69637394554832,-30.00181327125518],[139.6881667075279,-30.00418425104777],[139.68196568338567,-30.00965574246186],[139.67795325652867,-30.01749821456786],[139.66153878048783,-30.036101286095136],[139.64601644253173,-30.048477111151776],[139.63126319340427,-30.059081552192527],[139.6241502540263,-30.072577898220114],[139.61266012097758,-30.086256627654507],[139.59843424222186,-30.093369567032493],[139.58822079122262,-30.097017227975183],[139.5707120174386,-30.10048250641034],[139.5646933767033,-30.104859700081132],[139.55922188438979,-30.10613638123125],[139.53897736489876,-30.12090940930818],[139.52839914798506,-30.120727025901306],[139.5112551401155,-30.127839965279172],[139.49082823721744,-30.138418183092266],[139.48353291533203,-30.14024201356364],[139.47824380642555,-30.145895888384526],[139.4696718024909,-30.161398448290313],[139.45445345594646,-30.17597426597463],[139.4355661701585,-30.187661608516684],[139.41076207448896,-30.211736172357405],[139.40259180665555,-30.216714929082407],[139.39179423614792,-30.225779668605593]]}},{"type":"Feature","properties":{"average_dip":"(40,,)","catalog_id":"AUS_457594","catalog_name":"AUS_FSD","dip_dir":"W","name":"Paralana Creek lineament","net_slip_rate":"(0.004,0.0,0.008)","slip_type":"Reverse"},"geometry":{"type":"LineString","coordinates":[[139.48159158394094,-30.15558881269267],[139.47750853962032,-30.172175170756983],[139.47709957742393,-30.189187908187254],[139.47741843384824,-30.216317137111556]]}},{"type":"Feature","properties":{"average_dip":"(40,,)","catalog_id":"AUS_442970","catalog_name":"AUS_FSD","dip_dir":"W","name":"Babbage Thrust","net_slip_rate":"(0.004,0.0,0.008)","slip_type":"Reverse"},"geometry":{"type":"LineString","coordinates":[[139.6337834955284,-29.90600182050054],[139.63898030181792,-29.893260355696953],[139.6435391441496,-29.883380777101756],[139.64505753698086,-29.875520766417537],[139.6525845835763,-29.868788698012974],[139.66622761766416,-29.86294400785212],[139.67032836172598,-29.861737906657478],[139.67672069805758,-29.85787838283466]]}},{"type":"Feature","properties":{"average_dip":"(40,,)","catalog_id":"AUS_457602","catalog_name":"AUS_FSD","dip_dir":"W","name":"Moro Creek lineament","net_slip_rate":"(0.004,0.0,0.008)","slip_type":"Reverse"},"geometry":{"type":"LineString","coordinates":[[139.40793320128773,-30.75201004271463],[139.40407603428525,-30.75896574462887],[139.39944301857065,-30.775069616424492],[139.39684725208804,-30.787422824125382],[139.39406746472275,-30.79746202044554],[139.38823716301397,-30.811023401392518]]}},{"type":"Feature","properties":{"average_dip":"(70,,)","catalog_id":"AUS_457603","catalog_name":"AUS_FSD","dip_dir":"S","name":"Italowie Creek Scarp","net_slip_rate":"(0.003,0.0,0.005)","slip_type":"Strike-Slip"},"geometry":{"type":"LineString","coordinates":[[139.29740594921998,-30.617065612992025],[139.27027471300892,-30.59248579384751],[139.24784519824607,-30.57012838182153],[139.23167223550445,-30.55589647724882],[139.21518588684887,-30.54292015842702],[139.20303663618847,-30.53783306332872],[139.18232310766848,-30.523164124582067],[139.17039306931008,-30.503857702048265],[139.16286681156043,-30.488451380632053],[139.1516795485876,-30.4792102055643]]}},{"type":"Feature","properties":{"average_dip":"(40,,)","catalog_id":"AUS_457601","catalog_name":"AUS_FSD","dip_dir":"W","name":"Wertaloona West Scarps 2","net_slip_rate":"(0.004,0.0,0.008)","slip_type":"Reverse"},"geometry":{"type":"LineString","coordinates":[[139.30674013307146,-30.615764576402686],[139.30865140192554,-30.606412361144734],[139.3095082327876,-30.59734887502303],[139.3109622728325,-30.581960237634586],[139.3220805560071,-30.545122786934424]]}},{"type":"Feature","properties":{"average_dip":"(45,,)","catalog_id":"AUS_457843","catalog_name":"AUS_FSD","name":"Cowell Scarp","net_slip_rate":"(0.002,0.0,0.004)","reference":"Domain 1 faults.doc","slip_type":"Reverse"},"geometry":{"type":"LineString","coordinates":[[136.98984553221703,-33.47830919470537],[136.94638010914218,-33.518763887344164],[136.89563179253616,-33.569630932423124],[136.85792558003573,-33.5998357010799],[136.85031124974068,-33.640128201326334],[136.8350825873522,-33.673440899626925],[136.81509496909143,-33.70833991565218],[136.79130018523335,-33.7426044042278],[136.74878683801364,-33.782579641648866],[136.7069080182439,-33.800980941285616],[136.6856513441844,-33.80764348040611]]}},{"type":"Feature","properties":{"average_dip":"(45,,)","catalog_id":"AUS_457593","catalog_name":"AUS_FSD","name":"Moonabie Scarp","net_slip_rate":"(0.002,0.0,0.004)","reference":"Domain 1 faults.doc","slip_type":"Reverse"},"geometry":{"type":"LineString","coordinates":[[137.2302740975549,-33.27210240464336],[137.23328955759405,-33.317334297136824],[137.236681949576,-33.34861968886031],[137.235928084791,-33.37802041907099],[137.23253569280905,-33.4006363644184],[137.2200969234077,-33.417975257170426],[137.20739876801724,-33.42004387116156],[137.19030742707548,-33.444336748368194],[137.17338259166036,-33.47352802644867],[137.16061549698168,-33.495306553285275],[137.14558738101698,-33.51994188892159]]}},{"type":"Feature","properties":{"average_dip":"(45,,)","catalog_id":"AUS_457842","catalog_name":"AUS_FSD","name":"Charleston Scarp","net_slip_rate":"(0.002,0.0,0.004)","reference":"Domain 1 faults.doc","slip_type":"Reverse"},"geometry":{"type":"LineString","coordinates":[[137.1625758178668,-33.4701108671676],[137.13430572160655,-33.474068679996435],[137.1210187764184,-33.471807073051096],[137.11366855182234,-33.47265517599283],[137.09953350369233,-33.47887459666656],[137.09133517615442,-33.47943999862765],[137.0646659185743,-33.47590874452521],[137.05684565922058,-33.47548218489937],[137.0469511257994,-33.47180707305109],[137.03568815492667,-33.47384820442078],[137.02207344130636,-33.473503278934565],[137.01217890788496,-33.4777437927441],[136.98984553221703,-33.47830919470537]]}},{"type":"Feature","properties":{"average_dip":"(45,,)","catalog_id":"AUS_457592","catalog_name":"AUS_FSD","name":"Murninnie Scarp","net_slip_rate":"(0.002,0.0,0.004)","reference":"Domain 1 faults.doc","slip_type":"Reverse"},"geometry":{"type":"LineString","coordinates":[[137.28440034157552,-33.24892816557616],[137.28679067118094,-33.26470253567273],[137.2906149823525,-33.27952087339226],[137.29157121887567,-33.29147116883889],[137.29491752240233,-33.30581149441685],[137.29539576387106,-33.317283784017086],[137.2934839536249,-33.32732205607834],[137.29061608761924,-33.334014279121064],[137.292528167662,-33.33783835377096],[137.29061623690677,-33.34118446034608],[137.28440241181477,-33.35122281334635]]}},{"type":"Feature","properties":{"average_dip":"(45,,)","catalog_id":"AUS_457589","catalog_name":"AUS_FSD","name":"Nonowie Scarp","net_slip_rate":"(0.002,0.0,0.004)","reference":"Domain 1 faults.doc","slip_type":"Reverse"},"geometry":{"type":"LineString","coordinates":[[137.325976339833,-33.00898982157576],[137.33888067565852,-33.0212435185976],[137.34712210140606,-33.03989516340699],[137.350917493079,-33.07470433806081],[137.35213592604066,-33.088244470279434],[137.35341160804387,-33.10723627735115],[137.3507006125784,-33.123719126147876],[137.34767565839672,-33.134959909573375],[137.35286940859123,-33.15299787141913],[137.35330316869306,-33.17132419727626],[137.35579728365792,-33.181734417237685],[137.35319472844265,-33.19008428143667],[137.34527862344612,-33.19843414563572],[137.3330249264244,-33.20569961272765]]}},{"type":"Feature","properties":{"average_dip":"(45,,)","catalog_id":"AUS_457591","catalog_name":"AUS_FSD","name":"Poynton Scarp","net_slip_rate":"(0.002,0.0,0.004)","reference":"Domain 1 faults.doc","slip_type":"Reverse"},"geometry":{"type":"LineString","coordinates":[[137.31510288628908,-33.21981147543654],[137.31605947984315,-33.22984972501466],[137.31032393668931,-33.23797619312502],[137.310802671886,-33.25040453308897],[137.31749560629237,-33.26522266666229],[137.32227683567328,-33.28529904441017]]}},{"type":"Feature","properties":{"average_dip":"(45,,)","catalog_id":"AUS_457590","catalog_name":"AUS_FSD","name":"Randell Scarp","net_slip_rate":"(0.002,0.0,0.004)","reference":"Domain 1 faults.doc","slip_type":"Reverse"},"geometry":{"type":"LineString","coordinates":[[137.38870593815432,-32.9996371971264],[137.40347753810806,-33.0247795682805],[137.40634524943027,-33.03943862437738],[137.4068250593167,-33.05951521256666],[137.4101723871711,-33.07337741628561],[137.40300616296292,-33.117833222646084],[137.40373184479415,-33.140221475843475],[137.39590800933854,-33.163027125978445],[137.39058268023723,-33.17232766619246],[137.38159205358897,-33.18167116072474],[137.3805465431666,-33.1962290341001],[137.37003097302534,-33.20435594737489],[137.36429571135955,-33.214394615137785],[137.3652526376627,-33.2244328629173],[137.36429717185854,-33.23064711968378],[137.3533294513793,-33.24147572044103],[137.3456297007799,-33.249804348948935],[137.34178441741858,-33.26062239076617],[137.33742202389044,-33.28378203023965]]}},{"type":"Feature","properties":{"average_dip":"(45,,)","catalog_id":"AUS_442856","catalog_name":"AUS_FSD","name":"Ash Reef Scarp","net_slip_rate":"(0.002,0.0,0.004)","reference":"Domain 1 faults.doc","slip_type":"Reverse"},"geometry":{"type":"LineString","coordinates":[[137.3160507141513,-33.08214349841098],[137.29310559625674,-33.065891998407594],[137.2735058591843,-33.0386460392825],[137.26203284742837,-33.022872072082194],[137.2449918445186,-33.004505521416036],[137.23621914137266,-32.996582401640936],[137.2280720234951,-32.97240405532199],[137.22522314980608,-32.96407793034335],[137.22106752428192,-32.935033768144365],[137.21135798012313,-32.91197501339997],[137.20896768019543,-32.90719497741935]]}},{"type":"Feature","properties":{"average_dip":"(25,,)","catalog_id":"AUS_442850","catalog_name":"AUS_FSD","dip_dir":"W","name":"Roopena Scarp","net_slip_rate":"(0.025,0.007,0.043)","reference":"Crone et al (2003)","slip_type":"Reverse"},"geometry":{"type":"LineString","coordinates":[[137.36374934984428,-32.778416456011705],[137.3699666346281,-32.80375075867471],[137.37570510687362,-32.82239288056307],[137.3800094572589,-32.840557101825915],[137.38196347750443,-32.86533526550164],[137.38470460170208,-32.88341479816728],[137.38928194168398,-32.90037912818489],[137.39292446174147,-32.91130231782411],[137.3960028224186,-32.9356980726817],[137.39910063636887,-32.957364090976974],[137.4010579634495,-32.971053563032456],[137.40727452967508,-32.99017366288831]]}},{"type":"Feature","properties":{"average_dip":"(45,,)","catalog_id":"AUS_457849","catalog_name":"AUS_FSD","name":"Balgowan Scarp","net_slip_rate":"(0.002,0.0,0.004)","reference":"Domain 1 faults.doc","slip_type":"Reverse"},"geometry":{"type":"LineString","coordinates":[[137.47743341109253,-34.17638665727873],[137.49027541703697,-34.19781983026161],[137.5024916219072,-34.226867405768246],[137.5113365469051,-34.255898626861104],[137.51730891639852,-34.279456308398125],[137.5294421924018,-34.30827283811925],[137.53298106505656,-34.3239449858781],[137.53384218359497,-34.3443247989449],[137.53449772399495,-34.35983926090887]]}},{"type":"Feature","properties":{"average_dip":"(45,,)","catalog_id":"AUS_457850","catalog_name":"AUS_FSD","name":"Wallaroo Scarp","net_slip_rate":"(0.002,0.0,0.004)","reference":"Domain 1 faults.doc","slip_type":"Reverse"},"geometry":{"type":"LineString","coordinates":[[137.98866856342931,-33.938140644882594],[137.9706365209213,-33.931805062379816],[137.93839227553394,-33.92823238989041],[137.90720384127508,-33.92646985006139],[137.8538668906815,-33.916111372162206],[137.8066002933782,-33.90977721127431],[137.74644433461845,-33.90913907026629],[137.69987666058228,-33.913536721621654],[137.63936216057357,-33.92444653935246],[137.62071741587079,-33.92741888987777]]}},{"type":"Feature","properties":{"average_dip":"(30,,)","catalog_id":"AUS_442865","catalog_name":"AUS_FSD","dip_dir":"E","name":"Mundi Mundi Scarp","net_slip_rate":"(0.02,0.0,0.04)","slip_type":"Reverse"},"geometry":{"type":"LineString","coordinates":[[141.10008772361266,-32.340129024074024],[141.12068124905102,-32.2372494460119],[141.12396066305166,-32.156307388145784],[141.13589713322074,-32.11811068504351],[141.10724960589403,-32.03455539565815],[141.14544630899638,-31.965323870835498],[141.18841760088583,-31.893705051619392],[141.19557948226782,-31.802987880852022],[141.23855077415715,-31.72420717935456],[141.27436018376522,-31.683623181858596],[141.3101695933733,-31.616778951429602],[141.3459790029815,-31.595293304585553],[141.36269006013913,-31.50218884032397],[141.37284857580153,-31.41124424154656],[141.40197642780413,-31.34849541208639],[141.408048646422,-31.21967638288526],[141.41043593991628,-31.070088632431943],[141.40601726487512,-30.974226417843724],[141.3984994697472,-30.931625580988015]]}},{"type":"Feature","properties":{"average_dip":"(30,,)","catalog_id":"AUS_546184","catalog_name":"AUS_FSD","dip_dir":"E","name":"Kantappa Scarp","net_slip_rate":"(0.01,0.0,0.02)","slip_type":"Reverse"},"geometry":{"type":"LineString","coordinates":[[141.33857296825897,-31.51482867205082],[141.29477156526434,-31.485362274244874],[141.2860112846655,-31.447931984167777],[141.22707848815423,-31.373071404913006],[141.18088791747812,-31.304581938575716],[141.1737204153335,-31.2655588709437],[141.2119470946376,-31.181938011089912],[141.21831820755517,-31.11981965767018],[141.22070737523666,-31.026642128889645],[141.20557598082075,-30.938242933673173],[141.20796514850213,-30.906387368185953],[141.20876153772917,-30.8514365169109],[141.24380266012486,-30.78374343980084]]}},{"type":"Feature","properties":{"average_dip":"(40,,)","catalog_id":"AUS_456501","catalog_name":"AUS_FSD","dip_dir":"NW","name":"Olary Scarp 3","net_slip_rate":"(0.004,0.0,0.008)","slip_type":"Reverse"},"geometry":{"type":"LineString","coordinates":[[140.80224020762273,-32.75250273455441],[140.75945433429717,-32.77976766264248],[140.70929130538786,-32.82204843213202],[140.6858174580858,-32.83578922108177],[140.60280018990306,-32.86498839793723],[140.55127223111674,-32.87758412241522],[140.52837091560093,-32.88617211359761],[140.47684295681472,-32.91880648926435]]}},{"type":"Feature","properties":{"average_dip":"(40,,)","catalog_id":"AUS_456510","catalog_name":"AUS_FSD","dip_dir":"NW","name":"Pine Creek Scarp 2","net_slip_rate":"(0.004,0.0,0.008)","slip_type":"Reverse"},"geometry":{"type":"LineString","coordinates":[[141.6294620996572,-32.44263371929604],[141.54884753305305,-32.49803039507792],[141.49530440044305,-32.54180254762355],[141.43457080060102,-32.606219844241934]]}},{"type":"Feature","properties":{"average_dip":"(40,,)","catalog_id":"AUS_456502","catalog_name":"AUS_FSD","dip_dir":"NW","name":"Pine Creek Scarp 1","net_slip_rate":"(0.004,0.0,0.008)","slip_type":"Reverse"},"geometry":{"type":"LineString","coordinates":[[141.63152913918077,-32.30042135564116],[141.56869111859555,-32.34176215870503],[141.51246762592518,-32.36367278467062],[141.44962960533996,-32.3884772670485],[141.34606433004797,-32.4448982323618],[141.27606991455275,-32.49627396339667],[141.2254209684063,-32.53702599111991],[141.16836812905444,-32.57312064319265],[141.10563023628606,-32.606338496293915]]}},{"type":"Feature","properties":{"average_dip":"(40,,)","catalog_id":"AUS_456500","catalog_name":"AUS_FSD","dip_dir":"NW","name":"Olary Creek Scarp 2","net_slip_rate":"(0.004,0.0,0.008)","slip_type":"Reverse"},"geometry":{"type":"LineString","coordinates":[[141.24260568318834,-32.37919425012416],[141.153290553666,-32.4610664520364],[141.09775486428225,-32.51030427918126],[141.03452957407114,-32.553191065074124],[140.940394421478,-32.59566209334787],[140.84034860539555,-32.638729332857174],[140.77927717363434,-32.67169757631819],[140.74533444567624,-32.689144254567395],[140.70516544344594,-32.70379412604819]]}},{"type":"Feature","properties":{"average_dip":"(40,,)","catalog_id":"AUS_456499","catalog_name":"AUS_FSD","dip_dir":"NW","name":"Olary Creek Scarp 1","net_slip_rate":"(0.004,0.0,0.008)","slip_type":"Reverse"},"geometry":{"type":"LineString","coordinates":[[141.01874532669694,-32.41698141996079],[140.95158968623025,-32.4777313568868],[140.94870655063585,-32.498874352145094],[140.89507822525002,-32.54007598962153],[140.78744204259567,-32.612787664967684],[140.71616170031223,-32.646280838313764],[140.65890841197245,-32.68750320606227],[140.6176060237691,-32.72620260184311],[140.58804885233997,-32.75261118798415],[140.53695890858205,-32.789414058263965],[140.4869620580415,-32.818019443787705],[140.44249098399052,-32.847812411974864]]}},{"type":"Feature","properties":{"average_dip":"(40,,)","catalog_id":"AUS_442862","catalog_name":"AUS_FSD","dip_dir":"SE","name":"Kinchega Scarp","net_slip_rate":"(0.004,0.0,0.008)","slip_type":"Reverse"},"geometry":{"type":"LineString","coordinates":[[141.9813378335665,-32.2384338967442],[142.02849925294993,-32.215347887463274],[142.0753785163422,-32.17184279848669],[142.079288473548,-32.13949385594095],[142.0967283349828,-32.111236862802734],[142.11160888690097,-32.08408743330696],[142.13106709496765,-32.06528882578817],[142.1452485004503,-32.04912861956125],[142.1501955027603,-32.03494721317918]]}},{"type":"Feature","properties":{"average_dip":"(40,,)","catalog_id":"AUS_442862","catalog_name":"AUS_FSD","dip_dir":"NW","name":"Kinchega Scarp 2","net_slip_rate":"(0.004,0.0,0.008)","slip_type":"Reverse"},"geometry":{"type":"LineString","coordinates":[[142.24617706276968,-32.069225929928734],[142.20692112559072,-32.13091905241667],[142.19245816486352,-32.150492979846035],[142.16800470945736,-32.17181426929398],[142.15802297417497,-32.19801354348209],[142.15457945483615,-32.222806880562075],[142.11463463338544,-32.26757262836742],[142.0967283349828,-32.29305466985471],[142.07744462776543,-32.31164967266471],[142.05540610561695,-32.32611245262814],[142.04438684499223,-32.34195264050677],[142.01477258065813,-32.3591702363007]]}},{"type":"Feature","properties":{"average_dip":"(30,,)","catalog_id":"AUS_601310","catalog_name":"AUS_FSD","name":"Petermann Ranges scarp","net_slip_rate":"(0.004,0.0,0.008)","reference":"Nullarbor Fault database.doc","slip_type":"Reverse"},"geometry":{"type":"LineString","coordinates":[[129.9208387597705,-25.674352672411395],[129.90566969585836,-25.664537395762668],[129.8893109014433,-25.657101580119498],[129.87354697227966,-25.649070899225055],[129.86968034814515,-25.64579914034202],[129.86283939775342,-25.643122246710597],[129.85599844736169,-25.637173594196163],[129.84856263171844,-25.635091565815994],[129.8411268160752,-25.629142913301553],[129.82922951104604,-25.620814799781343],[129.80721949674216,-25.611891821009657],[129.78788637606976,-25.60683546637245],[129.77123014902895,-25.60207654436089],[129.75963027662556,-25.600589381232155],[129.75189702835655,-25.60029194860655]]}},{"type":"Feature","properties":{"average_dip":"(40,,)","catalog_id":"AUS_442876","catalog_name":"AUS_FSD","dip_dir":"SE","name":"Tawonga Fault","net_slip_rate":"(0.031,0.0,0.062)","reference":"Domain 4 fault database.doc","slip_type":"Reverse"},"geometry":{"type":"LineString","coordinates":[[146.98483977849082,-37.04563232970614],[147.0091102807503,-36.965682439910914],[147.04765754904474,-36.910003052375025],[147.0804941109252,-36.84290225201119],[147.11190299620216,-36.79436124749267],[147.1490225878931,-36.76009700900914],[147.20612965203304,-36.715839034301034],[147.2603813629661,-36.70298994486973],[147.28465186522544,-36.6972792384558],[147.3160607505024,-36.700134591662696]]}},{"type":"Feature","properties":{"average_dip":"(40,,)","catalog_id":"AUS_602338","catalog_name":"AUS_FSD","dip_dir":"W","name":"Livingstone Creek Fault","net_slip_rate":"(0.031,0.0,0.062)","reference":"Domain 4 fault database.doc","slip_type":"Reverse"},"geometry":{"type":"LineString","coordinates":[[147.61845384782737,-36.814538182303444],[147.62092848797386,-36.85432276974963],[147.62835240571485,-36.873929528728304],[147.63101740265722,-36.88221005340023],[147.6297800821344,-36.89639164054594],[147.62254652118918,-36.91038287089584],[147.6084601119917,-36.93189319873357],[147.59737182390484,-36.96539601011389],[147.59099486809203,-36.9973759653276],[147.59032861885635,-37.01726825994996],[147.59413575657447,-37.04191947537107],[147.5956586118416,-37.06247801922905],[147.59613450428117,-37.066761048487436],[147.5885202288449,-37.07656442842647],[147.58747326601735,-37.08722441349773],[147.58842504999734,-37.09540975932196],[147.57862167095755,-37.104451711177795],[147.5751000688831,-37.107687777608696],[147.56758097139493,-37.13547988241167],[147.5577300029314,-37.158037173077055],[147.55287590238572,-37.169744120975736],[147.5351727131656,-37.180118571302756],[147.51223470890818,-37.19686997654322],[147.48648894033636,-37.222853690435436],[147.46283709831903,-37.2499795460028],[147.44722783385453,-37.27168023063669],[147.4315233914416,-37.28747985189718],[147.4057300343453,-37.31441534976932]]}},{"type":"Feature","properties":{"average_dip":"(40,,)","catalog_id":"AUS_602340","catalog_name":"AUS_FSD","dip_dir":"W","name":"Saltpetre Gap Fault","net_slip_rate":"(0.031,0.0,0.062)","reference":"Domain 4 fault database.doc","slip_type":"Reverse"},"geometry":{"type":"LineString","coordinates":[[147.99812252021138,-36.30116216239961],[147.98194218535878,-36.338281753802676],[147.96147882034847,-36.36588350180964],[147.95100919207312,-36.38587097348113],[147.94299403417597,-36.41428634988377],[147.93231293898953,-36.43468457491364],[147.917696737489,-36.45439945060932],[147.89697636365895,-36.487696638498036],[147.88133857326977,-36.51093544419519],[147.87067858819842,-36.52901934790679],[147.8621125287823,-36.556240382321874],[147.86038153082734,-36.567817030149826],[147.84301146577513,-36.588756287599594],[147.83385054080952,-36.61588214316704],[147.81559836681652,-36.64069008775138],[147.79220997302878,-36.66109190154671],[147.76936714761928,-36.68441061939604],[147.7515211901274,-36.70511986174702],[147.71944669115908,-36.738443474669396],[147.68543166545885,-36.770493317679545],[147.67161642296128,-36.78531957763343],[147.65253561215332,-36.80981614629857],[147.62778921788458,-36.83342039979144]]}},{"type":"Feature","properties":{"average_dip":"(70,,)","catalog_id":"AUS_442946","catalog_name":"AUS_FSD","dip_dir":"W","name":"Morass Creek Fault","net_slip_rate":"(0.003,0.0,0.005)","reference":"Domain 4 fault database.doc","slip_type":"Strike-Slip"},"geometry":{"type":"LineString","coordinates":[[147.70268633749276,-36.797787655700596],[147.7048278525716,-36.81468182921255],[147.70298186010746,-36.82866395932282],[147.70057526086725,-36.88759038773474],[147.69983098465377,-36.894155826156464],[147.7091108827293,-36.93674817881629],[147.71291802044755,-36.955783866507765],[147.7303453338276,-36.978271177208754],[147.75073083984773,-37.00692681564081],[147.75891637902612,-37.02102413361449],[147.76710191820473,-37.03694045989482]]}},{"type":"Feature","properties":{"average_dip":"(40,,)","catalog_id":"AUS_442878","catalog_name":"AUS_FSD","dip_dir":"W","name":"Buenba Fault","net_slip_rate":"(0.008,0.0,0.016)","reference":"Domain 4 fault database.doc","slip_type":"Reverse"},"geometry":{"type":"LineString","coordinates":[[148.20369002900725,-36.27596248464714],[148.19655164601056,-36.2958071889464],[148.18370255643674,-36.309370117179704],[148.17463806716694,-36.328880052546694],[148.16557106330117,-36.357625586093654],[148.15928928633593,-36.377755826036456],[148.1552917918218,-36.39745776296349],[148.15374162929265,-36.41739252518434],[148.1482865484187,-36.436960822308095],[148.13973011678104,-36.4554214338682],[148.13420976789916,-36.47477121067765],[148.12606811523438,-36.49728012084961],[148.12118221866035,-36.507466492029515],[148.10809518286658,-36.517222281645374],[148.1000050158899,-36.52694832888321],[148.0704996990239,-36.54265277129602],[148.04611022408483,-36.558833106148526],[148.02862118502344,-36.57429960234169],[148.00744398225322,-36.597499347081076],[147.99673640775802,-36.62141293047988],[147.98483910306322,-36.62759952949669],[147.96116346588428,-36.64508856765875],[147.9426036697331,-36.65532024971423],[147.92392490137127,-36.665551932669],[147.91726240991488,-36.68934654205859],[147.91071889246757,-36.70814428442953],[147.86885366595027,-36.69792292479229],[147.85950638167492,-36.73877960212343],[147.84466025760264,-36.769773890500566],[147.82788505809992,-36.80903499698257],[147.81451512077695,-36.827196532869586],[147.7934086319499,-36.85206675994782],[147.78185501574671,-36.86852999437418],[147.7746591487453,-36.879247242370646]]}},{"type":"Feature","properties":{"average_dip":"(40,,)","catalog_id":"AUS_442864","catalog_name":"AUS_FSD","dip_dir":"E","name":"Khancoban_Yellow Bog Fault","net_slip_rate":"(0.046,0.0,0.093)","reference":"Domain 4 fault database.doc","slip_type":"Reverse"},"geometry":{"type":"LineString","coordinates":[[148.08774180673913,-36.39071193493199],[148.1086810641891,-36.350736990689896],[148.12887244210606,-36.31025967566222],[148.139669275541,-36.27675282266147],[148.14410265286324,-36.25373684326176],[148.1491471102048,-36.22914511349638],[148.14385280951217,-36.216950376026794],[148.13850159252706,-36.193533909966916],[148.13964373330282,-36.19001230789235],[148.15446744357212,-36.17423077289701],[148.15855650345816,-36.16265958035666],[148.16061248609833,-36.13850065281633],[148.16474310247486,-36.09841413338605],[148.17082656993944,-36.07610750895134],[148.1878518610058,-36.05480824210131],[148.20825965278675,-36.04291347769121],[148.22907387959071,-36.02280891614925],[148.24563682403277,-36.00396701011312],[148.25269192621226,-35.98943246964783],[148.2634278937221,-35.97161316667509],[148.28410081103823,-35.95612001506357],[148.2995673081307,-35.9461262792279],[148.32407575617947,-35.914479447282794],[148.33299873492558,-35.89603862514088],[148.34489603962027,-35.877002936550106]]}},{"type":"Feature","properties":{"average_dip":"(40,,)","catalog_id":"AUS_442879","catalog_name":"AUS_FSD","dip_dir":"W","name":"Tom Groggin Fault","net_slip_rate":"(0.031,0.0,0.062)","reference":"Domain 4 fault database.doc","slip_type":"Reverse"},"geometry":{"type":"LineString","coordinates":[[147.99594808365077,-36.825471956973374],[147.99842272289789,-36.79444378573949],[148.00195068861547,-36.755232787475414],[148.00218154004335,-36.74273945551406],[148.01372240952264,-36.71773766807042],[148.0461422454864,-36.66909319691953],[148.07028537553128,-36.62696359028465],[148.08784213600404,-36.6080619625562],[148.1269414391644,-36.58177733191565],[148.13372575817903,-36.570017845623916],[148.1347810972918,-36.54649887214117],[148.14369202332398,-36.53332441954822],[148.1477466850414,-36.499913213109814],[148.16267218687324,-36.45408136760207],[148.17681197695765,-36.41924409013316],[148.19026175176475,-36.39573622227911],[148.21315551043153,-36.377307994871934],[148.24829192663424,-36.344063738845364],[148.27483852708315,-36.313896379845765],[148.3081241450218,-36.263578576350476],[148.33276279239522,-36.22806501514869],[148.34681418561036,-36.19600716075496],[148.36131632438207,-36.15251712813355],[148.37321362997602,-36.12753278764506],[148.38273147337213,-36.10016898585787],[148.3892749917187,-36.081728163715866]]}},{"type":"Feature","properties":{"average_dip":"(40,,)","catalog_id":"AUS_602342","catalog_name":"AUS_FSD","dip_dir":"E","name":"Tumut Pond Fault","net_slip_rate":"(0.031,0.0,0.062)","reference":"Domain 4 fault database.doc","slip_type":"Reverse"},"geometry":{"type":"LineString","coordinates":[[148.20045870380216,-36.38284877751985],[148.2212789881421,-36.33615185616585],[148.2450735975316,-36.28886006836284],[148.26083752739885,-36.26566032362353],[148.27422199506793,-36.228481244766186],[148.28522700233793,-36.19992771277931],[148.29236538533462,-36.190409869383174],[148.2956371440581,-36.15650255014878],[148.3003960666556,-36.137764294332726],[148.30247809428022,-36.11634914534254],[148.32805730031816,-36.08006236480947],[148.34803692090827,-36.03933669981231],[148.36697743065133,-36.018587800057624],[148.3845854419235,-35.98251517148207],[148.39543578379073,-35.94415825955625],[148.3987670290693,-35.92912006637888],[148.39429364301486,-35.90465920685446],[148.38382401384024,-35.87753335128706]]}},{"type":"Feature","properties":{"average_dip":"(20,,)","catalog_id":"AUS_442890","catalog_name":"AUS_FSD","dip_dir":"E","name":"Jindabyne Thrust","net_slip_rate":"(0.059,0.0,0.117)","reference":"Domain 4 fault database.doc","slip_type":"Reverse"},"geometry":{"type":"LineString","coordinates":[[148.47547967301045,-36.86815347021786],[148.4927805190447,-36.84169335217184],[148.5055017304221,-36.829226566191174],[148.51618754672006,-36.804292992431186],[148.5315098980692,-36.782857049376105],[148.5426476656654,-36.76460281581164],[148.54774586272492,-36.757357597615396],[148.55765869392155,-36.73152766802932],[148.5668179659333,-36.721859547922165],[148.5726697221777,-36.70990161003685],[148.58134830509766,-36.68709835556664],[148.59011652830463,-36.67053053324339],[148.5963311743502,-36.654691555267185],[148.59607674985295,-36.63968052701108],[148.59175153879391,-36.62797701272385],[148.60310400546302,-36.60398063292801],[148.61204997599805,-36.58211122980119],[148.6136320212837,-36.576837746314425],[148.62202801980368,-36.56360768684182],[148.6298315892186,-36.540045141617554],[148.63512483483066,-36.52823540181282],[148.6420811386987,-36.51575296952543],[148.65026910843164,-36.503817997415304],[148.6537089854137,-36.48147731034623],[148.65586644017878,-36.4679441828601],[148.6642624395978,-36.45395085079466],[148.66273589441244,-36.44148406391472],[148.6599372276395,-36.43130709571221],[148.6596828040415,-36.42418321788044],[148.654844484558,-36.409668260040725],[148.65125602099738,-36.39470461940313],[148.65026910843164,-36.37594651297433],[148.64864358721002,-36.36719917807416],[148.6451769585109,-36.35853260683688],[148.64072281469248,-36.34586675320514],[148.63771206420074,-36.32258719857113],[148.63627577636635,-36.30409498913349],[148.63146128735866,-36.27958219466116],[148.62924422939886,-36.27067150949549],[148.62686207985723,-36.261097296746435],[148.6309107265315,-36.249158101354006],[148.6351639515675,-36.23688001585854],[148.63678462356233,-36.22700445187408],[148.63694654384824,-36.21356513111055],[148.63480149266036,-36.199323745068156],[148.62708714778546,-36.18480917507111],[148.62562910126098,-36.17460284940031],[148.62433577129434,-36.155031327055845],[148.62034371866753,-36.13644347634041],[148.61692707416515,-36.1249345937122]]}},{"type":"Feature","properties":{"average_dip":"(40,,)","catalog_id":"AUS_442889","catalog_name":"AUS_FSD","dip_dir":"NW","name":"Barney's Range Fault","net_slip_rate":"(0.005,0.0,0.009)","reference":"Domain 4 fault database.doc","slip_type":"Reverse"},"geometry":{"type":"LineString","coordinates":[[148.78186867803947,-36.311658748752194],[148.78092461563847,-36.33148406906421],[148.7679161703594,-36.37155768373433],[148.75254968769218,-36.40469962855713],[148.73655366211017,-36.43627504413152],[148.72333678220195,-36.462708803048805],[148.72333678220195,-36.47855363046671],[148.72333678220195,-36.491030688566795],[148.71148510328885,-36.515298412336996],[148.69501489668392,-36.54767445870321],[148.68026432556576,-36.5799852342662],[148.66797033407283,-36.60433662845437],[148.65639773264138,-36.6234045994836],[148.63989938258635,-36.63792163534763],[148.61670962784785,-36.65338352378008],[148.59211204731787,-36.66568231367881]]}},{"type":"Feature","properties":{"average_dip":"(60,,)","catalog_id":"AUS_442888","catalog_name":"AUS_FSD","dip_dir":"SW","name":"Berridale Wrench Fault","net_slip_rate":"(0.004,0.0,0.007)","reference":"Domain 4 fault database.doc","slip_type":"Strike-Slip"},"geometry":{"type":"LineString","coordinates":[[148.62606651530825,-36.165125547441335],[148.64961909603915,-36.189297933242536],[148.66593044157457,-36.20603852493088],[148.6797488519867,-36.21709502221768],[148.69022055878497,-36.22927959181732],[148.7022213592711,-36.23994696988451],[148.71800580112722,-36.25397758467976],[148.7388138079549,-36.27226401881709],[148.75670747777997,-36.287601450095735],[148.78737535081768,-36.31185046594771],[148.81617360128098,-36.33458568450827],[148.87065647027475,-36.37745745060105],[148.90463634321736,-36.404392569087804],[148.93758068769716,-36.43134703259575],[148.9614931689497,-36.451063164043035],[148.97949697555828,-36.466066336409625],[149.0016592821895,-36.48239645604405]]}},{"type":"Feature","properties":{"average_dip":"(40,,)","catalog_id":"AUS_602343","catalog_name":"AUS_FSD","dip_dir":"W","name":"Cotter Fault","net_slip_rate":"(0.039,0.0,0.078)","reference":"Domain 4 fault database.doc","slip_type":"Reverse"},"geometry":{"type":"LineString","coordinates":[[148.8449109013825,-35.39908098973136],[148.83489046726777,-35.42244582279083],[148.82539932125167,-35.44904967070849],[148.8301582438488,-35.4842656941517],[148.82920645896968,-35.5286807284858],[148.82968235140925,-35.567070936374044],[148.8239716448321,-35.58467894854545],[148.8239716448321,-35.617515510690126],[148.82539932125167,-35.65511099453278],[148.82587521369112,-35.69508593877478],[148.82489963454975,-35.71870208939887],[148.8253173828125,-35.7300033569336],[148.81081322535226,-35.756773465681036],[148.8051226026089,-35.78179062246339],[148.80186645234426,-35.8064566110145],[148.7912064672729,-35.83462942940948],[148.78066326785506,-35.85510097538614],[148.77876188555297,-35.85879285615912],[148.76749778649253,-35.88243152259124]]}},{"type":"Feature","properties":{"average_dip":"(40,,)","catalog_id":"AUS_457588","catalog_name":"AUS_FSD","dip_dir":"W","name":"Murrumbidgee Fault","net_slip_rate":"(0.062,0.0,0.124)","reference":"Domain 4 fault database.doc","slip_type":"Reverse"},"geometry":{"type":"LineString","coordinates":[[148.94576833362464,-35.324693397206666],[148.96015354796214,-35.3418734400106],[148.97000219527547,-35.35004261692407],[148.98363829055052,-35.373691106268936],[149.00198914811392,-35.39152567564592],[149.01725942303233,-35.405248961091026],[149.02358849444363,-35.416019632919],[149.03096334607392,-35.44051110626464],[149.04157144476073,-35.465271686439024],[149.05308809611813,-35.482488066349646],[149.06767805280697,-35.50561347313009],[149.07674523604157,-35.52525443242628],[149.0940033435951,-35.53968932081606],[149.10326171280065,-35.56874928891675],[149.11470329055373,-35.59894946425082],[149.12590795329504,-35.6457966689624],[149.12811124924053,-35.6779414357573],[149.1291183668792,-35.70720251706611],[149.12837939572353,-35.753006363108796],[149.12562552282543,-35.79395817750791],[149.12402799645008,-35.81275918300294],[149.12717114852614,-35.84275483452104],[149.13069954138132,-35.876082404910036],[149.12955503898593,-35.89899869413761],[149.13353181312038,-35.91610000489525]]}},{"type":"Feature","properties":{"average_dip":"(40,,)","catalog_id":"AUS_600300","catalog_name":"AUS_FSD","dip_dir":"W","name":"Michelago Scarp","net_slip_rate":"(0.015,0.0,0.031)","reference":"Domain 4 fault database.doc","slip_type":"Reverse"},"geometry":{"type":"LineString","coordinates":[[149.1408087753465,-35.48108990657857],[149.13729361601509,-35.5105421850286],[149.12891146975244,-35.52600223308272],[149.12742430677815,-35.53908926887649],[149.12999967189091,-35.571655572160836],[149.144500732422,-35.59455108642579],[149.15721748891872,-35.62350810664964],[149.16274480536094,-35.63857001356003],[149.16245613018407,-35.66037467870612],[149.16055621976693,-35.67662718954745],[149.15501424398894,-35.68793631874941],[149.15332776697096,-35.70132280539649],[149.1575932512701,-35.724973466051374],[149.15953561157153,-35.75797543475424],[149.1565870901535,-35.78426572772481],[149.15216999276595,-35.80533781806056],[149.15045812480446,-35.833743254568866],[149.15093133906294,-35.85126455770747]]}},{"type":"Feature","properties":{"average_dip":"(40,,)","catalog_id":"AUS_457587","catalog_name":"AUS_FSD","dip_dir":"W","name":"Narongo Fault","net_slip_rate":"(0.011,0.0,0.023)","reference":"Domain 4 fault database.doc","slip_type":"Reverse"},"geometry":{"type":"LineString","coordinates":[[149.45254543874353,-35.40675355832232],[149.46064413399097,-35.452916121412315],[149.45211986606932,-35.50351372256627],[149.4450402528679,-35.54572812525069],[149.44160734732782,-35.58103171837801],[149.43301105989963,-35.60493009693922],[149.42652826647452,-35.65814931174069],[149.4099443743512,-35.69388006034882],[149.39868286155274,-35.72778052674935],[149.38640692220235,-35.76896171737765],[149.38009336978814,-35.799866202017284],[149.36477554231828,-35.83485627170018],[149.3555190580919,-35.86725710692572],[149.35159922902824,-35.90208327876593],[149.35220228020682,-35.92409462520145]]}},{"type":"Feature","properties":{"average_dip":"(50,,)","catalog_id":"AUS_457586","catalog_name":"AUS_FSD","dip_dir":"E","name":"Queanbeyan Scarp","net_slip_rate":"(0.023,0.0,0.046)","reference":"Domain 4 fault database.doc","slip_type":"Reverse"},"geometry":{"type":"LineString","coordinates":[[149.28188448858657,-35.47485032490354],[149.27725555039808,-35.43484548899597],[149.26536090679713,-35.384953511194716],[149.25590571826763,-35.35935646440632],[149.25265961205287,-35.334064312519565],[149.25919409196558,-35.28913190280303],[149.26688759724925,-35.26033158520665],[149.26920204428404,-35.24097552838482],[149.27110040157186,-35.215165423214515]]}},{"type":"Feature","properties":{"average_dip":"(40,,)","catalog_id":"AUS_456419","catalog_name":"AUS_FSD","dip_dir":"W","name":"Shoalhaven Scarp","net_slip_rate":"(0.009,0.0,0.019)","reference":"Domain 4 fault database.doc","slip_type":"Reverse"},"geometry":{"type":"LineString","coordinates":[[149.69341599927486,-35.17407400934378],[149.68803364956,-35.196500463043165],[149.68309983131076,-35.21062912778549],[149.67906306969883,-35.23126146461318],[149.67726895282726,-35.259070267128195],[149.6754748368552,-35.28530921670617],[149.6768204240592,-35.31491213519354],[149.6750263080869,-35.327470948797426],[149.67659615922548,-35.34586063998547],[149.67435351358563,-35.37322091283311],[149.66717704969687,-35.40887897373824],[149.6603533547667,-35.415365672019604],[149.65589186494412,-35.446298665305214],[149.65797389346812,-35.45670880702546],[149.66538293282542,-35.468757603415334],[149.66022484884343,-35.49095979228083],[149.64632044803545,-35.51809580029463],[149.6420594215898,-35.526617852286606],[149.64093809921974,-35.53940093072439],[149.63488295680168,-35.553978125134265],[149.6259123760417,-35.562500177126246],[149.62501531760563,-35.572143552387885],[149.6182873815858,-35.58896339243747],[149.6133535624375,-35.60354058684724],[149.617614587984,-35.611614109171796],[149.60707415518596,-35.63404056287108],[149.58935725670062,-35.675305237425746],[149.57679844309678,-35.69952580529859],[149.56625801029872,-35.72868019501756],[149.56182879714368,-35.753962972823594],[149.55149811568924,-35.786947167664316],[149.54388384047058,-35.840247094194304]]}},{"type":"Feature","properties":{"average_dip":"(40,,)","catalog_id":"AUS_457585","catalog_name":"AUS_FSD","dip_dir":"W","name":"Mulwaree Scarp","net_slip_rate":"(0.015,0.0,0.031)","reference":"Domain 4 fault database.doc","slip_type":"Reverse"},"geometry":{"type":"LineString","coordinates":[[149.65031151059839,-34.8973266080386],[149.63476285161835,-34.93419394884791],[149.63328698575435,-34.955980981644124],[149.63388185040446,-34.98156018768213],[149.64533300683638,-34.996431818325675],[149.64919963110947,-35.031975017821274],[149.65053807769664,-35.06290801020747],[149.6495050004013,-35.069802540237305],[149.64770478162973,-35.09453144808854],[149.64155883286787,-35.13154873171831],[149.63815144559032,-35.1607167722464],[149.63547410095669,-35.17404590103388],[149.6282004059674,-35.1798186293549],[149.62143390701885,-35.2014028526851],[149.6135519312935,-35.227094143925676],[149.6067783735665,-35.24867773593192],[149.5987413691122,-35.269777713919595],[149.59752739858664,-35.290220347758506],[149.58933814161082,-35.30672927869271],[149.58976112783478,-35.319990940341484],[149.58568102519632,-35.328755325446345]]}},{"type":"Feature","properties":{"average_dip":"(45,,)","catalog_id":"AUS_442988","catalog_name":"AUS_FSD","dip_dir":"W","name":"Lake George Scarp","net_slip_rate":"(0.551,0.113,0.99)","reference":"Domain 4 fault database.doc","slip_type":"Reverse"},"geometry":{"type":"LineString","coordinates":[[149.4909722657626,-34.786365325173044],[149.48298184529028,-34.806718283115686],[149.46202583706827,-34.83476013594151],[149.44438660673143,-34.86370656463596],[149.4288580537209,-34.87923511764638],[149.41544017803687,-34.89823121088678],[149.40817807510007,-34.91609310631405],[149.3953037255775,-34.941352274068294],[149.37955057768215,-34.96822072478531],[149.37955057768215,-34.975061675007176],[149.38223464564737,-34.99413803004088],[149.37857017098008,-35.01714039517844],[149.37543867231875,-35.046729069304206],[149.374345506822,-35.07351187398692],[149.38158760053443,-35.11225208325699],[149.39205722880968,-35.14080561524376],[149.40176542990105,-35.18687198055432],[149.40633399480328,-35.2308444193105],[149.4008136450219,-35.251022248677224],[149.39814864897903,-35.27272293331095],[149.40138471630928,-35.303941462240246],[149.40595328121128,-35.32545178917866],[149.4053822099239,-35.34334533609425],[149.4030979274729,-35.36104852621397],[149.3864371469133,-35.38893819666527],[149.37721338182098,-35.41230527825465],[149.37278387458764,-35.427562465339285],[149.3717995414455,-35.44134315001291]]}},{"type":"Feature","properties":{"average_dip":"(40,,)","catalog_id":"AUS_457583","catalog_name":"AUS_FSD","dip_dir":"W","name":"Crookwell Scarp","net_slip_rate":"(0.009,0.0,0.019)","reference":"Domain 4 fault database.doc","slip_type":"Reverse"},"geometry":{"type":"LineString","coordinates":[[149.47880407268224,-34.402841583005596],[149.46757423940153,-34.42480541196304],[149.46633123966024,-34.43303299894305],[149.45848614063448,-34.45246694509983],[149.44956360165713,-34.44841233374444],[149.44461432226376,-34.478108007406476],[149.44163538998737,-34.502840117743375],[149.4455661071429,-34.51903473652774],[149.4484214599819,-34.52988507839501],[149.44689860471476,-34.547968982106525],[149.4501346720449,-34.56510110183834],[149.4526093112919,-34.580520008607586],[149.45736823388938,-34.59574855948019],[149.4668920649715,-34.61055332822892],[149.4808601629602,-34.66964584882916],[149.49037800635608,-34.70010294967519],[149.49818263858856,-34.71837721018272],[149.50210210072873,-34.74767714438034],[149.5072793735451,-34.77264418551025],[149.50434687056702,-34.785361702472755],[149.50755861213577,-34.80652376335808],[149.51542317338954,-34.821487888373134],[149.51652922437222,-34.832200955027844],[149.51443663510986,-34.84154339465529],[149.51398272479855,-34.85132007282395],[149.51726089029228,-34.865870434162446],[149.5194289072,-34.87262407021453]]}},{"type":"Feature","properties":{"average_dip":"(40,,)","catalog_id":"AUS_602344","catalog_name":"AUS_FSD","dip_dir":"W","name":"Cullerin Fault Scarp","net_slip_rate":"(0.015,0.0,0.031)","reference":"Domain 4 fault database.doc","slip_type":"Reverse"},"geometry":{"type":"LineString","coordinates":[[149.43516072373552,-34.66791999139899],[149.43337612798632,-34.69379662931244],[149.43129409946232,-34.713129750678014],[149.41895127243288,-34.73964752066207],[149.41905977001431,-34.75717447507361],[149.4147875635001,-34.78328868011555],[149.41479130560003,-34.79578781611545],[149.41159756859997,-34.8201970913151],[149.41073555650382,-34.84081757612717],[149.40766242840004,-34.8533891431148],[149.39243750173398,-34.87727686820918],[149.3847280483493,-34.88555739198181]]}},{"type":"Feature","properties":{"average_dip":"(40,,)","catalog_id":"AUS_602345","catalog_name":"AUS_FSD","dip_dir":"W","name":"Graben Gullen Fault Scarp","net_slip_rate":"(0.008,0.0,0.016)","reference":"Domain 4 fault database.doc","slip_type":"Reverse"},"geometry":{"type":"LineString","coordinates":[[149.3974164146873,-34.4877314303095],[149.39198895947584,-34.516376333414534],[149.387836324717,-34.53766884545687],[149.387836324717,-34.57648380277667],[149.38857349898456,-34.596815688705],[149.38879033541832,-34.623052974537245],[149.38130470350166,-34.64561805153276],[149.38043209043724,-34.66888130279646],[149.38682805797328,-34.695476781917094],[149.39581941571498,-34.72128491075833]]}},{"type":"Feature","properties":{"average_dip":"(40,,)","catalog_id":"AUS_457584","catalog_name":"AUS_FSD","dip_dir":"W","name":"Binda Thrust scarp","net_slip_rate":"(0.008,0.0,0.016)","reference":"Domain 4 fault database.doc","slip_type":"Reverse"},"geometry":{"type":"LineString","coordinates":[[149.29698564779596,-34.18003946324269],[149.300000900991,-34.19285428864736],[149.30949894761125,-34.21773012593311],[149.31221267521687,-34.23371096687784],[149.3268366523589,-34.245168928479565],[149.34108372273886,-34.262506632327884],[149.34560660208172,-34.28105043853332],[149.3507325326034,-34.3023079723446],[149.35646151340427,-34.31467050981508],[149.36234125655017,-34.334420416579164],[149.36698687940225,-34.3736560448692],[149.36746718617235,-34.39698691565579],[149.36867328763037,-34.43166232515105],[149.36587266483218,-34.45142434128634],[149.3583688890934,-34.459267442018415],[149.34691092749188,-34.49741039264307],[149.34238804814868,-34.50886835424487],[149.33801593115084,-34.52032631494724]]}},{"type":"Feature","properties":{"average_dip":"(50,,)","catalog_id":"AUS_442908","catalog_name":"AUS_FSD","dip_dir":"W","name":"Lapstone Structural Complex","net_slip_rate":"(0.005,0.0,0.01)","reference":"Domain 4 fault database.doc","slip_type":"Reverse"},"geometry":{"type":"LineString","coordinates":[[150.69286358265686,-33.25518938673766],[150.69932822956207,-33.29203787841436],[150.70256055391405,-33.35539142186288],[150.67670196359518,-33.4168055719594],[150.65472216357773,-33.49179548181607],[150.6417928688678,-33.53898740710216],[150.63791408036502,-33.591997516041936],[150.64308579806902,-33.61462378200899],[150.64955044497435,-33.6385429771772],[150.65666155782912,-33.69478540956958],[150.64631812242112,-33.72775511094475],[150.64437872727024,-33.75878541896778],[150.64437872727024,-33.78916926104132],[150.63791408036502,-33.82989654032155],[150.6308029684094,-33.84023997572967],[150.62821710910782,-33.891957154568935],[150.63015650335922,-33.93979554580468],[150.6211059971523,-33.9617753467215],[150.61722720864952,-34.009613737057826],[150.61787367280033,-34.05551273404217],[150.6133484201465,-34.07296728140576],[150.6081767024424,-34.08525011196468],[150.6042979139396,-34.13502789655252],[150.6042979139396,-34.163472345273874],[150.60559084314082,-34.19514911744786],[150.6114090258951,-34.233290537426356],[150.6081767024424,-34.270785492354726],[150.61787367280033,-34.30116933442814],[150.62951003830904,-34.32120974199271]]}},{"type":"Feature","properties":{"average_dip":"(80,,)","catalog_id":"AUS_442957","catalog_name":"AUS_FSD","dip_dir":"E","name":"Kurrajong Fault complex","net_slip_rate":"(0.002,0.0,0.003)","reference":"Domain 4 fault database.doc","slip_type":"Strike-Slip"},"geometry":{"type":"LineString","coordinates":[[150.6275140973862,-33.66404088090643],[150.61889764240175,-33.63932728719988],[150.61007470090078,-33.61196010352173],[150.61178627743493,-33.57540198289771],[150.61658074359912,-33.524765183191164],[150.6296335556932,-33.49744768839458],[150.62872235092186,-33.47254717281309],[150.63917671680292,-33.44348713726336],[150.64748087206044,-33.42885896478428],[150.64437872727024,-33.41551264275821],[150.64825751577314,-33.40129041794797]]}},{"type":"Feature","properties":{"average_dip":"(50,,)","catalog_id":"AUS_531513","catalog_name":"AUS_FSD","dip_dir":"W","name":"Maitland Scarp","net_slip_rate":"(0.002,0.0,0.004)","reference":"Domain 4 fault database.doc","slip_type":"Reverse"},"geometry":{"type":"LineString","coordinates":[[151.54544247894034,-32.71251127696127],[151.54576437597223,-32.742447726110235],[151.54029212193302,-32.75789879713182],[151.52934761385472,-32.77689073820259],[151.52065638679858,-32.79201991129303],[151.5174374137814,-32.81680600343476],[151.51325274876922,-32.842235891438925],[151.507136699767,-32.86283731856856],[151.4923294237086,-32.88665771871521],[151.475912661591,-32.90758104377605],[151.46593384460857,-32.9175598598593],[151.45048277358694,-32.92914816290058]]}},{"type":"Feature","properties":{"average_dip":"(40,,)","catalog_id":"AUS_442839","catalog_name":"AUS_FSD","dip_dir":"SW","name":"Newcastle Fault (offshore)","net_slip_rate":"(0.005,0.0,0.009)","reference":"Domain 4 fault database.doc","slip_type":"Reverse"},"geometry":{"type":"LineString","coordinates":[[151.90737100176716,-33.09136918805257],[151.9590186827985,-33.13231731834019],[152.04107271348448,-33.23390642658711],[152.11951379566176,-33.33102243078169]]}},{"type":"Feature","properties":{"average_dip":"(50,,)","catalog_id":"AUS_467464","catalog_name":"AUS_FSD","dip_dir":"SW","name":"Walgett scarp","net_slip_rate":"(0.002,0.0,0.004)","reference":"Domain 4 fault database.doc","slip_type":"Reverse"},"geometry":{"type":"LineString","coordinates":[[148.37849928908327,-30.137313731103973],[148.38858018541146,-30.16806046490477],[148.39815703692307,-30.187214167928218],[148.40975006770043,-30.20586382613518],[148.412774336599,-30.222497305076544],[148.4137824262317,-30.24366718736562],[148.41627058487518,-30.26622094234945],[148.4259195009372,-30.29186419112602],[148.4404968024005,-30.317257730560907],[148.45612219080988,-30.333891210401642],[148.46267477342303,-30.337923568932858],[148.48384465571212,-30.361613675303893],[148.49594173130583,-30.378751199061774],[148.5109271100066,-30.389731411927826],[148.5208047481725,-30.39548858963828],[148.5322329580871,-30.39941703743367]]}},{"type":"Feature","properties":{"average_dip":"(40,,)","catalog_id":"AUS_463702","catalog_name":"AUS_FSD","name":"Condamine Creek Lineament","net_slip_rate":"(0.003,0.0,0.005)","reference":"Domain 4 fault database.doc","slip_type":"Reverse"},"geometry":{"type":"LineString","coordinates":[[148.51551930458675,-27.38650053008678],[148.6014207452822,-27.433100657410797],[148.66711008164975,-27.469033285828207],[148.76299838781642,-27.507505730072218],[148.82599967266538,-27.527985254086428],[148.9012336135546,-27.546513014588292],[148.94984818907255,-27.558975916762947],[148.99050373740522,-27.567286566558323]]}},{"type":"Feature","properties":{"average_dip":"(50,,)","catalog_id":"AUS_443067","catalog_name":"AUS_FSD","name":"Forest Vale Scarp","net_slip_rate":"(0.002,0.0,0.004)","reference":"Domain 4 fault database.doc","slip_type":"Reverse"},"geometry":{"type":"LineString","coordinates":[[147.88615605791904,-25.819000383134064],[147.87591113784322,-25.86510252617284],[147.8676363940133,-25.887168510019084],[147.86330200357452,-25.927360123420996],[147.86330200357452,-25.98567736368083],[147.86566621686814,-26.043206534341547],[147.8589676149344,-26.096795350712014],[147.85542129589317,-26.118467299308893],[147.853451118748,-26.16141715855584],[147.85069287110434,-26.19688034716909]]}},{"type":"Feature","properties":{"average_dip":"(50,,)","catalog_id":"AUS_442875","catalog_name":"AUS_FSD","name":"Hindmarsh Fault","net_slip_rate":"(0.004,0.0,0.008)","reference":"Domain 4 fault database.doc","slip_type":"Reverse"},"geometry":{"type":"LineString","coordinates":[[141.85043915597805,-35.38537178407193],[141.85227205349054,-35.50712981594683],[141.8590715790648,-35.61138431080952],[141.87398212696996,-35.741655419902145],[141.87555165884896,-35.83033394544026],[141.86299540741345,-35.91116481428082],[141.85858284267067,-36.00103983338034],[141.88104501907685,-36.09793905483293],[141.90615752194788,-36.21526153019483],[141.92263760173205,-36.320420136416416],[141.9276102246181,-36.42617366660344],[141.9194985388732,-36.5334840294232],[141.91086611578635,-36.57978520591707],[141.87476689335904,-36.637073102866516],[141.84965438958898,-36.65904654287858]]}},{"type":"Feature","properties":{"average_dip":"(50,,)","catalog_id":"AUS_442920","catalog_name":"AUS_FSD","name":"Mount Ararat and Stawell Faults","net_slip_rate":"(0.002,0.0,0.004)","reference":"Domain 4 fault database.doc","slip_type":"Reverse"},"geometry":{"type":"LineString","coordinates":[[142.7148578965033,-36.94629663208496],[142.73846214968114,-36.98132229809083],[142.7567364102058,-37.00873368887802],[142.77361182692675,-37.048286272442276],[142.78871636612428,-37.07954644841146],[142.81841203947693,-37.15112063546684],[142.82526488717372,-37.18233916386338],[142.8431606559435,-37.22429830918264],[142.86616526758758,-37.29598710284723],[142.88008766874805,-37.34376179849886],[142.90597620449148,-37.386401739723404]]}},{"type":"Feature","properties":{"average_dip":"(50,,)","catalog_id":"AUS_442922","catalog_name":"AUS_FSD","name":"Bet Bet Fault","net_slip_rate":"(0.002,0.0,0.004)","reference":"Domain 4 fault database.doc","slip_type":"Reverse"},"geometry":{"type":"LineString","coordinates":[[143.90420389239262,-36.99655198939732],[143.89732882009412,-36.95555618784755],[143.89885661443793,-36.933403178407254],[143.90802337690297,-36.89087958161455],[143.9126067590347,-36.86414319004217]]}},{"type":"Feature","properties":{"average_dip":"(50,,)","catalog_id":"AUS_597564","catalog_name":"AUS_FSD","name":"Burrumbeet Scarp","net_slip_rate":"(0.002,0.0,0.004)","reference":"Domain 4 fault database.doc","slip_type":"Reverse"},"geometry":{"type":"LineString","coordinates":[[143.7605016659985,-37.551419214081875],[143.7568410999877,-37.51600325664962],[143.75749089322574,-37.48819298045839],[143.76251692525773,-37.449159710017916],[143.76549125120664,-37.420011313380925],[143.76549125120664,-37.40811400778681]]}},{"type":"Feature","properties":{"average_dip":"(50,,)","catalog_id":"AUS_531200","catalog_name":"AUS_FSD","dip_dir":"SE","name":"Curdie Monocline","net_slip_rate":"(0.013,0.0,0.026)","reference":"Fault_slip_rates_ot.doc","slip_type":"Reverse"},"geometry":{"type":"LineString","coordinates":[[142.8747957841116,-38.55694801572394],[142.89561147561403,-38.53613232332219],[142.9106488917945,-38.516435514582085],[142.9382190905054,-38.47477445299493],[142.96256874194103,-38.44611823214764],[142.98465637955087,-38.428006368991376],[143.010675995278,-38.41528566842892],[143.0349609689971,-38.408347103995254],[143.04999452437085,-38.40025211305528]]}},{"type":"Feature","properties":{"average_dip":"(40,,)","catalog_id":"AUS_531391","catalog_name":"AUS_FSD","dip_dir":"W","name":"Woolsthorpe Scarp","net_slip_rate":"(0.008,0.0,0.016)","reference":"Fault_slip_rates_ot.doc","slip_type":"Reverse"},"geometry":{"type":"LineString","coordinates":[[142.4402294832298,-38.06951501179316],[142.4413220425837,-38.10283810355833],[142.43640552189447,-38.12359675106444],[142.43203528088236,-38.1449016791467],[142.4271187583946,-38.18423385275338],[142.42065856944828,-38.21981247953471],[142.41455431413533,-38.238315592923925],[142.41455431413533,-38.24869491667704],[142.41127663337636,-38.26289820176544],[142.41018407222384,-38.28420312894832],[142.41182291305313,-38.30332293562515],[142.4151005947117,-38.3164336595612]]}},{"type":"Feature","properties":{"average_dip":"(70,,)","catalog_id":"AUS_579827","catalog_name":"AUS_FSD","dip_dir":"NE","name":"Kanawinka Fault","net_slip_rate":"(0.001,0.0,0.001)","slip_type":"Strike-Slip"},"geometry":{"type":"LineString","coordinates":[[141.43718941590907,-37.83813294078675],[141.3817516069363,-37.734579297933465],[141.31268527973475,-37.625812531576855],[141.25489542744344,-37.5421178114056],[141.202886222845,-37.46575822511744],[141.14814985748512,-37.41828230200275],[141.10050980704932,-37.37176436096661],[141.04800174822265,-37.32970422311092],[141.0240208396532,-37.314088747484504],[140.9842729769215,-37.27957086683318],[140.96439904555564,-37.247144978294614]]}},{"type":"Feature","properties":{"average_dip":"(40,,)","catalog_id":"AUS_531947","catalog_name":"AUS_FSD","dip_dir":"W","name":"Taylorville Scarp","net_slip_rate":"(0.003,0.0,0.005)","slip_type":"Reverse"},"geometry":{"type":"LineString","coordinates":[[139.9753801739946,-34.03967050919903],[139.98806795577343,-34.008857325392846],[139.99849956032904,-33.978968292145794],[140.0070996288914,-33.951762307837726],[140.0089121692739,-33.936355714585595],[140.01664795679642,-33.910761270557714],[140.01888113957966,-33.89557355957446],[140.02344172783285,-33.87667829912432],[140.0252250309187,-33.866572916150965]]}},{"type":"Feature","properties":{"average_dip":"(45,,)","catalog_id":"AUS_442846","catalog_name":"AUS_FSD","dip_dir":"E","name":"Meckering Scarp","net_slip_rate":"(0.002,0.0,0.004)","reference":"Clark et al (2011)","slip_type":"Reverse"},"geometry":{"type":"LineString","coordinates":[[117.01924055558287,-31.794610587331213],[116.98218388884254,-31.77028361707181],[116.97102388881694,-31.753792776000182],[116.96450972344225,-31.73959797061927],[116.97750222340345,-31.728398898648734],[116.97436861133565,-31.698447675437418],[116.96533944424162,-31.6818701738964],[116.96497638883783,-31.649294875593164],[116.9713577774088,-31.63667835339396],[116.9932238887327,-31.614903807441866],[116.9956380775709,-31.616867191326193],[117.0087566667579,-31.60616326696151],[117.03584694424671,-31.58375596522422],[117.04049083366374,-31.587315567251704],[117.05572888857158,-31.576705647437844],[117.07166972227674,-31.571819422209952],[117.07882833372379,-31.56625127616082],[117.08485472211828,-31.55701769856558],[117.09199222198095,-31.5516156590939]]}},{"type":"Feature","properties":{"average_dip":"(45,,)","catalog_id":"AUS_442844","catalog_name":"AUS_FSD","name":"Calingiri Scarp","net_slip_rate":"(0.002,0.0,0.004)","reference":"Domain 1 faults.doc","slip_type":"Reverse"},"geometry":{"type":"LineString","coordinates":[[116.46891722200098,-31.12706222262747],[116.47051694412049,-31.12385583292411],[116.46986999973161,-31.12134083300379],[116.46911194410609,-31.11845888901111],[116.46888888886032,-31.115657499990505],[116.46948944442032,-31.11391249959155],[116.47094222181704,-31.112814722371407],[116.47176972219042,-31.111153055849805],[116.47317166630874,-31.109670833750595],[116.4740291662664,-31.10852250024329],[116.47448694456169,-31.106437777350482],[116.47449694412317,-31.1045441666843],[116.4744708332074,-31.103424722098417],[116.4747272218241,-31.10104750011163],[116.47502499993846,-31.09943444464358],[116.4759188891635,-31.097843055641945]]}},{"type":"Feature","properties":{"average_dip":"(45,,)","catalog_id":"AUS_442845","catalog_name":"AUS_FSD","name":"Cadoux Scarp","net_slip_rate":"(0.002,0.0,0.004)","reference":"Domain 1 faults.doc","slip_type":"Reverse"},"geometry":{"type":"LineString","coordinates":[[117.16463277804154,-30.715392499632955],[117.14853111138359,-30.7202805558805],[117.1322694454441,-30.726053889445215],[117.13058805589094,-30.736235833596595],[117.13352444483928,-30.743872777343995],[117.14016837695931,-30.753692619026168],[117.14136194459378,-30.758198611246748],[117.14244694424656,-30.768655833374567],[117.1485022215627,-30.771414165554347],[117.1483044435613,-30.775268055427492],[117.14625555595364,-30.780841110875656],[117.14429416698329,-30.788570833180184],[117.13638027791639,-30.80089638872996],[117.13627222257583,-30.807352500169944],[117.13622888874386,-30.81063138871861],[117.13100555535118,-30.817748333676803],[117.12721833311934,-30.826406944121683],[117.12309861084883,-30.831277499562507]]}},{"type":"Feature","properties":{"average_dip":"(45,,)","catalog_id":"AUS_442980","catalog_name":"AUS_FSD","name":"Bulyeranging Scarp","net_slip_rate":"(0.002,0.0,0.004)","reference":"Domain 1 faults.doc","slip_type":"Reverse"},"geometry":{"type":"LineString","coordinates":[[118.22237954239779,-30.87623610697705],[118.23765495784052,-30.898671869558605],[118.23931613513105,-30.909782775594692],[118.24045277025742,-30.92433487712122],[118.27424350032574,-30.95057103200434],[118.29219488369927,-30.993628751940147],[118.30018231662417,-31.02448448896684],[118.29769222162851,-31.066543349409752],[118.27474776473571,-31.122400902550496],[118.25865936127902,-31.161818102558527],[118.24730449795472,-31.193973845551387],[118.24383864215486,-31.2250814404103]]}},{"type":"Feature","properties":{"average_dip":"(45,,)","catalog_id":"AUS_442847","catalog_name":"AUS_FSD","name":"Merredin Scarp","net_slip_rate":"(0.002,0.0,0.004)","reference":"Domain 1 faults.doc","slip_type":"Reverse"},"geometry":{"type":"LineString","coordinates":[[118.28872040519991,-31.467347355727497],[118.30116599056294,-31.531091167165304],[118.31477669977573,-31.603189891595996],[118.33058407139367,-31.610954673969896],[118.36157181810235,-31.653573597099076],[118.38119139241985,-31.691903250574256],[118.400618765432,-31.707880924106735],[118.42254742640161,-31.752011348562462],[118.43021657487101,-31.78143579299581],[118.4361212643106,-31.82981877138435]]}},{"type":"Feature","properties":{"average_dip":"(45,,)","catalog_id":"AUS_442974","catalog_name":"AUS_FSD","name":"Narembeen Scarp","net_slip_rate":"(0.002,0.0,0.004)","reference":"Domain 1 faults.doc","slip_type":"Reverse"},"geometry":{"type":"LineString","coordinates":[[118.50071089711014,-31.798883004589577],[118.51207275266323,-31.821288624594672],[118.51460865642503,-31.84658007995899],[118.51144638296364,-31.856472108768376],[118.50619693685665,-31.865840663808342],[118.49524173763812,-31.875105490146016],[118.48532866199527,-31.880856697690753],[118.4812644269947,-31.889897878827696],[118.48760233244627,-31.914981500870947],[118.49566183703838,-31.920108249775588],[118.50672069481207,-31.91570552165438],[118.51740130223688,-31.922223755562083],[118.52233059959383,-31.928651897187425],[118.52431603733464,-31.93653919959728],[118.51575045365973,-31.94597685314599],[118.50919049390778,-31.953333231802613],[118.50851298336171,-31.957296842560673],[118.51463962479727,-31.96429104642959],[118.51657909707139,-31.973814026573166],[118.5184583662492,-31.975215549808752],[118.5168985884168,-32.00450514000436],[118.51872817185118,-32.025368373266524],[118.52124370417039,-32.03444899866759],[118.52171378878826,-32.05427814919227],[118.51816589143687,-32.071615642599234],[118.51451107279003,-32.08254429473067],[118.51206151563451,-32.09769147494621],[118.50738673720345,-32.10718076756587],[118.50452037306559,-32.11435050542513],[118.49779151344192,-32.11999367381724]]}},{"type":"Feature","properties":{"average_dip":"(45,,)","catalog_id":"AUS_442894","catalog_name":"AUS_FSD","name":"Gibb Rock Scarp","net_slip_rate":"(0.002,0.0,0.004)","reference":"Domain 1 faults.doc","slip_type":"Reverse"},"geometry":{"type":"LineString","coordinates":[[119.03210067630526,-32.056255169278764],[119.0318154734108,-32.08249384276496],[119.03124506762185,-32.09789480266386],[119.02953384935574,-32.11072893741174],[119.03038945893843,-32.1192850260446],[119.03124506762185,-32.137538015787584],[119.03010425514468,-32.14837572757618],[119.02924864556199,-32.164632297957155],[119.02953384935574,-32.17946285296637],[119.02981905225009,-32.186307724232414]]}},{"type":"Feature","properties":{"average_dip":"(50,,)","catalog_id":"AUS_442848","catalog_name":"AUS_FSD","dip_dir":"W","name":"Hyden Scarp","net_slip_rate":"(0.021,0.004,0.039)","reference":"Clark et al (2008)","slip_type":"Reverse"},"geometry":{"type":"LineString","coordinates":[[119.2723360501841,-32.098998460550725],[119.27434278476971,-32.12692634409441],[119.27399508888676,-32.150741791674584],[119.27250893944824,-32.174098255868095],[119.27118245834083,-32.19633323671266],[119.27064145858354,-32.20481193958418],[119.27031100630131,-32.211755523134116],[119.27264231699917,-32.21933167900769],[119.27342388000318,-32.23115871877302],[119.27342663462673,-32.242999751989046],[119.2715025774131,-32.25181166986016],[119.27120683176643,-32.26340963341889],[119.26904770256624,-32.27454426267072],[119.26740414928963,-32.28682885140428],[119.26489072318293,-32.291593833633385],[119.2639855870366,-32.298317228077025],[119.26308240601657,-32.30512338442901],[119.26189421995262,-32.31615765473833],[119.26094887421927,-32.32520025500526],[119.25997870270125,-32.333249638627244],[119.25892530972122,-32.341880129070894],[119.2606616226692,-32.35286192573849],[119.26853828340143,-32.35967593766838],[119.27440351508697,-32.36404162990979],[119.28081908958654,-32.36698941956353]]}},{"type":"Feature","properties":{"average_dip":"(45,,)","catalog_id":"AUS_442858","catalog_name":"AUS_FSD","name":"Hyden South Scarp","net_slip_rate":"(0.002,0.0,0.004)","reference":"Domain 1 faults.doc","slip_type":"Reverse"},"geometry":{"type":"LineString","coordinates":[[118.9829073988758,-32.54509718689826],[119.00768000535358,-32.581263399152206],[119.0272149182375,-32.624183108571444],[119.03949293702762,-32.65330771128276],[119.04434703747948,-32.67358071905245],[119.0557684503075,-32.70241978644308],[119.06033701543868,-32.726119218061164],[119.07290056954947,-32.76666523360034],[119.07744534007043,-32.787580695841704],[119.08672523799326,-32.80947173709529]]}},{"type":"Feature","properties":{"average_dip":"(45,,)","catalog_id":"AUS_442975","catalog_name":"AUS_FSD","name":"Newdegate Scarp","net_slip_rate":"(0.002,0.0,0.004)","reference":"Domain 1 faults.doc","slip_type":"Reverse"},"geometry":{"type":"LineString","coordinates":[[119.04868603072634,-32.88251979236822],[119.05145474288098,-32.8893072823922],[119.0463194612089,-32.90834722927275],[119.04809047629601,-32.91338777456365],[119.03942062882255,-32.94598281388471],[119.03233153766611,-32.96012680127581],[119.01336913392824,-32.988490918956245],[119.01604299458835,-33.007623946566284],[119.00595817339979,-33.0405245975923],[118.98163033011805,-33.07997547941248],[118.95896106756469,-33.10672392189985],[118.95288655644833,-33.123069998205104],[118.95024985667375,-33.153112544870396],[118.94451142759546,-33.1848701768867]]}},{"type":"Feature","properties":{"average_dip":"(45,,)","catalog_id":"AUS_442977","catalog_name":"AUS_FSD","name":"Kuringup Scarp","net_slip_rate":"(0.002,0.0,0.004)","reference":"Domain 1 faults.doc","slip_type":"Reverse"},"geometry":{"type":"LineString","coordinates":[[118.362718619165,-33.31176693169926],[118.36322584758125,-33.31768605435814],[118.36002164412993,-33.33410119589723],[118.35750612530057,-33.34144742930205],[118.35535317714086,-33.34542073565086],[118.35615710988122,-33.361559564993115],[118.35755619235681,-33.37141869210603],[118.35714500343909,-33.38060057487234],[118.35330647398622,-33.39202708988073],[118.34689857340163,-33.40754732056513],[118.3393607412371,-33.4218015603404],[118.33439044918475,-33.43196184342125],[118.32327623634136,-33.448228417860484],[118.30667746493509,-33.46873404021425],[118.30226044568747,-33.479235708635414],[118.29411516555909,-33.4908217399895]]}},{"type":"Feature","properties":{"average_dip":"(30,,)","catalog_id":"AUS_442978","catalog_name":"AUS_FSD","dip_dir":"W","name":"Dumbleyung Scarp","net_slip_rate":"(0.053,0.006,0.1)","reference":"Estrada (2009)","slip_type":"Reverse"},"geometry":{"type":"LineString","coordinates":[[117.68667679011776,-33.11868150365359],[117.6930228946885,-33.140342840250646],[117.69190669755447,-33.14615805344357],[117.68972302855401,-33.14969986688147],[117.68937523014847,-33.16012398586483],[117.69179590827503,-33.17936824701928],[117.69170401824806,-33.19132416412788],[117.69010438516123,-33.2061940725699],[117.69623009558005,-33.21130268574644],[117.69188644392295,-33.22632969315642],[117.68632096706176,-33.23987862703967],[117.68519936410303,-33.251058718818804],[117.67598442135953,-33.274160173056245],[117.66619991998868,-33.296404416018476],[117.65600081587367,-33.31364917133772],[117.62504970574582,-33.35919008976623],[117.60965437020697,-33.38022758915461],[117.59945448727898,-33.39064127690171],[117.58865730875914,-33.402217596455614],[117.57768903257339,-33.416014015688845]]}},{"type":"Feature","properties":{"average_dip":"(45,,)","catalog_id":"AUS_442976","catalog_name":"AUS_FSD","name":"Katanning Scarp","net_slip_rate":"(0.002,0.0,0.004)","reference":"Domain 1 faults.doc","slip_type":"Reverse"},"geometry":{"type":"LineString","coordinates":[[117.67027694604633,-33.76434579667322],[117.6634707483256,-33.75445627877093],[117.66341548588616,-33.74728093633683],[117.66540292641707,-33.735995869395204],[117.67320933660915,-33.71341250288755],[117.68054740686773,-33.69598102673134],[117.68800370110114,-33.681081136691596],[117.69557521557364,-33.66984586431142],[117.69797384682067,-33.66576610521389],[117.69943481344376,-33.651884774714006],[117.70792363458746,-33.6407140601658],[117.71384585720932,-33.630633969630175],[117.71867677323313,-33.62701812040564]]}},{"type":"Feature","properties":{"average_dip":"(45,,)","catalog_id":"AUS_447731","catalog_name":"AUS_FSD","name":"Tambellup Scarp","net_slip_rate":"(0.002,0.0,0.004)","reference":"Domain 1 faults.doc","slip_type":"Reverse"},"geometry":{"type":"LineString","coordinates":[[117.68241491201422,-34.059504561928236],[117.6627180508607,-34.04878050735694],[117.65021360666937,-34.04335506932469],[117.64682341442914,-34.0313205829468],[117.61098741366709,-34.016857876727954],[117.5783199249048,-34.00240184754654],[117.55678713206134,-33.99346786512484],[117.53731675706683,-33.98470573012382],[117.51875297601975,-33.97380075444336],[117.50919547072364,-33.96789065288374]]}},{"type":"Feature","properties":{"average_dip":"(45,,)","catalog_id":"AUS_546408","catalog_name":"AUS_FSD","name":"Katanning earthquake Scarp","net_slip_rate":"(0.002,0.0,0.004)","reference":"Domain 1 faults.doc","slip_type":"Reverse"},"geometry":{"type":"LineString","coordinates":[[117.52098170644967,-33.95621328818308],[117.53078110059346,-33.94729088230532],[117.54340210951034,-33.940427493998754]]}},{"type":"Feature","properties":{"average_dip":"(45,,)","catalog_id":"AUS_442979","catalog_name":"AUS_FSD","name":"Yealering Scarp","net_slip_rate":"(0.002,0.0,0.004)","reference":"Domain 1 faults.doc","slip_type":"Reverse"},"geometry":{"type":"LineString","coordinates":[[117.5411198586279,-32.48358499091551],[117.55267818906464,-32.49098511619291],[117.55944197206055,-32.49636145304102],[117.55883660422842,-32.49769702899209],[117.55475934884349,-32.50312523064099],[117.55354534234495,-32.50798127462161],[117.54990331025874,-32.51491848197833],[117.5466081322902,-32.52237598490052],[117.54816900369815,-32.537290983550356],[117.55337190989029,-32.543881326896965],[117.55493278309679,-32.55307312558795],[117.55805452321476,-32.55896975080702],[117.5587482449398,-32.56399922814158],[117.56048255060102,-32.5655601013482],[117.55632022025145,-32.57128329591107],[117.54244581273257,-32.58255625887756],[117.53203999585183,-32.59469636703044],[117.52763319200314,-32.59752272932445],[117.52215447273797,-32.60128671577302],[117.52111389239896,-32.602674158323545],[117.52614336973363,-32.61099881002947],[117.52787766909967,-32.615854857607296],[117.5318665723903,-32.61915003107923],[117.53342743840244,-32.62452635893419],[117.53516174226502,-32.63233072316847],[117.53689603893315,-32.639267933223124],[117.53357561789461,-32.646902070186584],[117.53595127236305,-32.656502926401856],[117.53860701528163,-32.66380382858039],[117.5393227751158,-32.66951044330783],[117.54033982357193,-32.68199834710304],[117.54163943743355,-32.688063182413714],[117.54207264265368,-32.696294027637386]]}},{"type":"Feature","properties":{"average_dip":"(45,,)","catalog_id":"AUS_442973","catalog_name":"AUS_FSD","name":"Mt Holland East Scarp","net_slip_rate":"(0.002,0.0,0.004)","reference":"Domain 1 faults.doc","slip_type":"Reverse"},"geometry":{"type":"LineString","coordinates":[[119.99643023716419,-32.28649792607848],[119.99171513043528,-32.27300249106406],[119.99585959665205,-32.24750378244148],[119.98832548754467,-32.2200540973011],[119.98485601930429,-32.20482534218041],[119.98016206560692,-32.18701094665245],[119.97858051690889,-32.165057958764805],[119.97621319825635,-32.157856325550426],[119.97598715995946,-32.15090664099982]]}},{"type":"Feature","properties":{"average_dip":"(45,,)","catalog_id":"AUS_442972","catalog_name":"AUS_FSD","name":"Iron Cap Scarp","net_slip_rate":"(0.002,0.0,0.004)","reference":"Domain 1 faults.doc","slip_type":"Reverse"},"geometry":{"type":"LineString","coordinates":[[119.9429260164196,-32.7695283152026],[119.94857143491573,-32.802331862336224],[119.95021970243829,-32.824829742889],[119.95658394813302,-32.85228717129409],[119.95881050310301,-32.86408613602421],[119.95787422073681,-32.88149455356366],[119.95892142860227,-32.90194314385656],[119.95970077255663,-32.90906469489796],[119.96375039357416,-32.93830757970334],[119.96700628825727,-32.95716609196187],[119.96794923190157,-32.97532580402383],[119.96820164371616,-32.98620079810661],[119.96521226131803,-32.99541003375242],[119.96703374815604,-33.016820776064556],[119.97196985697836,-33.037669334189914],[119.97646050911646,-33.056416826942495],[119.97649604402784,-33.06893153329746],[119.97474219340074,-33.07417468235167],[119.97397174421826,-33.09142226064282],[119.97552366917078,-33.103088010599436],[119.977807687221,-33.12497613013187],[119.9795831746368,-33.13633697664571],[119.98229871437626,-33.14430380520324],[119.98245593655156,-33.148946562374086],[119.98213067335736,-33.15798189342116]]}},{"type":"Feature","properties":{"average_dip":"(45,,)","catalog_id":"AUS_442981","catalog_name":"AUS_FSD","name":"Mooyal Scarp","net_slip_rate":"(0.002,0.0,0.004)","reference":"Domain 1 faults.doc","slip_type":"Reverse"},"geometry":{"type":"LineString","coordinates":[[120.06833289230518,-33.04908297810128],[120.07212214430683,-33.070316612429714],[120.0754663641044,-33.07871348688913],[120.0821210107747,-33.09447990158309],[120.06947687309402,-33.12099238715091],[120.0799310519162,-33.14806941223009],[120.07913937333775,-33.165090143733885],[120.07886001243924,-33.17409763896553],[120.08290267270445,-33.18199801841701],[120.08419719370556,-33.19630013629847],[120.08668098085629,-33.21057267457901],[120.08209058221395,-33.22102050958351],[120.0751212924432,-33.231527073014554],[120.07232992186994,-33.25376409172293],[120.0770491393996,-33.28648242989294],[120.07765778885789,-33.303801574432505],[120.08052139477523,-33.3343986763361],[120.08019579883182,-33.34283655808133],[120.08019006385507,-33.36689075407675]]}},{"type":"Feature","properties":{"average_dip":"(45,,)","catalog_id":"AUS_442904","catalog_name":"AUS_FSD","name":"Lake Johnston Scarp","net_slip_rate":"(0.002,0.0,0.004)","reference":"Domain 1 faults.doc","slip_type":"Reverse"},"geometry":{"type":"LineString","coordinates":[[121.07100487971003,-32.86196350760724],[121.06849055158317,-32.83433705972066],[121.06879385243428,-32.820328932009275],[121.07117982122713,-32.80591497983618],[121.0741586761618,-32.788006825232834],[121.08308962359524,-32.75160156182006],[121.08954515787536,-32.722994386973106],[121.0978343251046,-32.700098182451484],[121.11792733214338,-32.654233327181544],[121.12497459403333,-32.639011723571635],[121.13126675996658,-32.61020286506744],[121.13046985542813,-32.573843509246565],[121.13495955158682,-32.55683121967858],[121.14517765477899,-32.53771370177628]]}},{"type":"Feature","properties":{"average_dip":"(50,,)","catalog_id":"AUS_442849","catalog_name":"AUS_FSD","dip_dir":"E","name":"Lort River Scarp","net_slip_rate":"(0.032,0.005,0.059)","reference":"Estrada (2009)","slip_type":"Reverse"},"geometry":{"type":"LineString","coordinates":[[121.19519518692867,-33.59185193918786],[121.19736218069987,-33.579643736169544],[121.19727490959099,-33.57549556834334],[121.19449634086675,-33.56875747358181],[121.19635479433691,-33.5597273828842],[121.19808008519419,-33.54954595944042],[121.20306894464933,-33.5360594025331],[121.20395901355425,-33.51932871947082],[121.20229566080377,-33.51373384197369],[121.1989689580008,-33.50254408518065],[121.2038083636246,-33.490595561398436],[121.20938309990562,-33.486221442509596],[121.21731251217011,-33.48285226832443],[121.22593955101593,-33.47230664463974],[121.23458519323707,-33.464091246171165],[121.24243965330571,-33.4514008473653],[121.24382692768302,-33.44015144843464],[121.24944493304476,-33.42776115608786],[121.25938617005762,-33.416308104784314],[121.26568945340989,-33.401914700321015],[121.26889938780586,-33.38536213740832],[121.27026071987542,-33.380108477549065],[121.26882755399413,-33.369620140677604],[121.2819479129912,-33.35348412337707],[121.28827129606543,-33.34082796108048],[121.29532309537512,-33.331065707670234],[121.30443871705404,-33.32234182831603],[121.31231632387325,-33.3172425887729],[121.32147086994767,-33.30769320885121],[121.32851058202937,-33.30274698265623],[121.35074841462415,-33.28168035872386],[121.3643366308936,-33.27555918898196]]}},{"type":"Feature","properties":{"average_dip":"(50,,)","catalog_id":"AUS_573964","catalog_name":"AUS_FSD","dip_dir":"E","name":"Esperance Scarp","net_slip_rate":"(0.003,0.0,0.005)","reference":"Nullarbor Fault database.doc","slip_type":"Reverse"},"geometry":{"type":"LineString","coordinates":[[122.10911993249829,-33.65448083322692],[122.13658597011316,-33.62960302642596],[122.229133095046,-33.55655236593122],[122.30333229108635,-33.490591991989334],[122.35370226476778,-33.44557705953477],[122.4066733144267,-33.39473547191641],[122.4494806641028,-33.347869986183305],[122.47376505626481,-33.32158360811441]]}},{"type":"Feature","properties":{"average_dip":"(45,,)","catalog_id":"AUS_442958","catalog_name":"AUS_FSD","name":"Serpentine Scarp","net_slip_rate":"(0.002,0.0,0.004)","reference":"Domain 1 faults.doc","slip_type":"Reverse"},"geometry":{"type":"LineString","coordinates":[[115.99411017056025,-32.36567332922278],[115.9945399655511,-32.372546281819204],[115.99620373378842,-32.38221980325451],[115.99483667976769,-32.391439801986316],[115.99449092012503,-32.399809247123805],[115.99368662765596,-32.40388158321722],[115.99135689257025,-32.40858572810981],[115.99150965320871,-32.41760313656809],[115.99043524487149,-32.423175974380236],[115.99010322237292,-32.43025744558104],[115.99081229732349,-32.434771207597294],[115.99083231791758,-32.44197746835278],[115.98968972039904,-32.44463703465934],[115.98780736744597,-32.454496727445914],[115.98797032229128,-32.4612067216558],[115.9896553573043,-32.47039710784734],[115.99036227298268,-32.47512550115977],[115.98929900904409,-32.479625015217096],[115.98393283003837,-32.48387518055057],[115.98341426476837,-32.48494433504857],[115.98615909542663,-32.4886158343203],[115.98789827631254,-32.49163519831637],[115.98609168044868,-32.494626008838],[115.98883930530043,-32.498082810263725]]}},{"type":"Feature","properties":{"average_dip":"(45,,)","catalog_id":"AUS_442994","catalog_name":"AUS_FSD","name":"Koolyanobbing Scarp","net_slip_rate":"(0.002,0.0,0.004)","reference":"Domain 1 faults.doc","slip_type":"Reverse"},"geometry":{"type":"LineString","coordinates":[[119.77336424462682,-30.64753529895053],[119.76260141398744,-30.652367327435602],[119.75435730826051,-30.656579792290362],[119.7454983819275,-30.663979967929773],[119.74028151286154,-30.671929947689147],[119.73474541055579,-30.681454434377034],[119.7218126723419,-30.69897384983859],[119.71163699016984,-30.71141703131399],[119.70541427258162,-30.72252273387282],[119.69944827187078,-30.732406716950482],[119.69651476164404,-30.741837313016784],[119.6970261521228,-30.74715777588654],[119.69967995160643,-30.75117927060768],[119.70049323100068,-30.754298262397477],[119.69703912250327,-30.765115058699188],[119.69193578619011,-30.772978289810116],[119.68925015340449,-30.780873892962333],[119.68549247570002,-30.78941886777352],[119.6789216660518,-30.79497628615144],[119.67480992034392,-30.797166142146025],[119.6708856045625,-30.799755879324323],[119.6677305652479,-30.803897636783184],[119.66131594133174,-30.80841994056002],[119.65672497971387,-30.813218150939623]]}},{"type":"Feature","properties":{"average_dip":"(45,,)","catalog_id":"AUS_442992","catalog_name":"AUS_FSD","name":"Seventy One Mile Rock Scarp","net_slip_rate":"(0.002,0.0,0.004)","reference":"Domain 1 faults.doc","slip_type":"Reverse"},"geometry":{"type":"LineString","coordinates":[[120.24145686336783,-30.57792213513352],[120.2448558455817,-30.595205090954646],[120.25135491044023,-30.611324869958327],[120.25872420066342,-30.62525142196711],[120.26007423231671,-30.637429089405227],[120.25879860607154,-30.66486919686798],[120.2530304858765,-30.689436911137943],[120.24894729676487,-30.698765709848892],[120.25167584429835,-30.70521014898808],[120.25787130793243,-30.72133662434358],[120.27088283574936,-30.734577258944014],[120.27772081641001,-30.75095764078742],[120.28316723472585,-30.763302393265356],[120.28087562459893,-30.77909937321711]]}},{"type":"Feature","properties":{"average_dip":"(45,,)","catalog_id":"AUS_442993","catalog_name":"AUS_FSD","name":"Clive's Fantasy Scarp","net_slip_rate":"(0.002,0.0,0.004)","reference":"Domain 1 faults.doc","slip_type":"Reverse"},"geometry":{"type":"LineString","coordinates":[[120.50236755357344,-30.64628815513315],[120.48373255161755,-30.66580214814519],[120.47450454981913,-30.68342319688864],[120.47225956144541,-30.70544623271195],[120.4621234773217,-30.729647050573643],[120.45440315473093,-30.747226750288924],[120.44504102085034,-30.77206153262458],[120.43642791699939,-30.786058265026554]]}},{"type":"Feature","properties":{"average_dip":"(45,,)","catalog_id":"AUS_442996","catalog_name":"AUS_FSD","name":"Coondarrie Scarp","net_slip_rate":"(0.002,0.0,0.004)","reference":"Domain 1 faults.doc","slip_type":"Reverse"},"geometry":{"type":"LineString","coordinates":[[120.907861789574,-30.724183289731798],[120.92905356136134,-30.743522127188157],[120.94619215711099,-30.763372297566608],[120.95682931559043,-30.790470108675915],[120.95725909259511,-30.812003066154002],[120.95935846814156,-30.829959163614703],[120.95940089455756,-30.853070849438833],[120.95477920220661,-30.873191337133566],[120.94821266031683,-30.89023721817802],[120.93817446829541,-30.911306249595317],[120.93335434413588,-30.926731344599546]]}},{"type":"Feature","properties":{"average_dip":"(40,,)","catalog_id":"AUS_443032","catalog_name":"AUS_FSD","dip_dir":"SE","name":"Endeavour Scarp","net_slip_rate":"(0.003,0.0,0.006)","reference":"Nullarbor Fault database.doc","slip_type":"Reverse"},"geometry":{"type":"LineString","coordinates":[[125.35580836111852,-30.896137282404368],[125.46226351001712,-30.830424226418383],[125.52140526040453,-30.784425088127517],[125.56477587555686,-30.71871203304079],[125.65411746674987,-30.632255247564103],[125.76095149460436,-30.490535231182417],[125.83340622195556,-30.391168748959895],[125.86177229925873,-30.35815943334876],[125.89344013756761,-30.295942535818373],[125.91931682674226,-30.207961796041445],[125.94312338002759,-30.13240186710436],[125.96071952744342,-30.09927970636358],[125.98038581074864,-30.074438085583132],[126.04248986225015,-29.98956254829136],[126.15945249278775,-29.875705120238944],[126.19947849603807,-29.79241686114777],[126.26073856259336,-29.71683625859597],[126.34188826267712,-29.627730707079365],[126.38882779413495,-29.580791175621467],[126.5139251282742,-29.490299385942656],[126.59599890202776,-29.429279046967963],[126.68717227637762,-29.3604140516303],[126.75559261003197,-29.31108776357335]]}},{"type":"Feature","properties":{"average_dip":"(30,,)","catalog_id":"AUS_443031","catalog_name":"AUS_FSD","dip_dir":"SE","name":"Gunnadorrah Scarp","net_slip_rate":"(0.004,0.0,0.008)","reference":"Nullarbor Fault database.doc","slip_type":"Reverse"},"geometry":{"type":"LineString","coordinates":[[125.91873882887673,-30.780172716757022],[125.92074130966945,-30.761149147429915],[125.90348381725198,-30.715698385135514],[125.89163747803603,-30.688056925765714],[125.89107336660207,-30.64010745566873],[125.88656047512939,-30.590465652169016],[125.87979113792062,-30.567337084271752],[125.86794479870457,-30.544208516374386],[125.86061135006173,-30.52446461708138],[125.84368800793936,-30.50697716442412],[125.85204131923946,-30.463573902982958],[125.86199525108212,-30.44090105932941],[125.8700706587,-30.43256653919996],[125.90467111658438,-30.41668813299589],[125.92902079472503,-30.391951951428116],[125.96999009505295,-30.36373724531105],[125.9978182986423,-30.34673112059556],[126.02281770007677,-30.325164055430314],[126.02000232479998,-30.28977077111835],[126.0429275191143,-30.255986274092116],[126.06665710662175,-30.21657102741165],[126.090787072397,-30.178140745284235],[126.10084380024455,-30.140153711831562],[126.09199547961634,-30.093498930009794]]}},{"type":"Feature","properties":{"average_dip":"(30,,)","catalog_id":"AUS_443030","catalog_name":"AUS_FSD","dip_dir":"W","name":"Haig Scarp","net_slip_rate":"(0.004,0.0,0.008)","reference":"Nullarbor Fault database.doc","slip_type":"Reverse"},"geometry":{"type":"LineString","coordinates":[[126.43612844295774,-30.17477340922642],[126.42404399204669,-30.220233962439654],[126.37052713762637,-30.300221519026927],[126.34866003614901,-30.34338027279484],[126.3250665844131,-30.395746227042608],[126.2876623306081,-30.43832953072423],[126.24450357684032,-30.48436553492309],[126.21573107432835,-30.52292068800113],[126.20891380865146,-30.539098174700843],[126.19895987680877,-30.563430006695114],[126.19895987680877,-30.601033747213364],[126.20338384691627,-30.62813056097441],[126.20338384691627,-30.6602043397575],[126.20172485767624,-30.682877183411158],[126.18292298741721,-30.718268938875607],[126.17905201402276,-30.788499453990735],[126.17518104242686,-30.84435206895426],[126.166964374838,-30.902080354724152],[126.16161058757508,-30.949621985620638],[126.15637917036918,-30.963799244771053],[126.14974321700652,-31.00416796705617],[126.15416718621476,-31.032923768258623],[126.17131006813315,-31.064444551227947],[126.169819728045,-31.10902207840127],[126.18292298741721,-31.12748611626728],[126.20172485767624,-31.177255772782644],[126.20229937077465,-31.206104087439076],[126.18812826422207,-31.230589794135017],[126.18054386786083,-31.240196695592996]]}},{"type":"Feature","properties":{"average_dip":"(30,,)","catalog_id":"AUS_443029","catalog_name":"AUS_FSD","dip_dir":"E","name":"Nurina Scarp","net_slip_rate":"(0.004,0.0,0.008)","reference":"Nullarbor Fault database.doc","slip_type":"Reverse"},"geometry":{"type":"LineString","coordinates":[[126.69922290738442,-31.55811686793631],[126.66162831116219,-31.511218643312926],[126.63219394721727,-31.461689242401917],[126.62396231958348,-31.450517747242035],[126.61867056037488,-31.42170705412085],[126.60103136061502,-31.358793906871377],[126.58370096322108,-31.276246868987172],[126.58927189410838,-31.24061126596143],[126.59103581444401,-31.218268279239062],[126.57715744545523,-31.168397798897875],[126.57398458693011,-31.12536849257752],[126.57101198600013,-31.096593003199924],[126.57299285039996,-31.039147936299926],[126.56764007916728,-31.00917241741817],[126.56308852850009,-30.983683733699877]]}},{"type":"Feature","properties":{"average_dip":"(40,,)","catalog_id":"AUS_443024","catalog_name":"AUS_FSD","dip_dir":"W","name":"Talganna Scarp","net_slip_rate":"(0.003,0.0,0.006)","reference":"Nullarbor Fault database.doc","slip_type":"Reverse"},"geometry":{"type":"LineString","coordinates":[[127.0360674547343,-31.731731327435067],[127.04604962618795,-31.713364130089538],[127.04445247882745,-31.69779194107496],[127.06281967617271,-31.675032588937473],[127.07719400421716,-31.64109320257746],[127.08478045462994,-31.63151031841346],[127.10793909405743,-31.615538842109117],[127.13548988917614,-31.586790186020153],[127.16543640623512,-31.570818710615022],[127.18500146365147,-31.537677898834712],[127.1981779307257,-31.52170642342958],[127.23131874340562,-31.49814849761174],[127.25767167665468,-31.475788431864714],[127.28242746434205,-31.452629792437392],[127.29280892308554,-31.42987043940053],[127.3131725541823,-31.392337471928673]]}},{"type":"Feature","properties":{"average_dip":"(30,,)","catalog_id":"AUS_443020","catalog_name":"AUS_FSD","dip_dir":"W","name":"Madura Scarp","net_slip_rate":"(0.005,0.0,0.01)","reference":"Nullarbor Fault database.doc","slip_type":"Reverse"},"geometry":{"type":"LineString","coordinates":[[126.94735795451048,-31.474596755549086],[126.93969115890411,-31.505628856803348],[126.94057562143543,-31.533489417999135],[126.95687579853382,-31.55359486094264],[126.96932064426336,-31.57373245103748],[126.96136048417874,-31.60734201733851],[126.9542847866253,-31.657756366340386],[126.97064733940944,-31.691808162558104],[126.9923166637849,-31.727186653921994],[127.0069102906067,-31.764334069449372],[127.01487045159094,-31.808114950814684],[127.0232728415923,-31.843493441279183],[127.01929276244924,-31.882852012685362],[127.00912144558639,-31.89877233285483],[127.0049057170919,-31.933504492268128],[127.00428509675828,-31.954250393683022],[127.01886592442906,-31.97711578038438],[127.0138163004034,-32.00335582134261],[126.9916873130493,-32.04475844284406],[126.97025360093654,-32.079923889771976],[126.933688886729,-32.121285604771],[126.91989537142786,-32.1454242569974],[126.88160033825363,-32.19378792424403],[126.87575612282455,-32.19921896595184],[126.85403133636034,-32.2309440506045],[126.82299592558411,-32.250944647880885],[126.80334016794392,-32.2588759190441],[126.79333986885604,-32.26301397399407],[126.77989119139261,-32.28301457127047]]}},{"type":"Feature","properties":{"average_dip":"(30,,)","catalog_id":"AUS_443020","catalog_name":"AUS_FSD","dip_dir":"W","name":"Madura Scarp Splay","net_slip_rate":"(0.004,0.0,0.008)","reference":"Nullarbor Fault database.doc","slip_type":"Reverse"},"geometry":{"type":"LineString","coordinates":[[126.98133525832226,-32.06357844479078],[126.98221045244077,-32.107471542659574],[126.97376762892087,-32.144312953074575],[126.9520209628512,-32.179363460795045],[126.93129766859329,-32.218763302988506],[126.92208731778827,-32.246906046256186],[126.91441202335238,-32.27939812399682]]}},{"type":"Feature","properties":{"average_dip":"(30,,)","catalog_id":"AUS_443021","catalog_name":"AUS_FSD","dip_dir":"W","name":"Horseshoe Scarp","net_slip_rate":"(0.004,0.0,0.008)","reference":"Nullarbor Fault database.doc","slip_type":"Reverse"},"geometry":{"type":"LineString","coordinates":[[127.41810060548312,-31.257234975550602],[127.41385425710087,-31.303414374865383],[127.41251449930236,-31.39384806493996],[127.40679816570547,-31.436289416239394],[127.39223923378984,-31.525390052756826],[127.37078104684463,-31.65652341832124],[127.35082355620888,-31.762728385764312],[127.32778000808035,-31.83539168743756],[127.32033651389736,-31.887058294701205]]}},{"type":"Feature","properties":{"average_dip":"(30,,)","catalog_id":"AUS_443019","catalog_name":"AUS_FSD","dip_dir":"E","name":"Mundrabilla Scarp","net_slip_rate":"(0.01,0.0,0.02)","reference":"Nullarbor Fault database.doc","slip_type":"Reverse"},"geometry":{"type":"LineString","coordinates":[[127.4538111375607,-31.855556626821567],[127.44752436126431,-31.813226281742395],[127.44975014011948,-31.775388042105707],[127.44307280355419,-31.734582096429627],[127.44752436126431,-31.703421193358054],[127.45345977244381,-31.627002787799654],[127.46162096067975,-31.550584382241194],[127.46681444377555,-31.460069377267473],[127.47274985405568,-31.401457201650203],[127.47349178034074,-31.342845026032883],[127.46607251659124,-31.26345891533441],[127.46087903439467,-31.204846739717144],[127.46013710810973,-31.139557228434],[127.46310481235048,-31.077235421391723],[127.46681444377555,-31.034945624044834],[127.46384674043406,-30.990430047843013],[127.45568555039972,-30.939237135075924],[127.46533059120554,-30.89101192744897],[127.47200792777086,-30.86727028632827],[127.4964914951763,-30.839819014681904],[127.50020112660151,-30.80569040557097],[127.51949120911274,-30.744852451997932],[127.53729743995325,-30.70775613864623],[127.54620055537339,-30.677337161859786],[127.55139403936846,-30.66027285730433],[127.55802773903018,-30.638990005779185]]}},{"type":"Feature","properties":{"average_dip":"(40,,)","catalog_id":"AUS_443033","catalog_name":"AUS_FSD","dip_dir":"SE","name":"Loongana Scarp 2","net_slip_rate":"(0.003,0.0,0.006)","reference":"Nullarbor Fault database.doc","slip_type":"Reverse"},"geometry":{"type":"LineString","coordinates":[[126.55103245474017,-30.735170872284463],[126.57213749819256,-30.67311886490165],[126.58676370385444,-30.638991049892127],[126.60821547413684,-30.600962913013014],[126.60821547413684,-30.575610821760275],[126.62536929120165,-30.53634672741812],[126.63014953318385,-30.52042451650829],[126.66434453271118,-30.46524637676032],[126.68071307955792,-30.444876629573173],[126.69736930659872,-30.415133367000294],[126.70629228537041,-30.38955416118764]]}},{"type":"Feature","properties":{"average_dip":"(40,,)","catalog_id":"AUS_443033","catalog_name":"AUS_FSD","dip_dir":"SE","name":"Loongana Scarp 1","net_slip_rate":"(0.003,0.0,0.006)","reference":"Nullarbor Fault database.doc","slip_type":"Reverse"},"geometry":{"type":"LineString","coordinates":[[126.5701873372577,-30.488828663310418],[126.61016563507165,-30.44202480267445],[126.6481937710514,-30.39814618299107],[126.67062062135165,-30.378644575441957],[126.68914714978234,-30.35329248328981],[126.69898696295228,-30.345241726722463],[126.71644940196995,-30.323064989250543]]}},{"type":"Feature","properties":{"average_dip":"(40,,)","catalog_id":"AUS_443033","catalog_name":"AUS_FSD","dip_dir":"NW","name":"Loongana Scarp 3","net_slip_rate":"(0.003,0.0,0.006)","reference":"Nullarbor Fault database.doc","slip_type":"Reverse"},"geometry":{"type":"LineString","coordinates":[[126.82206574242014,-30.32775389063465],[126.82278917684539,-30.344392885118026],[126.80325644466029,-30.379841175562547],[126.77287219519393,-30.41963007435851],[126.75500562314585,-30.448160643884876],[126.7336153646221,-30.474703990541226],[126.71937932090259,-30.491870984438325]]}},{"type":"Feature","properties":{"average_dip":"(40,,)","catalog_id":"AUS_443033","catalog_name":"AUS_FSD","dip_dir":"NW","name":"Loongana Scarp 4","net_slip_rate":"(0.003,0.0,0.006)","reference":"Nullarbor Fault database.doc","slip_type":"Reverse"},"geometry":{"type":"LineString","coordinates":[[127.11912876988198,-30.299327974172904],[127.07415695687199,-30.365714936235573],[127.03662627611597,-30.397930878462873],[126.99972949431685,-30.42673222188779],[126.9789922332002,-30.446909016500005],[126.93583756760574,-30.485333609222227],[126.92718422359076,-30.506101633959016],[126.90158654742413,-30.524112681067443],[126.8778601640538,-30.54244567792307],[126.86228414572598,-30.556291027447795],[126.85882280811995,-30.57359771457866],[126.83805478338297,-30.60474975213368],[126.83371242223267,-30.613342468786076],[126.8194356561977,-30.651413844879354],[126.80753835116853,-30.68353656845807],[126.79147698937925,-30.716254157288233],[126.79138904187836,-30.734690005484147]]}},{"type":"Feature","properties":{"average_dip":"(40,,)","catalog_id":"AUS_443033","catalog_name":"AUS_FSD","dip_dir":"NW","name":"Loongana Scarp 5","net_slip_rate":"(0.003,0.0,0.006)","reference":"Nullarbor Fault database.doc","slip_type":"Reverse"},"geometry":{"type":"LineString","coordinates":[[127.23667414356999,-30.40997291094402],[127.1990786596781,-30.446140718232584],[127.17293918642429,-30.48014160281316],[127.14697915437897,-30.502640296352983],[127.12448046083921,-30.52513898989292],[127.10371243610224,-30.550233687086966],[127.07429106735049,-30.566675040265977],[127.04313902979538,-30.577924387035864],[127.01890966655321,-30.604749752133674],[126.99381497025844,-30.622921774115586],[126.96612427030959,-30.642824464900627],[126.93555731905053,-30.66037003696103],[126.897783375583,-30.670780178861552],[126.8713118718931,-30.679405725007655],[126.85525051010382,-30.688031271153825],[126.8200471457201,-30.710630113341235],[126.81218337784071,-30.715414363729277],[126.79138904187836,-30.734690005484147]]}},{"type":"Feature","properties":{"average_dip":"(30,,)","catalog_id":"AUS_443035","catalog_name":"AUS_FSD","dip_dir":"W","name":"Naretha Scarp","net_slip_rate":"(0.004,0.0,0.008)","reference":"Nullarbor Fault database.doc","slip_type":"Reverse"},"geometry":{"type":"LineString","coordinates":[[124.89532924800028,-30.747687203500004],[124.86223972364951,-30.802937371297254],[124.8592255766207,-30.854177868991542],[124.85199162357115,-30.9011985606653],[124.852055284779,-30.93433645774296],[124.82426147216347,-31.00066540902491],[124.82829738391604,-31.03191419744241],[124.81844775218656,-31.060838281452785],[124.83030180094875,-31.08322727492107],[124.81546911544558,-31.120910315857145],[124.82148236564466,-31.159395123066865],[124.82308589909121,-31.184249894633368],[124.81386558020074,-31.21030731695907],[124.81586999813284,-31.243580640243195],[124.8234867826776,-31.308523753364963]]}},{"type":"Feature","properties":{"average_dip":"(30,,)","catalog_id":"AUS_443038","catalog_name":"AUS_FSD","dip_dir":"E","name":"Rawlinna Scarp","net_slip_rate":"(0.004,0.0,0.008)","reference":"Nullarbor Fault database.doc","slip_type":"Reverse"},"geometry":{"type":"LineString","coordinates":[[125.39294312122615,-31.778123049770556],[125.38458537013298,-31.724613267317473],[125.37581100198418,-31.66771605910002],[125.37485921758173,-31.6087054261555],[125.37446783542555,-31.523563101637993],[125.37829500194471,-31.44548889943286],[125.36527513853262,-31.36394037003434],[125.35867888274208,-31.303182633006884],[125.35487174513288,-31.276532669741584],[125.35582352953509,-31.22608809641793]]}},{"type":"Feature","properties":{"average_dip":"(30,,)","catalog_id":"AUS_443036","catalog_name":"AUS_FSD","dip_dir":"E","name":"Caiguna Scarp","net_slip_rate":"(0.004,0.0,0.008)","reference":"Nullarbor Fault database.doc","slip_type":"Reverse"},"geometry":{"type":"LineString","coordinates":[[125.50235427974212,-32.39800853102726],[125.50008071541096,-32.37072575815496],[125.48719718360188,-32.35784222634584],[125.47128223238498,-32.313886647179736],[125.46067226490696,-32.29342456730064],[125.43945233085039,-32.275236052652],[125.42708838665978,-32.272337100681625],[125.4038331548312,-32.238859021555925],[125.37283667572683,-32.19619434849508],[125.36821397881204,-32.18580918506547],[125.36897183388886,-32.143369316053],[125.3727611065749,-32.093350898071094],[125.36669826865831,-32.06606812519874],[125.35533044700298,-32.03196465933313],[125.34547833460194,-32.00922901422364],[125.34713849686408,-31.97157322954462],[125.35608830207978,-31.95921059714107],[125.3697296880663,-31.937990663084452],[125.3886760586912,-31.914497163797428]]}},{"type":"Feature","properties":{"average_dip":"(40,,)","catalog_id":"AUS_443037","catalog_name":"AUS_FSD","dip_dir":"W","name":"Culver Scarp 2","net_slip_rate":"(0.003,0.0,0.006)","reference":"Nullarbor Fault database.doc","slip_type":"Reverse"},"geometry":{"type":"LineString","coordinates":[[124.88654622996512,-32.56374969006578],[124.84133647085433,-32.592303222135726],[124.79969590325233,-32.60182106615906],[124.75329641363862,-32.63691811599507],[124.71214556683152,-32.678938294180966],[124.68712642977506,-32.70395743123754],[124.68423960606106,-32.71454245062308],[124.65729591986201,-32.74822205882167],[124.63901270390545,-32.77901484240698],[124.62350619507663,-32.784656301187894],[124.60271809027768,-32.81445258470334],[124.58911360423632,-32.84155176249644],[124.57915823811199,-32.86365109978436],[124.55877547641215,-32.87843340808683],[124.52248869607307,-32.90282288339662],[124.50226327752353,-32.91947911043741]]}},{"type":"Feature","properties":{"average_dip":"(40,,)","catalog_id":"AUS_443037","catalog_name":"AUS_FSD","dip_dir":"W","name":"Culver Scarp 1","net_slip_rate":"(0.003,0.0,0.006)","reference":"Nullarbor Fault database.doc","slip_type":"Reverse"},"geometry":{"type":"LineString","coordinates":[[124.68631458632444,-32.548164220477446],[124.64226884556422,-32.608575719360836],[124.60490502334731,-32.65614388350769],[124.558418557261,-32.70223432060499],[124.54057259971728,-32.72781352641767],[124.52391637267645,-32.749228675470135],[124.50309608887551,-32.7759976117859],[124.49813294214391,-32.80382758955432],[124.49455598589907,-32.829129920419916],[124.48410189970718,-32.851267984926665],[124.47795243729412,-32.87771067411177],[124.47513742205696,-32.90210904509489],[124.46859390429098,-32.921144733141546]]}},{"type":"Feature","properties":{"average_dip":"(30,,)","catalog_id":"AUS_442859","catalog_name":"AUS_FSD","dip_dir":"E","name":"Mount Ragged Scarp","net_slip_rate":"(0.004,0.0,0.008)","reference":"Nullarbor Fault database.doc","slip_type":"Reverse"},"geometry":{"type":"LineString","coordinates":[[123.87444329242906,-32.97621625244274],[123.8973114265592,-32.905117140635426],[123.91103230811655,-32.874349103694385],[123.939432828554,-32.82615237759608],[123.93398215014976,-32.79188081225545],[123.92600054213392,-32.760424212100695],[123.9268321110403,-32.713856373135386]]}},{"type":"Feature","properties":{"average_dip":"(40,,)","catalog_id":"AUS_443040","catalog_name":"AUS_FSD","dip_dir":"W","name":"Woorlba Scarp","net_slip_rate":"(0.003,0.0,0.006)","reference":"Nullarbor Fault database.doc","slip_type":"Reverse"},"geometry":{"type":"LineString","coordinates":[[123.90712506956127,-32.19598943219609],[123.94131333609835,-32.2553309067178],[123.95701872010149,-32.294303526880526],[123.9744691476709,-32.34549144571241]]}},{"type":"Feature","properties":{"average_dip":"(40,,)","catalog_id":"AUS_443039","catalog_name":"AUS_FSD","dip_dir":"W","name":"Kitchener Scarp","net_slip_rate":"(0.003,0.0,0.006)","reference":"Nullarbor Fault database.doc","slip_type":"Reverse"},"geometry":{"type":"LineString","coordinates":[[124.09303025206917,-31.649600193623428],[124.1027090192498,-31.677561075990297],[124.1204571298,-31.69485592559999],[124.14034866879729,-31.705521959256423],[124.15647994743175,-31.740473062215017],[124.17852602838205,-31.753915794260582],[124.19949669015716,-31.816290070448083],[124.22014196732971,-31.86849027784726],[124.22523667878625,-31.889332279914903],[124.24283659166336,-31.911100593565322]]}},{"type":"Feature","properties":{"average_dip":"(30,,)","catalog_id":"AUS_443041","catalog_name":"AUS_FSD","dip_dir":"W","name":"Cundeelee Scarp","net_slip_rate":"(0.004,0.0,0.008)","reference":"Nullarbor Fault database.doc","slip_type":"Reverse"},"geometry":{"type":"LineString","coordinates":[[124.46838739766122,-30.724172309506173],[124.46232897523261,-30.76336529544535],[124.45910749973837,-30.779137858740857],[124.43751800244763,-30.86330113394791],[124.42704609888756,-30.906177180439897],[124.42790681729946,-30.93956111975393],[124.4208339519307,-30.966387222875348],[124.41509966243189,-30.985023664645894],[124.4163819071,-30.999605962399983],[124.39885250795248,-31.037110130291484],[124.39550750574494,-31.051923710597407],[124.39261166542803,-31.078844143926183]]}},{"type":"Feature","properties":{"average_dip":"(45,,)","catalog_id":"AUS_442990","catalog_name":"AUS_FSD","name":"Woodcutters Camp Scarp","net_slip_rate":"(0.002,0.0,0.004)","reference":"Domain 1 faults.doc","slip_type":"Reverse"},"geometry":{"type":"LineString","coordinates":[[122.48387021000599,-31.880444176877276],[122.4607773946559,-31.867699300740192],[122.43489440033454,-31.86038891521072],[122.40101087086556,-31.84942412921935],[122.37610259773226,-31.822996869702195],[122.34117409563578,-31.784572531107194],[122.31743819398811,-31.75985532973091],[122.30631265418401,-31.73771026759938],[122.30318146399031,-31.719220693210218]]}},{"type":"Feature","properties":{"average_dip":"(45,,)","catalog_id":"AUS_442991","catalog_name":"AUS_FSD","name":"Queen Victoria Springs Scarp","net_slip_rate":"(0.003,0.0,0.006)","reference":"Domain 1 faults.doc","slip_type":"Reverse"},"geometry":{"type":"LineString","coordinates":[[123.71557896786577,-30.418875464035587],[123.710787752413,-30.422394500344293],[123.70865345169545,-30.427957299924053],[123.70356798526917,-30.433308879335947],[123.69855660319308,-30.439747021422377],[123.69206664576869,-30.442989594448235],[123.68538164787924,-30.44951355973516],[123.68386235032995,-30.457952628585534],[123.68334899393324,-30.462704767596904],[123.68313380955398,-30.471803772442236],[123.68119610512862,-30.480264413330186],[123.6793370590053,-30.495991399048368],[123.67884850501093,-30.50110580835543],[123.68188088039811,-30.508583588291405],[123.68520769381769,-30.514228497771004],[123.68421154178543,-30.53027461690458],[123.68295963280025,-30.534111419287],[123.68143680057597,-30.53877853676585],[123.6762702962418,-30.543043372739646],[123.67214408266487,-30.556342584680433],[123.67030472180123,-30.56625238679117],[123.66937719883197,-30.577205853915515],[123.67233765993308,-30.58359686163498],[123.67327982386519,-30.591182324592136],[123.67646570542877,-30.6008332694472]]}},{"type":"Feature","properties":{"average_dip":"(45,,)","catalog_id":"AUS_443042","catalog_name":"AUS_FSD","name":"Edjudina Scarp","net_slip_rate":"(0.002,0.0,0.004)","reference":"Domain 1 faults.doc","slip_type":"Reverse"},"geometry":{"type":"LineString","coordinates":[[121.67718957955809,-29.24085772240091],[121.69349248840592,-29.271134549649503],[121.70368180519925,-29.28831082789146],[121.711542136042,-29.30694272179044],[121.7167823560045,-29.321790013182635],[121.71998471314771,-29.329650343126126],[121.73774323765247,-29.34129527737515],[121.74676806102093,-29.362547281255324],[121.75288165127677,-29.377394572647464],[121.75433726873234,-29.389621753159204],[121.76132422838248,-29.397482084002057],[121.76219759867593,-29.408544771088895],[121.76743781863844,-29.420189704438485]]}},{"type":"Feature","properties":{"average_dip":"(30,,)","catalog_id":"AUS_443022","catalog_name":"AUS_FSD","dip_dir":"W","name":"Forrest Scarp","net_slip_rate":"(0.01,0.0,0.02)","reference":"Nullarbor Fault database.doc","slip_type":"Reverse"},"geometry":{"type":"LineString","coordinates":[[128.2539685734738,-30.823226245297633],[128.25357417518933,-30.89207231533163],[128.24593211331,-30.9160815035816],[128.26037833790008,-30.970057409499912],[128.24100726106803,-31.02196338085121],[128.2359451985982,-31.047273693199834],[128.24146744864697,-31.07626550528108],[128.24806850162156,-31.106902612086444],[128.2544930463372,-31.122250135574014],[128.2502100165267,-31.149875677851746],[128.2304229494489,-31.181188252609275],[128.2037659120192,-31.21738396091336],[128.18900607543253,-31.241933001346457],[128.17197913770724,-31.2773674377351],[128.1517308887279,-31.2994564370307],[128.10968267099997,-31.33737809769992],[128.09040426330296,-31.365224686550505],[128.06843695311602,-31.388272622691087],[128.03723557066076,-31.442961385446395],[128.03014744357756,-31.487065287996185],[128.02148417644332,-31.520143214683685],[128.02935987400156,-31.55085843264323],[128.03723557066076,-31.59102448641375],[128.04920159165238,-31.63437043675999],[128.05100607141162,-31.67722683486426],[128.0442392720896,-31.696173873685318],[127.98784927444194,-31.735421311371812],[127.98243583516434,-31.74354147163729],[127.9761201555573,-31.770157550109722],[127.97115783509514,-31.78278890932376],[127.95627087640685,-31.823840827668796]]}},{"type":"Feature","properties":{"average_dip":"(30,,)","catalog_id":"AUS_443028","catalog_name":"AUS_FSD","dip_dir":"W","name":"Bultanna Scarp","net_slip_rate":"(0.004,0.0,0.008)","reference":"Nullarbor Fault database.doc","slip_type":"Reverse"},"geometry":{"type":"LineString","coordinates":[[128.3110696889613,-30.95662775226311],[128.32897392524706,-31.010243576526086],[128.34247857423816,-31.036577642059093],[128.34320340159968,-31.047476200735673],[128.34677015863315,-31.095032962083394],[128.35770266090162,-31.11983403136884],[128.36935962074563,-31.149723236598962],[128.36935962074563,-31.161612426711155],[128.41957311082706,-31.19647742165091],[128.4269337323268,-31.2417552683338],[128.4318187155909,-31.272042161693964],[128.4371921961922,-31.297444073588405],[128.44793915919365,-31.32382298105666],[128.4567321283497,-31.335546941430266],[128.45819762305905,-31.37316130833762],[128.45526663364024,-31.394166735204376],[128.4557551318768,-31.421522640044888],[128.4694330833977,-31.451809534304218],[128.47041008076997,-31.47574595059005],[128.47236407371588,-31.49186639419268]]}},{"type":"Feature","properties":{"average_dip":"(30,,)","catalog_id":"AUS_443028","catalog_name":"AUS_FSD","dip_dir":"W","name":"Bultanna Scarp 2","net_slip_rate":"(0.004,0.0,0.008)","reference":"Nullarbor Fault database.doc","slip_type":"Reverse"},"geometry":{"type":"LineString","coordinates":[[128.33008158239772,-31.24673163809397],[128.3386476420187,-31.283494310634133],[128.34328759098025,-31.301340268177864],[128.34078915692396,-31.323826174682893],[128.33509605307574,-31.341897417605256],[128.33753854515737,-31.357040864734927],[128.34242352842148,-31.390747248448307],[128.3365615477852,-31.405402196442193],[128.32923407423777,-31.42445362856449],[128.32776493277754,-31.456307186764935]]}},{"type":"Feature","properties":{"average_dip":"(30,,)","catalog_id":"AUS_443028","catalog_name":"AUS_FSD","dip_dir":"E","name":"Bultanna Scarp 3","net_slip_rate":"(0.004,0.0,0.008)","reference":"Nullarbor Fault database.doc","slip_type":"Reverse"},"geometry":{"type":"LineString","coordinates":[[128.29726738140005,-31.418220043999924],[128.2929857762458,-31.385190518802386],[128.29177326850004,-31.375836887700018],[128.3059009873,-31.34522683040001],[128.31216128890992,-31.325001240649453],[128.31610433979995,-31.312262153199924]]}},{"type":"Feature","properties":{"average_dip":"(30,,)","catalog_id":"AUS_443018","catalog_name":"AUS_FSD","dip_dir":"W","name":"Deakin Scarp","net_slip_rate":"(0.006,0.0,0.012)","reference":"Nullarbor Fault database.doc","slip_type":"Reverse"},"geometry":{"type":"LineString","coordinates":[[128.8893502928737,-30.05599317017612],[128.92218685475405,-30.18591174109452],[128.96930018266949,-30.26586163089034],[129.0219396131057,-30.327902770692738],[129.02429046140537,-30.34618850385737],[129.03978557064943,-30.38905491854251],[129.05378349623038,-30.4760904142772],[129.0438420235953,-30.518507364967082],[129.03621637914068,-30.570369847186836],[129.03174411163184,-30.607549765191433],[128.98922202427536,-30.67863532295212],[128.98493899446476,-30.727913960382754],[128.96315546176618,-30.761846997042937],[128.95448644256805,-30.803864080380265],[128.92841908183448,-30.83694153942037],[128.88933604021508,-30.866615123934707],[128.87277107342447,-30.886693872295385],[128.81203285916104,-30.937894681109864],[128.76083205124598,-30.961989178423256],[128.7407533028853,-30.97052264730849],[128.7199393380812,-31.014637530580234],[128.72135001101913,-31.017458877355228],[128.71517728944036,-31.051731631599747]]}},{"type":"Feature","properties":{"average_dip":"(30,,)","catalog_id":"AUS_443026","catalog_name":"AUS_FSD","dip_dir":"E","name":"Coompana Scarp 1","net_slip_rate":"(0.004,0.0,0.008)","reference":"Nullarbor Fault database.doc","slip_type":"Reverse"},"geometry":{"type":"LineString","coordinates":[[129.16717596424883,-31.270526248152304],[129.1796681345296,-31.212824318760923],[129.19289093708937,-31.169469727738093],[129.1761756773999,-31.09956954889271],[129.1589602946001,-31.0488085225],[129.14492980490002,-30.97023778030001],[129.14502451038868,-30.949132208989717],[129.116152698443,-30.904304920577882],[129.11159399011035,-30.883790737577645],[129.09791786781068,-30.829846035198656],[129.07664390068783,-30.785018746786815],[129.0624102790465,-30.752368870870217],[129.04625251869834,-30.702962015685387],[129.04169381126508,-30.681688048562656],[129.05205962367086,-30.650408966770396],[129.07204709611995,-30.6243538687566]]}},{"type":"Feature","properties":{"average_dip":"(30,,)","catalog_id":"AUS_443026","catalog_name":"AUS_FSD","dip_dir":"E","name":"Coompana Scarp 2","net_slip_rate":"(0.004,0.0,0.008)","reference":"Nullarbor Fault database.doc","slip_type":"Reverse"},"geometry":{"type":"LineString","coordinates":[[128.94311996728743,-31.266094502028924],[128.94813582789732,-31.219230513340904],[128.94693011494667,-31.193508645151468],[128.94692710489687,-31.17377141500271],[128.94596095876307,-31.151234898904193],[128.9436816045967,-31.089692349903594],[128.9338044056077,-31.060060752936124],[128.92848591405175,-31.03650743164706]]}},{"type":"Feature","properties":{"average_dip":"(30,,)","catalog_id":"AUS_443026","catalog_name":"AUS_FSD","dip_dir":"W","name":"Coompana Scarp 3","net_slip_rate":"(0.004,0.0,0.008)","reference":"Nullarbor Fault database.doc","slip_type":"Reverse"},"geometry":{"type":"LineString","coordinates":[[129.48922857557238,-30.909420733070522],[129.50314842245643,-30.981161482396317],[129.5095729671724,-31.00400430805229],[129.53277271197908,-31.036840869932806],[129.53976693874017,-31.0774138369897],[129.55166465802233,-31.096582385121906],[129.55166465802233,-31.12698766883107],[129.5568366942291,-31.153229264873023]]}},{"type":"Feature","properties":{"average_dip":"(30,,)","catalog_id":"AUS_443026","catalog_name":"AUS_FSD","dip_dir":"E","name":"Coompana Scarp 4","net_slip_rate":"(0.004,0.0,0.008)","reference":"Nullarbor Fault database.doc","slip_type":"Reverse"},"geometry":{"type":"LineString","coordinates":[[129.78211993060017,-31.215571832799984],[129.78763609704822,-31.16069787376387],[129.7961790453245,-31.131186498813978],[129.7933236921175,-31.105488319950933],[129.78763609704822,-31.091294510085213],[129.7863141278391,-31.055601351339245],[129.7816872374069,-31.03709378691218],[129.7704505018297,-31.010654409930098],[129.76978951722538,-30.98091011172447],[129.76191480684065,-30.95225103117549],[129.75144517841488,-30.917035008289247],[129.7333612747707,-30.869445788172627]]}},{"type":"Feature","properties":{"average_dip":"(50,,)","catalog_id":"AUS_443017","catalog_name":"AUS_FSD","dip_dir":"W","name":"Cook Scarp","net_slip_rate":"(0.003,0.0,0.005)","reference":"Nullarbor Fault database.doc","slip_type":"Reverse"},"geometry":{"type":"LineString","coordinates":[[130.58112753923297,-30.834675914224874],[130.55673806392304,-30.868583233557953],[130.54924276175473,-30.903809170865145],[130.53179729443764,-30.926054350264288],[130.5007521341114,-30.953650049431417],[130.45596789032618,-30.97638273154297],[130.41551705322706,-31.006125994115845],[130.37312202804935,-31.045060800730084],[130.3650943441687,-31.055295929886938],[130.35759944743643,-31.09047872158265],[130.31908045160048,-31.134746821449088],[130.28976002095442,-31.16349234153887],[130.26380684623985,-31.179285798010255],[130.24705121401428,-31.21212783069565],[130.23366674585668,-31.229081490362102],[130.21490943316746,-31.239534396179806],[130.18397651002897,-31.277324597631],[130.1691238660734,-31.293624370145317],[130.1572803397354,-31.321612196597762],[130.145055986692,-31.345187734738218],[130.11711460792196,-31.364397433148497],[130.10844761042472,-31.37036198758335]]}},{"type":"Feature","properties":{"average_dip":"(50,,)","catalog_id":"AUS_443017","catalog_name":"AUS_FSD","dip_dir":"W","name":"Cook Scarp 2","net_slip_rate":"(0.003,0.0,0.005)","reference":"Nullarbor Fault database.doc","slip_type":"Reverse"},"geometry":{"type":"LineString","coordinates":[[130.5533930348471,-30.461853075018656],[130.56557587519694,-30.56540721799242],[130.58537299076534,-30.6354585500041],[130.60212439624638,-30.68875847653472],[130.62344436685862,-30.717692722365676],[130.632581497121,-30.745104113152877]]}},{"type":"Feature","properties":{"average_dip":"(50,,)","catalog_id":"AUS_443025","catalog_name":"AUS_FSD","dip_dir":"E","name":"Knardna Scarp","net_slip_rate":"(0.003,0.0,0.005)","reference":"Nullarbor Fault database.doc","slip_type":"Reverse"},"geometry":{"type":"LineString","coordinates":[[130.4046905056506,-31.2246794875013],[130.42574873555213,-31.185775300056047],[130.45073307611335,-31.162932474400073],[130.4728620634677,-31.134378942330102],[130.47536049752375,-31.11688990393724],[130.47428974007107,-31.09476091658301],[130.4821419613903,-31.046576831214956],[130.48535423374813,-31.017666379994047],[130.48713882950267,-30.999820422450316],[130.49806055551937,-30.988960165842965],[130.51140933176202,-30.969839213776936],[130.51497852327077,-30.959131639250703],[130.52068922968476,-30.94128568170696]]}},{"type":"Feature","properties":{"average_dip":"(50,,)","catalog_id":"AUS_443025","catalog_name":"AUS_FSD","dip_dir":"W","name":"Knardna Scarp 2","net_slip_rate":"(0.003,0.0,0.005)","reference":"Nullarbor Fault database.doc","slip_type":"Reverse"},"geometry":{"type":"LineString","coordinates":[[130.49806055551937,-30.988960165842965],[130.50412818108418,-31.02822127243917],[130.5144788364595,-31.060700915168766],[130.5262571684384,-31.07497768120373],[130.51697727051578,-31.119592575063052],[130.50769737259293,-31.152429136943383],[130.50805429174375,-31.16670590297838]]}},{"type":"Feature","properties":{"average_dip":"(50,,)","catalog_id":"AUS_443016","catalog_name":"AUS_FSD","dip_dir":"W","name":"O'Malley Scarp","net_slip_rate":"(0.003,0.0,0.005)","reference":"Nullarbor Fault database.doc","slip_type":"Reverse"},"geometry":{"type":"LineString","coordinates":[[131.23758730197267,-30.455362745500402],[131.21260296141145,-30.50057250461117],[131.19535186911924,-30.543402802716113],[131.18226483358717,-30.586233100821048],[131.16560860654636,-30.60288932786186],[131.12099371268698,-30.66059125725325],[131.10731181190351,-30.685575597814495],[131.0894658543598,-30.71710345614173],[131.08649152810244,-30.75220050597771],[131.07102503156455,-30.781348903299143],[131.04960988251207,-30.82596379715847],[131.03295365547126,-30.848568676713843],[131.0106581058468,-30.850472245518464],[130.97782154396623,-30.87474274777799],[130.95021979629848,-30.90424806425028],[130.92928053944718,-30.93422927292374],[130.9040582527855,-30.978963139833297],[130.8731252597097,-31.008944348506812],[130.8502824340536,-31.024172898944066],[130.82215734704843,-31.043871709453697]]}},{"type":"Feature","properties":{"average_dip":"(50,,)","catalog_id":"AUS_443023","catalog_name":"AUS_FSD","dip_dir":"W","name":"Irish Well Scarp","net_slip_rate":"(0.003,0.0,0.005)","reference":"Nullarbor Fault database.doc","slip_type":"Reverse"},"geometry":{"type":"LineString","coordinates":[[131.09453014337453,-29.6641847075506],[131.0969095246337,-29.684171511925054],[131.10071653644673,-29.70082718163746],[131.10595117431728,-29.719386356357173],[131.10547529806536,-29.745083675753214],[131.10452354556173,-29.76792573673919],[131.09948885352856,-29.801714449248767],[131.09339743335363,-29.827602984992325],[131.07512317282897,-29.856537230823225],[131.07512317282897,-29.87633434639173],[131.07664602787258,-29.897654317003923],[131.06446318752273,-29.91136001239755],[131.08331250939727,-29.931926468925667],[131.07982987494643,-29.947065639779183],[131.06938590522782,-29.96616718931938],[131.067493245145,-30.000992121893944],[131.07317122359507,-30.01802605634447],[131.10913175167957,-30.085783262309914],[131.1106458790265,-30.136506533824733],[131.11663358833994,-30.15878447952263],[131.12351596327312,-30.237196012281803],[131.1371431102939,-30.275806264122714],[131.1503917263774,-30.34053521359573],[131.15190585372432,-30.40034325099032],[131.1571861951403,-30.468777564605443],[131.14562113409727,-30.53543160834664],[131.13848275107978,-30.588255642676135],[131.1364337496185,-30.639865580821887]]}},{"type":"Feature","properties":{"average_dip":"(50,,)","catalog_id":"AUS_443014","catalog_name":"AUS_FSD","dip_dir":"W","name":"Yarle Scarp","net_slip_rate":"(0.003,0.0,0.005)","reference":"Nullarbor Fault database.doc","slip_type":"Reverse"},"geometry":{"type":"LineString","coordinates":[[131.4470631516208,-30.212530158415063],[131.4482068119156,-30.247111973849083],[131.45109167600708,-30.28296671558269],[131.4572735284022,-30.327476051388995],[131.45644928177592,-30.348906471766497],[131.46128043113072,-30.3859428970589],[131.46634024488878,-30.42102808034553],[131.4758190846884,-30.455646452139717],[131.48406155544808,-30.475840502577796],[131.49651929684262,-30.50815201431839],[131.49889875784845,-30.52528413356034]]}},{"type":"Feature","properties":{"average_dip":"(50,,)","catalog_id":"AUS_443014","catalog_name":"AUS_FSD","dip_dir":"W","name":"Yarle Scarp 2","net_slip_rate":"(0.003,0.0,0.005)","reference":"Nullarbor Fault database.doc","slip_type":"Reverse"},"geometry":{"type":"LineString","coordinates":[[131.45754901420014,-30.46599637049999],[131.45243682590024,-30.51711825360003],[131.4588270613001,-30.54523528929991],[131.44860268469995,-30.563127948399938],[131.46075075388217,-30.621379524210738],[131.46777339080006,-30.65259124389993]]}},{"type":"Feature","properties":{"average_dip":"(50,,)","catalog_id":"AUS_443015","catalog_name":"AUS_FSD","dip_dir":"E","name":"Watson Scarp 2","net_slip_rate":"(0.003,0.0,0.005)","reference":"Nullarbor Fault database.doc","slip_type":"Reverse"},"geometry":{"type":"LineString","coordinates":[[131.38476179122893,-30.63644621496343],[131.3918407461266,-30.6146648125802],[131.39887988623934,-30.600517058828476],[131.40708772680568,-30.58961620294224],[131.41580028757892,-30.57055747731835],[131.41852296343893,-30.55639956662362]]}},{"type":"Feature","properties":{"average_dip":"(50,,)","catalog_id":"AUS_443011","catalog_name":"AUS_FSD","dip_dir":"W","name":"Maralinga Scarp","net_slip_rate":"(0.004,0.0,0.007)","reference":"Nullarbor Fault database.doc","slip_type":"Reverse"},"geometry":{"type":"LineString","coordinates":[[131.58586256502235,-29.710659695998224],[131.59633219344823,-29.750634640896127],[131.60769549337522,-29.79578349311504],[131.61822323470176,-29.831536315094333],[131.62000783045596,-29.862707254269875],[131.62059774918953,-29.91325478991945],[131.61900822178438,-29.94822439193223],[131.62775062296214,-30.003857851110467],[131.63331396843034,-30.03326410765504],[131.6388773147977,-30.073002292782277],[131.64761971507608,-30.09922949541607],[131.64864465906408,-30.129870675485055],[131.64636037649848,-30.153855642423817],[131.65663964804378,-30.182409174493788],[131.66235035445766,-30.20639414143255],[131.66800602043304,-30.230247228487542],[131.67038548143887,-30.26147765418913],[131.65745554974853,-30.299691840834758],[131.640642218866,-30.342974193638877],[131.62725775070817,-30.37063542783154],[131.62220139607075,-30.393537740012444],[131.61119638891898,-30.431014250854275],[131.59172400370164,-30.444224363594344],[131.56789151306964,-30.462290928377282],[131.55059373821996,-30.46844124874343],[131.546749787654,-30.478435518776458],[131.55674405768684,-30.497270872593322],[131.5594348229032,-30.503421193858856],[131.55290010802003,-30.525331709207755],[131.55676621841042,-30.541064322373916],[131.55260216165027,-30.553556492654533],[131.5509781327371,-30.57645624472241],[131.55290010802003,-30.58837249003841],[131.5636631679863,-30.599519945421093],[131.57193528232278,-30.607391797911536],[131.56750711765335,-30.62489001591979]]}},{"type":"Feature","properties":{"average_dip":"(40,,)","catalog_id":"AUS_532238","catalog_name":"AUS_FSD","name":"Lake Maurine Scarp","net_slip_rate":"(0.003,0.0,0.006)","reference":"Nullarbor Fault database.doc","slip_type":"Reverse"},"geometry":{"type":"LineString","coordinates":[[130.76541327686823,-29.197526691807184],[130.7575969768319,-29.250677532953436],[130.7575969768319,-29.27881621398341],[130.75290719681016,-29.29601207406324],[130.7575969768319,-29.321024234179507],[130.75603371682473,-29.38042811535473],[130.74978067589632,-29.40231375635574],[130.74821741588903,-29.467970676660688],[130.74978067589632,-29.488293056755012],[130.75447045681744,-29.528937817843214],[130.75447045681744,-29.552386717952125],[130.76385001686094,-29.57427235805371],[130.76541327686823,-29.596157999054736],[130.7669765368754,-29.613353859134563],[130.76385001686094,-29.63992927925805]]}},{"type":"Feature","properties":{"average_dip":"(45,,)","catalog_id":"AUS_443006","catalog_name":"AUS_FSD","name":"Flowler Scarp","net_slip_rate":"(0.002,0.0,0.004)","reference":"Domain 1 faults.doc","slip_type":"Reverse"},"geometry":{"type":"LineString","coordinates":[[132.47382149506473,-31.387662694978886],[132.47203689931052,-31.41657314619928],[132.46203619490962,-31.435039251395086],[132.4577627928935,-31.442161586889483],[132.4384864991281,-31.456905010247514],[132.41930218194307,-31.483471132217563],[132.4093309120709,-31.5081618953249],[132.4031582219685,-31.530478546301016],[132.4012589320837,-31.543773571897773],[132.39603588557497,-31.562766466249773],[132.3998344653445,-31.582709005993944],[132.3998344653445,-31.611198347072243],[132.39744079677746,-31.63357998992778],[132.3927121298501,-31.648234491283652],[132.39101535379643,-31.665878420578128],[132.39603588557497,-31.69049368110455],[132.40564993724763,-31.696754679631198],[132.41064680536,-31.713172960571217],[132.4085052904545,-31.735658867075962],[132.39958231168282,-31.769923105559418],[132.39643277797006,-31.787854835280935],[132.37855677502853,-31.808820516610666],[132.37324441325165,-31.83246556694812],[132.35960736678487,-31.863792842237707],[132.3456875199007,-31.883423395535516],[132.3324815113183,-31.89591556581595],[132.3254045455369,-31.902856711462764],[132.3113326757317,-31.91974110240244],[132.30081120450734,-31.936371815001277],[132.29497379802217,-31.942884182952657],[132.28208973566905,-31.952933751601492],[132.27164082189995,-31.961083904352108],[132.2609514748999,-31.98139366355182],[132.25065080050626,-32.00714534953573],[132.24598638909993,-32.01880637805126]]}},{"type":"Feature","properties":{"average_dip":"(45,,)","catalog_id":"AUS_443008","catalog_name":"AUS_FSD","dip_dir":"E","name":"Ivy Tank Scarp 1","net_slip_rate":"(0.003,0.0,0.006)","reference":"Nullarbor Fault database.doc","slip_type":"Reverse"},"geometry":{"type":"LineString","coordinates":[[131.40866370734136,-31.304492601290388],[131.4195825204264,-31.290605768301976],[131.43281508085954,-31.276881852402745],[131.43599187027758,-31.27179898861449],[131.44679295537787,-31.263539336307623],[131.45565806220657,-31.24917013290578],[131.45625292745797,-31.238462558379684],[131.4598221189667,-31.23132417536231],[131.47707321125904,-31.212288487316005],[131.48480645952793,-31.196227125526715],[131.49677319715124,-31.17957999183227],[131.50715640056774,-31.169835982030396],[131.51937310937376,-31.159195622863777],[131.52466243137565,-31.154586557925345]]}},{"type":"Feature","properties":{"average_dip":"(45,,)","catalog_id":"AUS_443008","catalog_name":"AUS_FSD","dip_dir":"E","name":"Ivy Tank Scarp 2","net_slip_rate":"(0.003,0.0,0.006)","reference":"Nullarbor Fault database.doc","slip_type":"Reverse"},"geometry":{"type":"LineString","coordinates":[[131.48480645952793,-31.196227125526715],[131.47919620977962,-31.190473174297775],[131.4678201224209,-31.17957013844987],[131.46140618742004,-31.168871004097117],[131.4646187366103,-31.15641596598365],[131.4735718914685,-31.13780418061828],[131.4811022832506,-31.12121915922989],[131.48778078578528,-31.099858954792087],[131.49313457304834,-31.086177054008882],[131.4949680155255,-31.068490148470044],[131.49432430355125,-31.051080004173297],[131.49432430355125,-31.04156216015017],[131.49610889930568,-31.03561350763566]]}},{"type":"Feature","properties":{"average_dip":"(45,,)","catalog_id":"AUS_443009","catalog_name":"AUS_FSD","dip_dir":"E","name":"Karri Scarp 1","net_slip_rate":"(0.004,0.0,0.008)","reference":"Nullarbor Fault database.doc","slip_type":"Reverse"},"geometry":{"type":"LineString","coordinates":[[131.50318620857126,-31.2972057640426],[131.50991783630786,-31.28529596326812],[131.52182763618293,-31.272868344560568],[131.5365597364048,-31.259044896079878],[131.53995124586152,-31.249566561844382],[131.53995124586152,-31.244388387907534],[131.53425525399132,-31.234549857067634],[131.54202251489676,-31.213837161319972],[131.55500055919993,-31.197178909929224],[131.55856975070867,-31.187066200654566],[131.55797488545727,-31.16565105160245],[131.56169957657653,-31.149109985309973],[131.56689786422908,-31.11297417197338],[131.5692773252349,-31.091887760422846],[131.56451840322325,-31.0728520723765],[131.54845704143395,-31.057385575838826],[131.53848581140653,-31.035468830715708],[131.53135628583266,-31.0237553501417],[131.54072379316494,-31.008606625220082],[131.55083650243978,-30.992545263430948],[131.56373845562928,-30.98137868368287],[131.5889245868941,-30.962589029814186],[131.60741102804536,-30.93240110504477],[131.61684062636675,-30.914827761737712],[131.63012778919096,-30.89425409128328],[131.6348425883515,-30.8689656207687],[131.64185088591273,-30.85632112084928],[131.64363548166716,-30.84918273783191],[131.64904293775146,-30.822765531667507],[131.65925019365636,-30.798702112369728],[131.66664435077382,-30.78107196359048],[131.67218901373712,-30.768994901936903]]}},{"type":"Feature","properties":{"average_dip":"(45,,)","catalog_id":"AUS_443009","catalog_name":"AUS_FSD","dip_dir":"SE","name":"Karrii Scarp 2","net_slip_rate":"(0.003,0.0,0.006)","reference":"Nullarbor Fault database.doc","slip_type":"Reverse"},"geometry":{"type":"LineString","coordinates":[[131.6477995384273,-30.852276037139603],[131.66784323809577,-30.836537736634618],[131.68551798086094,-30.821259569266267],[131.7173987728479,-30.801712490766565],[131.7340549998887,-30.788625455234676],[131.7400036524033,-30.78327166797166]]}},{"type":"Feature","properties":{"average_dip":"(45,,)","catalog_id":"AUS_443007","catalog_name":"AUS_FSD","dip_dir":"W","name":"Yalata Scarp","net_slip_rate":"(0.004,0.0,0.008)","reference":"Nullarbor Fault database.doc","slip_type":"Reverse"},"geometry":{"type":"LineString","coordinates":[[131.69598362379543,-31.019552145846664],[131.69472212184735,-31.047729049620855],[131.69472212184735,-31.08113409480395],[131.6994942716732,-31.107679176298706],[131.70490660256723,-31.13495600462765],[131.70545945940512,-31.15361111365036],[131.71172290459003,-31.172699711154717],[131.7090706593275,-31.192063068766696],[131.69078973734895,-31.22381879407981],[131.67975302627963,-31.245076746075902],[131.6699888100162,-31.26632486038821],[131.65758594694614,-31.28640568708217],[131.63938562240048,-31.304868290803736],[131.6250065633344,-31.310492323320428],[131.61091789283694,-31.316389906319337]]}},{"type":"Feature","properties":{"average_dip":"(45,,)","catalog_id":"AUS_443007","catalog_name":"AUS_FSD","dip_dir":"W","name":"Yalata Scarp 2","net_slip_rate":"(0.003,0.0,0.006)","reference":"Nullarbor Fault database.doc","slip_type":"Reverse"},"geometry":{"type":"LineString","coordinates":[[131.62740596229094,-30.903148160423175],[131.63037594721243,-30.9261655433394],[131.63928558811335,-30.957074238742404],[131.64559712094638,-30.972571559198027],[131.64827005440554,-30.988984961448356],[131.64958413418174,-31.00468051456033]]}},{"type":"Feature","properties":{"average_dip":"(45,,)","catalog_id":"AUS_443010","catalog_name":"AUS_FSD","dip_dir":"E","name":"Knottmi Scarp","net_slip_rate":"(0.003,0.0,0.006)","reference":"Nullarbor Fault database.doc","slip_type":"Reverse"},"geometry":{"type":"LineString","coordinates":[[131.78164422000532,-31.129959136515538],[131.77632819188807,-31.09538928156534],[131.7756545160513,-31.080568423945547],[131.77700186682569,-31.06271602730796],[131.78164422000532,-31.041019271158238],[131.7810493547538,-31.01990906499758],[131.780499110763,-31.009416264728994],[131.7921234919064,-30.985660124738562],[131.79786321690744,-30.952588373695463],[131.80004977902695,-30.93181603491073],[131.8044870456614,-30.90700364027276],[131.80618978562393,-30.899181448243368],[131.79929594685564,-30.88379735210645],[131.78878878243927,-30.850985674187196],[131.78823843602834,-30.833399554211965],[131.7888423991194,-30.803113363222447],[131.7932906841968,-30.778090699024908],[131.80056093500173,-30.761023707567315]]}},{"type":"Feature","properties":{"average_dip":"(45,,)","catalog_id":"AUS_443012","catalog_name":"AUS_FSD","dip_dir":"W","name":"Ooldea Scarp","net_slip_rate":"(0.003,0.0,0.006)","reference":"Nullarbor Fault database.doc","slip_type":"Reverse"},"geometry":{"type":"LineString","coordinates":[[131.98810410282886,-30.528009039923656],[131.96768210666733,-30.55692760085518],[131.95526754094828,-30.582260750855323],[131.94749368058933,-30.59730445211199],[131.94050538005013,-30.619822312003006],[131.935070034187,-30.62292822315389],[131.93079940567998,-30.634187153099315],[131.92264638778488,-30.63884602072512],[131.90636961727853,-30.649361551218618],[131.8706223683629,-30.675340482593775],[131.8464071999315,-30.697902555736846],[131.82209249831146,-30.718435006782162],[131.8046476592791,-30.735022147427156],[131.78986866494972,-30.74910588366907],[131.76965988721406,-30.763372508008004],[131.74718367598837,-30.77606784977708],[131.7239839311817,-30.78284931364355],[131.69356624180193,-30.793627560510203],[131.67615676496428,-30.80105219033792],[131.65616929251553,-30.804621381846612]]}},{"type":"Feature","properties":{"average_dip":"(45,,)","catalog_id":"AUS_443012","catalog_name":"AUS_FSD","dip_dir":"W","name":"Ooldea Scarp 2","net_slip_rate":"(0.003,0.0,0.006)","reference":"Nullarbor Fault database.doc","slip_type":"Reverse"},"geometry":{"type":"LineString","coordinates":[[132.03914354140375,-30.566556308217443],[132.02629445197226,-30.575836206140085],[132.01344446965584,-30.59446274198829],[132.00582920496515,-30.59777372644076],[131.99755174428344,-30.60737558090365],[131.98135839214137,-30.61034761468593],[131.9624221441701,-30.619604059087514],[131.9449512343425,-30.626834854454945],[131.93813542170642,-30.629374078770415],[131.93079940567998,-30.634187153099315]]}},{"type":"Feature","properties":{"average_dip":"(50,,)","catalog_id":"AUS_443013","catalog_name":"AUS_FSD","dip_dir":"S","name":"Orp Scarp 1","net_slip_rate":"(0.003,0.0,0.005)","reference":"Nullarbor Fault database.doc","slip_type":"Reverse"},"geometry":{"type":"LineString","coordinates":[[131.5701601052682,-30.471181038970975],[131.59572695657448,-30.476806528386998],[131.63737987868274,-30.48069888299412],[131.69373629064762,-30.47532621164117],[131.75369870799454,-30.46342890661221],[131.77955267378127,-30.454524811930412],[131.81881378037747,-30.442032641649988],[131.8396340641783,-30.430135336621035],[131.8585869781666,-30.41565696406183],[131.86997219200282,-30.403366400305885]]}},{"type":"Feature","properties":{"average_dip":"(50,,)","catalog_id":"AUS_443013","catalog_name":"AUS_FSD","dip_dir":"S","name":"Orp Scarp 2","net_slip_rate":"(0.003,0.0,0.005)","reference":"Nullarbor Fault database.doc","slip_type":"Reverse"},"geometry":{"type":"LineString","coordinates":[[131.5927649848236,-30.51936512433825],[131.632405401646,-30.52093914234253],[131.66714535245023,-30.51700625096131],[131.70935857410927,-30.505088358303492],[131.74347126377359,-30.490646720662863],[131.7679640311668,-30.47936529994359],[131.78252700003839,-30.46939644321662],[131.79382943981625,-30.452145350924603]]}},{"type":"Feature","properties":{"average_dip":"(50,,)","catalog_id":"AUS_443013","catalog_name":"AUS_FSD","dip_dir":"E","name":"Orp Scarp 3","net_slip_rate":"(0.003,0.0,0.005)","reference":"Nullarbor Fault database.doc","slip_type":"Reverse"},"geometry":{"type":"LineString","coordinates":[[131.81108053210835,-30.49557051428034],[131.8229778371375,-30.477129691485437],[131.83397425282897,-30.45977411272579],[131.83768938091032,-30.444449207591546],[131.8396340641783,-30.430135336621035]]}},{"type":"Feature","properties":{"average_dip":"(50,,)","catalog_id":"AUS_443013","catalog_name":"AUS_FSD","dip_dir":"S","name":"Orp Scarp 4","net_slip_rate":"(0.003,0.0,0.005)","reference":"Nullarbor Fault database.doc","slip_type":"Reverse"},"geometry":{"type":"LineString","coordinates":[[131.65403610572355,-30.602646259540975],[131.70041578720418,-30.588543982579917],[131.7434179986517,-30.574478702129745],[131.7605810404899,-30.567733910750306],[131.78728592205005,-30.562195422442528],[131.81639829935853,-30.55067184590393],[131.8330454699094,-30.54150693770984],[131.84201352518414,-30.52769323785852],[131.84976354807407,-30.521073730564602],[131.85780610305835,-30.51282845942003]]}},{"type":"Feature","properties":{"average_dip":"(45,,)","catalog_id":"AUS_443015","catalog_name":"AUS_FSD","dip_dir":"E","name":"Watson Scarp","net_slip_rate":"(0.003,0.0,0.006)","reference":"Nullarbor Fault database.doc","slip_type":"Reverse"},"geometry":{"type":"LineString","coordinates":[[131.22692636488205,-31.081403827471604],[131.23559806758658,-31.057703183833596],[131.24580882961288,-31.025641507227018],[131.26802803724843,-31.004533260872503],[131.30116554826395,-30.97718343541779],[131.32188637997933,-30.954700313663313],[131.33471594844627,-30.940777682029218],[131.3382851399549,-30.921504047882294],[131.3497410052022,-30.904818270679367],[131.3683557595,-30.870114294068546],[131.38678816451375,-30.82263529517358],[131.40541338526452,-30.794438465832997],[131.41118825449996,-30.787304803869816],[131.41975475340007,-30.766364472970128],[131.4349840850001,-30.757797974070282],[131.4464060836002,-30.729242977370696],[131.46068358189996,-30.71115814627094]]}},{"type":"Feature","properties":{"average_dip":"(40,,)","catalog_id":"AUS_443027","catalog_name":"AUS_FSD","dip_dir":"NW","name":"Moonera Scarp","net_slip_rate":"(0.003,0.0,0.006)","reference":"Nullarbor Fault database.doc","slip_type":"Reverse"},"geometry":{"type":"LineString","coordinates":[[126.43379715204492,-31.92201968955304],[126.42870340556078,-31.941468541021173],[126.41295909710163,-31.97897703973934],[126.39119490684277,-32.01833780998785],[126.35276027190991,-32.0655707335667],[126.32173472399835,-32.08640878940921],[126.28607849681065,-32.12067581227446],[126.25783135574532,-32.14521841027877],[126.22865807936432,-32.15911044630807],[126.1888342410083,-32.17392861855233]]}},{"type":"Feature","properties":{"average_dip":"(40,,)","catalog_id":"AUS_443207","catalog_name":"AUS_FSD","dip_dir":"NW","name":"Moonera Scarp 2","net_slip_rate":"(0.003,0.0,0.006)","reference":"Nullarbor Fault database.doc","slip_type":"Reverse"},"geometry":{"type":"LineString","coordinates":[[126.75715642581997,-31.597294823160247],[126.7333686647678,-31.633787186910094],[126.71528660826357,-31.66013532587328],[126.69823781341584,-31.67356771031931],[126.67918490952525,-31.688676949708935],[126.65742402834964,-31.71393769974855],[126.64605816541756,-31.726336825236153],[126.62435969671344,-31.74803529304077],[126.60576101028016,-31.768700500088435],[126.59162853413885,-31.77821597904781],[126.55187946279067,-31.809031125293185],[126.52872606820938,-31.831721451766676],[126.51344482785782,-31.852096438602107],[126.49770052029794,-31.86922995048413],[126.4958482487673,-31.88914186921215],[126.48658689111461,-31.90396004145625],[126.47362099040095,-31.9382270652201],[126.46621190427892,-31.969252613131278]]}},{"type":"Feature","properties":{"average_dip":"(30,,)","catalog_id":"AUS_443207","catalog_name":"AUS_FSD","dip_dir":"E","name":"Moonera Scarp 4","net_slip_rate":"(0.004,0.0,0.008)","reference":"Nullarbor Fault database.doc","slip_type":"Reverse"},"geometry":{"type":"LineString","coordinates":[[126.68906206050009,-31.83341800065398],[126.68451005193708,-31.79770224097158],[126.68045859931341,-31.765913920217645],[126.67885870810007,-31.753360927555192],[126.68092929886893,-31.717643236099054],[126.68199820109997,-31.699204672255924]]}},{"type":"Feature","properties":{"average_dip":"(30,,)","catalog_id":"AUS_443207","catalog_name":"AUS_FSD","dip_dir":"NW","name":"Moonera Scarp 3","net_slip_rate":"(0.004,0.0,0.008)","reference":"Nullarbor Fault database.doc","slip_type":"Reverse"},"geometry":{"type":"LineString","coordinates":[[126.49830642592462,-31.961446343233707],[126.49700744878271,-31.975085598726075],[126.49181154201402,-31.981580481737215],[126.48466717043185,-32.00366308685278],[126.48012075223427,-32.017951830916125],[126.48012075223427,-32.02574569106903],[126.47492484456609,-32.032890063550376],[126.4651825195997,-32.047828295285285]]}},{"type":"Feature","properties":{"average_dip":"(50,,)","catalog_id":"AUS_532239","catalog_name":"AUS_FSD","name":"Woomera Scarp 1","net_slip_rate":"(0.003,0.0,0.005)","reference":"Nullarbor Fault database.doc","slip_type":"Reverse"},"geometry":{"type":"LineString","coordinates":[[132.238045699326,-29.357098942886925],[132.29507346288187,-29.30834525676327],[132.32020467075165,-29.27493997056187],[132.35614922058187,-29.226158081699417],[132.3989028586327,-29.18099092153576],[132.4231824057639,-29.157570886037195],[132.43574072474064,-29.14528284390717]]}},{"type":"Feature","properties":{"average_dip":"(50,,)","catalog_id":"AUS_532240","catalog_name":"AUS_FSD","name":"Woomera Scarp 2","net_slip_rate":"(0.003,0.0,0.005)","reference":"Nullarbor Fault database.doc","slip_type":"Reverse"},"geometry":{"type":"LineString","coordinates":[[132.3587166887479,-29.41486696988135],[132.40493111124283,-29.38277362185091],[132.45371300010527,-29.31473572309089],[132.50441737021617,-29.233022520431486],[132.554740435687,-29.171859960152],[132.59074096666075,-29.122536617512196],[132.63471948468805,-29.072110009714248],[132.69762244801484,-29.02974678991832],[132.76566034677478,-28.989951038288524],[132.81444223563722,-28.95785768935879],[132.88761507072945,-28.902657129631134],[132.94281562955769,-28.862861378001334],[133.01461654684078,-28.806465268572257],[133.05193301358076,-28.762730131211065],[133.07889142707745,-28.734487984080843]]}},{"type":"Feature","properties":{"average_dip":"(50,,)","catalog_id":"AUS_532241","catalog_name":"AUS_FSD","name":"Woomera Scarp 3","net_slip_rate":"(0.003,0.0,0.005)","reference":"Nullarbor Fault database.doc","slip_type":"Reverse"},"geometry":{"type":"LineString","coordinates":[[132.49094128356876,-29.44567658517766],[132.56828077250884,-29.391147321499613],[132.66730754673824,-29.329953868196203],[132.76566034677478,-29.27750743872809],[132.85808918996588,-29.221023146266365],[132.9237404323752,-29.187194574458907],[132.9667407029625,-29.155956471356173],[132.98646258388635,-29.13886417394137]]}},{"type":"Feature","properties":{"average_dip":"(50,,)","catalog_id":"AUS_532242","catalog_name":"AUS_FSD","name":"Woomera Scarp 4","net_slip_rate":"(0.003,0.0,0.005)","reference":"Nullarbor Fault database.doc","slip_type":"Reverse"},"geometry":{"type":"LineString","coordinates":[[132.48709008176934,-29.37250375098475],[132.51404849526602,-29.33014053118882],[132.54870931056325,-29.305749585858262],[132.59058339500007,-29.272652019194616],[132.59877493485794,-29.273656237827748],[132.64045617088004,-29.232841700928397],[132.68093390718275,-29.209469540867442],[132.71612402385654,-29.20365232218639],[132.76484783360286,-29.19265017116328],[132.8252473955656,-29.15739838168294],[132.8685347246876,-29.13829121745619],[132.91259099985893,-29.134046879049063],[132.96221294542897,-29.106878302987205],[133.0120594238307,-29.072749182162177],[133.0451114330001,-29.04707357219854],[133.0938426429567,-29.027418122411618]]}},{"type":"Feature","properties":{"average_dip":"(50,,)","catalog_id":"AUS_532243","catalog_name":"AUS_FSD","name":"Woomera Scarp 5","net_slip_rate":"(0.003,0.0,0.005)","reference":"Nullarbor Fault database.doc","slip_type":"Reverse"},"geometry":{"type":"LineString","coordinates":[[132.65911043001847,-29.194064732769696],[132.68093390718275,-29.17480872377149],[132.71174352068067,-29.133729237609003],[132.74360694714176,-29.100443167334426],[132.77906668573087,-29.084112865225013],[132.8350669442168,-29.052160210366544],[132.8722102626317,-29.023328119952406],[132.92739055479183,-29.000185112551403],[132.96658389016704,-28.97335490403058],[133.0370159359395,-28.937187096742637],[133.11886939454018,-28.898163936247702],[133.14076043579382,-28.8829353858106]]}},{"type":"Feature","properties":{"average_dip":"(45,,)","catalog_id":"AUS_443005","catalog_name":"AUS_FSD","name":"Tallaringa Scarp","net_slip_rate":"(0.002,0.0,0.004)","reference":"Domain 1 faults.doc","slip_type":"Reverse"},"geometry":{"type":"LineString","coordinates":[[133.17996830738446,-29.770205529774703],[133.17112919401507,-29.8021823229721],[133.14362438932562,-29.828428679366354],[133.1313706644247,-29.846128504223106],[133.12333056990008,-29.87752311680828],[133.11094778959023,-29.900589502882518],[133.10423621313737,-29.914916233409276],[133.09518039039995,-29.967968620482957],[133.08760228372842,-29.9872053528016],[133.07018095972512,-30.031428713727635],[133.0568772162651,-30.059494725097498],[133.04218052290014,-30.08153976518105]]}},{"type":"Feature","properties":{"average_dip":"(50,,)","catalog_id":"AUS_443063","catalog_name":"AUS_FSD","name":"Coober Pedy Scarp","net_slip_rate":"(0.003,0.0,0.005)","reference":"Nullarbor Fault database.doc","slip_type":"Reverse"},"geometry":{"type":"LineString","coordinates":[[133.34451373284378,-29.3629632617606],[133.41631204864302,-29.319884271561534],[133.4613491740654,-29.29312308118458],[133.50442816426448,-29.266361890807413],[133.59254427898645,-29.22654646111239],[133.66238445956265,-29.19586899759095],[133.70546344886236,-29.16714967289001],[133.7354881988441,-29.15017916132692],[133.8144663455937,-29.12407068269087],[133.8862646631917,-29.088171525240856],[133.93521805995977,-29.060757622223484],[133.95545213112746,-29.04574524678294],[133.9854768811092,-29.033996431846383]]}},{"type":"Feature","properties":{"average_dip":"(45,,)","catalog_id":"AUS_443062","catalog_name":"AUS_FSD","name":"Karari Scarp","net_slip_rate":"(0.002,0.0,0.004)","reference":"Domain 1 faults.doc","slip_type":"Reverse"},"geometry":{"type":"LineString","coordinates":[[134.41699117870462,-29.316527362378753],[134.33507189951013,-29.344544344364262],[134.21352056429896,-29.380394596235856],[134.13788040272084,-29.39576341387149],[134.051725903082,-29.399951532074695],[133.96882004600013,-29.39540297519254],[133.88500804900013,-29.380932092192754],[133.78857552706495,-29.367685774003185],[133.70206473661278,-29.360722739033914],[133.60773649062185,-29.366258097399708],[133.55620416685827,-29.381189958025388],[133.4788247916448,-29.417268684903597],[133.39484611443027,-29.460794083159726],[133.3098244396151,-29.50224358109182],[133.27587306413875,-29.516473470695324],[133.20301241905065,-29.54686727019086],[133.1493690489067,-29.572976874778]]}},{"type":"Feature","properties":{"average_dip":"(40,,)","catalog_id":"AUS_442989","catalog_name":"AUS_FSD","name":"Mount Margaret Scarp","net_slip_rate":"(0.003,0.0,0.006)","reference":"Nullarbor Fault database.doc","slip_type":"Reverse"},"geometry":{"type":"LineString","coordinates":[[136.0669196945887,-28.391134955970646],[136.07543748469357,-28.424597702554532],[136.08060900005012,-28.441024869827775],[136.0888225836868,-28.462015138621766],[136.09186465106757,-28.473574996107473],[136.09247306490352,-28.494565264901457],[136.09399409904336,-28.514642913391352],[136.10068664943935,-28.537154215426153],[136.10829181834083,-28.554189797434603],[136.11772222875004,-28.567574894629182],[136.12776105299497,-28.58217682129422],[136.13293256835152,-28.596474539692245],[136.13597463573228,-28.604383916860606]]}},{"type":"Feature","properties":{"average_dip":"(40,,)","catalog_id":"AUS_443034","catalog_name":"AUS_FSD","name":"Neales Lineament","net_slip_rate":"(0.003,0.0,0.006)","reference":"Nullarbor Fault database.doc","slip_type":"Reverse"},"geometry":{"type":"LineString","coordinates":[[136.7866212834109,-27.980508999613342],[136.80183047888852,-28.13065935373493],[136.81648176906526,-28.275301876847433],[136.82644305245617,-28.373643056749906],[136.8324210565006,-28.432659947259424],[136.8364754114458,-28.47268591915471]]}},{"type":"Feature","properties":{"average_dip":"(40,,)","catalog_id":"AUS_442906","catalog_name":"AUS_FSD","name":"Westwood Fautl Zone","net_slip_rate":"(0.003,0.0,0.006)","reference":"Nullarbor Fault database.doc","slip_type":"Reverse"},"geometry":{"type":"LineString","coordinates":[[125.49336829359538,-27.012602697447708],[125.47991848208699,-27.145419592951672],[125.4735759568181,-27.22964924975245],[125.48617164712186,-27.287987187009442],[125.48484578564715,-27.348976848114926],[125.4828569916366,-27.434494960889136],[125.48418285401067,-27.480237206943116],[125.48086819942478,-27.5273053153709],[125.50937423641666,-27.577688079283828],[125.52196992672043,-27.6187898065794],[125.5126888919017,-27.680442400220723],[125.51600354738697,-27.731488094871],[125.52064406524572,-27.80374758570484],[125.52462165056897,-27.90484457755033],[125.53456561792336,-27.940642858048257],[125.51335182263904,-27.991025621961246],[125.49213802735471,-28.048037696844272],[125.47622768066641,-28.09444287543413]]}},{"type":"Feature","properties":{"average_dip":"(45,,)","catalog_id":"AUS_443044","catalog_name":"AUS_FSD","name":"Lake Wells Scarp 1","net_slip_rate":"(0.002,0.0,0.004)","reference":"Domain 1 faults.doc","slip_type":"Reverse"},"geometry":{"type":"LineString","coordinates":[[122.92905260634599,-27.178370168445202],[122.92770507390856,-27.183760298195313],[122.93086505859502,-27.190191188148766],[122.9314358960586,-27.203605856850338],[122.93371924411395,-27.21159757414516],[122.93600259216942,-27.219018453976332],[122.93514633687346,-27.22643933470684],[122.93800052059373,-27.233574796705643],[122.93885677678918,-27.23814149191723],[122.94056928738097,-27.24128109526861],[122.94114012484465,-27.244706117351747]]}},{"type":"Feature","properties":{"average_dip":"(45,,)","catalog_id":"AUS_443043","catalog_name":"AUS_FSD","name":"Mount Gerard Scarp","net_slip_rate":"(0.002,0.0,0.004)","reference":"Domain 1 faults.doc","slip_type":"Reverse"},"geometry":{"type":"LineString","coordinates":[[122.68917379656477,-27.06495569156581],[122.69158215128152,-27.070116453728918],[122.69244227815875,-27.07699746874727],[122.69123810125016,-27.08903924592874],[122.69158215128152,-27.094200007192473],[122.69416253191355,-27.103489376927783],[122.69300873129792,-27.109900009867246],[122.69072202440417,-27.119831787596393],[122.69009585326704,-27.13688299214289],[122.6912197586779,-27.15004585116057],[122.69303136240715,-27.15981949530552],[122.69466441428699,-27.16690863185897],[122.69585136965155,-27.17649306033818],[122.69585136965155,-27.18100240938122]]}},{"type":"Feature","properties":{"average_dip":"(45,,)","catalog_id":"AUS_443045","catalog_name":"AUS_FSD","name":"Lake Wells Scarp 2","net_slip_rate":"(0.002,0.0,0.004)","reference":"Domain 1 faults.doc","slip_type":"Reverse"},"geometry":{"type":"LineString","coordinates":[[123.2590817990781,-26.965153189245257],[123.27693161556078,-26.987541095304287],[123.28933572599057,-27.006601069187244],[123.31567885393179,-27.025256090051432],[123.33975510579988,-27.056581106802884],[123.3607247450459,-27.07470301766203],[123.3772933486948,-27.088682776260054],[123.38846908955395,-27.103097571997143],[123.38957379155374,-27.114390088023164]]}},{"type":"Feature","properties":{"average_dip":"(45,,)","catalog_id":"AUS_442905","catalog_name":"AUS_FSD","name":"Mount Black Lineament","net_slip_rate":"(0.002,0.0,0.004)","reference":"Domain 1 faults.doc","slip_type":"Reverse"},"geometry":{"type":"LineString","coordinates":[[123.29488546291782,-28.134871317198634],[123.29487046582359,-28.12939254757133],[123.29682384902935,-28.124656637725373],[123.29483775658206,-28.11743885538536],[123.291180858703,-28.115454373623965],[123.28552828789884,-28.102267278361943],[123.28041867917284,-28.081358622142652],[123.27751089926483,-28.06844177007266],[123.27502273980237,-28.057461803905248],[123.2755613419671,-28.048495301570355],[123.27442966300453,-28.04501101056819]]}},{"type":"Feature","properties":{"average_dip":"(45,,)","catalog_id":"AUS_442929","catalog_name":"AUS_FSD","name":"Duketon Lineament","net_slip_rate":"(0.002,0.0,0.004)","reference":"Domain 1 faults.doc","slip_type":"Reverse"},"geometry":{"type":"LineString","coordinates":[[121.57602740844914,-27.12560036914345],[121.565004194405,-27.118932455674553],[121.54763124162957,-27.109977724565685],[121.52682012317975,-27.102148005745413],[121.51129677004928,-27.09669758544655],[121.49637264597891,-27.090723226428555]]}},{"type":"Feature","properties":{"average_dip":"(45,,)","catalog_id":"AUS_442962","catalog_name":"AUS_FSD","name":"Sanford River Scarp","net_slip_rate":"(0.002,0.0,0.004)","reference":"Domain 1 faults.doc","slip_type":"Reverse"},"geometry":{"type":"LineString","coordinates":[[116.23579644674906,-27.22908155721806],[116.22733389970165,-27.25451184508997],[116.21410603327216,-27.284618512847324],[116.20316066915349,-27.31140816313872],[116.1919636745672,-27.342503706192016],[116.18123051937027,-27.366993560484907],[116.16786182205203,-27.390974911908163],[116.15742626237555,-27.409514161031517],[116.15192660013793,-27.423724198525225],[116.14561639876763,-27.441156102100866],[116.13633062394979,-27.45788881735146],[116.13237571829596,-27.46501545044839]]}},{"type":"Feature","properties":{"average_dip":"(45,,)","catalog_id":"AUS_442962","catalog_name":"AUS_FSD","name":"Sanford River Scarp 2","net_slip_rate":"(0.002,0.0,0.004)","reference":"Domain 1 faults.doc","slip_type":"Reverse"},"geometry":{"type":"LineString","coordinates":[[116.17608406308443,-27.285530837354074],[116.15645975647432,-27.31784824147296],[116.13228763869631,-27.371280089300217],[116.11843075575587,-27.39175374000412],[116.10976388033534,-27.405517303514213],[116.09988378444689,-27.42233600744319]]}},{"type":"Feature","properties":{"average_dip":"(56,,)","catalog_id":"AUS_442945","catalog_name":"AUS_FSD","dip_dir":"W","name":"Roderick River Scarp","net_slip_rate":"(0.02,0.004,0.036)","reference":"Whitney et al (2015)","slip_type":"Reverse"},"geometry":{"type":"LineString","coordinates":[[116.23538855474624,-26.779907368065633],[116.23703252890549,-26.813667549222835],[116.24064729199472,-26.844292675026878],[116.2417908633463,-26.86841376336737],[116.23781363800698,-26.88398458895407],[116.22983917934631,-26.9024209469172],[116.22746427517416,-26.920827541594583],[116.22643262843847,-26.945245215842654],[116.2230254758839,-26.95718508185172],[116.21824760381186,-26.98424221534667],[116.20777686594863,-27.012539018558783],[116.1904850820672,-27.036954259667922],[116.17560421988298,-27.058838262104125],[116.15049260843763,-27.091574100240383],[116.13384729627717,-27.120727414672775],[116.11943003351473,-27.153598212567477],[116.10612888436174,-27.17129155169262],[116.09905773557908,-27.183609034028613],[116.0854265987623,-27.21628852208584],[116.06650988376602,-27.249482003116544],[116.04152554320477,-27.28838619056108],[116.02974721122588,-27.308373663009732],[116.02118115160488,-27.31908123753576]]}},{"type":"Feature","properties":{"average_dip":"(45,,)","catalog_id":"AUS_442841","catalog_name":"AUS_FSD","name":"Mount Narryer East Scarp","net_slip_rate":"(0.002,0.0,0.004)","reference":"Domain 1 faults.doc","slip_type":"Reverse"},"geometry":{"type":"LineString","coordinates":[[116.47734333611744,-26.438114967647156],[116.47014204824279,-26.45209735766141],[116.46873454811303,-26.455608469144455],[116.45806113414562,-26.463774738726894],[116.44639677026396,-26.47394874708346],[116.43519677019309,-26.489389858113768],[116.42934038244017,-26.5059859693255],[116.42605843709589,-26.51471013584974],[116.42106969373458,-26.520987136489108],[116.41593373247201,-26.53657169117387],[116.4089333023984,-26.557071165796525],[116.40399060323081,-26.57342581600676],[116.40005235166893,-26.58169924795702]]}},{"type":"Feature","properties":{"average_dip":"(45,,)","catalog_id":"AUS_442954","catalog_name":"AUS_FSD","name":"Mount Narryer West Scarp","net_slip_rate":"(0.002,0.0,0.004)","reference":"Domain 1 faults.doc","slip_type":"Reverse"},"geometry":{"type":"LineString","coordinates":[[116.40235166269055,-26.391284042814018],[116.38029347236909,-26.415030124786835],[116.37880098900554,-26.416060645309685],[116.3700977488055,-26.421517749369954],[116.35871697061758,-26.437720890129864],[116.33653409918928,-26.46154336591172],[116.31649717919548,-26.481025713580276],[116.29255414479894,-26.509381211258994],[116.27677176983684,-26.535055650103963],[116.2640774416285,-26.546805611113154],[116.25173709429453,-26.56242732905279],[116.23586399572618,-26.580183718567223],[116.21713511174484,-26.60528296363275],[116.21018795428914,-26.62397495472637],[116.20430489264503,-26.631676348386872],[116.1896449084478,-26.63900634093523]]}},{"type":"Feature","properties":{"average_dip":"(45,,)","catalog_id":"AUS_442995","catalog_name":"AUS_FSD","name":"Curbur Scarp","net_slip_rate":"(0.002,0.0,0.004)","reference":"Domain 1 faults.doc","slip_type":"Reverse"},"geometry":{"type":"LineString","coordinates":[[116.04089027830274,-26.549776416779196],[116.04082038839056,-26.55817457906785],[116.03569151978377,-26.562339259345897],[116.03433164774867,-26.572637424681734],[116.03036298459949,-26.59017113216902],[116.02466524714521,-26.61112858829944],[116.02460370474022,-26.618381446896535],[116.02115410508522,-26.624465766918387],[116.02192229607023,-26.634014823983406],[116.02227553987063,-26.64241575168729],[116.02090676544685,-26.653477071804552],[116.02168807034569,-26.66149918618397],[116.02075035805763,-26.67179993886924],[116.01979938616547,-26.68362756229439],[116.01931237540747,-26.69087740186763],[116.0158437865681,-26.698870088631466],[116.01578145006145,-26.706122838410767],[116.01402875866074,-26.712218606801816],[116.01265812623753,-26.723279694894178]]}},{"type":"Feature","properties":{"average_dip":"(45,,)","catalog_id":"AUS_442987","catalog_name":"AUS_FSD","name":"Woodrarung Scarp","net_slip_rate":"(0.002,0.0,0.004)","reference":"Domain 1 faults.doc","slip_type":"Reverse"},"geometry":{"type":"LineString","coordinates":[[115.69821566815438,-27.080194200631208],[115.68595996744318,-27.111220377168863],[115.67766448344867,-27.1337656241136],[115.67038404624213,-27.1456737485517],[115.66124716015429,-27.16341906111658],[115.65351574409603,-27.18251684138408],[115.64389174056147,-27.199163689860935],[115.63273341751847,-27.216701043046033],[115.6229306871428,-27.227097665411883],[115.61959110335033,-27.23385678182589],[115.6194713874005,-27.24355844214818],[115.61712054882402,-27.25808946266711],[115.61652434508323,-27.267048538400548],[115.61462868666081,-27.275812556581943],[115.61364274463165,-27.283254830384838]]}},{"type":"Feature","properties":{"average_dip":"(45,,)","catalog_id":"AUS_442987","catalog_name":"AUS_FSD","name":"Woodrarung Scarp 2","net_slip_rate":"(0.002,0.0,0.004)","reference":"Domain 1 faults.doc","slip_type":"Reverse"},"geometry":{"type":"LineString","coordinates":[[115.56664845435466,-27.281334981099018],[115.55551166762916,-27.261589797574295],[115.55317326757563,-27.249680870041622],[115.55218829231762,-27.24190855584568],[115.55347435519515,-27.2263975593999],[115.55243931108248,-27.22250579008295],[115.55590759055544,-27.206046974768107]]}},{"type":"Feature","properties":{"average_dip":"(45,,)","catalog_id":"AUS_442967","catalog_name":"AUS_FSD","name":"Wilyun Bore Lineament","net_slip_rate":"(0.002,0.0,0.004)","reference":"Domain 1 faults.doc","slip_type":"Reverse"},"geometry":{"type":"LineString","coordinates":[[117.37937267186408,-26.681043816399512],[117.35551619901138,-26.659378708045946],[117.34481417603126,-26.659761258952805],[117.30905258967061,-26.62849971635022],[117.28231532935354,-26.611126366974023],[117.2566470310793,-26.58693058981238],[117.24645257735845,-26.558612228737495],[117.23436180241504,-26.537815480554357],[117.22601029515454,-26.51966343701113],[117.21488701085,-26.499734101113102]]}},{"type":"Feature","properties":{"average_dip":"(50,,)","catalog_id":"AUS_442982","catalog_name":"AUS_FSD","name":"Badgingarra Scarp","net_slip_rate":"(0.003,0.0,0.005)","reference":"Domain 6 faults.doc","slip_type":"Reverse"},"geometry":{"type":"LineString","coordinates":[[115.5097722922111,-30.345045874749655],[115.50988438101102,-30.35722781126943],[115.50950057644923,-30.36948984860367],[115.51001467658521,-30.374728231251165],[115.51028675117664,-30.382880336334505],[115.50961120385068,-30.388276703782175],[115.50796434286747,-30.398980236724007]]}},{"type":"Feature","properties":{"average_dip":"(50,,)","catalog_id":"AUS_442983","catalog_name":"AUS_FSD","name":"Bishop Hill Scarp","net_slip_rate":"(0.003,0.0,0.005)","reference":"Domain 6 faults.doc","slip_type":"Reverse"},"geometry":{"type":"LineString","coordinates":[[115.34481748457223,-29.58569545114187],[115.34645844330485,-29.59853938310394],[115.34758370380621,-29.605066206436238],[115.3455845181296,-29.611583001428702],[115.34615113237692,-29.6173663840178],[115.34716548398899,-29.62812297875805],[115.35015760931948,-29.639250760571986],[115.3537788850533,-29.64426340529622],[115.35526229066022,-29.65063576017744],[115.35503047331996,-29.65675576439809],[115.35354573132042,-29.65858575072879],[115.35098413482773,-29.661557576562323],[115.35084623818376,-29.661902439580913],[115.35289255373074,-29.6662023464159],[115.35233341644665,-29.66804380539766]]}},{"type":"Feature","properties":{"average_dip":"(45,,)","catalog_id":"AUS_442984","catalog_name":"AUS_FSD","name":"Canna Scarp","net_slip_rate":"(0.002,0.0,0.004)","reference":"Domain 1 faults.doc","slip_type":"Reverse"},"geometry":{"type":"LineString","coordinates":[[116.01493304314886,-28.757038823009925],[116.0156903037738,-28.782999468392823],[116.01330849074805,-28.79293572316168],[116.00887835219065,-28.822764074702008],[116.00761317966463,-28.83548021839973],[116.00085344901392,-28.850923283656616],[116.00059706939032,-28.86591895958637],[115.99978496091353,-28.875992425715943],[115.99855651669907,-28.884676846703083],[116.00361827789594,-28.909283043862015],[116.00991057513032,-28.925204553834565],[115.99325623911238,-28.944357877344007],[115.97029888414295,-28.96283092039566],[115.95396034955229,-28.973866277985298],[115.9291036723223,-28.989184211575097],[115.9108894100839,-29.00144868787079],[115.8895701809829,-29.0148484718935]]}},{"type":"Feature","properties":{"average_dip":"(45,,)","catalog_id":"AUS_442986","catalog_name":"AUS_FSD","name":"Culgatharra","net_slip_rate":"(0.002,0.0,0.004)","reference":"Domain 1 faults.doc","slip_type":"Reverse"},"geometry":{"type":"LineString","coordinates":[[116.1569306316162,-27.941434872973016],[116.16712965029556,-27.976619971429738],[116.17041471358912,-28.00349849095604],[116.17244225578871,-28.04276552756748],[116.17512963056095,-28.053359497005896],[116.18192726493749,-28.073662669380305],[116.18906069536774,-28.097314991635777],[116.20096807966377,-28.121443700058457],[116.19726486310287,-28.149313297642028],[116.19170900898725,-28.174838093797995],[116.18442144555286,-28.185964940316985],[116.18245055884256,-28.208293248305235],[116.18058840286356,-28.21626069020037]]}},{"type":"Feature","properties":{"average_dip":"(45,,)","catalog_id":"AUS_442985","catalog_name":"AUS_FSD","name":"Poondarrie Scarp","net_slip_rate":"(0.002,0.0,0.004)","reference":"Domain 1 faults.doc","slip_type":"Reverse"},"geometry":{"type":"LineString","coordinates":[[116.30029238458233,-27.427639984840773],[116.29427285261896,-27.442587833925778],[116.28822902457148,-27.461059512705837],[116.28322226770877,-27.471606617573975],[116.28311961279712,-27.487465235258995],[116.2860606089721,-27.491004601641592],[116.27704251343185,-27.510341375153843],[116.27025346398341,-27.519553299772554],[116.26895118093398,-27.538492902999117],[116.26101228207246,-27.566798659048366],[116.25469486192605,-27.592820998949808],[116.25579854229602,-27.601091681441368],[116.23701614056029,-27.634048596255916],[116.22993361355542,-27.651571905781946],[116.22741727814173,-27.679451107225468],[116.22614583284462,-27.70017085275857],[116.22023465299787,-27.710403158943453],[116.21777313575853,-27.730017645796487],[116.21183189787166,-27.737767753033378],[116.21021272611449,-27.75838185520761],[116.21660132634908,-27.781431625408224],[116.21513985340766,-27.792776591693485],[116.20530951808941,-27.81604051834809],[116.20898178268429,-27.821910270925585],[116.21314057869813,-27.830813836006794],[116.22166847358541,-27.844976957373376],[116.21641343459464,-27.855686692939386],[116.20862944000442,-27.870461724705844],[116.21230972025637,-27.898007358615452],[116.21583871295923,-27.917044149775066],[116.21975568937351,-27.919221661117465],[116.22657903356811,-27.931226870965983],[116.2234237928052,-27.937652724716116]]}},{"type":"Feature","properties":{"average_dip":"(50,,)","catalog_id":"AUS_531951","catalog_name":"AUS_FSD","name":"Wandana Scarp 1","net_slip_rate":"(0.003,0.0,0.005)","reference":"Domain 6 faults.doc","slip_type":"Reverse"},"geometry":{"type":"LineString","coordinates":[[114.9954011311131,-27.65294733518884],[114.99802762358263,-27.669984512594606],[115.01069769771082,-27.700242610562615],[115.01185824940718,-27.717258474036225],[115.0057205860994,-27.73155402237023],[115.01252050565311,-27.761727245922458],[115.01669214758294,-27.774863388296232],[115.03556821910388,-27.832198005025187],[115.04656369483223,-27.862501987713333],[115.07368527907272,-27.912939746903696],[115.08356624359715,-27.92870467107338],[115.10654402037132,-27.94963997870096],[115.11982007027315,-27.979766397937485],[115.13511281421403,-28.01439418832956],[115.16166500628697,-28.050987226686143],[115.17803043959952,-28.080868619340453],[115.18590221491411,-28.127571536790374],[115.1979445131035,-28.199331827139893],[115.19763063177847,-28.217223070407872],[115.19743389604186,-28.256010344381608]]}},{"type":"Feature","properties":{"average_dip":"(50,,)","catalog_id":"AUS_531951","catalog_name":"AUS_FSD","name":"Wandana Scarp 2","net_slip_rate":"(0.003,0.0,0.005)","reference":"Domain 6 faults.doc","slip_type":"Reverse"},"geometry":{"type":"LineString","coordinates":[[115.10143784795457,-28.059422693751856],[115.11324739860437,-28.102456430066407],[115.12665691778818,-28.16099038085486],[115.13578026907929,-28.20455660394432],[115.1377359626432,-28.239847652428654],[115.149946490409,-28.28511552859509],[115.1591376002193,-28.312178244561622]]}},{"type":"Feature","properties":{"average_dip":"(50,,)","catalog_id":"AUS_442960","catalog_name":"AUS_FSD","dip_dir":"W","name":"Hardabut Fault","net_slip_rate":"(0.003,0.0,0.005)","reference":"Domain 6 faults.doc","slip_type":"Reverse"},"geometry":{"type":"LineString","coordinates":[[114.85921247857118,-27.335026048585533],[114.84176979384893,-27.35610538335637],[114.8321373960275,-27.364413101906816],[114.78244950317308,-27.39431298462205],[114.77122795174921,-27.415172066613668],[114.76408947072639,-27.4282064057338],[114.74900291111089,-27.44549491756655],[114.73362462222099,-27.47680179858975],[114.70751785319635,-27.50354726342187],[114.68849875170088,-27.519886745898013],[114.68689193842715,-27.54966235579859],[114.68066184999566,-27.565336102552052],[114.67417090331686,-27.593276501960386],[114.66595032475357,-27.60979244940506],[114.65846833868841,-27.637714984680517],[114.65724170840657,-27.649088982879732],[114.6488449634495,-27.673489118382072],[114.65038179328155,-27.693674948117547],[114.6408815945838,-27.723314530165258],[114.61341881161536,-27.76316202159],[114.59192429206018,-27.799601274978645],[114.57839662534434,-27.831794093421514],[114.56482111739433,-27.8657371741964],[114.54081998859328,-27.924033166174638],[114.52119918760036,-27.96224445628017],[114.49965035888727,-27.99778779786869],[114.48076453136707,-28.02161592435497],[114.46603383543095,-28.04186881627011],[114.46159033834431,-28.062820385438524]]}},{"type":"Feature","properties":{"average_dip":"(50,,)","catalog_id":"AUS_442997","catalog_name":"AUS_FSD","dip_dir":"W","name":"Toolonga Scarp 1","net_slip_rate":"(0.004,0.0,0.007)","reference":"Domain 6 faults.doc","slip_type":"Reverse"},"geometry":{"type":"LineString","coordinates":[[115.00803555341793,-26.529789640283813],[115.0188097712727,-26.579637053081157],[115.03010747458814,-26.599411162399626],[115.03556773257071,-26.620411787786136],[115.05718955655516,-26.632479283779073],[115.05826842103296,-26.654727070969326],[115.07504988881021,-26.695498122051372],[115.07906592644521,-26.716477749167925],[115.06214147635784,-26.76986785943661],[115.06158604068355,-26.80255537874002],[115.07165269714666,-26.81053972069473],[115.07242367243259,-26.851092103424058],[115.08082378175322,-26.872206693596],[115.08145337313543,-26.91129290008994],[115.0889493235619,-26.98096942997693],[115.0951165053167,-27.009332197774878],[115.08816895395806,-27.02709853289157],[115.09718301326087,-27.07022079957475],[115.09673133964371,-27.110563256051922],[115.09305237959656,-27.13135035630835],[115.0691037343298,-27.169719800286703],[115.04862204833104,-27.199202747416674],[115.04825903519544,-27.220034140182346],[115.0396243296294,-27.23777326271367],[115.02073384107679,-27.270249957551012],[115.01203746630131,-27.290962637110795],[114.95730020400822,-27.36905072574751],[114.94191607042444,-27.389659886147232],[114.92144119858882,-27.414655879151287]]}},{"type":"Feature","properties":{"average_dip":"(50,,)","catalog_id":"AUS_456940","catalog_name":"AUS_FSD","dip_dir":"W","name":"Toolonga Scarp 2","net_slip_rate":"(0.003,0.0,0.005)","reference":"Domain 6 faults.doc","slip_type":"Reverse"},"geometry":{"type":"LineString","coordinates":[[114.98268939319392,-26.900837546593106],[114.98836006555189,-26.93464923641947],[114.98232724790397,-26.971506063912102],[114.97078159071316,-27.015510860274848],[114.96836723841784,-27.050009185168634],[114.95463242816085,-27.114860208613987],[114.94767742771774,-27.151700423830036],[114.93179833786598,-27.185196269061823],[114.92328699140354,-27.208359367327763],[114.9291122005609,-27.233340642926862],[114.92150920801872,-27.25571369938051],[114.90892589903956,-27.345981044206304],[114.89345940250165,-27.3947599948249]]}},{"type":"Feature","properties":{"average_dip":"(50,,)","catalog_id":"AUS_442997","catalog_name":"AUS_FSD","dip_dir":"W","name":"Toolonga Scarp 3","net_slip_rate":"(0.003,0.0,0.005)","reference":"Domain 6 faults.doc","slip_type":"Reverse"},"geometry":{"type":"LineString","coordinates":[[114.98916149457955,-26.70572343690698],[114.99360989207207,-26.73555399808155],[114.99992626685514,-26.753503781402273],[115.0046842874325,-26.7613519624046],[115.00558041776776,-26.768725135900038],[115.00184081014096,-26.77741309212215],[114.99954112859872,-26.791641659850676],[115.00389571691107,-26.80642417307714],[115.00002533616976,-26.822470632154417],[114.98215631376581,-26.847058364433376],[114.97207841667671,-26.865775167821837],[114.96406505360017,-26.883600802434444],[114.95871305600338,-26.89594410340657],[114.9580263579835,-26.90559457971486],[114.95496390477115,-26.93315132834545],[114.94852360341235,-26.948698344437073],[114.94108839288481,-26.962390387434887],[114.93873389856422,-26.978916413581707],[114.93052086261457,-27.006856607944545],[114.9233811872922,-27.032051867327937],[114.9215519416465,-27.04852611478754],[114.91687416972879,-27.07841605841687],[114.91550608778289,-27.096795838176902],[114.91627822229499,-27.110607321032703],[114.91237356209591,-27.127109302905655],[114.90563145905618,-27.15782866134375],[114.90059841847675,-27.179214407029495],[114.90019516440827,-27.20098679188142],[114.89749026184963,-27.23544556818968]]}},{"type":"Feature","properties":{"average_dip":"(50,,)","catalog_id":"AUS_531953","catalog_name":"AUS_FSD","name":"Kalbarri Scarps","net_slip_rate":"(0.003,0.0,0.005)","reference":"Domain 6 faults.doc","slip_type":"Reverse"},"geometry":{"type":"LineString","coordinates":[[114.29085261666307,-27.642122317330557],[114.28031425500365,-27.662338765383833],[114.27386219680818,-27.683415487803217],[114.2719265797092,-27.705137416221966],[114.27687315843843,-27.726644275374642],[114.2785937062713,-27.749656615792343],[114.26848548224484,-27.76965799457949],[114.24977451455709,-27.79073471789823],[114.23859094689828,-27.802348421391045]]}},{"type":"Feature","properties":{"average_dip":"(50,,)","catalog_id":"AUS_442912","catalog_name":"AUS_FSD","name":"Zuytdorp Cliffs","net_slip_rate":"(0.003,0.0,0.005)","reference":"Domain 6 faults.doc","slip_type":"Reverse"},"geometry":{"type":"LineString","coordinates":[[112.9091794777512,-25.99640952743882],[113.11011153518893,-26.202493688319613],[113.29218292236328,-26.400884628295906],[113.45070648193371,-26.556886672973548],[113.66703033447277,-26.797748565673874],[113.84193420410168,-27.044382095336882],[114.00669097900402,-27.314161300659197],[114.08191680908214,-27.471961975097646],[114.12805938720714,-27.606512069702095],[114.15670373799946,-27.721709206168786]]}},{"type":"Feature","properties":{"average_dip":"(50,,)","catalog_id":"AUS_442840","catalog_name":"AUS_FSD","name":"Wagoe Fault","net_slip_rate":"(0.003,0.0,0.005)","reference":"Domain 6 faults.doc","slip_type":"Reverse"},"geometry":{"type":"LineString","coordinates":[[114.10706721711733,-27.85222824575427],[114.13196011750233,-27.92031470404706],[114.15334147205522,-28.00440806414985],[114.16435050683992,-28.059006950667555],[114.17552773427849,-28.11070162757025]]}},{"type":"Feature","properties":{"average_dip":"(50,,)","catalog_id":"AUS_457574","catalog_name":"AUS_FSD","name":"Kennedy Range Fault","net_slip_rate":"(0.003,0.0,0.005)","reference":"Domain 6 faults.doc","slip_type":"Reverse"},"geometry":{"type":"LineString","coordinates":[[114.98417179156024,-25.134121174610534],[114.98002919560984,-25.049112720953048],[114.97782009590456,-25.003780723292877],[114.98800301042458,-24.947774696581675],[114.975623594,-24.87508452127921],[114.94598753663968,-24.84368283353605],[114.93539128765384,-24.81913054917365],[114.93539128765384,-24.764821674432646],[114.94557420127421,-24.704827338882488],[114.95999999661922,-24.66978114341116],[114.96169714858945,-24.598755317355913],[114.97188006221008,-24.53765783293514],[114.96084857260428,-24.477408923600105],[114.95760575091153,-24.378151276260063],[114.95662081456112,-24.279620933232756],[114.94459613910465,-24.19482333232344],[114.95305750595935,-24.140800758781115],[114.96227603949762,-24.062004533809354],[114.96491877190851,-24.031172654941415]]}},{"type":"Feature","properties":{"average_dip":"(50,,)","catalog_id":"AUS_456939","catalog_name":"AUS_FSD","name":"Middalya Fault","net_slip_rate":"(0.003,0.0,0.005)","reference":"Domain 6 faults.doc","slip_type":"Reverse"},"geometry":{"type":"LineString","coordinates":[[114.70286376456795,-24.64513009886119],[114.66649694887076,-24.534960035020486],[114.66480264324285,-24.460071737433168],[114.66294540854754,-24.377981976149062],[114.66114888670735,-24.29857572264702],[114.63892005280161,-24.22862027366812],[114.60445943640764,-24.113532800208517],[114.59569921929744,-24.020299059387344],[114.58948486486781,-23.954160571837892]]}},{"type":"Feature","properties":{"average_dip":"(50,,)","catalog_id":"AUS_457576","catalog_name":"AUS_FSD","name":"Wandagee Fault","net_slip_rate":"(0.003,0.0,0.005)","reference":"Domain 6 faults.doc","slip_type":"Reverse"},"geometry":{"type":"LineString","coordinates":[[114.38945839655526,-23.458796762592822],[114.38642719691677,-23.56035867760532],[114.37796046728363,-23.63414017858536],[114.3844760129399,-23.6851786192192],[114.40425109863293,-23.771503447789566],[114.41193488799911,-23.884664434024995],[114.41291868457881,-23.979108873665602],[114.41389149580698,-24.072498719915913],[114.43688735255114,-24.169799943272274],[114.47085072472089,-24.29487947074274],[114.48862803337306,-24.35376680621844],[114.5374942309777,-24.40838196755952],[114.54180595490425,-24.45149920232727],[114.56442289130473,-24.54344683358892]]}},{"type":"Feature","properties":{"average_dip":"(50,,)","catalog_id":"AUS_457575","catalog_name":"AUS_FSD","name":"Round Hill Scarp","net_slip_rate":"(0.003,0.0,0.005)","reference":"Domain 6 faults.doc","slip_type":"Reverse"},"geometry":{"type":"LineString","coordinates":[[114.70801235530655,-23.147593083295902],[114.69818994211617,-23.185727159410728],[114.6924120516868,-23.214616610658634],[114.67383019012958,-23.282357366496893],[114.66641154565377,-23.330752204872994],[114.66063365522403,-23.3758197489635],[114.65485576479466,-23.389108896591566],[114.64965566358795,-23.429554128698282],[114.64214440638968,-23.438220963443076],[114.63289978242197,-23.453243478739527],[114.62769968031591,-23.486755241971174],[114.63289978242197,-23.514489114773408],[114.63232199319894,-23.5503120348964],[114.64272219561235,-23.59711294575612],[114.64734450759602,-23.615024405367897],[114.65256157240286,-23.647218922216076],[114.66005586600136,-23.6681809958798],[114.66063365522403,-23.676847832423352]]}},{"type":"Feature","properties":{"average_dip":"(50,,)","catalog_id":"AUS_457569","catalog_name":"AUS_FSD","name":"Dirk Hartog Fault","net_slip_rate":"(0.004,0.0,0.008)","reference":"Domain 6 faults.doc","slip_type":"Reverse"},"geometry":{"type":"LineString","coordinates":[[112.95831298828125,-25.49548721313468],[113.0475845336914,-25.711668014526364],[113.15729522705078,-25.97135353088373],[113.22669982910156,-26.121149063110337],[113.26947784423828,-26.24967575073243],[113.29988799444232,-26.40633321761265]]}},{"type":"Feature","properties":{"average_dip":"(50,,)","catalog_id":"AUS_457570","catalog_name":"AUS_FSD","name":"Cape Peron Fault","net_slip_rate":"(0.005,0.0,0.01)","reference":"Domain 6 faults.doc","slip_type":"Reverse"},"geometry":{"type":"LineString","coordinates":[[113.50616455078125,-25.52481079101556],[113.71577453613281,-25.81399726867676],[113.88648223876953,-26.04043769836428],[113.99757746217529,-26.309517573352426],[114.07595062255871,-26.47388839721684],[114.17306271135533,-26.69023133427778],[114.29203576164684,-26.922228782341666]]}},{"type":"Feature","properties":{"average_dip":"(50,,)","catalog_id":"AUS_457571","catalog_name":"AUS_FSD","name":"Carbla North Fault","net_slip_rate":"(0.003,0.0,0.005)","reference":"Domain 6 faults.doc","slip_type":"Reverse"},"geometry":{"type":"LineString","coordinates":[[114.23302512870225,-25.974370490688035],[114.31011966529104,-26.08715694236212],[114.341528550568,-26.145691683104324],[114.37436511244846,-26.209937130260517],[114.4171954105534,-26.28132096043396]]}},{"type":"Feature","properties":{"average_dip":"(50,,)","catalog_id":"AUS_457572","catalog_name":"AUS_FSD","name":"Carbla South Fault","net_slip_rate":"(0.003,0.0,0.005)","reference":"Domain 6 faults.doc","slip_type":"Reverse"},"geometry":{"type":"LineString","coordinates":[[114.1930501838043,-26.11428279782802],[114.2644340139791,-26.20565410045002],[114.31440269510153,-26.284176313640874],[114.36151602301709,-26.346994084193508],[114.38293117206956,-26.388396705694184]]}},{"type":"Feature","properties":{"average_dip":"(50,,)","catalog_id":"AUS_457305","catalog_name":"AUS_FSD","name":"Cape Cuvier Fault","net_slip_rate":"(0.035,0.0,0.07)","reference":"Whitney & Hengesh (2015)","slip_type":"Reverse"},"geometry":{"type":"LineString","coordinates":[[113.41454315185547,-24.034589767456104],[113.46374538551731,-24.224514867038017],[113.48849177997806,-24.361571820970852],[113.50943103682937,-24.489110930880578],[113.55130955053187,-24.603325059157946],[113.57081604003906,-24.690975189208956]]}},{"type":"Feature","properties":{"average_dip":"(50,,)","catalog_id":"AUS_457566","catalog_name":"AUS_FSD","name":"Giralia Range Fault","net_slip_rate":"(0.019,0.0,0.039)","reference":"Domain 6 faults.doc","slip_type":"Reverse"},"geometry":{"type":"LineString","coordinates":[[114.32071685791027,-22.476638793945238],[114.25463104248047,-22.699203490538494],[114.20799255371105,-22.83314323357739],[114.15284729003918,-22.983367919242937],[114.101806640625,-23.11107444695],[114.07586172926722,-23.2628557015531],[114.03124683540784,-23.381828751841923]]}},{"type":"Feature","properties":{"average_dip":"(50,,)","catalog_id":"AUS_457567","catalog_name":"AUS_FSD","name":"Rough Range Fault","net_slip_rate":"(0.013,0.0,0.026)","reference":"Domain 6 faults.doc","slip_type":"Reverse"},"geometry":{"type":"LineString","coordinates":[[114.1975326538086,-22.297506331734443],[114.14234924316418,-22.39571762084952],[114.08488464355469,-22.457765578556756],[113.99867248535156,-22.586256026551833],[113.93431091308594,-22.67598533563181],[113.88755798339855,-22.729143142027127],[113.82055664062511,-22.794975280087115],[113.78818511962902,-22.842472075740332]]}},{"type":"Feature","properties":{"average_dip":"(50,,)","catalog_id":"AUS_457301","catalog_name":"AUS_FSD","dip_dir":"W","name":"Cape Range Fault","net_slip_rate":"(0.049,0.0,0.097)","reference":"Whitney & Hengesh (2015)","slip_type":"Reverse"},"geometry":{"type":"LineString","coordinates":[[114.21671295166027,-21.80314445430471],[114.1546401977539,-21.926055907548808],[114.13414764404308,-22.07883834773074],[114.08967590332043,-22.199493408203125],[114.05067443847656,-22.315738677315007],[113.97932434082031,-22.41912269525698],[113.8715057373048,-22.53154754571818],[113.71537780761719,-22.663343428893885],[113.57514190673828,-22.686840056700937]]}},{"type":"Feature","properties":{"average_dip":"(45,,)","catalog_id":"AUS_442928","catalog_name":"AUS_FSD","name":"Balfour Downs Lineament","net_slip_rate":"(0.002,0.0,0.004)","reference":"Domain 1 faults.doc","slip_type":"Reverse"},"geometry":{"type":"LineString","coordinates":[[120.48808122688752,-22.68346389814632],[120.40753177119835,-22.751661197239414],[120.32092058441549,-22.83388748071442],[120.28611637156406,-22.867628284585688],[120.25665217054747,-22.907522093679727],[120.22446397217617,-22.94323513924687],[120.19374381244211,-22.97461397592513]]}},{"type":"Feature","properties":{"average_dip":"(40,,)","catalog_id":"AUS_443066","catalog_name":"AUS_FSD","name":"Munro Scarp 1","net_slip_rate":"(0.003,0.0,0.006)","reference":"Nullarbor Fault database.doc","slip_type":"Reverse"},"geometry":{"type":"LineString","coordinates":[[122.1949115371956,-20.369160370862982],[122.17283264358174,-20.352380412148072],[122.16046846394941,-20.330301519433448],[122.12047289095051,-20.29614919826172],[122.08212108301097,-20.261623873699453],[122.05713924510985,-20.23403754532737],[122.06067186657721,-20.21549127497951],[122.01076316095612,-20.138744062579548],[121.9553414202087,-20.068997444613707],[121.90965223994203,-20.01678123785047],[121.89375543614426,-19.989403411136195],[121.88669019141093,-19.963791895155556],[121.85895718520851,-19.913979491788627],[121.83546715855049,-19.884307879764293],[121.80985564256979,-19.85604689723365],[121.78601043822232,-19.83573431525272],[121.76393154640708,-19.820720668170917],[121.7427358086096,-19.79422599637376],[121.72507269407834,-19.773030258576416]]}},{"type":"Feature","properties":{"average_dip":"(40,,)","catalog_id":"AUS_443066","catalog_name":"AUS_FSD","name":"Munro Scarp 2","net_slip_rate":"(0.003,0.0,0.006)","reference":"Nullarbor Fault database.doc","slip_type":"Reverse"},"geometry":{"type":"LineString","coordinates":[[121.85666289634774,-19.779212349291953],[121.86372814198057,-19.79952493127277],[121.87785863324586,-19.812772266721687],[121.89375543614426,-19.829552225436554],[121.92113326375795,-19.84368271670187],[121.94674477973842,-19.87459316758151],[121.97942154135183,-19.91963410882709],[122.00944883641489,-19.95142771462386],[122.05625608929348,-20.00265074658501],[122.09246547327336,-20.05475693436274],[122.12779170233614,-20.092732629975675],[122.15958530813292,-20.117460990139648],[122.1731354649138,-20.145590809179264],[122.20197678282841,-20.189879759898258],[122.22228936480928,-20.211075496796347],[122.23818616770768,-20.228738611327675]]}},{"type":"Feature","properties":{"average_dip":"(50,,)","catalog_id":"AUS_595181","catalog_name":"AUS_FSD","name":"Sandy Desert Scarp 1","net_slip_rate":"(0.003,0.0,0.005)","reference":"Domain 6 faults.doc","slip_type":"Reverse"},"geometry":{"type":"LineString","coordinates":[[126.28696221920006,-20.109935323104278],[126.2547042780285,-20.06235868713705],[126.23699353822316,-20.032840786559774],[126.20415697607837,-20.00714260831123],[126.17437839383159,-19.986297600416844],[126.15418829510143,-19.972164531087774],[126.11604778191531,-19.932339601304694],[126.07057134733918,-19.889312575316318],[126.01557682769237,-19.853780381444114],[125.96000032436882,-19.819301306660236],[125.9362257349137,-19.796661934366266],[125.90077569781852,-19.750874657290023]]}},{"type":"Feature","properties":{"average_dip":"(50,,)","catalog_id":"AUS_595181","catalog_name":"AUS_FSD","name":"Sandy Desert Scarp 2","net_slip_rate":"(0.003,0.0,0.005)","reference":"Domain 6 faults.doc","slip_type":"Reverse"},"geometry":{"type":"LineString","coordinates":[[126.14019706385216,-19.815120105159792],[126.17303362599695,-19.84510131356619],[126.186596553331,-19.86651646255629],[126.19659029006597,-19.892214641704303],[126.24441745596403,-19.925765041608994],[126.29367229918104,-19.952890897176488],[126.32816294921804,-19.97818404072999],[126.35791774615154,-20.000004225314523],[126.38884236958496,-20.01237407442801],[126.42216319312206,-20.025702403563027],[126.44747158787607,-20.044683699628624],[126.47355955141802,-20.064249672284955]]}},{"type":"Feature","properties":{"average_dip":"(50,,)","catalog_id":"AUS_595173","catalog_name":"AUS_FSD","name":"Lake Gregory Scarp 1","net_slip_rate":"(0.003,0.0,0.005)","reference":"Domain 6 faults.doc","slip_type":"Reverse"},"geometry":{"type":"LineString","coordinates":[[127.42432403564464,-20.930591582621723],[127.40483062983081,-20.84498511399779],[127.36390389981034,-20.775504852889636],[127.34439231967919,-20.770270038752038],[127.31917003297076,-20.686513010751124],[127.27728588342086,-20.622764400282076],[127.25248563814672,-20.547235226608713],[127.22036291466145,-20.499646006930337],[127.19708935292022,-20.456632162923707],[127.1837787022529,-20.41140766085468],[127.14315747540752,-20.31641592336401],[127.10376932541521,-20.226007990856917],[127.06784873216886,-20.13656200038703],[127.0430930699431,-20.078481408325217]]}},{"type":"Feature","properties":{"average_dip":"(50,,)","catalog_id":"AUS_595173","catalog_name":"AUS_FSD","name":"Lake gregory Scarp 2","net_slip_rate":"(0.003,0.0,0.005)","reference":"Domain 6 faults.doc","slip_type":"Reverse"},"geometry":{"type":"LineString","coordinates":[[127.11738610382905,-20.131643648690886],[127.16369628906251,-20.22121810851823],[127.24439236432977,-20.279339076007734],[127.29441800266272,-20.315813930537605],[127.30055075116412,-20.356731612714178],[127.34873483639184,-20.40491569794213],[127.3665807938837,-20.440607612925703],[127.38739013671886,-20.474948882437612],[127.41577148437513,-20.511066436147683],[127.43439543235253,-20.520914422538215],[127.43796462385082,-20.55839093327099],[127.45285034179686,-20.594543456409248],[127.48793330482805,-20.629774763238196],[127.52383422851562,-20.671054839464073],[127.54408264160155,-20.693113326401917],[127.58610534667979,-20.74983024534585],[127.60781860351574,-20.781963347762094],[127.63423156738283,-20.81743621763427],[127.6539007104011,-20.847495445537433]]}},{"type":"Feature","properties":{"average_dip":"(70,,)","catalog_id":"AUS_442951","catalog_name":"AUS_FSD","name":"Maruwa Scarp","net_slip_rate":"(0.002,0.0,0.004)","reference":"Nullarbor Fault database.doc","slip_type":"Strike-Slip"},"geometry":{"type":"LineString","coordinates":[[127.65566141566057,-22.164444124391576],[127.64436097390957,-22.228258386918615],[127.6483493645868,-22.25484766199721],[127.64901409666595,-22.27877801055715],[127.64369624183017,-22.3126793376089],[127.61644223377289,-22.352563250676514],[127.57592697148948,-22.399289288752115],[127.55178761214746,-22.431624595038766],[127.53268643554064,-22.4602966231153],[127.52072084133147,-22.479527042751716]]}},{"type":"Feature","properties":{"average_dip":"(70,,)","catalog_id":"AUS_466625","catalog_name":"AUS_FSD","dip_dir":"W","name":"Dead Horse Creek Fault","net_slip_rate":"(0.003,0.0,0.005)","slip_type":"Strike-Slip"},"geometry":{"type":"LineString","coordinates":[[128.2985653854014,-15.745515801334118],[128.29499167660003,-15.759269581099938],[128.2920591226,-15.771977315499996],[128.29153545220004,-15.777598044199914],[128.28724135510004,-15.786221149599982],[128.28179518330012,-15.798719415900019],[128.27809141018986,-15.807455303883907],[128.27359315788124,-15.814605386160885],[128.27083804707297,-15.82169890557885],[128.2704775331531,-15.830161912583026],[128.2715786135832,-15.833569455443246]]}},{"type":"Feature","properties":{"average_dip":"(40,,)","catalog_id":"AUS_442966","catalog_name":"AUS_FSD","name":"Iragana Scarp 1","net_slip_rate":"(0.003,0.0,0.006)","reference":"Nullarbor Fault database.doc","slip_type":"Reverse"},"geometry":{"type":"LineString","coordinates":[[127.03556286942545,-25.314458659830706],[126.98049774309868,-25.27093944880043],[126.95962628463734,-25.228752456552083],[126.92308671187628,-25.192928225217635],[126.87075197039813,-25.140593483739398],[126.81474461538822,-25.11304888225136],[126.76149172007752,-25.09376766165957],[126.69630283213756,-25.053368914609173],[126.65957669771966,-25.02398800635525],[126.56390218873435,-24.984681056033573],[126.5386685184078,-24.944688068693587],[126.50676934929186,-24.894696835418028],[126.36268702714017,-24.823590938226037],[126.3224913793796,-24.769996741211926],[126.29178637142286,-24.71751908936941],[126.29249735743281,-24.659739726420693],[126.29386436289032,-24.60642652167534],[126.28156131557216,-24.54217727596868],[126.269258268254,-24.483396050293006],[126.26789126279652,-24.46562498204449],[126.25832222639328,-24.446486909237954],[126.2296151162841,-24.43281685556301],[126.21457805895056,-24.419146804586138],[126.19351666097849,-24.388304876649286]]}},{"type":"Feature","properties":{"average_dip":"(40,,)","catalog_id":"AUS_442964","catalog_name":"AUS_FSD","name":"Iragana Scarp 4","net_slip_rate":"(0.003,0.0,0.006)","reference":"Nullarbor Fault database.doc","slip_type":"Reverse"},"geometry":{"type":"LineString","coordinates":[[127.88101524387035,-25.80531777402431],[127.85785589128055,-25.78164376911489],[127.82160049708638,-25.745803884181154],[127.7837304043626,-25.72120065658357],[127.73642319858276,-25.701035273833774],[127.66112815955353,-25.660206273138165],[127.64417415144906,-25.65518072494151],[127.57250114178544,-25.616250649905336],[127.55209115603417,-25.585263859175917],[127.52461996260604,-25.560817968866708],[127.50521193940665,-25.548575775972306],[127.47667676258253,-25.51953104328627],[127.44150219968321,-25.447119790061326],[127.41576958639416,-25.407491564139182],[127.38437579758806,-25.392566648665277],[127.35452596574089,-25.37661242765269]]}},{"type":"Feature","properties":{"average_dip":"(50,,)","catalog_id":"AUS_443000","catalog_name":"AUS_FSD","name":"Iragana Scarp 2","net_slip_rate":"(0.003,0.0,0.005)","reference":"Nullarbor Fault database.doc","slip_type":"Reverse"},"geometry":{"type":"LineString","coordinates":[[126.90899774410786,-25.490254180295967],[126.91596903576931,-25.523948758609166],[126.91538809442282,-25.550091103914014],[126.91822213332968,-25.653551395342053],[126.93423540832339,-25.702683032340385],[126.9305960274387,-25.7561819264003],[126.91785819569087,-25.789300288404895],[126.9391583546685,-25.847145212828828],[126.94265578656405,-25.884451168937343],[126.93350753214645,-25.933055819414317],[126.91967788568375,-25.970177500841785],[126.90962271985815,-26.023248458809412],[126.90829049927754,-26.055665830768362],[126.90296161605568,-26.075205068649176]]}},{"type":"Feature","properties":{"average_dip":"(50,,)","catalog_id":"AUS_443001","catalog_name":"AUS_FSD","name":"Iragana Scarp 3","net_slip_rate":"(0.003,0.0,0.005)","reference":"Nullarbor Fault database.doc","slip_type":"Reverse"},"geometry":{"type":"LineString","coordinates":[[127.58826337822914,-26.134234083624225],[127.5988917872047,-26.06676678940346],[127.60166441590673,-25.995602656613478],[127.59750547330326,-25.92905957225978],[127.57301392081727,-25.86667543140898]]}},{"type":"Feature","properties":{"average_dip":"(40,,)","catalog_id":"AUS_443002","catalog_name":"AUS_FSD","name":"Warri Scarp","net_slip_rate":"(0.003,0.0,0.006)","reference":"Nullarbor Fault database.doc","slip_type":"Reverse"},"geometry":{"type":"LineString","coordinates":[[125.83023511175598,-25.0143402352077],[125.81274879764042,-24.9923145688674],[125.79632295596777,-24.972841766602922],[125.79090682142191,-24.965249511066407],[125.77215348035826,-24.942223042577226],[125.76146763620135,-24.931062070107096],[125.75007182314766,-24.918241780421752]]}},{"type":"Feature","properties":{"average_dip":"(50,,)","catalog_id":"AUS_443003","catalog_name":"AUS_FSD","name":"Harcus Scarp","net_slip_rate":"(0.003,0.0,0.005)","reference":"Nullarbor Fault database.doc","slip_type":"Reverse"},"geometry":{"type":"LineString","coordinates":[[129.69901922183362,-26.75544900775714],[129.69798901427487,-26.763690667328127],[129.7025219273537,-26.77275649258656],[129.70207056482172,-26.784731066130796],[129.70237904936505,-26.79244317341473],[129.70577237574264,-26.80108073073089],[129.70916570212,-26.808792837115526],[129.6959286000565,-26.851464343603745],[129.69139568697778,-26.86423891625369],[129.68624464918366,-26.879073903121967],[129.68668244004687,-26.893477272972724],[129.68855535731336,-26.90242565486793],[129.69167688609048,-26.91054162878957],[129.69687943255383,-26.91761709431776],[129.69646322991582,-26.9215710301694],[129.6933417011386,-26.92698167975026],[129.68793105155783,-26.932392329331016]]}},{"type":"Feature","properties":{"average_dip":"(50,,)","catalog_id":"AUS_443004","catalog_name":"AUS_FSD","name":"Mann Range Scarp","net_slip_rate":"(0.003,0.0,0.005)","reference":"Nullarbor Fault database.doc","slip_type":"Reverse"},"geometry":{"type":"LineString","coordinates":[[129.60931878318377,-26.047829753741247],[129.60959418976347,-26.054577233827523],[129.60780404160005,-26.061462417203515],[129.6033975264338,-26.071790191817733],[129.60133196989216,-26.086937595964443],[129.6024335998078,-26.106766923655506],[129.6011942666023,-26.115166847715923],[129.6062213904113,-26.13614522657351],[129.6072951782163,-26.148314827092914],[129.60836896602132,-26.15511548588929],[129.60823979729741,-26.17556167924486],[129.6059162189705,-26.184222288882605],[129.60887350006874,-26.1935166003924],[129.61225325028101,-26.211682756096803],[129.61288695305234,-26.22013213117764]]}},{"type":"Feature","properties":{"average_dip":"(30,,)","catalog_id":"AUS_558160","catalog_name":"AUS_FSD","name":"Pukatja Scarp","net_slip_rate":"(0.004,0.0,0.008)","reference":"Clark et al (2014) BSSA","slip_type":"Reverse"},"geometry":{"type":"LineString","coordinates":[[132.11894099972722,-26.121754000268094],[132.11987000028284,-26.121300000024625],[132.12035300006448,-26.12117799979681],[132.12102799970341,-26.121238999910734],[132.12203700034945,-26.120890000010757],[132.12342899976454,-26.120742000383128],[132.12506399958954,-26.121098999752444],[132.12556800033906,-26.121275999817705],[132.12650400031794,-26.12185999975846],[132.12671200001364,-26.122185000350676],[132.12726000009343,-26.122385999723534],[132.1275039996499,-26.12297599994081],[132.12755316108849,-26.123538792069475],[132.1271749997726,-26.123884000427683],[132.12695599956987,-26.12435200041725],[132.12725800000123,-26.124929000035255],[132.12809087202527,-26.125206023595876],[132.12828604469064,-26.125666983692437],[132.12872400012964,-26.12623099979843]]}},{"type":"Feature","properties":{"average_dip":"(35,,)","catalog_id":"AUS_442843","catalog_name":"AUS_FSD","dip_dir":"SW","name":"Marryat Creek Scarp","net_slip_rate":"(0.004,0.0,0.007)","reference":"Crone et al (1997)","slip_type":"Reverse"},"geometry":{"type":"LineString","coordinates":[[132.79178470204192,-26.208886397883564],[132.80205571144973,-26.20480008272852],[132.81210583657526,-26.203695673008465],[132.8218246406733,-26.203033027356252],[132.82889286216266,-26.20038244474742],[132.8373968152988,-26.20126597198391],[132.84325018582604,-26.204689640587407],[132.84590076843494,-26.210984776082032],[132.84645297284533,-26.21451888592735],[132.84468591657367,-26.219709610802493],[132.84435459464703,-26.225673422571578],[132.84490679995656,-26.2392576593412],[132.84490679995656,-26.24511102986854],[132.84291886300002,-26.251958368874277],[132.8408204848015,-26.256928211265837],[132.84236665769026,-26.26233981772517],[132.84236665769026,-26.26609481005411],[132.84015783914936,-26.272169062165755]]}},{"type":"Feature","properties":{"average_dip":"(50,,)","catalog_id":"AUS_442968","catalog_name":"AUS_FSD","name":"Liesler Lineament","net_slip_rate":"(0.003,0.0,0.005)","reference":"Nullarbor Fault database.doc","slip_type":"Reverse"},"geometry":{"type":"LineString","coordinates":[[129.43735714087802,-23.592158816319152],[129.46238398062758,-23.580757869935276],[129.47006306300818,-23.575933812141347],[129.48539530301275,-23.563962727067352],[129.5120682815899,-23.56695609705947],[129.54644391827446,-23.562379019174983],[129.59321494893777,-23.553876497344497],[129.61258494362778,-23.55005706181259],[129.6580870383243,-23.527920097176697],[129.71787185072753,-23.522866662802553],[129.76687462567077,-23.5177029760442],[129.80079637542656,-23.508436439195968],[129.83093227531572,-23.50646554798907],[129.87049791831726,-23.493747189261217],[129.8820238506779,-23.48859911563266]]}},{"type":"Feature","properties":{"average_dip":"(50,,)","catalog_id":"AUS_442925","catalog_name":"AUS_FSD","name":"Lisler Lineament 1","net_slip_rate":"(0.003,0.0,0.005)","reference":"Nullarbor Fault database.doc","slip_type":"Reverse"},"geometry":{"type":"LineString","coordinates":[[129.40125612790052,-23.27835810993954],[129.43083073123387,-23.266262249329795],[129.45678684313418,-23.255692251320195],[129.48853019661465,-23.24440552782733],[129.52860785422422,-23.23571277372231],[129.5596472247155,-23.229820685582844],[129.59268098659732,-23.227558996799164],[129.62454229875243,-23.223677326868575],[129.64569170707614,-23.223285211671993],[129.65914414190695,-23.22592601775098]]}},{"type":"Feature","properties":{"average_dip":"(45,,)","catalog_id":"AUS_442842","catalog_name":"AUS_FSD","dip_dir":"SW","name":"Tennant Creek scarp","net_slip_rate":"(0.002,0.0,0.004)","reference":"Crone et al (1997)","slip_type":"Reverse"},"geometry":{"type":"LineString","coordinates":[[133.83847939041175,-19.739590207283367],[133.91380528158243,-19.76615114742272],[133.99252840308782,-19.80340894933327],[134.04906861629263,-19.827183211561938],[134.08947517935064,-19.848984123837262]]}},{"type":"Feature","properties":{"average_dip":"(45,,)","catalog_id":"AUS_531542","catalog_name":"AUS_FSD","name":"Bonney Well Scarp","net_slip_rate":"(0.002,0.0,0.004)","reference":"Domain 1 faults.doc","slip_type":"Reverse"},"geometry":{"type":"LineString","coordinates":[[133.52917546325125,-20.46554342419893],[133.61176113240276,-20.464536281552252],[133.67398681201178,-20.47474147120484],[133.74360539668362,-20.49004784559027],[133.78498960828244,-20.499786261596665],[133.8202395892264,-20.511871970659303],[133.8464252890476,-20.526979104964152],[133.8635467086458,-20.53402910079314],[133.88268241173887,-20.536043386086597]]}},{"type":"Feature","properties":{"average_dip":"(45,,)","catalog_id":"AUS_531544","catalog_name":"AUS_FSD","name":"Lander River scarp 1","net_slip_rate":"(0.002,0.0,0.004)","reference":"Domain 1 faults.doc","slip_type":"Reverse"},"geometry":{"type":"LineString","coordinates":[[131.7596264346197,-20.607550489721667],[131.91271206475972,-20.608557630569724],[131.98925487982967,-20.614600485550678],[132.06277626785868,-20.63977904272533],[132.14133336822226,-20.647836181201082],[132.2269404644146,-20.660929031111763]]}},{"type":"Feature","properties":{"average_dip":"(45,,)","catalog_id":"AUS_531544","catalog_name":"AUS_FSD","name":"Lander River scarp 2","net_slip_rate":"(0.002,0.0,0.004)","reference":"Domain 1 faults.doc","slip_type":"Reverse"},"geometry":{"type":"LineString","coordinates":[[132.7002973455933,-20.664957600799305],[132.66706165084224,-20.660929031111763],[132.62235637660285,-20.646257759168428],[132.56554385963852,-20.63048517371907],[132.52976484011322,-20.62186598247862],[132.50059953731852,-20.615382711822217],[132.48376175119336,-20.610571915863126],[132.43354484661847,-20.609564774115757],[132.38064968590243,-20.608908872949225],[132.3415337783125,-20.603352743111184],[132.31109266518467,-20.5951185390917],[132.27033142208006,-20.584614828007304],[132.2494466782798,-20.579030055572453],[132.23600474463774,-20.57532193581865]]}},{"type":"Feature","properties":{"average_dip":"(45,,)","catalog_id":"AUS_531548","catalog_name":"AUS_FSD","name":"Mount Solitaire Scarp","net_slip_rate":"(0.002,0.0,0.004)","reference":"Domain 1 faults.doc","slip_type":"Reverse"},"geometry":{"type":"LineString","coordinates":[[130.68701988009377,-19.97204369458254],[130.74039842238324,-19.997222252656602],[130.80686981458348,-20.017365099295567],[130.8733412067836,-20.029450806559577],[130.93981259898374,-20.062686503109287],[130.97405543728087,-20.08282934884906],[131.0354911180459,-20.119086472439474],[131.11203393311598,-20.170450729435498],[131.2238267282304,-20.22685069786644],[131.31648382025196,-20.25605782472871],[131.38799092388706,-20.275193528720965],[131.41518376635497,-20.275193528720962],[131.48669086999018,-20.297350659754144],[131.56726225474756,-20.32051493343393]]}},{"type":"Feature","properties":{"average_dip":"(45,,)","catalog_id":"AUS_442909","catalog_name":"AUS_FSD","name":"Mount Theo Scarp 1","net_slip_rate":"(0.002,0.0,0.004)","reference":"Domain 1 faults.doc","slip_type":"Reverse"},"geometry":{"type":"LineString","coordinates":[[131.97632560040836,-21.291549401373455],[131.92594104594514,-21.261318668875496],[131.90120680961093,-21.245745260380183],[131.87189215980698,-21.23841659792916],[131.84807400616683,-21.208185865431155],[131.82883626689568,-21.19627678861105],[131.77410105757974,-21.191057488845253],[131.72073849461935,-21.2026893683681],[131.6080603079737,-21.18803204256683],[131.55584358812257,-21.18894812616008],[131.49996253569714,-21.185283793585622],[131.4523262293161,-21.1504726476178],[131.4165989997549,-21.135815322715825],[131.37629135582483,-21.134899240021912],[131.3405641253645,-21.12848666026486],[131.28754716898675,-21.093424303976562],[131.1992799879489,-21.076496351929208],[131.17630633726446,-21.07165979355915],[131.10013055080287,-21.07831006143051],[131.03784617714064,-21.067599475106014],[130.99621204580774,-21.03944279504487],[130.9290351210867,-21.012608855810903],[130.8903448520681,-20.982183472254256],[130.85527980680706,-20.943491009789366]]}},{"type":"Feature","properties":{"average_dip":"(45,,)","catalog_id":"AUS_442909","catalog_name":"AUS_FSD","name":"Mount Theo Scarp 2","net_slip_rate":"(0.002,0.0,0.004)","reference":"Domain 1 faults.doc","slip_type":"Reverse"},"geometry":{"type":"LineString","coordinates":[[130.88611286383139,-20.864292373559728],[130.91755049008998,-20.875779198901995],[130.94838354621515,-20.889684302979763],[131.0173044955709,-20.89512543058411],[131.06567007567537,-20.912053384430102],[131.10859452727618,-20.930190474945896],[131.18537488387108,-20.97492863604796],[131.23978615991484,-21.003947983571102],[131.51003944712943,-21.1000880931548],[131.59523514756017,-21.142227901573555],[131.6437875384339,-21.154136979292996],[131.68684343044606,-21.174290801258117],[131.74913706172913,-21.18436771179095],[131.77410105757974,-21.191057488845253]]}},{"type":"Feature","properties":{"average_dip":"(40,,)","catalog_id":"AUS_443065","catalog_name":"AUS_FSD","name":"Kalga Hills Scarp","net_slip_rate":"(0.003,0.0,0.006)","reference":"Nullarbor Fault database.doc","slip_type":"Reverse"},"geometry":{"type":"LineString","coordinates":[[131.3699000558255,-21.75199040302903],[131.45023233783525,-21.75049654730007],[131.5730171728951,-21.732637350888645],[131.69841458431574,-21.73363241294253],[131.82645374790206,-21.761949101278386],[131.89405241868212,-21.79190943012525],[131.9962480582916,-21.83840532512679],[132.08435780581362,-21.865384360077737],[132.15976562971787,-21.87780325895899],[132.20472314535527,-21.89090764177535]]}},{"type":"Feature","properties":{"average_dip":"(70,,)","catalog_id":"AUS_531540","catalog_name":"AUS_FSD","name":"Woodforde River Lineament","net_slip_rate":"(0.002,0.0,0.004)","reference":"Nullarbor Fault database.doc","slip_type":"Strike-Slip"},"geometry":{"type":"LineString","coordinates":[[133.29276046241284,-22.46192395616721],[133.32863432193415,-22.39293576540267],[133.3658879455944,-22.327396982737397],[133.39141357632138,-22.268757020767428],[133.42383802594463,-22.21908552255361],[133.43142672736053,-22.181831898893236],[133.43487613725847,-22.14526815775201]]}},{"type":"Feature","properties":{"average_dip":"(45,,)","catalog_id":"AUS_442854","catalog_name":"AUS_FSD","name":"Barrow Creek Scarp","net_slip_rate":"(0.002,0.0,0.004)","reference":"Domain 1 faults.doc","slip_type":"Reverse"},"geometry":{"type":"LineString","coordinates":[[134.32449141337554,-21.924386541082086],[134.31632978806897,-21.918385345395524],[134.2983584909707,-21.90797643178198],[134.280322615748,-21.898701424586605],[134.2688003211449,-21.893420373605508]]}},{"type":"Feature","properties":{"average_dip":"(40,,)","catalog_id":"AUS_442903","catalog_name":"AUS_FSD","name":"Mapata Fault","net_slip_rate":"(0.003,0.0,0.006)","reference":"Nullarbor Fault database.doc","slip_type":"Reverse"},"geometry":{"type":"LineString","coordinates":[[134.43472197460903,-22.52073143665025],[134.45734517658605,-22.540886652564495],[134.4844930187785,-22.560630538367537],[134.51616550208564,-22.58243107832362],[134.54959491709712,-22.597678900768003],[134.58856559922094,-22.609323527448804],[134.62163633762725,-22.627489143560002],[134.64368349596543,-22.643636358180817],[134.67318321455184,-22.674999218403197]]}},{"type":"Feature","properties":{"average_dip":"(80,,)","catalog_id":"AUS_442902","catalog_name":"AUS_FSD","name":"Alcoota Homestead Fault","net_slip_rate":"(0.002,0.0,0.004)","reference":"Nullarbor Fault database.doc","slip_type":"Strike-Slip"},"geometry":{"type":"LineString","coordinates":[[134.35260547276687,-22.894116339171262],[134.37289639817413,-22.884411983580907],[134.3889526958343,-22.876119170572725],[134.40447966423926,-22.869414344431213]]}},{"type":"Feature","properties":{"average_dip":"(50,,)","catalog_id":"AUS_442861","catalog_name":"AUS_FSD","name":"Palmerville Fault","net_slip_rate":"(0.002,0.0,0.004)","reference":"Domain 4 fault database.doc","slip_type":"Reverse"},"geometry":{"type":"LineString","coordinates":[[143.9498599474232,-15.209546929773248],[143.955346842425,-15.119699026592237],[143.95054580907356,-15.064144216722815],[143.94437305242138,-14.994872170248115],[143.90596478830844,-14.937945636178542],[143.9073365134078,-14.907081852917697],[143.88043525760258,-14.868128989668865],[143.85907587449492,-14.838148555221697],[143.84920971987628,-14.75207707406389],[143.8342922247083,-14.635823490597938],[143.8269432630001,-14.54946332054054],[143.83274903577023,-14.517512320382142]]}},{"type":"Feature","properties":{"average_dip":"(50,,)","catalog_id":"AUS_531512","catalog_name":"AUS_FSD","name":"The Narrows Fault","net_slip_rate":"(0.002,0.0,0.004)","reference":"Domain 4 fault database.doc","slip_type":"Reverse"},"geometry":{"type":"LineString","coordinates":[[151.036550142328,-23.58531727434312],[151.09448812859569,-23.637025369130665],[151.1337364422218,-23.673158737016795],[151.1578826904298,-23.72137832641604],[151.200927734375,-23.7836513519287],[151.22761184219905,-23.836172171895868],[151.2443251323731,-23.880126549567727],[151.2585130318604,-23.91479182999893]]}},{"type":"Feature","properties":{"average_dip":"(50,,)","catalog_id":"AUS_442863","catalog_name":"AUS_FSD","name":"West Basement Fault","net_slip_rate":"(0.002,0.0,0.004)","reference":"Domain 4 fault database.doc","slip_type":"Reverse"},"geometry":{"type":"LineString","coordinates":[[151.28121333751142,-24.06849342804188],[151.26210033570442,-24.046277733396177],[151.2510527005703,-24.004636649404638],[151.1941148925997,-23.87376467268729],[151.1635214437423,-23.823625408307766],[151.11678145205758,-23.75733960200025],[151.07938945870967,-23.697002521334827],[151.05984364408687,-23.66980834427295],[151.02925019433007,-23.632416350925077]]}},{"type":"Feature","properties":{"average_dip":"(50,,)","catalog_id":"AUS_442892","catalog_name":"AUS_FSD","name":"Dee Range Fault","net_slip_rate":"(0.002,0.0,0.004)","reference":"Domain 4 fault database.doc","slip_type":"Reverse"},"geometry":{"type":"LineString","coordinates":[[150.65922216326885,-23.658525233356638],[150.621975078579,-23.62265766998883],[150.5878319184376,-23.58299642186117],[150.55679268014683,-23.54023125098357],[150.53713449613588,-23.47608349286842],[150.5212699968847,-23.436767125745725]]}},{"type":"Feature","properties":{"average_dip":"(50,,)","catalog_id":"AUS_442891","catalog_name":"AUS_FSD","name":"Mount Morgan Lineament","net_slip_rate":"(0.002,0.0,0.004)","reference":"Domain 4 fault database.doc","slip_type":"Reverse"},"geometry":{"type":"LineString","coordinates":[[150.67735929515356,-23.636952501563222],[150.78868103027344,-23.60542297363274],[150.8782653808595,-23.56386756896968],[150.95644206759573,-23.505424585438128]]}},{"type":"Feature","properties":{"average_dip":"(70,,)","catalog_id":"AUS_442915","catalog_name":"AUS_FSD","dip_dir":"N","name":"Kiewa Fault","net_slip_rate":"(0.003,0.0,0.005)","reference":"Domain 4 fault database.doc","slip_type":"Strike-Slip"},"geometry":{"type":"LineString","coordinates":[[147.82867246399928,-37.49451882780026],[147.78244611215337,-37.47654972202095],[147.73225439106363,-37.44057349139918],[147.64957370404284,-37.395474935987046],[147.54133716997455,-37.34887309455516],[147.50074846902453,-37.33684681269226],[147.45092768605195,-37.29338199805416],[147.3955185042978,-37.26168255217315],[147.30532139257434,-37.185015007432966],[147.25571298090154,-37.112857317154756],[147.21752953740327,-37.017398706610386],[147.17844412067416,-36.937724590729935],[147.14386856110514,-36.83850776738438],[147.13184228014165,-36.82046834414027],[147.1313261484372,-36.78485406403021]]}},{"type":"Feature","properties":{"average_dip":"(50,,)","catalog_id":"AUS_442917","catalog_name":"AUS_FSD","name":"Avoca Fault 2","net_slip_rate":"(0.002,0.0,0.004)","reference":"Domain 4 fault database.doc","slip_type":"Reverse"},"geometry":{"type":"LineString","coordinates":[[143.5968088508829,-36.94880315174993],[143.59720925692943,-37.00886406141192],[143.58119301507236,-37.06331928642396],[143.57999179693297,-37.11016679385605],[143.58119301507236,-37.15581308494742],[143.57999179693297,-37.20946749696726]]}},{"type":"Feature","properties":{"average_dip":"(50,,)","catalog_id":"AUS_442917","catalog_name":"AUS_FSD","name":"Avoca Fault 3","net_slip_rate":"(0.002,0.0,0.004)","reference":"Domain 4 fault database.doc","slip_type":"Reverse"},"geometry":{"type":"LineString","coordinates":[[143.64045311174232,-37.53379640536524],[143.6347019179682,-37.60579520522807],[143.62913005318103,-37.65485499255937],[143.62123362061448,-37.71958481630342]]}},{"type":"Feature","properties":{"average_dip":"(40,,)","catalog_id":"AUS_531531","catalog_name":"AUS_FSD","dip_dir":"W","name":"Yandaminta Creek Scarp","net_slip_rate":"(0.004,0.0,0.008)","slip_type":"Reverse"},"geometry":{"type":"LineString","coordinates":[[141.33464818572963,-29.98327677923575],[141.3559054092749,-29.996031114441973],[141.36525858680727,-30.001557992401903],[141.3699351755737,-30.015162614103883],[141.3737614760455,-30.033443824572085],[141.37163575396073,-30.04279700390315],[141.36823459808556,-30.049174170157468],[141.35973170884756,-30.05682677110133],[141.35505512008115,-30.083445657651207],[141.34910309842394,-30.119748150744634],[141.34485165335502,-30.1376042184147],[141.34017506368946,-30.149083118031943],[141.33549847492316,-30.15248427390708],[141.33464818572963,-30.163112885230003]]}},{"type":"Feature","properties":{"average_dip":"(40,,)","catalog_id":"AUS_531532","catalog_name":"AUS_FSD","dip_dir":"W","name":"Pincally Scarp","net_slip_rate":"(0.004,0.0,0.008)","slip_type":"Reverse"},"geometry":{"type":"LineString","coordinates":[[141.49589712560623,-30.133493574800138],[141.49215245389678,-30.16944242159092],[141.48541204517983,-30.200148729067855],[141.47342909624945,-30.215876349707376],[141.4689354898385,-30.222616758424373],[141.46668868843176,-30.23160397034697],[141.45695254090833,-30.249578394192035],[141.4562036071061,-30.25931453991678],[141.45021213219115,-30.276540029060303],[141.4487142636874,-30.29676125611084],[141.4479653289858,-30.311739942048817],[141.42924197133857,-30.331212234397615],[141.42549729962911,-30.33420797140542],[141.4172590224082,-30.34693985503726],[141.40377820497406,-30.359671738669057]]}},{"type":"Feature","properties":{"average_dip":"(48,,)","catalog_id":"AUS_442907","catalog_name":"AUS_FSD","dip_dir":"W","name":"D'aguilar Ranges Fault","net_slip_rate":"(0.011,0.0,0.022)","reference":"Neotectonics database","slip_type":"Reverse"},"geometry":{"type":"LineString","coordinates":[[145.57618349285895,-42.30521572533975],[145.58417663827697,-42.34922798067942],[145.58829810343354,-42.37579269887075],[145.5821783519225,-42.38870662326772],[145.58105431539832,-42.40931395084917],[145.58392685158344,-42.45188993764672],[145.5867993886677,-42.47299683591743],[145.58330238844655,-42.49128115534193],[145.58105431539832,-42.51213826871768],[145.57980538642676,-42.52612627230006],[145.57855645655593,-42.53936491760017],[145.58092942295082,-42.560346924322765],[145.577557314278,-42.56734092656351],[145.57655817110071,-42.584551166802605],[145.57680795689498,-42.609180045762514],[145.5745598856456,-42.62591569308238],[145.57580881371769,-42.64943302440312],[145.57381052826258,-42.67241331658089],[145.57206202770237,-42.683778569772606],[145.56481823966715,-42.70151336026967]]}},{"type":"Feature","properties":{"average_dip":"(50,,)","catalog_id":"AUS_442851","catalog_name":"AUS_FSD","dip_dir":"W","name":"Lake Edgar Fault","net_slip_rate":"(0.084,0.005,0.163)","reference":"Nullarbor Fault database.doc","slip_type":"Reverse"},"geometry":{"type":"LineString","coordinates":[[146.3359517687163,-42.75451174808181],[146.33166873890582,-42.77925814254244],[146.32500624808938,-42.813046488825194],[146.32167500268133,-42.843979481900924],[146.3259580324917,-42.862063385545156],[146.32736276014543,-42.87655792705539],[146.33150266333746,-42.9044306778435],[146.33744775828143,-42.931305059407684],[146.34426431709142,-42.94884150533054],[146.34801434786073,-42.96319333773377],[146.34849323144522,-42.98605218906195],[146.34585192264512,-43.004541351561606],[146.34530347580517,-43.032885618882815],[146.34946434192761,-43.05815509539887],[146.35960921329593,-43.08128032693331],[146.36506144209045,-43.092184785323035],[146.38235001058035,-43.11211466171355]]}},{"type":"Feature","properties":{"average_dip":"(40,,)","catalog_id":"AUS_442852","catalog_name":"AUS_FSD","name":"Gell River Fault","net_slip_rate":"(0.003,0.0,0.006)","reference":"Nullarbor Fault database.doc","slip_type":"Reverse"},"geometry":{"type":"LineString","coordinates":[[146.23282988381914,-42.43165815165631],[146.22421918925193,-42.439625930797206],[146.21170043864583,-42.450432564714546],[146.20382228863616,-42.46127013530963],[146.19903123056486,-42.47270201927051],[146.18993018411186,-42.4829320308587],[146.17162111369294,-42.49601089224151]]}},{"type":"Feature","properties":{"average_dip":"(40,,)","catalog_id":"AUS_442998","catalog_name":"AUS_FSD","name":"Lake Echo Scarp","net_slip_rate":"(0.011,0.0,0.023)","reference":"Nullarbor Fault database.doc","slip_type":"Reverse"},"geometry":{"type":"LineString","coordinates":[[146.6141892186654,-42.33121017623772],[146.61447243225962,-42.28481393511017],[146.62123609384707,-42.25370130674587],[146.64448156641367,-42.211651380168014],[146.65353151144348,-42.20862657707219],[146.66270721496824,-42.18179184283758],[146.66941367427864,-42.154949165790775],[146.6752287723583,-42.14092411643607],[146.67779487625307,-42.12017405655605],[146.6935194859625,-42.090302071709466],[146.70429107869631,-42.065299242958616],[146.71258890542458,-42.04212067365587],[146.71753280057692,-42.03541724236262],[146.71757874693958,-42.025038526551285],[146.72172866574567,-42.01222772021678]]}},{"type":"Feature","properties":{"average_dip":"(70,,)","catalog_id":"AUS_572539","catalog_name":"AUS_FSD","name":"Poatina Scarp","net_slip_rate":"(0.002,0.0,0.004)","reference":"Nullarbor Fault database.doc","slip_type":"Strike-Slip"},"geometry":{"type":"LineString","coordinates":[[147.1434823949238,-41.84801829855468],[147.115286690836,-41.83097549222996],[147.0938832130646,-41.81508281521802],[147.08081421040458,-41.804296309292475],[147.0693979125938,-41.79530901103504],[147.0574678618167,-41.78201376299802],[147.04688918531804,-41.773609949677514],[147.0303805860642,-41.76534200718862],[147.0206841982872,-41.761511863411],[147.01280222650826,-41.758550152986366],[147.00527232816273,-41.75061542213136],[146.99466569716947,-41.74575742302468],[146.97280470298801,-41.741790056697845],[146.95742103974965,-41.73976589055331]]}},{"type":"Feature","properties":{"average_dip":"(50,,)","catalog_id":"AUS_442999","catalog_name":"AUS_FSD","name":"Richmond Fault","net_slip_rate":"(0.003,0.0,0.005)","reference":"Nullarbor Fault database.doc","slip_type":"Reverse"},"geometry":{"type":"LineString","coordinates":[[147.39012964618905,-42.75239226755572],[147.40249813897003,-42.74872752938691],[147.41714910650285,-42.74456758396057],[147.42464440867127,-42.73957071584832],[147.43927809385707,-42.739570715848316]]}},{"type":"Feature","properties":{"average_dip":"(40,,)","catalog_id":"AUS_442878","catalog_name":"AUS_FSD","dip_dir":"W","name":"Buenba Splay","net_slip_rate":"(0.008,0.0,0.016)","reference":"Domain 4 fault database.doc","slip_type":"Reverse"},"geometry":{"type":"LineString","coordinates":[[148.26649962292254,-36.04088111002976],[148.26252923015863,-36.062714803701695],[148.25460231822763,-36.09858303955309],[148.2425733692114,-36.127298900027874],[148.22902311218957,-36.14676712478093],[148.22604878624088,-36.158069563926134],[148.22664365179037,-36.171751465269445],[148.2201001334438,-36.18245903976459],[148.2087976933991,-36.1925717487101],[148.2007319457333,-36.203863795929955],[148.1969003887043,-36.20922797600222],[148.19452092740573,-36.2294533947927],[148.19630552315493,-36.25205827398251],[148.19511579295522,-36.271688827223535]]}},{"type":"Feature","properties":{"average_dip":"(40,,)","catalog_id":"AUS_442864","catalog_name":"AUS_FSD","dip_dir":"E","name":"Khancoban-Yellow Bog Splay 2","net_slip_rate":"(0.024,0.0,0.047)","reference":"Domain 4 fault database.doc","slip_type":"Reverse"},"geometry":{"type":"LineString","coordinates":[[148.0496704304569,-36.3712003548008],[148.05963376215857,-36.355060560284166],[148.07346504074576,-36.33907763131557],[148.08536234633982,-36.32908389547992],[148.10014068401415,-36.309776585555944],[148.11443077436263,-36.27882825972902],[148.12285406640683,-36.26303101807464],[148.1283245424862,-36.246575807242465],[148.1315225379177,-36.232984326433794]]}},{"type":"Feature","properties":{"average_dip":"(40,,)","catalog_id":"AUS_442864","catalog_name":"AUS_FSD","dip_dir":"E","name":"Khancoban-Yellow Bog Splay","net_slip_rate":"(0.024,0.0,0.047)","reference":"Domain 4 fault database.doc","slip_type":"Reverse"},"geometry":{"type":"LineString","coordinates":[[148.17176322192688,-36.14640862174511],[148.18442263094016,-36.11649947137157],[148.19540034709746,-36.094416722231514],[148.20046251422968,-36.08465901643777],[148.21878584317187,-36.06766855611683],[148.22917670560048,-36.05803354184886],[148.2507511625505,-36.0470496973993],[148.26573819933571,-36.03941959661895],[148.2807769973474,-36.02437581711116],[148.29813794945017,-36.0051736564242],[148.3174221095552,-35.983141573557305],[148.33187836143009,-35.977062510383945],[148.35588067185006,-35.96696919140938],[148.36591415135808,-35.95719841376727],[148.3745914956463,-35.948748264295396],[148.38378704990623,-35.93823036491025]]}},{"type":"Feature","properties":{"average_dip":"(40,,)","catalog_id":"AUS_603175","catalog_name":"AUS_FSD","dip_dir":"W","name":"Adaminaby scarp","net_slip_rate":"(0.008,0.0,0.016)","reference":"Domain 4 fault database.doc","slip_type":"Reverse"},"geometry":{"type":"LineString","coordinates":[[148.7828453099802,-35.85352107137071],[148.78498682488544,-35.86244405014249],[148.7887656992434,-35.8924246281979],[148.78641450148893,-35.90563126739786],[148.78114134685165,-35.92256241158929],[148.7754306402744,-35.930176686126345],[148.77495474783495,-35.946832913418326],[148.76781636483804,-35.96253735583129],[148.76781636483804,-35.97348287654625],[148.76543690443873,-35.987759642539714],[148.77638242515377,-36.02345155752335],[148.78352080815046,-36.04724616781215],[148.79018329870757,-36.07627559223862]]}},{"type":"Feature","properties":{"average_dip":"(40,,)","catalog_id":"AUS_603174","catalog_name":"AUS_FSD","dip_dir":"E","name":"Tantangara Fault","net_slip_rate":"(0.031,0.0,0.062)","reference":"Domain 4 fault database.doc","slip_type":"Reverse"},"geometry":{"type":"LineString","coordinates":[[148.6038503558167,-36.00092868068044],[148.60920414307975,-35.981595560008316],[148.61842455447731,-35.95125743218427],[148.62075589911558,-35.92856484923972],[148.625977812609,-35.896178669171846],[148.62635740821338,-35.89353298716286],[148.62237042371885,-35.87083948073669],[148.6282398311264,-35.84923804156031],[148.64073200140717,-35.83079721876532],[148.6487566731373,-35.80600938234691],[148.65883705102829,-35.78253113138394],[148.6675175215687,-35.76227669992013],[148.680528286455,-35.739286703829414],[148.6997562309806,-35.71463022297389],[148.71516624021388,-35.6969383036439],[148.7294848547524,-35.68474096508603],[148.73636447707577,-35.67102565257559],[148.74128537482034,-35.657966347371755]]}},{"type":"Feature","properties":{"average_dip":"(50,,)","catalog_id":"AUS_603205","catalog_name":"AUS_FSD","dip_dir":"E","name":"Badaminna Shear Zone group (Dunsborough Fault)","net_slip_rate":"(0.004,0.0,0.007)","reference":"uplift matched to largest scarps /5Myr","slip_type":"Reverse"},"geometry":{"type":"LineString","coordinates":[[114.76640093878302,-32.94878755467846],[114.75091675326394,-32.90675905074492],[114.74558065534221,-32.892275356254274],[114.74022686809474,-32.85658344037129],[114.71697534598525,-32.80543009344898],[114.70275035646262,-32.76973311421103],[114.69204278196763,-32.739394986474885],[114.67437929359347,-32.70100171110911],[114.66705844147907,-32.680503325852705],[114.66219280976725,-32.66258895372954],[114.65397140658457,-32.63231924062486],[114.64904204235326,-32.583015520374616],[114.64716321586047,-32.537378446957135],[114.64445356228919,-32.49312077218869],[114.64326383208959,-32.46337750910293]]}},{"type":"Feature","properties":{"average_dip":"(50,,)","catalog_id":"AUS_603205","catalog_name":"AUS_FSD","dip_dir":"W","name":"Badaminna Shear Zone 2","net_slip_rate":"(0.004,0.0,0.007)","reference":"uplift matched to largest scarps /5Myr","slip_type":"Reverse"},"geometry":{"type":"LineString","coordinates":[[115.65653350673006,-31.70647096343197],[115.65098862790921,-31.768773073594495],[115.64266520935233,-31.81181900300208],[115.64225674073644,-31.860660036520976],[115.62274515970613,-31.943465279642634],[115.61291725181593,-31.984114294619012],[115.58525601762335,-32.028431755851926],[115.55134869829008,-32.078400436973645],[115.54421031527261,-32.092677203008435],[115.5202233530838,-32.14827159148111],[115.47739305510356,-32.197169514469074],[115.46347320843985,-32.23807244932812],[115.44919644244635,-32.28732729254505],[115.44669800803786,-32.308742441535145],[115.4356335142129,-32.331585266944884]]}},{"type":"Feature","properties":{"average_dip":"(50,,)","catalog_id":"AUS_603205","catalog_name":"AUS_FSD","dip_dir":"E","name":"Badaminna Shear Zone (Felix Fault)","net_slip_rate":"(0.004,0.0,0.007)","reference":"uplift matched to largest scarps /5Myr","slip_type":"Reverse"},"geometry":{"type":"LineString","coordinates":[[114.92851659127213,-32.85164605900847],[114.89366832998155,-32.777911360228316],[114.87355104237713,-32.709949156163795],[114.84975643208838,-32.61090409163458],[114.85659738231016,-32.54963297061308],[114.86908955255454,-32.52167430417573]]}},{"type":"Feature","properties":{"average_dip":"(50,,)","catalog_id":"AUS_603205","catalog_name":"AUS_FSD","dip_dir":"E","name":"Badaminna Shear Zone 3","net_slip_rate":"(0.004,0.0,0.007)","reference":"uplift matched to largest scarps /5Myr","slip_type":"Reverse"},"geometry":{"type":"LineString","coordinates":[[115.15225331256806,-32.762560695472814],[115.1655782936823,-32.71382933411921],[115.15256530716509,-32.68446227362597],[115.13311692509092,-32.6226495871736],[115.1278402331236,-32.58616502594116]]}},{"type":"Feature","properties":{"average_dip":"(50,,)","catalog_id":"AUS_603205","catalog_name":"AUS_FSD","dip_dir":"E","name":"Badaminna Shear Zone 4","net_slip_rate":"(0.004,0.0,0.007)","reference":"uplift matched to largest scarps /5Myr","slip_type":"Reverse"},"geometry":{"type":"LineString","coordinates":[[115.31701738299772,-32.30010499753358],[115.34671305665982,-32.24642435768607],[115.36860409808958,-32.19521835708545],[115.37901623494268,-32.16083686351952],[115.38091980374736,-32.11800656541522],[115.37140195972404,-32.0713691297016],[115.38663051016135,-32.02758704719493]]}},{"type":"Feature","properties":{"average_dip":"(50,,)","catalog_id":"AUS_603205","catalog_name":"AUS_FSD","dip_dir":"W","name":"Badaminna Shear Zone 5","net_slip_rate":"(0.004,0.0,0.007)","reference":"uplift matched to largest scarps /5Myr","slip_type":"Reverse"},"geometry":{"type":"LineString","coordinates":[[115.59981632403687,-32.24663850874423],[115.59696097029861,-32.2609152747378],[115.59553329387916,-32.28839804963478],[115.59089334529097,-32.296607190620605],[115.58351950772317,-32.33347637666096],[115.58125652788578,-32.344791275848515],[115.56840743831172,-32.37120329275657],[115.5616259746447,-32.3815539479219]]}},{"type":"Feature","properties":{"average_dip":"(50,,)","catalog_id":"AUS_603205","catalog_name":"AUS_FSD","dip_dir":"W","name":"Badaminna Shear Zone 6","net_slip_rate":"(0.004,0.0,0.007)","reference":"uplift matched to largest scarps /5Myr","slip_type":"Reverse"},"geometry":{"type":"LineString","coordinates":[[115.59864048578082,-32.157922023787464],[115.56889722320794,-32.22692639295551],[115.55666479812032,-32.26269987048692],[115.54699176176062,-32.292986308112916],[115.54131727503695,-32.33551137777282],[115.53881884062844,-32.346218952267996],[115.53132353830212,-32.36549258617931]]}},{"type":"Feature","properties":{"average_dip":"(50,,)","catalog_id":"AUS_603205","catalog_name":"AUS_FSD","dip_dir":"W","name":"Badaminna Shear Zone 7","net_slip_rate":"(0.004,0.0,0.007)","reference":"uplift matched to largest scarps /5Myr","slip_type":"Reverse"},"geometry":{"type":"LineString","coordinates":[[115.49037501001557,-31.720101198720933],[115.51067254683755,-31.763340081185977],[115.50995870817803,-31.77809273961891],[115.51257611569643,-31.79236950561243],[115.51757298361427,-31.809501625344197],[115.51669727871318,-31.833434440413107],[115.53855909538355,-31.867627781080238],[115.54755419202071,-31.88730999964869]]}},{"type":"Feature","properties":{"average_dip":"(50,,)","catalog_id":"AUS_603205","catalog_name":"AUS_FSD","dip_dir":"W","name":"Badaminna Shear Zone 8","net_slip_rate":"(0.004,0.0,0.007)","reference":"uplift matched to largest scarps /5Myr","slip_type":"Reverse"},"geometry":{"type":"LineString","coordinates":[[115.59419162771927,-31.733120926559774],[115.58162970104172,-31.780265230428366],[115.5703970183298,-31.827823475275544],[115.55654347161588,-31.85634209484268],[115.54945776087969,-31.87112966479615],[115.54755419202071,-31.88730999964869],[115.5412824976338,-31.905237656894432],[115.54231937788302,-31.93061619006859],[115.54374705430257,-31.962025075793775],[115.53023098186317,-31.982436774609962]]}},{"type":"Feature","properties":{"average_dip":"(50,,)","catalog_id":"AUS_603205","catalog_name":"AUS_FSD","dip_dir":"W","name":"Badaminna Shear Zone 9","net_slip_rate":"(0.004,0.0,0.007)","reference":"uplift matched to largest scarps /5Myr","slip_type":"Reverse"},"geometry":{"type":"LineString","coordinates":[[115.61751034556858,-31.687435275740533],[115.62162607909717,-31.726930251807588],[115.6229233396257,-31.758089828955566],[115.61854590770417,-31.78993243758461],[115.61084785501147,-31.822112768698343]]}},{"type":"Feature","properties":{"average_dip":"(50,,)","catalog_id":"AUS_603205","catalog_name":"AUS_FSD","dip_dir":"W","name":"Badaminna Shear Zone 1","net_slip_rate":"(0.004,0.0,0.007)","reference":"uplift matched to largest scarps /5Myr","slip_type":"Reverse"},"geometry":{"type":"LineString","coordinates":[[115.52307870592279,-32.22215385495763],[115.52272178749253,-32.24606743835629],[115.51918828738758,-32.27519204073119],[115.50705303647284,-32.30660092645642],[115.49991465347614,-32.324446883948085],[115.49027783607085,-32.38048319083212],[115.48728171070798,-32.40768214826085],[115.48228484259585,-32.429097297313035],[115.473004944673,-32.47835214013309],[115.4633899267234,-32.55418384405216],[115.44844016554839,-32.58975218499802],[115.42531855044092,-32.63805984426364],[115.39805028812965,-32.67614413930681]]}},{"type":"Feature","properties":{"average_dip":"(50,,)","catalog_id":"AUS_603205","catalog_name":"AUS_FSD","dip_dir":"W","name":"Badaminna Shear Zone 10","net_slip_rate":"(0.004,0.0,0.007)","reference":"uplift matched to largest scarps /5Myr","slip_type":"Reverse"},"geometry":{"type":"LineString","coordinates":[[115.53563309306367,-31.603725837163424],[115.55086164303715,-31.630137854071453],[115.56275894773171,-31.659643170937514],[115.57370446844665,-31.67891680484878],[115.58227052876225,-31.69961811607887]]}},{"type":"Feature","properties":{"average_dip":"(90,,)","catalog_id":"AUS_603206","catalog_name":"AUS_FSD","dip_dir":"V","name":"West Australian Shear Zone (Long Island Fault)","net_slip_rate":"(0.025,0.0,0.05)","reference":"midrange between Cape Range and Giralia faults from Whitney et al (2016)","slip_type":"Strike-Slip"},"geometry":{"type":"LineString","coordinates":[[115.10592742500023,-21.51084894799991],[115.01213194700006,-21.5488042299999],[114.92354528800014,-21.57500487799988],[114.82688321700006,-21.60096608599993],[114.80216376700004,-21.61471201799991],[114.72313009100004,-21.61218377499995],[114.6519168210002,-21.609888861999874],[114.52616597200006,-21.59125686299997],[114.45466897200004,-21.58894268199992],[114.3592031600001,-21.58582929499995],[114.27159546500002,-21.58292407099998]]}},{"type":"Feature","properties":{"average_dip":"(90,,)","catalog_id":"AUS_603206","catalog_name":"AUS_FSD","dip_dir":"V","name":"West Australian Shear Zone (Flinders Fault)","net_slip_rate":"(0.025,0.0,0.05)","reference":"midrange between Cape Range and Giralia faults from Whitney et al (2016)","slip_type":"Strike-Slip"},"geometry":{"type":"LineString","coordinates":[[115.91264609627329,-20.564017661157145],[115.87656426763338,-20.662908334576848],[115.77142469466322,-20.888637584767828],[115.65849564663415,-21.100376027290263],[115.58399050102912,-21.177098409989863],[115.47085388797973,-21.297874467322874],[115.33657336355667,-21.39269604568743],[115.1818546671343,-21.48175690719445],[115.10592742500023,-21.51084894799991]]}},{"type":"Feature","properties":{"average_dip":"(55,,)","catalog_id":"AUS_603206","catalog_name":"AUS_FSD","dip_dir":"W","name":"West Australian Shear Zone (Sholl Island Fault)","net_slip_rate":"(0.025,0.0,0.05)","reference":"midrange between Cape Range and Giralia faults from Whitney et al (2016)","slip_type":"Reverse"},"geometry":{"type":"LineString","coordinates":[[115.91264609627329,-20.564017661157145],[115.94310195515548,-20.71529279507348],[115.9569480268359,-20.744399945204943],[115.94959601438768,-20.880264821131977],[115.94529635666505,-20.958994559848723]]}},{"type":"Feature","properties":{"average_dip":"(84,,)","catalog_id":"AUS_603206","catalog_name":"AUS_FSD","dip_dir":"S","name":"West Australian Shear Zone (Barrow Is Flt)","net_slip_rate":"(0.01,0.0,0.02)","reference":"normal fault - 100m vertical across base Cenozoic Whitney et al. (2016) tectonophys","slip_type":"Strike-Slip"},"geometry":{"type":"LineString","coordinates":[[115.2281664097627,-20.89276439369588],[115.3321023813902,-20.865471483665605],[115.42896272291362,-20.83301421868066],[115.48763358828649,-20.815285748618727],[115.54442319428176,-20.794565133441374]]}},{"type":"Feature","properties":{"average_dip":"(61,,)","catalog_id":"AUS_603206","catalog_name":"AUS_FSD","dip_dir":"N","name":"West Australian Shear Zone (Dampier Flt NS)","net_slip_rate":"(0.2,0.0,0.4)","reference":"normal-oblique fault, average values from Whitney et al (2016) - PATA","slip_type":"Strike-Slip"},"geometry":{"type":"LineString","coordinates":[[118.00236274077076,-19.395793452784556],[117.86736095858441,-19.391821472036334],[117.7320793649393,-19.39482339997699],[117.56718905667628,-19.38264483231753],[117.30526583958283,-19.34591605029552],[117.16236548468318,-19.34117929328819],[117.07206221338993,-19.33812919136447]]}},{"type":"Feature","properties":{"average_dip":"(80,,)","catalog_id":"AUS_603206","catalog_name":"AUS_FSD","dip_dir":"NW","name":"West Australian Shear Zone (Inner basin SZ)","net_slip_rate":"(0.13,0.0,0.26)","reference":"Hengesh & Whitney (2016)","slip_type":"Strike-Slip"},"geometry":{"type":"LineString","coordinates":[[123.55821909241592,-12.80861485913219],[123.47969687922352,-12.841927313212832],[123.4083130490486,-12.875239767293467],[123.32979083585623,-12.92758790942018],[123.22747401260551,-12.96803874651808],[123.14657233840728,-12.99659227858721],[122.68281538837086,-13.19475379114685]]}},{"type":"Feature","properties":{"average_dip":"(80,,)","catalog_id":"AUS_603206","catalog_name":"AUS_FSD","dip_dir":"NW","name":"West Australian Shear Zone Outer Shelf FZ Nth)","net_slip_rate":"(0.125,0.0,0.25)","reference":"Hengesh & Whitney (2016)","slip_type":"Strike-Slip"},"geometry":{"type":"LineString","coordinates":[[122.5069611385784,-13.041912979691123],[122.29365666883486,-13.60076588359702],[122.09570208739147,-13.990340916386128],[121.89760866771383,-14.27313564140353],[121.69171996785371,-14.458161976746638],[121.5160105017146,-14.679799659741875],[121.33990717569439,-14.930486359793353],[121.1629972459475,-15.276616282089929],[121.07042341405872,-15.497485185943713],[120.90045697343294,-15.717235505862805],[120.71446522218672,-15.921916212091544]]}},{"type":"Feature","properties":{"average_dip":"(80,,)","catalog_id":"AUS_603206","catalog_name":"AUS_FSD","dip_dir":"SE","name":"West Australian Shear Zone (Inner Shelf FZ Nth)","net_slip_rate":"(0.075,0.0,0.15)","reference":"Hengesh & Whitney (2016)","slip_type":"Strike-Slip"},"geometry":{"type":"LineString","coordinates":[[123.91861081301909,-13.69502065627708],[124.17194696523165,-13.464963695811342],[124.3336492497459,-13.325788187066768],[124.46485468787716,-13.20176696318154],[124.57323264123373,-13.077682979209255]]}},{"type":"Feature","properties":{"average_dip":"(80,,)","catalog_id":"AUS_603206","catalog_name":"AUS_FSD","dip_dir":"SE","name":"West Australian Shear Zone (Inner Shelf FZ Sth)","net_slip_rate":"(0.015,0.0,0.03)","reference":"Hengesh & Whitney (2016)","slip_type":"Strike-Slip"},"geometry":{"type":"LineString","coordinates":[[121.37668397072106,-17.111453776093047],[121.57081037480746,-16.825155841935228],[121.93282909243906,-16.510020012862785],[122.24734954782241,-16.201788734066287],[122.42331892702101,-15.973931094401495],[122.66011661276526,-15.775104166992357],[122.92708016200994,-15.501996573749834],[123.05661582803009,-15.339281229949238],[123.094645509045,-15.257933240149953]]}},{"type":"Feature","properties":{"average_dip":"(80,,)","catalog_id":"AUS_603206","catalog_name":"AUS_FSD","dip_dir":"NW","name":"West Australian Shear Zone Outer Shelf FZ Sth)","net_slip_rate":"(0.12,0.0,0.24)","reference":"Hengesh & Whitney (2016)","slip_type":"Strike-Slip"},"geometry":{"type":"LineString","coordinates":[[120.38605912765162,-16.633371934314123],[120.01549959817034,-16.98461589090059],[119.74919245598072,-17.23722659780358],[119.35849496587709,-17.504814254053592],[119.05238308243487,-17.648678333231874],[118.81726518185326,-17.77893588864216]]}},{"type":"Feature","properties":{"average_dip":"(40,,)","catalog_id":"AUS_603234","catalog_name":"AUS_FSD","dip_dir":"NE","name":"Queenslander Thrust Fault","net_slip_rate":"(0.003,0.0,0.005)","slip_type":"Reverse"},"geometry":{"type":"LineString","coordinates":[[150.95674381082097,-24.028679852986766],[150.93021671486736,-23.99844016773803],[150.91121856397808,-23.97046238261357],[150.8921086543403,-23.945270874302434],[150.8714093530948,-23.92319472991593],[150.8528508411755,-23.90794625186581],[150.82927426791525,-23.882332330198818],[150.81156187863076,-23.867807881925273],[150.80151671866201,-23.85739634985313],[150.78903454977797,-23.837805113172507],[150.77616416785577,-23.82484041125509],[150.75827219025712,-23.81825478844981],[150.7350095550288,-23.797484375113548],[150.719428721731,-23.770721065034472],[150.71062429701078,-23.746230341723493],[150.70258582126587,-23.717348538310087],[150.687462330092,-23.682575096418383],[150.67599087865983,-23.65958732457935],[150.66783352962966,-23.647745376752834]]}}],"metadata":{"source":"GEM Global Active Faults","layer_id":"australia","feature_count":379}}