{"type":"FeatureCollection","features":[{"type":"Feature","properties":{"accuracy":"100000","activity_confidence":"1","average_dip":"(75,60,90)","catalog_id":"CA_1.0","catalog_name":"GEM_Central_Am_Carib","dip_dir":"S","epistemic_quality":"1","exposure_quality":"1","fs_name":"Tuxtla-Malpaso Fault Zone","name":"Tuxtla Fault","net_slip_rate":"(6.,4.,8.)","reference":"Witt et al., 2012","slip_type":"Sinistral","vert_sep_rate":"(0,,)"},"geometry":{"type":"LineString","coordinates":[[-93.6475184220227,16.98358835751003],[-93.58591435331022,16.974254407705104],[-93.54484497416856,16.9630536679392],[-93.50190880506591,16.94811934825132],[-93.4664397958072,16.93505181852443],[-93.3805674576019,16.912650338992613],[-93.33203091861631,16.893982439382768],[-93.27789400974775,16.88278169961686],[-93.22189031091821,16.869714169889967],[-93.19202167154246,16.849179480319137],[-93.14908550243982,16.824911210826336],[-93.07441390400044,16.800642941333535],[-93.0296109449368,16.768907511996797],[-92.98854156579515,16.755839982269908],[-92.9568061364584,16.746506032464982],[-92.92320391716068,16.7203709730112],[-92.89333527778493,16.69983628344037],[-92.84666552876031,16.68490196375249],[-92.79626219981373,16.662500484220676],[-92.72905776121829,16.627031474961967],[-92.68798838207661,16.621431105079015],[-92.64131863305201,16.59529604562523],[-92.6039828338323,16.58222851589834],[-92.57784777437853,16.560760431347017],[-92.55077931994424,16.53462537189323],[-92.53024463037342,16.515957472283386],[-92.50410957091964,16.49728957267354],[-92.48917525123176,16.480488463024678],[-92.4602400068365,16.463687353375818],[-92.4350383423632,16.44595284874646],[-92.42757118251926,16.43381871400006],[-92.42477099757778,16.41235062944874],[-92.40703649294844,16.37221464528757],[-92.38930198831908,16.347012980814277],[-92.37156748368973,16.30687699665311],[-92.35663316400185,16.28260872716031],[-92.34356563427495,16.25460687774554],[-92.33049810454807,16.23687237311619],[-92.2632936659526,16.19766978393551],[-92.22502447175242,16.155667009813357],[-92.18488848759125,16.12486497545711],[-92.12608460382023,16.090329361178895],[-92.0710142999712,16.060460721803143],[-92.0215443660051,16.046459797095757],[-91.91980431313144,16.05112677199822],[-91.86193382434092,16.046459797095757],[-91.81713086527729,16.036192452310342],[-91.78166185601857,16.021258132622464],[-91.71259062746215,16.02032473764197],[-91.68645556800837,16.01939134266148]]}},{"type":"Feature","properties":{"accuracy":"100000","activity_confidence":"1","average_dip":"(90,60,90)","catalog_id":"CA_2.0","catalog_name":"GEM_Central_Am_Carib","epistemic_quality":"1","exposure_quality":"1","fs_name":"Tuxtla-Malpaso Fault Zone","name":"Malpaso Fault","net_slip_rate":"(2.,0.,2.)","reference":"Witt et al., 2012","slip_type":"Sinistral"},"geometry":{"type":"LineString","coordinates":[[-92.49150873868327,16.57266121734833],[-92.47750781397588,16.563793965033653],[-92.46770716668071,16.560060385111683],[-92.46397358675874,16.553993317738485],[-92.45697312440505,16.546526157894544],[-92.44623908212938,16.54092578801159],[-92.43783852730496,16.535792115618882],[-92.42803788000978,16.53159183820667],[-92.41917062769511,16.522724585891993],[-92.40470300549748,16.518524308479776],[-92.39490235820232,16.517124216009037],[-92.38230152596566,16.510123753655346],[-92.36736720627779,16.508723661184607],[-92.35009939913868,16.50732356871387],[-92.33423168447031,16.506390173733376],[-92.312763599919,16.50732356871387],[-92.30296295262382,16.506856871223622],[-92.28989542289693,16.506856871223622],[-92.27542780069929,16.50452338377239],[-92.26236027097241,16.50125650134067],[-92.250226136226,16.500789803850424],[-92.22875805167467,16.499389711379685],[-92.21709061441852,16.497056223928453],[-92.20588987465261,16.496589526438207],[-92.19328904241597,16.496589526438207],[-92.1844217901013,16.495656131457714],[-92.17462114280613,16.494256038986975],[-92.15501984821579,16.497989618908946],[-92.14988617582308,16.49612282894796],[-92.13168497370349,16.495656131457714],[-92.12001753644732,16.495189433967468],[-92.10741670421068,16.4914558540455],[-92.09574926695453,16.486322181652792],[-92.07521457738369,16.4793217192991],[-92.05794677024458,16.4793217192991]]}},{"type":"Feature","properties":{"accuracy":"100000","activity_confidence":"1","average_dip":"(90,,)","catalog_id":"CA_3.0","catalog_name":"GEM_Central_Am_Carib","epistemic_quality":"1","exposure_quality":"1","fs_name":"San Cristobal Fault Zone","name":"San Cristobal Fault","net_slip_rate":"(2,0,4)","reference":"Witt et al., 2012","slip_type":"Sinistral","strike_slip_rate":"None"},"geometry":{"type":"LineString","coordinates":[[-92.73675826980762,16.771007650702952],[-92.72929110996368,16.768207465761478],[-92.72602422753197,16.76774076827123],[-92.72182395011976,16.767274070780985],[-92.71575688274655,16.766340675800492],[-92.71015651286359,16.764473885839507],[-92.70688963043187,16.76400718834926],[-92.7031560505099,16.763540490859015],[-92.70035586556843,16.76400718834926],[-92.69382210070498,16.763540490859015],[-92.68962182329277,16.763540490859015],[-92.68215466344883,16.76540728082],[-92.67562089858538,16.76400718834926],[-92.67002052870244,16.762723770251082],[-92.66710366938841,16.76167370089803],[-92.66278671760362,16.760740305917537],[-92.65753637083836,16.758406818466305],[-92.65426948840664,16.7578234466035],[-92.64785239791576,16.756190005387637],[-92.64470218985659,16.75583998226995],[-92.6392184943462,16.75572330789739],[-92.63653498377728,16.75583998226995],[-92.63326810134556,16.75513993603458],[-92.62941784705103,16.75420654105409],[-92.62591761587419,16.753039797328473],[-92.62475087214858,16.751406356112614],[-92.62008389724612,16.749306217406506],[-92.61401682987292,16.747672776190644],[-92.60911650622533,16.7472060787004],[-92.60398283383263,16.746039334974785],[-92.59278209406672,16.7441725450138],[-92.58834846790938,16.74277245254306],[-92.57901451810446,16.740672313836953],[-92.56641368586781,16.736938733914982],[-92.55591299233727,16.732971805247892],[-92.54914587872871,16.72993827156129],[-92.5419120676299,16.72830483034542],[-92.53444490778595,16.726554714756997],[-92.52954458413838,16.724804599168575],[-92.52324416802004,16.722704460462467],[-92.51787714688221,16.721421042364288],[-92.5091265689401,16.718620857422813],[-92.50282615282178,16.717220764952074],[-92.4964090623309,16.715820672481335],[-92.48987529746745,16.71010362822582],[-92.47004065413199,16.703569863362382],[-92.45650642691484,16.699836283440412],[-92.43923861977574,16.699836283440412],[-92.42103741765614,16.701703073401397],[-92.40983667789023,16.70030298093066],[-92.40423630800728,16.702169770891643],[-92.38790189584867,16.702169770891643],[-92.37576776110227,16.70123637591115],[-92.36130013890464,16.700769678420905],[-92.34776591168749,16.697036098498934],[-92.33423168447035,16.69283582108672],[-92.32443103717519,16.691435728615982],[-92.31276359991904,16.692369123596475],[-92.29689588525066,16.692369123596475],[-92.28359500677865,16.69236912359647],[-92.27029412830663,16.690969031125736],[-92.255826506109,16.69050233363549],[-92.24602585881384,16.690268984890366],[-92.23645856026378,16.690268984890366],[-92.22129089183079,16.690268984890366],[-92.20518982841729,16.69120237987086],[-92.19468913488676,16.6916690773611],[-92.18698862629769,16.692835821086717],[-92.1760212352769,16.69120237987086],[-92.1617869618244,16.69050233363549],[-92.14498585217554,16.692835821086717],[-92.12515120884008,16.692835821086717],[-92.10951684291683,16.695402657283072],[-92.09038224581674,16.695402657283072],[-92.07241439244227,16.696102703518445],[-92.05421319032267,16.693769216067217],[-92.03507859322258,16.69096903112574],[-92.00941023125904,16.688635543674508],[-91.99774279400289,16.687702148694015],[-91.9786081969028,16.686768753713523],[-91.95153974246853,16.68256847630131],[-91.94033900270261,16.68256847630131],[-91.93053835540745,16.682101778811063],[-91.91420394324882,16.68396856877205]]}},{"type":"Feature","properties":{"accuracy":"100000","activity_confidence":"1","average_dip":"(90,,)","catalog_id":"CA_4.0","catalog_name":"GEM_Central_Am_Carib","epistemic_quality":"1","exposure_quality":"1","fs_name":"Tuxtla-Malpaso Fault Zone","name":"Malpaso Fault","net_slip_rate":"(2,0,4)","reference":"Witt et al., 2012","slip_type":"Sinistral","strike_slip_rate":"None","vert_sep_rate":"(0,,)"},"geometry":{"type":"LineString","coordinates":[[-93.32829733869478,17.022557597945628],[-93.31943008638011,17.01789062304317],[-93.31289632151666,17.014623740611444],[-93.30869604410445,17.00995676570898],[-93.30192893049588,17.00435639582603],[-93.29562851437755,17.000156118413813],[-93.28769465704337,16.99782263096258],[-93.28186093841529,16.994089051040614],[-93.27602721978722,16.988955378647905],[-93.27089354739451,16.983588357510076],[-93.2636597362957,16.978454685117367],[-93.25922611013836,16.974487756450277],[-93.2545591352359,16.969820781547813],[-93.24709197539195,16.965387155390474],[-93.24289169797974,16.960953529233137],[-93.23682463060655,16.954886461859935],[-93.2312242607236,16.951852928173338],[-93.22282370589916,16.946485907035505],[-93.21698998727108,16.943685722094028],[-93.20555589876005,16.93621856225009],[-93.19178832279779,16.928984751151276],[-93.18268772173799,16.92548451997443],[-93.17522056189405,16.921517591307335],[-93.16495321710863,16.916617267659753],[-93.15258573361712,16.911716944012166],[-93.13951820389022,16.90658327161946],[-93.13251774153653,16.903783086677983],[-93.12388383796699,16.900516204246255],[-93.11618332937792,16.896315926834042],[-93.10568263584737,16.890482208205963],[-93.09751542976807,16.885815233303504],[-93.09051496741438,16.879048119694932],[-93.07768078643261,16.871814308596118],[-93.06671339541182,16.863413753771688],[-93.0604129792935,16.859446825104595],[-93.05154572697883,16.85221301400578],[-93.0370781047812,16.84241236671061],[-93.02937759619213,16.83634529933741],[-93.01350988152376,16.827711395767857],[-93.00627607042495,16.82281107212027],[-92.99297519195294,16.81114363486412],[-92.98364124214801,16.80297642878481],[-92.96754017873454,16.791542340273786],[-92.95540604398813,16.780808297998124],[-92.94630544292833,16.773341138154187],[-92.93300456445633,16.760973654662664],[-92.91503671108185,16.749772914896756],[-92.89823560143299,16.739738918856464],[-92.88306793299999,16.733205153993016],[-92.87163384448895,16.729004876580802]]}},{"type":"Feature","properties":{"accuracy":"100000","activity_confidence":"1","average_dip":"(90,,)","catalog_id":"CA_5.0","catalog_name":"GEM_Central_Am_Carib","epistemic_quality":"1","exposure_quality":"1","fs_name":"Tectapan Fault Zone","name":"Tectapan Fault","net_slip_rate":"(1,0,2)","reference":"Witt et al., 2012","slip_type":"Sinistral","strike_slip_rate":"None","vert_sep_rate":"(0,,)"},"geometry":{"type":"LineString","coordinates":[[-92.81493009942406,16.998989374688215],[-92.8032626621679,16.997122584727233],[-92.78179457761658,16.994789097276],[-92.76406007298722,16.991988912334524],[-92.74725896333837,16.991988912334524],[-92.7355915260822,16.99012212237354],[-92.71178995407966,16.9887220299028],[-92.69638893690153,16.984988449980833],[-92.68472149964538,16.983588357510094],[-92.67072057493799,16.983588357510094],[-92.6585864401916,16.983588357510094],[-92.64691900293545,16.984521752490586],[-92.63851844811101,16.98172156754911],[-92.62965119579633,16.980788172568616],[-92.61798375854018,16.98172156754911],[-92.61098329618649,16.982888311274714],[-92.60281609010718,16.9817215675491],[-92.59488223277299,16.982188265039344],[-92.58858181665467,16.9817215675491],[-92.57621433316315,16.9786880338625],[-92.56501359339724,16.97635454641127],[-92.55731308480817,16.974721105195407],[-92.54471225257153,16.973787710214914],[-92.5332781640605,16.974721105195407],[-92.52301081927509,16.973321012724668],[-92.5160103569214,16.970754176528317],[-92.5069097558616,16.97098752527344],[-92.49664241107618,16.967020596606346],[-92.48427492758465,16.962353621703883],[-92.47260749032849,16.963520365429506],[-92.46024000683695,16.961420226723398],[-92.45067270828692,16.960253482997782],[-92.43480499361854,16.95862004178192],[-92.42920462373559,16.959086739272166],[-92.41707048898918,16.957453298056308],[-92.40703649294889,16.955119810605076],[-92.3956024044379,16.954419764369703],[-92.38416831592687,16.953953066879457],[-92.36900064749386,16.95418641562458],[-92.36060009266944,16.953253020644087],[-92.35336628157062,16.95348636938921],[-92.34589912172669,16.952319625663595],[-92.3379652643925,16.95185292817335],[-92.32326429344974,16.950686184447733],[-92.30132951140817,16.95045283570261],[-92.29222891034837,16.950686184447733],[-92.278227985641,16.94975278946724],[-92.26446040967873,16.947885999506255],[-92.2520929261872,16.946252558290393],[-92.23902539646032,16.94601920954527],[-92.23109153912613,16.945785860800147],[-92.21009015206505,16.945552512055023],[-92.20215629473087,16.943919070839165],[-92.19258899618082,16.941818932133057],[-92.1811549076698,16.94065218840744],[-92.17275435284536,16.93831870095621]]}},{"type":"Feature","properties":{"accuracy":"100000","activity_confidence":"1","average_dip":"(90,,)","catalog_id":"CA_6.0","catalog_name":"GEM_Central_Am_Carib","epistemic_quality":"2","exposure_quality":"2","fs_name":"Tuxtla-Malpaso Fault Zone","net_slip_rate":"(1,0,2)","reference":"Witt et al., 2012","slip_type":"Sinistral","strike_slip_rate":"None","vert_sep_rate":"(0,,)"},"geometry":{"type":"LineString","coordinates":[[-94.35549851472663,17.29884251217135],[-94.31722932052644,17.28950856236643],[-94.27989352130675,17.27457424267855],[-94.23602395722361,17.26150671295166],[-94.20428852788687,17.250305973185753],[-94.16321914874521,17.231638073575905],[-94.11468260975961,17.210169989024582],[-94.0670794657545,17.186835114512277],[-94.00267521210054,17.162566845019477],[-93.94480472331001,17.128964625721753],[-93.90093515922688,17.094429011443538]]}},{"type":"Feature","properties":{"accuracy":"100000","activity_confidence":"1","average_dip":"(15,10,35)","catalog_id":"CA_7.0","catalog_name":"GEM_Central_Am_Carib","downthrown_side_dir":"NE","epistemic_quality":"1","exposure_quality":"1","fs_name":"Tortuguero Thrust Zone","name":"Tumbala thrust","reference":"Witt et al., 2012","shortening_rate":"(1,0,2)","slip_type":"Reverse","strike_slip_rate":"(0,,)"},"geometry":{"type":"LineString","coordinates":[[-92.65438616277942,17.489255088191783],[-92.63711835564031,17.48365471830883],[-92.61658366606947,17.480387835877107],[-92.60211604387185,17.475720860974647],[-92.58811511916446,17.476654255955136],[-92.57411419445708,17.473387373523416],[-92.55871317727896,17.466853608659967],[-92.55264610990575,17.458453053835537],[-92.54891252998378,17.446785616579383],[-92.54891252998378,17.42905111195003],[-92.54377885759108,17.422517347086583],[-92.52977793288369,17.413650094771906],[-92.51951058809829,17.40991651484994],[-92.50924324331287,17.40338274998649],[-92.50224278095916,17.402916052496245],[-92.49104204119327,17.40011586755477],[-92.48684176378104,17.394515497671815],[-92.48077469640785,17.3903152202596],[-92.47330753656391,17.38938182527911],[-92.47050735162243,17.37724769053271],[-92.46864056166145,17.3660469507668],[-92.46630707421022,17.359046488413107],[-92.46304019177849,17.354846211000893],[-92.45510633444431,17.357646395942368],[-92.44903926707111,17.360913278374092],[-92.4429721996979,17.362780068335077],[-92.43690513232471,17.366980345747294],[-92.42897127499053,17.368847135708275],[-92.42103741765634,17.3660469507668],[-92.41123677036117,17.370247228179014],[-92.39770254314404,17.37211401814],[-92.38603510588788,17.38191466543517],[-92.3771678535732,17.380981270454676],[-92.37063408870975,17.37584759806197],[-92.35849995396336,17.373980808100985],[-92.35196618909991,17.37911448049369],[-92.34823260917794,17.384714850376646],[-92.34263223929499,17.39124861524009],[-92.33096480203884,17.39871577508403],[-92.31463038988022,17.402916052496245],[-92.2992293727021,17.406649632418215],[-92.28289496054347,17.40338274998649],[-92.26936073332634,17.401982657515752],[-92.25909338854093,17.397315682613293],[-92.24602585881404,17.388448430298617],[-92.23669190900911,17.381447967944922],[-92.2254911692432,17.373980808100985],[-92.21242363951632,17.36838043821803],[-92.19982280727966,17.3599798833936],[-92.19048885747475,17.354379513510647],[-92.1839550926113,17.350412584843557],[-92.17392109657101,17.345045563705725],[-92.16598723923683,17.341778681274],[-92.15478649947092,17.335711613900802],[-92.14521920092088,17.332211382723955],[-92.13681864609644,17.326611012841003],[-92.13168497370373,17.321010642958047],[-92.1242178138598,17.31284343687874],[-92.1162839565256,17.303509487073818],[-92.10881679668167,17.296275675975004],[-92.10018289311212,17.289041864876186],[-92.0838484809535,17.276907730129786],[-92.06984755624612,17.267107082834617],[-92.05911351397046,17.26430689789314],[-92.04791277420455,17.257306435539448],[-92.03064496706544,17.24983927569551],[-92.02411120220201,17.244238905812555]]}},{"type":"Feature","properties":{"accuracy":"100000","activity_confidence":"1","average_dip":"(15,10,35)","catalog_id":"CA_8.0","catalog_name":"GEM_Central_Am_Carib","downthrown_side_dir":"N","epistemic_quality":"2","fs_name":"Tortuguero Thrust Zone","reference":"Witt et al., 2012","shortening_rate":"(1,0,2)","slip_type":"Reverse","strike_slip_rate":"(0,,)"},"geometry":{"type":"LineString","coordinates":[[-92.29246225909354,17.569060359023887],[-92.27846133438617,17.5671935690629],[-92.26352701469828,17.5671935690629],[-92.24205893014697,17.56626017408241],[-92.2252578204981,17.564393384121423],[-92.21125689579071,17.5550594343165],[-92.18698862629792,17.54665887949207],[-92.17485449155151,17.53919171964813],[-92.1645871467661,17.5307911648237]]}},{"type":"Feature","properties":{"accuracy":"100000","activity_confidence":"1","average_dip":"(15,10,35)","catalog_id":"CA_9.0","catalog_name":"GEM_Central_Am_Carib","downthrown_side_dir":"N","epistemic_quality":"2","fs_name":"Tortuguero Thrust Zone","reference":"Witt et al., 2012","shortening_rate":"(1,0,2)","slip_type":"Reverse","strike_slip_rate":"(0,,)"},"geometry":{"type":"LineString","coordinates":[[-92.17672128151254,17.52145721501879],[-92.15431980198072,17.52332400497977],[-92.13658529735137,17.524257399960263],[-92.12258437264398,17.52145721501879],[-92.11605060778054,17.513990055174848],[-92.10811675044636,17.505822849095534],[-92.10064959060242,17.50092252544795],[-92.09364912824873,17.49485545807475],[-92.09084894330725,17.491355226897905],[-92.08104829601209,17.486921600740565],[-92.07078095122667,17.484588113289334],[-92.05841346773514,17.48505481077958],[-92.05257974910707,17.484588113289334],[-92.04394584553751,17.48365471830884],[-92.03857882439968,17.482487974583226],[-92.03414519824234,17.481787928347856],[-92.02854482835939,17.480621184622244],[-92.01827748357397,17.480621184622244],[-92.00287646639585,17.47525416348441]]}},{"type":"Feature","properties":{"accuracy":"100000","activity_confidence":"1","average_dip":"(15,10,35)","catalog_id":"CA_10.0","catalog_name":"GEM_Central_Am_Carib","epistemic_quality":"2","exposure_quality":"2","name":"Nazareth Thrust","reference":"Witt et al., 2012","shortening_rate":"(1,0,2)","slip_type":"Reverse"},"geometry":{"type":"LineString","coordinates":[[-92.17193763223752,16.937735329093428],[-92.16587056486432,16.934001749171458],[-92.159570148746,16.930734866739733],[-92.15583656882403,16.92886807677875],[-92.14300238784226,16.922334311915304],[-92.13670197172394,16.91300036211038],[-92.13460183301783,16.90856673595304],[-92.13156829933122,16.904833156031074],[-92.12666797568365,16.898999437402995],[-92.12223434952631,16.892932370029797],[-92.11896746709458,16.887565348891965],[-92.11476718968237,16.88173163026389],[-92.11080026101527,16.875431214145564],[-92.10846677356405,16.86959749551749],[-92.10776672732867,16.863997125634533],[-92.10659998360306,16.849529503436905],[-92.10846677356405,16.844162482299073],[-92.11383379470188,16.837395368690505],[-92.11826742085921,16.82946151135632],[-92.11966751332994,16.82432783896361],[-92.12106760580069,16.819427515316026],[-92.12083425705556,16.81499388915869]]}},{"type":"Feature","properties":{"accuracy":"100000","activity_confidence":"2","average_dip":"(90,,)","catalog_id":"CA_11.0","catalog_name":"GEM_Central_Am_Carib","epistemic_quality":"2","exposure_quality":"2","fs_name":"Tuxtla-Malpaso Fault Zone","reference":"Witt et al., 2012","slip_type":"Sinistral","strike_slip_rate":"None"},"geometry":{"type":"LineString","coordinates":[[-92.30844664813453,16.45983709908138],[-92.29537911840764,16.460770494061872],[-92.28604516860271,16.460303796571626],[-92.27391103385632,16.45983709908138],[-92.26784396648311,16.459370401591134],[-92.26084350412943,16.457036914139902],[-92.25524313424647,16.457036914139902]]}},{"type":"Feature","properties":{"accuracy":"100000","activity_confidence":"1","average_dip":"(90,,)","catalog_id":"CA_12.0","catalog_name":"GEM_Central_Am_Carib","epistemic_quality":"2","fs_name":"Tuxtla-Malpaso Fault Zone","reference":"Witt et al., 2012","slip_type":"Sinistral","strike_slip_rate":"None"},"geometry":{"type":"LineString","coordinates":[[-92.21650724255603,16.45377003170818],[-92.20437310780964,16.45377003170818],[-92.19223897306324,16.454236729198424],[-92.18197162827782,16.451903241747196],[-92.17123758600216,16.45377003170818],[-92.15770335878503,16.45377003170818],[-92.15396977886306,16.45377003170818]]}},{"type":"Feature","properties":{"accuracy":"100000","activity_confidence":"1","average_dip":"(90,,)","catalog_id":"CA_13.0","catalog_name":"GEM_Central_Am_Carib","epistemic_quality":"1","fs_name":"Tuxtla-Malpaso Fault System","reference":"Witt et al., 2012","slip_type":"Sinistral","strike_slip_rate":"None"},"geometry":{"type":"LineString","coordinates":[[-92.16283703117773,16.445369476883748],[-92.14650261901912,16.443035989432516],[-92.13250169431173,16.443035989432516],[-92.12596792944828,16.442102594452027],[-92.11476718968238,16.440235804491042],[-92.10730002983844,16.440235804491042],[-92.09889947501401,16.440235804491042],[-92.08583194528711,16.439769107000796],[-92.0764979954822,16.441169199471535],[-92.06109697830406,16.440235804491042],[-92.04242907869423,16.441169199471535],[-92.01909420418191,16.438369014530057],[-91.99295914472813,16.437435619549564],[-91.97989161500124,16.43650222456907],[-91.96309050535238,16.43790231703981],[-91.94675609319377,16.436968922059318],[-91.93368856346687,16.437435619549564],[-91.91828754628875,16.43930240951055],[-91.90615341154235,16.441169199471535]]}},{"type":"Feature","properties":{"accuracy":"100000","activity_confidence":"1","average_dip":"(90,,)","catalog_id":"CA_14.0","catalog_name":"GEM_Central_Am_Carib","epistemic_quality":"1","fs_name":"Tuxtla-Malpaso Fault Zone","net_slip_rate":"(1,0,2)","reference":"Witt et al., 2012","slip_type":"Sinistral"},"geometry":{"type":"LineString","coordinates":[[-91.79227922392234,16.434402085862963],[-91.7848120640784,16.433468690882474],[-91.78084513541131,16.434402085862963],[-91.77431137054786,16.435335480843456],[-91.7656774669783,16.43650222456907],[-91.75914370211486,16.43860236327518],[-91.75354333223191,16.44070250198129],[-91.74887635732945,16.442569291942274],[-91.74654286987821,16.44373603566789],[-91.742342592466,16.44373603566789],[-91.73884236128916,16.443502686922766],[-91.7353421301123,16.44560282562887],[-91.73137520144522,16.447236266844733],[-91.72834166775861,16.448169661825226],[-91.72320799536591,16.451669893002073],[-91.71667423050246,16.451203195511827],[-91.70780697818779,16.451903241747196],[-91.70103986457922,16.45213659049232],[-91.69637288967675,16.452603287982566],[-91.6886723810877,16.45213659049232],[-91.68377205744011,16.453069985472812],[-91.67723829257666,16.45447007794355],[-91.66510415783026,16.45517012417892],[-91.65903709045706,16.455403472924043],[-91.65180327935825,16.456336867904533],[-91.64456946825943,16.45680356539478],[-91.63850240088622,16.457036914139902],[-91.6322019847679,16.45610351915941],[-91.62426812743372,16.457970309120395],[-91.61680096758978,16.460303796571626],[-91.61306738766781,16.461470540297242],[-91.60069990417631,16.464037376493593]]}},{"type":"Feature","properties":{"accuracy":"100000","activity_confidence":"1","average_dip":"(90,,)","catalog_id":"CA_15.0","catalog_name":"GEM_Central_Am_Carib","epistemic_quality":"2","fs_name":"Tuxtla-Malpaso Fault Zone","net_slip_rate":"(1,0,2)","reference":"Witt et al., 2012","slip_type":"Sinistral"},"geometry":{"type":"LineString","coordinates":[[-91.88025170083374,16.4276349722544],[-91.86811756608734,16.425768182293414],[-91.85505003636044,16.425768182293414],[-91.84431599408478,16.43463543460809],[-91.83498204427985,16.438835712020307]]}},{"type":"Feature","properties":{"accuracy":"100000","activity_confidence":"1","average_dip":"(90,,)","catalog_id":"CA_16.0","catalog_name":"GEM_Central_Am_Carib","epistemic_quality":"1","fs_name":"Motagua-Polochic Fault Zone","name":"Necta Fault","reference":"Authemayou et al., 2012","slip_type":"Sinistral","strike_slip_rate":"None"},"geometry":{"type":"LineString","coordinates":[[-92.59779909208731,15.617448129187116],[-92.57493091506525,15.614647944245638],[-92.54552897317976,15.611847759304162],[-92.52546098109916,15.611381061813915],[-92.50772647646981,15.612314456794408],[-92.48999197184045,15.613714549265145],[-92.4419221303451,15.60951427185293],[-92.42792120563772,15.607647481891945],[-92.40551972610591,15.603913901969976],[-92.39011870892779,15.60344720447973],[-92.3700507168472,15.600180322048008],[-92.34531574986416,15.597846834596776]]}},{"type":"Feature","properties":{"accuracy":"100000","activity_confidence":"1","average_dip":"(90,,)","catalog_id":"CA_17.0","catalog_name":"GEM_Central_Am_Carib","epistemic_quality":"1","fs_name":"Motagua-Polochic Fault Zone","name":"Necta Fault","reference":"Authemayou et al., 2012","slip_type":"Sinistral","strike_slip_rate":"None"},"geometry":{"type":"LineString","coordinates":[[-92.40598642359623,15.61674808295175],[-92.38825191896687,15.612547805539535],[-92.37705117920096,15.612081108049289],[-92.37145080931802,15.610214318088303],[-92.36071676704235,15.606947435656581],[-92.35418300217891,15.605547343185842],[-92.33878198500078,15.606480738166335],[-92.32524775778364,15.606480738166335],[-92.31591380797872,15.606947435656581],[-92.30564646319331,15.60461394820535],[-92.29024544601518,15.604147250715103],[-92.28044479872001,15.601347065773627],[-92.26644387401264,15.599013578322396],[-92.25290964679549,15.599013578322396],[-92.23237495722466,15.595279998400427],[-92.22070751996851,15.59014632600772],[-92.20717329275136,15.589212931027227],[-92.19037218310251,15.587812838556488],[-92.1670373085902,15.585479351105258],[-92.14603592152912,15.579412283732058],[-92.11523388717289,15.571945123888119],[-92.09189901266059,15.56447796404418],[-92.06763074316778,15.561677779102702],[-92.0554966084214,15.561677779102702],[-92.041495683714,15.561677779102702],[-92.02842815398711,15.561677779102702],[-92.00789346441628,15.562611174083194],[-91.98829216982594,15.563544569063687],[-91.97242445515758,15.562611174083194],[-91.94815618566477,15.559810989141718],[-91.9313550760159,15.557944199180733],[-91.90241983162065,15.550477039336796],[-91.88655211695227,15.544876669453842],[-91.86975100730342,15.543009879492857],[-91.84454934283012,15.53647611462941],[-91.82214786329831,15.526208769843995],[-91.79227922392256,15.516874820039073],[-91.75867700462483,15.500073710390211],[-91.73720892007351,15.492606550546272]]}},{"type":"Feature","properties":{"accuracy":"100000","activity_confidence":"1","average_dip":"(70,90,45)","catalog_id":"CA_18.0","catalog_name":"GEM_Central_Am_Carib","dip_dir":"N","downthrown_side_dir":"S","epistemic_quality":"1","fs_name":"Tonala-Polochic Fault Zone","name":"Mapastapec Fault","net_slip_rate":"(1,0,4)","reference":"Authemayo et al., 2012","shortening_rate":"(1,0,3)","slip_type":"Sinistral","strike_slip_rate":"None"},"geometry":{"type":"LineString","coordinates":[[-92.86708354395947,15.432635923049656],[-92.85401601423257,15.427502250656948],[-92.8451487619179,15.424235368225224],[-92.83534811462273,15.415834813400794],[-92.82461407234706,15.408834351047101],[-92.81154654262018,15.402767283673901],[-92.79334534050058,15.392966636378732],[-92.77701092834195,15.388299661476271],[-92.75880972622235,15.385032779044547],[-92.73314136425881,15.38223259410307],[-92.7168069521002,15.377098921710363],[-92.69720565750987,15.378032316690856],[-92.68600491774396,15.377098921710363],[-92.67480417797805,15.374765434259132],[-92.66126995076091,15.372898644298148],[-92.6388684712291,15.371031854337163],[-92.62766773146319,15.369165064376178],[-92.60666634440211,15.368698366885932]]}},{"type":"Feature","properties":{"accuracy":"100000","activity_confidence":"2","average_dip":"(90,80,90)","catalog_id":"CA_19.0","catalog_name":"GEM_Central_Am_Carib","epistemic_quality":"1","fs_name":"Tonala-Polochic Fault Zone","name":"El Triunfo Fault","reference":"Authemayou et al., 2012","slip_type":"Sinistral","strike_slip_rate":"None"},"geometry":{"type":"LineString","coordinates":[[-92.74317536029912,15.42796894814719],[-92.7368749441808,15.424935414460592],[-92.73220796927833,15.422835275754483],[-92.72800769186613,15.420501788303254],[-92.72147392700268,15.418401649597145],[-92.7095731410014,15.413734674694684],[-92.70233932990259,15.41116783849833],[-92.6965056112745,15.407900956066607],[-92.69020519515618,15.404634073634883],[-92.68413812778299,15.401600539948284],[-92.6792378041354,15.398100308771438],[-92.6692038080951,15.392499938888484],[-92.66360343821215,15.38993310269213],[-92.65380279091698,15.385966174025038],[-92.64586893358279,15.382699291593315],[-92.63793507624861,15.379665757906714],[-92.62603429024733,15.376165526729869],[-92.61413350424606,15.37173190057253],[-92.60316611322527,15.3693984131213],[-92.5933654659301,15.366598228179821],[-92.5793645412227,15.361464555787114],[-92.5569630616909,15.356797580884653],[-92.543895531964,15.35353069845293],[-92.53549497713956,15.351197211001699],[-92.52522763235416,15.348863723550469],[-92.50609303525407,15.343263353667515],[-92.48509164819299,15.338129681274808],[-92.47155742097584,15.334396101352837],[-92.45848989124896,15.329729126450376],[-92.44028868912936,15.323662059077176],[-92.42908794936345,15.320395176645453],[-92.41928730206828,15.316661596723483],[-92.4052863773609,15.312461319311268],[-92.39408563759498,15.309661134369792],[-92.38195150284858,15.306394251938068],[-92.36421699821923,15.299860487074623]]}},{"type":"Feature","properties":{"accuracy":"100000","activity_confidence":"1","average_dip":"(90,,)","catalog_id":"CA_20.0","catalog_name":"GEM_Central_Am_Carib","epistemic_quality":"1","fs_name":"Motagua-Polochic Fault Zone","last_movement":"1816","name":"Polochic Fault-Cuilco Segment","reference":"Authemayou et al., 2012; White, 1984","slip_type":"Sinistral","strike_slip_rate":"None"},"geometry":{"type":"LineString","coordinates":[[-92.22700793608688,15.382932640338437],[-92.19200562431841,15.390866497672622],[-92.18080488455251,15.391799892653115],[-92.16633726235487,15.391799892653115],[-92.14580257278405,15.3936666826141],[-92.13553522799863,15.394133380104345],[-92.12153430329126,15.395533472575083],[-92.10753337858387,15.396933565045822],[-92.0855985965423,15.400200447477545],[-92.07439785677639,15.401600539948284],[-92.04406251991045,15.404167376144636],[-92.02912820022257,15.405100771125129],[-92.007193418181,15.405567468615375],[-91.99365919096387,15.407900956066607],[-91.976858081315,15.40743425857636],[-91.95445660178319,15.406967561086114],[-91.92972163480015,15.41116783849833],[-91.90685345777808,15.414434720930052],[-91.8928525330707,15.414434720930052],[-91.85598343134124,15.41583481340079],[-91.84058241416312,15.414901418420298],[-91.82471469949476,15.415368115910544],[-91.81024707729713,15.41723490587153],[-91.8018465224727,15.418634998342268],[-91.79437936262876,15.420501788303252],[-91.7766448579994,15.41956839332276],[-91.76917769815546,15.418168300852022],[-91.74957640356513,15.420968485793498],[-91.73557547885774,15.419101695832515],[-91.72624152905281,15.418634998342268],[-91.6968395871673,15.408367653556851],[-91.68423875493066,15.406034166105622],[-91.6665042503013,15.404634073634883],[-91.65577020802564,15.404634073634883],[-91.64783635069146,15.402300586183653],[-91.63336872849383,15.39763361128119],[-91.61890110629619,15.393900031359221],[-91.61050055147177,15.392966636378729],[-91.59696632425462,15.390166451437253],[-91.58809907193995,15.388299661476267],[-91.57829842464479,15.386432871515282],[-91.56756438236913,15.383632686573806],[-91.55729703758371,15.381765896612821],[-91.54329611287632,15.378499014181099],[-91.53116197812992,15.376165526729867],[-91.51716105342254,15.373832039278637],[-91.5036268262054,15.369631761866422],[-91.48425888036017,15.36589818194445],[-91.47305814059426,15.364731438218834],[-91.46489093451495,15.362397950767603],[-91.45275679976857,15.359364417081004],[-91.43945592129654,15.357264278374895],[-91.42755513529526,15.355864185904156],[-91.41845453423547,15.35539748841391],[-91.40492030701833,15.35446409343342],[-91.39161942854632,15.352363954727311],[-91.37785185258406,15.34839702606022],[-91.37248483144622,15.346530236099234],[-91.35638376803271,15.345363492373618],[-91.34144944834485,15.34629688735411],[-91.32884861610819,15.348863723550465],[-91.31974801504839,15.349097072295589],[-91.31064741398859,15.350030467276081],[-91.2996800229678,15.352363954727311],[-91.29127946814337,15.354697442178542],[-91.27121147606279,15.35376404719805],[-91.26164417751275,15.351897257237065],[-91.2490433452761,15.348163677315096],[-91.23854265174556,15.345830189863864],[-91.22640851699916,15.343963399902881],[-91.21287428978202,15.342096609941896],[-91.19980676005514,15.34092986621628],[-91.18720592781848,15.340696517471157],[-91.17320500311111,15.342096609941896],[-91.16340435581593,15.342563307432142],[-91.15173691855978,15.341163214961403],[-91.13633590138166,15.34396339990288],[-91.12513516161575,15.344896794883372],[-91.11206763188886,15.345363492373618]]}},{"type":"Feature","properties":{"accuracy":"100000","activity_confidence":"1","average_dip":"(90,,)","catalog_id":"CA_21.0","catalog_name":"GEM_Central_Am_Carib","epistemic_quality":"1","exposure_quality":"1","fs_name":"Motagua-Polochic Fault Zone","last_movement":"1785","name":"Polochic Fault","reference":"Authemayou et al., 2012","slip_type":"Sinistral","strike_slip_rate":"None"},"geometry":{"type":"LineString","coordinates":[[-91.15185359293244,15.33264598576442],[-91.12198495355669,15.333112683254667],[-91.10611723888832,15.33404607823516],[-91.09118291920043,15.33404607823516],[-91.06644795221739,15.334512775725406],[-91.03051224546844,15.33404607823516],[-91.0169780182513,15.333579380744913],[-90.99924351362195,15.333112683254667],[-90.98850947134629,15.333112683254667],[-90.95957422695102,15.332179288274174],[-90.94043962985093,15.336379565686391],[-90.90730410804345,15.340579843098606],[-90.87556867870671,15.341046540588852],[-90.85083371172367,15.341513238079099],[-90.82843223219186,15.341513238079099],[-90.79342992042339,15.345246818001069],[-90.77102844089158,15.348980397923038],[-90.75516072622321,15.35224728035476],[-90.72342529688648,15.356914255257221],[-90.7014905148449,15.356447557766977],[-90.68795628762776,15.356447557766977],[-90.67022178299841,15.353180675335253],[-90.63778630742631,15.34851370043279],[-90.62495212644454,15.347580305452297],[-90.60768431930543,15.346413561726681],[-90.59648357953952,15.345713515491314],[-90.56731498639914,15.345013469255944],[-90.54071322945511,15.343146679294959],[-90.51201133380498,15.34081319184373],[-90.49077659799877,15.33637956568639],[-90.47560892956578,15.33334603199979],[-90.45857447117179,15.332412637019297],[-90.43827313034609,15.332879334509544],[-90.41167137340206,15.328679057097329],[-90.38623636018364,15.326112220900974],[-90.35636772080788,15.321678594743636],[-90.3229988502553,15.318411712311907],[-90.31273150546988,15.316544922350923],[-90.29033002593808,15.31561152737043],[-90.26652845393552,15.312344644938706],[-90.24786055432565,15.312111296193583],[-90.23362628087315,15.310711203722844],[-90.21705851996941,15.306977623800876],[-90.19185685549611,15.301843951408168],[-90.17715588455336,15.299277115211813],[-90.16478840106184,15.298577068976444],[-90.15312096380569,15.299510463956937],[-90.13515311043122,15.298227045858761],[-90.11765195454699,15.2965936046429],[-90.09945075242739,15.29426011719167],[-90.08428308399438,15.294026768446546],[-90.07004881054188,15.295193512172162],[-90.04554719230396,15.294726814681916],[-90.03061287261608,15.296126907152654],[-90.01194497300622,15.297993697113638],[-89.99024353970978,15.299160440839254],[-89.97904279994387,15.303360718251469],[-89.95780806413767,15.309661134369788],[-89.93704002582172,15.311994621821016],[-89.92117231115334,15.315261504252739],[-89.90110431907276,15.316661596723478],[-89.88383651193365,15.319928479155202],[-89.86983558722626,15.324128756567417],[-89.85023429263593,15.326462244018646],[-89.82456593067239,15.328795731469878],[-89.80683142604303,15.328795731469878],[-89.79609738376737,15.329262428960124],[-89.76156176948916,15.333929403862586],[-89.73729349999635,15.33952977374554],[-89.7144253229743,15.347463631079723],[-89.69575742336446,15.352597303472432],[-89.68222319614733,15.35866437084563],[-89.66308859904724,15.375465480494492],[-89.65608813669355,15.386199522770154],[-89.64395400194715,15.397866960026306],[-89.62901968225927,15.424935414460581],[-89.61128517762992,15.438002944187474],[-89.57488277339073,15.453870658855843],[-89.52727962938562,15.455737448816826],[-89.49181062012691,15.467871583563227],[-89.48434346028297,15.47347195344618],[-89.45914179580967,15.49307324803652],[-89.43767371125836,15.510807752665873],[-89.39287075219472,15.530409047256212],[-89.35833513791651,15.550943736827042],[-89.3350002634042,15.557477501690489],[-89.28273014449663,15.579412283732056],[-89.2621954549258,15.587812838556488],[-89.23839388292325,15.603680553224857],[-89.23139342056955,15.612081108049287],[-89.21645910088168,15.626548730246919],[-89.20525836111577,15.636816075032334],[-89.18705715899617,15.644283234876271],[-89.1641889819741,15.64941690726898],[-89.09231756847619,15.665751319427596],[-89.06991608894438,15.67228508429104]]}},{"type":"Feature","properties":{"accuracy":"100000","activity_confidence":"2","average_dip":"(90,,)","catalog_id":"CA_22.0","catalog_name":"GEM_Central_Am_Carib","fs_name":"Motagua-Polochic Fault Zone","reference":"DEM","slip_type":"Sinistral"},"geometry":{"type":"LineString","coordinates":[[-89.61921903496409,15.750223565162175],[-89.5921505805298,15.757224027515868],[-89.56601552107603,15.763757792379314],[-89.54688092397593,15.768891464772022],[-89.50534484734402,15.777758717086698],[-89.4899438301659,15.781025599518422],[-89.46520886318285,15.789892851833098],[-89.448407753534,15.79455982673556],[-89.41993920662898,15.80062689410876],[-89.40033791203864,15.805293869011221]]}},{"type":"Feature","properties":{"accuracy":"100000","activity_confidence":"2","average_dip":"(90,,)","catalog_id":"CA_23.0","catalog_name":"GEM_Central_Am_Carib","fs_name":"Motagua-Polochic Fault Zone","reference":"DEM","slip_type":"Sinistral"},"geometry":{"type":"LineString","coordinates":[[-89.39567093713616,15.81509451630639],[-89.37420285258484,15.822561676150329],[-89.35833513791647,15.828162046033283],[-89.3373337508554,15.833762415916237],[-89.32053264120654,15.843563063211406],[-89.30279813657718,15.851030223055345],[-89.2775964721039,15.860364172860267],[-89.25892857249404,15.86969812266519],[-89.23559369798174,15.883232349882329],[-89.21739249586213,15.892566299687251],[-89.21132542848893,15.896766577099466]]}},{"type":"Feature","properties":{"accuracy":"100000","activity_confidence":"1","average_dip":"(90,60,90)","catalog_id":"CA_24.0","catalog_name":"GEM_Central_Am_Carib","dip_dir":"S","downthrown_side_dir":"N","epistemic_quality":"1","fs_name":"Ixcan Fault Zone","last_movement":"1971","name":"Ixcan Fault","net_slip_rate":"(1,0.1,3)","reference":"Guzman-Speziale, 2010; Authemayou et al., 2012","slip_type":"Sinistral","vert_sep_rate":"(0,0,0.2)"},"geometry":{"type":"LineString","coordinates":[[-91.02164499315376,15.75162365763291],[-90.9805756140121,15.734822547984049],[-90.931105680046,15.710554278491248],[-90.89937025070927,15.69935353872534],[-90.86856821635303,15.688152798959432],[-90.81443130748447,15.668551504369095],[-90.78549606308921,15.662017739505648],[-90.72295859939622,15.65081699973974],[-90.67162187546914,15.641483049934818],[-90.62588552142502,15.634949285071372],[-90.56614824267352,15.639616259973833],[-90.5073443589025,15.641483049934818],[-90.4709419546633,15.648950209778757],[-90.44574029019,15.656417369622694]]}},{"type":"Feature","properties":{"accuracy":"100000","activity_confidence":"1","average_dip":"(90,,)","catalog_id":"CA_25.0","catalog_name":"GEM_Central_Am_Carib","fs_name":"Concordia Fault Zone","last_movement":"1902","name":"Concordia Fault","reference":"Guzman-Speziale, 2000","slip_type":"Sinistral","strike_slip_rate":"None"},"geometry":{"type":"LineString","coordinates":[[-92.83896502017238,16.319127805772247],[-92.74375873216216,16.24632299729385],[-92.62988454454211,16.167917818932494],[-92.51601035692205,16.091379430532125],[-92.41707048898986,16.03164215178062],[-92.31999741101866,15.98310561279502],[-92.2173239631645,15.93830265373139]]}},{"type":"Feature","properties":{"accuracy":"100000","activity_confidence":"1","average_dip":"(90,,)","catalog_id":"CA_26.0","catalog_name":"GEM_Central_Am_Carib","epistemic_quality":"1","exposure_quality":"1","fs_name":"Motagua Fault Zone","last_movement":"1976","name":"Motagua Fault","reference":"Franco et al., 2012","slip_type":"Sinistral","strike_slip_rate":"None"},"geometry":{"type":"LineString","coordinates":[[-90.42823913430615,14.847047247163387],[-90.40630435226458,14.846113852182894],[-90.39090333508646,14.845647154692648],[-90.37036864551564,14.845647154692648],[-90.34703377100332,14.846113852182894],[-90.33303284629595,14.844713759712155],[-90.32183210653004,14.843313667241418],[-90.3022308119397,14.845647154692648],[-90.27049538260296,14.84658054967314],[-90.25229418048336,14.843780364731664],[-90.2354930708345,14.844713759712155],[-90.22009205365637,14.844713759712155],[-90.18171402405872,14.850330717799022],[-90.16642184227807,14.851247524575601],[-90.1456590299455,14.856443908769004],[-90.11264893173941,14.86194157949161],[-90.09287177422125,14.863061289366705],[-90.07389213611542,14.86523981782368],[-90.05489341458349,14.868485796321838],[-90.02889605120535,14.87385804344306],[-89.97886353154048,14.883658690738228],[-89.9323887288698,14.89558560665646],[-89.89553439483679,14.90692653772019],[-89.86039893826138,14.917904380707757],[-89.83217419206828,14.925781662478377],[-89.80304218081163,14.935629343624067],[-89.75280062181115,14.955772319979602],[-89.65875411798959,14.986144298278932],[-89.60185455471654,15.004459614135898],[-89.56845174943386,15.0196046271783],[-89.39131236119076,15.097265622167386],[-89.30631656483172,15.138599606215035],[-89.23141053736241,15.175219276393856],[-89.17791998499737,15.205532965926741],[-89.1298215469197,15.22875854544309],[-89.0785835121893,15.257558883083236],[-88.79618024819543,15.411330662356402],[-88.75975407675224,15.431558372590466],[-88.6642624806555,15.474371007756242],[-88.64436745448337,15.484938179898872],[-88.5983622227417,15.502870957836562],[-88.55384244004162,15.517341346390285],[-88.53115518462417,15.521084639866269],[-88.48329721242139,15.538907803687277],[-88.45521704663703,15.542258964595547]]}},{"type":"Feature","properties":{"accuracy":"100000","activity_confidence":"1","average_dip":"(90,,)","catalog_id":"CA_27.0","catalog_name":"GEM_Central_Am_Carib","epistemic_quality":"1","exposure_quality":"1","fs_name":"Motagua Fault Zone","name":"Los Amates Fault","reference":"Mueller 1979 PhD thesis","slip_type":"Sinistral","strike_slip_rate":"None"},"geometry":{"type":"LineString","coordinates":[[-89.12405299781331,15.161834704334415],[-89.06804929898377,15.189836553749185],[-89.03631386964703,15.211304638300508],[-88.99057751560291,15.247707042539707],[-88.96444245614913,15.259841177286107],[-88.87156965559018,15.30837771627171],[-88.84076762123392,15.325645523410818],[-88.81836614170211,15.339646448118202],[-88.79549796468005,15.350380490393864],[-88.76609602279454,15.366714902552479],[-88.74882821565544,15.375582154867155],[-88.73902756836027,15.38351601220134],[-88.67182312976483,15.41431804655758],[-88.64475467533055,15.424585391342996],[-88.62375328826947,15.433919341147918],[-88.58688418654002,15.449320358326041],[-88.56168252206673,15.46285458554318],[-88.53554746261295,15.474522022799334],[-88.49727826841277,15.494590014879918],[-88.4753434863712,15.504390662175087],[-88.43614089719051,15.522591864294688],[-88.41140593020748,15.534259301550842],[-88.38947114816591,15.543126553865518],[-88.34210135290591,15.565061335907084],[-88.32039991960947,15.57999565559496],[-88.2984651375679,15.593763231557222],[-88.27466356556535,15.60729745877436],[-88.24269478748349,15.625615335266524],[-88.20489229077356,15.64568332734711],[-88.18529099618321,15.658750857074],[-88.1689565840246,15.661551042015478]]}},{"type":"Feature","properties":{"accuracy":"100000","activity_confidence":"1","average_dip":"(50,40,70)","catalog_id":"CA_29.0","catalog_name":"GEM_Central_Am_Carib","dip_dir":"SE","downthrown_side_dir":"SE","epistemic_quality":"2","exposure_quality":"2","fs_name":"Tecpan Graben","name":"Aldea Xetzac Fault","shortening_rate":"None","slip_type":"Normal"},"geometry":{"type":"LineString","coordinates":[[-90.9408479901558,14.822487291739236],[-90.94714840627412,14.814786783150176],[-90.9539155198827,14.808719715776975],[-90.96231607470713,14.800552509697667],[-90.97071662953155,14.795185488559836],[-90.9760836506694,14.790985211147621],[-90.98261741553283,14.78561819000979],[-90.9854176004743,14.781184563852452],[-90.9893845291414,14.775817542714622],[-90.9945182015341,14.773250706518267],[-90.99661834024022,14.766016895419453],[-90.99801843271096,14.762516664242606],[-91.00035192016219,14.754816155653545],[-91.00198536137805,14.751782621966944]]}},{"type":"Feature","properties":{"accuracy":"100000","activity_confidence":"1","average_dip":"(50,40,70)","catalog_id":"CA_30.0","catalog_name":"GEM_Central_Am_Carib","dip_dir":"W","downthrown_side_dir":"W","epistemic_quality":"2","exposure_quality":"2","fs_name":"Tecpan Graben","name":"East Tecpan Fault","shortening_rate":"None","slip_type":"Normal"},"geometry":{"type":"LineString","coordinates":[[-90.9438815238424,14.77418410149876],[-90.946915057529,14.767883685380436],[-90.95204872992171,14.763916756713344],[-90.95508226360832,14.759483130556006],[-90.9599825872559,14.75364941192793],[-90.962082725962,14.749449134515714],[-90.96068263349126,14.743148718397391],[-90.96231607470713,14.739648487220546],[-90.96278277219737,14.736381604788821],[-90.962082725962,14.730314537415621],[-90.96418286466812,14.72634760874853],[-90.96791644459007,14.72331407506193]]}},{"type":"Feature","properties":{"accuracy":"100000","activity_confidence":"1","average_dip":"(50,40,70)","catalog_id":"CA_31.0","catalog_name":"GEM_Central_Am_Carib","dip_dir":"NW","downthrown_side_dir":"NW","epistemic_quality":"2","exposure_quality":"2","fs_name":"Quetzaltenango Graben","name":"Tononicapan Fault","shortening_rate":"None","slip_type":"Normal"},"geometry":{"type":"LineString","coordinates":[[-91.33982245657215,14.922674890104576],[-91.34742833695269,14.912692172105116],[-91.35075590961917,14.899857248962954],[-91.3583617899997,14.887022325820794],[-91.36216473018997,14.879891812964038],[-91.36929524304674,14.866581522298093],[-91.3707213456181,14.860877112012687],[-91.3764257559035,14.851369761537013],[-91.38593310637917,14.846140718775391],[-91.3997187645689,14.839010205918635],[-91.40780001247322,14.833781163157013],[-91.41350442275862,14.828552120395393],[-91.41635662790132,14.827601385347826],[-91.42253640571052,14.816667932300799],[-91.42871618351971,14.811438889539177],[-91.43727279894782,14.808111316872692],[-91.44820625199483,14.796227128778098],[-91.461041175137,14.79385029115918],[-91.4695977905651,14.785769043254856],[-91.47815440599321,14.780540000493234],[-91.48290808123106,14.775786325255396]]}},{"type":"Feature","properties":{"accuracy":"100000","activity_confidence":"1","average_dip":"(50,40,70)","catalog_id":"CA_32.0","catalog_name":"GEM_Central_Am_Carib","dip_dir":"E","downthrown_side_dir":"E","epistemic_quality":"1","exposure_quality":"1","fs_name":"Guatemala City Graben","name":"Mixco Fault","reference":"Guzman-Speziale 2001; Franco et al., 2012","shortening_rate":"None","slip_type":"Normal"},"geometry":{"type":"LineString","coordinates":[[-90.61084635884978,14.710660974497022],[-90.61464929904005,14.701153624021348],[-90.61702613665898,14.691646273545674],[-90.61797687170655,14.686892598307836],[-90.61940297427789,14.681663555546216],[-90.61940297427789,14.674057675165676],[-90.61940297427789,14.667402529832703],[-90.61750150418275,14.65932128192838],[-90.61750150418275,14.65551834173811],[-90.61702613665898,14.648863196405138],[-90.61845223923032,14.641732683548382],[-90.61892760675411,14.63888047840568],[-90.61797687170655,14.633176068120274],[-90.61560003408762,14.628897760406222],[-90.61227246142114,14.61463673469271],[-90.61369856399249,14.60703085431217],[-90.61512466656384,14.596572768788928],[-90.61797687170655,14.583262478122984],[-90.62177981189681,14.57375512764731],[-90.62653348713465,14.567099982314337],[-90.63033642732492,14.560444836981365],[-90.63604083761032,14.55093748650569],[-90.63841767522923,14.545708443744068],[-90.6393684102768,14.540954768506232],[-90.63984377780059,14.536201093268394],[-90.64126988037194,14.531922785554341],[-90.64792502570492,14.52907058041164],[-90.65267870094276,14.5214647000311],[-90.6569570086568,14.511481982031642],[-90.65648164113303,14.505777571746236],[-90.65553090608546,14.499122426413264],[-90.65362943599033,14.488664340890022],[-90.65315406846653,14.481058460509482],[-90.65220333341897,14.474878682700293],[-90.65030186332383,14.465846699748402],[-90.64649892313356,14.459191554415431]]}},{"type":"Feature","properties":{"accuracy":"100000","activity_confidence":"1","average_dip":"(50,40,70)","catalog_id":"CA_33.0","catalog_name":"GEM_Central_Am_Carib","dip_dir":"W","downthrown_side_dir":"W","epistemic_quality":"1","exposure_quality":"2","fs_name":"Guatemala City Graben","name":"Guatemala City Fault","reference":"Guzman-Speziale 2001; Franco et al., 2012","shortening_rate":"None","slip_type":"Normal"},"geometry":{"type":"LineString","coordinates":[[-90.49295521295146,14.765803607255934],[-90.48820153771362,14.755345521732691],[-90.48249712742822,14.745838171257017],[-90.48154639238065,14.730626410495939],[-90.48344786247578,14.719217589925128],[-90.48534933257092,14.709710239449453],[-90.48344786247578,14.698301418878644],[-90.47869418723795,14.68879406840297],[-90.47869418723795,14.678335982879728],[-90.48059565733308,14.668828632404054],[-90.47679271714281,14.655518341738109],[-90.47394051200011,14.645060256214867],[-90.47774345219038,14.635552905739193],[-90.48154639238065,14.624144085168384],[-90.48154639238065,14.607981589359737],[-90.48154639238065,14.597523503836495],[-90.48725080266605,14.583262478122982],[-90.48820153771362,14.579459537932713],[-90.49295521295146,14.569952187457039],[-90.49865962323686,14.563297042124066],[-90.49865962323686,14.549986751458121],[-90.49961035828443,14.541430136030014],[-90.5034132984747,14.534774990697043],[-90.50721623866497,14.52811984536407],[-90.5091177087601,14.521464700031098],[-90.5119699139028,14.51290808460299],[-90.5148221190455,14.508154409365154],[-90.5148221190455,14.502449999079749],[-90.51006844380767,14.492942648604075],[-90.51101917885524,14.486287503271102],[-90.51387138399794,14.480583092985698],[-90.51387138399794,14.476780152795428]]}},{"type":"Feature","properties":{"accuracy":"100000","activity_confidence":"1","average_dip":"(50,40,70)","catalog_id":"CA_34.0","catalog_name":"GEM_Central_Am_Carib","dip_dir":"W","downthrown_side_dir":"W","epistemic_quality":"2","exposure_quality":"2","fs_name":"El Socorro Graben","name":"El Duranzo Fault","shortening_rate":"None","slip_type":"Normal"},"geometry":{"type":"LineString","coordinates":[[-90.34321444295955,14.671680837546758],[-90.35272179343524,14.663599589642436],[-90.35890157124442,14.653141504119192],[-90.36603208410118,14.632700700596493],[-90.36555671657739,14.62461945269217],[-90.36698281914875,14.60417864916947],[-90.36650745162495,14.592294461074875],[-90.36650745162495,14.578508802885148],[-90.36413061400604,14.568050717361906],[-90.36603208410118,14.554265059172177],[-90.36793355419631,14.542856238601368],[-90.36745818667252,14.53144741803056],[-90.36983502429145,14.521464700031101]]}},{"type":"Feature","properties":{"accuracy":"100000","activity_confidence":"1","average_dip":"(50,40,70)","catalog_id":"CA_35.0","catalog_name":"GEM_Central_Am_Carib","dip_dir":"E","downthrown_side_dir":"E","epistemic_quality":"2","exposure_quality":"2","fs_name":"El Socorro Graben","name":"Las Anonas Fault","shortening_rate":"None","slip_type":"Normal"},"geometry":{"type":"LineString","coordinates":[[-90.41261810143197,14.58516394821812],[-90.41547030657468,14.570427554980824],[-90.41642104162224,14.561395572028934],[-90.41689640914603,14.552363589077043],[-90.41689640914603,14.542380871077585],[-90.41404420400333,14.53667646079218],[-90.41737177666981,14.531922785554343],[-90.42022398181251,14.52526764022137],[-90.42165008438387,14.520989332507316]]}},{"type":"Feature","properties":{"accuracy":"100000","activity_confidence":"2","catalog_id":"CA_36.0","catalog_name":"GEM_Central_Am_Carib","downthrown_side_dir":"SW","epistemic_quality":"1","exposure_quality":"2","fs_name":"Tonala Fault Zone","name":"Tonala Fault","reference":"Guzman-Speziale and Molina-Garza, 2012","slip_type":"Sinistral","strike_slip_rate":"None"},"geometry":{"type":"LineString","coordinates":[[-94.02648085911687,16.347707884527246],[-94.01031836330822,16.3343975938613],[-93.99986027778498,16.320136568147788],[-93.9817963118812,16.306826277481843],[-93.96848602121526,16.28876231157806],[-93.95137279035904,16.27069834567428],[-93.93235808940769,16.25168364472293],[-93.91429412350391,16.24217629424726],[-93.8971808926477,16.228866003581313],[-93.87721545664878,16.212703507772666],[-93.86010222579256,16.193688806821317],[-93.83918605474608,16.176575575965103],[-93.82777723417527,16.166117490441863],[-93.81636841360447,16.156610139966187],[-93.79260003741527,16.131891028729434],[-93.77453607151149,16.112876327778086],[-93.75837357570285,16.097664567017006],[-93.72795005418068,16.07579766092295],[-93.71178755837204,16.060585900161875],[-93.69182212237313,16.046324874448363],[-93.66995521627908,16.027310173497014],[-93.62717213913854,15.994034446832153],[-93.60625596809206,15.981674891213775],[-93.57868465171259,15.961709455214859],[-93.5435074549526,15.937941079025672],[-93.50928099324017,15.922729318264594],[-93.4617442408618,15.893256531790001],[-93.4322714543872,15.874241830838653],[-93.40945381324558,15.859980805125137],[-93.39234058238937,15.848096617030544],[-93.3828332319137,15.8347863263646],[-93.36762147115262,15.825278975888924],[-93.34622993258235,15.81054258265163],[-93.32769059915478,15.800084497128388],[-93.26826965868183,15.748744804559756],[-93.24925495773047,15.729730103608407],[-93.21883143620832,15.703109522276518],[-93.17604835906778,15.677439675992197],[-93.15037851278346,15.66127718018355],[-93.11520131602347,15.643213214279768],[-93.0762211790732,15.622297043233285],[-93.05435427297915,15.599479402091665],[-93.02868442669482,15.570957350664642],[-92.97354179393592,15.534829418857079],[-92.93551239203322,15.514863982858163],[-92.89653225508293,15.492046341716543]]}},{"type":"Feature","properties":{"accuracy":"100000","activity_confidence":"2","average_dip":"(50,40,70)","catalog_id":"CA_37.0","catalog_name":"GEM_Central_Am_Carib","dip_dir":"W","downthrown_side_dir":"W","epistemic_quality":"2","exposure_quality":"2","fs_name":"Mataquescuintla Graben","name":"Mataquescuintla Fault","shortening_rate":"None","slip_type":"Normal"},"geometry":{"type":"LineString","coordinates":[[-90.21688552351412,14.574349337052068],[-90.21308258332384,14.56436661905261],[-90.20690280551466,14.557711473719637],[-90.20024766018169,14.54915485829153],[-90.19596935246763,14.544401183053694],[-90.18978957465845,14.536795302673154],[-90.18337211308736,14.531566259911532],[-90.17956917289709,14.528951738530722],[-90.17624160023061,14.523722695769102],[-90.17457781389737,14.52110817438829],[-90.17457781389737,14.51706755043613],[-90.17410244637358,14.509937037579373],[-90.17196329251655,14.504945678579643],[-90.16863571985007,14.497577481960997],[-90.16578351470737,14.491397704151808],[-90.1617428907552,14.482603404961809],[-90.16150520699331,14.47642362715262],[-90.16126752323142,14.470243849343433],[-90.16554583094548,14.461687233915326],[-90.16602119846928,14.454081353534784],[-90.16602119846928,14.448376943249379]]}},{"type":"Feature","properties":{"accuracy":"100000","average_dip":"(50,40,70)","catalog_id":"CA_38.0","catalog_name":"GEM_Central_Am_Carib","dip_dir":"W","downthrown_side_dir":"W","epistemic_quality":"2","exposure_quality":"2","fs_name":"Jalapa-Monjas Fault Zone","name":"Jalapa Fault","shortening_rate":"None","slip_type":"Normal"},"geometry":{"type":"LineString","coordinates":[[-89.9601870606708,14.67940555980831],[-89.9601870606708,14.674651884570473],[-89.9601870606708,14.67061126061831],[-89.96137547948025,14.662292328952093],[-89.9630392658135,14.65825170499993],[-89.96446536838485,14.655399499857229],[-89.96850599233701,14.649219722048038],[-89.97088282995594,14.645179098095877],[-89.97159588124161,14.64066310661993],[-89.9720712487654,14.632106491191822],[-89.97254661628918,14.626639764668308],[-89.97112051371782,14.620459986859117],[-89.97016977867025,14.6180831492402],[-89.96731757352755,14.615468627859387],[-89.95971169314701,14.611665687669117],[-89.95947400938512,14.605010542336144],[-89.96042474443269,14.598830764526955],[-89.96161316324215,14.59217561919398],[-89.96422768462297,14.5857581576229]]}},{"type":"Feature","properties":{"accuracy":"100000","average_dip":"(50,40,70)","catalog_id":"CA_39.0","catalog_name":"GEM_Central_Am_Carib","dip_dir":"W","downthrown_side_dir":"W","epistemic_quality":"2","exposure_quality":"2","fs_name":"Jalapa-Monjas Fault Zone","name":"San Pedro Fault","shortening_rate":"None","slip_type":"Normal"},"geometry":{"type":"LineString","coordinates":[[-89.80854482058373,14.739301867805066],[-89.8094955556313,14.732646722472094],[-89.81044629067887,14.726466944662903],[-89.81139702572644,14.719336431806147],[-89.81187239325023,14.714582756568308],[-89.81139702572644,14.708878346282903],[-89.81044629067887,14.702698568473712],[-89.81044629067887,14.69604342314074],[-89.81187239325023,14.685585337617496],[-89.8128231282978,14.679880927332091],[-89.81519996591672,14.66989820933263],[-89.81947827363076,14.663243063999657],[-89.82090437620212,14.657063286190468],[-89.82280584629726,14.65230961095263],[-89.82375658134482,14.640900790381817],[-89.82375658134482,14.637097850191548],[-89.8242319488686,14.632344174953708]]}},{"type":"Feature","properties":{"accuracy":"100000","average_dip":"(50,40,70)","catalog_id":"CA_40.0","catalog_name":"GEM_Central_Am_Carib","dip_dir":"E","downthrown_side_dir":"E","epistemic_quality":"2","exposure_quality":"2","fs_name":"Jalapa-Monjas Fault System","name":"West Monjas Fault","shortening_rate":"None","slip_type":"Normal"},"geometry":{"type":"LineString","coordinates":[[-89.93998394090998,14.523247328245331],[-89.93285342805324,14.511838507674518],[-89.92619828272025,14.504707994817762],[-89.92144460748241,14.496151379389653],[-89.91383872710188,14.484267191295057],[-89.90528211167377,14.479038148533435],[-89.9014791714835,14.474284473295597],[-89.89767623129323,14.469055430533976],[-89.89387329110296,14.464301755296137],[-89.89149645348404,14.4595480800583],[-89.88626741072241,14.44718852443992],[-89.88198910300837,14.438631909011812],[-89.87866153034187,14.428649191012353],[-89.8748585901516,14.421994045679378],[-89.8720063850089,14.414863532822622],[-89.86677734224727,14.406782284918297],[-89.8634497695808,14.400602507109108],[-89.85679462424783,14.388718319014512],[-89.85346705158133,14.383013908729106]]}},{"type":"Feature","properties":{"accuracy":"100000","average_dip":"(50,40,70)","catalog_id":"CA_41.0","catalog_name":"GEM_Central_Am_Carib","dip_dir":"W","downthrown_side_dir":"W","epistemic_quality":"2","exposure_quality":"2","fs_name":"Jalapa-Monjas Fault Zone","name":"East Monjas Fault","shortening_rate":"None","slip_type":"Normal"},"geometry":{"type":"LineString","coordinates":[[-89.83017404291591,14.553195482243709],[-89.82827257282078,14.54701570443452],[-89.82542036767808,14.540360559101547],[-89.82542036767808,14.534656148816142],[-89.82494500015429,14.525624165864249],[-89.82351889758293,14.516116815388573],[-89.82209279501159,14.508510935008031],[-89.82209279501159,14.502331157198842],[-89.82351889758293,14.492823806723166],[-89.82399426510672,14.487119396437759],[-89.82399426510672,14.480464251104786],[-89.82256816253536,14.472383003200461],[-89.8216174274878,14.466678592915056],[-89.8216174274878,14.464301755296137]]}},{"type":"Feature","properties":{"accuracy":"100000","average_dip":"(50,40,70)","catalog_id":"CA_42.0","catalog_name":"GEM_Central_Am_Carib","dip_dir":"E","downthrown_side_dir":"E","epistemic_quality":"2","exposure_quality":"2","fs_name":"Ipala Graben","name":"Jilotepeque Fault","reference":"Guzman-Speziale 2001","shortening_rate":"None","slip_type":"Normal"},"geometry":{"type":"LineString","coordinates":[[-89.7455586236823,14.692002799188584],[-89.74318178606339,14.686298388903179],[-89.74223105101582,14.682495448712908],[-89.74460788863473,14.672988098237232],[-89.74460788863473,14.663005380237772],[-89.74175568349203,14.655874867381014],[-89.74128031596825,14.647793619476689],[-89.7398542133969,14.642564576715067],[-89.73842811082554,14.637810901477229],[-89.7398542133969,14.631155756144256],[-89.7398542133969,14.625926713382635],[-89.7370020082542,14.621173038144796],[-89.73272370054013,14.616419362906958],[-89.72892076034987,14.61166568766912],[-89.72559318768339,14.606436644907498],[-89.72274098254069,14.600256867098308],[-89.72036414492176,14.593601721765335],[-89.71846267482663,14.58552047386101]]}},{"type":"Feature","properties":{"accuracy":"100000","average_dip":"(50,40,70)","catalog_id":"CA_43.0","catalog_name":"GEM_Central_Am_Carib","dip_dir":"W","downthrown_side_dir":"W","epistemic_quality":"1","exposure_quality":"2","fs_name":"Ipala Graben","name":"Ipala Fault","reference":"Guzman-Speziale 2001","shortening_rate":"None","slip_type":"Normal"},"geometry":{"type":"LineString","coordinates":[[-89.61578328968935,14.68202008118911],[-89.61340645207042,14.673938833284785],[-89.61340645207042,14.665857585380461],[-89.61102961445151,14.659202440047487],[-89.61007887940394,14.653498029762082],[-89.60960351188015,14.643990679286405],[-89.60580057168988,14.637810901477216],[-89.60199763149961,14.63448332881073],[-89.59914542635691,14.626877448430188],[-89.59676858873799,14.617845465478295],[-89.59676858873799,14.609288850050186],[-89.59724395626178,14.60215833719343],[-89.59676858873799,14.594552456812888],[-89.59724395626178,14.5883726790037],[-89.59249028102394,14.584094371289645],[-89.58916270835745,14.57838996100424],[-89.58535976816718,14.571259448147481],[-89.58440903311961,14.563178200243158],[-89.58345829807205,14.555572319862616],[-89.58345829807205,14.550343277100994],[-89.5877366057861,14.544163499291805],[-89.59296564854772,14.540360559101535],[-89.59676858873799,14.535131516339913],[-89.59581785369042,14.531803943673426],[-89.59581785369042,14.528001003483155],[-89.59676858873799,14.524198063292884],[-89.59914542635691,14.520870490626399],[-89.59867005883314,14.518018285483695],[-89.599026584476,14.515760289745723],[-89.59831353319032,14.512076191436398],[-89.5972439562618,14.510055879460316],[-89.59641206309519,14.508273251246127],[-89.59558016992857,14.506015255508153],[-89.59522364428572,14.503638417889235],[-89.59534248616667,14.501499264032208],[-89.59510480240478,14.498647058889505],[-89.59522364428572,14.496270221270585],[-89.59534248616667,14.493299174246937],[-89.59569901180951,14.49116002038991],[-89.59676858873803,14.488783182770991],[-89.59676858873803,14.486049819509233],[-89.59593669557141,14.484148349414099],[-89.59593669557141,14.481890353676125],[-89.59355985795247,14.47725552031923],[-89.59427290923814,14.4722641613195],[-89.59451059300004,14.466559751034094],[-89.59641206309517,14.460379973224905],[-89.59712511438084,14.458240819367878],[-89.59617437933328,14.453962511653824],[-89.5959366955714,14.451823357796796]]}},{"type":"Feature","properties":{"accuracy":"100000","average_dip":"(50,40,70)","catalog_id":"CA_44.0","catalog_name":"GEM_Central_Am_Carib","dip_dir":"W","downthrown_side_dir":"W","epistemic_quality":"2","exposure_quality":"2","fs_name":"Ipala Graben","name":"Metapan Fault","reference":"Guzman-Speziale","shortening_rate":"None","slip_type":"Normal"},"geometry":{"type":"LineString","coordinates":[[-89.45641632734082,14.493893383651672],[-89.45831779743595,14.48391066565221],[-89.45926853248352,14.474878682700318],[-89.45736706238839,14.467748169843562],[-89.45546559229325,14.459191554415453],[-89.4568916948646,14.45015957146356],[-89.4568916948646,14.43875075089275],[-89.45118728457919,14.430669502988424],[-89.44690897686513,14.425915827750586],[-89.4421553016273,14.419736049941397],[-89.43787699391325,14.412605537084639],[-89.43740162638946,14.40404892165653],[-89.4307464810565,14.380993596753015],[-89.42314060067596,14.373863083896257],[-89.4188622929619,14.367683306087068],[-89.41078104505759,14.358651323135176],[-89.4046012672484,14.352471545325987],[-89.3984214894392,14.346291767516796],[-89.3898648740111,14.33678441704112],[-89.38463583124947,14.328703169136796],[-89.38035752353542,14.32062192123247],[-89.37322701067866,14.312540673328146],[-89.36847333544083,14.304934792947606],[-89.3660964978219,14.298279647614631],[-89.35658914734623,14.290198399710306],[-89.35611377982245,14.28069104923463],[-89.34993400201326,14.27070833123517],[-89.34708179687055,14.265479288473548]]}},{"type":"Feature","properties":{"accuracy":"100000","average_dip":"(50,40,70)","catalog_id":"CA_45.0","catalog_name":"GEM_Central_Am_Carib","dip_dir":"W","downthrown_side_dir":"W","epistemic_quality":"2","exposure_quality":"2","fs_name":"Esquipulas Graben","name":"Ocotepeque Fault","reference":"Guzman-Speziale 2001","shortening_rate":"None","slip_type":"Normal"},"geometry":{"type":"LineString","coordinates":[[-89.29051306154025,14.633413751882223],[-89.29241453163539,14.624857136454114],[-89.29431600173052,14.617251256073573],[-89.29526673677809,14.609170008169247],[-89.29479136925431,14.603465597883842],[-89.29288989915918,14.59823655512222],[-89.28718548887376,14.588729204646544],[-89.28243181363592,14.583500161884922],[-89.27339983068404,14.577320384075733],[-89.26579395030349,14.57446817893303],[-89.25533586478025,14.567813033600057],[-89.24820535192349,14.560207153219515],[-89.24440241173322,14.55450274293411],[-89.23869800144782,14.547372230077352],[-89.23156748859105,14.537389512077892],[-89.22919065097214,14.53073436674492],[-89.22728918087701,14.522653118840594],[-89.22253550563917,14.516473341031405],[-89.21302815516349,14.511719665793567],[-89.20304543716404,14.508867460650864],[-89.19401345421214,14.50601525550816],[-89.19068588154565,14.500786212746538],[-89.1864075738316,14.493655699889782],[-89.18498147126024,14.486525187033024],[-89.1835553686889,14.4784439391287],[-89.1835553686889,14.467985853605455],[-89.18022779602241,14.461806075796266],[-89.17547412078457,14.45229872532059],[-89.17262191564187,14.447545050082752],[-89.17072044554673,14.43993916970221],[-89.17072044554673,14.433284024369238],[-89.17214654811808,14.427104246560049],[-89.17214654811808,14.423301306369778],[-89.174523385737,14.419498366179507],[-89.17547412078457,14.412843220846534],[-89.17499875326078,14.40476197294221],[-89.17357265068944,14.398106827609235],[-89.17309728316565,14.391927049800046],[-89.1716711805943,14.385271904467073],[-89.17262191564184,14.374576135181936],[-89.17190886435617,14.36768330608707],[-89.17190886435617,14.362216579563556],[-89.1707204455467,14.35770058808761],[-89.167868240404,14.351996177802205],[-89.16739287288023,14.349143972659501],[-89.16739287288023,14.34130040851707],[-89.167868240404,14.337259784564907],[-89.16715518911833,14.330842322993824],[-89.16168846259482,14.321810340041932],[-89.1595493087378,14.319433502423013],[-89.15598405230942,14.313253724613825],[-89.15146806083347,14.308737733137878],[-89.14885353945266,14.30398405790004],[-89.14600133430996,14.295665126233823],[-89.1443375479767,14.293050604853011],[-89.14623901807185,14.28520704071058],[-89.14505059926239,14.281166416758417],[-89.1419607103578,14.276175057758687]]}},{"type":"Feature","properties":{"accuracy":"100000","average_dip":"(50,40,70)","catalog_id":"CA_46.0","catalog_name":"GEM_Central_Am_Carib","dip_dir":"E","downthrown_side_dir":"E","epistemic_quality":"2","exposure_quality":"2","fs_name":"San Marcos Graben","name":"El Corpus Fault","shortening_rate":"None","slip_type":"Normal"},"geometry":{"type":"LineString","coordinates":[[-88.93683962384513,14.748215008876011],[-88.93303668365485,14.736806188305199],[-88.93065984603594,14.731101778019793],[-88.9287583759408,14.724922000210604],[-88.92733227336944,14.721119060020333],[-88.92543080327431,14.716365384782495],[-88.92400470070297,14.711136342020874],[-88.9230539656554,14.705907299259252],[-88.9230539656554,14.700202888973847],[-88.9230539656554,14.696399948783576],[-88.91925102546513,14.68831870087925],[-88.91877565794134,14.684040393165196],[-88.9168741878462,14.677860615356007],[-88.91449735022728,14.663124222118709],[-88.91449735022728,14.6545676066906],[-88.91449735022728,14.646961726310058],[-88.91497271775107,14.64078194850087],[-88.91497271775107,14.63222533307276],[-88.91830029041756,14.624619452692219]]}},{"type":"Feature","properties":{"accuracy":"100000","average_dip":"(50,40,70)","catalog_id":"CA_47.0","catalog_name":"GEM_Central_Am_Carib","dip_dir":"E","downthrown_side_dir":"E","epistemic_quality":"2","exposure_quality":"2","fs_name":"San Marcos Graben","name":"San Marcos Fault","shortening_rate":"None","slip_type":"Normal"},"geometry":{"type":"LineString","coordinates":[[-89.0363102781969,14.501380422151264],[-89.03298270553042,14.49092233662802],[-89.03203197048285,14.484742558818832],[-89.03060586791149,14.474284473295588],[-89.02775366276879,14.469055430533967],[-89.02395072257852,14.46335102024856],[-89.01919704734068,14.459072712534505],[-89.01396800457906,14.45479440482045],[-89.00968969686501,14.44576242186856],[-89.00826359429365,14.437205806440451],[-89.00541138915095,14.427698455964775],[-89.00541138915095,14.420092575584233],[-89.00493602162717,14.412962062727477],[-89.00350991905582,14.405356182346935],[-89.00303455153202,14.40107787463288],[-89.00826359429365,14.389193686538286],[-89.00873896181744,14.38348927625288],[-89.00588675667474,14.373981925777203],[-89.00160844896068,14.36352384025396],[-88.99733014124662,14.358294797492338]]}},{"type":"Feature","properties":{"accuracy":"100000","average_dip":"(50,40,70)","catalog_id":"CA_48.0","catalog_name":"GEM_Central_Am_Carib","dip_dir":"W","downthrown_side_dir":"W","epistemic_quality":"2","exposure_quality":"2","fs_name":"San Marcos Graben","name":"Corquin Fault","shortening_rate":"None","slip_type":"Normal"},"geometry":{"type":"LineString","coordinates":[[-88.86707943972984,14.655874867381003],[-88.86422723458713,14.645892149381543],[-88.86280113201579,14.6354340638583],[-88.8594735593493,14.625926713382624],[-88.85757208925416,14.620697670621],[-88.85804745677795,14.610239585097757],[-88.85567061915903,14.600256867098297],[-88.85424451658767,14.591700251670188],[-88.85281841401633,14.582192901194512],[-88.85471988411146,14.568882610528565],[-88.85804745677795,14.558899892529105],[-88.86137502944443,14.553670849767483],[-88.86422723458713,14.549392542053429]]}},{"type":"Feature","properties":{"accuracy":"100000","average_dip":"(50,40,70)","catalog_id":"CA_49.0","catalog_name":"GEM_Central_Am_Carib","dip_dir":"E","downthrown_side_dir":"E","epistemic_quality":"2","exposure_quality":"2","fs_name":"Lempira Graben","name":"Cerro Las Minas Fault","shortening_rate":"None","slip_type":"Normal"},"geometry":{"type":"LineString","coordinates":[[-88.70355301154821,14.61927156804965],[-88.69547176364388,14.615468627859379],[-88.68311220802549,14.612616422716675],[-88.66742507974064,14.610239585097757],[-88.66029456688388,14.610239585097757],[-88.65506552412225,14.607387379955053],[-88.64841037878928,14.604059807288568],[-88.64080449840874,14.595503191860459],[-88.6360508231709,14.587897311479917],[-88.63272325050441,14.578865328528025],[-88.63082178040928,14.571259448147485],[-88.62892031031414,14.564128935290727],[-88.62844494279037,14.556047687386402],[-88.62939567783793,14.544163499291807],[-88.62939567783793,14.535131516339915],[-88.63462472059955,14.527525635959373],[-88.63985376336117,14.51706755043613],[-88.64318133602765,14.507560199960453],[-88.64365670355144,14.498052849484777],[-88.64745964374171,14.492348439199372],[-88.6507872164082,14.486168661390183],[-88.65316405402712,14.471907635676668],[-88.65126258393198,14.457171242439369],[-88.64127986593252,14.443860951773424],[-88.63652619069468,14.43720580644045]]}},{"type":"Feature","properties":{"accuracy":"100000","average_dip":"(50,40,70)","catalog_id":"CA_50.0","catalog_name":"GEM_Central_Am_Carib","dip_dir":"W","downthrown_side_dir":"W","epistemic_quality":"2","exposure_quality":"2","fs_name":"Lempira Graben","name":"Gracias Fault","shortening_rate":"None","slip_type":"Normal"},"geometry":{"type":"LineString","coordinates":[[-88.60491425036302,14.728130730996137],[-88.60348814779168,14.715295807853975],[-88.60253741274411,14.70721455994965],[-88.60111131017275,14.70103478214046],[-88.59778373750628,14.687724491474514],[-88.59540689988735,14.676791038427487],[-88.59303006226843,14.668709790523161],[-88.58970248960195,14.653022662238294],[-88.58780101950681,14.645892149381538],[-88.58399807931654,14.634958696334511],[-88.58209660922141,14.62735281595397],[-88.58209660922141,14.619746935573428],[-88.58162124169762,14.608338115002617],[-88.57781830150735,14.596929294431806],[-88.57401536131708,14.585995841384777],[-88.57258925874572,14.576488490909101],[-88.57258925874572,14.564604302814507],[-88.57496609636465,14.558424525005316]]}},{"type":"Feature","properties":{"accuracy":"100000","average_dip":"(50,40,70)","catalog_id":"CA_51.0","catalog_name":"GEM_Central_Am_Carib","dip_dir":"E","downthrown_side_dir":"E","epistemic_quality":"2","exposure_quality":"2","fs_name":"Lempira Graben","name":"Erandique Fault","shortening_rate":"None","slip_type":"Normal"},"geometry":{"type":"LineString","coordinates":[[-88.51079148065375,14.385390746348007],[-88.50889001055862,14.371129720634492],[-88.50413633532078,14.361622370158816],[-88.50033339513051,14.346410609397733],[-88.49462898484511,14.335001788826922],[-88.486072369417,14.320740763113408],[-88.48131869417917,14.309331942542597],[-88.48512163436943,14.299824592066921],[-88.48512163436943,14.287465036448541],[-88.48131869417917,14.274154745782594],[-88.4832201642743,14.261795190164214],[-88.48417089932187,14.249435634545836],[-88.48417089932187,14.241829754165295],[-88.47751575398888,14.233273138737186],[-88.47466354884618,14.22376578826151],[-88.47086060865591,14.217110642928537],[-88.46895913856078,14.208554027500428],[-88.46990987360834,14.19999741207232],[-88.46990987360834,14.193342266739347],[-88.47086060865591,14.188588591501508],[-88.47086060865591,14.178130505978265],[-88.46705766846564,14.164820215312318],[-88.46990987360834,14.150559189598804],[-88.47086060865591,14.138199633980424],[-88.47276207875105,14.122987873219342],[-88.46800840351321,14.106825377410694],[-88.47086060865591,14.09161361664961],[-88.46800840351321,14.077352590936096]]}},{"type":"Feature","properties":{"accuracy":"100000","average_dip":"(50,40,70)","catalog_id":"CA_52.0","catalog_name":"GEM_Central_Am_Carib","dip_dir":"W","downthrown_side_dir":"W","epistemic_quality":"2","exposure_quality":"2","fs_name":"Lempira Graben","name":"San Juan Fault","shortening_rate":"None","slip_type":"Normal"},"geometry":{"type":"LineString","coordinates":[[-88.43092973665807,14.543212764244231],[-88.43092973665807,14.534180781292338],[-88.43092973665807,14.525148798340446],[-88.42950363408671,14.516116815388553],[-88.4299790016105,14.504707994817743],[-88.42950363408671,14.493774541770716],[-88.42902826656294,14.48331645624747],[-88.4271267964678,14.478087413485849],[-88.42665142894401,14.472383003200443],[-88.42950363408671,14.462875652724767],[-88.42617606142024,14.455269772344225],[-88.4214223861824,14.449089994535036],[-88.41999628361104,14.443385584249631],[-88.41714407846834,14.437681173964226],[-88.41381650580185,14.426747720917197],[-88.40763672799267,14.422944780726926],[-88.39955548008834,14.419141840536657],[-88.39290033475537,14.416289635393953],[-88.38101614666077,14.405356182346926],[-88.37673783894672,14.39584883187125],[-88.37198416370887,14.389193686538276],[-88.3658043858997,14.38206317368152],[-88.35867387304293,14.374457293300978],[-88.34726505247212,14.364949942825302],[-88.35011725761483,14.354491857302058],[-88.35487093285266,14.34593524187395],[-88.36057534313807,14.33357568625557],[-88.3653290183759,14.323117600732326],[-88.3710334286613,14.308381207495028],[-88.37198416370887,14.298873857019352],[-88.36960732608996,14.287940403972325],[-88.36509133461404,14.269401070544754],[-88.3631898645189,14.261795190164213],[-88.3600999756143,14.255615412355024],[-88.35867387304295,14.249197950783941],[-88.35629703542403,14.243255856736644],[-88.354157881567,14.233035454975292],[-88.354157881567,14.225667258356642],[-88.35344483028133,14.216397591642858],[-88.35273177899565,14.211881600166912],[-88.35273177899565,14.199522044548537],[-88.35273177899565,14.193817634263132],[-88.35083030890051,14.189301642787186],[-88.35035494137672,14.182884181216103],[-88.34821578751969,14.179318924787726],[-88.35154336018618,14.169573890550158],[-88.35011725761483,14.163631796502859],[-88.35154336018618,14.156976651169886],[-88.35201872770998,14.15127224088448]]}},{"type":"Feature","properties":{"accuracy":"100000","average_dip":"(50,40,70)","catalog_id":"CA_53.0","catalog_name":"GEM_Central_Am_Carib","dip_dir":"W","downthrown_side_dir":"W","epistemic_quality":"2","exposure_quality":"2","fs_name":"Santa Barbara Graben","name":"Santa Barbara Fault","shortening_rate":"None","slip_type":"Normal"},"geometry":{"type":"LineString","coordinates":[[-88.18896766705205,14.98696834769642],[-88.18896766705205,14.97460879207804],[-88.18611546190935,14.958446296269392],[-88.18136178667152,14.949889680841283],[-88.17660811143368,14.938480860270472],[-88.17185443619584,14.92707203969966],[-88.16615002591044,14.91090954389101],[-88.16615002591044,14.899500723320198],[-88.15759341048232,14.882387492463982],[-88.15188900019692,14.869077201798035],[-88.14143091467368,14.847210295703979],[-88.12812062400774,14.833900005038032],[-88.11766253848448,14.822491184467221],[-88.11290886324664,14.810131628848842],[-88.10340151277097,14.790166192849922],[-88.09864783753314,14.77115149189857],[-88.096746367438,14.758791936280192],[-88.0881897520099,14.747383115709379],[-88.08058387162934,14.737875765233703],[-88.07583019639151,14.719811799329918],[-88.07107652115367,14.702698568473702],[-88.0701257861061,14.692240482950456],[-88.06537211086827,14.680831662379646],[-88.05966770058286,14.670373576856402],[-88.0530125552499,14.642802260476941],[-88.05016035010719,14.624738294573156],[-88.04635740991692,14.609526533812074],[-88.04540667486935,14.596216243146127],[-88.03875152953637,14.58290595248018],[-88.03019491410826,14.568644926766666],[-88.02068756363259,14.555334636100719],[-88.01118021315692,14.54677802067261],[-88.0054758028715,14.540122875339637],[-87.9969191874434,14.531566259911529],[-87.98836257201529,14.521108174388285],[-87.98075669163475,14.510650088865042],[-87.97505228134935,14.501142738389365],[-87.97124934115908,14.489733917818553],[-87.96364346077854,14.478562781009636],[-87.956037580398,14.469530798057743],[-87.94795633249367,14.457171242439363],[-87.9441533923034,14.44932767829693],[-87.93417067430394,14.443385584249633],[-87.92894163154232,14.437205806440444],[-87.92276185373314,14.42793613972666],[-87.91729512720961,14.42056794310801],[-87.91159071692421,14.415338900346388],[-87.8978050587345,14.40773301996585],[-87.89257601597288,14.39917640453774],[-87.88544550311613,14.389669054062065],[-87.8773642552118,14.384440011300443],[-87.87356131502153,14.378260233491254],[-87.87261057997397,14.36399920777774],[-87.86975837483126,14.351164284635576],[-87.86167712692693,14.343083036731251],[-87.84884220378477,14.334051053779358],[-87.8421870584518,14.323592968256115],[-87.83125360540477,14.311233412637735]]}},{"type":"Feature","properties":{"accuracy":"100000","average_dip":"(50,40,70)","catalog_id":"CA_54.0","catalog_name":"GEM_Central_Am_Carib","dip_dir":"E","downthrown_side_dir":"E","epistemic_quality":"2","exposure_quality":"2","fs_name":"Santa Barbara Graben","name":"Masaguara Fault","shortening_rate":"None","slip_type":"Normal"},"geometry":{"type":"LineString","coordinates":[[-88.31612847966424,14.794682184325875],[-88.305670394141,14.783273363755063],[-88.29426157357018,14.773766013279387],[-88.28760642823721,14.767110867946414],[-88.28000054785667,14.757603517470738],[-88.26954246233343,14.750948372137763],[-88.26288731700045,14.743342491757224],[-88.25528143661991,14.734785876329115],[-88.2495770263345,14.726229260901006],[-88.2381682057637,14.714820440330195],[-88.2324637954783,14.70816529499722],[-88.22295644500261,14.693904269283706],[-88.21820276976477,14.686298388903165],[-88.2058432141464,14.665382217856678],[-88.19823733376586,14.657776337476136],[-88.18682851319504,14.643515311762622],[-88.17256748748153,14.629254286049107],[-88.16401087205342,14.618796200525864],[-88.14784837624477,14.602633704717215],[-88.13263661548369,14.590274149098835],[-88.12027705986532,14.549392542053427],[-88.10506529910423,14.533230046244778],[-88.10126235891396,14.520870490626399],[-88.09745941872369,14.506609464912884],[-88.09270574348585,14.49234843919937],[-88.07844471777233,14.465727857867478],[-88.06513442710639,14.449565362058827],[-88.05752854672585,14.435304336345313],[-88.05087340139288,14.422944780726933],[-88.02615429015611,14.40393007977558],[-88.01664693968044,14.3887183190145],[-88.00523811910963,14.376358763396121],[-87.99668150368151,14.36019626758747],[-87.99287856349125,14.34878744701666],[-87.98622341815827,14.333575686255578],[-87.98051900787287,14.320740763113408],[-87.97814217025396,14.310282677590164]]}},{"type":"Feature","properties":{"accuracy":"100000","average_dip":"(50,40,70)","catalog_id":"CA_55.0","catalog_name":"GEM_Central_Am_Carib","dip_dir":"E","downthrown_side_dir":"E","epistemic_quality":"2","exposure_quality":"2","fs_name":"Santa Barbara Graben","name":"Marcala Fault","shortening_rate":"None","slip_type":"Normal"},"geometry":{"type":"LineString","coordinates":[[-88.0432675210123,14.313610250256653],[-88.04184141844094,14.304102899780977],[-88.04231678596473,14.297447754448003],[-88.04231678596473,14.288891139019896],[-88.04136605091716,14.276056215877732],[-88.03851384577446,14.265122762830703],[-88.03661237567931,14.253713942259893],[-88.03803847825067,14.245632694355567],[-88.03803847825067,14.238977549022595],[-88.0370877432031,14.225191890832864],[-88.03946458082203,14.216635275404755],[-88.03946458082203,14.21093086511935],[-88.0375631107269,14.204275719786377],[-88.0375631107269,14.199522044548539],[-88.03851384577446,14.192391531691781],[-88.03661237567931,14.185736386358808],[-88.03661237567931,14.1771797709307],[-88.0399399483458,14.168147787978807],[-88.0404153158696,14.161017275122049],[-88.03946458082203,14.154362129789076]]}},{"type":"Feature","properties":{"accuracy":"100000","average_dip":"(90,,)","catalog_id":"CA_56.0","catalog_name":"GEM_Central_Am_Carib","epistemic_quality":"1","exposure_quality":"2","fs_name":"Motagua Fault Zone","name":"Western Motagua Fault","shortening_rate":"(2,0,5)","slip_type":"Sinistral"},"geometry":{"type":"LineString","coordinates":[[-90.8828754243347,14.889042637796937],[-90.86195925328822,14.887141167701802],[-90.85007506519362,14.885239697606668],[-90.82630668900443,14.880010654845044],[-90.81965154367145,14.878584552273693],[-90.80634125300551,14.876207714654775],[-90.79445706491092,14.873830877035855],[-90.77781920157848,14.870978671893154],[-90.76308280834118,14.869552569321801],[-90.75024788519902,14.866224996655315],[-90.73883906462821,14.863848159036396],[-90.72838097910497,14.860520586369908],[-90.70794017558227,14.857668381227207],[-90.6894008421547,14.853865441036936],[-90.67513981644117,14.850062500846665],[-90.6599280556801,14.847685663227747],[-90.6394872521574,14.845308825608827]]}},{"type":"Feature","properties":{"accuracy":"100000","average_dip":"(15,10,35)","catalog_id":"CA_57.0","catalog_name":"GEM_Central_Am_Carib","dip_dir":"SW","downthrown_side_dir":"NE","epistemic_quality":"2","exposure_quality":"2","fs_name":"Chiapas Fold Belt","name":"Velasco Suarez Thrust","shortening_rate":"(0.2,0.,0.5)","slip_type":"Reverse"},"geometry":{"type":"LineString","coordinates":[[-91.89873582266067,17.227375487289507],[-91.84359318990174,17.221671077004103],[-91.80556378799903,17.21406519662356],[-91.7656329160012,17.200754905957616],[-91.73520939447903,17.189346085386802],[-91.706687343052,17.187444615291668],[-91.67246088133957,17.17793726481599],[-91.62302265886605,17.16272550405491],[-91.5983035476293,17.14180933300842],[-91.55647120553631,17.10758287129599],[-91.5127373933482,17.077159349773822],[-91.48611681201632,17.056243178727335],[-91.44048152973306,17.016312306729496],[-91.41576241849631,16.98208584501706],[-91.37773301659361,16.94595791320949],[-91.34921096516658,16.911731451497058],[-91.32449185392981,16.89461822064084],[-91.28836392212224,16.862293229023543],[-91.24653158002927,16.8223623570257],[-91.22181246879252,16.772924134552184],[-91.19709335755576,16.73109179245921],[-91.17047277622386,16.704471211127316],[-91.14385219489196,16.69496386065164],[-91.12103455375035,16.664540339129477],[-91.10392132289412,16.628412407321907],[-91.08110368175251,16.588481535324064],[-91.0753992714671,16.540944782945683],[-91.06208898080115,16.49911244085271]]}},{"type":"Feature","properties":{"accuracy":"100000","average_dip":"(15,10,35)","catalog_id":"CA_58.0","catalog_name":"GEM_Central_Am_Carib","dip_dir":"SW","downthrown_side_dir":"NE","epistemic_quality":"2","exposure_quality":"2","fs_name":"Chiapas Fold Belt","name":"Chancala Thrust","shortening_rate":"(0.2,0.,0.5)","slip_type":"Reverse"},"geometry":{"type":"LineString","coordinates":[[-91.87972112170927,17.39422948813764],[-91.82457848895035,17.384722137661964],[-91.79795790761845,17.36570743671061],[-91.77704173657197,17.34479126566412],[-91.74471674495467,17.32957950490304],[-91.7028844028617,17.30866333385655],[-91.68957411219574,17.28584569271493],[-91.66105206076872,17.264929521668442],[-91.63633294953196,17.24971776090736],[-91.58879619715358,17.236407470241414],[-91.55647120553628,17.224998649670603],[-91.53935797468006,17.207885418814385],[-91.51083592325304,17.18506777767276],[-91.47470799144547,17.164151606626273],[-91.45379182039898,17.150841315960328],[-91.41956535868654,17.128023674818703],[-91.411959478306,17.10520603367708],[-91.39484624744978,17.078585452345187],[-91.36061978573736,17.055767811203566],[-91.34350655488113,17.04435899063275],[-91.32449185392979,17.023442819586265],[-91.30357568288329,16.9930192980641],[-91.28646245202708,16.97780753730302],[-91.27505363145626,16.96259577654194]]}},{"type":"Feature","properties":{"accuracy":"100000","average_dip":"(15,10,35)","catalog_id":"CA_59.0","catalog_name":"GEM_Central_Am_Carib","dip_dir":"SW","downthrown_side_dir":"NE","epistemic_quality":"2","exposure_quality":"2","fs_name":"Chiapas Fold Belt","name":"Sibal Thrust","shortening_rate":"(0.2,0.,0.5)","slip_type":"Reverse"},"geometry":{"type":"LineString","coordinates":[[-91.77038659123902,17.130875879961405],[-91.74471674495469,17.125171469675998],[-91.72380057390819,17.117565589295456],[-91.67626382152982,17.10140309348681],[-91.66675647105414,17.09664941824897],[-91.64584030000765,17.08809280282086],[-91.63348074438927,17.075733247202482],[-91.62207192381847,17.067176631774373],[-91.59354987239143,17.050063400918155],[-91.57168296629737,17.04055605044248],[-91.55171753029846,17.024393554633832],[-91.52794915410927,17.00442811863491],[-91.50418077792008,16.983511947588422],[-91.48326460687359,16.96449724663707],[-91.44903814516115,16.938827400352743],[-91.43002344420981,16.922664904544096],[-91.41386094840115,16.905551673687878],[-91.39959992268764,16.886536972736526],[-91.38058522173628,16.86847300683274],[-91.3596690506898,16.850409040928955],[-91.34350655488115,16.836148015215443],[-91.32354111888223,16.810478168931116],[-91.30452641793087,16.785759057694356],[-91.28836392212223,16.759138476362462],[-91.27220142631357,16.741074510458677],[-91.25508819545736,16.718256869317056],[-91.24843305012439,16.703995843603547],[-91.23702422955358,16.687833347794896],[-91.22466467393521,16.662163501510573]]}},{"type":"Feature","properties":{"accuracy":"100000","average_dip":"(15,10,35)","catalog_id":"CA_60.0","catalog_name":"GEM_Central_Am_Carib","dip_dir":"SW","downthrown_side_dir":"NE","epistemic_quality":"2","exposure_quality":"2","fs_name":"Chiapas Fold Belt","name":"Vallescondida Thrust","shortening_rate":"(0.2,0,0.5)","slip_type":"Reverse"},"geometry":{"type":"LineString","coordinates":[[-91.18853674212761,16.986839520254907],[-91.183307699366,16.975430699684097],[-91.17332498136653,16.9606943064468],[-91.16144079327194,16.951662323494908],[-91.14147535727302,16.93835203282896],[-91.13244337432113,16.924091007115447],[-91.1186577161314,16.909354613878147],[-91.10297058784653,16.89461822064085],[-91.09061103222815,16.876554254737066],[-91.07539927146706,16.854687348643008],[-91.06636728851518,16.836623382739223],[-91.05115552775409,16.8109535364549],[-91.04117280975463,16.795741775693816],[-91.03784523708815,16.781956117504087],[-91.02168274127949,16.76008921141003],[-91.01217539080382,16.745828185696517],[-90.99648826251895,16.723010544554892],[-90.97176915128219,16.67499842465273],[-90.95085298023571,16.637919757797594],[-90.93469048442705,16.610348441418132],[-90.92233092880868,16.57992491989597]]}},{"type":"Feature","properties":{"accuracy":"100000","average_dip":"(15,10,35)","catalog_id":"CA_61.0","catalog_name":"GEM_Central_Am_Carib","dip_dir":"SW","downthrown_side_dir":"NE","epistemic_quality":"2","exposure_quality":"2","fs_name":"Chiapas Fold belt","name":"Taniperlas Thrust","shortening_rate":"(0.2,0,0.5)","slip_type":"Reverse"},"geometry":{"type":"LineString","coordinates":[[-92.07176960131787,17.015361571681947],[-92.02613431903463,17.00965716139654],[-91.9976122676076,16.996346870730594],[-91.96338580589516,16.983036580064645],[-91.94246963484868,16.975430699684107],[-91.91204611332651,16.95831746882789],[-91.87591818151894,16.92979541740086],[-91.83408583942597,16.9050763061641],[-91.792253497333,16.891766015498156],[-91.7333079243838,16.887963075307884],[-91.66295353086379,16.891766015498156],[-91.64203735981731,16.878455724832207],[-91.60781089810487,16.88225866502248],[-91.58879619715351,16.865145434166262],[-91.57548590648757,16.844229263119775],[-91.56217561582162,16.827116032263557],[-91.5450623849654,16.80619986121707],[-91.50988518820542,16.78813589531328],[-91.49372269239676,16.780530014932744],[-91.4632991708746,16.764367519124093],[-91.45569329049405,16.75771237379112],[-91.44428446992325,16.747254288267875],[-91.42907270916217,16.73679620274463],[-91.41766388859135,16.730141057411657],[-91.40625506802054,16.72158444198355],[-91.39959992268757,16.708274151317603],[-91.38914183716433,16.694013125604087],[-91.37583154649838,16.674998424652735],[-91.3606197857373,16.659786663891655],[-91.35111243526163,16.639821227892735],[-91.34730949507134,16.624609467131652],[-91.34730949507134,16.607496236275434]]}},{"type":"Feature","properties":{"accuracy":"100000","average_dip":"(50,40,70)","catalog_id":"CA_62.0","catalog_name":"GEM_Central_Am_Carib","dip_dir":"E","downthrown_side_dir":"E","epistemic_quality":"1","exposure_quality":"2","fs_name":"San Pedro Sula Graben","name":"Choloma Fault","reference":"Rogers and Mann, 2007","shortening_rate":"(1.,0.,2.)","slip_type":"Normal"},"geometry":{"type":"LineString","coordinates":[[-87.85528232957704,15.771910544902985],[-87.86206145014033,15.763567011902],[-87.86779762907851,15.758352303776386],[-87.87509822045438,15.751573183213084],[-87.88396322426792,15.747401416712593],[-87.8923067572689,15.742186708586978],[-87.89752146539452,15.734886117211115],[-87.89960734864476,15.730714350710624],[-87.90795088164575,15.725499642585008],[-87.91420853139648,15.719763463646832],[-87.92307353521004,15.714027284708655],[-87.92724530171053,15.710376989020723],[-87.9303741265859,15.705162280895108],[-87.93402442227382,15.701511985207176],[-87.93663177633664,15.6889966857057],[-87.94028207202457,15.680131681892155],[-87.94549678015018,15.670223736453485],[-87.94601825096274,15.663966086702747],[-87.94966854665067,15.656144024514322],[-87.9507114882758,15.648843433138461],[-87.95279737152605,15.640499900137478],[-87.95384031315116,15.635806662824423],[-87.9533188423386,15.62850607144856],[-87.95123295908836,15.623812834135508]]}},{"type":"Feature","properties":{"accuracy":"100000","average_dip":"(50,40,70)","catalog_id":"CA_63.0","catalog_name":"GEM_Central_Am_Carib","dip_dir":"E","downthrown_side_dir":"E","epistemic_quality":"1","exposure_quality":"2","fs_name":"San Pedro Sula Graben","name":"San Pedro Sula Fault","reference":"Rogers and Mann, 2007","shortening_rate":"(1,0,2)","slip_type":"Normal"},"geometry":{"type":"LineString","coordinates":[[-87.9929506240933,15.655101082889196],[-87.99712239059379,15.650929316388703],[-88.00181562790685,15.645714608263088],[-88.00598739440734,15.63945695851235],[-88.01224504415808,15.633720779574173],[-88.01485239822088,15.62954901307368],[-88.02111004797162,15.621726950885257],[-88.02319593122188,15.619119596822449],[-88.024238872847,15.61546930113452],[-88.02476034365955,15.610776063821465],[-88.02580328528468,15.607647238946095],[-88.02841063934748,15.602954001633043],[-88.02945358097261,15.59878223513255],[-88.03049652259773,15.594610468632057],[-88.03466828909822,15.589395760506441],[-88.03727564316104,15.586788406443635],[-88.03831858478615,15.584702523193387],[-88.03831858478615,15.576358990192404],[-88.03831858478615,15.568015457191418],[-88.03936152641128,15.563843690690927],[-88.03936152641128,15.558628982565311],[-88.03884005559871,15.552892803627135],[-88.03988299722384,15.54507074143871],[-88.04144740966153,15.539856033313095],[-88.04718358859971,15.532555441937234],[-88.05083388428763,15.529948087874427],[-88.0513553551002,15.518475729998073],[-88.05239829672531,15.506481901309156],[-88.05187682591276,15.502831605621227],[-88.04874800103738,15.495531014245364],[-88.04614064697458,15.488230422869503],[-88.04405476372433,15.484580127181571],[-88.04249035128665,15.48040836068108],[-88.03988299722384,15.47727953580571],[-88.03675417234847,15.471021886054972],[-88.03571123072335,15.468936002804726],[-88.02736769772237,15.455117026271848],[-88.0226744604093,15.448077170302268],[-88.02293519581559,15.444166139208056],[-88.02189225419048,15.439994372707563],[-88.02032784175279,15.435301135394509],[-88.02084931256535,15.42878275023749],[-88.01902416472139,15.424610983736997],[-88.01772048768997,15.419135540205103],[-88.01667754606486,15.414442302892049],[-88.01693828147114,15.409749065578994],[-88.01459166281461,15.405838034484782],[-88.01172357334552,15.399841120140325],[-88.00703033603247,15.39775523689008],[-88.00233709871941,15.399058913921483],[-87.99946900925032,15.396973030671237],[-87.99634018437496,15.390193910107936],[-87.99138621165562,15.379503758450424],[-87.98956106381165,15.373506844105966],[-87.98565003271744,15.365945517323825],[-87.98643223893629,15.360209338385648],[-87.9887788575928,15.352908747009787],[-87.98903959299909,15.346129626446487],[-87.98930032840538,15.341175653727152],[-87.9929506240933,15.334657268570131],[-87.99738312600007,15.32735667719427],[-87.9997297446566,15.32031682122469],[-87.99634018437497,15.316145054724199],[-87.99738312600009,15.308844463348336],[-88.00181562790686,15.30362975522272],[-88.00755180684504,15.300240194941072],[-88.0135487211895,15.293200338971491],[-88.01407019200207,15.287985630845876],[-88.0135487211895,15.280685039470013],[-88.01120210253298,15.275209595938117],[-88.0148523982209,15.268430475374817],[-88.01615607525231,15.258522529936148],[-88.01772048768999,15.24574649502839],[-88.02215298959676,15.240010316090213],[-88.0258032852847,15.237402962027407],[-88.02919284556633,15.231145312276663],[-88.03075725800402,15.225409133338486]]}},{"type":"Feature","properties":{"accuracy":"100000","average_dip":"(50,40,70)","catalog_id":"CA_64.0","catalog_name":"GEM_Central_Am_Carib","dip_dir":"W","downthrown_side_dir":"W","epistemic_quality":"1","exposure_quality":"2","fs_name":"San Pedro Sula Graben","name":"Mezapa Fault","reference":"Rogers and Mann, 2007","shortening_rate":"(0.5, 0., 2)","slip_type":"Normal"},"geometry":{"type":"LineString","coordinates":[[-87.71135638531003,15.697861689519243],[-87.7035343231216,15.688214479486856],[-87.698319614996,15.684042712986363],[-87.69310490687037,15.679088740267028],[-87.6886724049636,15.674395502953974],[-87.68684725711964,15.671266678078606],[-87.68137181358775,15.663705351296464],[-87.68032887196262,15.659533584795971],[-87.67667857627468,15.656665495326882],[-87.67354975139932,15.654840347482917],[-87.6696387203051,15.651711522607547],[-87.66650989542974,15.64597534366937],[-87.66390254136692,15.64180357716888],[-87.66051298108528,15.637631810668386],[-87.65947003946016,15.636328133636983],[-87.65790562702247,15.630852690105087],[-87.65686268539734,15.623552098729224],[-87.65568937606908,15.620684009260131],[-87.65490716985023,15.615078198025099],[-87.65542864066279,15.61142790233717],[-87.6551679052565,15.607256135836677],[-87.65464643444395,15.602562898523622],[-87.65490716985023,15.599955544460816],[-87.6551679052565,15.597869661210568],[-87.65751452391304,15.595523042554042],[-87.6580359947256,15.593176423897514],[-87.6580359947256,15.588743921990742],[-87.6580359947256,15.58457215549025],[-87.65777525931931,15.58144333061488],[-87.6564715822879,15.576228622489264],[-87.65621084688163,15.572317591395054],[-87.65438569903766,15.564234793800349],[-87.65308202200626,15.561627439737542],[-87.65047466794346,15.557194937830769],[-87.64917099091205,15.551719494298872],[-87.64499922441156,15.546504786173257],[-87.64291334116132,15.541811548860203],[-87.6390023100671,15.535814634515745]]}},{"type":"Feature","properties":{"accuracy":"100000","average_dip":"(50,40,70)","catalog_id":"CA_65.0","catalog_name":"GEM_Central_Am_Carib","dip_dir":"W","downthrown_side_dir":"W","epistemic_quality":"1","exposure_quality":"2","fs_name":"San Pedro Sula Graben","name":"Pajuiles Fault","reference":"Rogers and Mann, 2007","shortening_rate":"(0.5,0.,1.)","slip_type":"Normal"},"geometry":{"type":"LineString","coordinates":[[-87.60302082400037,15.638283649184087],[-87.60145641156268,15.633068941058472],[-87.60171714696897,15.625768349682613],[-87.60197788237525,15.621075112369558],[-87.60223861778152,15.616903345869066],[-87.60302082400037,15.610645696118327],[-87.60432450103178,15.605430987992712],[-87.6053674426569,15.59760892580429],[-87.60588891346946,15.592394217678674],[-87.60745332590714,15.585093626302813],[-87.60823553212599,15.579878918177197],[-87.60953920915739,15.575185680864143],[-87.61084288618879,15.57075317895737],[-87.61240729862648,15.567363618675719],[-87.6176220067521,15.561888175143823],[-87.62075083162746,15.557455673237051],[-87.62466186272168,15.550155081861188],[-87.62779068759704,15.544418902923011],[-87.6324839249101,15.538682723984834],[-87.63978451628596,15.534250222078061],[-87.64578143063042,15.528514043139884],[-87.6502139325372,15.524863747451954],[-87.65568937606909,15.519388303920058],[-87.66377217366379,15.515477272825846],[-87.6692476171957,15.512609183356759],[-87.67550526694643,15.510784035512792]]}},{"type":"Feature","properties":{"accuracy":"100000","average_dip":"(50,40,70)","catalog_id":"CA_66.0","catalog_name":"GEM_Central_Am_Carib","dip_dir":"W","downthrown_side_dir":"W","epistemic_quality":"1","exposure_quality":"2","fs_name":"San Pedro Sula Graben","name":"El Progreso Fault","reference":"Rogers and Mann, 2007","shortening_rate":"(1.,0.,2.)","slip_type":"Normal"},"geometry":{"type":"LineString","coordinates":[[-87.7638945696756,15.478192109727692],[-87.76754486536353,15.471412989164392],[-87.7691092778012,15.465155339413657],[-87.77067369023888,15.459940631288042],[-87.77119516105145,15.455768864787549],[-87.7719773672703,15.451597098287058],[-87.7732810443017,15.447946802599127],[-87.77406325052054,15.444296506911195],[-87.77536692755194,15.440124740410704],[-87.7758883983645,15.435952973910211],[-87.77640986917706,15.432041942816],[-87.77693133998963,15.427609440909226],[-87.77771354620846,15.424480616033858],[-87.77875648783359,15.42213399737733],[-87.77875648783359,15.419787378720804],[-87.7771920753959,15.41509414140775],[-87.77667060458334,15.4117045811261],[-87.77979942945872,15.405707666781641],[-87.78110310649012,15.40153590028115],[-87.78162457730268,15.397364133780657],[-87.78240678352152,15.394235308905287],[-87.78397119595921,15.389281336185954],[-87.78710002083457,15.385891775904303],[-87.78866443327226,15.383284421841495],[-87.7881429624597,15.374158682621669],[-87.78970737489739,15.368161768277211],[-87.79048958111622,15.36477220799556],[-87.794922083023,15.360600441495068],[-87.79987605574233,15.355124997963172],[-87.79987605574233,15.349910289837558],[-87.80222267439886,15.345477787930784],[-87.80483002846167,15.338046828851777],[-87.80795885333704,15.328660354225669],[-87.81317356146266,15.323967116912614],[-87.81838826958827,15.317187996349315],[-87.82568886096414,15.310930346598576],[-87.82933915665207,15.303629755222715],[-87.83116430449603,15.295416589924875],[-87.83351092315256,15.288115998549012],[-87.83507533559025,15.280033200954309],[-87.83742195424676,15.274297022016132],[-87.8397685729033,15.266996430640269],[-87.84029004371585,15.2638676057649],[-87.84341886859123,15.259956574670689],[-87.84420107481007,15.257349220607882],[-87.84576548724776,15.253177454107389],[-87.84915504752941,15.24665906895037],[-87.8494157829357,15.241965831637316],[-87.84967651834198,15.237533329730542],[-87.84915504752941,15.232840092417488],[-87.84915504752941,15.226060971854189],[-87.84889431212314,15.220585528322292],[-87.84680842887288,15.211199053696186],[-87.84993725374824,15.201030372851235],[-87.85202313699848,15.19242610444397],[-87.85541269728013,15.181214481973896],[-87.86036666999946,15.167656240847297],[-87.86062740540575,15.1621807973154],[-87.86453843649996,15.154619470533259],[-87.86897093840673,15.147840349969957],[-87.87183902787582,15.138714610750132],[-87.87601079437631,15.127502988280058],[-87.87731447140771,15.117073572028827],[-87.87913961925169,15.109512245246686],[-87.88278991493962,15.10169018305826],[-87.8843543273773,15.093607385463555],[-87.88487579818987,15.084481646243729],[-87.88591873981498,15.076398848649024],[-87.88956903550292,15.065447961585232],[-87.89295859578456,15.056843693177967],[-87.89426227281596,15.05110751423979],[-87.89608742065994,15.04432839367649],[-87.89869477472274,15.03807074392575],[-87.90182359959812,15.034420448237821],[-87.90625610150488,15.022165884142623],[-87.90938492638026,15.014604557360482],[-87.91094933881794,15.004957347328093],[-87.91225301584934,14.995831608108267],[-87.91068860341166,14.98670586888844],[-87.91173154503679,14.978883806700017],[-87.91564257613099,14.970801009105312],[-87.91746772397495,14.965325565573416]]}},{"type":"Feature","properties":{"accuracy":"100000","average_dip":"(50,40,70)","catalog_id":"CA_67.0","catalog_name":"GEM_Central_Am_Carib","dip_dir":"W","downthrown_side_dir":"W","epistemic_quality":"2","exposure_quality":"2","fs_name":"El Negrito Graben","name":"El Negrito Fault","reference":"Rogers and Mann, 2007","shortening_rate":"(0.2,0.,0.5)","slip_type":"Normal"},"geometry":{"type":"LineString","coordinates":[[-87.65399459592824,15.38432736346661],[-87.651908712678,15.375462359653064],[-87.64877988780262,15.365554414214396],[-87.64565106292726,15.359818235276219],[-87.64460812130213,15.352517643900356],[-87.64408665048957,15.345738523337056],[-87.64512959211469,15.341566756836563],[-87.6477369461775,15.335830577898387],[-87.6503443002403,15.332701753023018],[-87.65138724186544,15.328529986522526],[-87.65295165430311,15.324358220022033],[-87.651908712678,15.319664982708979],[-87.65295165430311,15.312885862145679],[-87.65660194999104,15.30923556645775],[-87.65868783324129,15.305585270769818],[-87.66233812892922,15.297241737768832],[-87.66338107055435,15.28941967558041],[-87.66338107055435,15.284726438267356],[-87.66285959974178,15.276382905266372],[-87.66285959974178,15.267517901452825],[-87.66390254136691,15.260217310076964],[-87.66442401217947,15.25239524788854],[-87.66755283705484,15.244573185700117],[-87.66963872030509,15.236751123511695],[-87.6748534284307,15.226321707260464],[-87.681632548994,15.216935232634356],[-87.69258343605779,15.210677582883617],[-87.70092696905877,15.203376991507756],[-87.71187785612257,15.196076400131894],[-87.72074285993611,15.185125513068101],[-87.72700050968685,15.180432275755049]]}},{"type":"Feature","properties":{"accuracy":"100000","average_dip":"(50,40,70)","catalog_id":"CA_68.0","catalog_name":"GEM_Central_Am_Carib","dip_dir":"W","downthrown_side_dir":"W","epistemic_quality":"2","exposure_quality":"2","fs_name":"Morazon Graben","name":"Portillo de Gonzalez Fault","reference":"Rogers and Mann, 2007","shortening_rate":"(0.2,0.,0.5)","slip_type":"Normal"},"geometry":{"type":"LineString","coordinates":[[-87.51267600572406,15.354603527150603],[-87.5189336554748,15.342609698461686],[-87.52362689278785,15.33322322383558],[-87.53144895497627,15.322793807584349],[-87.5392710171647,15.317057628646172],[-87.54709307935312,15.311842920520556],[-87.55856543722948,15.308192624832625],[-87.56586602860534,15.301413504269325],[-87.57108073673095,15.291505558830655],[-87.57681691566913,15.27951173014174],[-87.58776780273293,15.270125255515634],[-87.59193956923342,15.261781722514648],[-87.6070622227977,15.253438189513664],[-87.61227693092331,15.247180539762924],[-87.62792105530016,15.22840759051071],[-87.62896399692528,15.220064057509726],[-87.63209282180065,15.210156112071056],[-87.63522164667602,15.202334049882632],[-87.63939341317652,15.192947575256525],[-87.6409578256142,15.182518159005294],[-87.64304370886444,15.176260509254556]]}},{"type":"Feature","properties":{"accuracy":"100000","average_dip":"(60,40,70)","catalog_id":"CA_69.0","catalog_name":"GEM_Central_Am_Carib","dip_dir":"W","downthrown_side_dir":"W","epistemic_quality":"2","exposure_quality":"2","fs_name":"San Pedro Sula Graben","name":"Yojoa Fault","reference":"Rogers and Mann, 2007","shortening_rate":"(0.1.,0.,0.5)","slip_type":"Normal"},"geometry":{"type":"LineString","coordinates":[[-88.02906247786312,14.881629500157285],[-88.03245203814477,14.87667552743795],[-88.03662380464526,14.871721554718615],[-88.03923115870806,14.866246111186719],[-88.04027410033319,14.863899492530193],[-88.04314218980228,14.857641842779454],[-88.04653175008393,14.851384193028714],[-88.04992131036558,14.845648014090537],[-88.0538323414598,14.838608158120957],[-88.05696116633516,14.831829037557657],[-88.0603507266168,14.827396535650884],[-88.06426175771102,14.820617415087584],[-88.07025867205547,14.814099029930565],[-88.07495190936854,14.80914505721123],[-88.07964514668159,14.805494761523299]]}},{"type":"Feature","properties":{"accuracy":"100000","activity_confidence":"1","average_dip":"(80,75,90)","catalog_id":"CA_70.0","catalog_name":"GEM_Central_Am_Carib","dip_dir":"S","epistemic_quality":"1","exposure_quality":"1","fs_name":"Tectapan Fault Zone","name":"Tenejapa Fault","net_slip_rate":"(1,0,2)","reference":"Witt et al., 2012; Meneses-Rocha 2001","slip_type":"Sinistral","strike_slip_rate":"None"},"geometry":{"type":"LineString","coordinates":[[-92.72089055513936,16.828178093258096],[-92.70175595803927,16.82304442086539],[-92.6858882433709,16.82304442086539],[-92.67795438603672,16.82164432839465],[-92.67095392368302,16.82164432839465],[-92.65928648642686,16.818844143453173],[-92.64435216673898,16.814643866040957],[-92.63595161191456,16.816977353492188],[-92.62661766210964,16.81791074847268],[-92.6182171072852,16.81791074847268],[-92.60934985497053,16.81651065600194],[-92.59674902273387,16.81651065600194],[-92.59208204783143,16.818377445962927],[-92.58554828296798,16.82071093341416],[-92.57201405575084,16.822111025884897],[-92.55941322351418,16.822111025884897],[-92.54541229880681,16.82444451333613],[-92.53607834900188,16.823977815845883],[-92.52067733182376,16.824911210826375],[-92.50854319707736,16.823511118355636],[-92.50527631464564,16.82304442086539],[-92.49687575982121,16.82444451333613],[-92.48800850750652,16.82444451333613],[-92.48240813762358,16.824911210826375],[-92.47587437276013,16.82444451333613],[-92.46560702797471,16.82304442086539],[-92.45673977566004,16.820244235923912],[-92.44367224593314,16.818377445962927],[-92.4310714136965,16.81791074847268],[-92.42453764883305,16.818377445962927],[-92.41333690906714,16.817444050982434],[-92.40493635424271,16.817444050982434],[-92.39886928686951,16.816977353492188],[-92.39046873204508,16.818377445962927],[-92.37926799227917,16.81791074847268],[-92.36480037008154,16.81557726102145],[-92.35453302529613,16.817444050982434],[-92.33773191564727,16.816043958511695],[-92.32933136082283,16.814177168550714],[-92.31859731854718,16.814177168550714],[-92.31159685619349,16.81557726102145],[-92.30086281391782,16.814643866040957]]}},{"type":"Feature","properties":{"accuracy":"100000","activity_confidence":"1","average_dip":"50,70,40)","average_rake":"(90,,)","catalog_id":"CA_71.0","catalog_name":"GEM_Central_Am_Carib","dip_dir":"E","downthrown_side_dir":"E","epistemic_quality":"2","exposure_quality":"2","name":"El Tigre Fault","reference":"Staller et al., 2016","shortening_rate":"None","slip_type":"Normal"},"geometry":{"type":"LineString","coordinates":[[-89.89777324255667,14.021980519536527],[-89.89703650169858,14.019033556104212],[-89.89458069883833,14.01387637009766],[-89.89458069883833,14.011666147523425],[-89.89752766227063,14.00798244323303],[-89.89850998341474,14.003807578370585],[-89.9036671694213,13.99693133036185],[-89.90636855256759,13.992756465499403],[-89.91226247943221,13.983915575202458],[-89.91570060343658,13.980968611770143],[-89.91987546829903,13.974583524333461],[-89.9206122091571,13.971145400329092],[-89.92085778944313,13.966970535466647],[-89.9223312711593,13.961322188888042],[-89.92208569087326,13.955182681737385],[-89.9242959134475,13.952726878877124]]}},{"type":"Feature","properties":{"accuracy":"100000","activity_confidence":"1","average_dip":"(50,40,70)","average_rake":"(90,,)","catalog_id":"CA_72.0","catalog_name":"GEM_Central_Am_Carib","dip_dir":"E","downthrown_side_dir":"E","epistemic_quality":"2","exposure_quality":"2","name":"Las Chinamas Fault","reference":"Staller et al.., 2016","shortening_rate":"None","slip_type":"Normal"},"geometry":{"type":"LineString","coordinates":[[-89.8813193633929,14.023454001252686],[-89.88107378310687,14.018051234960108],[-89.88205610425098,14.01461311095574],[-89.88279284510907,14.012402888381503],[-89.88156494367892,14.008473603805083],[-89.8803370422488,14.004789899514689],[-89.88082820282085,13.999141552936086],[-89.88451190711125,13.994966688073639],[-89.88696770997151,13.992510885213377],[-89.88942351283177,13.987353699206826],[-89.89138815511998,13.983915575202458],[-89.89482627912435,13.979249549767959],[-89.89728208198461,13.975565845477565],[-89.90047462570296,13.972127721473198],[-89.90243926799116,13.970163079184987]]}},{"type":"Feature","properties":{"accuracy":"100000","activity_confidence":"1","average_dip":"(50,40,70)","average_rake":"(90,,)","catalog_id":"CA_73.0","catalog_name":"GEM_Central_Am_Carib","dip_dir":"E","downthrown_side_dir":"E","epistemic_quality":"2","exposure_quality":"2","name":"Palo Pique Fault","reference":"Staller et al., 2016","shortening_rate":"None","slip_type":"Normal"},"geometry":{"type":"LineString","coordinates":[[-89.89565511258968,13.896059227876563],[-89.89590069287571,13.901216413883114],[-89.89467279144557,13.903917797029402],[-89.89467279144557,13.907355921033771],[-89.89614627316173,13.911530785896216],[-89.89614627316173,13.911530785896216],[-89.89786533516391,13.916687971902768],[-89.89712859430584,13.921353997337267],[-89.89909323659406,13.92503770162766],[-89.89884765630802,13.92847582563203],[-89.89614627316173,13.932896270780502],[-89.89295372944339,13.939281358217183],[-89.8902523462971,13.942228321649498],[-89.88779654343685,13.94542086536784],[-89.88460399971851,13.950578051374391],[-89.88165703628619,13.956471978239021],[-89.88141145600017,13.958927781099284],[-89.88067471514208,13.963102645961731],[-89.879937974284,13.968014251682256],[-89.8789556531399,13.970715634828546],[-89.87723659113772,13.973908178546885],[-89.87600868970759,13.975872820835097],[-89.8742896277054,13.978328623695358],[-89.87257056570321,13.980293265983569],[-89.86986918255693,13.982994649129857],[-89.86716779941064,13.98545045199012]]}},{"type":"Feature","properties":{"accuracy":"100000","activity_confidence":"1","average_dip":"(50,40,70)","average_rake":"(90,,)","catalog_id":"CA_74.0","catalog_name":"GEM_Central_Am_Carib","dip_dir":"E","downthrown_side_dir":"E","epistemic_quality":"2","exposure_quality":"2","name":"El Espino Fault","reference":"Staller et al., 2016","shortening_rate":"None","slip_type":"Normal"},"geometry":{"type":"LineString","coordinates":[[-89.85292414282111,14.006815936874405],[-89.85759016825561,13.999448528293616],[-89.86004597111588,13.991098798568723],[-89.85980039082985,13.981766747699726],[-89.85808132882767,13.977346302551254],[-89.85906364997177,13.971943536258676],[-89.86176503311806,13.962365905103653],[-89.86471199655037,13.958191040241205],[-89.86815012055474,13.953279434520681],[-89.87281614598925,13.946157606225919],[-89.87723659113772,13.937071135642947],[-89.87846449256784,13.932650690494475],[-89.87871007285388,13.926265603057793],[-89.87846449256784,13.914968909900585],[-89.87699101085168,13.90932056332198],[-89.87699101085168,13.904408957601456],[-89.87600868970759,13.899251771594905],[-89.87576310942156,13.8936034250163]]}},{"type":"Feature","properties":{"accuracy":"100000","activity_confidence":"1","average_dip":"(50,40,70)","average_rake":"(90,,)","catalog_id":"CA_75.0","catalog_name":"GEM_Central_Am_Carib","dip_dir":"E","downthrown_side_dir":"E","epistemic_quality":"2","exposure_quality":"2","name":"Ahuachapan Fault","reference":"Staller et al., 2016","shortening_rate":"None","slip_type":"Normal"},"geometry":{"type":"LineString","coordinates":[[-89.82517357050016,14.007798258018509],[-89.82615589164425,13.998957367721564],[-89.82640147193028,13.991589959140777],[-89.82885727479054,13.985204871704093],[-89.83106749736478,13.980784426555621],[-89.83327771993902,13.974644919404964],[-89.83794374537351,13.968259831968282],[-89.84089070880583,13.96506728824994],[-89.84408325252417,13.95991010224339],[-89.84555673424033,13.953279434520681],[-89.84776695681457,13.947876668228103],[-89.85022275967482,13.945175285081813],[-89.85316972310714,13.941246000505394],[-89.85587110625343,13.936334394784868],[-89.85881806968574,13.931422789064344],[-89.86299293454819,13.926265603057793],[-89.86815012055474,13.920862836765215],[-89.870605923415,13.918652614190979],[-89.87257056570321,13.914477749328531],[-89.87355288684732,13.90809266189185],[-89.87306172627527,13.905145698459535],[-89.87281614598925,13.900725253311062],[-89.87306172627527,13.8982694504508]]}},{"type":"Feature","properties":{"accuracy":"100000","activity_confidence":"1","average_dip":"(50,40,70)","average_rake":"(90,,)","catalog_id":"CA_76.0","catalog_name":"GEM_Central_Am_Carib","dip_dir":"E","downthrown_side_dir":"E","epistemic_quality":"2","exposure_quality":"2","name":"Ashapuco Fault","reference":"Staller et al., 2016","shortening_rate":"None","slip_type":"Normal"},"geometry":{"type":"LineString","coordinates":[[-89.84874927795863,13.912021946468267],[-89.84015396794771,13.921108417051238],[-89.83352330022501,13.930931628492289],[-89.83057633679269,13.935106493354736],[-89.82664705221627,13.94198274136347],[-89.82320892821191,13.950086890802337],[-89.82247218735382,13.958682200813255],[-89.82247218735382,13.962365905103649],[-89.82075312535164,13.97022447425649],[-89.81780616191934,13.9721891165447],[-89.8175605816333,13.975627240549068],[-89.81682384077523,13.979556525125487],[-89.8175605816333,13.986187192848197],[-89.814613618201,13.991098798568721],[-89.81363129705689,13.999694108579641],[-89.81338571677085,14.005833615730296],[-89.81338571677085,14.00755267773248],[-89.8119122350547,14.010745221450822],[-89.81019317305251,14.014674506027243],[-89.8092108519084,14.019094951175715]]}},{"type":"Feature","properties":{"accuracy":"100000","activity_confidence":"1","average_dip":"(90,70,90)","catalog_id":"CA_77.0","catalog_name":"GEM_Central_Am_Carib","epistemic_quality":"2","exposure_quality":"2","fs_name":"Jalpatagua Fault","name":"Barbarena Fault","slip_type":"Dextral"},"geometry":{"type":"LineString","coordinates":[[-90.4635595240252,14.34338371887337],[-90.452262830868,14.340682335727083],[-90.43900149542259,14.336507470864635],[-90.41395230624791,14.327912160853717],[-90.40560257652301,14.326193098851533],[-90.39504262422388,14.324719617135376],[-90.38620173392694,14.319316850842798],[-90.37048459562125,14.316369887410483],[-90.34813678959287,14.311703861975984],[-90.33585777529156,14.308511318257642],[-90.31645693269547,14.29819694624454]]}},{"type":"Feature","properties":{"accuracy":"100000","activity_confidence":"1","average_dip":"(90,70,90)","catalog_id":"CA_78.0","catalog_name":"GEM_Central_Am_Carib","dip_dir":"S","downthrown_side_dir":"S","epistemic_quality":"1","exposure_quality":"2","fs_name":"Jalpatagua Fault","name":"Jalpatagua Fault","slip_type":"Dextral"},"geometry":{"type":"LineString","coordinates":[[-90.30687930154045,14.274130078213965],[-90.29189890409285,14.27118311478165],[-90.27004225863651,14.26528918791702],[-90.25457070061687,14.261114323054574],[-90.23197731430244,14.25472923561789],[-90.21871597885703,14.24883530875326],[-90.19587701225659,14.240239998742341],[-90.17181014422601,14.230416787301293],[-90.14258609018889,14.217646612427927],[-90.13374519989195,14.21150710527727],[-90.11311645586574,14.196281127543642],[-90.0838924018286,14.183265372384252],[-90.07038548609717,14.177125865233595],[-90.05957995351201,14.171723098941017],[-90.04189817291812,14.161899887499967],[-90.01979594717577,14.152322256344943],[-90.00702577230237,14.143604156191008],[-89.9839412254159,14.132798623605852],[-89.97067988997048,14.119537288160435],[-89.96576828424996,14.111187558435542]]}},{"type":"Feature","properties":{"accuracy":"100000","activity_confidence":"1","average_dip":"(50,40,70)","catalog_id":"CA_79.0","catalog_name":"GEM_Central_Am_Carib","dip_dir":"E","downthrown_side_dir":"E","epistemic_quality":"2","exposure_quality":"2","fs_name":"Comayagua Graben","name":"La Paz Fault","reference":"Rogers and Mann, 2007","shortening_rate":"None","slip_type":"Normal"},"geometry":{"type":"LineString","coordinates":[[-87.70851708523952,14.48103146919106],[-87.7092538260976,14.47194499860809],[-87.70851708523952,14.467524553459617],[-87.70876266552555,14.463595268883196],[-87.7119552092439,14.456964601160488],[-87.71981377839673,14.445422327717253],[-87.72128726011289,14.432406572557863],[-87.72104167982687,14.425775904835152],[-87.722269581257,14.412268989103708],[-87.72546212497534,14.394832788795846],[-87.72104167982687,14.387465380215056],[-87.71711239525044,14.381817033636453],[-87.71318311067402,14.376168687057849],[-87.71170962895786,14.370029179907194],[-87.71146404867184,14.364135253042562],[-87.71072730781376,14.357259005033828],[-87.71146404867184,14.353329720457408],[-87.7082715049535,14.34915485559496],[-87.70434222037707,14.340559545584043],[-87.70237757808887,14.335402359577492],[-87.70016735551462,14.331964235573123],[-87.6989394540845,14.327789370710677],[-87.70274594851789,14.306915046398446],[-87.70421943023405,14.299302057531632],[-87.70716639366636,14.28898768551853],[-87.70692081338034,14.281374696651715],[-87.70814871481046,14.259518051195379],[-87.70544733166417,14.252150642614591],[-87.70348268937596,14.244783234033802],[-87.7029915288039,14.237415825453015],[-87.70397384994801,14.229557256300176]]}},{"type":"Feature","properties":{"accuracy":"100000","activity_confidence":"1","average_dip":"(50,40,70)","catalog_id":"CA_80.0","catalog_name":"GEM_Central_Am_Carib","dip_dir":"W","downthrown_side_dir":"W","epistemic_quality":"1","exposure_quality":"2","fs_name":"Comayagua Graben","name":"Comayagua Fault","reference":"Rogers and Mann, 2007","shortening_rate":"None","slip_type":"Normal"},"geometry":{"type":"LineString","coordinates":[[-87.54557456546107,14.371748241909378],[-87.54557456546107,14.357504585319855],[-87.54704804717723,14.35062833731112],[-87.54852152889339,14.343752089302384],[-87.54803036832134,14.339822804725964],[-87.54704804717724,14.336384680721597],[-87.54827594860737,14.331718655287098],[-87.54876710917942,14.327789370710677],[-87.55097733175366,14.321895443846048],[-87.55220523318378,14.319194060699758],[-87.55367871489995,14.313300133835128],[-87.55564335718816,14.303231342108052],[-87.55613451776021,14.29881089695958],[-87.55613451776021,14.295372772955211],[-87.55908148119252,14.289724426376608],[-87.56055496290868,14.285549561514161],[-87.5608005431947,14.277199831789268],[-87.55908148119252,14.271305904924638],[-87.56055496290868,14.260500372339484],[-87.56104612348074,14.256571087763064],[-87.5625196051969,14.252396222900616],[-87.56202844462484,14.248712518610223],[-87.56423866719908,14.239626048027251],[-87.5644842474851,14.233977701448648],[-87.5644842474851,14.229557256300176],[-87.56423866719908,14.226119132295807],[-87.56620330948728,14.21997962514515],[-87.56792237148947,14.21408569828052],[-87.57013259406371,14.20892851227397],[-87.57160607577985,14.198859720546892]]}},{"type":"Feature","properties":{"accuracy":"100000","average_dip":"(50,40,70)","catalog_id":"CA_81.0","catalog_name":"GEM_Central_Am_Carib","dip_dir":"W","downthrown_side_dir":"W","epistemic_quality":"2","exposure_quality":"2","fs_name":"Comayagua Graben","name":"Pie de la Cuesta Fault","shortening_rate":"None","slip_type":"Normal"},"geometry":{"type":"LineString","coordinates":[[-87.63803554314993,14.160794776212828],[-87.6377899628639,14.156619911350383],[-87.63607090086171,14.153181787346014],[-87.63386067828748,14.149006922483569],[-87.63165045571324,14.14360415619099],[-87.62968581342503,14.136727908182255],[-87.62894907256695,14.134272105321994],[-87.62870349228093,14.127150277027232],[-87.63042255428311,14.118800547302339],[-87.63263277685735,14.1109419781495],[-87.63361509800146,14.107258273859106],[-87.63557974028966,14.102837828710632],[-87.63705322200582,14.09522483984382],[-87.63852670372198,14.091541135553424],[-87.63926344458005,14.088839752407136],[-87.64196482772634,14.081226763540322],[-87.64122808686827,14.076315157819797],[-87.64024576572416,14.071403552099271],[-87.63901786429403,14.068456588666956],[-87.64000018543814,14.061825920944248],[-87.64491179115863,14.05494967293551],[-87.64663085316081,14.051511548931144],[-87.64761317430492,14.045249251637474],[-87.648349915163,14.039723695201882],[-87.64822712501999,14.02977769361782],[-87.64626248273177,14.025971199184413],[-87.63778996286386,14.016884728601438],[-87.63459741914552,14.011727542594887],[-87.63115929514116,14.00362339315602],[-87.62882628242393,13.998957367721527],[-87.62772117113681,13.993554601428949],[-87.62330072598834,13.988151835136371],[-87.62244119498725,13.978574203981347],[-87.62526536827654,13.972311906687677]]}},{"type":"Feature","properties":{"accuracy":"100000","average_dip":"(50,40,70)","catalog_id":"CA_82.0","catalog_name":"GEM_Central_Am_Carib","dip_dir":"W","downthrown_side_dir":"W","epistemic_quality":"2","exposure_quality":"2","name":"Valle Arriba Fault","shortening_rate":"None","slip_type":"Normal"},"geometry":{"type":"LineString","coordinates":[[-87.06982415635652,14.537883305406144],[-87.0678595140683,14.531252637683435],[-87.06073768577355,14.52707777282099],[-87.0575451420552,14.522657327672517],[-87.05386143776481,14.518236882524045],[-87.05337027719276,14.516026659949807],[-87.0528791166207,14.510869473943256],[-87.04845867147223,14.505221127364653],[-87.04281032489364,14.498344879355917],[-87.0396177811753,14.494661175065524],[-87.03838987974515,14.491714211633209],[-87.03888104031721,14.485820284768579],[-87.03986336146131,14.477716135329711],[-87.04133684317748,14.47526033246945],[-87.03937220088926,14.471822208465081],[-87.04010894174735,14.468138504174687],[-87.04109126289144,14.464945960456346],[-87.04281032489364,14.454631588443243],[-87.04354706575171,14.451439044724902],[-87.04428380660978,14.447755340434508],[-87.04428380660978,14.44038793185372],[-87.04330148546569,14.431055880984722],[-87.04281032489364,14.426144275264198],[-87.04035452203337,14.415338742679042],[-87.03814429945913,14.407971334098255],[-87.03765313888708,14.403305308663755],[-87.04060010231939,14.396674640941047],[-87.0415824234635,14.38734259007205],[-87.04231916432158,14.378010539203052],[-87.04281032489364,14.371379871480343],[-87.04133684317748,14.365485944615713],[-87.04060010231939,14.360574338895187],[-87.04109126289143,14.35253158452783],[-87.04305590517963,14.34540975623307],[-87.04305590517963,14.334113063075861],[-87.04158242346348,14.326745654495072],[-87.04281032489361,14.319623826200312],[-87.04158242346348,14.31446664019376]]}},{"type":"Feature","properties":{"accuracy":"100000","average_dip":"(50,40,70)","catalog_id":"CA_83.0","catalog_name":"GEM_Central_Am_Carib","dip_dir":"E","downthrown_side_dir":"E","epistemic_quality":"2","exposure_quality":"2","name":"Salalica Fault","reference":"Rogers and Mann, 2007","shortening_rate":"None","slip_type":"Normal"},"geometry":{"type":"LineString","coordinates":[[-87.0479061158285,14.004974084729165],[-87.05257214126298,14.000308059294667],[-87.05502794412325,13.995150873288114],[-87.05699258641147,13.989993687281563],[-87.05969396955776,13.980907216698592],[-87.0611674512739,13.975995610978067],[-87.06362325413417,13.96985610382741],[-87.06534231613635,13.962243114960597],[-87.06804369928264,13.959050571242255],[-87.07541110786343,13.951192002089416],[-87.07737575015165,13.948490618943126],[-87.08007713329793,13.941859951220417],[-87.08179619530011,13.937685086357972],[-87.08400641787435,13.932282320065394],[-87.08719896159269,13.929089776347052],[-87.08965476445296,13.926879553772816],[-87.09235614759925,13.924423750912553],[-87.09628543217566,13.917301922617792],[-87.09923239560798,13.913863798613423],[-87.10267051961235,13.909443353464951],[-87.10561748304467,13.90698755060469],[-87.10365284075645,13.899128981451849],[-87.1041440013285,13.892989474301192],[-87.1068453844748,13.886358806578484],[-87.1097923479071,13.882183941716038],[-87.11323047191148,13.878254657139617],[-87.11863323820403,13.872606310561013],[-87.12133462135031,13.870396087986776],[-87.12624622707084,13.867203544268435],[-87.12943877078918,13.862537518833935],[-87.13484153708175,13.859099394829569],[-87.13950756251626,13.855906851111227],[-87.14294568652062,13.852959887678912],[-87.14564706966691,13.85124082567673]]}},{"type":"Feature","properties":{"accuracy":"100000","activity_confidence":"1","average_dip":"(50,35,80)","average_rake":"(-70,0,-90)","catalog_id":"CA_84.0","catalog_name":"GEM_Central_Am_Carib","dip_dir":"N","downthrown_side_dir":"N","epistemic_quality":"1","exposure_quality":"1","name":"La Cieba Fault","net_slip_rate":"(1., 0.1, 3.)","reference":"Rogers and Mann, 2007","slip_type":"Normal-Sinistral"},"geometry":{"type":"LineString","coordinates":[[-87.76312800134389,15.48029765303188],[-87.76079498862663,15.483981357322273],[-87.7557605927631,15.48582320946747],[-87.74912992504039,15.489752494043891],[-87.74569180103602,15.491839926475114],[-87.74065740517248,15.49282224761922],[-87.73451789802182,15.493190618048258],[-87.73022024301636,15.4917171363321],[-87.72555421758187,15.491225975760049],[-87.71659053714191,15.495400840622494],[-87.70983707927618,15.496874322338652],[-87.70001386783514,15.500803606915072],[-87.69559342268666,15.50583800277861],[-87.68994507610806,15.507311484494767],[-87.6809813956681,15.507065904208742],[-87.67484188851745,15.508293805638873],[-87.67054423351199,15.506820323922716],[-87.66587820807746,15.506451953493672],[-87.66035265164186,15.506820323922712],[-87.6560549966364,15.506329163350658],[-87.65175734163094,15.504487311205462],[-87.64795084719754,15.504364521062449],[-87.64070622875977,15.504241730919436],[-87.63321603003597,15.505101261920528],[-87.62805884402941,15.504855681634501],[-87.62462072002505,15.504732891491487],[-87.61823563258837,15.503504990061357],[-87.61000869300648,15.505224052063541],[-87.60141338299556,15.507065904208737],[-87.59576503641696,15.506820323922712],[-87.58704693626302,15.50755706478079],[-87.58053905868333,15.508784966210921],[-87.57317165010254,15.508539385924895],[-87.56592703166477,15.509276126782973],[-87.55954194422809,15.509644497212014],[-87.55291127650538,15.510135657784065],[-87.54836804121389,15.508662176067908],[-87.54149179320517,15.508662176067912],[-87.53191416205014,15.507925435209833],[-87.52577465489948,15.508171015495858],[-87.51546028288638,15.510381238070094],[-87.50981193630777,15.511854719786252],[-87.49605944029031,15.51529284379062],[-87.48132462312873,15.517503066364856],[-87.47493953569204,15.519713288939093],[-87.46266052139073,15.521432350941277],[-87.44399641965273,15.523642573515513],[-87.43392762792567,15.52585279608975],[-87.42336767562657,15.531255562382327],[-87.41796490933399,15.533711365242588],[-87.41133424161129,15.535798797673813],[-87.40654542603377,15.53530763710176],[-87.399423597739,15.538377390677088],[-87.3891092257259,15.548568972547178],[-87.38419762000538,15.552743837409624],[-87.37977717485691,15.555690800841939],[-87.37179581556106,15.558269393845215],[-87.3647967774093,15.561093567134517],[-87.36013075197481,15.561830307992595],[-87.32574951193111,15.57558280401006],[-87.30954121305336,15.582459052018795],[-87.28596550559485,15.591054362029714],[-87.27515997300969,15.591054362029714],[-87.26017957556209,15.591545522601766],[-87.24446243725642,15.594983646606135],[-87.23537596667344,15.597439449466396],[-87.18601432918216,15.604315697475132],[-87.1722618331647,15.605543598905264],[-87.15900049771928,15.609964044053736],[-87.15335215114067,15.612419846914],[-87.14402010027167,15.613402168058103],[-87.13468804940267,15.61561239063234],[-87.11749742938083,15.615857970918366],[-87.09760542621271,15.616103551204393],[-87.09146591906206,15.617822613206576],[-87.0779590033306,15.627645824647626],[-87.06813579188956,15.629856047221862],[-87.06027722273672,15.632066269796098],[-87.04885773943646,15.637960196660728],[-87.03584198427707,15.6423806418092],[-87.02749225455217,15.647783408101779],[-87.01791462339715,15.654905236396539],[-87.00760025138405,15.66472844783759],[-86.99556681736875,15.67455165927864],[-86.98034083963513,15.681919067859427],[-86.96683392390369,15.6863395130079],[-86.9557828110325,15.68830415529611],[-86.93097920214387,15.693952501874715],[-86.91403416240806,15.693952501874715],[-86.90200072839276,15.694198082160742],[-86.88456452808491,15.694198082160742],[-86.85877859805215,15.700092009025372],[-86.81506530713943,15.71212544304066],[-86.79934816883375,15.720966333337605],[-86.77577246137523,15.730298384206604],[-86.76840505279445,15.740121595647654],[-86.75465255677697,15.760750339673859],[-86.74482934533593,15.770573551114909],[-86.7119215870084,15.77843212026775],[-86.69473096698657,15.77843212026775],[-86.67852266810884,15.782852565416222],[-86.64757955206953,15.785799528848537],[-86.63137125319179,15.784817207704432],[-86.61516295431406,15.781870244272117],[-86.60386626115685,15.78039676255596],[-86.59060492571143,15.780887923128013],[-86.57881707198217,15.774993996263381],[-86.5640822548206,15.76664426653849],[-86.54836511651492,15.75682105509744],[-86.53019217534897,15.745033201368178],[-86.51840432161971,15.741595077363812],[-86.51115970318197,15.73999880550464],[-86.50280997345709,15.739753225218616],[-86.4954425648763,15.739753225218616]]}},{"type":"Feature","properties":{"accuracy":"100000","average_dip":"(50,35,80)","average_rake":"(-70,0,-90)","catalog_id":"CA_85.0","catalog_name":"GEM_Central_Am_Carib","dip_dir":"N","downthrown_side_dir":"N","epistemic_quality":"2","exposure_quality":"2","name":"Trujillo Fault","net_slip_rate":"(0.5, 0., 1.)","reference":"Rogers and Mann, 2007","slip_type":"Normal-Sinistral"},"geometry":{"type":"LineString","coordinates":[[-86.49261839158693,15.740305780862176],[-86.48598772386421,15.742516003436412],[-86.4773924138533,15.743498324580518],[-86.4680603629843,15.743252744294491],[-86.45529018811094,15.743498324580518],[-86.44571255695591,15.744480645724623],[-86.437117246945,15.747673189442965],[-86.43245122151049,15.751356893733359],[-86.42827635664806,15.755777338881831],[-86.42262801006945,15.759706623458252],[-86.41575176206071,15.759706623458252],[-86.40838435347992,15.76118010517441],[-86.399789043469,15.764127068606724],[-86.39561417860655,15.765600550322882],[-86.39266721517424,15.767565192611091],[-86.3823528431611,15.77296795890367],[-86.37179289086198,15.776160502622012],[-86.36663570485543,15.776160502622012],[-86.3541111102681,15.782545590058696],[-86.34821718340346,15.78622929434909],[-86.3374116508183,15.789912998639483],[-86.33151772395367,15.79212322121372],[-86.32022103079646,15.79138648035564],[-86.31408152364581,15.790895319783589],[-86.30671411506502,15.794824604360008],[-86.30131134877244,15.798999469222455],[-86.29296161904755,15.802192012940797],[-86.28755885275497,15.806612458089269],[-86.27994586388816,15.807594779233373],[-86.27257845530737,15.811032903237741],[-86.26422872558248,15.820119373820713],[-86.26079060157811,15.823311917539055],[-86.2568613170017,15.831416066977921],[-86.24654694498858,15.84516856299539],[-86.24163533926806,15.852781551862204],[-86.23132096725496,15.861868022445176],[-86.2241991389602,15.86948101131199],[-86.21953311352571,15.871691233886224],[-86.21167454437287,15.87390145646046],[-86.20921874151261,15.875866098748672],[-86.20234249350388,15.880286543897144],[-86.19522066520912,15.882987927043432],[-86.1839239720519,15.885689310189722],[-86.17999468747549,15.887408372191905],[-86.1736096000388,15.88839069333601],[-86.16673335203006,15.88839069333601],[-86.15519107858684,15.89231997791243],[-86.14561344743181,15.895021361058719],[-86.13063304998421,15.897722744205009],[-86.119336356827,15.896494842774876],[-86.10558386080953,15.895266941344746],[-86.09060346336193,15.895266941344746],[-86.07783328848856,15.894775780772694],[-86.07193936162393,15.893547879342561],[-86.06702775590341,15.896740423060903],[-86.05916918675057,15.897231583632955],[-86.04983713588153,15.896986003346939],[-86.0409962455846,15.896986003346939],[-86.02920839185532,15.896740423060912],[-86.01717495784004,15.897722744205018],[-86.0102987098313,15.896740423060912],[-85.99777411524397,15.897968324491043],[-85.9896699658051,15.900178547065279],[-85.98254813751034,15.902879930211569],[-85.97984675436405,15.905090152785805],[-85.97444398807147,15.906072473929909],[-85.96118265262605,15.909019437362225],[-85.94939479889679,15.913439882510698],[-85.94350087203216,15.91786032765917],[-85.93195859858893,15.926455637670088],[-85.92066190543173,15.93357746596485],[-85.91575029971119,15.939716973115507],[-85.90887405170245,15.941681615403716]]}},{"type":"Feature","properties":{"accuracy":"100000","activity_confidence":"1","average_dip":"(50,35,80)","average_rake":"(-70,0,-90)","catalog_id":"CA_86.0","catalog_name":"GEM_Central_Am_Carib","dip_dir":"N","downthrown_side_dir":"N","epistemic_quality":"2","exposure_quality":"2","name":"La Esperanza Fault","net_slip_rate":"(0.2, 0., 1.)","reference":"Rogers and Mann, 2007","slip_type":"Normal-Sinistral"},"geometry":{"type":"LineString","coordinates":[[-85.48451131744908,15.824785399255212],[-85.51594559406044,15.820856114678792],[-85.53460969579844,15.824785399255212],[-85.56309700897748,15.827732362687527],[-85.5876550375801,15.827732362687527],[-85.61614235075915,15.826750041543423],[-85.62989484677662,15.820856114678792],[-85.6465943062264,15.812997545525953],[-85.66108354310195,15.793842283215907],[-85.66820537139671,15.78647487463512],[-85.68318576884431,15.77345911947573],[-85.69963964800807,15.763881488320704],[-85.71191866230939,15.761425685460443],[-85.72026839203428,15.76093452488839],[-85.73131950490546,15.75896988260018],[-85.76299936180285,15.751111313447339],[-85.7765062775343,15.74914667115913],[-85.78927645240766,15.74718202887092],[-85.80106430613692,15.744971806296682],[-85.81408006129631,15.741533682292316],[-85.83421764475047,15.734411853997543],[-85.8494436224841,15.727044445416755],[-85.86196821707144,15.72016819740802],[-85.87915883709327,15.709853825394918],[-85.89168343168062,15.700030613953867],[-85.91231217570682,15.690944143370896],[-85.92852047458454,15.684313475648187],[-85.94055390859984,15.679647450213688],[-85.94988595946883,15.674490264207137],[-85.95946359062386,15.668596337342507],[-85.97468956835749,15.662702410477875],[-85.97935559379198,15.654107100466957],[-85.99089786723522,15.644775049597959],[-86.00170339982037,15.635197418442935],[-86.01717495784003,15.622918404141618],[-86.03240093557365,15.613586353272622],[-86.04517111044701,15.605236623547729],[-86.05548548246011,15.596886893822836],[-86.0702202996217,15.589028324669995],[-86.08741091964353,15.579205113228944],[-86.10165457623306,15.566926098927633],[-86.11196894824616,15.561523332635055]]}},{"type":"Feature","properties":{"accuracy":"100000","average_dip":"(45,35,60)","average_rake":"(-90,0,-90)","catalog_id":"CA_87.0","catalog_name":"GEM_Central_Am_Carib","dip_dir":"N","downthrown_side_dir":"N","epistemic_quality":"2","exposure_quality":"2","name":"Cayo Sierra Fault","net_slip_rate":"(0.05, 0., 0.5)","slip_type":"Normal-Sinistral"},"geometry":{"type":"LineString","coordinates":[[-86.1792579466174,15.429646719038955],[-86.17287285918071,15.437505288191796],[-86.16918915489032,15.442662474198347],[-86.166242191458,15.448065240490925],[-86.16280406745364,15.454450327927606],[-86.15740130116106,15.460098674506211],[-86.1522441151545,15.465010280226736],[-86.14463112628769,15.472868849379577],[-86.13971952056717,15.47851719595818],[-86.13480791484663,15.485639024252942],[-86.13014188941214,15.493252013119756],[-86.1269493456938,15.496690137124123],[-86.12424796254751,15.500619421700543],[-86.12105541882917,15.506022187993121],[-86.11884519625494,15.512407275429803],[-86.11246010881825,15.520511424868669],[-86.10803966366977,15.526159771447274],[-86.1026368973772,15.535491822316272],[-86.09870761280078,15.544578292899242],[-86.09305926622217,15.550963380335926],[-86.08937556193179,15.557839628344661]]}},{"type":"Feature","properties":{"accuracy":"100000","activity_confidence":"1","average_dip":"(80,70,90)","average_rake":"(-10, -45, 0)","catalog_id":"CA_88.0","catalog_name":"GEM_Central_Am_Carib","dip_dir":"S","downthrown_side_dir":"S","epistemic_quality":"1","exposure_quality":"2","name":"Rio Viejo Fault","net_slip_rate":"(0.2, 0., 2.)","reference":"Rogers and Mann, 2007","slip_type":"Sinistral-Normal"},"geometry":{"type":"LineString","coordinates":[[-86.1230200611174,15.803911074942972],[-86.14561344743181,15.798508308650394],[-86.1529808560126,15.792614381785764],[-86.16525987031392,15.787211615493186],[-86.17753888461523,15.780826528056505],[-86.19276486234885,15.771003316615454],[-86.21241128523096,15.760688944602352],[-86.22469029953227,15.752339214877459],[-86.24826600699079,15.747427609156933],[-86.26398314529646,15.743989485152566],[-86.28313840760651,15.739077879432042],[-86.31015223906941,15.733675113139464],[-86.32685169851919,15.7312193102792],[-86.34797160311744,15.727781186274834],[-86.38186168258908,15.72139609883815],[-86.41133131691223,15.72139609883815],[-86.42950425807817,15.72139609883815],[-86.45750041068516,15.726062124272648],[-86.47125290670263,15.724343062270464],[-86.49360071273101,15.724097481984437],[-86.51005459189477,15.724343062270464],[-86.5262628907725,15.72262400026828],[-86.54689163479871,15.71943145654994],[-86.56580131682273,15.715011011401467],[-86.57734359026597,15.711081726825046],[-86.61737317688824,15.695855749091413],[-86.62744196861532,15.691926464514992],[-86.64365026749304,15.685786957364337],[-86.65813950436859,15.67964745021368],[-86.66968177781183,15.674735844493155],[-86.69006494155201,15.666386114768262],[-86.69890583184896,15.660983348475686],[-86.70872904329,15.65533500189708],[-86.72248153930747,15.647230852458213],[-86.73598845503892,15.640354604449477],[-86.75047769191447,15.634460677584848],[-86.76054648364153,15.62905791129227],[-86.7713520162267,15.624637466143797],[-86.80229513226601,15.613586353272614],[-86.8275899017267,15.605973364405799],[-86.84576284289264,15.60253524040143],[-86.87326783492759,15.600079437541169],[-86.90028166639047,15.5966413135368],[-86.91157835954768,15.591238547244222],[-86.92631317670926,15.589765065528065]]}},{"type":"Feature","properties":{"accuracy":"100000","average_dip":"(50,40,70)","average_rake":"(-90,,)","catalog_id":"CA_89.0","catalog_name":"GEM_Central_Am_Carib","dip_dir":"E","downthrown_side_dir":"E","epistemic_quality":"2","exposure_quality":"2","name":"San Vicente Fault","reference":"Staller et al., 2016","shortening_rate":"None","slip_type":"Normal"},"geometry":{"type":"LineString","coordinates":[[-89.66809428004935,14.25786038426466],[-89.6715324040537,14.248528333395662],[-89.66907660119345,14.237722800810507],[-89.66612963776113,14.221514501932774],[-89.66416499547293,14.207762005915304],[-89.66465615604498,14.183695137884731],[-89.66318267432882,14.165522196718788],[-89.66269151375677,14.140964168116161],[-89.6582710686083,14.12475586923843],[-89.65532410517598,14.117388460657642],[-89.65434178403187,14.111985694365064],[-89.65286830231572,14.098724358919647],[-89.65188598117162,14.087427665762439],[-89.65041249945546,14.078586775465492],[-89.64844785716724,14.059431513155445],[-89.6469743754511,14.045679017137974],[-89.64746553602313,14.035364645124872],[-89.64746553602313,14.02505027311177],[-89.64844785716724,14.018174025103034]]}},{"type":"Feature","properties":{"accuracy":"100000","activity_confidence":"1","average_dip":"(50,40,70)","average_rake":"(-90,,)","catalog_id":"CA_90.0","catalog_name":"GEM_Central_Am_Carib","dip_dir":"E","downthrown_side_dir":"E","epistemic_quality":"1","exposure_quality":"1","name":"Santa Ana Fault","reference":"Staller et al., 2016","shortening_rate":"None","slip_type":"Normal"},"geometry":{"type":"LineString","coordinates":[[-89.62732795256896,13.915030304972007],[-89.62659121171089,13.90152338924056],[-89.6238898285646,13.888998794653222],[-89.62364424827858,13.881385805786408],[-89.62118844541831,13.869352371771122],[-89.6192238031301,13.859283580044046],[-89.61996054398819,13.849214788316969],[-89.618241481986,13.835462292299498],[-89.61062849311918,13.819499573707793],[-89.60620804797071,13.81434238770124]]}},{"type":"Feature","properties":{"accuracy":"100000","activity_confidence":"1","average_dip":"(60,40,70)","average_rake":"(-90,,)","catalog_id":"CA_91.0","catalog_name":"GEM_Central_Am_Carib","dip_dir":"E","downthrown_side_dir":"E","epistemic_quality":"1","exposure_quality":"1","name":"Santa Lucia Fault","shortening_rate":"None","slip_type":"Normal"},"geometry":{"type":"LineString","coordinates":[[-89.48022536123909,13.929212566490005],[-89.47506817523255,13.92233631848127],[-89.47236679208626,13.915951231044586],[-89.4672096060797,13.904900118173405],[-89.46426264264738,13.899742932166854],[-89.46180683978713,13.894094585588249],[-89.45542175235045,13.877395126138463],[-89.45419385092032,13.864624951265098],[-89.45345711006223,13.859467765258547],[-89.45247478891812,13.846452010099156],[-89.45198362834608,13.832453933795659],[-89.451246887488,13.821402820924478],[-89.44879108462774,13.813789832057664]]}},{"type":"Feature","properties":{"accuracy":"100000","activity_confidence":"1","average_dip":"(90,60,90)","catalog_id":"CA_92.0","catalog_name":"GEM_Central_Am_Carib","dip_dir":"S","downthrown_side_dir":"S","epistemic_quality":"1","exposure_quality":"1","name":"Comecayo Fault","net_slip_rate":"(0.5, 0., 1.)","reference":"Staller et al., 2016","slip_type":"Dextral"},"geometry":{"type":"LineString","coordinates":[[-89.48697881910488,13.997238305719277],[-89.46978819908304,13.997483886005304],[-89.44842271419876,13.99502808314504],[-89.4395818239018,13.994045762000935],[-89.42803955045858,13.992817860570804],[-89.39906107670747,13.98790625485028],[-89.38604532154808,13.988151835136305],[-89.37474862839088,13.986678353420148],[-89.3590314900852,13.982257908271675]]}},{"type":"Feature","properties":{"accuracy":"100000","activity_confidence":"1","average_dip":"(50,40,90)","average_rake":"(-90,-90,-135)","catalog_id":"CA_93.0","catalog_name":"GEM_Central_Am_Carib","dip_dir":"NE","downthrown_side_dir":"NE","epistemic_quality":"2","exposure_quality":"2","name":"Talcualuya Fault","net_slip_rate":"(0.1, 0., 1.)","reference":"DEM","slip_type":"Normal"},"geometry":{"type":"LineString","coordinates":[[-89.37302956638867,13.972803067259663],[-89.36946865224128,13.96715472068106],[-89.36332914509063,13.958313830384114],[-89.35897009501362,13.951253397160853],[-89.35344453857802,13.946894347083887],[-89.34883990821503,13.942658087149935],[-89.34374411727998,13.936457184927772],[-89.33858693127343,13.932343715136831],[-89.33214044876524,13.930808838349167],[-89.32778139868827,13.924669331198512],[-89.32022980489292,13.91533728032951],[-89.31409029774227,13.906741970318592]]}},{"type":"Feature","properties":{"accuracy":"100000","activity_confidence":"1","average_dip":"(90,,)","catalog_id":"CA_94.0","catalog_name":"GEM_Central_Am_Carib","epistemic_quality":"2","exposure_quality":"2","name":"Guaycume Fault","reference":"Staller et al., 2016","slip_type":"Dextral","strike_slip_rate":"(0.1, 0., 1)"},"geometry":{"type":"LineString","coordinates":[[-89.29235644242887,13.888814609438663],[-89.26288680810572,13.878991397997613],[-89.23390833435461,13.87064166827272],[-89.21426191147252,13.863765420263984],[-89.18380995600526,13.852468727106778],[-89.162690051407,13.84313667623778],[-89.14058782566464,13.836260428229044],[-89.12192372392664,13.83134882250852],[-89.11062703076944,13.831839983080572]]}},{"type":"Feature","properties":{"accuracy":"100000","activity_confidence":"1","average_dip":"(90,,)","catalog_id":"CA_95.0","catalog_name":"GEM_Central_Am_Carib","epistemic_quality":"1","exposure_quality":"1","fs_name":"El Salvador Fault Zone","last_movement":"2001 AD","name":"San Vicente Fault","net_slip_rate":"(5,3,8)","reference":"Staller et al., 2016; Canora et al., 2012","slip_type":"Dextral"},"geometry":{"type":"LineString","coordinates":[[-88.96855883530311,13.670493735161324],[-88.95763051257494,13.669388623874205],[-88.95308727728346,13.6684063027301],[-88.94645660956074,13.665704919583812],[-88.94093105312515,13.665090968868746],[-88.92852924868083,13.663494697009575],[-88.91011072722885,13.66251237586547],[-88.89783171292754,13.661652844864378],[-88.88874524234457,13.662021215293418],[-88.87511553647012,13.662389585722456],[-88.87192299275178,13.662144005436431],[-88.86246815173976,13.663126326580535],[-88.8495751867234,13.664231437867656],[-88.83913802456728,13.66324911672355],[-88.82968318355526,13.664722598439708],[-88.8224385651175,13.666441660441892],[-88.8159306875378,13.665827709726825],[-88.80954560010112,13.667669561872023],[-88.8038972535225,13.667792352015036],[-88.8000907590891,13.666687240727917]]}},{"type":"Feature","properties":{"accuracy":"100000","activity_confidence":"1","average_dip":"(75,50,90)","average_rake":"(-155,-135,-180)","catalog_id":"CA_96.0","catalog_name":"GEM_Central_Am_Carib","dip_dir":"S","downthrown_side_dir":"S","epistemic_quality":"1","exposure_quality":"1","last_movement":"2001 AD","name":"Apastapeque Fault","net_slip_rate":"(5,3,9)","reference":"Staller et al., 2016; Canora et al., 2012","slip_type":"Dextral-Normal"},"geometry":{"type":"LineString","coordinates":[[-88.7972665857996,13.668651883016105],[-88.78916243636074,13.666932821013921],[-88.77688342205943,13.663249116723527],[-88.76927043319262,13.65981099271916],[-88.76214860489786,13.658091930716976],[-88.75355329488694,13.655144967284661],[-88.735380353721,13.648514299561953],[-88.72359249999174,13.645812916415665],[-88.70124469396335,13.640901310695138],[-88.68994800080614,13.63819992754885],[-88.68086153022317,13.63427064297243],[-88.66981041735198,13.632797161256272]]}},{"type":"Feature","properties":{"accuracy":"100000","activity_confidence":"1","average_dip":"(80,65,90)","average_rake":"(-165,135,-180)","catalog_id":"CA_97.0","catalog_name":"GEM_Central_Am_Carib","dip_dir":"S","downthrown_side_dir":"S","epistemic_quality":"1","exposure_quality":"1","name":"Berlin Fault","net_slip_rate":"(7,4,11)","reference":"Corti et al., 2004; Staller et al., 2016","slip_type":"Dextral-Normal"},"geometry":{"type":"LineString","coordinates":[[-88.585699169388,13.577418806757352],[-88.57292899451463,13.574349053182024],[-88.55156350963034,13.570051398176565],[-88.54161750804627,13.56833233617438],[-88.52725106131373,13.56587653331412],[-88.5137441455823,13.567595595316302],[-88.50613115671548,13.567841175602329],[-88.49962327913579,13.56710443474425],[-88.49201029026896,13.568823496746434],[-88.4877126352635,13.56747280517329],[-88.47954709075314,13.565385372742066],[-88.47463548503262,13.563850495954402],[-88.46751365673785,13.561578878308659],[-88.45873416151241,13.560903532522085],[-88.45345418536284,13.560780742379073],[-88.44811281414178,13.56028958180702],[-88.44289423306373,13.559061680376889],[-88.43785983720018,13.559123075448396],[-88.42551942782737,13.558509124733328],[-88.41324041352605,13.55777238387525],[-88.39801443579243,13.557281223303198],[-88.39310283007191,13.556053321873065],[-88.38401635948894,13.556298902159092],[-88.36952712261339,13.553597519012802],[-88.35896717031426,13.550650555580487],[-88.34030306857626,13.549422654150357],[-88.31770968226185,13.550650555580487],[-88.30739531024874,13.548194752720226],[-88.29266049308717,13.547458011862147]]}},{"type":"Feature","properties":{"accuracy":"100000","activity_confidence":"1","average_dip":"(90,,)","catalog_id":"CA_98.0","catalog_name":"GEM_Central_Am_Carib","epistemic_quality":"1","exposure_quality":"2","fs_name":"El Salvador Fault ZOne","name":"San Miguel Fault","reference":"Staller et al., 2016; Corti et al., 2005","slip_type":"Dextral","strike_slip_rate":"(5,2,10)"},"geometry":{"type":"LineString","coordinates":[[-88.25177137546372,13.539108282137251],[-88.23163379200957,13.533705515844673],[-88.216898974848,13.530267391840306],[-88.19234094624537,13.526829267835938],[-88.16483595421043,13.524373464975675],[-88.13536631988728,13.52142650154336],[-88.1093348095685,13.518970698683098],[-88.08084749638945,13.51946185925515],[-88.04793973806193,13.517988377538993],[-88.02289054888725,13.518970698683098],[-88.00373528657721,13.517497216966941],[-87.95903967452043,13.517988377538993],[-87.92220263161649,13.514059092962572],[-87.89175067614923,13.510620968958206],[-87.86571916583046,13.50767400552589],[-87.83968765551167,13.504727042093576]]}},{"type":"Feature","properties":{"accuracy":"100000","activity_confidence":"1","average_dip":"(90.0,,)","catalog_id":"CA_99.0","catalog_name":"GEM_Central_Am_Carib","epistemic_quality":"1","exposure_quality":"2","name":"Marabios Fault","net_slip_rate":"(15,10,20)","reference":"Turner et al., 2007","slip_type":"Dextral"},"geometry":{"type":"LineString","coordinates":[[-87.04766053554091,12.746068143486907],[-86.90031236392517,12.6468537079323],[-86.78636311120897,12.575144264412632],[-86.65620555961506,12.491155806591651],[-86.52850381088142,12.410605472775039]]}},{"type":"Feature","properties":{"accuracy":"100000","activity_confidence":"1","average_dip":"(80,60,90)","catalog_id":"CA_100.0","catalog_name":"GEM_Central_Am_Carib","dip_dir":"N","downthrown_side_dir":"N","epistemic_quality":"2","exposure_quality":"1","name":"Cosiguina Fault","net_slip_rate":"(2., 0., 4.)","reference":"DEM, Funk et al., 2009","slip_type":"Dextral-Normal"},"geometry":{"type":"LineString","coordinates":[[-87.64744433785624,12.998417236146734],[-87.63983134898943,12.986383802131447],[-87.63369184183878,12.978279652692581],[-87.62485095154183,12.969684342681663],[-87.61601006124489,12.96133461295677],[-87.6086426526641,12.95617742695022],[-87.59685479893484,12.947090956367248],[-87.58752274806584,12.943161671790827]]}},{"type":"Feature","properties":{"accuracy":"100000","activity_confidence":"1","average_dip":"(80,60,90)","average_rake":"(-45, 0, -90)","catalog_id":"CA_101.0","catalog_name":"GEM_Central_Am_Carib","dip_dir":"W","downthrown_side_dir":"W","epistemic_quality":"1","exposure_quality":"1","name":"Cofradia Fault","net_slip_rate":"(1., 0.1, 3.)","slip_type":"Sinistral-Normal"},"geometry":{"type":"LineString","coordinates":[[-86.08015095243664,12.406323166537433],[-86.08408023701305,12.385694422511229],[-86.09390344845411,12.350330861323448],[-86.10077969646285,12.295320877253566],[-86.10004295560476,12.274200972655308],[-86.10053411617682,12.250870845482813],[-86.10790152475761,12.234908126891106],[-86.11035732761788,12.20985893771643],[-86.11354987133622,12.176705599102885],[-86.11600567419647,12.156568015648732],[-86.1189526376288,12.126361640467502],[-86.120917279917,12.11580168816837],[-86.12533772506546,12.096892006144348],[-86.13196839278818,12.07847348469238],[-86.13786231965281,12.060791704098488],[-86.14228276480128,12.045074565792808]]}},{"type":"Feature","properties":{"accuracy":"100000","activity_confidence":"1","average_dip":"(90,,)","catalog_id":"CA_102.0","catalog_name":"GEM_Central_Am_Carib","epistemic_quality":"1","exposure_quality":"2","name":"Ometepe Fault","net_slip_rate":"(10., 5., 20.)","slip_type":"Dextral"},"geometry":{"type":"LineString","coordinates":[[-86.15873664396501,11.984661815430348],[-85.92887349624444,11.799985440338604],[-85.82867673954573,11.736134565971778],[-85.63024786843651,11.544581942871297],[-85.48486433910897,11.426703405578694],[-85.23633708965039,11.227292213325374]]}},{"type":"Feature","properties":{"accuracy":"100000","activity_confidence":"1","catalog_id":"CA_103.0","catalog_name":"GEM_Central_Am_Carib","dip_dir":"SW","name":"Rio Sucio Fault","reference":"Montero et al., 2013"},"geometry":{"type":"LineString","coordinates":[[-83.99847894519476,10.251561838457487],[-83.98859539394607,10.244823053515201],[-83.98679838462813,10.239881277890857],[-83.98320436599225,10.236287259254972],[-83.97961034735636,10.234490249937028],[-83.97287156241407,10.234490249937028],[-83.96703128213076,10.2290992219832],[-83.96388651582436,10.225505203347312],[-83.96388651582437,10.22550520334731],[-83.96074174951796,10.216969409087081],[-83.96029249718848,10.20663660550891],[-83.95849548787054,10.18956501698845],[-83.9551260953994,10.173616559291705],[-83.94906118895133,10.155421839947532],[-83.94636567497442,10.14419053171039],[-83.93962689003213,10.121054036741873],[-83.93715600221996,10.106228709868843],[-83.93333735741933,10.088707869018897],[-83.93142803501902,10.082418336406095],[-83.92120754452321,10.077588873864123],[-83.91109936710978,10.070176210427608],[-83.90761766155627,10.066020626379864],[-83.9020020074377,10.062875860073463],[-83.89301696084799,10.05726020595489],[-83.88178565261084,10.047601280870946],[-83.8784162601397,10.040413243599174],[-83.87302523218587,10.034797589480602],[-83.86830808272627,10.026935673714602],[-83.8658371949141,10.019523010278087]]}},{"type":"Feature","properties":{"accuracy":"100000","activity_confidence":"1","average_dip":"(20,10,45)","catalog_id":"CA_104.0","catalog_name":"GEM_Central_Am_Carib","dip_dir":"SW","downthrown_side_dir":"NE","epistemic_quality":"1","exposure_quality":"1","name":"Guapiles Fault","reference":"Montero et al., 2013","slip_type":"Reverse"},"geometry":{"type":"LineString","coordinates":[[-83.97410700632017,10.235164128431254],[-83.97129917926088,10.236961137749198],[-83.9684913522016,10.235838006925482],[-83.9669189690484,10.233591745278053],[-83.96523427281282,10.23100854438351],[-83.96422345507149,10.228649969653711],[-83.96085406260035,10.225617516429681],[-83.95838317478817,10.22382050711174],[-83.95636153930548,10.223034315535138],[-83.95400296457568,10.220900366970081],[-83.95085819826929,10.21854179224028],[-83.94659030113917,10.21618321751048],[-83.94479329182123,10.214835460522023],[-83.93232653967799,10.20899518023871],[-83.92738476405364,10.203828778449624],[-83.92356611925301,10.19798849816631],[-83.91390719416907,10.200908638307968],[-83.90874079237999,10.202930273790653],[-83.89391546550695,10.205176535438083],[-83.8878505590589,10.20899518023871],[-83.88133640028136,10.209893684897683],[-83.87347448451536,10.20966905873294],[-83.85932303613656,10.208770554073968],[-83.84741784940518,10.207198170920767],[-83.84157756912187,10.207872049414997],[-83.82922313006101,10.207198170920767],[-83.8260783637546,10.206748918591282]]}},{"type":"Feature","properties":{"accuracy":"100000","activity_confidence":"1","average_dip":"(90,,)","catalog_id":"CA_105.0","catalog_name":"GEM_Central_Am_Carib","name":"Atirro Fault","reference":"Montero et al., 2011","slip_type":"Dextral"},"geometry":{"type":"LineString","coordinates":[[-83.69759219752164,9.90215583919994],[-83.68411462763707,9.871606680794908],[-83.6742310763884,9.844651541025764],[-83.63705544612345,9.790853574569843],[-83.62537488555682,9.776477500026298],[-83.61987154452063,9.766032383365754],[-83.60594472230657,9.752330187316439],[-83.59235483933962,9.740537313667437],[-83.58415598432651,9.733349276395664],[-83.5715769191009,9.721444089664292],[-83.55326988667436,9.703024744155378],[-83.54675572789681,9.696061333048348],[-83.53642292431864,9.686627034129147],[-83.52811175622315,9.67584497822149],[-83.51463418633858,9.664389043819602],[-83.48341114943932,9.631368997602399],[-83.46409329927144,9.616992923058854],[-83.45420974802275,9.608457128798625],[-83.4335441408664,9.591385540278166],[-83.42366058961771,9.580603484370508],[-83.4115307767216,9.569372176133363]]}},{"type":"Feature","properties":{"accuracy":"100000","activity_confidence":"1","average_dip":"(20,10,35)","catalog_id":"CA_106.0","catalog_name":"GEM_Central_Am_Carib","dip_dir":"SW","downthrown_side_dir":"NE","epistemic_quality":"2","reference":"DEM","slip_type":"Reverse"},"geometry":{"type":"LineString","coordinates":[[-84.56340146527977,10.308071112917542],[-84.54700375525354,10.303578589622685],[-84.52701202659142,10.306274103599598],[-84.50791880258828,10.312339010047655],[-84.49893375599858,10.31593302868354],[-84.48141291514862,10.330084477062337],[-84.47624651335954,10.33974340214628],[-84.47040623307623,10.351199336548163],[-84.46074730799229,10.372314196033988],[-84.45535628003846,10.390284289213415],[-84.43963244850647,10.406232746910156],[-84.4340167943879,10.421282699947925],[-84.42368399080972,10.425325970913295],[-84.40369226214762,10.428246111054953],[-84.39919973885274,10.427347606395982],[-84.38280202882652,10.426673727901752],[-84.36685357112978,10.419485690629983],[-84.3580931507048,10.413420784181927],[-84.35000660877407,10.406232746910156],[-84.34776034712664,10.401964849780043]]}},{"type":"Feature","properties":{"accuracy":"100000","activity_confidence":"1","average_dip":"(20,10,35)","catalog_id":"CA_107.0","catalog_name":"GEM_Central_Am_Carib","dip_dir":"SW","downthrown_side_dir":"NE","name":"San Miguel Fault","reference":"Montero et al., 1998","slip_type":"Reverse"},"geometry":{"type":"LineString","coordinates":[[-84.40054749584125,10.381074616458958],[-84.38167889800285,10.374335831516673],[-84.36640431880033,10.367147794244904],[-84.3520282442568,10.353220972030847],[-84.33271039408892,10.35187321504239],[-84.31608805789794,10.348728448735992],[-84.29632095540057,10.335250878851422],[-84.26891656330196,10.324468822943766],[-84.25004796546355,10.326265832261708],[-84.23117936762516,10.324468822943766],[-84.20916600348036,10.315933028683538],[-84.19389142427785,10.313237514706625],[-84.17861684507534,10.305150972775882],[-84.16783478916769,10.30020919715154],[-84.14492292036391,10.29931069249257]]}},{"type":"Feature","properties":{"accuracy":"100000","average_rake":"(90,,)","catalog_id":"CA_108.0","catalog_name":"GEM_Central_Am_Carib","dip_dir":"S","downthrown_side_dir":"N","epistemic_quality":"1","exposure_quality":"1","name":"Siquirres-Matina Fault","reference":"Montero et al., 1998","shortening_rate":"(0.5, 0.1, 1.)","slip_type":"Reverse"},"geometry":{"type":"LineString","coordinates":[[-83.51832823381369,10.094002377917626],[-83.51316183202461,10.09198074243494],[-83.50642304708232,10.08726359297534],[-83.49901038364581,10.089060602293284],[-83.49451786035095,10.089509854622769],[-83.48980071089136,10.088386723799054],[-83.48485893526701,10.095350134906083],[-83.48036641197216,10.09916877970671],[-83.47317837470038,10.101639667518882],[-83.4632948234517,10.102313546013109],[-83.45273739370879,10.101639667518882],[-83.44195533780113,10.098719527377224],[-83.43566580518834,10.099393405871453],[-83.43094865572873,10.097596396553511],[-83.42308673996274,10.096248639565053],[-83.41792033817364,10.093103873258654],[-83.41387706720828,10.083444948174712],[-83.40084874965319,10.076481537067684],[-83.39118982456925,10.075358406243971],[-83.3788353855084,10.0728875184318],[-83.36648094644754,10.064800976501058],[-83.35794515218731,10.052671163604945],[-83.34648921778543,10.03559957508449],[-83.34087356366686,10.026614528494777],[-83.33705491886623,10.022122005199922],[-83.32178033966373,10.01156457545701],[-83.31818632102785,10.00437653818524],[-83.31504155472145,9.999434762560897],[-83.30156398483687,9.995391491595527],[-83.28763716262283,9.997637753242955],[-83.26787006012546,10.002579528867297],[-83.25933426586522,10.003927285855754],[-83.250798471605,9.998985510231412],[-83.23777015404991,9.996289996254498],[-83.22743735047175,10.00213027653781],[-83.22294482717689,10.004825790514724],[-83.21351052825769,10.007072052162153],[-83.19733744439621,10.007072052162153],[-83.18430912684113,10.001681024208326],[-83.1757733325809,9.999434762560897],[-83.16768679065015,9.994492986936555],[-83.15510772542456,9.989551211312213],[-83.14297791252844,9.986406445005814],[-83.1348913705977,9.978319903075072]]}},{"type":"Feature","properties":{"accuracy":"100000","activity_confidence":"1","average_dip":"(70,40,90)","average_rake":"(-90,-90,-135)","catalog_id":"CA_109.0","catalog_name":"GEM_Central_Am_Carib","dip_dir":"E","downthrown_side_dir":"E","epistemic_quality":"1","exposure_quality":"2","name":"Ca\u00f1o Negro Fault","reference":"Montero et al., 1998, Montero et al. 2017","slip_type":"Dextral-Normal"},"geometry":{"type":"LineString","coordinates":[[-85.29983834638907,10.972515308226813],[-85.27692647758529,10.95319745805893],[-85.2549131134405,10.933879607891047],[-85.24368180520335,10.923546804312878],[-85.23694302026108,10.917257271700079],[-85.22571171202394,10.910069234428308],[-85.21358189912782,10.903779701815509],[-85.20235059089067,10.896591664543738],[-85.19381479663045,10.891200636589911],[-85.17629395578051,10.875476805057913],[-85.16506264754337,10.87053502943357],[-85.1515850776588,10.861999235173343],[-85.14394778805755,10.852115683924659],[-85.12597769487812,10.835942600063175],[-85.11294937732303,10.82516054415552],[-85.09587778880258,10.814378488247865],[-85.08734199454236,10.804944189328666],[-85.0734151723283,10.790118862455639],[-85.06218386409115,10.772598021605699],[-85.05072792968926,10.759794330215358],[-85.04219213542903,10.754627928426274]]}},{"type":"Feature","properties":{"accuracy":"100000","catalog_id":"CA_110.0","catalog_name":"GEM_Central_Am_Carib","name":"Penas Blancas Fault","reference":"Montero et al., 1998"},"geometry":{"type":"LineString","coordinates":[[-84.75955626364133,10.294031977621101],[-84.75169434787533,10.296727491598014],[-84.7478757030747,10.299423005574928],[-84.73821677799076,10.303466276540298],[-84.7321518715427,10.304140155034528],[-84.72698546975361,10.306835669011441],[-84.71979743248185,10.307958799835156],[-84.71238476904533,10.314248332447955],[-84.70766761958573,10.318291603413325],[-84.70519673177357,10.320537865060754],[-84.70047958231396,10.321211743554983],[-84.68902364791208,10.321436369719725],[-84.68520500311145,10.325928893014582],[-84.6822848629698,10.327950528497267],[-84.67891547049865,10.331095294803667],[-84.67532145186277,10.334015434945323],[-84.6697057977442,10.33850795824018],[-84.66633640527306,10.341877350711322],[-84.66364089129614,10.342775855370293],[-84.660271498825,10.34412361235875],[-84.65510509703591,10.345246743182464],[-84.65218495689426,10.347043752500408],[-84.6492648167526,10.349065387983092],[-84.64679392894043,10.354456415936921],[-84.64342453646928,10.356927303749092],[-84.63803350851546,10.360296696220233],[-84.63309173289112,10.364339967185606],[-84.62590369561934,10.365013845679833],[-84.62118654615975,10.365013845679833],[-84.6162447705354,10.367709359656747],[-84.60748435011044,10.368158611986233],[-84.6020933221566,10.368158611986233],[-84.59490528488483,10.364564593350348],[-84.59490528488483,10.364564593350348]]}},{"type":"Feature","properties":{"accuracy":"100000","activity_confidence":"1","catalog_id":"CA_111.0","catalog_name":"GEM_Central_Am_Carib","name":"Jabillos Fault","reference":"Montero et al., 1998"},"geometry":{"type":"LineString","coordinates":[[-84.56480537880925,10.357713495325692],[-84.56255911716183,10.363666088691378],[-84.55896509852593,10.367597046574376],[-84.55492182756056,10.371191065210262],[-84.5504293042657,10.373774266104805],[-84.54683528562983,10.37579590158749],[-84.5425673884997,10.377031345493576],[-84.5382994913696,10.378603728646775],[-84.52897750553277,10.379951485635232],[-84.5265066177206,10.381299242623689],[-84.52145252901389,10.38141155570606],[-84.517858510378,10.381636181870803],[-84.51302904783603,10.381973121117918],[-84.5068518283056,10.38365781735349],[-84.50000073028095,10.384668635094831],[-84.49011717903225,10.387251835989375],[-84.4816936978544,10.392530550860831],[-84.47596573065346,10.39646150874383],[-84.46855306721694,10.401403284368172],[-84.46069115145094,10.4052219291688],[-84.45282923568494,10.407018938486743],[-84.447101268484,10.406120433827772],[-84.44305799751864,10.4052219291688],[-84.44159792744782,10.404548050674572]]}},{"type":"Feature","properties":{"accuracy":"100000","activity_confidence":"1","average_dip":"(90,,)","catalog_id":"CA_112.0","catalog_name":"GEM_Central_Am_Carib","name":"Candelaria Fault","reference":"Montero et al., 1998","slip_type":"Dextral"},"geometry":{"type":"LineString","coordinates":[[-84.48674778656108,9.858931096514246],[-84.4595680206272,9.838939367852136],[-84.44856133855481,9.832200582909852],[-84.43216362852858,9.819172265354768],[-84.42295395577413,9.812208854247741],[-84.41082414287801,9.80187605066957],[-84.40296222711201,9.796260396551],[-84.39375255435756,9.785927592972829],[-84.3865645170858,9.77952574727766],[-84.37724253124897,9.770989953017432],[-84.37196381637752,9.766722055887318],[-84.36623584917658,9.760320210192148],[-84.36106944738748,9.75661387847389],[-84.35848624649294,9.75335679908512],[-84.3353497515244,9.723930771503804],[-84.32209680780458,9.707308435312836],[-84.29401853721168,9.68697976740361],[-84.28121484582135,9.677096216154926],[-84.25875222934707,9.660923132293442],[-84.23539110821382,9.64789481473836],[-84.21517475338696,9.636663506501218],[-84.19608152938382,9.623635188946134],[-84.17878531469862,9.610831497555793],[-84.16395998782559,9.597578553835966],[-84.13902648353911,9.573094301878998],[-84.1237519043366,9.559167479664943],[-84.10084003553281,9.534458601543237],[-84.08107293303544,9.51648850836381],[-84.05232078394837,9.497170658195929],[-84.03524919542791,9.479200565016502],[-84.01952536389592,9.465273742802447],[-84.00919256031774,9.454940939224276],[-83.99032396247935,9.438767855362793],[-83.98493293452552,9.43382607973845],[-83.96718746751084,9.410689584769937],[-83.9575285424269,9.398335145709082],[-83.94674648651925,9.3790172955412],[-83.92832714101033,9.355880800572688],[-83.91125555248988,9.340381595205432],[-83.8914884499925,9.31702047407218],[-83.87621387078998,9.290963838962012],[-83.86273630090541,9.271196736464644],[-83.8411721890901,9.237053559423735]]}},{"type":"Feature","properties":{"accuracy":"100000","activity_confidence":"1","average_dip":"(20,15,35)","average_rake":"(90,,)","catalog_id":"CA_113.0","catalog_name":"GEM_Central_Am_Carib","dip_dir":"N","downthrown_side_dir":"S","name":"Longitudinal Fault","reference":"Montero et al., 1998","shortening_rate":"(5., 0.1, 10.)","slip_type":"Reverse"},"geometry":{"type":"LineString","coordinates":[[-83.84063232156079,9.231871362046704],[-83.84063232156079,9.228388308517445],[-83.83858346654357,9.223675941977861],[-83.8359199550212,9.219783117445159],[-83.83284667249538,9.218553804434833],[-83.82936361896613,9.217529376926228],[-83.82649522194203,9.214865865403853],[-83.8234219394162,9.21261212488492],[-83.82014377138867,9.212817010386642],[-83.81707048886285,9.211997468379757],[-83.81379232083532,9.210358384365989],[-83.80907995429574,9.206055788829845],[-83.80539201526476,9.204416704816076],[-83.80006499222,9.204621590317798],[-83.79678682419247,9.20482647581952],[-83.79391842716838,9.20318739180575],[-83.79207445765289,9.20134342229026],[-83.78982071713395,9.199909223778212],[-83.78367415208231,9.196016399245512],[-83.77978132754961,9.193557773224859],[-83.7767080450238,9.192123574712811],[-83.76748819744635,9.18659166616634],[-83.76093186139127,9.184952582152572],[-83.75724392236029,9.184952582152572],[-83.75212178481726,9.183723269142245],[-83.7476143037794,9.182903727135361],[-83.74208239523293,9.180445101114707],[-83.73634560118474,9.179420673606103],[-83.73265766215377,9.178601131599217],[-83.73040392163483,9.174503421564795],[-83.73388697516408,9.16958616952349],[-83.73511628817441,9.16610311599423],[-83.73368208966237,9.160980978451203],[-83.73040392163483,9.157497924921945],[-83.72835506661762,9.151761130873753],[-83.72733063910901,9.1493025048531],[-83.72733063910901,9.142746168798025],[-83.72548666959352,9.139058229767045],[-83.72056941755221,9.134140977725737],[-83.71585705101263,9.130657924196479],[-83.71339842499198,9.126355328660336],[-83.71093979897132,9.124101588141404],[-83.70930071495755,9.12164296212075],[-83.70704697443863,9.11959410710354],[-83.70438346291625,9.116930595581165],[-83.70110529488872,9.115086626065676],[-83.69782712686117,9.11221822904158],[-83.69557338634225,9.107915633505437],[-83.69372941682676,9.10648143499339],[-83.69147567630782,9.103817923471015],[-83.68819750828028,9.10094952644692],[-83.68717308077167,9.09746647291766],[-83.68389491274414,9.093983419388401],[-83.68287048523554,9.093163877381517],[-83.67918254620459,9.087836854336771],[-83.67774834769254,9.082509831292022],[-83.67221643914607,9.079846319769647],[-83.66832361461337,9.078207235755878],[-83.66320147707034,9.076363266240389],[-83.65869399603248,9.073289983714572],[-83.6541865149946,9.069806930185313],[-83.6511132324688,9.066528762157775],[-83.64742529343782,9.06366036513368],[-83.64414712541027,9.060587082607864],[-83.63943475887069,9.05833334208893],[-83.635541934338,9.056694258075163],[-83.63267353731389,9.053620975549347],[-83.62509277375021,9.053006319044183],[-83.61935597970202,9.051572120532136],[-83.61607781167449,9.052596548040741],[-83.61116055963318,9.048703723508039],[-83.60235048305917,9.038664333923705],[-83.59927720053335,9.03210799786863],[-83.59374529198689,9.025141890810113],[-83.5812472763819,9.01346341721201],[-83.57489582582855,9.007111966658655],[-83.57100300129585,9.00444845513628],[-83.56485643624421,8.999940974098417],[-83.5578903291857,8.994204180050225],[-83.55071933662545,8.991130897524409],[-83.54129460354628,8.988877157005478],[-83.53227964147055,8.98744295849343],[-83.5220353663845,8.990721126520967],[-83.51302040430878,8.985598988977939],[-83.50687383925714,8.9784279964177],[-83.49806376268313,8.972076545864347],[-83.48884391510568,8.967978835829925],[-83.47921429652479,8.968798377836809],[-83.47142864745939,8.968593492335089],[-83.46651139541808,8.967159293823041],[-83.45913551735612,8.966749522819597],[-83.45380849431137,8.965929980812714],[-83.44643261624941,8.966339751816156],[-83.43311505863754,8.964905553304108],[-83.42983689060998,8.957324789740435],[-83.42819780659622,8.946260972647496],[-83.42246101254801,8.935197155554555],[-83.41221673746196,8.929050590502921],[-83.40361154638968,8.922904025451288],[-83.39746498133805,8.918396544413424],[-83.38599139324167,8.911840208358349],[-83.38025459919348,8.908971811334254],[-83.37410803414184,8.906513185313601],[-83.3679614690902,8.90446433029639],[-83.36427353005922,8.899956849258526],[-83.35853673601103,8.89544936822066],[-83.35402925497317,8.89340051320345],[-83.35034131594219,8.888893032165585],[-83.33948238435096,8.883156238117396],[-83.33149184978383,8.879673184588137],[-83.31510100964614,8.867584939986592],[-83.31100329961173,8.86348722995217],[-83.30588116206869,8.849964786838576],[-83.3030127650446,8.83910585524736],[-83.29973459701706,8.832344633690562],[-83.2952271159792,8.829476236666467],[-83.28785123791724,8.825378526632045],[-83.28354864238109,8.822510129607949],[-83.27760696283119,8.816568450058037],[-83.26818222975201,8.812060969020173],[-83.26285520670729,8.808987686494358],[-83.2552744431436,8.801611808432398],[-83.2513816186109,8.797104327394534],[-83.24707902307476,8.792187075353228],[-83.24154711452829,8.789728449332575],[-83.23744940449386,8.786040510301595],[-83.23232726695083,8.779279288744798],[-83.22741001490954,8.776410891720703],[-83.21798528183037,8.772518067188],[-83.21327291529077,8.763503105112273],[-83.2067165792357,8.757971196565803],[-83.19729184615653,8.754283257534823],[-83.19339902162383,8.74998066199868],[-83.18581825806015,8.747317150476306],[-83.17721306698786,8.741580356428114],[-83.17311535695343,8.73871195940402],[-83.16553459338975,8.734204478366156],[-83.15795382982608,8.729901882830012],[-83.15180726477445,8.723140661273217],[-83.14729978373659,8.715559897709536],[-83.14115321868495,8.709618218159623],[-83.13254802761266,8.701217912589058],[-83.11410833245776,8.697325088056356],[-83.10550314138547,8.691793179509887],[-83.09689795031319,8.688105240478908],[-83.07886802616173,8.682778217434159],[-83.06903352207912,8.6831879884376],[-83.05018405592078,8.680319591413506],[-83.03625184180375,8.674173026361872],[-83.02354894069703,8.670894858334334],[-83.00838741356966,8.665977606293028],[-82.99650405446985,8.663109209268933],[-82.98257184035282,8.656552873213858],[-82.97150802325987,8.652045392175992],[-82.95716603813939,8.645489056120917],[-82.9415947400086,8.636064323041747],[-82.92479412886746,8.628278673976345],[-82.91454985378141,8.622951650931597],[-82.89938832665403,8.61106829183177],[-82.88463657053012,8.602872871762928],[-82.87849000547848,8.59959470373539],[-82.87029458540964,8.588121115639009],[-82.8620991653408,8.579106153563279],[-82.8543135162754,8.569271649480667],[-82.84324969918245,8.562305542422148],[-82.83710313413083,8.559437145398054]]}},{"type":"Feature","properties":{"accuracy":"","catalog_id":"CA_114.0","catalog_name":"GEM_Central_Am_Carib","name":"St. Bran's Burg Fault","reference":"DEM","slip_type":"Sinistral"},"geometry":{"type":"LineString","coordinates":[[-77.86318930473534,18.515285154978972],[-77.84671734648757,18.512684319466167],[-77.83429113237082,18.51066144740065],[-77.82475473549053,18.509505520506067],[-77.80654888690088,18.50285894086223],[-77.79585656312601,18.50025810534942],[-77.78227442211468,18.497079306389324],[-77.76349061007775,18.49187763536371],[-77.7484635604482,18.487831891232677],[-77.72967974841126,18.48407512882529],[-77.71494168050535,18.478295494352388],[-77.69066721571916,18.473671786774062],[-77.66754867782754,18.469915024366674],[-77.6424072678704,18.46355742644648],[-77.62564632789898,18.459800664039093],[-77.60686251586205,18.454887974737122],[-77.58836768554875,18.453732047842543],[-77.57565248970836,18.452287139224318]]}},{"type":"Feature","properties":{"catalog_id":"CA_115.0","catalog_name":"GEM_Central_Am_Carib","reference":"DEM","slip_type":"Sinistral"},"geometry":{"type":"LineString","coordinates":[[-77.60866865163486,18.43726008959477],[-77.59017382132157,18.432058418569156],[-77.57716964375754,18.429168601332705],[-77.56214259412799,18.425700820648963],[-77.55722990482602,18.4233889668598],[-77.54971638001125,18.420210167899704],[-77.53815711106543,18.417031368939607],[-77.5309325679743,18.418476277557833],[-77.51763940868662,18.417609332386895],[-77.50347930422801,18.416453405492316],[-77.4887412363221,18.41154071619035],[-77.47804891254722,18.407494972059315],[-77.46648964360142,18.40460515482286]]}},{"type":"Feature","properties":{"activity_confidence":"1","catalog_id":"CA_116.0","catalog_name":"GEM_Central_Am_Carib","dip_dir":"S","name":"Duanvale Fault","reference":"Mann et al., 2007","slip_type":"Sinistral-Reverse"},"geometry":{"type":"LineString","coordinates":[[-77.93221981397117,18.45398490685074],[-77.91863767295985,18.45282897995616],[-77.90823433090861,18.451962034785225],[-77.89378524472636,18.451962034785225],[-77.88945051887168,18.451962034785225],[-77.87586837786036,18.449650180996063],[-77.8544837303106,18.45022814444335],[-77.84176853447022,18.448205272377837],[-77.83049824724806,18.4473383272069],[-77.81171443521112,18.44618240031232],[-77.7949534952397,18.445315455141383],[-77.78455015318846,18.44069174756306],[-77.77674764665005,18.436934985155673],[-77.76403245080965,18.42682062482809],[-77.74987234635104,18.420752008631542],[-77.74091391291805,18.416417282776862],[-77.72386399122297,18.410637648303958],[-77.71230472227717,18.405435977278344],[-77.69930054471313,18.398211434187214],[-77.69005312955649,18.394454671779826],[-77.68037224181438,18.392142817990663],[-77.67098033579592,18.390986891096084],[-77.66245537494838,18.389397491616037],[-77.6491622156607,18.388241564721454],[-77.63413516603114,18.3885305464451],[-77.6198305707107,18.389975455063325],[-77.611450100725,18.391709345405197],[-77.60610393883756,18.394888144365293],[-77.60119124953559,18.396477543845343],[-77.59656754195727,18.400812269700022],[-77.59151036179348,18.40240166918007],[-77.58414132784053,18.40124574228549],[-77.57893965681488,18.399945324529085],[-77.57185960458558,18.39951185194362],[-77.5630456620144,18.39951185194362],[-77.55769950012697,18.39965634280544],[-77.54845208497032,18.398355925049035],[-77.54267245049742,18.39676652556899],[-77.53559239826811,18.396188562121697],[-77.52822336431515,18.396188562121697],[-77.5170975679548,18.39792245246357],[-77.50987302486368,18.398789397634506],[-77.50192602746344,18.39864490677268],[-77.49484597523413,18.398789397634506],[-77.48892184989941,18.39517712608894],[-77.48270874284103,18.390408927648792],[-77.47505072716443,18.386218692655937],[-77.4665257663169,18.381594985077616],[-77.45670038771297,18.375092896295598],[-77.45164320754917,18.370469188717273]]}},{"type":"Feature","properties":{"catalog_id":"CA_117.0","catalog_name":"GEM_Central_Am_Carib","name":"Duanvale Fault East","reference":"Mann et al., 2007","slip_type":"Sinistral-Reverse"},"geometry":{"type":"LineString","coordinates":[[-77.4701380378617,18.385496238346974],[-77.46002367753412,18.38462929317604],[-77.4522211709957,18.383184384557815],[-77.44123986549718,18.381161512492298],[-77.43314837723511,18.382317439386878],[-77.42563485242034,18.383762348005103],[-77.41378660175089,18.383184384557815],[-77.40656205865976,18.384918274899686],[-77.3921129724775,18.38636318351791],[-77.38113166697899,18.387230128688845],[-77.36812748941495,18.386652165241557],[-77.35281145806175,18.38405132972875],[-77.34125218911595,18.379427622150427],[-77.32709208465732,18.37307002423023],[-77.31639976088245,18.36757937148097],[-77.31004216296226,18.368157334928263],[-77.30310660159478,18.36844631665191],[-77.28836853368887,18.367290389757326],[-77.27478639267754,18.360932791837133],[-77.26582795924455,18.3568870477061],[-77.2591813796007,18.352263340127777],[-77.24588822031302,18.345616760483935],[-77.2386636772219,18.341571016352905],[-77.23346200619628,18.33810323566916],[-77.22797135344702,18.333768509814483],[-77.22363662759234,18.32856683878887],[-77.21987986518495,18.323943131210545]]}},{"type":"Feature","properties":{"catalog_id":"CA_118.0","catalog_name":"GEM_Central_Am_Carib","dip_dir":"W","reference":"DEM","slip_type":"Reverse"},"geometry":{"type":"LineString","coordinates":[[-78.02267109347129,18.1619688751074],[-78.00533219005257,18.148386734096075],[-77.99955255557967,18.140873209281303],[-77.99319495765948,18.12960292205914],[-77.99088310387032,18.123823287586234]]}},{"type":"Feature","properties":{"catalog_id":"CA_119.0","catalog_name":"GEM_Central_Am_Carib","dip_dir":"W","name":"Beeston Spring Fault","reference":"DEM","slip_type":"Reverse"},"geometry":{"type":"LineString","coordinates":[[-77.9762172813959,18.149325924698402],[-77.97231602812668,18.14426874453461],[-77.96841477485748,18.139067073508997],[-77.96696986623925,18.136177256272543],[-77.96523597589739,18.132131512141513],[-77.96451352158827,18.12880822231959],[-77.96191268607546,18.121294697504815],[-77.96104574090452,18.11826038940654],[-77.96075675918088,18.114648117860977],[-77.95974532314813,18.11146931890088],[-77.95858939625354,18.107712556493492],[-77.95743346935896,18.103522321500634],[-77.95671101504985,18.09875412306049],[-77.9558440698789,18.093407961173053],[-77.9556995790171,18.089651198765665],[-77.95627754246438,18.085894436358277],[-77.95627754246438,18.08271563739818]]}},{"type":"Feature","properties":{"catalog_id":"CA_120.0","catalog_name":"GEM_Central_Am_Carib","dip_dir":"W","name":"Savanna La Mar Fault","reference":"DEM","slip_type":"Reverse"},"geometry":{"type":"LineString","coordinates":[[-77.97166581924846,18.19252869238336],[-77.96545271219009,18.184003731535824],[-77.96068451374994,18.178946551372032],[-77.95533835186251,18.17287793517548],[-77.94999218997506,18.169699136215385],[-77.94479051894946,18.16536441036071],[-77.93973333878567,18.16218561140061],[-77.93236430483272,18.159006812440513],[-77.9252842526034,18.15669495865135],[-77.91979359985415,18.153371668829433],[-77.91228007503938,18.149614906422045],[-77.90881229435563,18.14672508918559],[-77.90447756850095,18.14210138160727],[-77.90014284264628,18.138633600923527],[-77.89624158937706,18.134732347654314],[-77.89118440921327,18.13213151214151],[-77.88612722904948,18.129241694905055],[-77.88092555802386,18.125918405083137],[-77.87572388699824,18.12230613353757]]}},{"type":"Feature","properties":{"catalog_id":"CA_121.0","catalog_name":"GEM_Central_Am_Carib","dip_dir":"W","name":"New Market Fault","reference":"DEM","slip_type":"Sinistral-Reverse"},"geometry":{"type":"LineString","coordinates":[[-77.91170211159209,18.156983940374996],[-77.90801759461561,18.153949632276724],[-77.90361062333002,18.149687151852955],[-77.89840895230442,18.14658059832377],[-77.89551913506797,18.144774462550988],[-77.88605498361858,18.140367491265398],[-77.88063657630023,18.13834461919988],[-77.87240059717635,18.134154384207026],[-77.86792138045985,18.13097558524693],[-77.86748790787438,18.130831094385105],[-77.85563965720492,18.11840488026836],[-77.85072696790294,18.110891355453585]]}},{"type":"Feature","properties":{"activity_confidence":"1","catalog_id":"CA_122.0","catalog_name":"GEM_Central_Am_Carib","dip_dir":"E","name":"Pondside Fault","reference":"Benford et al., 2015","slip_type":"Reverse"},"geometry":{"type":"LineString","coordinates":[[-77.80580837123388,17.98101213203279],[-77.80494142606294,17.97638842445447],[-77.80479693520111,17.97219818946161],[-77.80566388037205,17.969597353948807],[-77.80653082554299,17.966707536712352],[-77.80768675243758,17.96323975602861],[-77.80797573416122,17.959771975344868],[-77.80681980726663,17.955437249490192],[-77.80609735295752,17.950813541911867],[-77.80537489864841,17.94431145312985],[-77.80421897175383,17.941277145031574],[-77.80364100830654,17.938531818656944],[-77.80234059055013,17.93491954711138],[-77.80161813624102,17.93217422073675],[-77.80104017279373,17.929428894362122],[-77.79973975503732,17.9261056045402],[-77.79901730072821,17.923504769027396],[-77.79815035555728,17.920759442652766],[-77.79786137383363,17.917580643692666],[-77.79858382814274,17.913534899561636],[-77.79843933728093,17.91165651835794],[-77.79815035555728,17.90775526508873]]}},{"type":"Feature","properties":{"activity_confidence":"1","catalog_id":"CA_123.0","catalog_name":"GEM_Central_Am_Carib","name":"Siloah Fault","reference":"Benford et al., 2015","slip_type":"Sinistral"},"geometry":{"type":"LineString","coordinates":[[-77.83694615195665,18.150138685796147],[-77.8308775357601,18.150861140105263],[-77.82553137387266,18.15245053958531],[-77.82163012060346,18.15230604872349],[-77.81585048613056,18.151872576138018],[-77.81064881510494,18.15245053958531],[-77.80414672632293,18.152884012170777],[-77.79836709185001,18.153750957341714],[-77.7924429665153,18.154762393374472],[-77.78753027721332,18.156207301992698],[-77.78305106049682,18.156496283716343],[-77.77886082550397,18.15866364664368],[-77.77149179155101,18.159964064400086],[-77.76600113880176,18.15909711922915]]}},{"type":"Feature","properties":{"catalog_id":"CA_124.0","catalog_name":"GEM_Central_Am_Carib","dip_dir":"W","reference":"DEM","slip_type":"Reverse"},"geometry":{"type":"LineString","coordinates":[[-77.76571215707811,18.158808137505506],[-77.76195539467072,18.1530285030326],[-77.7605104860525,18.148404795454276],[-77.75762066881605,18.141758215810437],[-77.75559779675052,18.13424469099566],[-77.7547308515796,18.12586422100995],[-77.75444186985594,18.120373568260693],[-77.75270797951407,18.109392262762174]]}},{"type":"Feature","properties":{"activity_confidence":"1","average_dip":"(65.0,,)","catalog_id":"CA_125.0","catalog_name":"GEM_Central_Am_Carib","dip_dir":"E","name":"Santa Cruz Fault","reference":"Benford et al., 2015","slip_type":"Reverse"},"geometry":{"type":"LineString","coordinates":[[-77.75328594296138,18.100939547345554],[-77.75444186985597,18.087068424610585],[-77.75588677847419,18.07579813738842],[-77.75617576019783,18.065683777060837],[-77.75473085157961,18.05788127052242],[-77.7515520526195,18.047188946747546],[-77.75097408917222,18.039386440209125],[-77.75010714400128,18.02464837230322],[-77.7457724181466,18.01251113991012],[-77.74085972884464,18.006153541989924],[-77.73594703954267,17.99748409028057],[-77.73623602126631,17.989970565465793],[-77.7310343502407,17.972631662047082],[-77.72554369749145,17.96309526516679],[-77.7220759168077,17.956159703799305],[-77.71976406301853,17.94777923381359],[-77.7125395199274,17.94055469072246],[-77.7131174833747,17.93159625728946],[-77.71225053820376,17.918592079725425],[-77.7125395199274,17.911945500081586],[-77.71138359303282,17.907899755950552],[-77.70936072096731,17.90212012147765],[-77.70762683062544,17.895184560110163],[-77.70560395855992,17.887671035295387]]}},{"type":"Feature","properties":{"activity_confidence":"1","catalog_id":"CA_126.0","catalog_name":"GEM_Central_Am_Carib","name":"Siloah Fault","reference":"Benford et al., 2015","slip_type":"Sinistral"},"geometry":{"type":"LineString","coordinates":[[-77.75780128239332,18.148802145324293],[-77.7499987758549,18.15024705394252],[-77.74566405000023,18.151113999113452],[-77.74118483328373,18.15183645342257],[-77.73323783588349,18.15183645342257],[-77.72875861916698,18.152703398593502],[-77.71792180453028,18.152269926008035],[-77.70925235282093,18.15255890773168],[-77.70318373662438,18.15385932548808],[-77.6943697940532,18.15544872496813],[-77.68093214390369,18.15660465186271],[-77.67298514650345,18.15747159703365],[-77.66648305772144,18.1603614142701],[-77.65362337101922,18.15819405134276],[-77.65116702636824,18.157327106171824],[-77.64813271826996,18.155737706691777],[-77.64495391930987,18.15371483462626]]}},{"type":"Feature","properties":{"activity_confidence":"1","catalog_id":"CA_127.0","catalog_name":"GEM_Central_Am_Carib","dip_dir":"E","name":"Spur Tree Fault","reference":"Benford et al., 2015","slip_type":"Reverse"},"geometry":{"type":"LineString","coordinates":[[-77.63996898457698,18.15104175368255],[-77.62754277046024,18.138615539565805],[-77.62263008115828,18.131968959921963],[-77.62320804460556,18.1238774716599],[-77.62205211771098,18.11896478235793],[-77.62291906288192,18.11231820271409],[-77.6208961908164,18.109139403753993],[-77.61916230047453,18.104226714452025],[-77.61840372344994,18.102926296695625],[-77.61836760073449,18.101517510792856],[-77.61858433702722,18.099964234028263],[-77.61869270517359,18.09866381627186],[-77.61858433702722,18.097435643946366],[-77.61833147801903,18.092522954644398],[-77.6177896372872,18.090030487277957],[-77.61670595582353,18.08779087891971],[-77.61547778349804,18.085406779699635],[-77.61327429785524,18.081108176560416],[-77.6098065171715,18.073739142607465],[-77.60547179131683,18.06680358123998],[-77.60171502890944,18.052065513334075],[-77.59882521167299,18.044263006795653],[-77.59477946754195,18.03472660991536],[-77.59217863202915,18.029524938889747],[-77.58813288789811,18.015653816154778],[-77.5797524179124,18.001782693419806],[-77.5739727834395,17.990801387921287],[-77.5676151855193,17.98299888138287],[-77.56241351449368,17.96970572209519],[-77.55952369725723,17.95872441659667],[-77.55807878863901,17.946298202479927],[-77.5560559165735,17.940663058868843],[-77.55273262675158,17.930548698541262],[-77.55316609933705,17.923468646311953],[-77.55070975468607,17.917833502700873],[-77.55013179123877,17.909453032715163],[-77.55172119071882,17.898905199802112],[-77.55374406278433,17.891247184125515],[-77.55937920639542,17.884600604481673],[-77.56313596880281,17.8815662963834]]}},{"type":"Feature","properties":{"activity_confidence":"1","catalog_id":"CA_128.0","catalog_name":"GEM_Central_Am_Carib","name":"Rio Minho-Crawle River Fault","reference":"Benford et al., 2015","shortening_rate":"(1,-1,2)","slip_type":"Sinistral","strike_slip_rate":"None"},"geometry":{"type":"LineString","coordinates":[[-77.6059946252769,18.163990250266576],[-77.59938570464718,18.16286189796394],[-77.58890814755127,18.16286189796394],[-77.5810096814328,18.162378318405665],[-77.56730826061506,18.162217125219577],[-77.55151132837815,18.16141115928912],[-77.54022780535178,18.160282806986483],[-77.52443087311487,18.162700704777848],[-77.51185780459977,18.16157235247521],[-77.5042817248535,18.160766386544758],[-77.49332058819931,18.15979922742821],[-77.48381019021994,18.157220136450754],[-77.47301024675184,18.15496343184548],[-77.46752967842474,18.154157465915027],[-77.45705212132883,18.15447985228721],[-77.44915365521037,18.154157465915027],[-77.44520442215116,18.154560448880254],[-77.43932087085884,18.154560448880254],[-77.43682237647442,18.15447985228721],[-77.4302134558447,18.155044028438528],[-77.42852092739075,18.155285818217664],[-77.42497467729675,18.15568880118289],[-77.42021947830706,18.155366414810707],[-77.41457771679387,18.15584999436898],[-77.41022550076941,18.155930590962026],[-77.4015210687205,18.156172380741165],[-77.39080172184543,18.1528679204263],[-77.38354802847135,18.15190076130975],[-77.37871223288862,18.15173956812366],[-77.3682346757927,18.14980524989057],[-77.35953024374379,18.146581386168748],[-77.34921387983397,18.143841102005204],[-77.33905870911023,18.1402948519112],[-77.3305154702474,18.13787695411984],[-77.31923194722104,18.1385217268642],[-77.31117228791649,18.136909795003294],[-77.30665887870595,18.135942635886746],[-77.30117831037884,18.135942635886746],[-77.29360223063257,18.13352473809538],[-77.28489779858366,18.13175161304838],[-77.28038438937311,18.130623260745743],[-77.27039041183548,18.12885013569874],[-77.26789191745108,18.127157607244786],[-77.26362029801966,18.124900902639514],[-77.25983225814653,18.123288970778603],[-77.25644720123861,18.12175763551074],[-77.25354572388898,18.12087107298724],[-77.25145021246979,18.120387493428964],[-77.24500248502616,18.11853377178892],[-77.23960251329211,18.1179695956376]]}},{"type":"Feature","properties":{"activity_confidence":"1","catalog_id":"CA_129.0","catalog_name":"GEM_Central_Am_Carib","epistemic_quality":"1","name":"Cavaliers Fault","reference":"Benford et al., 2015","slip_type":"Sinistral","strike_slip_rate":"None"},"geometry":{"type":"LineString","coordinates":[[-77.41264339856077,18.135378459735428],[-77.3942673753464,18.1340889142467],[-77.37008839743277,18.128608345919606],[-77.35558101068457,18.123772550336877],[-77.32882294179346,18.11635766377669],[-77.30883498671818,18.117002436521055],[-77.2888470316429,18.114100959171417],[-77.27208294028944,18.110554709077416],[-77.25789793991343,18.108620390844322],[-77.24145623493216,18.108298004472143],[-77.22372498446214,18.108942777216505],[-77.2101847568305,18.111199481821778],[-77.18922964263868,18.111844254566144],[-77.17826850598449,18.10797561809996],[-77.14506270964975,18.098626413306683],[-77.13184486839029,18.094435390468316],[-77.11669270889773,18.09024436762995],[-77.09670475382245,18.087342890280315],[-77.08606600354044,18.086375731163766],[-77.07542725325844,18.08540857204722],[-77.07026907130353,18.085166782268082],[-77.06180642903375,18.08702050390813],[-77.05253782083352,18.088390645989904],[-77.0475408320647,18.087987663024673],[-77.04093191143497,18.087745873245538],[-77.03593492266614,18.086859310722037],[-77.0314215134556,18.08556976523331],[-77.02424841667455,18.085489168640265],[-77.01554398462564,18.087504083466406],[-77.00530821730887,18.088068259617724],[-76.99765154096954,18.0894384016995],[-76.98991426803717,18.090969736967363],[-76.98064565983694,18.091050333560407],[-76.97347256305589,18.090889140374316],[-76.95791742059811,18.091614509711725],[-76.9472786703161,18.090969736967363],[-76.93244889719573,18.090002577850818],[-76.91923105593627,18.084683202709815],[-76.90278935095498,18.08065337305754],[-76.89279537341736,18.080169793499266],[-76.87667605480826,18.078880248010538],[-76.85894480433825,18.08274888447672],[-76.84508219033442,18.085972748198543],[-76.83412105368024,18.088551839176],[-76.8241270761426,18.089518998292544],[-76.81026446213878,18.089518998292544],[-76.79898093911241,18.092420475642182],[-76.78576309785295,18.089518998292544],[-76.77834821129277,18.086939907315088],[-76.76996616561603,18.081459338987994],[-76.75868264258966,18.076301157033082],[-76.74836627867984,18.069208656845078]]}},{"type":"Feature","properties":{"activity_confidence":"1","catalog_id":"CA_130.0","catalog_name":"GEM_Central_Am_Carib","epistemic_quality":"1","exposure_quality":"1","name":"Plantain Garden Fault","net_slip_rate":"","reference":"Benford et al., 2015; Koehler et al., 2013","slip_type":"Sinistral","strike_slip_rate":"None"},"geometry":{"type":"LineString","coordinates":[[-76.78008103804322,18.090204069333424],[-76.77282734466912,18.089075717030788],[-76.76750796952813,18.08794736472815],[-76.76218859438711,18.087302591983786],[-76.75686921924611,18.086657819239424],[-76.75090507136075,18.08488469419242],[-76.74316779842837,18.083433955517602],[-76.7338185936351,18.081016057726238],[-76.72882160486628,18.07956531905142],[-76.72334103653918,18.078436966748782],[-76.71915001370083,18.076986228073963],[-76.71012319527972,18.07650264851569],[-76.705287399697,18.07618026214351],[-76.70093518367254,18.075857875771327],[-76.69432626304281,18.072795205235597],[-76.68497705824953,18.06489673911714],[-76.67772336487543,18.06006094353441],[-76.66531148954644,18.046198329530586],[-76.65612347793925,18.039428215714764],[-76.64709665951816,18.03394764738767],[-76.63710268198051,18.026855147199665],[-76.63242807958389,18.02395366985003],[-76.62662512488461,18.019762647011664],[-76.6161475677887,18.01686116966203],[-76.61389086318343,18.01541043098721],[-76.60679836299542,18.011380601334935],[-76.60147898785442,18.006867192124385],[-76.5964819990856,18.003320942030385],[-76.59438648766641,18.00074185105293],[-76.58793876022277,17.998162760075473],[-76.58519847605923,17.998323953261565],[-76.58116864640695,17.996873214586746],[-76.57794478268514,17.995100089539743],[-76.5731089871024,17.99139264625965],[-76.56762841877531,17.990425487143106],[-76.56440455505351,17.989337433136996],[-76.55981054924993,17.988289677427403],[-76.55432998092283,17.98837027402045],[-76.55054194104969,17.988450870613494],[-76.54635091821133,17.98764490468304],[-76.5424016851521,17.987161325124767],[-76.53853304868592,17.987403114903902],[-76.53587336111542,17.98675834215954],[-76.53240770761445,17.985065813705585],[-76.52861966774132,17.983373285251627],[-76.52620176994995,17.982647915914217],[-76.52209134370464,17.982124038059425],[-76.5193510595411,17.98087479086722],[-76.51552272137144,17.979625543675013],[-76.51076752238176,17.977328540773218],[-76.50621381487468,17.974789748092284],[-76.49976608743104,17.973500202603557],[-76.4952526782205,17.97285542985919],[-76.4846139279385,17.971727077556555],[-76.47655426863395,17.96930917976519],[-76.47139608667904,17.96753605471819],[-76.46414239330494,17.966246509229464],[-76.45704989311693,17.965279350112915],[-76.44753949513756,17.963667418252008],[-76.44222011999656,17.963345031879825],[-76.43367688113375,17.962055486391098],[-76.42771273324837,17.962055486391098],[-76.42223216492128,17.96076594090237],[-76.41965307394383,17.95979878178582],[-76.41143222145318,17.958186849924914],[-76.40256659621818,17.955124179389184],[-76.393378584611,17.954801793017],[-76.38370699344554,17.953189861156094],[-76.37468017502445,17.951094349736913],[-76.36919960669736,17.951094349736913],[-76.36533097023118,17.951416736109095],[-76.35952801553191,17.95044957699255],[-76.35372506083263,17.949643611062097],[-76.34792210613335,17.949321224689914],[-76.33776693540962,17.947709292829003],[-76.32583863963889,17.948515258759457],[-76.31810136670651,17.952222702039553],[-76.31342676430988,17.954882389610052],[-76.30617307093578,17.955768952133553],[-76.30053130942261,17.955204775982235],[-76.29368059901373,17.956413724877915],[-76.28352542828999,17.95560775894746],[-76.27578815535763,17.954640599830913],[-76.2709523597749,17.954801793017005],[-76.26514940507562,17.953512247528277],[-76.26079718905116,17.95367344071437],[-76.25451065479362,17.95431821345873],[-76.24741815460561,17.95367344071437],[-76.23935849530106,17.953189861156094]]}},{"type":"Feature","properties":{"activity_confidence":"1","catalog_id":"CA_131.0","catalog_name":"GEM_Central_Am_Carib","downthrown_side_dir":"S","name":"South Coast Fault","reference":"Benford et al., 2012; Benford et al., 2015","shortening_rate":"(2,0,4)","slip_type":"Sinistral","strike_slip_rate":"None"},"geometry":{"type":"LineString","coordinates":[[-77.72443131875731,17.863002273538193],[-77.71572688670841,17.863647046282555],[-77.70444336368203,17.864614205399103],[-77.69541654526094,17.86622613726001],[-77.68252109037365,17.86622613726001],[-77.67510620381347,17.866870910004376],[-77.65479586236602,17.864614205399103],[-77.64447949845619,17.86622613726001],[-77.62739302073054,17.866870910004376],[-77.61449756584327,17.865258978143466],[-77.59031858792962,17.864936591771283],[-77.56839631462124,17.869450000981832],[-77.56098142806105,17.869450000981832],[-77.5513098368956,17.866870910004376],[-77.5406710866136,17.864614205399103],[-77.5245517680045,17.862357500793827],[-77.5119786994894,17.860100796188554],[-77.4994056309743,17.8575217052111],[-77.47877290315465,17.863647046282555],[-77.46748938012828,17.863324659910376],[-77.45717301621846,17.86622613726001],[-77.44492233407554,17.868482841865287],[-77.43428358379354,17.870094773726194],[-77.42106574253408,17.870417160098373],[-77.41284489004344,17.870900739656648],[-77.39430767364297,17.866870910004373],[-77.38157341194179,17.86509778495737],[-77.37077346847369,17.86493659177128],[-77.3546541498646,17.859617216630276],[-77.30025144955891,17.8547008244545],[-77.29001568224214,17.854297841489274],[-77.2835679547985,17.854620227861457],[-77.2780873864714,17.854781421047544],[-77.27405755681913,17.855345597198866],[-77.26083971555967,17.854378438082318],[-77.25261886306903,17.853169489186634],[-77.2468965049628,17.850348608430043],[-77.23851445928607,17.846802358336042],[-77.22868167493452,17.84382028439336],[-77.2194533650308,17.839024787107153],[-77.21316683077326,17.838178522880177],[-77.21086982787146,17.8382188211767],[-77.2075653675566,17.837977031397564],[-77.20450269702087,17.83721136376363],[-77.20152062307818,17.83688897739145],[-77.19579826497197,17.836284502943606],[-77.19007590686574,17.835236747234013],[-77.1845147419456,17.83443078130356],[-77.17822820768805,17.834188991524424],[-77.17355360529142,17.834027798338333],[-77.16968496882524,17.835397940420105],[-77.16210888907895,17.835962116571423]]}},{"type":"Feature","properties":{"activity_confidence":"1","catalog_id":"CA_132.0","catalog_name":"GEM_Central_Am_Carib","name":"Enriquillo Fault","reference":"Calais et al., 2010","shortening_rate":"(2,1,3)","slip_type":"Sinistral","strike_slip_rate":"None"},"geometry":{"type":"LineString","coordinates":[[-74.41175015140145,18.335902783232612],[-74.39708157146717,18.335419203674338],[-74.38595924162689,18.33558039686043],[-74.37435333222835,18.338320681023976],[-74.35162509298952,18.339932612884883],[-74.3269625355176,18.340899772001432],[-74.31567901249123,18.34202812430407],[-74.30632980769795,18.342834090234522],[-74.29601344378813,18.34396244253716],[-74.28666423899485,18.34396244253716],[-74.27989412517903,18.3450907948398],[-74.26619270436129,18.346541533514614],[-74.25297486310183,18.348314658561616],[-74.24088537414501,18.350893749539072],[-74.23250332846828,18.352505681399983],[-74.22557202146638,18.352828067772165],[-74.21847952127837,18.352989260958257],[-74.20880793011291,18.353311647330436],[-74.19881395257528,18.354439999633072],[-74.18930355459591,18.354923579191347],[-74.17979315661653,18.356535511052257],[-74.1678648608458,18.357180283796616],[-74.15787088330815,18.35734147698271],[-74.14707093984006,18.356213124680075],[-74.13014565530051,18.357019090610528],[-74.12043376583853,18.35617282638355],[-74.10350848129896,18.355205667267004],[-74.05329680383161,18.35246538310346],[-74.03105214415105,18.34891913300946],[-74.00445526844604,18.343438564682366],[-73.9820494155794,18.33940873503009],[-73.95658089217703,18.33215504165599],[-73.92530941407537,18.32602970058454]]}},{"type":"Feature","properties":{"activity_confidence":"1","catalog_id":"CA_133.0","catalog_name":"GEM_Central_Am_Carib","name":"Enriquillo Fault","reference":"Calais et al., 2010","shortening_rate":"(1,0,2)","slip_type":"Sinistral","strike_slip_rate":"None"},"geometry":{"type":"LineString","coordinates":[[-73.93933322126527,18.310071575161533],[-73.91934526618999,18.313617825255534],[-73.90516026581399,18.317164075349535],[-73.88194844701688,18.321999870932267],[-73.86647390115215,18.323289416420995],[-73.84906503705433,18.327158052887178],[-73.83173676954954,18.331671462097724],[-73.8190831044414,18.33368637692386],[-73.81086225195075,18.33602367812218],[-73.80481750747235,18.336990837238726],[-73.79442054696948,18.339247541844003],[-73.78370120009443,18.340778877111866],[-73.7698385860906,18.34303558171714],[-73.75484761978414,18.344486320391958],[-73.74283872742035,18.345453479508507],[-73.73219997713835,18.347548990927688],[-73.68642111228851,18.352223593324325],[-73.66449883898015,18.357381775279237],[-73.62871395166795,18.36447427546724],[-73.59325145072793,18.36737575281688],[-73.57987241628236,18.36947126423606],[-73.57132917741953,18.369954843794336],[-73.55714417704353,18.371727968841338],[-73.5452158812728,18.37253393477179],[-73.53360997187424,18.373178707516153],[-73.51958616468433,18.372695127957883],[-73.51055934626324,18.372453338178747],[-73.50249968695869,18.371969758620473],[-73.49685792544551,18.372050355213517],[-73.48791170361746,18.3723727415857],[-73.4830759080347,18.37221154839961],[-73.47308193049707,18.371083196096972],[-73.45857454374888,18.371405582469155],[-73.45132085037478,18.371727968841334],[-73.43858658867363,18.371324985876107],[-73.4281090315777,18.37140558246915],[-73.41916280974966,18.370841406317833],[-73.41045837770075,18.370841406317833],[-73.40376886047797,18.37019663357347],[-73.3886167009854,18.371486179062195],[-73.37942868937822,18.371808565434378],[-73.37136903007367,18.371647372248287],[-73.36137505253602,18.371002599503925],[-73.3528318136732,18.371808565434378],[-73.34267664294947,18.371647372248287],[-73.33268266541182,18.370841406317833],[-73.32397823336291,18.37196975862047],[-73.30866488068429,18.374387656411834],[-73.29834851677447,18.374710042784013],[-73.27965010718792,18.37567720190056],[-73.26578749318409,18.37696674738929],[-73.25063533369153,18.37728913376147],[-73.23290408322153,18.37728913376147],[-73.21807431010116,18.379545838366745],[-73.20517885521387,18.379223451994562],[-73.18583567288296,18.37954583836674],[-73.17132828613477,18.379223451994562],[-73.15037317194295,18.379868224738924],[-73.13586578519475,18.381480156599835],[-73.12361510305183,18.383736861205108],[-73.10394953434874,18.385026406693836],[-73.08299442015691,18.388250270415657],[-73.06977657889745,18.38857265678784],[-73.05228711820655,18.38752490107824],[-73.0316543903869,18.391554730730515],[-73.01698581045262,18.39445620808015],[-73.00151126458789,18.397035299057606],[-72.99296802572506,18.399292003662882],[-72.9889381960728,18.400259162779427],[-72.96749950232268,18.403805412873428],[-72.95557120655195,18.405094958362156],[-72.9441264903395,18.406868083409158],[-72.92881313766085,18.41057552668925],[-72.92139825110067,18.413315810852797]]}},{"type":"Feature","properties":{"activity_confidence":"1","catalog_id":"CA_134.0","catalog_name":"GEM_Central_Am_Carib","epistemic_quality":"1","exposure_quality":"1","name":"Enriquillo Fault","reference":"Prentice et al., 2010","shortening_rate":"(1,0,2)","slip_type":"Sinistral","strike_slip_rate":"None"},"geometry":{"type":"LineString","coordinates":[[-73.03544243026005,18.43487539949247],[-73.02351413448932,18.439066422330836],[-73.00932913411332,18.44196789968047],[-72.99965754294786,18.442612672424836],[-72.99030833815458,18.442290286052653],[-72.96580697386875,18.439388808703015],[-72.95097720074837,18.438744035958653],[-72.93518026851146,18.437776876842108],[-72.9238967454851,18.439066422330836],[-72.91035651785344,18.44196789968047],[-72.89552674473308,18.44454699065793],[-72.88166413072925,18.44454699065793],[-72.86457765300361,18.44357983154138],[-72.84007628871778,18.44164551330829],[-72.82524651559741,18.437776876842108],[-72.81235106071013,18.432296308515014],[-72.80171231042813,18.42842767204883],[-72.79042878740175,18.426493353815736],[-72.77011844595427,18.422947103721732],[-72.74400514980753,18.42423664921046],[-72.71821424003298,18.425526194699188],[-72.70435162602915,18.429717217537554],[-72.68500844369824,18.435520172236828],[-72.67275776155532,18.43938880870301],[-72.64954594275821,18.439711195075194],[-72.63503855601003,18.44067835419174],[-72.6034446915362,18.44712608163538],[-72.58668060018273,18.45357380907902],[-72.5510569060566,18.46614687759412],[-72.53364804195877,18.471627445921214],[-72.50817951855639,18.473239377782125],[-72.48271099515402,18.475334889201307],[-72.46465735831184,18.47630204831785],[-72.44853803970274,18.4772692074344],[-72.440155994026,18.478719946109216],[-72.42629338002219,18.480331877970126],[-72.41001286822699,18.48210500301713],[-72.39856815201453,18.4843617076224],[-72.38502792438288,18.484684093994584],[-72.35504599176998,18.491293014624315],[-72.34021621864962,18.496128810207043],[-72.32119542269088,18.4987079011845],[-72.30088508124341,18.502254151278503],[-72.29459854698587,18.50249594105764],[-72.28702246723958,18.50265713424373],[-72.27968817727245,18.503301906988092],[-72.27573894421322,18.503624293360275],[-72.27243448389835,18.504672049069868],[-72.26356885866335,18.507009350268184],[-72.25881365967366,18.50765412301255],[-72.2497062446595,18.507734719605594],[-72.23858391481923,18.50902426509432],[-72.22552726674586,18.51047500376914]]}},{"type":"Feature","properties":{"activity_confidence":"1","average_dip":"(90.0,,)","catalog_id":"CA_135.0","catalog_name":"GEM_Central_Am_Carib","fs_name":"Septentrional Fault","name":"Monte Cristi Fault","reference":""},"geometry":{"type":"LineString","coordinates":[[-71.69063389823498,19.840199914800912],[-71.67782446206046,19.840368460013735],[-71.66383520939618,19.83952573394962],[-71.65001450194472,19.837840281821396],[-71.63956469874972,19.83548064884188],[-71.63164307374706,19.834637922777766],[-71.61967636363666,19.833963741926475],[-71.60484438490826,19.830761382882844],[-71.59608003384149,19.82975011160591],[-71.58461895936955,19.828064659477683],[-71.57332643011044,19.826210662136635],[-71.56371935297955,19.824862300434052],[-71.55579772797688,19.82267121266736],[-71.54888737425117,19.82216557702889],[-71.54332538222802,19.820985760539134],[-71.53928029712027,19.819974489262197],[-71.5335497598843,19.816603585005744],[-71.52866194871244,19.815423768515988],[-71.522425775838,19.81441249723905],[-71.51366142477123,19.81188431904671],[-71.50708816147115,19.810535957344133],[-71.50287453115058,19.80868196000308],[-71.49946149059096,19.810957320376193],[-71.49170841080111,19.81129441080184],[-71.48210133367023,19.810451684737725],[-71.47738206771119,19.808850505215908],[-71.47131444004957,19.806743690055626],[-71.467100809729,19.805479600959455],[-71.46322426983409,19.804046966650464],[-71.45951627515198,19.80320424058635],[-71.45538691743783,19.801855878883767],[-71.4528587392455,19.801603061064533],[-71.44957210759546,19.802445787128647],[-71.4424932086569,19.80261433234147],[-71.43693121663375,19.80143451585171],[-71.42791404774775,19.798484974627318],[-71.41957105971302,19.795282615583687],[-71.41502033896681,19.794018526487516],[-71.41105952646548,19.79275443739135],[-71.40431771795258,19.789889168773364],[-71.3999355424192,19.788035171432313],[-71.39591152546305,19.78634971930409],[-71.38942253476938,19.784158631537395],[-71.38200654540518,19.781209090313002],[-71.37374782997688,19.778343821695017]]}},{"type":"Feature","properties":{"activity_confidence":"1","catalog_id":"CA_136.0","catalog_name":"GEM_Central_Am_Carib","fs_name":"Septentrional Fault","name":"[rename]","slip_type":"Sinistral"},"geometry":{"type":"LineString","coordinates":[[-71.69326741718534,19.830887791792474],[-71.68484015654421,19.830466428760417],[-71.66967108739017,19.829286612270657],[-71.65829428552465,19.827938250568078],[-71.64877148100017,19.826674161471907],[-71.63773176956029,19.82482016413086],[-71.62711342115246,19.82338752982187],[-71.61868616051133,19.82296616678981],[-71.60789926689068,19.81959526253336],[-71.59053910996997,19.815465904819206],[-71.58169048629678,19.814117543116627],[-71.56719559799404,19.810662366253762],[-71.55699861261827,19.80855555109348],[-71.55042534931819,19.807038644178075],[-71.53534055277056,19.803499194708806],[-71.52682901952302,19.800886743910056],[-71.51182849558181,19.797094476621545],[-71.50407541579197,19.794987661461263],[-71.4810689942417,19.78976275986376],[-71.46657410593895,19.78605476518166],[-71.46286611125684,19.784537858266255],[-71.45089940114644,19.78217822528674],[-71.43724723890782,19.77914441145593],[-71.42679743571281,19.776616233263592],[-71.4252805287974,19.77560496198666],[-71.41002718703696,19.77282396597509],[-71.40025156469325,19.77029578778275],[-71.3917400314457,19.767514791771177],[-71.38145877346355,19.764396705333958],[-71.37202024154548,19.760351620226213],[-71.36089625749919,19.75563235426718],[-71.34859245696313,19.75175581437226],[-71.33679429206555,19.74602527713629],[-71.32516467238077,19.740294739900325],[-71.31387214312164,19.735912564366938],[-71.30510779205487,19.73169893404637],[-71.28639927343156,19.724114399469354],[-71.26482548619026,19.71602422925387],[-71.25184750480292,19.70978805637943],[-71.24106061118228,19.705574426058867],[-71.22976808192315,19.70068661488701],[-71.22403754468719,19.698495527120315],[-71.2085313851075,19.692596444671526],[-71.18746323350469,19.684169184030395],[-71.17397961647886,19.676247559027725],[-71.13892221221177,19.660741399448042],[-71.10083099411385,19.645909420719654],[-71.06847031325191,19.6320887132682],[-71.03206454728222,19.618942186668036],[-71.01217621216915,19.613211649432067],[-70.9946475100356,19.60815529304739],[-70.97577044619948,19.601750574960136],[-70.9632981004506,19.598042580278037],[-70.94138722278366,19.59096368133949],[-70.91543126000899,19.58219933027271],[-70.89941946479084,19.577690745829695],[-70.87632877063415,19.57078039210397],[-70.85273244083898,19.564038583591064],[-70.83773191689777,19.560162043696145],[-70.82037175997704,19.55409441603453]]}},{"type":"Feature","properties":{"accuracy":"100000","activity_confidence":"1","average_dip":"(80,70,90)","catalog_id":"CA_137.0","catalog_name":"GEM_Central_Am_Carib","dip_dir":"S","epistemic_quality":"1","exposure_quality":"1","fs_name":"Septentrional Fault","name":"Septentrional Mountain Front Fault","reference":"Mann et al., 1998 GSA SP","slip_type":"Sinistral-Normal"},"geometry":{"type":"LineString","coordinates":[[-69.24145119257737,19.159015317178337],[-69.25273471560375,19.161916794527976],[-69.26337346588575,19.165463044621976],[-69.27626892077303,19.16933168108816],[-69.30657323975814,19.178358499509255],[-69.32204778562287,19.1828719087198],[-69.34268051344252,19.19060918165217],[-69.35815505930725,19.194800204490534],[-69.37137290056671,19.19705690909581],[-69.37782062801035,19.196412136351444],[-69.38813699192018,19.198346454584538],[-69.39619665122473,19.199636000073266],[-69.40586824239018,19.199313613701083],[-69.41908608364965,19.20189270467854],[-69.42811290207074,19.202859863795084],[-69.43456062951438,19.204794182028177],[-69.44971278900694,19.21059713672745],[-69.46164108477767,19.21188668221618],[-69.46550972124385,19.213821000449272],[-69.48388574445822,19.218334409659818],[-69.49194540376277,19.220591114265094],[-69.5074199496275,19.222847818870367],[-69.51838108628169,19.223814977986912],[-69.5361123367517,19.225749296220005],[-69.54997495075553,19.225426909847823],[-69.55996892829316,19.227038841708733],[-69.57254199680827,19.227361228080913],[-69.59414188374446,19.229295546314006],[-69.60961642960919,19.233808955524555],[-69.6254133618461,19.235420887385462],[-69.65668483994776,19.241546228456922],[-69.67473847678995,19.250250660505834],[-69.69214734088777,19.255408842460746],[-69.71149052321869,19.26443566088184],[-69.72277404624506,19.270561001953297]]}},{"type":"Feature","properties":{"accuracy":"100000","average_dip":"(60,50,80)","catalog_id":"CA_138.0","catalog_name":"GEM_Central_Am_Carib","dip_dir":"N","downthrown_side_dir":"N","fs_name":"","name":"South Samana Fault","reference":"Mann et al.., 1998 GSA SP","slip_type":"Normal-Sinistral"},"geometry":{"type":"LineString","coordinates":[[-70.0823557461175,19.133224407403766],[-70.07727816075564,19.133546793775945],[-70.07115281968417,19.132982617624627],[-70.06663941047363,19.1334661971829],[-70.06349614334486,19.13209605510113],[-70.05922452391344,19.131451282356764],[-70.0539857453655,19.131209492577625],[-70.04931114296886,19.130564719833263],[-70.04455594397918,19.130000543681945],[-70.04125148366431,19.129113981158444],[-70.03601270511635,19.12887219137931],[-70.03141869931275,19.12806622544885],[-70.02642171054394,19.127663242483624],[-70.02247247748471,19.12758264589058],[-70.01795906827417,19.12685727655317],[-70.01288148291229,19.12669608336708],[-70.00981881237657,19.12580952084358],[-70.00474122701469,19.12524534469226],[-69.99926065868759,19.12540653787835],[-69.99474724947704,19.126051310622714],[-69.9865263969864,19.125890117436622],[-69.98201298777586,19.12524534469226],[-69.97556526033222,19.126373696994897],[-69.96444293049194,19.125890117436622],[-69.96025190765357,19.12508415150617],[-69.95589969162911,19.122988640086987],[-69.94880719144112,19.12234386734262],[-69.94106991850875,19.121537901412168],[-69.93768486160084,19.12057074229562],[-69.92817446362147,19.11879761724862],[-69.91898645201428,19.117991651318164],[-69.90850889491837,19.117024492201615],[-69.90173878110255,19.116379719457253],[-69.89271196268146,19.117024492201615],[-69.88690900798218,19.116379719457253],[-69.8814284396551,19.116379719457253],[-69.87659264407236,19.117346878573798],[-69.87272400760618,19.116702105829432],[-69.86885537113999,19.115090173968525],[-69.86369718918507,19.11444540122416],[-69.85660468899708,19.11444540122416],[-69.85209127978653,19.113800628479797],[-69.8453211659707,19.11251108299107],[-69.84209730224889,19.111866310246704],[-69.83532718843307,19.110254378385793],[-69.81920786982397,19.110254378385793],[-69.80179900572614,19.110576764757976],[-69.79502889191032,19.110576764757976],[-69.78567968711704,19.10960960564143],[-69.77536332320722,19.10799767378052],[-69.76021116371467,19.104129037314337],[-69.74731570882739,19.09993801447597],[-69.73861127677847,19.098970855359426],[-69.72797252649647,19.097036537126332],[-69.71249798063174,19.09929324173161],[-69.69831298025574,19.100905173592515],[-69.68477275262408,19.09993801447597],[-69.66897582038717,19.097358923498515],[-69.65865945647735,19.094457446148876],[-69.6451192288457,19.09155596879924],[-69.63157900121406,19.0851082413556],[-69.61513729623277,19.079627673028508],[-69.60474033572993,19.07849932072587],[-69.59893738103065,19.07857991731892],[-69.594262778634,19.078982900284146],[-69.588943403493,19.07962767302851],[-69.58354343175895,19.079547076435464],[-69.57838524980404,19.078821707098054],[-69.57266289169782,19.077048582051056],[-69.56685993699854,19.07640380930669],[-69.56137936867145,19.075839633155372],[-69.55549581737912,19.07567843996928],[-69.5497734592729,19.07640380930669],[-69.54630780577195,19.075759036562328],[-69.54114962381702,19.07567843996928],[-69.5308332599072,19.073099348991825],[-69.52019450962518,19.070197871642186],[-69.50858860022664,19.07374412173619],[-69.498594622689,19.07052025801437],[-69.49150212250099,19.06923071252564],[-69.47602757663626,19.06923071252564],[-69.46538882635426,19.06697400792037],[-69.45668439430534,19.062138212337636]]}},{"type":"Feature","properties":{"accuracy":"100000","average_dip":"(90.0,,)","catalog_id":"CA_139.0","catalog_name":"GEM_Central_Am_Carib","fs_name":"Septentrional Fault","name":"Cano Grande Estero Fault","reference":"Mann et al., 1998 GSA SP","slip_type":"Sinistral"},"geometry":{"type":"LineString","coordinates":[[-69.94848480506894,19.27862066125783],[-69.92333866803875,19.27700872939692],[-69.91044321315147,19.274752024791646],[-69.89174480356492,19.27056100195328],[-69.87240162123399,19.266047592742733],[-69.85467037076398,19.26411327450964],[-69.83564957480525,19.26056702441564],[-69.79631843739905,19.253474524227634],[-69.78019911878995,19.251540205994544],[-69.7721394594854,19.250250660505817],[-69.75827684548157,19.24896111501709],[-69.74022320863939,19.245414864923088],[-69.73087400384611,19.24315816031781],[-69.71733377621447,19.240256682968173],[-69.70637263956029,19.238644751107266],[-69.68702945722936,19.233164182780172],[-69.67477877508645,19.234131341896717],[-69.66607434303754,19.234131341896717],[-69.65156695628934,19.2309074781749],[-69.6380267286577,19.228650773569623],[-69.62674320563133,19.227683614453078],[-69.61932831907114,19.226071682592167],[-69.61320297799969,19.224137364359077]]}},{"type":"Feature","properties":{"accuracy":"100000","activity_confidence":"1","average_dip":"(90.0,,)","catalog_id":"CA_140.0","catalog_name":"GEM_Central_Am_Carib","epistemic_quality":"1","fs_name":"Septentrional Fault","last_movement":"1562","name":"Septentrional Fault","slip_type":"Sinistral"},"geometry":{"type":"LineString","coordinates":[[-70.76506996631846,19.543399359238766],[-70.7537864432921,19.538241177283854],[-70.7321865563559,19.530342711165396],[-70.72025826058517,19.526474074699212],[-70.70768519207007,19.520348733627756],[-70.69801360090462,19.515190551672845],[-70.68898678248352,19.51099952883448],[-70.67464058892142,19.503423449088203],[-70.66045558854542,19.49520259659756],[-70.65126757693824,19.491333960131378],[-70.62241399662794,19.48053401666328],[-70.60097530287784,19.472957936917005],[-70.5930768367594,19.469734073195184],[-70.55970984723855,19.456838618307906],[-70.54294575588509,19.44781179988681],[-70.52843836913691,19.444265549792807],[-70.49555495917434,19.433626799510805],[-70.47073120851633,19.42459998108971],[-70.45944768548996,19.419764185506978],[-70.45009848069668,19.415895549040794],[-70.43945973041468,19.410737367085883],[-70.43333438934322,19.407513503364065],[-70.41463597975668,19.400098616803874],[-70.40125694531113,19.396713559895964],[-70.39448683149531,19.39445685529069],[-70.38497643351594,19.390265832452325],[-70.37643319465312,19.38817032103314],[-70.3661168307433,19.385591230055685],[-70.35112586443684,19.380110661728594],[-70.34129308008528,19.37833753668159],[-70.33190357699553,19.37571814740761],[-70.32593942911016,19.374065917250178],[-70.31574396008989,19.37072115863879],[-70.30510520980789,19.367819681289156],[-70.29285452766497,19.36572416986997],[-70.27496208400888,19.360404794728968],[-70.25723083353887,19.3562137718906],[-70.24514134458204,19.35411826047142],[-70.2351473670444,19.35250632861051],[-70.22297728149454,19.348637692144326],[-70.21249972439863,19.343721299968553],[-70.20226395708185,19.339772066909322],[-70.1949296671147,19.33840192482755],[-70.17921333147082,19.33517806110573],[-70.1708312857941,19.332598970128274],[-70.16406117197828,19.33066465189518],[-70.1563238990459,19.328569140476],[-70.14987617160226,19.326473629056814],[-70.13520759166799,19.324055731265453],[-70.12634196643299,19.321315447101906],[-70.11941065943107,19.319381128868816],[-70.10796594321862,19.316318458333086],[-70.10038986347233,19.314545333286087],[-70.08636605628242,19.31325578779736],[-70.08201384025796,19.312772208239085],[-70.07508253325605,19.310676696819904],[-70.06589452164887,19.30858118540072],[-70.05606173729731,19.306324480795446],[-70.0455841802014,19.303100617073625],[-70.02833650928967,19.297620048746534],[-70.01705298626331,19.294396185024713],[-70.01262017364581,19.292542463384667],[-70.0065754291674,19.290849934930712],[-70.0046411109343,19.29004396900026],[-69.99972471875853,19.28964098603503],[-69.99690383800194,19.289399196255893],[-69.99448594021058,19.288512633732392],[-69.98723224683646,19.28730368483671],[-69.9791725875319,19.2856917529758],[-69.97175770097172,19.28375743474271],[-69.96788906450554,19.281661923323526],[-69.96256968936454,19.280372377834798],[-69.95644434829309,19.277470900485163],[-69.95128616633818,19.276826127740797]]}},{"type":"Feature","properties":{"accuracy":"100000","catalog_id":"CA_141.0","catalog_name":"GEM_Central_Am_Carib","epistemic_quality":"0","exposure_quality":"0","name":"Septentrional Fault","reference":"Mann et al., 1998 GSA SP","slip_type":"Sinistral"},"geometry":{"type":"LineString","coordinates":[[-71.73868178974608,19.710817848082023],[-71.70942535994921,19.69480961291015],[-71.68182495448045,19.6826654345039],[-71.64815245980859,19.669969247988274],[-71.5808764714785,19.651683979365238],[-71.55603610655663,19.64505988205274],[-71.51159945375194,19.631535683373052],[-71.49117515370507,19.630155663099615],[-71.44204643197072,19.629051646880864],[-71.40230184809572,19.632639699591802],[-71.37663347100978,19.633467711755866]]}},{"type":"Feature","properties":{"accuracy":"200000","activity_confidence":"1","catalog_id":"CA_142.0","catalog_name":"GEM_Central_Am_Carib","epistemic_quality":"1","fs_name":"Septentrional Fault","name":"Septentrional Fault","reference":"Leroy et al., 2015 Terra Nova","slip_type":"Sinistral"},"geometry":{"type":"LineString","coordinates":[[-72.66916045911135,19.97598874362304],[-72.55655080479886,19.938452192185544],[-72.48920581545511,19.90643572184179],[-72.38432427467387,19.883251381248044],[-72.28054675011137,19.857859008216796],[-72.23197003648637,19.843506797373045],[-72.16572906336137,19.829154586529295],[-72.07409571720513,19.805970245935544],[-72.01447884139263,19.787201970216795],[-71.92174147901763,19.757393532310548],[-71.84998042479887,19.738625256591796],[-71.77821937058013,19.722065013310548],[-71.73957880292389,19.71102485112305]]}},{"type":"Feature","properties":{"accuracy":"100000","activity_confidence":"1","average_dip":"(30,10,50)","catalog_id":"CA_143.0","catalog_name":"GEM_Central_Am_Carib","dip_dir":"S","downthrown_side_dir":"N","name":"Lamentin Thrust","reference":"Saint Fleur et al., 2015 GRL","slip_type":"Reverse"},"geometry":{"type":"LineString","coordinates":[[-72.61313163600981,18.656137354107482],[-72.59822741705669,18.62688092431061],[-72.57725110890044,18.60700863237311],[-72.55682680885357,18.60148855127936],[-72.53805853313482,18.590448389091858],[-72.52646636283794,18.575544170138734],[-72.50604206279107,18.56616003227936],[-72.48230571408794,18.55843191874811],[-72.46339943634185,18.55304983968171],[-72.44173311804887,18.548633774806706],[-72.42820891936918,18.543803703849676],[-72.4191007855645,18.542285681548893],[-72.41289069433402,18.540353653166083],[-72.4055765868848,18.537869616673895],[-72.39757246929886,18.535523582209052],[-72.39067236793169,18.533867557880928],[-72.38487628278325,18.53207353152546],[-72.37742417330668,18.530969515306708],[-72.37066207396684,18.530555509224676],[-72.36100193205277,18.529727497060613],[-72.35258380838481,18.530969515306708],[-72.33919761173247,18.53207353152546],[-72.33188350428325,18.53331554977155],[-72.32263736845121,18.533867557880928],[-72.31242521842778,18.533591553826238]]}},{"type":"Feature","properties":{"average_dip":"(20,15,40)","catalog_id":"CA_144.0","catalog_name":"GEM_Central_Am_Carib","dip_dir":"S","downthrown_side_dir":"N","reference":"DEM, Saint Fleur et al., 2015 GRL","slip_type":"Reverse"},"geometry":{"type":"LineString","coordinates":[[-72.30635312922466,18.531107517334064],[-72.29696899136528,18.530003501115313],[-72.28703284539652,18.527519464623126],[-72.27488866699028,18.525863440295],[-72.26688454940434,18.525587436240315],[-72.25308434666997,18.521447375420003],[-72.24259619259185,18.515927294326254],[-72.23542008716997,18.51206323756063],[-72.22686396147466,18.51178723350594],[-72.209751710084,18.505439140248125],[-72.20257560466213,18.50240309564656],[-72.19650351545901,18.50516313619344],[-72.18932741003714,18.508199180795],[-72.18822339381839,18.51710031155867],[-72.18394533097073,18.518204327777422],[-72.17801124379496,18.523034398734453],[-72.17497519919338,18.525311432185624],[-72.17007612722269,18.52620844536336],[-72.16428004207424,18.527657466650467],[-72.15986397719925,18.52738146259578],[-72.15572391637893,18.526415448404375],[-72.15282587380472,18.52620844536336],[-72.15006583325783,18.52627744637703],[-72.14675378460157,18.524828425089922],[-72.143510736959,18.523586406843826],[-72.13992268424806,18.522689393666095],[-72.13750764876954,18.52075736528328],[-72.13378159403126,18.521033369337967],[-72.13095255247072,18.520136356160233],[-72.12915852611525,18.516341300408282],[-72.12612248151369,18.513581259861407],[-72.12163741562502,18.50937219802742],[-72.12108540751565,18.50716416558992],[-72.1192223801465,18.504680129097732],[-72.1138403010801,18.505577142275467],[-72.10783721289064,18.509510200054763],[-72.10349014902931,18.509855205123124]]}},{"type":"Feature","properties":{"accuracy":"100000","average_dip":"(20,15,40)","catalog_id":"CA_145.0","catalog_name":"GEM_Central_Am_Carib","dip_dir":"N","downthrown_side_dir":"S","epistemic_quality":"2","exposure_quality":"2","name":"Matheux Thrust","reference":"Pubellier et al., 2000 Tectonics","slip_type":"Reverse"},"geometry":{"type":"LineString","coordinates":[[-72.85808523454492,19.04882212291414],[-72.8296568169121,19.01763366473445],[-72.7987443627871,18.998037376851638],[-72.73636744642774,18.966572914617267],[-72.7104230652871,18.954704740265704],[-72.68503069225586,18.938972509148517],[-72.67123048952149,18.931244395617266],[-72.65881030706055,18.92627632263289],[-72.64749414081837,18.91854820910164],[-72.63617797457617,18.90778405096883],[-72.62541381644336,18.898123909054767],[-72.61906572318554,18.89563987256258],[-72.6091295772168,18.88901577525008],[-72.60002144341212,18.880735653609456],[-72.59174132177148,18.873007540078206],[-72.57959714336522,18.863623402218835],[-72.5688329852324,18.855619284632898],[-72.56055286359178,18.846235146773523],[-72.54840868518554,18.839059041351646],[-72.52964040946678,18.83547098864071],[-72.52053227566209,18.830778919711022],[-72.5070080769824,18.821394781851648],[-72.49375988235741,18.80814658722665],[-72.48630777288085,18.798210441257897],[-72.47581961880272,18.790482327726647],[-72.46339943634177,18.784410238523524],[-72.45787935524802,18.781926202031336],[-72.45622333091991,18.77571611080086],[-72.45401529848242,18.770748037816485],[-72.44794320927929,18.765779964832113],[-72.44076710385741,18.759707875628987],[-72.43911107952928,18.754463798589924],[-72.43414300654491,18.750875745878986],[-72.43110696194336,18.748943717496175],[-72.42503487274023,18.746735685058674],[-72.42061880786522,18.743147632347736],[-72.41647874704492,18.73624753098055],[-72.41482272271679,18.729899437722736],[-72.40819862540428,18.72106730797274],[-72.39881448754491,18.717203251207113],[-72.39329440645116,18.715823230933676],[-72.38418627264647,18.709199133621176],[-72.37066207396678,18.7020230281993],[-72.35989791583398,18.6976069633243],[-72.34306166849804,18.68987884979305],[-72.33367753063867,18.687118809246176],[-72.3198773279043,18.68021870787899],[-72.29917702380273,18.669454549746177],[-72.28289278457616,18.659794407832113],[-72.26743655751366,18.65151428619149],[-72.23183203445899,18.63274601047273]]}},{"type":"Feature","properties":{"accuracy":"100000","activity_confidence":"1","average_dip":"(15,10,30)","catalog_id":"CA_146.0","catalog_name":"GEM_Central_Am_Carib","dip_dir":"S","downthrown_side_dir":"N","epistemic_quality":"2","exposure_quality":"2","name":"Ganthier Thrust","reference":"Saint Fleur et al., 2015 GRL","slip_type":"Reverse"},"geometry":{"type":"LineString","coordinates":[[-72.12212042272068,18.553394844750088],[-72.117428353791,18.5531188406954],[-72.1108042564785,18.54980679203915],[-72.1061121875488,18.545666731218837],[-72.10224813078318,18.541526670398525],[-72.0994880902363,18.539042633906337],[-72.09562403347068,18.536834601468836],[-72.0906559604863,18.53407456092196],[-72.08513587939255,18.5310385163204],[-72.07933979424412,18.529382491992276],[-72.07299170098631,18.5288304838829],[-72.06609159961913,18.528278475773526],[-72.06250354690819,18.52689845550009],[-72.05449942932225,18.525794439281338],[-72.04815133606444,18.526070443336025],[-72.04263125497069,18.522758394679776],[-72.03655916576756,18.518066325750087],[-72.0313150887285,18.516410301421963],[-72.02027492654099,18.515306285203213],[-72.01641086977537,18.514478273039153]]}},{"type":"Feature","properties":{"accuracy":"100000","activity_confidence":"1","average_dip":"(15,10,30)","catalog_id":"CA_147.0","catalog_name":"GEM_Central_Am_Carib","dip_dir":"S","downthrown_side_dir":"N","epistemic_quality":"2","exposure_quality":"2","name":"Balan Thrust","reference":"Saint Fleur et al., 2015","slip_type":"Reverse"},"geometry":{"type":"LineString","coordinates":[[-72.05946750230662,18.569127075867275],[-72.0531194090488,18.559466933953214],[-72.0489793482285,18.552566832586024],[-72.04401127524412,18.5509108082579],[-72.04042322253318,18.54787476365634],[-72.03435113333006,18.545942735273524],[-72.02965906440038,18.543734702836026],[-72.02634701574412,18.54125066634384],[-72.02193095086912,18.538490625796964],[-72.015858861666,18.537110605523527],[-72.00978677246287,18.535178577140712],[-72.00675072786132,18.532418536593838],[-72.00095464271287,18.531866528484464],[-71.99985062649412,18.531590524429774],[-71.99653857783787,18.529382491992276],[-71.99405454134569,18.5266224514454],[-71.99350253323631,18.52689845550009]]}},{"type":"Feature","properties":{"accuracy":"100000","activity_confidence":"2","average_dip":"(30,15,50)","catalog_id":"CA_148.0","catalog_name":"GEM_Central_Am_Carib","dip_dir":"N","downthrown_side_dir":"S","epistemic_quality":"2","exposure_quality":"2","reference":"Saint Fleur et al., 2015 GRL","slip_type":"Reverse"},"geometry":{"type":"LineString","coordinates":[[-72.18532535124419,18.676699656181754],[-72.17952926609576,18.67545763793566],[-72.17456119311137,18.674491623744256],[-72.16917911404498,18.67393961563488],[-72.16572906336138,18.67283559941613],[-72.16089899240436,18.67035156292394],[-72.15772494577544,18.669661552787222],[-72.15261887076372,18.667867526431756],[-72.14889281602544,18.666901512240347],[-72.14337273493169,18.6635894635841],[-72.14047469235747,18.665245487912223],[-72.13702464167388,18.667039514267692],[-72.1332985869356,18.668695538595816],[-72.1288825220606,18.669247546705193],[-72.12584647745904,18.669385548732535],[-72.1232244389395,18.670489564951286],[-72.1178423598731,18.670489564951286],[-72.1146683132442,18.67104157306066],[-72.10487016930279,18.67283559941613],[-72.09962609226372,18.671731583197378],[-72.09493402333403,18.670489564951286],[-72.08968994629498,18.669385548732535],[-72.08209983479107,18.667591522377066],[-72.07547573747857,18.666349504130974],[-72.06636760367388,18.661381431146598],[-72.06195153879888,18.658483388572378],[-72.04856534214653,18.65213529531457],[-72.04221724888872,18.649375254767694]]}},{"type":"Feature","properties":{"accuracy":"100000","activity_confidence":"1","average_dip":"(20,10,50)","catalog_id":"CA_149.0","catalog_name":"GEM_Central_Am_Carib","dip_dir":"N","downthrown_side_dir":"S","epistemic_quality":"2","exposure_quality":"2","name":"Boca de Cachon Thrust","reference":"Saint Fleur et al., 2015 GRL","slip_type":"Reverse"},"geometry":{"type":"LineString","coordinates":[[-72.03504114346684,18.651031279095825],[-72.02648501777153,18.642199149345828],[-72.0226209610059,18.6361270601427],[-72.01765288802153,18.63005497093958],[-72.01240881098246,18.622602861463015],[-72.00799274610746,18.620394829025514],[-71.99998862852154,18.616254768205202],[-71.99253651904496,18.611562699275517],[-71.98149635685746,18.60907866278333],[-71.97294023116216,18.60659462629114],[-71.9588640243731,18.604662597908327],[-71.93705970405279,18.604938601963017],[-71.9279515702481,18.59997052897864],[-71.9191194404981,18.598314504650517],[-71.91111532291215,18.59555446410364],[-71.90476722965434,18.59113839922864],[-71.89345106341216,18.587826350572392],[-71.88793098231841,18.58561831813489],[-71.87440678363872,18.581202253259892],[-71.86115858901373,18.572646127564578],[-71.85729453224809,18.56905807485364],[-71.84735838627934,18.56353799375989],[-71.83907826463872,18.558845924830205],[-71.82527806190434,18.55277383562708],[-71.81892996864653,18.550565803189578],[-71.8087178186231,18.54835777075208],[-71.79712564832622,18.545597730205206],[-71.7907775550684,18.544217709931768],[-71.78235943140044,18.543113693713007],[-71.77490732192388,18.544079707904412]]}},{"type":"Feature","properties":{"accuracy":"100000","activity_confidence":"1","average_dip":"(20,15,40)","catalog_id":"CA_150.0","catalog_name":"GEM_Central_Am_Carib","dip_dir":"N","downthrown_side_dir":"S","epistemic_quality":"2","exposure_quality":"2","name":"Neiba Thrust","reference":"Saint Fleur et al., 2015 GRL","slip_type":"Reverse"},"geometry":{"type":"LineString","coordinates":[[-71.63759530471687,18.553187841709114],[-71.62600313441999,18.54849577277943],[-71.61303094384968,18.54076765924818],[-71.60419881409968,18.53414356193568],[-71.59564268840437,18.52972749706068],[-71.58653455459968,18.52503542813099],[-71.5749423843028,18.51896333892787],[-71.56528224238875,18.513995265943493],[-71.54816999099812,18.503783115920054],[-71.53685382475594,18.498539038880992],[-71.5263656706778,18.49633100644349],[-71.51422149227156,18.496055002388804],[-71.50621737468562,18.49660701049818],[-71.50318133008406,18.500471067263806],[-71.49766124899031,18.50433512402943],[-71.49076114762312,18.504611128084118],[-71.48413705031062,18.50654315646693],[-71.47944498138094,18.50875118890443],[-71.47199287190438,18.510407213232554],[-71.46316074215437,18.512063237560678],[-71.45570863267781,18.51178723350599],[-71.44439246643562,18.510131209177867],[-71.418448085295,18.50516313619349],[-71.40795993121687,18.50323110781068],[-71.3960917568653,18.500195063209116],[-71.37787548925593,18.49743502266224],[-71.36711133112313,18.494950986170053],[-71.35745118920906,18.496883014552868]]}},{"type":"Feature","properties":{"average_dip":"(20,15,40)","catalog_id":"CA_151.0","catalog_name":"GEM_Central_Am_Carib","dip_dir":"N","downthrown_side_dir":"S","epistemic_quality":"2","exposure_quality":"2","name":"El Rodeo Thrust","reference":"Saint Fleur et al., 2015","slip_type":"Reverse"},"geometry":{"type":"LineString","coordinates":[[-71.34834305540437,18.538697628838005],[-71.34406499255671,18.531659525443477],[-71.33909691957234,18.52751946462316],[-71.33661288308015,18.524345417994258],[-71.3320588161778,18.5222753875841],[-71.32791875535749,18.519515347037224],[-71.32460670670125,18.519101340955196],[-71.31825861344343,18.518135326763787],[-71.31480856275984,18.516479302435663],[-71.30804646342,18.51427126999816],[-71.30376840057234,18.513167253779415],[-71.30100836002546,18.511511229451287],[-71.29631629109578,18.5112352253966],[-71.29038220391999,18.51054521525988],[-71.28555213296296,18.510959221341913],[-71.28155007417,18.511649231478632],[-71.27533998293953,18.51013120917785],[-71.2636098106153,18.508889190931757],[-71.26084977006843,18.50944119904113],[-71.2582277315489,18.5112352253966],[-71.2516036342364,18.512063237560664],[-71.24704956733406,18.511097223369255],[-71.23697541933797,18.513719261888788],[-71.22883329972468,18.513581259861443],[-71.22055317808406,18.513167253779415],[-71.21434308685359,18.51302925175207],[-71.21103103819733,18.51496128013488],[-71.20896100778718,18.51592729432629]]}},{"type":"Feature","properties":{"accuracy":"100000","activity_confidence":"1","average_dip":"(20,15,40)","catalog_id":"CA_152.0","catalog_name":"GEM_Central_Am_Carib","dip_dir":"N","downthrown_side_dir":"S","epistemic_quality":"2","exposure_quality":"2","name":"Monte Grande Thrust","reference":"DEM","slip_type":"Reverse"},"geometry":{"type":"LineString","coordinates":[[-71.25174163626374,18.52889948489661],[-71.24263350245906,18.53386755788098],[-71.2351813929825,18.537731614646606],[-71.22938530783405,18.54214767952161],[-71.21806914159187,18.545735732232544],[-71.20896100778718,18.549323784943482],[-71.19874885776375,18.549323784943482],[-71.19019273206843,18.54821976872473],[-71.18080859420905,18.546839748451294],[-71.17501250906062,18.546563744396607],[-71.16259232659968,18.54518372412317],[-71.15624423334187,18.543803703849733],[-71.15017214413875,18.54076765924817],[-71.14189202249813,18.535799586263796],[-71.13167987247468,18.533591553826295],[-71.12450376705281,18.53386755788098],[-71.11235958864656,18.534695570045045],[-71.10352745889656,18.534971574099732],[-71.09331530887312,18.536627598427856],[-71.0803431183028,18.54076765924817],[-71.07592705342782,18.541457669384886],[-71.06819893989656,18.539111634920044],[-71.05881480203719,18.537317608564575],[-71.05398473108016,18.5345575680177],[-71.04984467025984,18.532625539634886],[-71.04170255064656,18.532073531525512],[-71.03563046144345,18.531935529498167],[-71.02900636413094,18.530279505170043],[-71.0244522972286,18.52862348084192],[-71.01617217558797,18.525173430158326],[-71.0106520944942,18.522689393666134],[-70.99988793636139,18.523793409884885],[-70.98912377822859,18.523793409884885],[-70.9841557052442,18.52324140177551]]}},{"type":"Feature","properties":{"accuracy":"100000","activity_confidence":"1","average_dip":"(20,15,50)","catalog_id":"CA_153.0","catalog_name":"GEM_Central_Am_Carib","dip_dir":"S","downthrown_side_dir":"N","epistemic_quality":"1","exposure_quality":"2","name":"Independencia Thrust","reference":"Symithe and Calais, 2016","shortening_rate":"(5,2,9)","slip_type":"Reverse"},"geometry":{"type":"LineString","coordinates":[[-72.01530685355672,18.493708967923958],[-71.99764259405673,18.489844911158333],[-71.97225022102548,18.48818888683021],[-71.95568997774423,18.488740894939582],[-71.9429937912286,18.491500935486457],[-71.9297455966036,18.489292903048955],[-71.9142893695411,18.498125032798956],[-71.90214519113485,18.499229049017707],[-71.8877929802911,18.496469008470832],[-71.87509679377547,18.484876838173957],[-71.86626466402548,18.476596716533333],[-71.8635046234786,18.471628643548957],[-71.85688052616611,18.46003647325208],[-71.8436323315411,18.451756351611458],[-71.8325921693536,18.44623627051771],[-71.82541606393173,18.435748116439584],[-71.81879196661923,18.431332051564585],[-71.81271987741611,18.42305192992396],[-71.80775180443173,18.4200158853224],[-71.80167971522862,18.41532381639271],[-71.79367559764268,18.410079739353648],[-71.78373945167392,18.407319698806774],[-71.77794336652549,18.405111666369276],[-71.76773121650204,18.400695601494274],[-71.75972709891612,18.398211565002086],[-71.75255099349424,18.393795500127087],[-71.74095882319736,18.3913114636349],[-71.73212669344736,18.3913114636349],[-71.72826263668173,18.396279536619275],[-71.70977036501768,18.39600353256459],[-71.69873020283018,18.392691483908337],[-71.69100208929892,18.39020744741615],[-71.68327397576768,18.387447406869274],[-71.67499385412705,18.386067386595837],[-71.66422969599424,18.38799941497865],[-71.65760559868174,18.391035459580213],[-71.65098150136924,18.39545152445521],[-71.64214937161924,18.396555540673962],[-71.63773330674424,18.397383552838026],[-71.63304123781455,18.396555540673962],[-71.62117306346299,18.397659556892712],[-71.61620499047861,18.398487569056776],[-71.60268079179893,18.397659556892712],[-71.59302064988486,18.3979355609474],[-71.58418852013486,18.397383552838026],[-71.57480438227549,18.39545152445521],[-71.56652426063486,18.391035459580213],[-71.56045217143173,18.387723410923964],[-71.55382807411924,18.386343390650524],[-71.546099960588,18.38275533793959],[-71.53740583286533,18.37847727509193],[-71.53188575177158,18.376683248736462],[-71.52802169500595,18.373095196025524],[-71.52360563013096,18.369507143314586],[-71.51435949429893,18.36743711290443],[-71.50635537671299,18.367023106822398],[-71.5006972935919,18.364677072357555],[-71.49352118817002,18.35929499329115],[-71.48703509288487,18.356120946662244],[-71.47985898746299,18.349634851377086],[-71.4739249002872,18.339560703380997],[-71.46619678675594,18.334040622287247],[-71.44135642183407,18.321896443881],[-71.43004025559189,18.316928370896623],[-71.42010410962314,18.311408289802873],[-71.39829978930283,18.292916018138804],[-71.38725962711533,18.284083888388807],[-71.36517930274033,18.27469975052943],[-71.35082709189658,18.270835693763807],[-71.34309897836533,18.269731677545057],[-71.33150680806845,18.26807565321693],[-71.32101865399034,18.264211596451307],[-71.30997849180284,18.257587499138808],[-71.30169837016221,18.255379466701307],[-71.29397025663096,18.252067418045055],[-71.28513812688095,18.246547336951306],[-71.27685800524033,18.237715207201305],[-71.24925759977158,18.22943508556068],[-71.2376654294747,18.227227053123183],[-71.22607325917784,18.22943508556068],[-71.21779313753721,18.233851150435683],[-71.2001288780372,18.23716319909193],[-71.18025658609972,18.23716319909193],[-71.16645638336533,18.232195126107555],[-71.15320818874034,18.228883077451307],[-71.13775196167784,18.221154963920057],[-71.1302998522013,18.217014903099752],[-71.12119171839662,18.20956279362319],[-71.11401561297474,18.203490704420062],[-71.09883538996692,18.193830562506],[-71.09193528859974,18.1872064651935],[-71.08337916290442,18.180582367881],[-71.07592705342786,18.173682266513815],[-71.06323086691224,18.160710075943502],[-71.05853879798255,18.158778047560688],[-71.04777463984973,18.152153950248188]]}},{"type":"Feature","properties":{"accuracy":"100000","average_dip":"(50,30,70)","catalog_id":"CA_154.0","catalog_name":"GEM_Central_Am_Carib","dip_dir":"W","downthrown_side_dir":"E","epistemic_quality":"2","exposure_quality":"2","name":"Bonao Fault","reference":"DEM","slip_type":"Reverse"},"geometry":{"type":"LineString","coordinates":[[-70.5177088528224,19.09926186390832],[-70.50777270685364,19.08932571793957],[-70.4934204960099,19.07828555575207],[-70.47244418785365,19.06724539356457],[-70.46140402566616,19.053445190830196],[-70.4580919770099,19.037988963767695],[-70.45422792024428,19.02970884212707],[-70.45091587158802,19.020324704267697],[-70.44898384320521,19.004040465041133],[-70.44815583104115,18.989964258252073],[-70.44760382293177,18.978924096064574],[-70.44760382293177,18.970643974423947],[-70.44843183509582,18.963191864947387],[-70.44760382293175,18.952427706814575],[-70.4489838432052,18.943595577064578],[-70.44953585131456,18.9342114392052],[-70.45201988780676,18.922619268908328],[-70.4533999080802,18.912131114830203],[-70.45864398511925,18.90026294047864],[-70.46388806215832,18.89474285938489],[-70.46830412703332,18.89143081072864],[-70.47189217974426,18.882322676923952],[-70.47575623650988,18.87625058772083],[-70.48072430949426,18.869902494463016],[-70.48679639869738,18.861070364713015]]}},{"type":"Feature","properties":{"catalog_id":"CA_155.0","catalog_name":"GEM_Central_Am_Carib","epistemic_quality":"2","exposure_quality":"1","reference":"DEM","slip_type":"Sinistral"},"geometry":{"type":"LineString","coordinates":[[-70.73713207629893,19.712542873423935],[-70.71670777625206,19.708126808548933],[-70.70621962217393,19.70509076394737],[-70.68524331401768,19.69846666663487],[-70.67420315183018,19.69736265041612],[-70.66316298964269,19.695982630142684],[-70.64577473419737,19.694050601759873],[-70.62700645847862,19.68880652472081],[-70.61155023141612,19.68659849228331],[-70.59609400435362,19.67887037875206],[-70.58367382189269,19.675006321986434],[-70.57070163132238,19.6714182692755],[-70.56159349751769,19.669210236837998],[-70.55276136776769,19.664794171963],[-70.54199720963487,19.662586139525498],[-70.53178505961144,19.66010210303331],[-70.52212491769737,19.6581700746505]]}},{"type":"Feature","properties":{"activity_confidence":"2","catalog_id":"CA_156.0","catalog_name":"GEM_Central_Am_Carib","epistemic_quality":"2","exposure_quality":"1","reference":"DEM","slip_type":"Sinistral"},"geometry":{"type":"LineString","coordinates":[[-70.574565688088,19.70509076394737],[-70.55772944075206,19.69984668690831],[-70.5458612664005,19.697638654470808],[-70.53647712854112,19.69432660581456],[-70.53068104339269,19.692394577431745],[-70.5130167838927,19.68880652472081],[-70.50418465414269,19.687978512556747],[-70.49480051628332,19.686874496337996],[-70.48900443113487,19.687978512556747],[-70.48072430949425,19.69073855310362],[-70.47354820407237,19.694050601759873],[-70.45367591213488,19.69736265041612],[-70.44097972561926,19.69984668690831]]}},{"type":"Feature","properties":{"catalog_id":"CA_157.0","catalog_name":"GEM_Central_Am_Carib","dip_dir":"S","name":"Cerro Goden Fault","reference":"Mann et al., 2005","slip_type":"Normal-Dextral"},"geometry":{"type":"LineString","coordinates":[[-67.52886094461164,18.4020756217677],[-67.51478473782257,18.38993144336145],[-67.50346857158038,18.382479333884888],[-67.49739648237725,18.378339273064576],[-67.48939236479133,18.37447521629895],[-67.47531615800226,18.36702310682239],[-67.45930792283039,18.363987062220826],[-67.44440370387726,18.368403127095828],[-67.42066735517413,18.373095196025513],[-67.4060391402757,18.375027224408328],[-67.37595469831476,18.375027224408328],[-67.36215449558038,18.37364720413489],[-67.34476624013507,18.3667471027677],[-67.3353821022757,18.365643086548953],[-67.31937386710382,18.361779029783328],[-67.29977757922101,18.36039900950989],[-67.28680538865069,18.351014871650527],[-67.27355719402568,18.3449427824474],[-67.26030899940069,18.33942270135365],[-67.24485277233819,18.33279860404115],[-67.23436461826006,18.330590571603654],[-67.22235844188116,18.32548449659193],[-67.21821838106085,18.32369047023646],[-67.21421632226787,18.32217244793568],[-67.20593620062725,18.3206544256349],[-67.1969660688499,18.318032387115366],[-67.19006596748272,18.31706637292396],[-67.18054382759601,18.313892326295054],[-67.16922766135382,18.308372245201305],[-67.15680747889289,18.300920135724745],[-67.1476993450882,18.297332083013806],[-67.13693518695538,18.296504070849743],[-67.12948307747882,18.292640014084117],[-67.12423900043976,18.29125999381068],[-67.1167868909632,18.288499953263806],[-67.10602273283038,18.285187904607557],[-67.10298668822882,18.28463589649818],[-67.09995064362725,18.282151860005992],[-67.0947065665882,18.278839811349744],[-67.08559843278351,18.275527762693493],[-67.08201038007257,18.27387173836537],[-67.07538628276008,18.269179669435683],[-67.06986620166633,18.265453614697403],[-67.06489812868196,18.26200356401381],[-67.06034406177962,18.259519527521622],[-67.05606599893196,18.25648348292006],[-67.05013191175618,18.253723442373186],[-67.04709586715461,18.252067418045062],[-67.04019576578743,18.246823341006],[-67.03605570496711,18.244063300459125],[-67.03081162792805,18.241165257884905],[-67.02377352453352,18.237025197064593],[-67.01990946776789,18.23398915246303],[-67.0152173988382,18.230263097724748],[-67.00817929544368,18.226399040959123],[-67.00514325084211,18.223777002439594],[-67.00265921434993,18.22115496392006],[-66.9987951575843,18.218946931482563],[-66.99534510690071,18.21742890918178],[-66.98692698323273,18.214944872689593],[-66.98126890011164,18.210252803759907],[-66.9776808474007,18.20776876726772]]}},{"type":"Feature","properties":{"catalog_id":"CA_158.0","catalog_name":"GEM_Central_Am_Carib","dip_dir":"N","fs_name":"Great Southern Puerto Rico Fault Zone","name":"Great Southern Puerto Rico Fault","reference":"Mann et al., 2005","slip_type":"Dextral-Normal"},"geometry":{"type":"LineString","coordinates":[[-67.0991226314632,18.283531880279433],[-67.09139451793195,18.282703868115373],[-67.08449441656475,18.282703868115373],[-67.07566228681476,18.282151860005996],[-67.06738216517414,18.28104784378725],[-67.05827403136945,18.280495835677872],[-67.04668186107257,18.2799438275685],[-67.03702171915852,18.279115815404435],[-67.02984561373664,18.27856380729506],[-67.02515354480695,18.27856380729506],[-67.01411338261944,18.27745979107631],[-67.01107733801788,18.276907782966934],[-67.00555725692413,18.27635577485756],[-66.99506910284602,18.27442374647475],[-66.98527095890461,18.272491718091935],[-66.9801648838929,18.27235371606459],[-66.97202276427961,18.271249699845843],[-66.95546252099837,18.26931767146303],[-66.94911442774055,18.267109639025527],[-66.94525037097492,18.26600562280678],[-66.93655624325227,18.26310758023256],[-66.93241618243195,18.260347539685686],[-66.92455006687337,18.258139507248185],[-66.91806397158821,18.256345480892715],[-66.90936984386555,18.253447438318503],[-66.90012370803352,18.248755369388814],[-66.88577149718977,18.243097286267723],[-66.87997541204133,18.241855268021627],[-66.87321331270148,18.23937123152944],[-66.86645121336164,18.235783178818505],[-66.86037912415851,18.23274713421694],[-66.85347902279133,18.22833106934194],[-66.84947696399836,18.22612303690444],[-66.84271486465852,18.222534984193505],[-66.83926481397492,18.221016961892722],[-66.83264071666243,18.219222935537253],[-66.82670662948664,18.217428909181784],[-66.82173855650227,18.21646289499038],[-66.80890436795933,18.2127368402521],[-66.80145225848277,18.20721675915835],[-66.79441415508823,18.203076698338027],[-66.78979108717222,18.201213670968887],[-66.78392600101012,18.197970623326306],[-66.77944093512144,18.19617659697084],[-66.77626688849253,18.195003579738415],[-66.77295483983629,18.193623559464978],[-66.7697117921937,18.1921055371642],[-66.76453671616831,18.189207494589986],[-66.75763661480111,18.18782747431655],[-66.75128852154332,18.18713746417983],[-66.74687245666831,18.186585456070457],[-66.74121437354721,18.183687413496237],[-66.73679830867222,18.180651368894676],[-66.73252024582456,18.1778913283478],[-66.73017421135971,18.176097301992332],[-66.72617215256675,18.173061257390767],[-66.72396412012925,18.17168123711733],[-66.7216180856644,18.17099122698061],[-66.71554599646127,18.167127170214986],[-66.71223394780503,18.164781135750143],[-66.70933590523082,18.1624351012853],[-66.70629986062924,18.161055081011863],[-66.70284980994565,18.158157038437643],[-66.70036577345347,18.15691502019155],[-66.69774373493394,18.155120993836082],[-66.69374167614097,18.152636957343894],[-66.69001562140268,18.150428924906393],[-66.68670357274644,18.148634898550924],[-66.68297751800816,18.14518484786733],[-66.67676742677767,18.14173479718375],[-66.6708333396019,18.137456734336094],[-66.66683128080892,18.13538670392594],[-66.66365723418002,18.134144685679846],[-66.65772314700425,18.131798651215],[-66.65620512470346,18.130142626886876],[-66.65206506388314,18.127520588367346],[-66.64764899900814,18.124898549847813],[-66.64364694021518,18.122690517410316],[-66.63909287331283,18.120068478890783],[-66.63660883682064,18.117446440371253],[-66.63495281249253,18.114962403879066],[-66.63274478005502,18.11089134407242],[-66.63088175268588,18.108476308593904],[-66.62846671720736,18.105854270074374],[-66.62674169186556,18.103370233582186],[-66.62411965334603,18.101645208240388],[-66.61991059151205,18.09909217073453]]}},{"type":"Feature","properties":{"catalog_id":"CA_159.0","catalog_name":"GEM_Central_Am_Carib","dip_dir":"N","fs_name":"Great Southern Puerto Rico Fault Zone","name":"Cerrillos Fault","reference":"Mann et al., 2005","slip_type":"Dextral-Normal"},"geometry":{"type":"LineString","coordinates":[[-66.61031945061171,18.121103494095884],[-66.60535137762733,18.11834345354901],[-66.6027293391078,18.116273423138853],[-66.5970712559867,18.11316837752362],[-66.59472522152187,18.111512353195494],[-66.58713511001795,18.106061273115415],[-66.58416806643007,18.104198245746275],[-66.58106302081484,18.10212821533612],[-66.57885498837733,18.100403189994324],[-66.5762329498578,18.098747165666197],[-66.57381791437929,18.0965391332287],[-66.57188588599648,18.09543511700995],[-66.56912584544959,18.093089082545106],[-66.5669178130121,18.09170906227167],[-66.5627087511781,18.08888002071112],[-66.56015571367226,18.08743099942401],[-66.55767167718007,18.085774975095887],[-66.55594665183827,18.08480896090448],[-66.5531866112914,18.08294593353534],[-66.55084057682654,18.080944904138853],[-66.54787353323866,18.07859886967401],[-66.54373347241835,18.074665811894715],[-66.53931740754335,18.07100875817011],[-66.5340733305043,18.06742070545917],[-66.52979526765664,18.064522662884954],[-66.52358517642617,18.061348616256048],[-66.51972111966055,18.058588575709173],[-66.51475304667616,18.054586516916203]]}},{"type":"Feature","properties":{"activity_confidence":"1","average_dip":"(80,60,90)","catalog_id":"CA_160.0","catalog_name":"GEM_Central_Am_Carib","dip_dir":"N","epistemic_quality":"1","exposure_quality":"1","last_movement":"5040","name":"South Lajas Fault","reference":"Prentice and Mann, 2005","slip_type":"Dextral-Normal"},"geometry":{"type":"LineString","coordinates":[[-67.1928950090434,18.001455736388895],[-67.18599490767622,18.002697754634987],[-67.18309686510199,18.00311176071702],[-67.17730077995355,18.001869742470923],[-67.17385072926996,18.00131773436155],[-67.16998667250434,18.00062772422483],[-67.16653662182074,18.00062772422483],[-67.161016540727,17.999903213581277],[-67.15836000170064,17.999937714088112],[-67.15473744848286,17.99986871307444],[-67.15297792263424,18.000006715101783],[-67.15011438056685,18.001007229800017],[-67.14666432988325,18.00183524196408],[-67.1438352883227,18.001973243991426],[-67.1406612416938,18.00293925818283],[-67.13645217985982,18.004526281497284],[-67.13320913221725,18.00542329467502],[-67.12782705315084,18.0069413169758],[-67.12589502476803,18.007217321030488]]}},{"type":"Feature","properties":{"activity_confidence":"2","catalog_id":"CA_161.0","catalog_name":"GEM_Central_Am_Carib","epistemic_quality":"2","exposure_quality":"2","name":"Cruce Peralejo Fault","reference":"DEM","slip_type":"Sinistral"},"geometry":{"type":"LineString","coordinates":[[-76.83537266360582,20.27362461609687],[-76.81908842437926,20.274452628260935],[-76.80611623380895,20.273072607987498],[-76.79010799863707,20.27610865258906],[-76.78182787699645,20.277488672862496],[-76.76140357694958,20.27721266880781],[-76.7431873093402,20.278040680971873],[-76.73490718769958,20.280524717464058],[-76.72800708633238,20.280524717464058],[-76.71558690387145,20.280800721518748],[-76.70647877006677,20.282180741792185],[-76.69350657949646,20.28135272962812],[-76.68550246191052,20.282180741792185],[-76.67556631594177,20.283284758010936]]}},{"type":"Feature","properties":{"accuracy":"500000","catalog_id":"CA_162.0","catalog_name":"GEM_Central_Am_Carib","name":"Nipa-Guacanayabo Fault","reference":"Garcia et al., 2003 BSSA","slip_type":"Sinistral"},"geometry":{"type":"LineString","coordinates":[[-75.5097251889418,20.9989632718156],[-75.5671340323168,20.9371383635656],[-75.6377910703168,20.888561649940605],[-75.7261123678168,20.857649195815604],[-75.8210577626293,20.804656417315606],[-75.98666019544179,20.71854315225311],[-76.11914214169178,20.66996643862811],[-76.34656948275429,20.61034956281561],[-76.48788355875428,20.579437108690612],[-76.63140566719177,20.56398088162811],[-76.87649726775427,20.546316622128113],[-77.10613264125426,20.515404168003112],[-77.25407081456676,20.497739908503114]]}},{"type":"Feature","properties":{"catalog_id":"CA_163.0","catalog_name":"GEM_Central_Am_Carib","name":"Pinar del Rio Fault","reference":"Garcia et al 2003 BSSA","slip_type":"Sinistral-Reverse"},"geometry":{"type":"LineString","coordinates":[[-83.95779529684403,22.14679513424722],[-83.93240292381276,22.172325509305804],[-83.92867686907448,22.176879576208147],[-83.92094875554322,22.187505732313618],[-83.91832671702369,22.19274980935268],[-83.9148766663401,22.197027872200334],[-83.91156461768385,22.20116793302065],[-83.90701055078151,22.206964018169085],[-83.90397450617995,22.210552070880023],[-83.90218047982448,22.21345011345424],[-83.89997244738697,22.215934149946428],[-83.89859242711354,22.218694190493302],[-83.89597038859401,22.222144241176895],[-83.89417636223854,22.224352273614397],[-83.89293434399245,22.226422304024553],[-83.88989829939088,22.23070036687221],[-83.88658625073464,22.234702425665176],[-83.8829981980237,22.240498510813616],[-83.88148017572291,22.243672557442522],[-83.87927214328542,22.24877863245424],[-83.87816812706666,22.25236668516518],[-83.87678810679323,22.255678733821426],[-83.87582209260182,22.258990782477678],[-83.8751320824651,22.261060812887834],[-83.87506308145143,22.264165858503066],[-83.87395906523268,22.26720190310463],[-83.87209603786354,22.270030944665177],[-83.87044001353541,22.273618997376115],[-83.86919799528931,22.275896030827287],[-83.86774897400221,22.2783110663058],[-83.8665759567698,22.281002105839004],[-83.86505793446901,22.28314113726283],[-83.86222889290846,22.285832176796035],[-83.86112487668971,22.2866601889601],[-83.85905484627955,22.28900622342494],[-83.85691581485574,22.291283256876117],[-83.85698481586941,22.293422288299947],[-83.85767482600613,22.296320330874167],[-83.85808883208816,22.299011370407367],[-83.85705381688308,22.303289433255024],[-83.85629480573269,22.305842470760883],[-83.85574279762332,22.30839550826674],[-83.85498378647293,22.30977552854018],[-83.85381076924051,22.312949575169085],[-83.85387977025418,22.314260594428852],[-83.85374176822683,22.31570961571596],[-83.85353476518581,22.317020634975727],[-83.85305175809012,22.318469656262838],[-83.85256875099441,22.320125680590962],[-83.85229274693972,22.321850705932757],[-83.85174073883034,22.32412773938393],[-83.85125773173465,22.32743978804018],[-83.85077472463894,22.329095812368305],[-83.85029171754324,22.331510847846822],[-83.84973970943386,22.333097871161275],[-83.84835968916042,22.336823925899566],[-83.84711767091433,22.339859970501127],[-83.84477163644948,22.34441403740347],[-83.84352961820339,22.346622069840972],[-83.84118358373854,22.349106106333156],[-83.84021756954714,22.351176136743316],[-83.83718152494558,22.35545419959097],[-83.83524949656277,22.358076238110502],[-83.83400747831666,22.360422272575345],[-83.83262745804323,22.36318231312222],[-83.83028142357838,22.365942353669094],[-83.82890140330495,22.368978398270656],[-83.82503734653932,22.373670467200338],[-83.82296731612917,22.377534523965963],[-83.81951726544557,22.381398580731588],[-83.81565320867995,22.386918661825337],[-83.81261716407839,22.39147272872768],[-83.80958111947682,22.39699280982143],[-83.80758009008032,22.40023585746401],[-83.80647607386157,22.403685908147605],[-83.80482004953345,22.407204959844872],[-83.80212901000024,22.41127601965151],[-83.80047298567213,22.413898058171043],[-83.79943797046704,22.415692084526512],[-83.7985409572893,22.417279107840965],[-83.79778194613893,22.419487140278463],[-83.79584991775612,22.422247180825337],[-83.79481490255102,22.42383420413979],[-83.79315887822291,22.42631824063198],[-83.79143385288111,22.428250269014793],[-83.78708678901977,22.43356334706753],[-83.78391274239087,22.43728940180581],[-83.78129070387133,22.440463448434716],[-83.77894466940648,22.443361491008936],[-83.77715064305102,22.446397535610497],[-83.77383859439477,22.449157576157372],[-83.7701125396565,22.45343563900503],[-83.76790450721899,22.456609685633936],[-83.76362644437134,22.46116375253628],[-83.7578303592229,22.465165811329246],[-83.75106825988306,22.469857880258935],[-83.74541017676198,22.474411947161276],[-83.73989009566823,22.47869001000893],[-83.73340400038308,22.48393408704799],[-83.72995394969948,22.48752213975893],[-83.72470987266043,22.49193820463393],[-83.71932779359402,22.495802261399554],[-83.71684375710183,22.49897630802846],[-83.71132367600808,22.503116368848772],[-83.70745961924246,22.50560040534096],[-83.70276755031277,22.5091884580519],[-83.69917949760183,22.511672494544086],[-83.69621245401393,22.51512254522768],[-83.69331441143972,22.517192575637836],[-83.69048536987917,22.51995261618471],[-83.68710432020924,22.523195663827288],[-83.68151523810182,22.52657671349721],[-83.67778918336354,22.52912975100307],[-83.67137208909206,22.532303797631975],[-83.66398898062917,22.535960851356585],[-83.65902090764479,22.538237884807756],[-83.65391483263308,22.540376916231583],[-83.64970577079909,22.542515947655414],[-83.64363368159596,22.544447976038224],[-83.63901061367994,22.545551992256975],[-83.6347325508323,22.547622022667145],[-83.62948847379323,22.55045106422769],[-83.62314038053542,22.55224509058316],[-83.61858631363307,22.553901114911284],[-83.61306623253932,22.55624714937613],[-83.60796015752761,22.557627169649567],[-83.60437210481668,22.559145191950346],[-83.59968003588698,22.560594213237458],[-83.59505696797096,22.561560227428863],[-83.59139991424635,22.562802245674956],[-83.58815686660378,22.56404426392105],[-83.58650084227565,22.566735303454255],[-83.5817397723323,22.569012336905427],[-83.57442566488308,22.57101336630191],[-83.56849157770729,22.572393386575346],[-83.5655245341194,22.573428401780426],[-83.55910743984792,22.57391140887613],[-83.551310325303,22.574808422053867],[-83.54337520873074,22.57756846260074],[-83.53964915399246,22.57929348794254],[-83.53599210026785,22.58053550618863],[-83.52847098977762,22.58301954268082],[-83.52191589347879,22.585365577145662],[-83.51046172520924,22.59033365013004],[-83.50011157315846,22.59474971500504],[-83.49114144138112,22.598613771770665],[-83.47789324675612,22.603857848809728],[-83.46409304402174,22.609377929903477],[-83.45429490008034,22.614346002887853],[-83.440908703428,22.61876206776285],[-83.4286265229944,22.623178132637854],[-83.41620634053346,22.62676618534879],[-83.40558018442799,22.630354238059727],[-83.39799007292409,22.63366628671598],[-83.38860593506475,22.637806347536294],[-83.38004980936942,22.642222412411293],[-83.37232169583818,22.646362473231605],[-83.36569759852568,22.651606550270667],[-83.35244940390068,22.65574661109098],[-83.3386492011663,22.659886671911295],[-83.325677010596,22.66154269623942],[-83.3187769092288,22.6652687509777],[-83.30787474906865,22.668718801661292],[-83.29586857268974,22.672582858426917],[-83.28524241658427,22.675618903028482],[-83.27654828886162,22.679344957766762],[-83.26813016519365,22.68182899425895],[-83.25419196043192,22.685831053051917],[-83.24742986109209,22.689695109817542],[-83.23569968876787,22.694525180774573],[-83.22562554077177,22.69811323348551],[-83.20230319815069,22.702391296333168],[-83.19388507448271,22.704875332825356],[-83.18036087580299,22.708463385536298],[-83.1705627318616,22.71108542405583],[-83.16090258994753,22.715225484876143],[-83.15082844195143,22.71853753353239],[-83.14268632233815,22.72143557610661],[-83.13440620069753,22.7239196125988],[-83.12322803648269,22.728887685583175],[-83.11342989254128,22.73178572815739],[-83.1040457546819,22.73689180316911],[-83.09714565331471,22.74020385182536],[-83.08872752964675,22.743377898454266],[-83.08168942625221,22.74434391264567],[-83.0765833512405,22.747517959274578],[-83.06292115053347,22.75055400387614],[-83.05684906133034,22.752900038340986],[-83.04870694171706,22.75566007888786],[-83.03697676939284,22.76118015998161],[-83.02455658693191,22.76670024107536],[-83.01434443690847,22.773186336360517],[-83.00302827066626,22.78022443975505],[-82.98674403143971,22.785744520848798],[-82.96328368679127,22.79954472358317],[-82.95031149622096,22.806720829005048],[-82.93126721644752,22.814724946590985],[-82.91967504615064,22.820245027684734],[-82.91222293667408,22.82604111283317],[-82.89759472177565,22.83073318176286],[-82.89041861635377,22.835977258801922],[-82.88489853526002,22.839565311512857],[-82.87330636496314,22.847293425044107],[-82.86281821088502,22.852813506137856],[-82.85785013790064,22.85805758317692],[-82.85177804869755,22.86454367846207],[-82.84791399193192,22.86895974333707],[-82.84253191286552,22.872823800102694],[-82.83576981352567,22.877377867005038],[-82.82748969188506,22.885657988645672],[-82.81865756213506,22.891454073794108],[-82.80416734926396,22.899872197462077],[-82.7900911424749,22.913810402223795],[-82.77477291743975,22.924850564411297],[-82.74841453021708,22.93727074687224],[-82.72688621395145,22.95162295771599],[-82.69100568684208,22.96404314017693],[-82.66975337463114,22.969287217215992]]}},{"type":"Feature","properties":{"activity_confidence":"1","catalog_id":"CA_164.0","catalog_name":"GEM_Central_Am_Carib","dip_dir":"S","downthrown_side_dir":"N","name":"North Caribbean Megathrust (North Hispaniola Fault)","net_slip_rate":"(2.5,1.5,3.5)","notes":"","reference":"Symithe et al., 2015","slip_type":"Reverse-Sinistral"},"geometry":{"type":"LineString","coordinates":[[-73.5657295312655,20.358445344589747],[-73.56548362670952,20.358288859872307],[-73.47495429677203,20.353872794997304],[-73.41533742095953,20.336208535497306],[-73.38442496683453,20.356080827434806],[-73.35572054514702,20.378161151809806],[-73.31376792883452,20.391409346434806],[-73.26960728008453,20.398033443747305],[-73.22765466377203,20.391409346434806],[-73.19011811233453,20.382577216684805],[-73.09958878239706,20.400241476184803],[-73.03776387414706,20.413489670809803],[-72.99801929027205,20.426737865434802],[-72.93177831714706,20.448818189809803],[-72.86995340889706,20.457650319559804],[-72.80812850064706,20.4532342546848],[-72.72422326802207,20.422321800559804],[-72.66239835977207,20.404657541059805],[-72.60498951639707,20.369329022059805],[-72.57849312714707,20.347248697684805],[-72.52550034864707,20.316336243559807],[-72.45925937552207,20.281007724559807],[-72.43717905114707,20.258927400184806],[-72.40488657674865,20.26417147722387],[-72.35410183068616,20.24761123394262],[-72.31325323059241,20.25202729881762],[-72.27019659806116,20.25313131503637],[-72.23376406284241,20.255339347473868],[-72.16200300862366,20.242091152848875],[-72.13109055449866,20.222218860911376],[-72.03835319212365,20.235467055536375],[-71.99640057581115,20.228842958223876],[-71.93678369999866,20.244299185286373],[-71.88820698637366,20.264171477223872],[-71.82638207812366,20.299499996223872],[-71.78001339693616,20.306124093536372],[-71.72039652112366,20.286251801598873],[-71.68727603456117,20.261963444786375],[-71.66740374262366,20.239883120411374],[-71.63869932093615,20.231050990661373],[-71.60337080193617,20.217802796036374],[-71.54044187746743,20.24209115284888],[-71.51063343956119,20.260859428567628],[-71.44991254752993,20.24981926638013],[-71.43224828802994,20.239883120411378],[-71.39802378524868,20.233259023098878],[-71.37263141221743,20.23436303931763],[-71.35055108784243,20.21890681225513],[-71.33951092565493,20.199034520317632],[-71.30528642287369,20.17585017972388],[-71.2522936443737,20.14714575803638],[-71.19598881721744,20.129481498536382],[-71.17501250906119,20.130585514755133],[-71.15182816846745,20.14272969316138],[-71.11429161702995,20.151561822911383],[-71.08669121156119,20.14272969316138],[-71.0690269520612,20.136105595848882],[-71.04142654659245,20.125065433661383],[-71.00830606002994,20.110713222817633],[-70.9696654923737,20.110713222817633],[-70.95089721665495,20.104089125505133],[-70.92881689227994,20.095256995755133],[-70.9012164868112,20.07869675247388],[-70.87582411377994,20.062136509192634],[-70.8570558380612,20.064344541630135],[-70.80516707577996,20.055512411880137],[-70.78860683249871,20.042264217255134],[-70.75990241081122,20.042264217255134],[-70.74334216752997,20.022391925317635],[-70.73671807021748,20.010247746911386],[-70.72236585937372,20.000311600942638],[-70.69034938902998,19.990375454973886],[-70.67378914574873,19.978231276567637],[-70.64508472406122,19.96829513059889],[-70.62742046456123,19.957254968411387],[-70.60975620506122,19.95283890353639],[-70.57442768606123,19.958358984630138],[-70.54020318327997,19.958358984630138],[-70.51370679402997,19.95283890353639],[-70.48389835612373,19.949526854880137],[-70.45850598309248,19.94731882244264],[-70.39668107484248,19.942902757567637],[-70.36576862071747,19.93407062781764],[-70.33154411793623,19.921926449411387],[-70.29621559893623,19.91419833588014],[-70.25095093396749,19.916406368317638],[-70.20347823656124,19.908678254786388],[-70.17366979865498,19.895430060161388],[-70.14441336885812,19.882733873645776],[-70.11184489040501,19.87666178444265],[-70.08921255792063,19.863965597927024],[-70.06161215245189,19.850717403302024],[-70.04505190917064,19.847405354645776],[-70.02352359290501,19.8380212167864],[-70.00309929285814,19.8225649897239],[-69.98653904957689,19.8004846653489],[-69.97549888738938,19.791652535598903],[-69.96721876574875,19.785028438286403],[-69.91919406023314,19.778404340973896],[-69.88386554123313,19.771780243661397],[-69.85295308710813,19.76184409769265],[-69.82756071407688,19.757428032817646],[-69.78119203288938,19.746387870630148],[-69.74586351388939,19.73534770844265],[-69.70611893001438,19.716579432723897],[-69.68072655698313,19.7077473029739],[-69.64981410285814,19.70885131919265],[-69.62497373793624,19.716027424614527],[-69.59240525948313,19.726515578692652],[-69.57198095943625,19.715475416505154],[-69.54990063506125,19.706643286755153],[-69.51291609173313,19.714923408395777],[-69.47648355651438,19.7165794327239],[-69.45440323213937,19.73534770844265],[-69.41631467259249,19.735899716552026],[-69.39809840498312,19.731483651677028],[-69.34289759404562,19.735899716552026],[-69.3235773102175,19.7430758219739],[-69.29487288853,19.74417983819265],[-69.25623232087375,19.74859590306765],[-69.22752789918626,19.741419797645776],[-69.19606343695187,19.7298276273489],[-69.1822632342175,19.719891481380152],[-69.16294295038938,19.701123205661403],[-69.14859073954563,19.69063505158328],[-69.13920660168625,19.6768348488489],[-69.12816643949876,19.66413866233328],[-69.1160222610925,19.645370386614527],[-69.0939419367175,19.631018175770777],[-69.0718616123425,19.619426005473905],[-69.06468550692063,19.61445793248953],[-69.02659694737376,19.611697891942654],[-68.9967885094675,19.613905924380155],[-68.96145999046752,19.613905924380155],[-68.92171540659251,19.607281827067656],[-68.89742704978,19.600657729755156],[-68.84774631993626,19.587409535130156],[-68.81131378471751,19.588513551348903],[-68.78702542790502,19.594033632442656],[-68.77156920084252,19.599553713536405],[-68.73182461696751,19.590721583786404],[-68.69980814662377,19.579681421598906],[-68.66116757896752,19.574161340505157],[-68.62031897887377,19.564225194536405],[-68.57947037878002,19.557601097223905],[-68.54745390843627,19.554289048567654],[-68.51985350296752,19.550976999911406],[-68.48121293531128,19.554289048567654],[-68.35645910259255,19.579681421598917],[-68.26372174021756,19.586305518911416],[-68.21293699415506,19.568641259411415],[-68.15111208590505,19.548768967473915],[-68.08487111278006,19.555393064786415],[-68.04733456134257,19.559809129661417],[-68.01863013965506,19.559809129661417],[-67.95901326384256,19.566433226973917],[-67.87952409609257,19.586305518911416],[-67.82432328515506,19.590721583786415],[-67.72716985790507,19.619426005473915],[-67.68521724159257,19.630466167661414],[-67.64168844662817,19.624064874284297]]}},{"type":"Feature","properties":{"accuracy":"500000","catalog_id":"CA_165.0","catalog_name":"GEM_Central_Am_Carib","dip_dir":"S","name":"North Cuban Fault","reference":"Garcia et al., 2003 BSSA","slip_type":"Reverse"},"geometry":{"type":"LineString","coordinates":[[-85.02317094793788,22.107602558481695],[-84.9723862018754,22.180467628919192],[-84.91718539093789,22.229044342544192],[-84.84873638537539,22.30190941298169],[-84.80678376906289,22.359318256356687],[-84.7626231203129,22.434391359231686],[-84.6875500174379,22.485176105294183],[-84.6036447848129,22.53816888379418],[-84.4998672602504,22.597785759606683],[-84.3077684381879,22.705979349044178],[-84.2658158218754,22.76338819241918],[-84.21061501093791,22.820797035794175],[-84.13333387562541,22.862749652106675],[-84.05384470787541,22.911326365731675],[-83.77121655587541,23.02393602004417],[-83.70055951787542,23.061472571481673],[-83.50404463093793,23.08355289585667],[-83.28324138718793,23.07030470123167],[-83.11101485706294,23.094593058044172],[-82.93878832693794,23.081344863419172],[-82.75993769950044,23.09238502560667],[-82.66499230468794,23.10563322023167],[-82.54134248818795,23.17408222579417],[-82.45743725556295,23.227075004294168],[-82.38898825000047,23.240323198919167],[-82.30618703359421,23.249155328669165],[-82.25761031996922,23.261299507075414],[-82.20351352525047,23.264611555731666],[-82.13175247103172,23.276755734137915],[-82.07986370875047,23.277859750356665],[-82.04674322218797,23.306564172044165],[-82.01914281671922,23.319812366669165],[-81.95621389225047,23.312084253137915],[-81.90211709753173,23.307668188262912],[-81.75859498909425,23.28558786388792],[-81.71664237278175,23.27454770170042],[-81.64598533478176,23.27233966926292],[-81.59961665359425,23.31650031801292],[-81.46492667490675,23.38274129113792],[-81.40089373421925,23.34741277213792],[-81.32361259890676,23.325332447762918],[-81.29711620965676,23.33416457751292],[-81.26620375553176,23.34962080457542],[-81.21541900946926,23.38936538845042],[-81.14476197146926,23.402613583075418],[-81.04098444690676,23.38936538845042],[-80.96811937646926,23.360660966762918],[-80.86213381946926,23.33637260995042],[-80.82901333290677,23.32091638288792],[-80.72633982456301,23.32974851263792],[-80.655682786563,23.32422843154417],[-80.59827394318802,23.33637260995042],[-80.51657674300051,23.33637260995042],[-80.47020806181301,23.33526859373167],[-80.41611126709427,23.33195654507542],[-80.34324619665676,23.32091638288792],[-80.22732449368802,23.287795896325424],[-80.14783532593802,23.245843280012924],[-80.04184976893802,23.17077017713793],[-79.97560879581303,23.14427378788793],[-79.92482404975053,23.113361333762928],[-79.85195897931303,23.10232117157543],[-79.81221439543803,23.08244887963793],[-79.75259751962554,23.05374445795043],[-79.71947703306303,23.03828823088793],[-79.69077261137554,23.01179184163793],[-79.61349147606303,22.95879906313793],[-79.59141115168804,22.94334283607543],[-79.50750591906304,22.894766122450434],[-79.35956774575054,22.804236792512935],[-79.27124644825055,22.771116305950436],[-79.20500547512555,22.755660078887935],[-79.09681188568806,22.777740403262936],[-78.99745042600055,22.799820727637936],[-78.93562551775055,22.808652857387933],[-78.84068012293805,22.786572533012937],[-78.68611785231306,22.760076143762944],[-78.56688410068806,22.711499430137945],[-78.41673789493807,22.649674521887945],[-78.24009529993806,22.609929938012947],[-78.17827039168807,22.57901748388795],[-78.06786876981307,22.53044077026295],[-77.95746714793808,22.49952831613795],[-77.88239404506308,22.459783732262952],[-77.77640848806308,22.406790953762954],[-77.72341570956308,22.349382110387953]]}},{"type":"Feature","properties":{"accuracy":"500000","activity_confidence":"1","catalog_id":"CA_166.0","catalog_name":"GEM_Central_Am_Carib","dip_dir":"W","downthrown_side_dir":"E","name":"Cay Sal Fault","reference":"Kula, 2014 U. Miami MS Thesis","slip_type":"Reverse"},"geometry":{"type":"LineString","coordinates":[[-79.77246981156303,24.424932601637895],[-79.79455013593802,24.367523758262898],[-79.81000636300053,24.2990747527004],[-79.81442242787553,24.2394578768879],[-79.80559029812554,24.182049033512904],[-79.80117423325053,24.140096417200404],[-79.78350997375053,24.082687573825403],[-79.75701358450053,24.042942989950404],[-79.73272522768804,24.012030535825406],[-79.70622883843804,23.963453822200407],[-79.67973244918804,23.93254136807541],[-79.63998786531303,23.881756622012908],[-79.61128344362554,23.84863613545041],[-79.57374689218804,23.784603194762912],[-79.54283443806304,23.736026481137912],[-79.50750591906304,23.671993540450416],[-79.49204969200053,23.645497151200416],[-79.46555330275054,23.583672242950417],[-79.43684888106304,23.535095529325417],[-79.40152036206304,23.47106258863792],[-79.36619184306304,23.42248587501292],[-79.32865529162554,23.36507703163792],[-79.29774283750054,23.301044090950423]]}},{"type":"Feature","properties":{"accuracy":"200000","activity_confidence":"1","catalog_id":"CA_167.0","catalog_name":"GEM_Central_Am_Carib","fs_name":"Septentrional Fault","name":"Septentrional Fault","slip_type":"Sinistral"},"geometry":{"type":"LineString","coordinates":[[-69.23698103805935,19.16070726658335],[-69.2115886650281,19.15849923414585],[-69.19723645418436,19.155187185489602],[-69.17515612980937,19.1573952179271],[-69.14976375677811,19.156291201708353],[-69.14093162702811,19.15187513683335],[-69.08793884852811,19.14745907195835],[-69.06475450793437,19.14525103952085],[-69.03273803759062,19.13862694220835],[-69.00624164834062,19.1375229259896],[-68.97201714555936,19.136418909770853],[-68.94331272387187,19.134210877333352],[-68.91129625352812,19.129794812458353],[-68.87265568587186,19.123170715145854],[-68.82518298846561,19.120962682708353],[-68.76667012887187,19.1176506340521],[-68.70594923684062,19.108818504302103],[-68.68497292868437,19.102194406989604],[-68.62866810152812,19.0977783421146],[-68.56463516084062,19.102194406989604],[-68.53261869049688,19.099986374552103],[-68.50722631746562,19.0977783421146],[-68.48072992821562,19.099986374552103],[-68.44540140921562,19.106610471864602],[-68.41890501996562,19.11213055295835],[-68.37695240365312,19.1176506340521],[-68.32616765759063,19.122066698927103],[-68.29856725212188,19.119858666489602],[-68.28311102505938,19.11213055295835],[-68.25109455471564,19.10329842320835],[-68.22128611680938,19.0977783421146],[-68.18871763835624,19.084530147489602],[-68.13075678687187,19.074041993411477],[-68.10315638140312,19.066313879880227],[-68.07003589484061,19.056929742020852],[-68.02973930285624,19.050857652817726],[-67.99717082440313,19.04588957983335],[-67.96625837027813,19.043681547395853],[-67.93534591615312,19.03926548252085],[-67.8961533403875,19.03540142575523],[-67.84592060243438,19.029881344661476],[-67.80451999423126,19.026569296005228],[-67.7857517185125,19.02877732844273],[-67.75704729682501,19.029329336552102],[-67.72227078593437,19.035953433864602],[-67.6908063237,19.036505441973976],[-67.64554165873125,19.029881344661476],[-67.61738924515313,19.024361263567727],[-67.5914448640125,19.016081141927103],[-67.57322859640313,19.010009052723976],[-67.54673220715313,19.00614499595835],[-67.527411923325,18.99952089864585],[-67.51085168004376,18.997864874317727],[-67.4948434448719,18.999106892563827],[-67.4793872178094,19.004626973657576]]}},{"type":"Feature","properties":{"activity_confidence":"1","catalog_id":"CA_168.0","catalog_name":"GEM_Central_Am_Carib","dip_dir":"E","downthrown_side_dir":"E","fs_name":"Mona Rift","name":"West Mona Rift Fault","shortening_rate":"None","slip_type":"Normal"},"geometry":{"type":"LineString","coordinates":[[-67.50201955029378,18.9864107060482],[-67.49539545298128,18.96764243032945],[-67.49539545298128,18.946666122173202],[-67.50422758273127,18.9223777653607],[-67.51857979357503,18.9025054734232],[-67.52630790710627,18.8892572787982],[-67.53734806929377,18.8693849868607],[-67.55501232879378,18.85503277601695],[-67.56715650720002,18.832952451641955],[-67.56936453963753,18.811976143485705],[-67.58040470182503,18.788791802891954],[-67.58150871804378,18.758983364985706],[-67.57046855585628,18.736903040610706],[-67.56163642610628,18.709302635141956],[-67.56715650720002,18.677286164798208],[-67.57046855585628,18.649685759329458],[-67.58482076670002,18.619877321423207],[-67.60248502620003,18.59117289973571],[-67.64002157763753,18.55363634829821],[-67.65216575604377,18.531556023923212],[-67.66872599932502,18.50947569954821],[-67.66430993445002,18.482979310298212],[-67.66099788579378,18.457586937266964],[-67.64112559385627,18.426674483141962]]}},{"type":"Feature","properties":{"accuracy":"500000","activity_confidence":"1","catalog_id":"CA_169.0","catalog_name":"GEM_Central_Am_Carib","dip_dir":"W","downthrown_side_dir":"W","name":"East Mona Rift Fault","shortening_rate":"None","slip_type":"Normal"},"geometry":{"type":"LineString","coordinates":[[-67.31875285798128,19.09350027926694],[-67.32979302016878,19.044923565641945],[-67.31433679310628,18.994138819579444],[-67.31212876066878,18.921273749141946],[-67.31654482554377,18.890361295016948],[-67.32316892285628,18.839576548954447],[-67.34083318235628,18.80424802995445],[-67.36070547429378,18.74683918657945],[-67.33862514991878,18.70488657026695],[-67.33862514991878,18.669558051266954],[-67.36070547429378,18.63643756470445],[-67.36953760404377,18.609941175454452],[-67.34304121479377,18.556948396954454],[-67.30550466335627,18.548116267204456],[-67.28342433898128,18.534868072579457],[-67.27017614435628,18.523827910391955]]}},{"type":"Feature","properties":{"catalog_id":"CA_170.0","catalog_name":"GEM_Central_Am_Carib","dip_dir":"E","downthrown_side_dir":"E","fs_name":"Yuma Rift","name":"West Yuma Rift Fault","reference":"Hippolyte et al., 2005 GSA SP; Symithe et al., 2015","shortening_rate":"None","slip_type":"Normal"},"geometry":{"type":"LineString","coordinates":[[-68.36646424957502,18.368713631657585],[-68.40068875235627,18.340009209970084],[-68.43601727135626,18.319032901813834],[-68.48128193632502,18.283704382813838],[-68.48901004985626,18.258312009782586],[-68.50336226070002,18.231815620532586],[-68.50225824448127,18.21746340968884],[-68.50005021204377,18.20090316640759],[-68.49894619582501,18.18323890690759],[-68.49011406607502,18.16667866362634],[-68.47244980657501,18.15011842034509],[-68.45920161195002,18.14239030681384],[-68.44484940110627,18.13466219328259],[-68.43270522270002,18.12362203109509],[-68.41283293076252,18.11037383647009],[-68.40620883345002,18.09050154453259],[-68.40400080101251,18.07173326881384],[-68.40731284966877,18.04965294443884],[-68.40620883345002,18.034196717376343],[-68.41062489832503,18.015428441657594],[-68.41945702807502,17.992244101063843]]}},{"type":"Feature","properties":{"catalog_id":"CA_171.0","catalog_name":"GEM_Central_Am_Carib","dip_dir":"W","downthrown_side_dir":"W","fs_name":"Yuma Rift","name":"East Yuma Rift Fault","reference":"Hippolyte et al., 2005 GSA SP; Symithe et al., 2015","shortening_rate":"None","slip_type":"Normal"},"geometry":{"type":"LineString","coordinates":[[-68.06175577320003,18.224087507001336],[-68.07389995160628,18.19538308531384],[-68.08714814623127,18.17440677715759],[-68.10591642195003,18.14791038790759],[-68.12247666523128,18.11478990134509],[-68.11695658413753,18.09712564184509],[-68.10812445438752,18.07835736612634],[-68.10039634085628,18.054069009313842],[-68.09708429220002,18.03198868493884],[-68.08052404891878,18.012116393001342],[-68.07169191916877,17.99666016593884],[-68.05181962723128,17.958019598282593],[-68.05292364345003,17.944771403657594],[-68.07058790295002,17.913858949532596],[-68.09377224354378,17.888466576501344],[-68.13020477876253,17.840993879095098],[-68.12137264901253,17.790209133032597],[-68.11695658413753,17.7659207762201],[-68.09598027598128,17.73390430587635]]}},{"type":"Feature","properties":{"activity_confidence":"1","catalog_id":"CA_172.0","catalog_name":"GEM_Central_Am_Carib","dip_dir":"NE","downthrown_side_dir":"SW","fs_name":"Muertos Thrust","reference":"Benford et al., 2012 GJI","slip_type":"Reverse"},"geometry":{"type":"LineString","coordinates":[[-71.17715154048518,18.36954164382166],[-71.15948728098519,18.35629344919666],[-71.14955113501644,18.35077336810291],[-71.12747081064143,18.34304525457166],[-71.11753466467269,18.34414927079041],[-71.09987040517268,18.34304525457166],[-71.08220614567269,18.33752517347791],[-71.07006196726644,18.33200509238416],[-71.05570975642269,18.32538099507166],[-71.04577361045394,18.32206894641541],[-71.03362943204769,18.31654886532166],[-71.02590131851643,18.31434083288416],[-71.01375714011019,18.30550870313416],[-71.00602902657894,18.29998862204041],[-70.98946878329768,18.28674042741541],[-70.98284468598519,18.27570026522791],[-70.97511657245394,18.26576411925916],[-70.96738845892268,18.25914002194666],[-70.9585563291727,18.24478781110291],[-70.94972419942269,18.22601953538416],[-70.9431001021102,18.213875356977912],[-70.93868403723519,18.196211097477914],[-70.93537198857894,18.173026756884163],[-70.92322781017269,18.148738400071665],[-70.91329166420394,18.133282173009164],[-70.89783543714144,18.120033978384164],[-70.86913101545395,18.104577751321663],[-70.8437386424227,18.096849637790417],[-70.69469645289142,18.036128745759168],[-70.64170367439142,18.014048421384167],[-70.58871089589142,17.98313596725917],[-70.54896631201642,17.952223513134168],[-70.51363779301643,17.89481466975917],[-70.48714140376643,17.85065402100917],[-70.46064501451643,17.793245177634173],[-70.44298075501642,17.762332723509175],[-70.43856469014143,17.744668464009173],[-70.41206830089143,17.713756009884175],[-70.36790765214143,17.696091750384173],[-70.33257913314142,17.669595361134174]]}},{"type":"Feature","properties":{"activity_confidence":"1","catalog_id":"CA_173.0","catalog_name":"GEM_Central_Am_Carib","dip_dir":"N","downthrown_side_dir":"S","fs_name":"Muertos Thrust","name":"Muertos Thrust","slip_type":"Reverse"},"geometry":{"type":"LineString","coordinates":[[-70.72174485025081,17.76564477216542],[-70.66433600687583,17.71927609097792],[-70.64004765006332,17.686155604415422],[-70.62679945543832,17.653035117852923],[-70.60471913106332,17.628746761040425],[-70.57822274181332,17.597834306915423],[-70.52743799575083,17.566921852790426],[-70.47665324968833,17.542633495977928],[-70.40820424412583,17.502888912102925],[-70.36183556293832,17.489640717477926],[-70.32429901150083,17.478600555290427],[-70.25364197350083,17.46093629579043],[-70.11674396237584,17.452104166040428],[-70.04387889193833,17.43885597141543],[-69.98867808100084,17.42781580922793],[-69.93568530250084,17.41456761460293],[-69.89594071862584,17.403527452415428],[-69.86061219962585,17.39469532266543],[-69.82969974550085,17.38807122535293],[-69.76787483725084,17.37261499829043],[-69.72813025337584,17.35936680366543],[-69.67955353975084,17.35053467391543],[-69.63097682612585,17.35274270635293],[-69.61110453418834,17.35274270635293],[-69.56031978812585,17.35053467391543],[-69.50511897718835,17.34611860904043],[-69.43004587431335,17.33066238197793],[-69.31964425243835,17.30416599272793],[-69.24898721443836,17.29091779810293],[-69.14520968987586,17.286501733227933],[-69.06130445725086,17.264421408852932],[-69.00831167875086,17.24896518179043],[-68.95531890025086,17.244549116915433],[-68.89128595956336,17.233508954727935],[-68.84933334325086,17.242341084477932],[-68.8046206863915,17.23571698716545],[-68.78806044311025,17.234060962837326],[-68.76211606196962,17.232956946618575],[-68.74334778625088,17.236268995274827],[-68.72789155918838,17.240133052040452],[-68.71077930779775,17.242893092587327],[-68.6721387401415,17.243997108806077],[-68.65171444009462,17.246757149352952],[-68.62080198596962,17.2522772304467],[-68.56615318314151,17.247309157462325],[-68.53910478578213,17.247861165571702],[-68.51923249384463,17.249517189899827],[-68.49273610459463,17.2456531331342],[-68.45188750450089,17.239581043931068],[-68.38564653137588,17.23074891418107],[-68.30394933118839,17.21529268711857],[-68.25758065000089,17.20866858980607],[-68.1825075471259,17.19100433030607],[-68.13393083350088,17.19321236274357],[-68.05223363331339,17.20204449249357],[-67.9506641411884,17.19983646005607],[-67.8932552978134,17.20204449249357],[-67.8557187463759,17.20646055736857],[-67.8248062922509,17.21970875199357],[-67.7364849947509,17.224124816868567],[-67.6901163135634,17.239581043931068],[-67.6658279567509,17.24841317368107],[-67.6260833728759,17.25503727099357],[-67.61117915392276,17.25834931964983],[-67.58523477278213,17.258901327759204],[-67.56701850517275,17.261109360196706],[-67.5504582618915,17.26276538452483],[-67.51568175100088,17.267733457509205],[-67.49360142662589,17.26718144939983],[-67.46544901304776,17.27159751427483],[-67.44778475354777,17.272701530493578],[-67.42515242106339,17.280429644024828],[-67.40969619400089,17.285397717009204],[-67.38264779664152,17.289813781884202],[-67.36222349659464,17.29698988730608],[-67.34621526142277,17.30361398461858],[-67.3169588316259,17.311894106259203],[-67.29984658023527,17.315758163024828],[-67.2705901504384,17.322934268446705],[-67.2440937611884,17.327902341431077],[-67.22422146925089,17.333974430634203],[-67.19882909621964,17.339494511727953],[-67.17785278806339,17.342254552274827],[-67.14749234204777,17.34391057660295],[-67.13038009065714,17.349430657696704],[-67.11713189603215,17.355502746899827],[-67.09946763653214,17.35991881177483],[-67.06910719051653,17.362126844212323],[-67.04481883370403,17.355502746899823],[-67.03046662286027,17.352190698243575],[-67.00286621739153,17.352190698243575],[-66.95980958486028,17.348878649587324],[-66.92006500098528,17.352190698243575],[-66.90129672526653,17.347774633368577],[-66.88804853064153,17.346670617149826],[-66.84609591432903,17.337838487399825],[-66.82732763861029,17.336734471181074],[-66.79420715204779,17.335630454962324],[-66.74894248707903,17.335630454962324],[-66.72796617892278,17.334526438743577],[-66.68490954639154,17.341150536056077],[-66.65620512470403,17.347774633368577],[-66.62308463814153,17.345566600931075],[-66.59879628132904,17.343358568493574],[-66.57009185964154,17.340046519837326],[-66.54690751904779,17.337838487399825],[-66.53476334064153,17.337838487399825],[-66.51599506492279,17.341150536056077],[-66.49612277298529,17.349982665806074],[-66.4718344161728,17.346670617149826],[-66.44865007557904,17.343358568493574],[-66.42877778364154,17.346670617149826],[-66.34928861589152,17.336734471181064],[-66.29850386982902,17.316862179243564],[-66.24771912376653,17.303613984618565],[-66.17927011820403,17.290365789993565],[-66.13069340457903,17.288157757556068],[-66.05782833414153,17.301405952181067],[-65.98275523126654,17.296989887306065],[-65.91430622570404,17.321278244118567],[-65.85468934989153,17.343358568493564],[-65.79728050651654,17.345566600931065],[-65.74428772801653,17.358814795556064],[-65.68908691707904,17.365438892868564],[-65.64713430076654,17.363230860431067],[-65.60738971689155,17.352190698243565],[-65.55439693839155,17.349982665806067],[-65.51465235451654,17.354398730681066],[-65.47711580307904,17.349982665806067],[-65.45503547870405,17.354398730681066],[-65.40866679751655,17.352190698243565],[-65.37113024607905,17.343358568493564],[-65.32696959732905,17.347774633368566],[-65.2706647701728,17.359918811774808],[-65.24527239714155,17.36543889286856],[-65.2132559267978,17.359918811774808],[-65.1757193753603,17.36875094152481],[-65.1448069212353,17.36875094152481],[-65.11941454820405,17.36212684421231],[-65.08960611029781,17.353294714462308],[-65.0520695588603,17.34556660093106],[-65.01563702364156,17.33894250361856],[-64.95270809917281,17.33563045496231],[-64.90523540176656,17.34887864958731],[-64.8665948341103,17.36102282799356],[-64.8489305746103,17.37537503883731],[-64.8334743475478,17.387519217243558],[-64.81581008804781,17.401871428087308],[-64.78268960148532,17.412911590274806],[-64.75840124467281,17.420639703806057],[-64.72307272567281,17.430575849774808],[-64.68995223911031,17.447136093056056],[-64.66897593095406,17.463696336337307],[-64.63585544439157,17.469216417431056],[-64.61267110379781,17.463696336337307],[-64.58838274698532,17.45928027146231],[-64.45369276829781,17.471424449868557],[-64.40290802223531,17.500128871556058],[-64.37641163298531,17.520001163493557],[-64.35433130861031,17.537665422993555],[-64.29692246523531,17.550913617618555],[-64.25276181648532,17.555329682493554],[-64.21964132992282,17.533249358118557],[-64.19976903798532,17.520001163493557],[-64.17768871361032,17.497920839118557],[-64.16444051898532,17.464800352556058]]}},{"type":"Feature","properties":{"catalog_id":"CA_174.0","catalog_name":"GEM_Central_Am_Carib","dip_dir":"N","downthrown_side_dir":"N","fs_name":"Anegada Rift","reference":"Mann et al., 2005 GSA SP","slip_type":"Normal"},"geometry":{"type":"LineString","coordinates":[[-66.49005068378212,17.72424416396231],[-66.46907437562587,17.73528432614981],[-66.46024224587586,17.740804407243562],[-66.44616603908682,17.74301243968106],[-66.43733390933681,17.745772480227938],[-66.42932979175087,17.745496476173248],[-66.42463772282119,17.747428504556062],[-66.42132567416495,17.7488085248295],[-66.41414956874307,17.750464549157623],[-66.41028551197745,17.752120573485747],[-66.40310940655557,17.752120573485747],[-66.39234524842276,17.752120573485747],[-66.38185709434462,17.755156618087312],[-66.37523299703213,17.75736465052481],[-66.36805689161025,17.757640654579497],[-66.35894875780556,17.757088646470123],[-66.35260066454775,17.756812642415436],[-66.34652857534464,17.757088646470123],[-66.33383238882901,17.7620567194545],[-66.32362023880557,17.765368768110747],[-66.316168129329,17.766748788384184],[-66.28856772386025,17.76730079649356],[-66.27614754139933,17.77061284514981],[-66.2700754521962,17.773096881641997],[-66.26151932650089,17.774200897860748],[-66.24744311971182,17.77282087758731],[-66.23750697374307,17.772544873532624],[-66.23060687237589,17.771992865423247],[-66.20687052367275,17.76895682082169],[-66.18920626417275,17.772268869477937],[-66.179270118204,17.763436739727936],[-66.16836795804386,17.765920776220128],[-66.15898382018447,17.767024792438875],[-66.1530497330087,17.769784832985753],[-66.14890967218838,17.77199286542325],[-66.14338959109463,17.773234883669346],[-66.13869752216495,17.773096881642],[-66.1309694086337,17.773648889751374],[-66.11703120387197,17.7797209789545],[-66.11233913494229,17.781653007337315],[-66.10378300924698,17.781929011392002],[-66.09895293828994,17.780272987063874],[-66.06431442942667,17.780548991118568],[-66.04885820236417,17.780548991118568],[-66.02732988609856,17.782205015446692],[-66.0085616103798,17.779444974899818],[-66.0019375130673,17.78165300733732],[-65.99365739142668,17.784965055993567],[-65.9864812860048,17.792693169524817],[-65.96716100217668,17.81698152633732],[-65.96053690486418,17.83519779394669],[-65.94563268591105,17.845133939915442],[-65.9290724426298,17.851758037227942],[-65.91472023178605,17.854518077774816],[-65.89926400472355,17.852862053446692],[-65.88877585064543,17.847893980462317],[-65.88435978577043,17.84402992369669],[-65.87055958303606,17.841821891259194],[-65.8562073721923,17.840717875040443],[-65.84737524244231,17.83630181016544],[-65.83467905592669,17.83133373718107],[-65.82474290995793,17.825813656087316],[-65.81204672344231,17.81808554255607],[-65.79714250448916,17.813117469571694],[-65.77782222066104,17.821397591212317],[-65.77230213956729,17.82305361554044],[-65.75518988817666,17.825261647977943],[-65.73918165300479,17.832437753399816],[-65.73310956380166,17.83740582638419],[-65.72482944216104,17.846237956134193],[-65.70882120698916,17.853414061556066],[-65.68950092316103,17.86831828050919],[-65.68729289072354,17.880462458915442],[-65.68453285017667,17.886534548118565],[-65.67956477719228,17.89371065354044],[-65.67238867177042,17.90254278329044],[-65.67018063933291,17.90916688060294],[-65.66742059878604,17.91579097791544],[-65.65638043659854,17.92131105900919],[-65.63043605545792,17.92517511577481],[-65.59731556889543,17.929591180649812],[-65.58296335805167,17.93621527796231],[-65.54101074173917,17.93952732661856],[-65.50347419030167,17.93621527796231]]}},{"type":"Feature","properties":{"catalog_id":"CA_175.0","catalog_name":"GEM_Central_Am_Carib","dip_dir":"N","downthrown_side_dir":"N","fs_name":"Anegada Rift","name":"St. Croix Fault","reference":"Mann et al., 2005 GSA SP","slip_type":"Normal"},"geometry":{"type":"LineString","coordinates":[[-65.57965130939544,17.70878793689982],[-65.54873885527044,17.72314014774357],[-65.53107459577045,17.73528432614982],[-65.5167223849267,17.74632448833732],[-65.5012661578642,17.758468666743568],[-65.49353804433295,17.76840481271232],[-65.47587378483294,17.78275702355607],[-65.4526894442392,17.790485137087316],[-65.43612920095795,17.798213250618566],[-65.40852879548919,17.813669477681067],[-65.38755248733294,17.822501607431068],[-65.3754083089267,17.828021688524817],[-65.3665761791767,17.840165866931066],[-65.34725589534857,17.848169984517],[-65.33400770072356,17.848169984517],[-65.32545157502825,17.84927400073575],[-65.31303139256731,17.850654021009188],[-65.30585528714543,17.849550004790437],[-65.29729916145013,17.848169984517],[-65.29012305602825,17.84734197235294],[-65.27880688978607,17.849826008845127],[-65.27301080463762,17.851206029118565],[-65.26831873570794,17.85286205344669],[-65.25783058162982,17.857002114267],[-65.24568640322356,17.86169418319669],[-65.23243820859857,17.863074203470127],[-65.22526210317669,17.864178219688874],[-65.21642997342668,17.862246191306063],[-65.20980587611419,17.85893414264981],[-65.20097374636418,17.855346089938877],[-65.19269362472356,17.853138057501376],[-65.17171731656732,17.854794081829503],[-65.15736510572357,17.854242073720126],[-65.1347327732392,17.856450106157627],[-65.11596449752045,17.857554122376378],[-65.0949881893642,17.852586049392002],[-65.08118798662983,17.847065968298253],[-65.07401188120795,17.840993879095127],[-65.06738778389546,17.83216174934513],[-65.05469159737983,17.834369781782627],[-65.0464114757392,17.837129822329505],[-65.02819520812983,17.83878584665763],[-65.02046709459857,17.83878584665763],[-64.99121066480171,17.840993879095123],[-64.97906648639545,17.83823383854825],[-64.97023435664546,17.837681830438875],[-64.95919419445795,17.83381777367325],[-64.94870604037983,17.82940170879825],[-64.93766587819233,17.826641668251373],[-64.92000161869234,17.829953716907625],[-64.90951346461421,17.83823383854825],[-64.90344137541108,17.853138057501376],[-64.90012932675484,17.863074203470124],[-64.89184920511421,17.8680422764545],[-64.88246506725483,17.874666373767],[-64.87252892128609,17.88239448729825],[-64.85928072666108,17.885706535954498],[-64.84548052392671,17.88018645486075],[-64.8366483941767,17.871906333220124],[-64.82671224820795,17.86252219536075],[-64.81953614278609,17.857554122376374],[-64.80794397248921,17.8592101467045],[-64.79635180219233,17.864178219688874],[-64.77371946970796,17.870250308891997],[-64.76488733995797,17.874114365657622],[-64.75771123453609,17.878530430532624],[-64.7290068128486,17.88736256028262],[-64.7025104235986,17.89398665759512],[-64.67711805056734,17.89177862515762],[-64.65503772619235,17.89509067381387],[-64.64841362887985,17.89950673868887],[-64.6384774829111,17.90613083600137],[-64.63130137748922,17.91220292520449],[-64.5965248665986,17.91661899007949],[-64.58272466386421,17.923243087391988],[-64.56782044491109,17.923243087391988],[-64.55954032327047,17.921587063063864],[-64.54022003944235,17.91551497386074],[-64.52531582048923,17.911650917095116],[-64.5148276664111,17.907234852220114],[-64.50047545556734,17.910546900876366],[-64.49164332581735,17.912754933313867],[-64.47618709875485,17.90999489276699],[-64.46293890412984,17.89895473057949],[-64.45024271761422,17.89343464948574],[-64.4353384986611,17.897298706251366],[-64.41270616617672,17.912754933313867],[-64.39945797155173,17.918275014407616]]}},{"type":"Feature","properties":{"catalog_id":"CA_176.0","catalog_name":"GEM_Central_Am_Carib","dip_dir":"S","downthrown_side_dir":"S","fs_name":"Anegada Rift","name":"Sombrero Fault","reference":"Mann et al., 2005 GSA SP","slip_type":"Normal"},"geometry":{"type":"LineString","coordinates":[[-65.4190169495673,17.94145935500137],[-65.3571920413173,17.92821116037637],[-65.32959163584857,17.92821116037637],[-65.32296753853608,17.927107144157624],[-65.30419926281732,17.931523209032623],[-65.29647114928608,17.93593927390762],[-65.28543098709856,17.944771403657622],[-65.27439082491107,17.95029148475137],[-65.25231050053607,17.96464369559512],[-65.23575025725482,17.96905976047012],[-65.21477394909857,17.97016377668887],[-65.20152575447358,17.96905976047012],[-65.17944543009857,17.96905976047012],[-65.16509321925483,17.965747711813872],[-65.15074100841107,17.961331646938874],[-65.13418076512983,17.96243566315762],[-65.11762052184858,17.958019598282622],[-65.09885224612982,17.961331646938874],[-65.07456388931733,17.96243566315762],[-65.05800364603607,17.967955744251373],[-65.04917151628608,17.974579841563873],[-65.03150725678607,17.978995906438872],[-65.01715504594233,17.978995906438872],[-65.00280283509858,17.986724019970122],[-64.99507472156732,17.99114008484512],[-64.97851447828607,17.99997221459512],[-64.95533013769233,18.00659631190762],[-64.93435382953608,18.00438827947012],[-64.91558555381732,17.99776418215762],[-64.91116948894233,17.99666016593887],[-64.89460924566107,17.993348117282622],[-64.87915301859859,17.993348117282622],[-64.83720040228607,17.99776418215762],[-64.82174417522357,17.99666016593887],[-64.7946957778642,17.999420206485745],[-64.75384717777045,18.01101237678262],[-64.73563091016108,18.01763647409512],[-64.72679878041109,18.02315655518887],[-64.71520661011421,18.032540693048244],[-64.70803050469233,18.03971679847012],[-64.70030239116109,18.045788887673243],[-64.69312628573921,18.052412984985743],[-64.68319013977046,18.062349130954495],[-64.67270198569233,18.07173326881387],[-64.66221383161421,18.080565398563866],[-64.63516543425483,18.088845520204494],[-64.6268853126142,18.089397528313867],[-64.6180531828642,18.094365601298243],[-64.59431683416108,18.113685885126372],[-64.57665257466108,18.11810195000137],[-64.55788429894233,18.12362203109512],[-64.53580397456733,18.13907825815762],[-64.52365979616108,18.147910387907622],[-64.50820356909858,18.16005456631387],[-64.48501922850483,18.16888669606387],[-64.46625095278608,18.18323890690762],[-64.45189874194233,18.195383085313868],[-64.43202645000483,18.20090316640762],[-64.3779296552861,18.23291963675136],[-64.36468146066109,18.24727184759511],[-64.35032924981734,18.26604012331386],[-64.33818507141109,18.27818430172011],[-64.31720876325484,18.29253651256386],[-64.2940244226611,18.30026462609511],[-64.2631119685361,18.324552982907612],[-64.25869590366109,18.35988150190761],[-64.2476557414736,18.391897972251357],[-64.23882361172359,18.419498377720107],[-64.23551156306735,18.426122475032606],[-64.2255754170986,18.449306815626358],[-64.2145352549111,18.463659026470108],[-64.20239107650485,18.479115253532605],[-64.1615424764111,18.51333975631385],[-64.1372541195986,18.537628113126353],[-64.1240059249736,18.55529237262635],[-64.1041336330361,18.57295663212635],[-64.0776372437861,18.59724498893885],[-64.0599729842861,18.61711728087635],[-64.0445167572236,18.63036547550135],[-64.0202284004111,18.661277929626348],[-63.976067751661105,18.69219038375135],[-63.94225725496187,18.70681859864978],[-63.91686488193063,18.71785876083728],[-63.89920062243063,18.73883506899353],[-63.894784557555624,18.75097924739978],[-63.887056444024374,18.76201940958728],[-63.87822431427438,18.77085153933728],[-63.868288168305625,18.77968366908728],[-63.86718415208688,18.788515798837278],[-63.847311860149375,18.79955596102478],[-63.82302350333688,18.82053226918103],[-63.805359243836875,18.81942825296228],[-63.76782269239938,18.831572431368528],[-63.74463835180563,18.835988496243527],[-63.72034999499313,18.849236690868526],[-63.70047770305563,18.864692917931027]]}},{"type":"Feature","properties":{"activity_confidence":"1","catalog_id":"CA_177.0","catalog_name":"GEM_Central_Am_Carib","fs_name":"Enriquillo-Plantain Garden Fault","name":"Enriquillo-Plantain Garden Fault","slip_type":"Sinistral_Transform"},"geometry":{"type":"LineString","coordinates":[[-76.22940576153977,17.958847610446682],[-76.21505355069601,17.958847610446682],[-76.20070133985227,17.96215965910293],[-76.19021318577414,17.963815683431054],[-76.14053245593044,17.974855845618546],[-76.11624409911795,17.974855845618546],[-76.08533164499295,17.977063878056043],[-76.05883525574295,17.977063878056043],[-76.02792280161795,17.977063878056043],[-76.00142641236795,17.985896007806044],[-75.97713805555544,17.992520105118544],[-75.94401756899295,18.003560267306042],[-75.91752117974295,18.007976332181045],[-75.87998462830545,18.016808461931046],[-75.80491152543046,18.023432559243545],[-75.77179103886795,18.032264688993543],[-75.73425448743045,18.041096818743544],[-75.68346974136796,18.045512883618542],[-75.65476531968045,18.052136980931042],[-75.61502073580546,18.06538517555604],[-75.56644402218046,18.067593207993543],[-75.53332353561795,18.069801240431044],[-75.50020304905546,18.07200927286854],[-75.46487453005545,18.080841402618542],[-75.42292191374295,18.087465499931042],[-75.38980142718046,18.09850566211854],[-75.36551307036797,18.109545824306043],[-75.29043996749296,18.129418116243542],[-75.25952751336797,18.144874343306043],[-75.23082309168046,18.14708237574354],[-75.20653473486796,18.15370647305604],[-75.13366966443047,18.15591450549354],[-75.09834114543047,18.17357876499354],[-75.06301262643046,18.19565908936854],[-75.03210017230546,18.21111531643104],[-74.93273871261798,18.23098760836854],[-74.89520216118048,18.24423580299354],[-74.84662544755547,18.261900062493538],[-74.83337725293048,18.268524159806038],[-74.79363266905547,18.27735628955604],[-74.77376037711798,18.288396451743537],[-74.74063989055547,18.295020549056037],[-74.70531137155548,18.301644646368537],[-74.66115072280547,18.308268743681037],[-74.64127843086798,18.312684808556035],[-74.59490974968048,18.314892840993537],[-74.57282942530549,18.31930890586854],[-74.54412500361798,18.321516938306036],[-74.51321254949298,18.325933003181035],[-74.49334025755549,18.330349068056037],[-74.47346796561798,18.330349068056037],[-74.45138764124299,18.330349068056037],[-74.43372338174298,18.33255710049354],[-74.42268321955548,18.334765132931036]]}},{"type":"Feature","properties":{"accuracy":"500000","activity_confidence":"1","catalog_id":"CA_178.0","catalog_name":"GEM_Central_Am_Carib","epistemic_quality":"1","exposure_quality":"2","fs_name":"Oriente Fault Zone","name":"Oriente Fault","reference":"Leroy et al., 2015 Terra Nova","slip_type":"Sinistral_Transform"},"geometry":{"type":"LineString","coordinates":[[-75.0199559938992,19.853891449931005],[-74.9448828910242,19.875971774306002],[-74.89189011252421,19.882595871618502],[-74.86539372327421,19.889219968931002],[-74.82344110696171,19.889219968931002],[-74.75940816627421,19.880387839181004],[-74.69537522558672,19.8958440662435],[-74.62913425246171,19.902468163556],[-74.60926196052422,19.906884228431004],[-74.55626918202422,19.913508325743503],[-74.48119607914921,19.948836844743504],[-74.44807559258672,19.964293071806],[-74.39508281408672,19.973125201556],[-74.35092216533673,19.977541266431],[-74.30455348414922,19.977541266431],[-74.26039283539923,19.986373396181],[-74.19856792714923,19.990789461056],[-74.05283778627422,20.004037655681],[-73.99101287802422,20.0106617529935],[-73.94464419683673,20.021701915180998],[-73.90048354808673,20.028326012493498],[-73.83865863983674,20.028326012493498],[-73.74371324502424,20.030534044931],[-73.69734456383674,20.034950109805997],[-73.64435178533674,20.030534044931],[-73.58694294196174,20.0327420773685],[-73.53174213102423,20.028326012493498],[-73.48426943361798,20.038262158462256],[-73.43679673621173,20.03605412602476],[-73.41250837939923,20.03715814224351],[-73.36945174686798,20.041574207118508],[-73.33191519543048,20.041574207118508],[-73.31535495214924,20.039366174681007],[-73.28554651424298,20.03715814224351],[-73.23807381683673,20.033846093587258],[-73.18176898968049,20.033846093587258],[-73.1022798219305,20.03715814224351],[-73.05591114074299,20.03053404493101],[-73.00954245955549,20.02280593139976],[-72.96869385946175,20.020597898962258],[-72.93557337289924,20.019493882743507],[-72.90024485389925,20.01507781786851],[-72.8505641240555,20.006245688118508],[-72.8064034753055,20.00293363946226],[-72.77880306983675,19.998517574587257],[-72.75672274546174,19.99410150971226],[-72.72360225889925,19.98747741239976],[-72.71035406427426,19.98306134752476],[-72.68606570746175,19.97754126643101]]}},{"type":"Feature","properties":{"activity_confidence":"2","catalog_id":"CA_179.0","catalog_name":"GEM_Central_Am_Carib","dip_dir":"N","downthrown_side_dir":"S","epistemic_quality":"2","exposure_quality":"2","fs_name":"Oriente Fault","name":"Santiago Deformed Belt","reference":"Leroy et al., 2015 Terra Nova","slip_type":"Reverse"},"geometry":{"type":"LineString","coordinates":[[-73.881715272368,19.99023745294663],[-73.90600362918049,19.97809327454038],[-73.9280839535555,19.96153303125913],[-73.94243616439924,19.94938885285288],[-73.95568435902425,19.93282860957163],[-73.961204440118,19.923996479821632],[-73.96782853743049,19.903020171665382],[-73.9766606671805,19.888667960821632],[-73.98438878071174,19.875419766196632],[-73.9987409915555,19.856651490477883],[-74.01530123483674,19.835675182321634],[-74.023029348368,19.818010922821635],[-74.045109672743,19.791514533571636],[-74.09479040258674,19.770538225415386],[-74.12018277561799,19.760602079446635],[-74.14557514864924,19.749561917259136],[-74.18090366764923,19.731897657759134],[-74.21292013799298,19.724169544227887],[-74.27143299758674,19.713129382040385],[-74.29792938683674,19.710921349602888],[-74.31780167877423,19.710921349602888],[-74.33877798693048,19.709817333384137],[-74.36196232752424,19.709817333384137],[-74.40170691139923,19.713129382040385],[-74.44255551149298,19.718649463134135],[-74.49444427377423,19.716441430696637],[-74.54081295496174,19.707609300946633],[-74.58055753883673,19.714233398259132],[-74.62471818758672,19.708713317165383],[-74.64017441464922,19.708713317165383],[-74.69095916071173,19.710921349602884],[-74.73953587433672,19.703193236071634],[-74.76934431224298,19.693257090102883],[-74.80798487989922,19.678904879259132],[-74.84331339889923,19.663448652196635],[-74.87091380436797,19.653512506227884],[-74.89189011252422,19.650200457571636],[-74.91176240446173,19.650200457571636],[-74.94709092346172,19.651304473790386],[-74.99014755599296,19.641368327821635],[-75.02326804255547,19.643576360259136],[-75.05086844802422,19.642472344040385],[-75.07294877239922,19.635848246727885],[-75.12152548602421,19.627016116977888],[-75.1546459725867,19.629224149415386],[-75.20211866999296,19.631432181852887],[-75.23634317277421,19.619288003446638],[-75.27277570799296,19.604935792602888],[-75.30479217833671,19.59389563041539],[-75.34232872977421,19.57954341957164],[-75.3798652812117,19.55967112763414],[-75.4328580597117,19.55304703032164],[-75.46929059493046,19.54642293300914],[-75.52559542208671,19.54642293300914],[-75.57969221680546,19.55194301410289],[-75.62385286555545,19.555255062759137],[-75.65476531968045,19.568503257384137],[-75.70113400086795,19.576231370915387],[-75.7309424387742,19.589479565540387],[-75.7574388280242,19.601623743946636],[-75.8126396389617,19.617079971009137],[-75.85680028771169,19.61487193857164],[-75.8855047093992,19.610455873696637],[-75.94732961764919,19.632536198071637],[-75.98265813664919,19.647992425134138],[-76.03123485027419,19.663448652196635],[-76.0864356612117,19.670072749509135],[-76.12176418021168,19.670072749509135],[-76.17917302358669,19.692153073884135],[-76.22774973721168,19.692153073884135],[-76.29619874277418,19.694361106321637]]}},{"type":"Feature","properties":{"accuracy":"500000","activity_confidence":"1","catalog_id":"CA_180.0","catalog_name":"GEM_Central_Am_Carib","epistemic_quality":"1","fs_name":"Oriente Fault Zone","name":"Oriente Fault","reference":"Leroy et al., 2015 Terra Nova","slip_type":"Sinistral_Transform"},"geometry":{"type":"LineString","coordinates":[[-81.55573200889903,18.879597136884158],[-81.45857858164904,18.892845331509157],[-81.33492876514903,18.88842926663416],[-81.20686288377404,18.92375778563416],[-81.10529339164904,18.959086304634155],[-80.89773834252405,19.020911212884155],[-80.68135116364905,19.069487926509154],[-80.55770134714905,19.082736121134154],[-80.38547481702406,19.091568250884155],[-80.16467157327406,19.122480705009153],[-79.90412374564907,19.18872167813415],[-79.74956147502408,19.20196987275915],[-79.56408675027407,19.21521806738415],[-79.47576545277408,19.22405019713415],[-79.36536383089908,19.26821084588415],[-79.12248026277412,19.30795542975914],[-78.88401275952411,19.33003575413414],[-78.70295409964912,19.35653214338414],[-78.53072756952413,19.39186066238414],[-78.40707775302413,19.42718918138414],[-78.22160302827413,19.46693376525914],[-78.09353714689914,19.506678349134138],[-78.03171223864913,19.511094414009136],[-77.88229137026653,19.54207191111285],[-77.66959491889915,19.586167516884135],[-77.3929943774467,19.62793268875904],[-77.20358852016595,19.63442800941448],[-76.96361168561404,19.655637929567696],[-76.82490416569975,19.650611882352813],[-76.56176056347253,19.665243075091766]]}},{"type":"Feature","properties":{"accuracy":"1000000","activity_confidence":"1","catalog_id":"CA_181.0","catalog_name":"GEM_Central_Am_Carib","fs_name":"Walton Fault Zone","name":"Walton Fault Zone","notes":"Slip rates from residual from total relative plate motion - Oriente Fault","reference":"Leroy et al., 2015 Terra Nova","slip_type":"Sinistral_Transform","strike_slip_rate":"None"},"geometry":{"type":"LineString","coordinates":[[-81.60872478739911,17.900334750852917],[-81.46741071139911,17.913582945477916],[-81.26868779202412,17.948911464477916],[-81.13178978089913,17.966575723977915],[-81.04346848339912,17.970991788852913],[-80.90215440739912,17.970991788852913],[-80.78733672064914,17.979823918602914],[-80.71226361777414,17.970991788852913],[-80.47821217939914,17.993072113227914],[-80.35014629802414,18.041648826852914],[-80.31481777902414,18.059313086352912],[-80.20000009227415,18.09905767022791],[-80.0504549337617,18.100350858437377],[-79.82668445407147,18.11462399114853],[-79.670828995237,18.123187870775226],[-79.46728763580204,18.133313188734686],[-79.3302554996154,18.131751750401918],[-79.21530368780375,18.137595128548032],[-79.1003518759921,18.157534483016356],[-78.85234361743632,18.143572631755802],[-78.69795850320028,18.143706756817455],[-78.5489283292708,18.11007380121188],[-78.40591868987637,18.13554525237572],[-78.07848077948177,18.127850670109883]]}},{"type":"Feature","properties":{"accuracy":"1000000","activity_confidence":"1","catalog_id":"CA_182.0","catalog_name":"GEM_Central_Am_Carib","epistemic_quality":"1","fs_name":"Swan Islands Transform","name":"Swan Islands Transform","reference":"Rogers and Mann, 2007","slip_type":"Sinistral_Transform","strike_slip_rate":"None"},"geometry":{"type":"LineString","coordinates":[[-88.38196009337979,15.640692615244912],[-87.93405615031537,15.942443971736736],[-87.70691686990122,16.044013463861734],[-87.41998774752562,16.17718662590782],[-87.11420419075668,16.31393096143371],[-86.8035435423154,16.46062108820328],[-86.47729228176239,16.654889361603555],[-86.23344872774283,16.787486402352933],[-85.99939728936782,16.87580769985293],[-85.81833862949283,16.92880047835293],[-85.72292101513543,16.973219022967584]]}},{"type":"Feature","properties":{"accuracy":"1000000","activity_confidence":"1","catalog_id":"CA_261.0","catalog_name":"GEM_Central_Am_Carib","epistemic_quality":"1","fs_name":"Swan Islands Transform","name":"Swan Islands Transform","reference":"Rogers and Mann, 2007","slip_type":"Sinistral_Transform","strike_slip_rate":"None"},"geometry":{"type":"LineString","coordinates":[[-85.61519964524285,16.946464737852935],[-85.43414098536786,16.995041451477935],[-85.32373936349286,17.008289646102934],[-85.12060037924286,17.048034229977933],[-84.85122042186786,17.109859138227932],[-84.74081879999287,17.15843585185293],[-84.64366537274287,17.18934830597793],[-84.55092801036788,17.20701256547793],[-84.42727819386788,17.246757149352927],[-84.33454083149289,17.268837473727928],[-84.20205888524289,17.268837473727928],[-83.9061825386179,17.317414187352927],[-83.7295399436179,17.348326641477925],[-83.6894587459903,17.36520293521586]]}},{"type":"Feature","properties":{"accuracy":"1000000","activity_confidence":"1","catalog_id":"CA_184.0","catalog_name":"GEM_Central_Am_Carib","epistemic_quality":"1","exposure_quality":"1","name":"Cayman Spreading Center","notes":"Likely thin seismogenic thickness, may not produce moderate to large earthquakes. ","reference":"Leroy et al., 2000; Hayman et al., 2011","shortening_rate":"(-13,-16,-10)","slip_type":"Spreading_Ridge"},"geometry":{"type":"LineString","coordinates":[[-81.66282158211793,18.8232923097279],[-81.65398945236792,18.704058558102904],[-81.65398945236792,18.615737260602906],[-81.65840551724293,18.54508022260291],[-81.67165371186793,18.42584647097791],[-81.68048584161792,18.34635730322791],[-81.68048584161792,18.271284200352916],[-81.67606977674293,18.165298643352916],[-81.65840551724293,18.05489702147792],[-81.65398945236792,17.953327529352922],[-81.64957338749294,17.891502621102923]]}},{"type":"Feature","properties":{"activity_confidence":"1","catalog_id":"CA_186.0","catalog_name":"GEM_Central_Am_Carib","dip_dir":"W","downthrown_side_dir":"E","epistemic_quality":"1","name":"Antilles Thrust","slip_type":"Reverse"},"geometry":{"type":"LineString","coordinates":[[-63.00605186943061,19.679147778377533],[-62.88742068886888,19.643997798951837],[-62.76439576087894,19.58687908238508],[-62.64576458031722,19.54733535553117],[-62.32062727062952,19.45506665953872],[-62.197602342639584,19.39355419554375],[-61.982308718657194,19.33643547897699],[-61.771408842103014,19.22659179327169],[-61.60005269240275,19.151898086992084],[-61.446271532415324,19.09477937042533],[-61.31006536214075,19.03326690643036],[-61.006896789594116,18.897060736155787],[-60.892659356460605,18.813579535019755],[-60.75205943875782,18.681767112173393],[-60.66857823762179,18.615860900750214],[-60.54555330963185,18.554348436755244],[-60.4532846136394,18.479654730475637],[-60.382984654788004,18.39617352933961],[-60.33465343307767,18.26875485392146],[-60.33465343307767,18.158911168216157],[-60.259959726798066,18.027098745369795],[-60.18526602051846,17.9567987865184],[-60.08860357709779,17.877711332810584],[-59.9831536388207,17.785442636818132],[-59.855734963402554,17.649236466543556],[-59.75907251998189,17.552574023122894],[-59.67559131884586,17.447124084845804],[-59.56574763314056,17.350461641425138],[-59.49105392686096,17.262586692860896],[-59.39439148344029,17.148349259727382],[-59.29333529259141,17.051686816306717],[-59.218641586311804,16.985780604883537],[-59.14834162746041,16.915480646032144],[-59.07364792118081,16.8627556768936],[-59.0341041943269,16.78366822318578],[-59.003347962329414,16.7177620117626],[-58.998954214901204,16.61231207348551],[-58.94183549833444,16.53322461977769],[-58.90668551890874,16.50686213520842],[-58.88471678176768,16.458530913498084],[-58.84956680234198,16.40580594435954],[-58.827598065200924,16.357474722649208],[-58.81221994920218,16.302552879796554],[-58.80123558063165,16.2454341632298],[-58.79025121206112,16.210284183804102],[-58.781463717204694,16.157559214665557],[-58.777069969776484,16.104834245527012],[-58.75290435892131,16.032337412961514],[-58.77267622234827,15.966431201538331],[-58.759494980063636,15.874162505545879],[-58.71555750578151,15.821437536407334],[-58.69798251606866,15.764318819840577],[-58.684801273784025,15.68523136613276],[-58.69798251606866,15.619325154709578],[-58.69358876864045,15.527056458717125],[-58.69798251606866,15.434787762724671],[-58.662832536642966,15.338125319304005],[-58.59692632521978,15.281006602737248],[-58.47829514465806,15.232675381026915],[-58.37284520638097,15.20191914902943],[-58.28497025781673,15.162375422175522],[-58.166339077255,15.114044200465191],[-58.126795350401096,15.092075463324129],[-58.06528288640612,15.052531736470222],[-58.03013290698043,14.999806767331677],[-58.01255791726758,14.955869293049556],[-57.9818016852701,14.911931818767435],[-57.937864210987975,14.867994344485314],[-57.810445535569826,14.797694385633921],[-57.748933071574854,14.758150658780012],[-57.67863311272346,14.665881962787559],[-57.66105812301061,14.595582003936165],[-57.66545187043883,14.4989195605155],[-57.69620810243631,14.441800843948743],[-57.718176839577374,14.353925895384501],[-57.73575182929022,14.270444694248472],[-57.722570587005585,14.244082209679199],[-57.722570587005585,14.195750987968866],[-57.718176839577374,14.11666353426105],[-57.74453932414664,14.050757322837867],[-57.77529555614413,13.949701131988991],[-57.76211431385949,13.88379492056581],[-57.74453932414664,13.804707466857993],[-57.69620810243631,13.725620013150175],[-57.66984561786704,13.664107549155206],[-57.612726901300285,13.576232600590965],[-57.5819706693028,13.492751399454935],[-57.56878942701816,13.374120218893209],[-57.57318317444637,13.303820260041816],[-57.57757692187459,13.167614089767241],[-57.59954565901565,13.092920383487638],[-57.617120648728495,13.022620424636244],[-57.625908143584915,12.94572984464253],[-57.60393940644385,12.866642390934713],[-57.584167543016896,12.833689285223123],[-57.5490175635912,12.783161189798685],[-57.51826133159371,12.721648725803716],[-57.50727696302319,12.614001913812519],[-57.49848946816676,12.504158228107217],[-57.49409572073855,12.473401996109732],[-57.4765207310257,12.420677026971187],[-57.469930109883386,12.352573941833901],[-57.46773323616928,12.310833341265887],[-57.46333948874106,12.236139634986282],[-57.478717604739806,12.1702334235631],[-57.478717604739806,12.11970532813866],[-57.483111352168024,12.066980359000116],[-57.46773323616928,12.014255389861571],[-57.45894574131285,11.965924168151238],[-57.45674886759875,11.919789820155012],[-57.44796137274233,11.86486797730236],[-57.445764499028215,11.794568018450967],[-57.445764499028215,11.695708701316196],[-57.45455199388464,11.640786858463546],[-57.46114261502696,11.56609315218394],[-57.46333948874106,11.467233835049168],[-57.46553636245517,11.425493234481154],[-57.4765207310257,11.372768265342609],[-57.496292594452655,11.324437043632276],[-57.52704882645014,11.229971473925715],[-57.56000193216173,11.133309030505051],[-57.58856129044511,11.080584061366507],[-57.59954565901563,10.979527870517632],[-57.65227062815418,10.926802901379087],[-57.683026860151664,10.860896689955908],[-57.72696433443379,10.777415488819878],[-57.81044553556981,10.693934287683849],[-57.83241427271087,10.619240581404243],[-57.898320484134054,10.54894062255285],[-57.977407937841875,10.487428158557881],[-58.04331414926505,10.417128199706488],[-58.091645370975385,10.33804074599867],[-58.14437034011393,10.236984555149792],[-58.26739526810387,10.113959627159854],[-58.35527021666811,10.052447163164885]]}},{"type":"Feature","properties":{"accuracy":"1000000","activity_confidence":"1","average_dip":"(20,10,50)","average_rake":"(90,,)","catalog_id":"CA_187.0","catalog_name":"GEM_Central_Am_Carib","dip_dir":"E","downthrown_side_dir":"W","epistemic_quality":"1","exposure_quality":"1","fs_name":"Middle America Trench","name":"Middle America Trench megathrust","shortening_rate":"(75,50,90)","slip_type":"Subduction_Thrust"},"geometry":{"type":"LineString","coordinates":[[-106.45448346455748,21.16201386631058],[-106.45691705289912,21.079271862695386],[-106.44718269953262,21.00626421244668],[-106.444749111191,20.942990915564472],[-106.44961628787425,20.843213793557908],[-106.45691705289912,20.7799404966757],[-106.46665140626561,20.728835141501605],[-106.48612011299859,20.677729786327514],[-106.49098728968184,20.609589312762058],[-106.48612011299859,20.507378602413873],[-106.48125293631534,20.434370952165168],[-106.47395217129048,20.375964831966204],[-106.45935064124073,20.312691535083992],[-106.42041322777476,20.16424264624496],[-106.38147581430879,20.0644655242384],[-106.33767122415956,19.974422755598333],[-106.29143304566873,19.918450223740994],[-106.237894102153,19.88194639861664],[-106.22572616044488,19.828407455100926],[-106.17948798195404,19.750532628168976],[-106.12108186175507,19.638587564454294],[-106.06024215321449,19.56314632586397],[-105.99453526799066,19.48040432224877],[-105.90935967603383,19.40252949531682],[-105.81688331905214,19.31978749170162],[-105.76395277262182,19.280850078235645],[-105.68364435734826,19.229744723061554],[-105.60090235373305,19.166471426179342],[-105.53762905685085,19.117799659346876],[-105.47192217162701,19.056959950806288],[-105.42081681645291,19.010721772315442],[-105.33320763615447,18.957182828799727],[-105.29183663434688,18.925546180358623],[-105.21882898409817,18.879308001867777],[-105.12391903877486,18.82576905835206],[-105.05821215355103,18.777097291519592],[-105.00223962169369,18.723558348003873],[-104.95843503154447,18.66271863946329],[-104.89272814632064,18.611613284289195],[-104.83188843778004,18.56537510579835],[-104.75644719918972,18.51426975062426],[-104.69804107899076,18.45829721876692],[-104.62990060542529,18.399891098567956],[-104.55080898432256,18.337834595856556],[-104.4607662156825,18.280645269828405],[-104.41087765467921,18.2490086213873],[-104.37315703538404,18.201553648725643],[-104.3171845035267,18.150448293551552],[-104.2648623541818,18.118811645110448],[-104.21132341066608,18.08717499666934],[-104.15291729046713,18.04945437737418],[-104.07625925770598,18.02146811144551],[-104.01055237248215,17.99226505134603],[-103.94849586977075,17.94967725536762],[-103.90469127962153,17.918040606926514],[-103.85723630695988,17.887620752656222],[-103.80248056927336,17.85111692753187],[-103.77084392083225,17.834081809140507],[-103.72703933068303,17.782976453966413],[-103.67836756385056,17.753773393866933],[-103.6102270902851,17.74647262884206],[-103.57615685350237,17.736738275475567],[-103.52018432164503,17.71240239205933],[-103.48124690817906,17.692933685326345],[-103.40823925793035,17.66129703688524],[-103.35470031441464,17.63939474181063],[-103.2987277825573,17.61749244673602],[-103.25005601572482,17.595590151661405],[-103.19408348386749,17.559086326537056],[-103.1332437753269,17.52014891307108],[-103.05780253673657,17.493379441313223],[-102.97992770980463,17.45687561618887],[-102.90205288287267,17.425238967747767],[-102.82661164428235,17.396035907648283],[-102.78767423081638,17.38143437759854],[-102.71953375725091,17.369266435890424],[-102.64895969534383,17.366832847548803],[-102.59785434016975,17.342496964132568],[-102.5735184567535,17.318161080716333],[-102.52728027826267,17.276790078908736],[-102.47130774640532,17.242719842126007],[-102.38369856610687,17.194048075293537],[-102.26445273736732,17.140509131777822],[-102.19387867546025,17.106438894995094],[-102.0746328467207,17.067501481529117],[-102.00162519647199,17.040732009771258],[-101.92131678119843,17.013962538013402],[-101.82397324753349,16.975025124547425],[-101.77286789235939,16.953122829472814],[-101.65118847527822,16.909318239323593],[-101.57574723668789,16.87768159088249],[-101.51734111648892,16.85091211912463],[-101.47110293799808,16.82900982405002],[-101.41756399448236,16.804673940633784],[-101.34212275589204,16.76573652716781],[-101.29101740071795,16.743834232093196],[-101.19367386705301,16.707330406968847],[-101.12796698182918,16.69029528857748],[-101.04279138987236,16.663525816819625],[-100.99046924052746,16.642840315915826],[-100.93084632615769,16.627021991695273],[-100.85662188173818,16.606336490791474],[-100.79943255571003,16.59051816657092],[-100.72155772877807,16.56618228315469],[-100.66923557943316,16.5467135764217],[-100.55972410406011,16.51264333963897],[-100.47941568878655,16.494391427076796],[-100.44656224617462,16.485873867881114],[-100.38937292014647,16.46153798446488],[-100.32123244658102,16.432334924365396],[-100.26282632638205,16.406782246778352],[-100.18738508779172,16.37879598084968],[-100.12411179090951,16.354460097433446],[-100.07909040658949,16.337424979042083],[-100.01216672719484,16.311872301455036],[-99.93794228277532,16.289970006380425],[-99.86858501503905,16.264417328793378],[-99.81504607152334,16.241298239547955],[-99.76272392217844,16.224263121156593],[-99.70066741946704,16.206011208594415],[-99.62644297504752,16.182892119348992],[-99.54248417726151,16.15733944176195],[-99.50598035213714,16.142737911712203],[-99.45974217364632,16.119010425381372],[-99.40985361264303,16.098324924477573],[-99.36604902249381,16.0800730119154],[-99.32711160902784,16.069121864378094],[-99.27722304802455,16.052086745986728],[-99.23220166370452,16.033834833424553],[-99.17866272018881,16.011932538349942],[-99.12877415918553,16.00341497915426],[-99.09835430491523,15.98272947825046],[-99.06793445064494,15.954743212321791],[-99.02047947798327,15.92554015222231],[-98.96329015195512,15.904854651318509],[-98.90245044341454,15.890253121268769],[-98.84161073487395,15.854966090315228],[-98.78563820301662,15.836714177753052],[-98.69316184603493,15.818462265190878],[-98.65300763839814,15.812378294336819],[-98.6079862540781,15.795343175945455],[-98.53984578051265,15.768573704187595],[-98.47900607197207,15.752755379967043],[-98.42911751096878,15.72963629072162],[-98.34637550735359,15.70773399564701],[-98.2758014454465,15.695566053938892],[-98.20887776605188,15.676097347205905],[-98.17845791178159,15.663929405497788],[-98.11518461489938,15.6444606987648],[-98.06407925972529,15.632292757056682],[-97.98620443279334,15.617691227006942],[-97.90832960586138,15.590921755249084],[-97.78178301209697,15.534949223391743],[-97.7318944510937,15.516697310829569],[-97.67713871340716,15.478976691534404],[-97.62846694657469,15.458291190630606],[-97.55059211964274,15.43395530721437],[-97.49096920527296,15.420570571335443],[-97.42769590839076,15.403535452944078],[-97.3498210814588,15.381633157869466],[-97.30479969713878,15.375549187015409],[-97.2670790778436,15.368248421990538],[-97.20867295764465,15.345129332745115],[-97.10646224729646,15.32809421435375],[-97.02980421453532,15.324443831841315],[-96.94584541674931,15.339045361891056],[-96.86188661896327,15.336611773549436],[-96.81929882298486,15.334178185207813],[-96.7316896426864,15.329311008524567],[-96.68545146419557,15.328094214353754],[-96.63312931485066,15.32444383184132],[-96.59175831304306,15.322010243499696],[-96.56133845877277,15.32444383184132],[-96.52848501616086,15.328094214353754],[-96.41045598159212,15.334178185207813],[-96.33501474300179,15.329311008524567],[-96.25835671024065,15.323227037670508],[-96.18291547165032,15.320793449328884],[-96.09895667386431,15.312275890133202],[-96.03081620029886,15.312275890133202],[-95.99066199266207,15.306191919279144],[-95.94442381417123,15.279422447521286],[-95.90183601819281,15.272121682496415],[-95.86046501638522,15.267254505813169],[-95.816660426236,15.267254505813169],[-95.78259018945326,15.255086564105051],[-95.74365277598729,15.241701828226121],[-95.71688330422943,15.230750680688816],[-95.6718619199094,15.223449915663945],[-95.64265885980991,15.199114032247712],[-95.59277029880664,15.180862119685536],[-95.55504967951147,15.167477383806606],[-95.525846619412,15.146791882902807],[-95.49907714765413,15.128539970340631],[-95.45283896916328,15.109071263607644],[-95.39808323147676,15.088385762703844],[-95.34089390544861,15.049448349237869],[-95.2776206085664,15.016594906625953],[-95.23868319510044,14.998342994063771],[-95.20948013500096,14.978874287330784],[-95.17358470696202,14.960622374768608],[-95.15289920605821,14.946629241804272],[-95.11213660133602,14.919859770046415],[-95.09145110043222,14.905258239996675],[-95.06042284907652,14.887614724519905],[-95.02696100937919,14.868146017786916],[-95.01053428807325,14.855978076078799],[-94.98741519882782,14.840768148943653],[-94.96672969792402,14.826166618893913],[-94.95091137370346,14.81339028010039],[-94.91866632817695,14.796963558794431],[-94.89737243018774,14.77932004331766],[-94.87668692928395,14.767152101609543],[-94.86269379631962,14.756809351157644],[-94.83957470707419,14.742816218193308],[-94.82253958868283,14.733081864826815],[-94.80732966154768,14.722739114374916],[-94.7890777489855,14.710571172666798],[-94.75500751220278,14.692927657190028],[-94.73128002587195,14.671633759200823],[-94.7045105541141,14.64425589035756],[-94.6844334502957,14.628437566137006],[-94.65766397853784,14.611402447745641],[-94.63819527180485,14.597409314781308],[-94.58648151954534,14.567597857596418],[-94.52564181100476,14.531094032472067],[-94.46966927914741,14.489723030664468],[-94.40152880558196,14.44835202885687],[-94.343122685383,14.419148968757389],[-94.27984938850078,14.38507873197466],[-94.22874403332669,14.348574906850308],[-94.17277150146936,14.316938258409204],[-94.11923255795364,14.280434433284851],[-94.04865849604656,14.23662984313563],[-93.99025237584759,14.200126018011277],[-93.9391470206735,14.168489369570173],[-93.90020960720753,14.149020662837184],[-93.85883860539992,14.129551956104198],[-93.81990119193395,14.112516837712835],[-93.78461416098041,14.095481719321471],[-93.75784468922257,14.080880189271731],[-93.71282330490253,14.054110717513874],[-93.67266909726574,14.029774834097639],[-93.63008130128733,14.005438950681404],[-93.58871029947973,13.983536655606793],[-93.54612250350132,13.956767183848935],[-93.49623394249804,13.931214506261888],[-93.44269499898232,13.90444503450403],[-93.37698811375849,13.884976327771042],[-93.3465682594882,13.872808386062925],[-93.3064140518514,13.849689296817502],[-93.26017587336057,13.831437384255327],[-93.20663692984485,13.803451118326658],[-93.16648272220806,13.785199205764481],[-93.12389492622965,13.765730499031493],[-93.08982468944691,13.747478586469317],[-93.056971246835,13.731660262248765],[-93.01925062753985,13.712191555515778],[-92.97179565487818,13.689072466270355],[-92.8902704454338,13.646484670291944],[-92.84403226694295,13.619715198534086],[-92.81239561850185,13.60146328597191],[-92.77102461669425,13.578344196726487],[-92.72600323237421,13.55157472496863],[-92.66516352383363,13.524805253210772],[-92.63717725790495,13.508986928990218],[-92.6104077861471,13.491951810598856],[-92.5726871668519,13.46639913301181],[-92.53983372424,13.445713632108012],[-92.48264439821185,13.410426601154471],[-92.43883980806262,13.392174688592295],[-92.39868560042584,13.370272393517684],[-92.36218177530148,13.347153304272261],[-92.31837718515226,13.322817420856026],[-92.27700618334465,13.300915125781415],[-92.229551210683,13.285096801560863],[-92.16871150214241,13.257110535632194],[-92.11882294113913,13.231557858045147],[-92.07015117430666,13.214522739653782],[-92.03121376084069,13.196270827091608],[-91.9801084056666,13.175585326187807],[-91.90953434375952,13.143948677746703],[-91.87424731280598,13.123263176842903],[-91.84261066436487,13.106228058451538],[-91.79150530919078,13.081892175035305],[-91.75378468989561,13.064857056643941],[-91.70876330557559,13.038087584886082],[-91.66009153874312,13.012534907299036],[-91.60168541854415,12.985765435541179],[-91.56883197593223,12.973597493833061],[-91.52624417995382,12.950478404587638],[-91.48487317814623,12.934660080367086],[-91.44106858799701,12.913974579463286],[-91.39239682116454,12.892072284388675],[-91.33034031845314,12.86651960680163],[-91.26950060991255,12.8531348709227],[-91.23421357895901,12.828798987506476],[-91.17580745876005,12.802029515748618],[-91.09428224931565,12.772826455649136],[-91.03344254077507,12.743623395549655],[-90.99328833313828,12.730238659670725],[-90.93488221293933,12.70468598208368],[-90.86795853354468,12.682783687009067],[-90.8071188250041,12.66331498027608],[-90.70004093797266,12.629244743493352],[-90.65015237696939,12.61464321344361],[-90.60756458099097,12.595174506710624],[-90.54064090159632,12.567188240781954],[-90.46885004551844,12.54285235736572],[-90.41166071949029,12.51486609143705],[-90.31796756833778,12.479579060483509],[-90.25956144813881,12.457676765408898],[-90.22427441718527,12.44550882370078],[-90.16830188532793,12.419956146113735],[-90.12936447186196,12.401704233551559],[-90.08677667588356,12.384669115160195],[-90.03445452653865,12.366417202598019],[-89.99916749558511,12.351815672548279],[-89.94319496372776,12.329913377473668],[-89.89695678523692,12.311661464911491],[-89.85071860674607,12.292192758178503],[-89.78257813318062,12.266640080591458],[-89.74607430805627,12.250821756370904],[-89.67793383449082,12.225269078783858],[-89.62074450846266,12.203366783709248],[-89.54043609318909,12.1778141061222],[-89.489330738015,12.158345399389212],[-89.43396660324305,12.131575927631355],[-89.3877284247522,12.107240044215121],[-89.3463574229446,12.084120954969698],[-89.29403527359969,12.068302630749145],[-89.23684594757154,12.043966747332911],[-89.18574059239745,12.030582011453982],[-89.1382856197358,12.019630863916676],[-89.09691461792819,12.002595745525312],[-89.04945964526654,11.985560627133948],[-88.99713749592163,11.96487512623015],[-88.95820008245566,11.947840007838785],[-88.92291305150212,11.932021683618231],[-88.87180769632802,11.91011938854362],[-88.80001684025014,11.877265945931704],[-88.74282751422199,11.857797239198717],[-88.69537254156033,11.834678149953294],[-88.63209924467812,11.807908678195435],[-88.60654656709107,11.795740736487318],[-88.56395877111265,11.775663632668927],[-88.53293051975696,11.756194925935938],[-88.50920303342613,11.745852175484039],[-88.49034272377854,11.736117822117546],[-88.45627248699581,11.7209078949824],[-88.42585263272552,11.706306364932658],[-88.40029995513848,11.695355217395353],[-88.3717052921244,11.683187275687235],[-88.34919459996439,11.670410936893711],[-88.3187747456941,11.653984215587753],[-88.27314496428865,11.635732303025579],[-88.24211671293295,11.623564361317461],[-88.21960602077294,11.613221610865562],[-88.15876631223234,11.588885727449327],[-88.13564722298693,11.577326182826615],[-88.09610141243554,11.554207093581192],[-88.06811514650688,11.537171975189828],[-88.03465330680956,11.51770326845684],[-88.00545024671007,11.500668150065476],[-87.97198840701274,11.478157457905459],[-87.94521893525489,11.458080354087066],[-87.9263586256073,11.441045235695702],[-87.91054030138676,11.430094088158397],[-87.87829525586025,11.406366601827568],[-87.85152578410239,11.380205527155116],[-87.83023188611318,11.365603997105374],[-87.80711279686776,11.347352084543198],[-87.78277691345153,11.333358951578864],[-87.75783263294989,11.314498641931282],[-87.74140591164392,11.30293909730857],[-87.71159445445905,11.2852955818318],[-87.68969215938444,11.272519243038278],[-87.67083184973684,11.264001683842595],[-87.65197154008929,11.250008550878265],[-87.62276847998982,11.226889461632842],[-87.59721580240276,11.204987166558231],[-87.5692295364741,11.185518459825243],[-87.5497608297411,11.16970013560469],[-87.53272571134974,11.155098605554949],[-87.51569059295838,11.138063487163585],[-87.49378829788377,11.122245162943033],[-87.47188600280916,11.102776456210046],[-87.44998370773455,11.079657366964623],[-87.42929820683075,11.066272631085694],[-87.41104629426857,11.050454306865142],[-87.39036079336478,11.033419188473777],[-87.3721088808026,11.017600864253225],[-87.35142337989879,10.996915363349425],[-87.33317146733663,10.978663450787248],[-87.29180046552902,10.936075654808839],[-87.26503099377116,10.914173359734228],[-87.25286305206305,10.895921447172052],[-87.23096075698844,10.877669534609876],[-87.2054080794014,10.847249680339583],[-87.17863860764353,10.820480208581724],[-87.16282028342297,10.805878678531984],[-87.14578516503161,10.786409971798996],[-87.12753325246943,10.76694126506601],[-87.10198057488239,10.742605381649774],[-87.07277751478291,10.71096873320867],[-87.04235766051262,10.672031319742693],[-87.02288895377963,10.650129024668082],[-87.00463704121745,10.628226729593472],[-86.98516833448447,10.60632443451886],[-86.98030115780122,10.59902366949399],[-86.96204924523904,10.578338168590191],[-86.9462309210185,10.562519844369639],[-86.9377133618228,10.54913510849071],[-86.92554542011469,10.529666401757721],[-86.91216068423576,10.511414489195547],[-86.8951255658444,10.489512194120934],[-86.87200647659897,10.462742722363076],[-86.84036982815788,10.431106073921972],[-86.80629959137514,10.386084689601939],[-86.7807469137881,10.362965600356516],[-86.76127820705511,10.336196128598658],[-86.74424308866375,10.308209862669987],[-86.72112399941832,10.28144039091213],[-86.69070414514803,10.248586948300213],[-86.65298352585286,10.21816709402992],[-86.63473161329068,10.204782358150991],[-86.61161252404527,10.18409685724719],[-86.59153542022686,10.167061738855834],[-86.5738919047501,10.145159443781223],[-86.54894762424846,10.121431957450394],[-86.53312930002791,10.102571647802813],[-86.51731097580735,10.081886146899013],[-86.49662547490355,10.05755026348278],[-86.47959035651219,10.039298350920603],[-86.4704644002311,10.025305217956268],[-86.45403767892515,10.005228114137875],[-86.43761095761919,9.98819299574651],[-86.42057583922782,9.964465509415682],[-86.3980651470678,9.93830443474323],[-86.38407201410347,9.924311301778895],[-86.36886208696832,9.904842595045906],[-86.35547735108939,9.89267465333779],[-86.3457429977229,9.879898314544267],[-86.33296665892938,9.866513578665337],[-86.31714833470882,9.845828077761539],[-86.30193840757367,9.828792959370174],[-86.29159565712177,9.805673870124751],[-86.27699412707203,9.786813560477169],[-86.26421778827851,9.77221203042743],[-86.25144144948499,9.751526529523629],[-86.2423154932039,9.739358587815513],[-86.23075594858119,9.722323469424149],[-86.21554602144604,9.705288351032785],[-86.2003360943109,9.687644835556014],[-86.1906017409444,9.679735673445737],[-86.1796505934071,9.663917349225185],[-86.15713990124708,9.648099025004633],[-86.14558035662435,9.637756274552736],[-86.1309788265746,9.623763141588402],[-86.12306966446434,9.612811994051096],[-86.1090765315,9.595776875659732],[-86.08960782476701,9.579350154353774],[-86.07561469180267,9.564140227218626],[-86.05918797049672,9.548321902998074],[-86.03971926376373,9.529461593350494],[-86.0166001745183,9.508776092446693],[-86.00139024738316,9.491132576969923],[-85.98618032024801,9.474705855663965],[-85.96732001060043,9.458279134358007],[-85.95089328929447,9.439418824710424],[-85.92777420004906,9.422992103404466],[-85.9113474787431,9.409607367525538],[-85.88579480115605,9.391355454963362],[-85.87484365361874,9.37979591034065],[-85.86450090316684,9.362760791949286],[-85.85111616728791,9.346942467728734],[-85.83590624015277,9.328082158081152],[-85.82191310718844,9.309830245518976],[-85.80609478296788,9.295228715469236],[-85.78845126749111,9.279410391248684],[-85.76168179573325,9.248382139892984],[-85.72761155895053,9.225871447732967],[-85.71179323472997,9.213095108939443],[-85.68684895422832,9.196668387633485],[-85.66738024749534,9.18571724009618],[-85.63574359905424,9.172940901302656],[-85.59558939141743,9.165640136277789],[-85.5517848012682,9.155905782911296],[-85.51467257905844,9.158339371252918],[-85.49155348981303,9.165640136277789],[-85.46478401805517,9.172332504217254],[-85.42402141333298,9.171724107131848],[-85.38325880861078,9.161989753765354],[-85.36013971936536,9.152863797484265],[-85.31572673213073,9.140695855776148],[-85.28469848077503,9.129136311153436],[-85.25427862650474,9.112101192762072],[-85.2299427430885,9.089590500602055],[-85.21047403635552,9.07133858803988],[-85.16423585786467,9.049436292965268],[-85.13077401816734,9.035443160000934],[-85.10339614932408,9.02266682120741],[-85.07662667756622,9.009890482413887],[-85.04377323495432,9.002589717389018],[-85.0309968961608,8.991638569851713],[-85.00726940982997,8.979470628143595],[-84.968331996364,8.97277826020413],[-84.94217092169154,8.961218715581419],[-84.91905183244612,8.946617185531679],[-84.89289075777367,8.930798861311127],[-84.85273655013688,8.913155345834356],[-84.82049150461037,8.902812595382457],[-84.78885485616927,8.895511830357586],[-84.74687545727626,8.885777476991093],[-84.72801514762868,8.886994271161903],[-84.70307086712704,8.877868314880816],[-84.67995177788161,8.862049990660264],[-84.65439910029457,8.842581283927275],[-84.62762962853671,8.822504180108883],[-84.59964336260803,8.801818679205082],[-84.57591587627721,8.78600035498453],[-84.55462197828801,8.769573633678572],[-84.53211128612799,8.75375530945802],[-84.51385937356581,8.742195764835309],[-84.4907402843204,8.728202631870973],[-84.4718799746728,8.71542629307745],[-84.44754409125657,8.70082476302771],[-84.42381660492576,8.685614835892563],[-84.3976555302533,8.66249574664714],[-84.38244560311816,8.6478942165974],[-84.36480208764138,8.633901083633065],[-84.33073185085865,8.607740008960613],[-84.30943795286946,8.593746875996278],[-84.28510206945322,8.579145345946538],[-84.24738145015806,8.557851447957333],[-84.21331121337532,8.53473235871191],[-84.18167456493423,8.515872049064328],[-84.15733868151798,8.505529298612428],[-84.13665318061419,8.495186548160529],[-84.1068417234293,8.473284253085916],[-84.07398828081739,8.451381958011305],[-84.03870124986385,8.434346839619941],[-84.01010658684977,8.425220883338854],[-83.98577070343353,8.420962103741013],[-83.94865848122377,8.413052941630736],[-83.88781877268315,8.423395692082636],[-83.85618212424205,8.3990598086664],[-83.82454547580095,8.38445827861666],[-83.76613935560198,8.38445827861666],[-83.6955652936949,8.379591101933414],[-83.65906146857056,8.352821630175555],[-83.6030889367132,8.318751393392827],[-83.56658511158886,8.309017040026333],[-83.52521410978126,8.277380391585229],[-83.4570736362158,8.25791168485224],[-83.29645680566868,8.267646038218734],[-83.22831633210322,8.262778861535487],[-83.1747773885875,8.20923991801977],[-83.14557432848802,8.165435327870549],[-83.1115040917053,8.097294854305092],[-83.05796514818958,8.024287204056389],[-83.01902773472361,7.995084143956907],[-82.96062161452464,7.965881083857425],[-82.8632780808597,7.922076493708203],[-82.77566890056126,7.883139080242228],[-82.70752842699581,7.819865783360018],[-82.63938795343034,7.746858133111314],[-82.57611465654814,7.65924895281287],[-82.50797418298268,7.547303889098191],[-82.39602911926801,7.381819881867796],[-82.3132871156528,7.235804581370389],[-82.21107640530462,7.138461047705451],[-82.04559239807422,7.026515983990771],[-81.9190458043098,6.963242687108562],[-81.80710074059513,6.938906803692327],[-81.69515567688045,6.890235036859858],[-81.57834343648253,6.85616480007713],[-81.40312507588564,6.84156327002739],[-81.23277389197199,6.80749303324466],[-81.08189141479134,6.826961739977649],[-80.96994635107666,6.797758679878167],[-80.88477075911986,6.797758679878172],[-80.7849936371133,6.761254854753821],[-80.62681039490778,6.717450264604598],[-80.52459968455959,6.727184617971092],[-80.44672485762764,6.722317441287846],[-80.32504544054646,6.727184617971092],[-80.25933855532263,6.749086913045703],[-80.19606525844043,6.768555619778691],[-80.12305760819171,6.783157149828432],[-80.05978431130951,6.792891503194926],[-79.98921024940243,6.822094563294407],[-79.9235033641786,6.853731211735512],[-79.88456595071263,6.892668625201487],[-79.82129265383041,6.934039627009086],[-79.78235524036444,6.95837551042532]]}},{"type":"Feature","properties":{"accuracy":"50000","activity_confidence":"1","average_dip":"(90,,)","catalog_id":"CA_188.0","catalog_name":"GEM_Central_Am_Carib","epistemic_quality":"1","exposure_quality":"2","name":"Falla Canoas","reference":"Camacho 2003 Tecnociencia","slip_type":"Dextral"},"geometry":{"type":"LineString","coordinates":[[-82.85977821654508,8.57269061335514],[-82.85912238725447,8.564328789899877],[-82.85830260064121,8.552523862668913],[-82.85879447260916,8.545309740472215],[-82.85961425922243,8.538095618275515],[-82.86190966173956,8.52973379482025],[-82.86682838141913,8.5151415931042],[-82.8724029303893,8.503172708550585],[-82.8761739488103,8.494810885095319],[-82.87682977810091,8.493171311868798]]}},{"type":"Feature","properties":{"accuracy":"60000","activity_confidence":"1","average_dip":"(90,,)","catalog_id":"CA_189.0","catalog_name":"GEM_Central_Am_Carib","epistemic_quality":"1","exposure_quality":"2","name":"Zona Falla Media","reference":"Camacho 2003 Tecnociencia","slip_type":"Dextral"},"geometry":{"type":"LineString","coordinates":[[-82.93692013685293,8.306096006722575],[-82.9342968196905,8.297242311299351],[-82.93265724646398,8.29133984768387],[-82.93003392930154,8.283469896196562],[-82.9267547828485,8.276255773999864],[-82.92085231923302,8.264122932123596],[-82.9195406606518,8.253629663473852],[-82.91691734348936,8.247399285213067],[-82.91494985561755,8.241824736242888],[-82.91396611168163,8.236578101918017],[-82.91167070916451,8.22165798555666],[-82.91019509326064,8.214443863359962],[-82.90953926397003,8.199359789675954],[-82.90970322129267,8.18886652102621],[-82.90986717861533,8.181980313474815],[-82.91117883719654,8.173126618051594],[-82.91314632506838,8.163617093337763],[-82.91298236774573,8.156730885786368],[-82.91396611168165,8.138367665649316],[-82.91560568490816,8.130989586129964],[-82.91462194097225,8.120004445512263],[-82.91593359955347,8.107051817022734],[-82.91462194097224,8.08049073075307],[-82.91298236774571,8.070653291393935],[-82.9123265384551,8.055241303064623],[-82.9116707091645,8.043108461188355],[-82.91134279451919,8.03031979002148]]}},{"type":"Feature","properties":{"accuracy":"60000","activity_confidence":"1","catalog_id":"CA_190.0","catalog_name":"GEM_Central_Am_Carib","name":"Falla Longitudinal-Boca Chica","reference":"Camacho 2003 Tectnociencia"},"geometry":{"type":"LineString","coordinates":[[-82.90970322129266,8.623517383377342],[-82.89461914760867,8.619582407633688],[-82.88084673250587,8.614991602599424],[-82.87035346385612,8.610400797565163],[-82.85920436591577,8.607121651112116],[-82.84412029223176,8.60515416324029],[-82.82247792564166,8.597940041043591],[-82.80673802266706,8.592693406718716],[-82.79919598582507,8.590070089556281],[-82.7905062477245,8.588922388297714],[-82.7726348995554,8.582364095391625],[-82.76673243593991,8.58056056484245],[-82.75640312461282,8.57547788784023],[-82.74049926431556,8.573838314613708],[-82.72672684921277,8.56826376564353],[-82.71131486088346,8.56236130202805],[-82.68606543319501,8.557114667703177],[-82.67426050596404,8.553507606604828],[-82.66212766408778,8.546949313698738],[-82.64605984646786,8.541046850083257],[-82.63359908994629,8.540391020792647],[-82.6198266748435,8.536783959694297],[-82.60474260115949,8.531537325369426],[-82.58310023456939,8.52891400820699],[-82.5614578679793,8.526618605689858],[-82.54276673319694,8.517764910266637],[-82.50866361008526,8.50497623909976],[-82.49292370711065,8.499401690129583],[-82.47980712129848,8.493827141159407],[-82.46537887690508,8.485957189672098],[-82.45422977896472,8.48169429928314],[-82.43619447347297,8.47808723818479],[-82.42701286340444,8.47513600637705],[-82.41750333869061,8.471856859924005],[-82.4096333872033,8.470545201342786]]}},{"type":"Feature","properties":{"accuracy":"100000","average_dip":"(90,,)","catalog_id":"CA_191.0","catalog_name":"GEM_Central_Am_Carib","reference":"Camacho 2003 Tecnociencia","slip_type":"Sinistral"},"geometry":{"type":"LineString","coordinates":[[-82.37585817873692,8.25805651118546],[-82.36372533686065,8.255433194023025],[-82.35585538537335,8.254777364732416],[-82.33683633594569,8.250842388988762],[-82.3237197501335,8.247563242535715],[-82.30568444464176,8.245267840018585],[-82.27026966294888,8.232807083497013],[-82.2351827959013,8.222641729492572],[-82.22304995402503,8.21805092445831],[-82.19517720917413,8.206245997227347],[-82.16927195219509,8.196080643222908],[-82.15353204922047,8.1882106917356],[-82.13779214624586,8.182308228120117],[-82.12697096295081,8.179029081667073],[-82.12041267004471,8.176077849859333]]}},{"type":"Feature","properties":{"accuracy":"60000","activity_confidence":"1","average_dip":"(90,,)","catalog_id":"CA_192.0","catalog_name":"GEM_Central_Am_Carib","name":"Azuero Fault","notes":"GPS predicts 9 \u00b1 2 mm/yr of extension, but this is  not at all evident in the geology.","reference":"Rockwell et al. 2010 Tectonics","slip_type":"Sinistral","strike_slip_rate":"None"},"geometry":{"type":"LineString","coordinates":[[-81.65190462056597,7.956866909473269],[-81.6360007602687,7.945553854210264],[-81.61911315603552,7.937192030754998],[-81.60534074093273,7.931453524462169],[-81.59533934425095,7.924567316910775],[-81.58878105134485,7.919976511876512],[-81.58205880111612,7.915385706842248],[-81.56959804459454,7.907023883386984],[-81.56140017846192,7.902597035675372],[-81.55582562949175,7.89948184654498],[-81.54320091564753,7.891939809702976],[-81.53828219596797,7.889152535217887],[-81.53237973235248,7.886857132700756],[-81.52582143944639,7.88423381553832],[-81.51500025615134,7.878003437277534],[-81.50811404859995,7.874888248147141],[-81.5013917983712,7.871117229726139],[-81.49434163349716,7.867838083273094],[-81.48745542594577,7.864558936820049],[-81.48106109036232,7.858984387849874],[-81.47105969368053,7.849146948490739],[-81.4612222543214,7.841932826294039],[-81.45007315638104,7.833571002838774],[-81.43843218647274,7.825865008674118],[-81.42777496050033,7.817503185218853],[-81.41695377720528,7.810944892312762],[-81.40908382571797,7.804714514051977],[-81.39793472777762,7.79553290398345],[-81.38612980054666,7.788646696432056],[-81.37580048921956,7.78348204076851],[-81.36694679379633,7.776759790539767],[-81.35891288498637,7.769381711020415],[-81.3505510615311,7.761511759533107],[-81.3433369393344,7.75659303985354],[-81.3357949024924,7.750690576238059],[-81.32612142045592,7.743148539396055],[-81.31644793841943,7.735114630586094],[-81.30365926725256,7.726916764453481],[-81.2887391508912,7.71888285564352],[-81.27595047972433,7.711012904156212],[-81.2595547474591,7.703142952668904],[-81.24611024700162,7.6956009158269],[-81.23545302102922,7.688878665598158],[-81.22086081931316,7.681336628756155],[-81.1821668911672,7.659694262166058],[-81.09330202228968,7.61476995575934],[-80.99689511657016,7.572141051869753],[-80.96262803613583,7.557056978185743],[-80.95295455409935,7.55820467944431],[-80.94344502938551,7.554433661023308],[-80.93131218750925,7.548859112053131],[-80.9139327113081,7.537873971435429],[-80.90016029620533,7.530495891916078],[-80.88769953968375,7.525905086881814],[-80.87146776474118,7.518690964685115],[-80.85785930696105,7.511804757133721],[-80.85228475799086,7.505902293518238],[-80.83654485501624,7.496720683449712],[-80.82424805581734,7.490654262511579],[-80.81211521394106,7.48639137212262],[-80.79981841474215,7.481144737797748],[-80.78260289586366,7.473766658278397],[-80.76768277950231,7.467536280017608],[-80.7566976388846,7.460322157820909],[-80.7491556020426,7.45605926743195],[-80.73997399197405,7.451304505075031],[-80.7284969793884,7.443106638942418]]}},{"type":"Feature","properties":{"accuracy":"30000","activity_confidence":"1","average_dip":"(90,,)","catalog_id":"CA_193.0","catalog_name":"GEM_Central_Am_Carib","downthrown_side_dir":"N","epistemic_quality":"2","exposure_quality":"2","name":"Azuero Fault","reference":"DEM, Rockwell 2010 Tectonics","slip_type":"Sinistral"},"geometry":{"type":"LineString","coordinates":[[-80.70508918746908,7.438904577069751],[-80.69836309175943,7.435877834000405],[-80.68877840537317,7.433860005287508],[-80.68465867175101,7.431421795592757],[-80.68079116671795,7.430076576450825],[-80.67456952818652,7.427806519148817],[-80.66927272781517,7.42595684282866],[-80.66582560376396,7.42477977607947],[-80.65859505087609,7.422761947366573],[-80.65447531725391,7.421332652028271],[-80.65102819320272,7.420239661475452],[-80.64640400240232,7.418389985155295],[-80.64379764031483,7.417381070798847],[-80.63993013528179,7.416960689816993],[-80.63564224926688,7.416792537424252],[-80.63110213466285,7.414186175336759],[-80.62656202005884,7.411832041838379]]}},{"type":"Feature","properties":{"accuracy":"100000","activity_confidence":"1","average_dip":"(90,,)","catalog_id":"CA_194.0","catalog_name":"GEM_Central_Am_Carib","downthrown_side_dir":"N","name":"Azuero Fault","reference":"DEM, Rockwell et al., 2010","slip_type":"Sinistral","strike_slip_rate":"None"},"geometry":{"type":"LineString","coordinates":[[-80.70786370194932,7.417801451780701],[-80.7004649966687,7.414102099140389],[-80.6947478153155,7.411411660856525],[-80.69003954831874,7.409057527358145],[-80.68432236696553,7.404685565146868],[-80.6809593191107,7.401322517292039],[-80.674905832972,7.395269031153347],[-80.66885234683332,7.392914897654967],[-80.66279886069462,7.390224459371105],[-80.65977211762528,7.388879240229173],[-80.65506385062852,7.388206630658207],[-80.64833775491886,7.38618880194531],[-80.6379123065689,7.383162058875964],[-80.63051360128827,7.381144230163066],[-80.6258053342915,7.378790096664686],[-80.61739771465443,7.376099658380824],[-80.61067161894478,7.372736610525995],[-80.60360921844963,7.369709867456649],[-80.5985646466674,7.368364648314717],[-80.5945289892416,7.36634681960182],[-80.58881180788839,7.363656381317957],[-80.58578506481905,7.36163855260506],[-80.58410354089163,7.360293333463128],[-80.58006788346583,7.358611809535714],[-80.57435070211262,7.356257676037333],[-80.5689698255449,7.354576152109919],[-80.56459786333362,7.352474247200651],[-80.56022590112234,7.350456418487754],[-80.55761953903485,7.349363427934935],[-80.5545927959655,7.34768190400752],[-80.55156605289615,7.346168532472847],[-80.54820300504133,7.344823313330916],[-80.54534441436472,7.343562170385355],[-80.54172913792078,7.342132875047053],[-80.53954315681514,7.341544341672457],[-80.53584380417483,7.341460265476087],[-80.52264384134463,7.342973637010759],[-80.51558144084949,7.338937979584964],[-80.50717382121242,7.335574931730135],[-80.4997751159318,7.331539274304341],[-80.4917038010802,7.326158397736615],[-80.48127835273023,7.318087082885026],[-80.47522486659155,7.314724035030197],[-80.46580833259802,7.309006853676988],[-80.45740071296095,7.302953367538296],[-80.44596635025454,7.296227271828639],[-80.43823134018842,7.289501176118981],[-80.43251415883522,7.283111385194807],[-80.42713328226749,7.278403118198046],[-80.4230976248417,7.272349632059354]]}},{"type":"Feature","properties":{"accuracy":"70000","activity_confidence":"1","average_dip":"(80,50,90)","catalog_id":"CA_195.0","catalog_name":"GEM_Central_Am_Carib","dip_dir":"N","downthrown_side_dir":"N","fs_name":"Azuero Fault Zone","net_slip_rate":"(1,0.1,3)","notes":"Topographically well expressed in a rapidly-eroding tropical region.  Looks more normal in E, more sinsitral in W.","reference":"DEM","slip_type":"Sinistral-Normal"},"geometry":{"type":"LineString","coordinates":[[-80.86365689382427,7.565439252607684],[-80.85390405504526,7.563925881073011],[-80.84936394044125,7.563589576287528],[-80.84129262558966,7.563589576287528],[-80.8325487011671,7.562580661931079],[-80.82414108153003,7.559890223647217],[-80.81842390017682,7.558376852112543],[-80.8069895374704,7.55568641382868],[-80.79774115586963,7.554173042294007],[-80.78344820248661,7.551482604010142],[-80.7740316684931,7.54879216572628],[-80.75620751486251,7.539039326947276],[-80.7484725047964,7.535676279092447],[-80.73703814208999,7.532985840808585],[-80.72795791288195,7.529286488168273],[-80.72022290281583,7.527268659455375],[-80.71215158796424,7.524914525956995],[-80.6993720061159,7.522560392458615],[-80.69230960562076,7.519533649389269],[-80.68087524291434,7.516506906319923],[-80.67145870892082,7.513143858465094],[-80.65834282228698,7.511126029752197],[-80.65195303136281,7.5091082010393],[-80.64421802129671,7.506754067540919],[-80.63808045896162,7.503895476864315],[-80.62933653453908,7.497673838332881],[-80.61941554336732,7.491956656979673],[-80.61504358115604,7.488425456732102],[-80.60882194262462,7.483212732557118],[-80.59990986580932,7.474973265312787],[-80.59419268445612,7.471273912672475],[-80.58982072224484,7.466901950461198],[-80.58696213156823,7.462529988249921],[-80.58208571217872,7.457485416467677],[-80.57569592125455,7.452608997078176],[-80.56964243511587,7.449077796830606],[-80.56274818701347,7.443865072655621],[-80.55383611019816,7.436298214982256],[-80.5442514238119,7.42738613816696],[-80.53752532810225,7.421332652028268],[-80.53298521349822,7.416456232638766],[-80.52760433693051,7.411579813249265],[-80.52340052711196,7.408553070179918],[-80.51684258379505,7.402667736433968],[-80.51297507876201,7.3991365361864],[-80.50860311655073,7.396698326491649],[-80.5052400686959,7.395773488331571],[-80.49010635334918,7.391401526120293],[-80.4865751531016,7.389047392621912],[-80.4816987337121,7.384339125625152],[-80.47665416192984,7.379630858628391],[-80.47228219971858,7.376604115559045],[-80.46656501836536,7.371559543776802],[-80.46458922775066,7.370550629420354],[-80.46063764652125,7.366851276780042],[-80.45727459866642,7.36315192413973],[-80.4535752460261,7.359788876284902],[-80.45063257915314,7.35718251419741],[-80.4472695312983,7.35373539014621],[-80.44340202626525,7.349195275542191],[-80.44130012135598,7.346757065847441]]}},{"type":"Feature","properties":{"accuracy":"70000","activity_confidence":"2","average_dip":"(90,,)","catalog_id":"CA_196.0","catalog_name":"GEM_Central_Am_Carib","epistemic_quality":"2","exposure_quality":"1","name":"Rincon Hondo Fault","notes":"Interesting expression in DEM. Unclear if it's active but given the inferred kinematics and lack of similar topographic lineaments in the area, it probably is.","reference":"DEM","slip_type":"Sinistral"},"geometry":{"type":"LineString","coordinates":[[-80.93734967994321,7.890645980169632],[-80.93045543184081,7.891150437347856],[-80.92423379330938,7.889637065813183],[-80.91649878324327,7.888459999063993],[-80.90624148728605,7.886105865565613],[-80.90287843943122,7.887451084707545],[-80.89531158175785,7.886442170351096],[-80.89127592433206,7.885265103601906],[-80.88421352383692,7.883919884459974],[-80.8764785137708,7.883247274889008],[-80.87025687523938,7.882238360532559],[-80.86235371278053,7.881565750961594],[-80.85529131228539,7.882238360532559],[-80.84604293068462,7.881229446176111],[-80.83998944454592,7.882070208139819],[-80.83158182490885,7.883583579674491],[-80.82300605287905,7.882742817710785],[-80.81392582367101,7.882070208139819],[-80.80383668010653,7.879716074641438],[-80.78870296475979,7.879043465070473],[-80.78164056426465,7.878370855499507],[-80.77121511591469,7.877698245928541],[-80.75944444842278,7.877361941143058],[-80.74565595221799,7.873998893288229],[-80.73489419908253,7.870972150218884],[-80.71841526459387,7.867272797578572],[-80.70563568274552,7.864582359294709],[-80.69857328225038,7.863237140152777],[-80.67704977597948,7.860883006654397],[-80.6588893175634,7.859537787512465],[-80.64476451657313,7.857519958799569],[-80.63467537300865,7.856847349228603],[-80.61987796244739,7.85415691094474],[-80.60575316145712,7.850793863089911],[-80.59297357960877,7.848776034377014],[-80.57212268290883,7.84608559609315],[-80.55934310106048,7.845412986522185],[-80.5472361287831,7.846758205664116],[-80.53378393736378,7.848103424806048],[-80.5176413076606,7.848776034377014],[-80.50418911624129,7.850121253518945],[-80.48871909610908,7.848776034377014],[-80.4725764664059,7.847430815235082],[-80.45576122713175,7.844067767380253],[-80.43760076871567,7.840704719525425],[-80.42549379643829,7.841377329096391],[-80.41674987201573,7.838014281241562]]}},{"type":"Feature","properties":{"accuracy":"75000","activity_confidence":"2","average_dip":"(80,70,90)","catalog_id":"CA_197.0","catalog_name":"GEM_Central_Am_Carib","dip_dir":"E","downthrown_side_dir":"E","epistemic_quality":"2","exposure_quality":"2","notes":"Very distinct escarpment in DEM. Unclear of age or activity.","reference":"DEM"},"geometry":{"type":"LineString","coordinates":[[-80.33311555636107,7.772706129271502],[-80.32918058061742,7.76745949494663],[-80.32622934880968,7.758605799523409],[-80.32262228771133,7.75434290913445],[-80.31901522661298,7.749096274809578],[-80.31590003748259,7.743685683162053],[-80.31376859228811,7.736963432933311],[-80.3124569337069,7.73188075593109],[-80.30884987260855,7.725486420347653],[-80.30458698221959,7.717944383505649],[-80.30016013450798,7.710238389340993],[-80.29737286002289,7.705319669661425],[-80.29360184160188,7.698105547464726],[-80.29179831105272,7.69400661439842],[-80.28605980475986,7.686628534879067],[-80.28048525578969,7.676135266229323],[-80.27556653611012,7.670232802613842],[-80.27031990178524,7.662362851126533],[-80.26605701139628,7.65482081428453],[-80.26277786494325,7.64760669208783],[-80.25884288919958,7.638425082019304],[-80.25425208416533,7.632194703758518],[-80.24933336448576,7.626948069433646],[-80.24277507157967,7.617438544719815],[-80.23752843725481,7.610552337168419],[-80.23162597363932,7.600059068518675],[-80.22572351002384,7.59317286096728],[-80.22080479034427,7.584974994834667],[-80.2155581560194,7.578744616573881],[-80.20965569240391,7.572186323667792],[-80.20539280201496,7.564644286825787],[-80.20309739949784,7.560053481791524]]}},{"type":"Feature","properties":{"accuracy":"60000","activity_confidence":"2","average_dip":"(80,70,90)","catalog_id":"CA_198.0","catalog_name":"GEM_Central_Am_Carib","dip_dir":"E","downthrown_side_dir":"E","epistemic_quality":"2","exposure_quality":"1","notes":"Looks like a transtensional fault, bounding the west side of a graben.","reference":"DEM"},"geometry":{"type":"LineString","coordinates":[[-80.22801891254096,7.536771541974902],[-80.22473976608792,7.532836566231248],[-80.22113270498957,7.525950358679854],[-80.21719772924591,7.51840832183785],[-80.21326275350226,7.512505858222369],[-80.2093277777586,7.507259223897496],[-80.20539280201496,7.500700930991406],[-80.20244157020724,7.497995635167642],[-80.1985065944636,7.494552531391945],[-80.19555536265585,7.491109427616248],[-80.1922762162028,7.487666323840551],[-80.18948894171771,7.483075518806287],[-80.18620979526467,7.479960329675895],[-80.17981545968124,7.475533481964284],[-80.17210946551657,7.471762463543282],[-80.16817448977292,7.468975189058193],[-80.16292785544805,7.463072725442712],[-80.15784517844583,7.458154005763145],[-80.15374624537952,7.455038816632752],[-80.14899148302261,7.450939883566446],[-80.1455483792469,7.447824694436052],[-80.1414494461806,7.44323388940179],[-80.13817029972756,7.439134956335483],[-80.13275970808003,7.434052279333263],[-80.13062826288555,7.43093709020287]]}},{"type":"Feature","properties":{"accuracy":"150000","activity_confidence":"1","average_dip":"(90,,)","catalog_id":"CA_199.0","catalog_name":"GEM_Central_Am_Carib","epistemic_quality":"1","name":"Rio Gatun Fault","notes":"Rate based on a regional GPS model that may ovrestimate slip rate on individual faults.","reference":"Rockwell et al. 2010","slip_type":"Sinistral","strike_slip_rate":"None"},"geometry":{"type":"LineString","coordinates":[[-79.45471420025162,9.404163468322768],[-79.44258135837535,9.405147212258681],[-79.43569515082395,9.405147212258681],[-79.42552979681952,9.405803041549289],[-79.41929941855872,9.406786785485203],[-79.4107736377808,9.410065931938249],[-79.4029036862935,9.41301716374599],[-79.3963453933874,9.41662422484434],[-79.39011501512663,9.422198773814515],[-79.38618003938296,9.42613374955817],[-79.38224506363932,9.429740810656519],[-79.37699842931444,9.434987444981392],[-79.37175179498958,9.43859450607974],[-79.36027478240392,9.44875986008418],[-79.35535606272434,9.453350665118444],[-79.35043734304477,9.460892701960448],[-79.34289530620278,9.471385970610193],[-79.33666492794198,9.4792559220975],[-79.33371369613425,9.48286298319585],[-79.32813914716407,9.485158385712982],[-79.32354834212981,9.486142129648895],[-79.31994128103146,9.488437532166026],[-79.3084642684458,9.491388763973767],[-79.3005943169585,9.494995825072117],[-79.29010104830874,9.500570374042294],[-79.2868219018557,9.503521605850034],[-79.2792798650137,9.507128666948384],[-79.27042616959048,9.511063642692038],[-79.26190038881256,9.517294020952823],[-79.25632583984239,9.51991733811526],[-79.24943963229099,9.52352439921361],[-79.2425534247396,9.527787289602568],[-79.23304390002576,9.528443118893177],[-79.22779726570089,9.527459374957264],[-79.22222271673071,9.526803545666654],[-79.21795982634175,9.52713146031196],[-79.21172944808097,9.528115204247873],[-79.20484324052957,9.5300826921197],[-79.18844750826435,9.536968899671093],[-79.17729841032398,9.54549468044901],[-79.16811680025546,9.552052973355101],[-79.15959101947755,9.556643778389365],[-79.15106523869963,9.561234583423628]]}},{"type":"Feature","properties":{"accuracy":"150000","activity_confidence":"1","average_dip":"(80,70,90)","catalog_id":"CA_200.0","catalog_name":"GEM_Central_Am_Carib","dip_dir":"E","downthrown_side_dir":"E","epistemic_quality":"2","name":"Limon Fault","reference":"Bennett et al., 2014 SRL","shortening_rate":"None","slip_type":"Dextral-Normal","strike_slip_rate":"None"},"geometry":{"type":"LineString","coordinates":[[-79.55931897210375,9.357599588689524],[-79.5629260332021,9.348090063975693],[-79.56817266752697,9.338908453907168],[-79.57669844830488,9.326447697385596],[-79.58292882656568,9.317921916607679],[-79.5848963144375,9.307428647957934],[-79.58751963159993,9.294967891436363],[-79.59375000986073,9.280539647042964],[-79.60358744921986,9.269062634457306],[-79.61735986432265,9.257257707226344],[-79.62719730368178,9.24971567038434],[-79.63506725516909,9.24020614567051],[-79.63867431626744,9.231024535601984],[-79.64228137736579,9.221187096242847],[-79.64818384098128,9.207414681140058],[-79.65113507278902,9.194626009973183],[-79.65572587782327,9.182493168096915],[-79.65703753640449,9.171671984801867],[-79.65834919498572,9.167737009058213],[-79.65966085356693,9.163474118669253],[-79.66785871969954,9.148062130339943],[-79.67769615905867,9.126419763749846],[-79.68556611054598,9.115926495100101]]}},{"type":"Feature","properties":{"activity_confidence":"1","catalog_id":"CA_203.0","catalog_name":"GEM_Central_Am_Carib","dip_dir":"S","downthrown_side_dir":"N","name":"North Caribbean Megathrust","slip_type":"Reverse"},"geometry":{"type":"LineString","coordinates":[[-77.71354856460783,22.343310021184763],[-77.67711602938908,22.320125680591016],[-77.63847546173284,22.296941339997264],[-77.60204292651409,22.257196756122266],[-77.57002645617034,22.230700366872266],[-77.54021801826408,22.19978791274727],[-77.52144974254534,22.175499555934767],[-77.49826540195158,22.16556340996602],[-77.48501720732659,22.13244292340352],[-77.46072885051409,22.09601038818477],[-77.43864852613909,22.05736982052852],[-77.41325615310784,22.05074572321602],[-77.36247140704535,22.03418547993477],[-77.34591116376409,21.993336879841024],[-77.32935092048284,21.930407955372274],[-77.3105826447641,21.905015582341026],[-77.29181436904534,21.889559355278525],[-77.2730460933266,21.882935257966025],[-77.24323765542034,21.866375014684774],[-77.19686897423284,21.820006333497275],[-77.17920471473285,21.787989863153527],[-77.13283603354535,21.73720511709103],[-77.1096516929516,21.72064487380978],[-77.06880309285785,21.68862840346603],[-77.00973822515475,21.67427619262227],[-76.9666815926235,21.66986012774727],[-76.9269370087485,21.66765209530977],[-76.87946431134225,21.64777980337227],[-76.854071938311,21.62680349521602],[-76.79776711115476,21.585954895122274],[-76.77789481921725,21.560562522091022],[-76.75360646240475,21.55283440855977],[-76.71827794340476,21.528546051747274],[-76.70944581365475,21.509777776028525],[-76.67522131087351,21.509777776028525],[-76.64099680809225,21.502049662497274],[-76.61008435396725,21.473345240809774],[-76.58690001337351,21.458993029966024],[-76.57254780252975,21.451264916434777],[-76.55046747815476,21.438016721809777],[-76.52949116999848,21.42090447041916],[-76.52452309701411,21.398272137934786],[-76.5156909672641,21.391648040622286],[-76.50575482129535,21.38447193520041],[-76.49747469965473,21.371775748684787],[-76.48422650502974,21.36680767570041],[-76.47097831040473,21.359631570278534],[-76.45441806712348,21.351903456747287],[-76.43344175896723,21.351903456747287],[-76.42516163732661,21.358527554059787],[-76.40473733727974,21.358527554059787],[-76.38762508588911,21.362391610825412],[-76.3616807047485,21.35245546485666],[-76.35008853445161,21.335895221575413],[-76.3478805020141,21.333687189137912],[-76.33408029927973,21.33258317291916],[-76.31917608032661,21.32375104316916],[-76.31255198301412,21.313262889091035],[-76.30923993435786,21.307190799887913],[-76.30378885427778,21.30456876136838],[-76.29930378838911,21.30498276745041],[-76.28991965052974,21.308846824216037],[-76.27446342346724,21.306638791778536],[-76.25403912342037,21.29228658093479],[-76.24741502610786,21.283454451184788],[-76.23858289635787,21.267446216012914],[-76.21815859631099,21.262478143028538],[-76.20049433681099,21.25806207815354],[-76.18559011785787,21.25806207815354],[-76.13480537179541,21.27020625655978],[-76.09726882035791,21.27131027277853],[-76.06966841488915,21.292286580934782],[-76.03985997698291,21.296702645809784],[-75.99017924713915,21.29891067824728],[-75.92945835510791,21.293390597153532],[-75.91289811182666,21.288974532278534],[-75.88750573879541,21.288974532278534],[-75.83340894407667,21.286766499841033],[-75.79697640885792,21.29118256471603],[-75.77379206826416,21.292286580934782],[-75.75281576010791,21.28455846740353],[-75.72631937085791,21.28455846740353],[-75.69761494917041,21.271310272778532],[-75.67332659235791,21.264686175466032],[-75.65787036529541,21.261374126809784],[-75.64020610579541,21.264686175466032],[-75.62254184629542,21.279038386309782],[-75.59328541649855,21.28014240252854],[-75.5656850110298,21.272966297106663],[-75.53146050824854,21.269102240341038],[-75.5149002649673,21.25254199705979],[-75.49889202979541,21.23377372134104],[-75.4839878108423,21.21279741318479],[-75.4574914215923,21.206173315872284],[-75.4309950323423,21.218317494278537],[-75.41664282149854,21.229357656466036],[-75.39014643224854,21.230461672684786],[-75.35371389702979,21.215005445622285],[-75.3382576699673,21.208381348309786],[-75.32390545912355,21.209485364528536],[-75.3029291509673,21.213901429403535],[-75.27753677793605,21.206173315872284],[-75.2433122751548,21.188509056372286],[-75.22896006431105,21.192925121247285],[-75.20687973993606,21.19954921855979],[-75.1881114642173,21.202861267216036],[-75.17596728581105,21.194029137466035],[-75.14726286412355,21.189613072591037],[-75.1196624586548,21.17857291040354],[-75.10089418293606,21.154284553591037],[-75.07881385856105,21.13882832652854],[-75.0556295179673,21.12558013190354],[-75.04238132334231,21.106811856184788],[-75.02361304762356,21.08914759668479],[-74.99270059349855,21.08141948315354],[-74.9606841231548,21.08252349937229],[-74.93749978256106,21.072587353403538],[-74.9143154419673,21.05823514255979],[-74.90217126356106,21.04167489927854],[-74.88892306893607,21.01959457490354],[-74.87567487431106,21.00524236405979],[-74.85801061481106,20.990890153216043],[-74.84917848506106,20.976537942372293],[-74.83537828232666,20.958873682872287],[-74.8257181404126,20.94728151257541],[-74.80998590929542,20.934033317950412],[-74.79397767412354,20.924649180091038],[-74.75009302942826,20.90919295302854],[-74.71918057530326,20.894840742184794],[-74.6871641049595,20.891528693528542],[-74.6474195210845,20.888216644872294],[-74.61871509939701,20.879384515122293],[-74.58228256417826,20.86834435293479],[-74.556890191147,20.850680093434793],[-74.53480986677201,20.815351574434793],[-74.53591388299076,20.772294941903546],[-74.48733716936576,20.755734698622295],[-74.44096848817826,20.748006585091044],[-74.41226406649076,20.746902568872297],[-74.3736234988345,20.728134293153545],[-74.35264719067825,20.701637903903546],[-74.33498293117826,20.67293348221605],[-74.31842268789701,20.664101352466048],[-74.29855039595951,20.643125044309798],[-74.28861424999076,20.6232527523723],[-74.23782950392827,20.6122125901848],[-74.20360500114701,20.59565234690355],[-74.17931664433452,20.57798808740355],[-74.15171623886575,20.5857162009348],[-74.12080378474074,20.57798808740355],[-74.07664313599075,20.561427844122303],[-74.031378471022,20.5570117792473],[-74.0026740493345,20.553699730591052],[-73.973969627647,20.5437635846223],[-73.938641108647,20.528307357559804],[-73.894480459897,20.522787276466055],[-73.87129611930325,20.513955146716054],[-73.84921579492826,20.501810968309805],[-73.81830334080325,20.490770806122303],[-73.784078838022,20.499602935872304],[-73.7509583514595,20.490770806122303],[-73.73660614061575,20.477522611497303],[-73.72114991355326,20.468690481747306],[-73.6979655729595,20.457650319559804],[-73.67367721614701,20.433361962747306],[-73.61406034033452,20.389201313997305],[-73.5657295312655,20.358445344589747]]}},{"type":"Feature","properties":{"accuracy":"300000","activity_confidence":"1","average_dip":"(70,50,90)","catalog_id":"CA_204.0","catalog_name":"GEM_Central_Am_Carib","dip_dir":"S","epistemic_quality":"2","exposure_quality":"2","fs_name":"Bunce Fault Zone","reference":"Grindlay et al. 2005","slip_type":"Sinistral"},"geometry":{"type":"LineString","coordinates":[[-68.90577201537269,19.343137258530653],[-68.85901136858392,19.346000155272822],[-68.826565205506,19.34409155744471],[-68.77503306414694,19.343137258530653],[-68.7473583956393,19.346000155272822],[-68.71968372713167,19.347908753100935],[-68.67578597708506,19.345045856358766],[-68.64715700966336,19.345045856358766],[-68.63284252595251,19.345045856358766],[-68.57940178676535,19.34409155744471],[-68.55077281934365,19.350771649843104],[-68.50114927581271,19.36890332921018],[-68.47347460730506,19.373674823780462],[-68.45248003119582,19.38512641074914],[-68.40571938440705,19.398486595545933],[-68.35514154196206,19.4013494922881],[-68.31124379191546,19.4013494922881],[-68.28261482449376,19.397532296631876],[-68.25016866141583,19.39657799771782],[-68.2177224983379,19.395623698803764],[-68.17573334611942,19.39371510097565],[-68.15951026458046,19.398486595545933],[-68.1146582156198,19.405166687944327],[-68.08507494928405,19.4080295846865],[-68.06503467208886,19.411846780342724],[-68.03640570466716,19.41566397599895],[-68.01350253072981,19.41852687274112],[-67.99155365570651,19.420435470569235]]}},{"type":"Feature","properties":{"accuracy":"200000","activity_confidence":"2","average_dip":"(60,50,70)","catalog_id":"CA_205.0","catalog_name":"GEM_Central_Am_Carib","dip_dir":"W","downthrown_side_dir":"W","epistemic_quality":"2","exposure_quality":"1","fs_name":"Bunce Fault Zone","notes":"Appears to be a transtensional segment of the Bunce Fault Zone in the bathymetry..","reference":"DEM; Grindlay et al. 2005","slip_type":"Normal-Sinistral"},"geometry":{"type":"LineString","coordinates":[[-68.3793405808182,19.151102853695352],[-68.37075189059168,19.159214394464833],[-68.36502609710735,19.163508739578088],[-68.35643740688083,19.169234533062426],[-68.33973717588484,19.17686892437488],[-68.32971703728725,19.18211756840219],[-68.31731115140451,19.18975195971464],[-68.30538241497881,19.196909201570065],[-68.29679372475229,19.202634995054407],[-68.28915933343984,19.203112144511433],[-68.28247924104144,19.20454359288252],[-68.27293625190089,19.20692934016766],[-68.26005321656112,19.211700834737943],[-68.25337312416272,19.215040880937142],[-68.24430728447919,19.22124382387851],[-68.23476429533862,19.228401065733934],[-68.22856135239725,19.23746690541747],[-68.21806406434263,19.24271554944478],[-68.20947537411612,19.250349940757236],[-68.19945523551853,19.25703003315563],[-68.19611518931933,19.263232976096997],[-68.19468374094825,19.267050171753223],[-68.18514075180768,19.27086736740945],[-68.18084640669443,19.27325311469459],[-68.17655206158118,19.279456057635958],[-68.16939481972575,19.29043049514761],[-68.14935454253056,19.305699277772515],[-68.13981155338999,19.310470772342796],[-68.12883711587834,19.31428796799902],[-68.12501992022212,19.320013761483363],[-68.11786267836669,19.328125302252843],[-68.11261403433939,19.333373946280155],[-68.10259389574179,19.335282544108267],[-68.09114230877312,19.33766829139341],[-68.08493936583174,19.339576889221522],[-68.07969072180444,19.341485487049635],[-68.06919343374982,19.34243978596369],[-68.0606047435233,19.341962636506665],[-68.04963030601165,19.34243978596369],[-68.03913301795703,19.346256981619916],[-68.0300671782735,19.351982775104258],[-68.0267271320743,19.355799970760483],[-68.02386423533213,19.362957212615907],[-68.00811830325019,19.372023052299443],[-67.9914180722542,19.374885949041616],[-67.97901218637146,19.382997489811096],[-67.96422055320359,19.38729183492435],[-67.94179452872326,19.392063329494633]]}},{"type":"Feature","properties":{"accuracy":"200000","activity_confidence":"2","average_dip":"(60,50,70)","catalog_id":"CA_206.0","catalog_name":"GEM_Central_Am_Carib","dip_dir":"E","downthrown_side_dir":"E","epistemic_quality":"2","exposure_quality":"1","fs_name":"Bunce Fault Zone","reference":"Bathymetry; Grindlay et al. 2005","slip_type":"Sinistral-Normal"},"geometry":{"type":"LineString","coordinates":[[-68.68614768168739,19.164463038492137],[-68.67517324417574,19.168757383605392],[-68.66658455394922,19.17448317708973],[-68.65847301317974,19.17973182111704],[-68.6508386218673,19.184026166230296],[-68.63652413815645,19.18832051134355],[-68.62936689630102,19.196432052113032],[-68.62364110281668,19.201680696140343],[-68.61409811367612,19.211700834737936],[-68.61075806747692,19.21551803039416],[-68.60837232019178,19.217903777679304],[-68.60407797507852,19.219812375507416],[-68.59501213539498,19.22696961736284],[-68.58117480114116,19.229355364647983],[-68.56876891525843,19.231741111933125],[-68.56686031743031,19.237944054874493],[-68.56542886905923,19.243192698901805],[-68.56208882286003,19.250827090214255],[-68.55493158100461,19.254167136413454],[-68.55111438534838,19.25846148152671],[-68.54682004023513,19.26371012555402],[-68.53870849946564,19.26895876958133],[-68.53155125761022,19.272775965237557],[-68.52821121141102,19.27754745980784],[-68.52200826846966,19.280887506007037],[-68.51580532552829,19.28565900057732],[-68.51294242878612,19.28852189731949],[-68.50483088801664,19.293293391889772],[-68.49194785267687,19.300450633745196],[-68.48288201299334,19.30426782940142],[-68.46618178199735,19.30474497885845],[-68.45616164339975,19.30474497885845],[-68.45091299937245,19.303313530487365],[-68.43230417054832,19.30140493265926],[-68.41989828466559,19.302359231573316],[-68.40224375475555,19.3037906799444],[-68.3845892248455,19.303313530487372],[-68.37552338516196,19.301882082116286],[-68.36502609710733,19.301882082116286],[-68.35643740688083,19.30474497885846],[-68.35309736068163,19.30474497885846]]}},{"type":"Feature","properties":{"accuracy":"300000","activity_confidence":"2","average_dip":"(90,70,90)","catalog_id":"CA_207.0","catalog_name":"GEM_Central_Am_Carib","dip_dir":"S","epistemic_quality":"2","exposure_quality":"2","fs_name":"Bunce Fault Zone","name":"Bunce Fault","reference":"Grindlay et al. 2005","slip_type":"Sinistral"},"geometry":{"type":"LineString","coordinates":[[-68.37266048841975,19.29233909297571],[-68.3650260971073,19.291861943518683],[-68.35452880905268,19.291384794061653],[-68.33926002642778,19.293770541346795],[-68.33210278457236,19.29520198971788],[-68.32494554271693,19.29233909297571],[-68.3125396568342,19.291861943518683],[-68.29440797746712,19.288044747862457],[-68.28820503452576,19.288999046776514],[-68.27055050461571,19.288521897319484],[-68.25766746927594,19.290907644604626],[-68.24478443393619,19.29758773700302],[-68.23380999642453,19.305222128315474],[-68.22092696108477,19.31190222071387],[-68.21090682248717,19.31715086474118],[-68.20231813226067,19.323830957139577],[-68.19038939583496,19.32860245170986],[-68.17893780886628,19.333373946280144],[-68.17321201538194,19.340054038678538],[-68.1641461756984,19.34816557944802],[-68.15460318655784,19.355799970760472],[-68.14172015121808,19.360094315873727],[-68.13408575990562,19.364388660986982],[-68.123588471851,19.367728707186178],[-68.10450249356987,19.37297735121349],[-68.08923371094497,19.3748859490416],[-68.07205633049195,19.379180294154857],[-68.05631039841,19.385860386553254],[-68.04533596089836,19.38967758220948],[-68.03531582230077,19.39778912297896],[-68.022432786961,19.404469215377357],[-68.00811830325016,19.41114930777575],[-67.99284952062526,19.41782940017415],[-67.98044363474251,19.419260848545232],[-67.96517485211761,19.423078044201468],[-67.94274882763729,19.43023528605689],[-67.93034294175455,19.438346826826372],[-67.91841420532884,19.443118321396653],[-67.90028252596177,19.446458367595852],[-67.87833365093847,19.45313845999425],[-67.853521879173,19.461727150220756],[-67.83014155577861,19.46936154153321],[-67.81582707206776,19.476041633931604],[-67.80532978401314,19.48033597904486],[-67.79196959921634,19.48319887578703],[-67.77526936822036,19.487016071443257],[-67.76381778125167,19.493696163841644],[-67.74759469971272,19.501330555154098],[-67.7318487676308,19.50371630243924],[-67.71467138717777,19.508010647552496],[-67.70226550129503,19.512782142122777],[-67.67697658007253,19.517076487236032],[-67.6612306479906,19.5232794301774],[-67.64691616427976,19.530436672032824],[-67.63021593328376,19.535208166603105],[-67.60826705826047,19.537593913888248],[-67.59490687346367,19.544751155743672],[-67.57582089518255,19.555248443798295],[-67.54576047938977,19.566222881309944],[-67.51904010979618,19.572902973708338],[-67.49041114237448,19.576720169364563],[-67.45128488689816,19.588171756333242],[-67.41311293033591,19.593897549817584],[-67.3911640553126,19.598669044387865],[-67.33390612046921,19.610120631356544],[-67.30527715304751,19.609166332442488],[-67.27187669105554,19.609166332442488],[-67.2442020225479,19.612983528098713]]}},{"type":"Feature","properties":{"accuracy":"300000","activity_confidence":"2","average_dip":"(80,70,90)","catalog_id":"CA_208.0","catalog_name":"GEM_Central_Am_Carib","dip_dir":"S","epistemic_quality":"2","exposure_quality":"2","fs_name":"Bunce Fault Zone","name":"Bunce Fault","notes":"Soles into the megathrust at shallow depths. May have some reverse component on it.  Really hard to make out in bathymetry.","reference":"Grindlay et al. 2005","slip_type":"Sinistral"},"geometry":{"type":"LineString","coordinates":[[-67.4245645173045,19.539502511716364],[-67.39498125096875,19.54331970737259],[-67.35299209875026,19.54809120194287],[-67.3062314519615,19.55477129434127],[-67.27951108236792,19.55954278891155],[-67.23752193014943,19.560497087825606],[-67.21843595186829,19.567177180224004],[-67.18885268553254,19.57099437588023],[-67.16404091376707,19.570040076966173],[-67.10678297892368,19.564314283481835],[-67.08292550607226,19.564314283481835],[-67.04093635385378,19.578628767192683],[-67.01612458208831,19.585308859591077],[-67.00371869620557,19.586263158505133],[-66.97413542986982,19.591988951989475],[-66.95123225593245,19.59294325090353],[-66.9283290819951,19.59103465307542],[-66.90542590805774,19.58721745741919],[-66.87584264172199,19.583400261762964],[-66.84244217973001,19.58721745741919],[-66.83003629384727,19.59103465307542],[-66.7985444296834,19.59294325090353],[-66.774686956832,19.596760446559756],[-66.74033219592596,19.60057764221598],[-66.71361182633237,19.60057764221598],[-66.69070865239502,19.60725773461438],[-66.6582624893171,19.610120631356548],[-66.6162733370986,19.61584642484089],[-66.58478147293474,19.61584642484089],[-66.54660951637247,19.61584642484089],[-66.51798054895077,19.612983528098717],[-66.5065289619821,19.612983528098717],[-66.49603167392748,19.612983528098717]]}},{"type":"Feature","properties":{"accuracy":"400000","activity_confidence":"2","average_dip":"(70,60,90)","catalog_id":"CA_209.0","catalog_name":"GEM_Central_Am_Carib","dip_dir":"S","epistemic_quality":"2","exposure_quality":"2","fs_name":"Bunce Fault Zone","name":"Bunce Fault","notes":"Soles into megathrust at shallow depth. May not be seismogenic. Very few constraints on this one...","reference":"Grindlay et al. 2005","slip_type":"Sinistral"},"geometry":{"type":"LineString","coordinates":[[-66.37101851618608,19.59008035416136],[-66.33952665202222,19.59771474547381],[-66.29944609763184,19.602486240044094],[-66.25841124432742,19.612983528098713],[-66.2211935866792,19.634932403122015],[-66.19161032034346,19.654018381403148],[-66.16107275509364,19.66737856619994],[-66.11717500504705,19.673104359684277],[-66.08568314088318,19.665469968371823],[-66.00361343427431,19.660698473801542],[-65.9730758690245,19.6616527727156],[-65.93108671680602,19.664515669457767],[-65.89673195589998,19.669287164028052],[-65.84424551562687,19.675967256426446],[-65.80511926015055,19.68073875099673],[-65.76408440684612,19.693144636879467],[-65.74213553182281,19.704596223848146],[-65.72304955354168,19.71604781081682],[-65.70110067851839,19.7274993977855],[-65.66388302087017,19.7274993977855],[-65.62761966213603,19.73131659344173],[-65.59803639580028,19.737042386926067],[-65.56463593380829,19.728453696699557],[-65.5207381837617,19.73322519126984],[-65.43580558041066,19.737996685840116],[-65.36518746077047,19.743722479324454],[-65.30029513461463,19.71700210973087],[-65.23349421063067,19.6921903379654]]}},{"type":"Feature","properties":{"accuracy":"300000","activity_confidence":"2","average_dip":"(90,,)","catalog_id":"CA_210.0","catalog_name":"GEM_Central_Am_Carib","epistemic_quality":"2","exposure_quality":"2","fs_name":"Bowin Fault Zone","name":"Bowin Fault","reference":"Grindlay et al. 2005","slip_type":"Sinistral"},"geometry":{"type":"LineString","coordinates":[[-65.91104643961084,19.434529631170133],[-65.88146317327508,19.42689523985768],[-65.8394740210566,19.417352250717112],[-65.81847944494736,19.414489353974943],[-65.77553599381481,19.410672158318718],[-65.74786132530717,19.416397951803056],[-65.71541516222925,19.42021514745928],[-65.69537488503406,19.42116944637334],[-65.66674591761236,19.416397951803056],[-65.64861423824529,19.410672158318718],[-65.61903097190954,19.404946364834377],[-65.60376218928462,19.404946364834377],[-65.56845312946453,19.39063188112353],[-65.53791556421473,19.38776898438136],[-65.50165220548058,19.374408799584568],[-65.46443454783237,19.369637305014287],[-65.4262625912701,19.368683006100227],[-65.39381642819218,19.368683006100227],[-65.36805035751266,19.370591603928343],[-65.33942139009096,19.3715459028424],[-65.30506662918492,19.37631739741268],[-65.28311775416162,19.382043190897022],[-65.26307747696644,19.383951788725135],[-65.25544308565398,19.38490608763919],[-65.24112860194313,19.386814685467304],[-65.22299692257606,19.388723283295416],[-65.19818515081059,19.39635767460787],[-65.1628760909905,19.408763560490605],[-65.1409272159672,19.417352250717112],[-65.13138422682663,19.422123745287397],[-65.12470413442824,19.42403234311551]]}},{"type":"Feature","properties":{"accuracy":"200000","activity_confidence":"2","average_dip":"(90,,)","catalog_id":"CA_211.0","catalog_name":"GEM_Central_Am_Carib","epistemic_quality":"2","exposure_quality":"2","fs_name":"Bowin Fault Zon","name":"Bowin Fault","reference":"Grindlay et al. 2005","slip_type":"Sinistral"},"geometry":{"type":"LineString","coordinates":[[-65.18983503531261,19.433098182799046],[-65.15834317114874,19.44359547085367],[-65.1373485950395,19.44359547085367],[-65.12685130698488,19.444549769767725],[-65.11349112218808,19.451229862166123],[-65.10013093739128,19.457909954564517],[-65.09058794825073,19.461727150220742],[-65.07531916562581,19.469361541533196],[-65.05432458951658,19.477950231759706],[-65.04478160037601,19.47985882958782],[-65.01901552969649,19.485584623072157],[-65.00183814924347,19.495127612212723],[-64.97607207856394,19.506579199181402],[-64.96271189376715,19.513259291579796],[-64.9550775024547,19.51612218832197],[-64.93980871982978,19.51612218832197],[-64.92453993720488,19.51803078615008],[-64.91213405132216,19.52089368289225],[-64.89591096978319,19.533299568774986],[-64.88541368172856,19.5352081666031],[-64.86632770344744,19.540933960087436],[-64.85153607027956,19.544274006286635],[-64.8439016789671,19.545705454657718],[-64.82911004579923,19.55143124814206],[-64.81622701045947,19.555248443798284],[-64.8000039289205,19.55954278891154],[-64.78712089358073,19.56192853619668],[-64.77137496149881,19.566222881309933],[-64.74942608647551,19.573857272622387],[-64.73415730385061,19.578151617735642],[-64.71697992339759,19.58435456067701],[-64.69312245054617,19.594851848731633],[-64.67069642606585,19.605826286243282],[-64.66019913801122,19.609643481899507],[-64.6430217575582,19.61536927538385],[-64.63252446950358,19.615846424840875],[-64.62918442330438,19.61680072375493]]}},{"type":"Feature","properties":{"accuracy":"200000","activity_confidence":"2","average_dip":"(90,,)","catalog_id":"CA_212.0","catalog_name":"GEM_Central_Am_Carib","epistemic_quality":"2","exposure_quality":"2","fs_name":"Bowin Fault Zone","reference":"Grindlay et al. 2005","slip_type":"Sinistral"},"geometry":{"type":"LineString","coordinates":[[-64.56858644226182,19.610120631356533],[-64.55713485529313,19.61680072375493],[-64.53375453189875,19.62443511506738],[-64.51848574927384,19.63111520746578],[-64.5127599557895,19.633978104207948],[-64.4941511269654,19.633978104207948],[-64.46838505628587,19.637795299864173],[-64.44643618126257,19.641135346063372],[-64.43593889320795,19.65020118574691],[-64.42067011058305,19.65878987597342],[-64.40683277632922,19.661652772715588],[-64.3896553958762,19.661652772715588],[-64.36961511868103,19.657835577059362],[-64.35148343931394,19.654018381403137],[-64.34432619745851,19.65544982977422],[-64.32762596646253,19.65020118574691],[-64.31426578166574,19.64733828900474],[-64.29231690664244,19.65210978357502],[-64.28802256152919,19.654018381403137],[-64.27370807781834,19.657358427602333],[-64.25700784682235,19.661652772715588],[-64.24889630605287,19.664515669457757],[-64.23028747722876,19.6635613705437],[-64.2140643956898,19.669764313485068],[-64.19736416469381,19.677398704797522],[-64.18209538206891,19.685987395024032],[-64.17302954238536,19.690281740137284]]}},{"type":"Feature","properties":{"accuracy":"300000","activity_confidence":"2","average_dip":"(90,,)","catalog_id":"CA_213.0","catalog_name":"GEM_Central_Am_Carib","fs_name":"Bowin Fault Zone","reference":"Grindlay et al. 2005","slip_type":"Sinistral"},"geometry":{"type":"LineString","coordinates":[[-66.8689239745952,19.122712461002134],[-66.83647781151728,19.12652965665836],[-66.80880314300964,19.128438254486472],[-66.78685426798634,19.134164047970813],[-66.76681399079115,19.137026944712982],[-66.72673343640078,19.14275273819732],[-66.71241895268993,19.14275273819732],[-66.70192166463531,19.14275273819732],[-66.69619587115096,19.141798439283264]]}},{"type":"Feature","properties":{"accuracy":"300000","activity_confidence":"2","average_dip":"(90,,)","catalog_id":"CA_214.0","catalog_name":"GEM_Central_Am_Carib","epistemic_quality":"2","exposure_quality":"2","fs_name":"Bowin Fault Zone","reference":"Grindlay et al. 2005","slip_type":"Sinistral"},"geometry":{"type":"LineString","coordinates":[[-66.71051035486181,19.182833292587695],[-66.68951577875258,19.191421982814205],[-66.67233839829956,19.191421982814205],[-66.65420671893249,19.191421982814205],[-66.64180083304974,19.19237628172826],[-66.63130354499512,19.19523917847043],[-66.61698906128427,19.1981020752126],[-66.60172027865937,19.20096497195477],[-66.5854971971204,19.201919270868828],[-66.57118271340956,19.201919270868828],[-66.5635483220971,19.20382786869694]]}},{"type":"Feature","properties":{"accuracy":"300000","activity_confidence":"2","average_dip":"(90,,)","catalog_id":"CA_215.0","catalog_name":"GEM_Central_Am_Carib","epistemic_quality":"2","exposure_quality":"2","fs_name":"Bowin Fault Zone","reference":"Grindlay et al. 2005","slip_type":"Sinistral"},"geometry":{"type":"LineString","coordinates":[[-66.54303089544491,19.23865977906],[-66.53253360739029,19.242954124173256],[-66.51965057205052,19.24963421657165],[-66.50867613453887,19.25297426277085],[-66.50151889268345,19.254405711141935],[-66.49340735191397,19.255837159513018],[-66.48625011005855,19.25774575734113],[-66.45475824589468,19.264425849739528],[-66.44569240621114,19.26347155082547],[-66.43614941707058,19.26347155082547],[-66.41801773770351,19.26347155082547],[-66.40656615073482,19.267765895938727],[-66.40322610453562,19.270151643223866],[-66.39654601213724,19.271105942137922],[-66.3808000800553,19.27206024105198],[-66.3707799414577,19.27492313779415],[-66.36362269960227,19.278740333450376],[-66.35503400937577,19.279694632364432],[-66.33785662892275,19.28112608073552],[-66.32545074304002,19.282080379649575],[-66.31543060444243,19.285420425848773],[-66.30922766150105,19.2858975753058],[-66.29968467236048,19.28637472476283]]}},{"type":"Feature","properties":{"accuracy":"300000","activity_confidence":"2","average_dip":"(20,10,50)","catalog_id":"CA_216.0","catalog_name":"GEM_Central_Am_Carib","dip_dir":"S","downthrown_side_dir":"N","epistemic_quality":"2","exposure_quality":"2","fs_name":"Bowin Fault Zone","notes":"Looks in the bathymetry like a thrust at the base of the Puerto Rican slope. May tie in to the Bowin Fault Zone somehow.","reference":"Bathymetry","slip_type":"Reverse"},"geometry":{"type":"LineString","coordinates":[[-66.58502004766336,19.357469993860036],[-66.53253360739025,19.3517442003757],[-66.52203631933563,19.3517442003757],[-66.49913314539828,19.343155510149188],[-66.4743213736328,19.336475417750794],[-66.45809829209384,19.335521118836738],[-66.44378380838299,19.335521118836738],[-66.42756072684404,19.33170392318051],[-66.41515484096129,19.326932428610228],[-66.38461727571148,19.326932428610228],[-66.36171410177413,19.32884102643834],[-66.33308513435243,19.32884102643834],[-66.31686205281346,19.329795325352396],[-66.29586747670422,19.327886727524284],[-66.28250729190744,19.32406953186806],[-66.26914710711064,19.320252336211833],[-66.25006112882951,19.320252336211833],[-66.23860954186082,19.320252336211833],[-66.21666066683753,19.316435140555605],[-66.2042547809548,19.316435140555605],[-66.19471179181423,19.31261794489938],[-66.1756258135331,19.30975504815721],[-66.16131132982225,19.307846450329098],[-66.14222535154111,19.308800749243154],[-66.11645928086159,19.305937852500982],[-66.10596199280697,19.306892151415042],[-66.09260180801017,19.307846450329098],[-66.07542442755715,19.310709347071267],[-66.06301854167442,19.313572243813436],[-66.04488686230735,19.319298037297777],[-66.02961807968245,19.326932428610228],[-66.01912079162783,19.33265822209457],[-66.01339499814348,19.336475417750794],[-66.00766920465914,19.338384015578907],[-66.00385200900291,19.341246912321076],[-65.99621761769046,19.345064107977304],[-65.97904023723744,19.3517442003757],[-65.95709136221414,19.355561396031923],[-65.93705108501896,19.355561396031923]]}},{"type":"Feature","properties":{"accuracy":"500000","activity_confidence":"2","average_dip":"(90,,)","catalog_id":"CA_217.0","catalog_name":"GEM_Central_Am_Carib","epistemic_quality":"2","exposure_quality":"2","fs_name":"Bunce Fault Zone","name":"Bunce Fault","notes":"May have some reverse component, but information is completely lacking.","reference":"Grindlay et al. 2005","slip_type":"Sinistral"},"geometry":{"type":"LineString","coordinates":[[-64.42019296112613,19.711037741517995],[-64.34766624365783,19.699586154549316],[-64.29231690664255,19.69576895889309],[-64.25987074356462,19.701494752377428],[-64.21597299351802,19.70722054586177],[-64.18925262392445,19.705311948033657],[-64.14535487387784,19.705311948033657],[-64.11672590645614,19.70340335020554],[-64.06137656944087,19.699586154549316],[-64.04992498247218,19.691951763236865],[-64.00030143894124,19.674774382783845],[-63.97167247151955,19.665231393643282],[-63.929683319301056,19.665231393643282],[-63.90105435187936,19.661414197987053],[-63.83997922137974,19.65950560015894],[-63.8189846452705,19.651871208846487],[-63.78653848219257,19.651871208846487],[-63.752183721286535,19.642328219705924],[-63.73118914517729,19.636602426221582],[-63.70828597123993,19.630876632737245]]}},{"type":"Feature","properties":{"accuracy":"80000","activity_confidence":"2","average_dip":"(90,,)","catalog_id":"CA_218.0","catalog_name":"GEM_Central_Am_Carib","epistemic_quality":"2","exposure_quality":"2","fs_name":"Great Northern Puerto Rico Fault Zone","notes":"Probably inactive","reference":"Jansma and Mattioli 2005","slip_type":"Dextral-Normal"},"geometry":{"type":"LineString","coordinates":[[-65.72591245028397,18.18952741041904],[-65.74547557802212,18.198354675374063],[-65.75931291227594,18.202649020487318],[-65.77124164870165,18.20622764141503],[-65.78794187969764,18.210521986528285],[-65.79963204139483,18.215770630555596],[-65.81108362836352,18.220303550397364],[-65.82062661750408,18.22340502186805],[-65.82897673300208,18.226029343881706],[-65.83804257268561,18.232232286823074],[-65.84877843546874,18.234618034108212],[-65.8700115863065,18.237719505578898],[-65.88456464474586,18.24082097704958],[-65.89887912845671,18.245592471619865],[-65.91176216379648,18.25107969037569],[-65.92607664750733,18.25394258711786],[-65.937528234476,18.258714081688147],[-65.94850267198767,18.26396272571546],[-65.9609085578704,18.268495645557227],[-65.96997439755394,18.274221439041565],[-65.9778473635949,18.27732291051225],[-65.99049182420615,18.282332979811045],[-66.00170483644632,18.284003002910644],[-66.013156423415,18.286388750195787],[-66.02770948185436,18.288535922752413],[-66.04703403486397,18.29545458987932],[-66.05872419656116,18.29951036026406],[-66.07256153081498,18.302373257006227],[-66.08616029034029,18.304281854834343],[-66.09713472785194,18.306190452662456],[-66.10429196970736,18.309769073590168],[-66.11311923466236,18.312393395603824]]}},{"type":"Feature","properties":{"accuracy":"80000","activity_confidence":"2","average_dip":"(90,,)","catalog_id":"CA_219.0","catalog_name":"GEM_Central_Am_Carib","epistemic_quality":"2","exposure_quality":"2","fs_name":"Great Northern Puerto Rico Fault Zone","notes":"Almost certainly inactive","reference":"Jansma and Mattioli 2005","slip_type":"Dextral-Normal"},"geometry":{"type":"LineString","coordinates":[[-65.83971259578517,18.233902309922673],[-65.84543838926952,18.237003781393355],[-65.84973273438277,18.24010525286404],[-65.85402707949602,18.243445299063236],[-65.85975287298037,18.25107969037569],[-65.8638086433651,18.256566909131514],[-65.87072731049201,18.261576978430313],[-65.8771688281619,18.265394174086538],[-65.88313319637474,18.271597117027905],[-65.88742754148801,18.27541431268413],[-65.8924376107868,18.27875435888333],[-65.89792482954263,18.281378680896985],[-65.90460492194102,18.284241577639154],[-65.91319361216753,18.28805877329538],[-65.92154372766552,18.29259169313715],[-65.92464519913621,18.295216015150807],[-65.93323388936273,18.29879463607852],[-65.94062970594666,18.3035661306488],[-65.95088841927276,18.309530498861655],[-65.95422846547196,18.31167767141828],[-65.96019283368481,18.31501771761748],[-65.97069012173944,18.32145923528736],[-65.98118740979406,18.32790075295724],[-65.98428888126475,18.329809350785354]]}},{"type":"Feature","properties":{"accuracy":"100000","activity_confidence":"2","average_dip":"(90,,)","catalog_id":"CA_220.0","catalog_name":"GEM_Central_Am_Carib","epistemic_quality":"2","exposure_quality":"2","fs_name":"Great Northern Puerto Rico Fault Zone","notes":"Almost certainly inactive","reference":"Jansma and Mattioli 2005","slip_type":"Dextral-Normal"},"geometry":{"type":"LineString","coordinates":[[-66.30397901747364,18.32193638474439],[-66.29634462616117,18.31859633854519],[-66.29014168321982,18.31668774071708],[-66.28632448756359,18.315256292345993],[-66.2802408319865,18.31346698188214],[-66.27642363633028,18.312393395603827],[-66.27415717640939,18.31179695878254],[-66.26735779664673,18.309530498861655],[-66.26258630207646,18.306786889483742],[-66.25900768114874,18.305116866384143],[-66.25256616347886,18.303088981191774],[-66.24779466890858,18.301418958092174],[-66.24159172596721,18.29986822235683],[-66.23240659891938,18.29700532561466],[-66.22524935706396,18.295096727786543],[-66.21475206900934,18.292710980501404],[-66.20520907986877,18.28984808375923],[-66.19328034344306,18.284599439731924],[-66.18409521639529,18.281378680896985],[-66.17622225035433,18.2782772094263],[-66.16548638757119,18.27422143904156],[-66.15570482370211,18.269927093928306],[-66.14854758184669,18.267541346643164],[-66.14043604107721,18.26563274881505],[-66.12993875302259,18.26396272571545],[-66.11132992419849,18.262292702615852],[-66.0998783372298,18.261099828973283],[-66.08938104917517,18.260145530059226],[-66.07840661166352,18.26086125424477],[-66.06767074888039,18.26205412788734],[-66.06051350702496,18.263485576258425],[-66.05144766734144,18.26396272571545],[-66.04333612657194,18.26563274881505],[-66.03379313743139,18.26563274881505],[-66.02162582627714,18.26491702462951],[-66.00754991729481,18.265155599358025],[-65.99705262924019,18.26658704772911],[-65.99156541048436,18.266825622457624],[-65.97605805313094,18.269211369742766],[-65.96436789143375,18.26825707082871],[-65.96102784523455,18.26825707082871]]}},{"type":"Feature","properties":{"accuracy":"80000","activity_confidence":"2","average_dip":"(90,,)","catalog_id":"CA_221.0","catalog_name":"GEM_Central_Am_Carib","epistemic_quality":"2","exposure_quality":"2","fs_name":"Great Northern Puerto Rico Fault Zone","notes":"Almost certainly inactive","reference":"Jansma and Mattioli 2005","slip_type":"Dextral-Normal"},"geometry":{"type":"LineString","coordinates":[[-66.25352046239284,18.33839804101186],[-66.24827181836552,18.33505799481266],[-66.24373889852376,18.330763649699406],[-66.23705880612536,18.325276430943582],[-66.23037871372696,18.322413534201413],[-66.22155144877195,18.31835776381667],[-66.21773425311572,18.31597201653153],[-66.21129273544584,18.31310911978936],[-66.20270404521933,18.30809905049056],[-66.19840970010607,18.306429027390966],[-66.19411535499282,18.305474728476906],[-66.18838956150849,18.303088981191767],[-66.18385664166671,18.301418958092167],[-66.17216647996952,18.29879463607851],[-66.16572496229963,18.297124612978912],[-66.15856772044421,18.296170314064856],[-66.15212620277433,18.293784566779713],[-66.14449181146188,18.291637394223088],[-66.1363802706924,18.289251646937945],[-66.11920289023938,18.284480152367664],[-66.11228422311247,18.28495730182469],[-66.10130978560082,18.285673026010233],[-66.08699530188997,18.286150175467263],[-66.0755437149213,18.28376442818212],[-66.0655235763237,18.281855830354008],[-66.0588434839253,18.279470083068865],[-66.04906192005622,18.276368611598183],[-66.03832605727308,18.274221439041554],[-66.02997594177509,18.27231284121344],[-66.02019437790601,18.270642818113842],[-66.01041281403694,18.26706419718613]]}},{"type":"Feature","properties":{"accuracy":"500000","activity_confidence":"2","average_dip":"(70,50,90)","catalog_id":"CA_222.0","catalog_name":"GEM_Central_Am_Carib","dip_dir":"NE","downthrown_side_dir":"NE","epistemic_quality":"2","exposure_quality":"2","notes":"Location not constrained by any topography or bathymetry, only by approximating Fueillet's lines.","reference":"Feuillet et al. 2011","slip_type":"Sinistral-Normal"},"geometry":{"type":"LineString","coordinates":[[-63.54748660422114,17.781087475202824],[-63.49213726720586,17.765818692577916],[-63.46732549544039,17.746732714296787],[-63.42342774539379,17.708560757734524],[-63.373804201862846,17.69329197510962],[-63.341358038784925,17.669434502258202],[-63.308911875707,17.65130282289113],[-63.25737973434794,17.622673855469433],[-63.23065936475436,17.61503946415698],[-63.19153310927804,17.581639002164998],[-63.16004124511418,17.57591320868066]]}},{"type":"Feature","properties":{"accuracy":"500000","activity_confidence":"2","average_dip":"(70,50,90)","catalog_id":"CA_223.0","catalog_name":"GEM_Central_Am_Carib","dip_dir":"N","downthrown_side_dir":"N","epistemic_quality":"2","exposure_quality":"2","notes":"Approximated from source; no bathymetric signature on available low-resolution imagery.","reference":"Feuillet et al. 2011","slip_type":"Sinistral-Normal"},"geometry":{"type":"LineString","coordinates":[[-64.16491800161573,18.0272965950294],[-64.0274989579916,18.012027812404497],[-63.97405821880442,18.004393421092047],[-63.882445523055,17.992941834123368],[-63.80228441427424,17.966221464529784],[-63.73357489246217,17.943318290592426],[-63.66868256630632,17.924232312311293],[-63.62669341408784,17.912780725342614],[-63.56943547924444,17.89751194271771],[-63.565618283588215,17.89751194271771]]}},{"type":"Feature","properties":{"accuracy":"500000","activity_confidence":"2","average_dip":"(70,50,90)","catalog_id":"CA_224.0","catalog_name":"GEM_Central_Am_Carib","dip_dir":"NE","downthrown_side_dir":"NE","epistemic_quality":"2","exposure_quality":"2","reference":"Feuillet et al., 2011","slip_type":"Sinistral-Normal"},"geometry":{"type":"LineString","coordinates":[[-62.77259588600721,17.214233920253204],[-62.73251533161684,17.191330746315845],[-62.70006916853891,17.172244768034716],[-62.663805809804764,17.160793181066037],[-62.62754245107062,17.13789000712868],[-62.61227366844571,17.13025561581623],[-62.591279092336464,17.10735244187887],[-62.585553298852126,17.099718050566416],[-62.57410171188345,17.080632072285287],[-62.55692433143043,17.065363289660382],[-62.53020396183685,17.042460115723024],[-62.511117983555714,17.02719133309812],[-62.47103742916534,17.011922550473216]]}},{"type":"Feature","properties":{"accuracy":"500000","activity_confidence":"2","average_dip":"(60,50,80)","catalog_id":"CA_225.0","catalog_name":"GEM_Central_Am_Carib","dip_dir":"NE","downthrown_side_dir":"NE","epistemic_quality":"2","exposure_quality":"2","reference":"Feuillet et al. 2011","slip_type":"Normal-Sinistral"},"geometry":{"type":"LineString","coordinates":[[-62.4347740704312,16.91649265906756],[-62.39946501061111,16.902178175356713],[-62.37656183667375,16.887863691645865],[-62.33361838554121,16.854463229653884],[-62.301172222463286,16.841103044857093],[-62.28876633658055,16.835377251372755],[-62.2811319452681,16.8344229524587]]}},{"type":"Feature","properties":{"accuracy":"500000","average_dip":"(60,50,70)","catalog_id":"CA_226.0","catalog_name":"GEM_Central_Am_Carib","dip_dir":"NE","downthrown_side_dir":"NE","epistemic_quality":"2","exposure_quality":"2","reference":"Feuillet et al. 2011","slip_type":"Normal-Sinistral"},"geometry":{"type":"LineString","coordinates":[[-62.3183496029163,16.79147950132615],[-62.29353783115083,16.782890811099644],[-62.27063465721348,16.773347821959078],[-62.24773148327612,16.75903333824823],[-62.23341699956527,16.751398946935776],[-62.21433102128414,16.740901658881157],[-62.18856495060461,16.721815680600024],[-62.161844581011025,16.712272691459457],[-62.13512421141744,16.699866805576722]]}},{"type":"Feature","properties":{"accuracy":"500000","activity_confidence":"1","average_dip":"(60,50,70)","catalog_id":"CA_227.0","catalog_name":"GEM_Central_Am_Carib","dip_dir":"NE","downthrown_side_dir":"NE","epistemic_quality":"2","exposure_quality":"2","last_movement":"1897","reference":"Feuillet et al. 2011","slip_type":"Sinistral-Normal"},"geometry":{"type":"LineString","coordinates":[[-62.126535521190924,16.61970569679597],[-62.05782599937885,16.600619718514842],[-61.98529928191055,16.55863056629635],[-61.93949293403584,16.497555435796734],[-61.92422415141093,16.451749087922018],[-61.908955368786025,16.41739432701598],[-61.87460060787999,16.371587979141268],[-61.845971640458295,16.31051284864165],[-61.79253090127113,16.266615098595047],[-61.756267542536975,16.243711924657692],[-61.7448159555683,16.239894729001463]]}},{"type":"Feature","properties":{"accuracy":"500000","activity_confidence":"1","average_dip":"(75,70,80)","catalog_id":"CA_228.0","catalog_name":"GEM_Central_Am_Carib","dip_dir":"N","downthrown_side_dir":"N","epistemic_quality":"1","exposure_quality":"2","name":"Morne Piton Fault","reference":"Feuillet et al 2004","slip_type":"Normal","vert_sep_rate":"(0.5, 0.3, 0.7)"},"geometry":{"type":"LineString","coordinates":[[-61.51769281402284,16.037583359221465],[-61.44516609655454,16.037583359221465],[-61.39363395519548,16.0280403700809],[-61.38409096605492,16.02231457659656],[-61.34782760732077,16.00895439179977],[-61.315381444242846,15.99750280483109],[-61.29247827030549,15.984142620034298],[-61.26957509636813,15.984142620034298],[-61.25621491157134,15.980325424378073],[-61.23712893329021,15.974599630893733],[-61.21231716152474,15.972691033065619],[-61.179870998446816,15.961239446096942],[-61.15887642233757,15.959330848268827],[-61.116887270119086,15.932610478675244],[-61.08444110704116,15.919250293878452],[-61.03672616133833,15.900164315597321],[-61.019548780885316,15.900164315597321],[-60.99855420477607,15.898255717769208]]}},{"type":"Feature","properties":{"accuracy":"500000","activity_confidence":"1","average_dip":"(60,50,70)","catalog_id":"CA_229.0","catalog_name":"GEM_Central_Am_Carib","dip_dir":"E","downthrown_side_dir":"E","epistemic_quality":"1","exposure_quality":"2","last_movement":"2004","reference":"Feuillet et al 2011","slip_type":"Normal"},"geometry":{"type":"LineString","coordinates":[[-61.71427839031849,15.909707304737887],[-61.68946661855302,15.856266565550719],[-61.65702045547509,15.797100032879213],[-61.620757096740945,15.75320228283261],[-61.56731635755378,15.720756119754688],[-61.54250458578831,15.697852945817331],[-61.5272358031634,15.69021855450488],[-61.515784216194724,15.686401358848652]]}},{"type":"Feature","properties":{"accuracy":"750000","activity_confidence":"1","average_dip":"(60,50,70)","catalog_id":"CA_230.0","catalog_name":"GEM_Central_Am_Carib","dip_dir":"W","downthrown_side_dir":"W","epistemic_quality":"2","exposure_quality":"2","last_movement":"1967","reference":"Feuillet et al. 2011","slip_type":"Normal"},"geometry":{"type":"LineString","coordinates":[[-61.260032107227566,17.62076525764131],[-61.27530088985247,17.59595348587584],[-61.30011266161794,17.548238540173013],[-61.28484387899304,17.506249387954522],[-61.28866107464926,17.454717246595468],[-61.30965565075851,17.429905474829997],[-61.34782760732077,17.403185105236414],[-61.35737059646134,17.382190529127172],[-61.35737059646134,17.345927170393022],[-61.3669135856019,17.286760637721514],[-61.38218236822681,17.254314474643593],[-61.42417152044529,17.176061963690955],[-61.44134890089831,17.164610376722276]]}},{"type":"Feature","properties":{"accuracy":"500000","activity_confidence":"2","average_dip":"(60,50,70)","catalog_id":"CA_231.0","catalog_name":"GEM_Central_Am_Carib","dip_dir":"E","downthrown_side_dir":"E","epistemic_quality":"2","exposure_quality":"2","reference":"Feuillet et al. 2004","slip_type":"Normal"},"geometry":{"type":"LineString","coordinates":[[-61.75245034688076,16.76189623499041],[-61.72191278163094,16.76189623499041],[-61.69519241203736,16.76762202847475],[-61.65320325981887,16.780982213271542],[-61.6283914880534,16.807702582865126],[-61.605488314116045,16.85350893073984],[-61.59976252063171,16.87259490902097],[-61.59976252063171,16.91458406123946],[-61.58640233583491,16.952756017801722],[-61.582585140178686,16.968024800426626],[-61.54441318361643,17.004288159160776],[-61.52151000967907,17.032917126582472],[-61.4966982379136,17.05009450703549],[-61.4966982379136,17.076814876629072],[-61.4966982379136,17.101626648394543],[-61.48715524877303,17.126438420160014],[-61.47952085746058,17.145524398441147],[-61.47379506397624,17.15888458323794]]}},{"type":"Feature","properties":{"accuracy":"500000","activity_confidence":"2","average_dip":"(60,50,70)","catalog_id":"CA_232.0","catalog_name":"GEM_Central_Am_Carib","dip_dir":"W","downthrown_side_dir":"W","epistemic_quality":"2","exposure_quality":"2","reference":"Feuillet et al. 2004","slip_type":"Normal"},"geometry":{"type":"LineString","coordinates":[[-61.031000367854,17.28294344206529],[-61.07871531355683,17.25240587681548],[-61.10543568315041,17.22759410505001],[-61.109252878806636,17.17987915934718],[-61.114978672290974,17.1245298223319],[-61.14360763971267,17.07490627880096],[-61.1626936179938,17.048185909207376],[-61.202774172384174,17.025282735270018],[-61.20468277021229,17.025282735270018]]}},{"type":"Feature","properties":{"accuracy":"500000","activity_confidence":"2","average_dip":"(60,50,70)","catalog_id":"CA_233.0","catalog_name":"GEM_Central_Am_Carib","dip_dir":"W","downthrown_side_dir":"W","epistemic_quality":"2","exposure_quality":"2","reference":"Feuillet et al. 2004","slip_type":"Normal"},"geometry":{"type":"LineString","coordinates":[[-61.275300889852474,16.981384985223418],[-61.32110723772719,16.97184199608285],[-61.34401041166455,16.95084741997361],[-61.36691358560191,16.916492659067572],[-61.39363395519549,16.88977228947399],[-61.4241715204453,16.861143322052293],[-61.45089189003888,16.836331550286822],[-61.4833380531168,16.788616604583993],[-61.51769281402284,16.75617044150607],[-61.54250458578831,16.72563287625626],[-61.597853922803594,16.708455495803243],[-61.620757096740945,16.708455495803243],[-61.630300085881515,16.712272691459468]]}},{"type":"Feature","properties":{"accuracy":"500000","activity_confidence":"2","average_dip":"(60,50,70)","catalog_id":"CA_234.0","catalog_name":"GEM_Central_Am_Carib","dip_dir":"SE","downthrown_side_dir":"SE","epistemic_quality":"2","exposure_quality":"2","reference":"Feuillet et al. 2004","slip_type":"Normal"},"geometry":{"type":"LineString","coordinates":[[-61.53868739013208,16.47560656077344],[-61.50433262922604,16.471789365117214],[-61.443257498726425,16.479423756429664],[-61.40699413999228,16.498509734710797],[-61.39172535736737,16.53095589778872],[-61.38599956388303,16.56721925652287],[-61.36882218343001,16.595848223944564],[-61.31729004207096,16.6302029848506],[-61.26957509636813,16.65310615878796],[-61.235220335462095,16.66646634358475],[-61.218042955009075,16.668374941412864]]}},{"type":"Feature","properties":{"accuracy":"500000","activity_confidence":"2","average_dip":"(60,50,70)","catalog_id":"CA_235.0","catalog_name":"GEM_Central_Am_Carib","dip_dir":"S","downthrown_side_dir":"S","epistemic_quality":"2","exposure_quality":"2","last_movement":"1897?","reference":"Feuillet et al. 2004","slip_type":"Normal"},"geometry":{"type":"LineString","coordinates":[[-61.54632178144453,16.235123234431185],[-61.49478964008548,16.237031832259298],[-61.452800487866995,16.237031832259298],[-61.418445726960954,16.216037256150056],[-61.40126834650793,16.19504268004081],[-61.332558824695866,16.154962125650435],[-61.290569672477375,16.130150353884964],[-61.22567734632153,16.112972973431948],[-61.1340646505721,16.132058951713077],[-61.105435683150404,16.149236332166097],[-61.082532509213046,16.179773897415906],[-61.06344653093191,16.214128658321943],[-61.02145737871343,16.248483419227977],[-61.01573158522909,16.252300614884206]]}},{"type":"Feature","properties":{"accuracy":"700000","activity_confidence":"1","average_dip":"(60,50,70)","catalog_id":"CA_236.0","catalog_name":"GEM_Central_Am_Carib","dip_dir":"E","downthrown_side_dir":"E","reference":"Calais and de Lepinay, 1991","slip_type":"Normal"},"geometry":{"type":"LineString","coordinates":[[-77.88925835035089,19.662911492251784],[-77.97132805695976,19.596110568267825],[-78.01904300266258,19.557938611705563],[-78.06294075270918,19.51213226383085]]}},{"type":"Feature","properties":{"accuracy":"700000","activity_confidence":"1","average_dip":"(60,50,70)","catalog_id":"CA_237.0","catalog_name":"GEM_Central_Am_Carib","dip_dir":"E","downthrown_side_dir":"E","reference":"Calail and de Lepinay, 1991","slip_type":"Normal"},"geometry":{"type":"LineString","coordinates":[[-77.772833882836,19.689631861845367],[-77.77855967632034,19.678180274876688],[-77.79096556220307,19.65909429659556],[-77.8100515404842,19.64477981288471],[-77.82150312745289,19.62473953568952],[-77.83390901333561,19.610425051978673],[-77.84154340464806,19.598973465009994],[-77.85299499161675,19.584658981299146],[-77.86253798075731,19.566527301932073],[-77.86635517641353,19.55316711713528],[-77.86921807315571,19.545532725822827]]}},{"type":"Feature","properties":{"accuracy":"700000","activity_confidence":"1","average_dip":"(60,50,70)","catalog_id":"CA_238.0","catalog_name":"GEM_Central_Am_Carib","dip_dir":"E","reference":"Calais and de Lepinay, 1991","slip_type":"Normal"},"geometry":{"type":"LineString","coordinates":[[-77.65450081749297,19.704900644470275],[-77.67072389903193,19.6867689651032],[-77.67644969251627,19.675317378134523],[-77.68599268165683,19.6648200900799],[-77.7022157631958,19.647642709626883],[-77.71557594799259,19.627602432431694],[-77.72607323604721,19.613287948720846],[-77.72893613278937,19.60469925849434],[-77.73561622518777,19.585613280213206],[-77.73752482301589,19.571298796502358]]}},{"type":"Feature","properties":{"accuracy":"500000","activity_confidence":"1","catalog_id":"CA_239.0","catalog_name":"GEM_Central_Am_Carib","epistemic_quality":"1","fs_name":"Oriente Fault Zone","name":"Oriente Fault","reference":"Leroy et al., 2015 Terra Nova","slip_type":"Sinistral_Transform"},"geometry":{"type":"LineString","coordinates":[[-77.96839716279189,19.651882890294978],[-77.79633915939569,19.68543525435283],[-77.61311138544299,19.71224934616521],[-77.48379296177148,19.732327350493293],[-77.31665369854525,19.74565870209387],[-77.17920781153097,19.75962146302114],[-77.02478785709766,19.76057291659709],[-76.91229697914947,19.766270686618157],[-76.80825655588357,19.755811125696432],[-76.7151077687274,19.773587375368223],[-76.60863533268042,19.76494269005582],[-76.5317473541961,19.778602309462],[-76.47534880482105,19.782606949555817],[-76.42536864036792,19.790728219915255],[-76.35892195485233,19.796042588618413],[-76.27020750052417,19.800758088102796],[-76.19913903774298,19.812808544290252],[-76.11072401802417,19.81469887416537],[-76.04889910977417,19.823531003915367],[-75.98707420152418,19.84119526341537],[-75.92304126083668,19.858859522915367],[-75.86563241746168,19.858859522915367],[-75.79055931458669,19.861067555352868],[-75.73756653608669,19.856651490477866],[-75.66470146564919,19.838987230977867],[-75.44831428677419,19.82794706879037],[-75.3467447946492,19.823531003915367],[-75.2253030105867,19.843403295852866],[-75.1590620374617,19.836779198540366],[-75.1171094211492,19.845611328290367],[-75.0685327075242,19.850027393165366],[-75.0354122209617,19.850027393165366]]}},{"type":"Feature","properties":{"accuracy":"100000","activity_confidence":"1","average_dip":"(90,70,90)","catalog_id":"CA_240.0","catalog_name":"GEM_Central_Am_Carib","dip_dir":"E","downthrown_side_dir":"E","epistemic_quality":"1","exposure_quality":"1","name":"Pedro Miguel Fault","reference":"Rockwell et al., 2010","slip_type":"Dextral","strike_slip_rate":"(5.,3.5,8.)"},"geometry":{"type":"LineString","coordinates":[[-79.64135115655863,9.180415070797508],[-79.6408740071016,9.174450702584656],[-79.63944255873052,9.168486334371801],[-79.63944255873052,9.165623437629632],[-79.6389654092735,9.162760540887462],[-79.63968113345904,9.157034747403124],[-79.63991970818755,9.15393327593244],[-79.64135115655863,9.147253183534044],[-79.64158973128714,9.140334516407133],[-79.6423054554727,9.137471619664964],[-79.6423054554727,9.134131573465766],[-79.6408740071016,9.128167205252913],[-79.63968113345904,9.12339571068263],[-79.63872683454498,9.119578515026403],[-79.6356253630743,9.114807020456121],[-79.63443248943172,9.11122839952841],[-79.63276246633212,9.107649778600695],[-79.63109244323252,9.102639709301899],[-79.63037671904698,9.099299663102702],[-79.6289452706759,9.095243892717962],[-79.6275138223048,9.091903846518763],[-79.62655952339075,9.089279524505107],[-79.62512807501967,9.084985179391852],[-79.62465092556265,9.082122282649683],[-79.62488950029116,9.078782236450484],[-79.62608237393373,9.074249316608716],[-79.62417377610561,9.069477822038435],[-79.62345805192005,9.06566062638221],[-79.62298090246303,9.061366281268954],[-79.6205951551779,9.057310510884214],[-79.61940228153532,9.053731889956502],[-79.61844798262126,9.05015326902879],[-79.61701653425018,9.047290372286621],[-79.61653938479314,9.043950326087423],[-79.61558508587909,9.041564578802282],[-79.61343791332247,9.038224532603083],[-79.61224503967989,9.036554509503484],[-79.61176789022286,9.031305865476174],[-79.61152931549435,9.02772724454846],[-79.61176789022286,9.021762876335607],[-79.60985929239475,9.013412760837609],[-79.60854713138792,9.009953427274153],[-79.60628067146702,9.00840269153881],[-79.59983915379713,9.001722599140415],[-79.59888485488308,8.997666828755674],[-79.59793055596903,8.990748161628764],[-79.59435193504132,8.982159471402255],[-79.59339763612726,8.9761951031894],[-79.59101188884212,8.967844987691405],[-79.59053473938509,8.959017722736384],[-79.5907733141136,8.95019045778136],[-79.59125046357063,8.941601767554852],[-79.59125046357063,8.936591698256056],[-79.59220476248468,8.931343054228744],[-79.5924433372132,8.926094410201433],[-79.59315906139874,8.913449949590182],[-79.59506765922686,8.904861259363674],[-79.59649910759794,8.899851190064878],[-79.59745340651199,8.894602546037566],[-79.59745340651199,8.892455373480939]]}},{"type":"Feature","properties":{"accuracy":"150000","activity_confidence":"1","average_dip":"(90,,)","catalog_id":"CA_241.0","catalog_name":"GEM_Central_Am_Carib","epistemic_quality":"1","exposure_quality":"2","name":"Rio Gatun Fault","notes":"Trace location modified from sources based on DEM","reference":"DEM; Rockwell et al., 2010a,b","slip_type":"Sinistral","strike_slip_rate":"None"},"geometry":{"type":"LineString","coordinates":[[-80.6202232676521,8.748236950094133],[-80.60734023231232,8.755394191949557],[-80.59732009371473,8.759688537062813],[-80.59565007061514,8.760881410705382],[-80.58348275946092,8.764937181090124],[-80.57346262086331,8.768515802017836],[-80.56010243606651,8.770901549302977],[-80.54602652708418,8.77686591751583],[-80.53743783685768,8.781875986814628],[-80.52813342244562,8.78664748138491],[-80.52145333004722,8.78951037812708],[-80.51047889253557,8.793088999054792],[-80.49616440882473,8.798814792539131],[-80.48208849984239,8.805017735480499],[-80.46610399303195,8.812413552064436],[-80.45727672807692,8.820763667562431],[-80.4484494631219,8.827443759960827],[-80.44630229056526,8.829590932517453],[-80.43628215196766,8.83746389855842],[-80.4269777375556,8.845098289870872],[-80.4217290935283,8.850824083355212],[-80.41576472531544,8.856311302111036],[-80.40860748346002,8.859651348310235],[-80.39524729866324,8.868001463808229],[-80.38737433262226,8.8708643605504],[-80.37544559619656,8.873250107835542],[-80.36399400922788,8.875158705663655],[-80.34633947931783,8.881361648605022],[-80.33918223746241,8.88470169480422],[-80.33107069669293,8.888041741003418],[-80.32152770755236,8.894244683944786],[-80.31103041949774,8.904264822542379],[-80.30721322384152,8.90712771928455],[-80.30101028090016,8.910944914940774],[-80.29194444121661,8.918102156796198],[-80.28287860153307,8.922873651366482],[-80.26808696836518,8.930508042678936],[-80.24900099008406,8.939096732905444],[-80.24088944931458,8.941482480190585],[-80.21178333243581,8.9433910780187],[-80.19484452671134,8.951264044059666],[-80.18554011229928,8.955319814444406],[-80.17886001990088,8.958659860643605],[-80.17194135277397,8.961045607928746],[-80.15881974270569,8.966055677227544],[-80.12875932691291,8.98084731039542],[-80.12374925761408,8.98538023023719],[-80.11229767064539,8.990151724807472],[-80.105617578247,8.992537472092613]]}},{"type":"Feature","properties":{"accuracy":"75000","activity_confidence":"1","average_dip":"(90,,)","catalog_id":"CA_242.0","catalog_name":"GEM_Central_Am_Carib","epistemic_quality":"1","exposure_quality":"1","name":"Rio Gatun Fault","notes":"Geometry modified from source based on SRTM30 data","reference":"DEM; Rockwell et al., 2010a, b","slip_type":"Sinistral","strike_slip_rate":"None"},"geometry":{"type":"LineString","coordinates":[[-79.86990574647503,9.215843417981848],[-79.86883216019672,9.217513441081447],[-79.86716213709711,9.218706314724018],[-79.865253539269,9.22025705045936],[-79.86429924035495,9.221688498830446],[-79.86310636671237,9.223477809294302],[-79.86239064252683,9.224193533479843],[-79.8608399067915,9.22478997030113],[-79.85916988369189,9.226102131307957],[-79.85821558477784,9.227056430222014],[-79.85773843532081,9.228130016500327],[-79.85738057322804,9.22884574068587],[-79.85630698694972,9.229919326964183],[-79.85427910175736,9.231589350063782],[-79.85201264183647,9.233140085799123],[-79.84962689455133,9.236241557269807],[-79.84795687145173,9.240774477111577],[-79.8441396757955,9.242325212846918],[-79.83340381301238,9.246023121138888],[-79.82433797332884,9.247931718967001],[-79.81670358201639,9.251271765166198],[-79.80787631706136,9.256520409193511],[-79.80095764993445,9.25819043229311],[-79.79308468389348,9.262723352134879],[-79.78950606296577,9.265824823605563],[-79.78234882111035,9.268210570890703],[-79.77447585506938,9.272743490732472],[-79.76946578577058,9.274652088560586],[-79.75968422190151,9.27775356003127],[-79.75157268113202,9.280377882044926],[-79.73988251943483,9.28347935351561],[-79.73415672595048,9.285626526072235],[-79.72365943789586,9.286819399714807],[-79.71554789712638,9.288250848085891],[-79.70695920689988,9.292783767927661],[-79.70600490798583,9.293499492113202],[-79.69932481558743,9.29731668776943],[-79.68930467698983,9.299463860326057],[-79.68572605606212,9.301849607611198],[-79.68143171094887,9.303996780167825],[-79.67666021637858,9.304951079081881],[-79.67045727343722,9.30662110218148],[-79.66783295142356,9.30948399892365],[-79.66425433049585,9.313062619851362],[-79.65781281282597,9.317834114421645],[-79.65423419189825,9.319981286978273],[-79.64850839841391,9.322844183720441],[-79.64230545547255,9.324275632091526],[-79.63276246633198,9.327615678290725],[-79.62989956958982,9.330001425575865],[-79.62441235083399,9.331671448675465],[-79.61820940789262,9.334057195960606],[-79.61248361440829,9.335727219060205],[-79.60914356820909,9.33715866743129],[-79.60723497038097,9.338112966345346],[-79.60508779782435,9.339544414716432],[-79.60150917689664,9.34121443781603],[-79.59482908449824,9.343838759829685],[-79.59101188884202,9.346224507114828],[-79.58671754372877,9.350518852228081],[-79.58480894590065,9.356483220440936],[-79.58123032497294,9.362209013925275],[-79.57550453148859,9.3693662557807],[-79.56906301381872,9.373183451436924],[-79.55952002467815,9.37747779655018],[-79.55307850700827,9.379147819649779],[-79.54377409259621,9.380817842749378],[-79.53327680454159,9.383442164763032],[-79.52444953958657,9.389406532975887],[-79.5163379988171,9.390837981346971],[-79.50846503277613,9.391315130804],[-79.49653629635043,9.39250800444657],[-79.49140693968737,9.394297314910427],[-79.48639687038857,9.395609475917254],[-79.48007464008295,9.395490188552998],[-79.47291739822752,9.397518073745367],[-79.46587944373636,9.39990382103051],[-79.45955721343073,9.40073883258031],[-79.4557400177745,9.402408855679907],[-79.4549050062247,9.40312457986545]]}},{"type":"Feature","properties":{"accuracy":"300000","activity_confidence":"1","catalog_id":"CA_243.0","catalog_name":"GEM_Central_Am_Carib","epistemic_quality":"2","exposure_quality":"2","name":"Rio Gatun Fault","notes":"Interpreted geometry (the whole fault segment is underwater)","reference":"DEM; Rockwell et al., 2010a,b","slip_type":"Sinistral","strike_slip_rate":"None"},"geometry":{"type":"LineString","coordinates":[[-80.07746576028237,9.031544440204677],[-80.0679227711418,9.040610279888213],[-80.04501959720444,9.055401913056091],[-80.01543633086868,9.073056442966136],[-79.97106143136506,9.09691391581755],[-79.95579264874014,9.122679986497078],[-79.95006685525581,9.131745826180614],[-79.94290961340039,9.155126149575],[-79.93241232534577,9.17230353002802],[-79.92382363511925,9.179460771883443],[-79.89948901281082,9.193298106137263],[-79.88326593127185,9.204749693105942],[-79.87324579267425,9.213815532789479]]}},{"type":"Feature","properties":{"accuracy":"500000","activity_confidence":"1","average_dip":"(60,40,70)","catalog_id":"CA_244.0","catalog_name":"GEM_Central_Am_Carib","dip_dir":"S","downthrown_side_dir":"S","epistemic_quality":"1","exposure_quality":"2","name":"Tela Fault","notes":"Good seismic profiles in Rogers and Mann 2007","reference":"Rogers and Mann, 2007","slip_type":"Normal"},"geometry":{"type":"LineString","coordinates":[[-86.8337985986305,16.133819195413626],[-86.78059590282501,16.15472025448007],[-86.75589465120103,16.16612083215267],[-86.69319147400171,16.192722180055416],[-86.67609060749281,16.20412275772802],[-86.63238839308116,16.206022854006786],[-86.59818666006335,16.21932352795816],[-86.57538550471813,16.230724105630763],[-86.54308386797909,16.2459248758609],[-86.51458242379758,16.261125646091042],[-86.49178126845237,16.278226512599947],[-86.44237876520441,16.29912757166639],[-86.40627693590784,16.310528149338992],[-86.37777549172633,16.316228438175298],[-86.35117414382358,16.314328341896527],[-86.30557183313316,16.320028630732832],[-86.27137010011535,16.33522940096297],[-86.24476875221261,16.34282978607804],[-86.2219675968674,16.348530074914343],[-86.1991664415222,16.346629978635573],[-86.15546422711054,16.348530074914343],[-86.13076297548656,16.36373084514448],[-86.11176201269889,16.38083171165339],[-86.08326056851737,16.38083171165339],[-86.03575816154819,16.37703151909585],[-85.96925479179133,16.365630941423248],[-85.92365248110092,16.365630941423248],[-85.8723498815742,16.388432096768458],[-85.83244785972008,16.413133348392435],[-85.79634603042349,16.434034407458874],[-85.76214429740568,16.441634792573943],[-85.71844208299403,16.462535851640386],[-85.7032413127639,16.48153681442806],[-85.69564092764882,16.49483748837943],[-85.69374083137006,16.534739510233546],[-85.67473986858239,16.567041146972592]]}},{"type":"Feature","properties":{"accuracy":"50000","activity_confidence":"1","average_dip":"(90,,)","catalog_id":"CA_245.0","catalog_name":"GEM_Central_Am_Carib","epistemic_quality":"1","exposure_quality":"2","name":"Flowers Bay Fault","notes":"Cox et al. map southwestern offshore portion as normal, but unclear why","reference":"Cox et al., 2008","slip_type":"Sinistral"},"geometry":{"type":"LineString","coordinates":[[-86.59697359374384,16.26556817708221],[-86.59046655222562,16.27030057091364],[-86.58289472209533,16.275151274590858],[-86.5772158494976,16.280593527497004],[-86.57331162458668,16.284142822870578],[-86.56408345661539,16.292069582538225],[-86.55686655602246,16.298931553593803],[-86.55177923265366,16.304255496654164],[-86.54811162743431,16.30910620033138],[-86.54089472684137,16.317861128919528],[-86.53805529054252,16.323540001517248],[-86.53355951640265,16.330047043035467],[-86.528945432417,16.33359633840904],[-86.52326655981929,16.33667239439947],[-86.52019050382886,16.338565351932044],[-86.5132102229275,16.34353436545505],[-86.50717642079242,16.348739998669622],[-86.50208909742364,16.3531174629637],[-86.49747501343798,16.359387884790344]]}},{"type":"Feature","properties":{"accuracy":"35000","activity_confidence":"2","average_dip":"(60,40,70)","catalog_id":"CA_246.0","catalog_name":"GEM_Central_Am_Carib","dip_dir":"W","downthrown_side_dir":"W","epistemic_quality":"2","exposure_quality":"1","name":"Sebaco Fault","notes":"Very clear scarp in topopgraphy data and a hanging-wall basin that looks to be actively subsiding (no erosion despite external drainage, river near fault). Nonetheless, no clear quaternary scarps observed.","reference":"DEM","slip_type":"Normal"},"geometry":{"type":"LineString","coordinates":[[-86.07657322574154,12.966758282805857],[-86.07636754993894,12.960999360333181],[-86.07636754993894,12.955034762057908],[-86.07533917092596,12.949481515387827],[-86.07472214351817,12.944339620322937],[-86.0736937645052,12.94002042846843],[-86.07245970968962,12.936523939824303],[-86.07184268228187,12.933438802785366],[-86.07204835808446,12.931073531055517],[-86.07204835808446,12.929222448832157],[-86.07235687178836,12.927577042411393],[-86.07256254759095,12.926034473891924],[-86.07307673709744,12.92397771586597],[-86.07317957499873,12.922229471543906],[-86.07379660240653,12.919555686110163],[-86.07369376450522,12.91739609018291],[-86.07307673709744,12.915236494255655],[-86.07317957499873,12.914002439440083],[-86.07266538549226,12.912768384624508],[-86.07194552018316,12.91081446449985],[-86.07194552018316,12.909477571782979],[-86.07215119598577,12.908552030671299],[-86.07225403388706,12.906906624250533],[-86.07266538549226,12.905775407336257],[-86.07287106129485,12.904541352520685],[-86.07317957499873,12.903204459803813],[-86.07348808870263,12.901559053383048],[-86.07420795401171,12.899707971159687],[-86.07451646771561,12.898371078442816],[-86.0749278193208,12.896931347824648],[-86.07523633302469,12.895285941403882],[-86.07575052253118,12.89405188658831],[-86.07636754993896,12.89209796646365],[-86.07708741524806,12.890452560042887],[-86.07780728055714,12.888704315720823],[-86.07852714586623,12.887058909300059],[-86.07883565957012,12.886133368188379],[-86.080172552287,12.884796475471507],[-86.08120093129997,12.883768096458528],[-86.08192079660905,12.882534041642955],[-86.08294917562203,12.880477283617],[-86.08366904093111,12.879243228801425],[-86.0841832304376,12.877803498183257],[-86.08480025784539,12.876775119170278],[-86.08552012315448,12.8757467401573],[-86.08603431266097,12.874101333736535],[-86.08644566426615,12.872353089414473],[-86.08747404327913,12.871427548302792],[-86.08809107068691,12.870399169289815],[-86.08829674648952,12.869576466079431]]}},{"type":"Feature","properties":{"accuracy":"100000","activity_confidence":"1","average_dip":"(75,50,90)","catalog_id":"CA_247.0","catalog_name":"GEM_Central_Am_Carib","dip_dir":"E","downthrown_side_dir":"E","epistemic_quality":"1","exposure_quality":"2","name":"Aeropuerto Fault","notes":"Most rapid slip probably sinistral. Hard to locate trace on DEM.","reference":"Cowen et al., 2002","slip_type":"Sinistral-Reverse","strike_slip_rate":"None","vert_sep_rate":"(0.6,0.3,0.9)"},"geometry":{"type":"LineString","coordinates":[[-86.18299314450019,12.171166167202157],[-86.1824857823464,12.1688323012947],[-86.18218136505412,12.167310214833314],[-86.18238430991565,12.164976348925858],[-86.18177547533108,12.163048372741436],[-86.18116664074654,12.15959831009563],[-86.18116664074654,12.15655413717286],[-86.18309461693096,12.14945106701973],[-86.18563142769993,12.143464193604947],[-86.1874579314536,12.1401156033899],[-86.19182124597623,12.13301253323677],[-86.194865418899,12.12783743926806],[-86.19872137126784,12.119212282653542],[-86.19993904043694,12.11545780271546],[-86.20217143391365,12.111906267638894],[-86.20511413440566,12.103484055885897],[-86.2099848110821,12.09577215114821],[-86.21729082609674,12.08461018376472],[-86.21992910929647,12.080551286534359],[-86.2247997859729,12.073042326658193],[-86.22784395889568,12.063909807889882],[-86.22865573834176,12.059647965798003],[-86.22743806917265,12.054980233983088],[-86.22662628972657,12.047268329245403]]}},{"type":"Feature","properties":{"accuracy":"50000","activity_confidence":"1","average_dip":"(80,70,90)","catalog_id":"CA_248.0","catalog_name":"GEM_Central_Am_Carib","dip_dir":"E","downthrown_side_dir":"E","epistemic_quality":"1","exposure_quality":"2","last_movement":"1972","name":"Tiscapa Fault","notes":"Source of the 1972 Managua Earthquake. Geology indicates mostly normal slip but '72 event was pure left lateral on a very steep plane.","reference":"Freundt et al., 2010; Brown et al., 1973","slip_type":"Sinistral-Normal","vert_sep_rate":"(4.,,)"},"geometry":{"type":"LineString","coordinates":[[-86.2854802995668,12.107948842839296],[-86.28507440984376,12.11160185034662],[-86.2832479060901,12.11667547188457],[-86.28243612664403,12.120531424253413],[-86.28162434719795,12.124184431760737],[-86.2787831191367,12.129460998160205],[-86.27573894621393,12.133925785113602],[-86.27228888356812,12.137984682343962],[-86.26741820689169,12.145899531943165],[-86.25848863298489,12.16112039655702],[-86.25280617686239,12.17045586018685],[-86.24225304406346,12.18993856689258],[-86.23697647766399,12.198056361353302],[-86.23129402154149,12.207797714706167],[-86.22723512431112,12.215509619443852],[-86.22317622708076,12.222003855012428],[-86.21992910929647,12.225250972796717]]}},{"type":"Feature","properties":{"accuracy":"50000","activity_confidence":"1","average_dip":"(80,70,90)","catalog_id":"CA_249.0","catalog_name":"GEM_Central_Am_Carib","dip_dir":"E","downthrown_side_dir":"E","epistemic_quality":"2","exposure_quality":"2","name":"Punta Huete Fault","reference":"DEM; Brown et al., 1973","slip_type":"Sinistral-Normal"},"geometry":{"type":"LineString","coordinates":[[-86.12982159078243,12.38172146102711],[-86.13225692912064,12.375836060043088],[-86.13266281884368,12.373400721704872],[-86.13367754315128,12.369747714197548],[-86.13469226745886,12.365688816967186],[-86.13550404690494,12.361021085152272],[-86.1361128814895,12.357165132783429],[-86.13712760579708,12.352700345830034],[-86.13753349552012,12.349453228045745],[-86.13935999927378,12.344176661646276],[-86.14362184136566,12.338494205523771],[-86.14646306942691,12.333826473708857],[-86.14950724234969,12.328549907309387],[-86.16026332001013,12.317590884787414],[-86.16351043779443,12.312720208110981],[-86.1722370668397,12.302167075312045],[-86.17812246782373,12.295875784604986],[-86.1846167033923,12.289584493897927],[-86.19445952917596,12.275987188176218],[-86.19963462314468,12.268173811007774],[-86.20318615822124,12.26249135488527]]}},{"type":"Feature","properties":{"accuracy":"60000","activity_confidence":"1","average_dip":"(90,,)","catalog_id":"CA_250.0","catalog_name":"GEM_Central_Am_Carib","epistemic_quality":"1","exposure_quality":"1","last_movement":"1910","name":"Aguacaliente Fault","notes":"paleoseismology suggests recurrence of ~500 years","reference":"Alonso-Henar 2013","slip_type":"Sinistral"},"geometry":{"type":"LineString","coordinates":[[-84.00767470144547,9.86822187984601],[-84.00128251940876,9.86225584327841],[-83.98743279166254,9.856715952179927],[-83.96399479086126,9.850110697408658],[-83.94907969944227,9.847979970063086],[-83.92713320778289,9.845423097248402],[-83.91498806191314,9.844996951779287],[-83.89346771572288,9.84478387904473]]}},{"type":"Feature","properties":{"accuracy":"100000","activity_confidence":"1","average_dip":"(65,50,80)","catalog_id":"CA_251.0","catalog_name":"GEM_Central_Am_Carib","dip_dir":"SW","downthrown_side_dir":"SW","epistemic_quality":"1","exposure_quality":"1","name":"Chiquero Fault","reference":"Montero et al. 2017","slip_type":"Normal-Dextral"},"geometry":{"type":"LineString","coordinates":[[-84.98924779936556,10.666536991884913],[-84.98741628757183,10.671665224907338],[-84.98814889228932,10.677892365005997],[-84.98998040408304,10.68521841218089],[-84.99144561351802,10.691811854638292],[-84.99400973002923,10.696573785301972],[-84.99840535833417,10.704632437194354],[-84.99913796305165,10.706097646629333],[-84.99840535833417,10.710493274934269],[-85.00243468428036,10.713789996162971],[-85.00646401022655,10.716720415032928],[-85.01085963853149,10.719650833902884],[-85.0134237550427,10.72404646220782],[-85.0141563597602,10.729174695230245],[-85.01562156919516,10.733936625893925],[-85.01891829042387,10.73906485891635],[-85.02368022108755,10.741628975427563],[-85.027343244675,10.74382678958003],[-85.03503559420864,10.747856115526222],[-85.0372334083611,10.750420232037435],[-85.03979752487231,10.757013674494837],[-85.04236164138352,10.76031039572354]]}},{"type":"Feature","properties":{"accuracy":"50000","activity_confidence":"1","average_dip":"(65,50,80)","catalog_id":"CA_252.0","catalog_name":"GEM_Central_Am_Carib","dip_dir":"W","downthrown_side_dir":"W","epistemic_quality":"1","exposure_quality":"2","name":"Chiripa Fault","reference":"Montero et al. 2017","slip_type":"Normal-Dextral"},"geometry":{"type":"LineString","coordinates":[[-84.97551146091264,10.682929022438735],[-84.97679351916825,10.681097510645012],[-84.97752612388574,10.678899696492543],[-84.97807557742387,10.676152428801958],[-84.97862503096198,10.672855707573257],[-84.97770927506511,10.670474742241417],[-84.97880818214135,10.667910625730205],[-84.97990708921758,10.66443075332213],[-84.9804565427557,10.661500334452173],[-84.98063969393507,10.65966882265845],[-84.97844187978261,10.65490689199477],[-84.97807557742387,10.653075380201047],[-84.97825872860324,10.650694414869205],[-84.97697667034763,10.648130298357994],[-84.9745957050158,10.641903158259334],[-84.96836856491714,10.638056983492516],[-84.96232457599785,10.635126564622558],[-84.95902785476915,10.632012994573229],[-84.95829525005166,10.6288994245239],[-84.9553648311817,10.626335308012687],[-84.95280071467049,10.623954342680847],[-84.95115235405613,10.620657621452146],[-84.95151865641489,10.617544051402817],[-84.95225126113237,10.612232667201019],[-84.9513355052355,10.605639224743616],[-84.95151865641489,10.60215935233554],[-84.9487713887243,10.593734398084415],[-84.94657357457183,10.589888223317596],[-84.9447420627781,10.586591502088893],[-84.94382630688125,10.581646420245841],[-84.94236109744627,10.576518187223417],[-84.93869807385882,10.566994325896056],[-84.93759916678259,10.563148151129237],[-84.93320353847766,10.557653615748068],[-84.92386282832966,10.547030847344477],[-84.91873459530724,10.541170009604562],[-84.91580417643728,10.532745055353436]]}},{"type":"Feature","properties":{"activity_confidence":"1","average_dip":"(60,50,75)","catalog_id":"CA_253.0","catalog_name":"GEM_Central_Am_Carib","dip_dir":"W","downthrown_side_dir":"W","epistemic_quality":"1","exposure_quality":"2","name":"Cote-Arenal Fault","reference":"Montero et al. 2017","slip_type":"Normal-Dextral"},"geometry":{"type":"LineString","coordinates":[[-84.96030991302476,10.68494368541183],[-84.95756264533418,10.680914359465639],[-84.9568300406167,10.678167091775054],[-84.95573113354045,10.67560297526384],[-84.9548153776436,10.672306254035139],[-84.95426592410547,10.669375835165182],[-84.95298386584987,10.666628567474598],[-84.95151865641489,10.663331846245896],[-84.94987029580054,10.660218276196566],[-84.94840508636555,10.657654159685354],[-84.94712302810996,10.655456345532887],[-84.94565781867497,10.652709077842301],[-84.94437576041938,10.649595507792972],[-84.94254424862565,10.646115635384898],[-84.94107903919067,10.642635762976823],[-84.9388812250382,10.63915589056875],[-84.93759916678259,10.635859169340048],[-84.9368665620651,10.631829843393858],[-84.93631710852699,10.628716273344528],[-84.9355845038095,10.62578585447457],[-84.93485189909201,10.62340488914273],[-84.93265408493954,10.617727202582188],[-84.93082257314582,10.615712539609094],[-84.93045627078708,10.611866364842275],[-84.92917421253146,10.6083864924342],[-84.92770900309648,10.60673813181985],[-84.92404597950905,10.60289195705303],[-84.92221446771532,10.60051099172119],[-84.92056610710097,10.595932212236882],[-84.91378951346421,10.59171973511132],[-84.90829497808303,10.585858897371406],[-84.90426565213684,10.581096966707726],[-84.90170153562563,10.5759687336853],[-84.8973059073207,10.57120680302162],[-84.89400918609199,10.567543779434175]]}},{"type":"Feature","properties":{"accuracy":"50000","activity_confidence":"1","average_dip":"(30,20,50)","catalog_id":"CA_254.0","catalog_name":"GEM_Central_Am_Carib","dip_dir":"S","downthrown_side_dir":"N","epistemic_quality":"1","exposure_quality":"2","name":"Upala Fault","notes":"Looks to me like the toe of a big landslide; it's in an otherwise transtensional zone.","reference":"Montero et al. 2017","slip_type":"Reverse"},"geometry":{"type":"LineString","coordinates":[[-85.0592115498858,10.808570731488144],[-85.05225180506966,10.804541405541952],[-85.046024664971,10.804541405541952],[-85.04272794374229,10.802343591389485],[-85.04199533902481,10.798314265443294],[-85.03979752487234,10.795383846573337],[-85.03650080364363,10.796849056008316],[-85.03357038477368,10.797581660725806],[-85.0321051753387,10.801244684313252],[-85.02990736118623,10.805640312618188],[-85.0249622793432,10.810951696819986],[-85.02258131401135,10.812416906254963],[-85.0176362321683,10.813332662151826],[-85.0143395109396,10.813515813331199],[-85.01195854560775,10.813332662151826],[-85.00737976612345,10.811684301537476],[-85.0064640102266,10.810951696819986],[-85.00096947484542,10.80582346379756],[-84.99803905597547,10.802526742568858],[-84.99657384654049,10.799779474878274],[-84.99492548592613,10.795566997752712],[-84.99474233474676,10.792636578882753],[-84.99327712531178,10.79007246237154],[-84.99126246233868,10.787325194680957],[-84.98924779936559,10.784944229349117]]}},{"type":"Feature","properties":{"accuracy":"50000","activity_confidence":"1","average_dip":"(90,)","catalog_id":"CA_255.0","catalog_name":"GEM_Central_Am_Carib","epistemic_quality":"1","exposure_quality":"1","name":"Haciendas Fault","reference":"Montero et al. 2017","slip_type":"Dextral"},"geometry":{"type":"LineString","coordinates":[[-85.20463358630742,10.923589672133966],[-85.21195963348231,10.926520091003923],[-85.21855307593971,10.931465172846975],[-85.22386446014151,10.936043952331284],[-85.2278937860877,10.93970697591873],[-85.23210626321327,10.944652057761783],[-85.23540298444198,10.949047686066718],[-85.23979861274691,10.95399276790977],[-85.24163012454062,10.957655791497217],[-85.24291218279623,10.960769361546546],[-85.24346163633435,10.964615536313365],[-85.24456054341059,10.967545955183322],[-85.2458426016662,10.970659525232652],[-85.24913932289489,10.977252967690054],[-85.25225289294423,10.981465444815617],[-85.25994524247785,10.991538759681095],[-85.26470717314155,10.996850143882893],[-85.26965225498459,11.00124577218783],[-85.27807720923572,11.007839214645232],[-85.28247283754065,11.010769633515189],[-85.28888312881868,11.01479895946138],[-85.29034833825366,11.018461983048827],[-85.29254615240613,11.022491308995017],[-85.29712493189044,11.027070088479325],[-85.30042165311914,11.031465716784261],[-85.30774770029403,11.03787600806229],[-85.31379168921332,11.043553694622831],[-85.32020198049135,11.049689259131805],[-85.32368185289943,11.053901736257368],[-85.3291763882806,11.059213120459166],[-85.335769830738,11.064707655840335],[-85.33851709842858,11.066356016454685],[-85.34218012201603,11.069652737683388],[-85.34804095975595,11.073315761270834],[-85.35225343688151,11.074964121885186],[-85.36177729820886,11.07844399429326],[-85.36470771707883,11.081008110804472],[-85.37240006661247,11.086502646185636],[-85.37734514845552,11.091264576849316],[-85.38320598619543,11.096942263409858],[-85.38870052157661,11.102986252329146],[-85.39566026639275,11.111228055400899],[-85.39987274351832,11.116356288423324],[-85.40426837182325,11.122033974983866]]}},{"type":"Feature","properties":{"accuracy":"50000","activity_confidence":"1","average_dip":"(30,10,50)","catalog_id":"CA_256.0","catalog_name":"GEM_Central_Am_Carib","dip_dir":"S","downthrown_side_dir":"N","epistemic_quality":"2","exposure_quality":"2","reference":"Montero et al. 2013","slip_type":"Reverse"},"geometry":{"type":"LineString","coordinates":[[-84.178930274318,9.966088991161637],[-84.17430387927631,9.96050541093891],[-84.16967748423463,9.956517139351249],[-84.1642534348754,9.951731213446052],[-84.16042469415125,9.944711855451768],[-84.15755313860814,9.938968744365534],[-84.15611736083657,9.933385164142807],[-84.1545220522015,9.926206275285015],[-84.15276721270294,9.922377534560859],[-84.15149096579488,9.919186917290729],[-84.14989565715982,9.915677238293586]]}},{"type":"Feature","properties":{"accuracy":"40000","activity_confidence":"1","average_dip":"(30,20,50)","catalog_id":"CA_257.0","catalog_name":"GEM_Central_Am_Carib","dip_dir":"S","downthrown_side_dir":"N","epistemic_quality":"2","exposure_quality":"2","reference":"Montero et al. 2013","slip_type":"Reverse"},"geometry":{"type":"LineString","coordinates":[[-84.1325414794162,9.926432133918329],[-84.12827306898441,9.925268021982385],[-84.1263328824245,9.92397456427578],[-84.12387531278196,9.922422415027855],[-84.12193512622206,9.919835499614646],[-84.12141774313942,9.917248584201436],[-84.12064166851545,9.914532323017566],[-84.11908951926752,9.910910641439074],[-84.1152091461477,9.90703026831926],[-84.11378634267045,9.905478119071335],[-84.11094073571591,9.903020549428787],[-84.10951793223865,9.898105410143689],[-84.10887120338535,9.896165223583782],[-84.10473213872422,9.893578308170573],[-84.10188653176968,9.893060925087932],[-84.09929961635648,9.893190270858593],[-84.09735942979657,9.892802233546611],[-84.0933497109061,9.890991392757364],[-84.09063344972222,9.88982728082142],[-84.08856391739165,9.888404477344155],[-84.08649438506109,9.88659363655491],[-84.081191208464,9.882195880352453],[-84.07938036767476,9.87818616146198],[-84.07744018111485,9.874952517195469],[-84.07278373337108,9.869649340598391],[-84.06955008910457,9.866545042102539],[-84.06437625827816,9.864604855542632],[-84.0619186886356,9.86382878091867]]}},{"type":"Feature","properties":{"accuracy":"50000","activity_confidence":"2","average_dip":"(50,45,70)","catalog_id":"CA_258.0","catalog_name":"GEM_Central_Am_Carib","dip_dir":"SW","downthrown_side_dir":"SW","epistemic_quality":"1","exposure_quality":"1","name":"Azul Fault","reference":"Montero et al., 2013","slip_type":"Dextral-Normal"},"geometry":{"type":"LineString","coordinates":[[-83.69897445616239,9.93820259904843],[-83.69522342881324,9.935745029405881],[-83.69017894375747,9.933158113992672],[-83.68267688905917,9.929924469726162],[-83.67789109554472,9.928242974707576],[-83.67103576969973,9.925138676211725],[-83.66819016274519,9.92087026577993],[-83.6632750234601,9.915437743412191],[-83.66017072496425,9.912462790687],[-83.65706642646839,9.909099800649829],[-83.65228063295396,9.905866156383317],[-83.64646007327424,9.900174942474257],[-83.64232100861311,9.893966345482555],[-83.6384406354933,9.887757748490854],[-83.63792325241064,9.880385039563208],[-83.63844063549328,9.873788405259523],[-83.63818194395196,9.859819062028194],[-83.64309708323707,9.851282241164604],[-83.64827091406349,9.844038878007618],[-83.6521512871833,9.828000002445723],[-83.65240997872462,9.819721873123454],[-83.64904698868745,9.80963290301194]]}},{"type":"Feature","properties":{"accuracy":"100000","activity_confidence":"1","average_dip":"(90,,)","catalog_id":"CA_259.0","catalog_name":"GEM_Central_Am_Carib","epistemic_quality":"2","exposure_quality":"2","name":"Kababeta Fault","reference":"Montero et al., 2013","slip_type":"Dextral"},"geometry":{"type":"LineString","coordinates":[[-83.6138649390678,9.91543774341219],[-83.61283017290252,9.901985783263502],[-83.6040346604976,9.877668778379338],[-83.58747840185306,9.861629902817443],[-83.55798756614249,9.845073644172905],[-83.53625747667152,9.825413087032516],[-83.52280551652284,9.805235146809485],[-83.51142308870472,9.79488748515665],[-83.49538421314283,9.775226928016261],[-83.48503655148998,9.768500947941918],[-83.47261935750659,9.756601137041155],[-83.45554571577941,9.738492729148692],[-83.43795469096959,9.72038432125623],[-83.42864179548204,9.702275913363767],[-83.41570721841599,9.674337226901109],[-83.3960466612756,9.649502838934303],[-83.37535133796993,9.621046769389004],[-83.35620816391219,9.59983406300069]]}},{"type":"Feature","properties":{"accuracy":"1000000","activity_confidence":"1","catalog_id":"CA_260.0","catalog_name":"GEM_Central_Am_Carib","epistemic_quality":"1","fs_name":"Swan Islands Transform","name":"Swan Islands Transform","reference":"Rogers and Mann, 2007","slip_type":"Sinistral_Transform","strike_slip_rate":"None"},"geometry":{"type":"LineString","coordinates":[[-85.72292101513543,16.973219022967584],[-85.56220686674284,17.04803422997793],[-85.24425019574284,17.198180435727924],[-85.12943250899285,17.268837473727924],[-84.85563648674285,17.357158771227923],[-84.66132963224285,17.43664793897792],[-84.48468703724286,17.502888912102918],[-84.33895689636786,17.551465625727918],[-84.07840906874287,17.591210209602917],[-83.85760582499287,17.600042339352914]]}},{"type":"Feature","properties":{"accuracy":"1000000","activity_confidence":"1","catalog_id":"CA_183.0","catalog_name":"GEM_Central_Am_Carib","epistemic_quality":"1","fs_name":"Swan Islands Transform","name":"Swan Islands Transform","reference":"Rogers and Mann, 2007","slip_type":"Sinistral_Transform"},"geometry":{"type":"LineString","coordinates":[[-83.6894587459903,17.36520293521586],[-83.6456347109929,17.383655160477925],[-83.4115832726179,17.436647938977924],[-83.12453905574291,17.489640717477922],[-82.93906433099292,17.54704956085292],[-82.78450206036791,17.59562627447792],[-82.52395423274292,17.657451182727918],[-82.35172770261792,17.706027896352918],[-82.15742084811794,17.763436739727915],[-81.99402644774294,17.781100999227917],[-81.75114287961794,17.847341972352915],[-81.61424486849295,17.900334750852913]]}},{"type":"Feature","properties":{"activity_confidence":"1","catalog_id":"CA_262.0","catalog_name":"GEM_Central_Am_Carib","dip_dir":"S","downthrown_side_dir":"N","name":"North Caribbean Megathrust (Puerto Rico trench)","net_slip_rate":"(16.5,16,17)","notes":"Little to no strain accumulation on the fault according to GPS (Symithe et al. 2015). Kinematics probably oblique.","reference":"Symithe et al., 2015","slip_type":"Reverse"},"geometry":{"type":"LineString","coordinates":[[-67.64168844662817,19.624064874284297],[-67.61014413871757,19.619426005473915],[-67.53507103584258,19.603969778411415],[-67.40038105715507,19.648130427161412],[-67.34076418134258,19.648130427161412],[-67.25906698115507,19.637090264973914],[-67.15087339171758,19.626050102786415],[-67.06696815909258,19.66800271909891],[-66.96539866696759,19.70333123809891],[-66.89253359653009,19.712163367848913],[-66.79096410440509,19.705539270536413],[-66.7203070664051,19.70333123809891],[-66.6430259310926,19.705539270536413],[-66.5745769255301,19.714371400286414],[-66.5017118550926,19.718787465161412],[-66.4465110441551,19.70112320566141],[-66.33169335740509,19.732035659786415],[-66.25220418965509,19.771780243661414],[-66.19479534628009,19.802692697786412],[-66.12855437315508,19.818148924848913],[-66.0358170107801,19.82698105459891],[-65.9452876808426,19.811524827536413],[-65.84813425359259,19.81373285997391],[-65.7266924695301,19.82035695728641],[-65.6692836261551,19.84243728166141],[-65.60083462059261,19.86230957359891],[-65.5345936474676,19.89101399528641],[-65.4352321877801,19.90205415747391],[-65.3601590849051,19.89984612503641],[-65.2872940144676,19.88880596284891],[-65.22326107378011,19.88218186553641],[-65.13052371140512,19.85347744384891],[-65.05324257609261,19.838021216786412],[-64.98258553809262,19.844645314098912],[-64.92738472715511,19.84906137897391],[-64.84458351074889,19.849061378973914],[-64.79711081334264,19.838021216786416],[-64.7474300834989,19.821460973505165],[-64.68670919146764,19.810420811317666],[-64.6215722345614,19.810420811317666],[-64.52773085596765,19.810420811317666],[-64.5045465153739,19.819252941067663],[-64.4515537368739,19.813732859973914],[-64.4162252178739,19.818148924848916],[-64.3588163744989,19.821460973505165],[-64.30471957978015,19.821460973505165],[-64.27049507699891,19.825877038380163],[-64.23958262287391,19.832501135692663],[-64.19763000656141,19.832501135692663],[-64.1424291956239,19.835813184348915],[-64.1048926441864,19.833605151911414],[-64.08391633603016,19.843541297880165],[-64.03865167106142,19.854581460067664],[-63.99117897365516,19.856789492505165],[-63.939290211373915,19.846853346536413],[-63.90175365993642,19.831397119473916],[-63.77589581099894,19.823669005942673],[-63.66549418912394,19.783924422067674],[-63.55950863212394,19.770676227442674],[-63.493267658998946,19.761844097692673],[-63.449107010248945,19.748595903067674],[-63.31662506399895,19.730931643567676],[-63.25480015574895,19.726515578692673],[-63.16647885824895,19.717683448942676],[-63.10907001487395,19.717683448942676],[-63.01191658762396,19.682354929942676]]}},{"type":"Feature","properties":{"accuracy":"1000000","activity_confidence":"1","average_dip":"(15,10,30)","catalog_id":"CA_nan","catalog_name":"GEM_Central_Am_Carib","dip_dir":"S","downthrown_side_dir":"N","epistemic_quality":"1","exposure_quality":"2","name":"North Panama Deformed Belt","notes":"Understudied structure.  Poorly mapped on low-resolution bathymetry.","slip_type":"Reverse"},"geometry":{"type":"LineString","coordinates":[[-83.11525006998713,9.983024249825718],[-83.04905756843695,9.992480321475744],[-82.99232113853681,10.009028446863288],[-82.95686086984921,10.0137564826883],[-82.88121229664901,10.001936393125769],[-82.85284408169893,9.983024249825718],[-82.81501979509883,9.961748088613161],[-82.75591934728617,9.945199963225617],[-82.73700720398612,9.92392380201306],[-82.71336702486106,9.867187372112909],[-82.68972684573599,9.838819157162835],[-82.68736282782349,9.824635049687796],[-82.64717452331088,9.786810763087695],[-82.5762539859357,9.763170583962632],[-82.51951755603554,9.722982279450026],[-82.49587737691049,9.708798171974987],[-82.44623300074785,9.654425759987342],[-82.38240451711017,9.614237455474735],[-82.32566808721002,9.571685133049622],[-82.2051031736722,9.512584685236964],[-82.11999852882198,9.460576291161825],[-82.00652566902167,9.425116022474231],[-81.94742522120902,9.370743610486585],[-81.81976825393367,9.306915126848915],[-81.72284351952092,9.306915126848915],[-81.65665101797074,9.304551108936408],[-81.59282253433307,9.273818876073827],[-81.5289940506954,9.314007180586435],[-81.51953797904538,9.36128753883656],[-81.51008190739535,9.418023968736712],[-81.48171369244527,9.481852452374381],[-81.46280154914523,9.507856649411952],[-81.35642074308245,9.585869240524657],[-81.30441234900732,9.670973885374885],[-81.26658806240722,9.727710315275036],[-81.21930770415709,9.777354691437669],[-81.1838474354695,9.84591121090035],[-81.15547922051942,9.867187372112907],[-81.10583484435679,9.893191569150478],[-81.04437037863163,9.914467730363034]]}}],"metadata":{"source":"GEM Global Active Faults","layer_id":"central-america","feature_count":259}}