{"type":"FeatureCollection","features":[{"type":"Feature","properties":{"catalog_id":"EAF_746","catalog_name":"Macgregor_AfricaFaults","slip_type":"Normal"},"geometry":{"type":"LineString","coordinates":[[35.9744599640001,3.83600523200005],[35.99845414,3.96338673900004],[35.9881709220001,4.00469542100006]]}},{"type":"Feature","properties":{"catalog_id":"EAF_747","catalog_name":"Macgregor_AfricaFaults","slip_type":"Normal"},"geometry":{"type":"LineString","coordinates":[[36.0293037950001,4.04600199],[36.019020577,4.15270069700006]]}},{"type":"Feature","properties":{"catalog_id":"EAF_748","catalog_name":"Macgregor_AfricaFaults","slip_type":"Normal"},"geometry":{"type":"LineString","coordinates":[[36.1218527600001,4.22841351400007],[36.0910031050001,4.14581734700005],[36.0978585840001,4.07698051800008]]}},{"type":"Feature","properties":{"catalog_id":"EAF_749","catalog_name":"Macgregor_AfricaFaults","slip_type":"Normal"},"geometry":{"type":"LineString","coordinates":[[36.0224483160001,4.31788262500004],[36.00188188,4.22153083900008]]}},{"type":"Feature","properties":{"catalog_id":"EAF_750","catalog_name":"Macgregor_AfricaFaults","slip_type":"Normal"},"geometry":{"type":"LineString","coordinates":[[35.9264716120001,4.34196864600005],[35.953893528,4.13549220700008]]}},{"type":"Feature","properties":{"catalog_id":"EAF_751","catalog_name":"Macgregor_AfricaFaults","slip_type":"Normal"},"geometry":{"type":"LineString","coordinates":[[35.9573212670001,3.96338673900004],[35.9744599640001,3.81190384400008]]}},{"type":"Feature","properties":{"catalog_id":"EAF_752","catalog_name":"Macgregor_AfricaFaults","slip_type":"Normal"},"geometry":{"type":"LineString","coordinates":[[35.9127606540001,3.71893497400009],[35.94018257,3.61562458500009]]}},{"type":"Feature","properties":{"catalog_id":"EAF_753","catalog_name":"Macgregor_AfricaFaults","slip_type":"Normal"},"geometry":{"type":"LineString","coordinates":[[36.077292147,3.87043459100005],[36.0875753660001,3.80846073300006],[36.1012863230001,3.75336906100006],[36.1012863230001,3.70171741900009],[36.1012863230001,3.67761227200009]]}},{"type":"Feature","properties":{"catalog_id":"EAF_754","catalog_name":"Macgregor_AfricaFaults","slip_type":"Normal"},"geometry":{"type":"LineString","coordinates":[[36.032731535,3.86010593200007],[36.0567257110001,3.76714231100004],[36.0704366680001,3.70171741900009]]}},{"type":"Feature","properties":{"catalog_id":"EAF_755","catalog_name":"Macgregor_AfricaFaults","slip_type":"Normal"},"geometry":{"type":"LineString","coordinates":[[36.049870232,3.62251231900007],[36.0910031050001,3.54330019500009]]}},{"type":"Feature","properties":{"catalog_id":"EAF_756","catalog_name":"Macgregor_AfricaFaults","slip_type":"Normal"},"geometry":{"type":"LineString","coordinates":[[35.9813154430001,3.61218069800009],[36.019020577,3.54674434400005]]}},{"type":"Feature","properties":{"catalog_id":"EAF_757","catalog_name":"Macgregor_AfricaFaults","slip_type":"Normal"},"geometry":{"type":"LineString","coordinates":[[36.2109739850001,3.15747619800004],[36.317233908,3.08167171200006]]}},{"type":"Feature","properties":{"catalog_id":"EAF_758","catalog_name":"Macgregor_AfricaFaults","slip_type":"Normal"},"geometry":{"type":"LineString","coordinates":[[36.3343726050001,3.03687557200004],[36.36865,2.99552361700006]]}},{"type":"Feature","properties":{"catalog_id":"EAF_759","catalog_name":"Macgregor_AfricaFaults","slip_type":"Normal"},"geometry":{"type":"LineString","coordinates":[[36.2682173250001,3.09584177100004],[36.3299166340001,2.90975573300005]]}},{"type":"Feature","properties":{"catalog_id":"EAF_760","catalog_name":"Macgregor_AfricaFaults","slip_type":"Normal"},"geometry":{"type":"LineString","coordinates":[[36.4474880070001,2.83354675700008],[36.5331814930001,2.72325141600004]]}},{"type":"Feature","properties":{"catalog_id":"EAF_761","catalog_name":"Macgregor_AfricaFaults","slip_type":"Normal"},"geometry":{"type":"LineString","coordinates":[[36.173268852,3.41241300600007],[36.2006907670001,3.35385232],[36.2006907670001,3.30562320100006]]}},{"type":"Feature","properties":{"catalog_id":"EAF_2836","catalog_name":"Macgregor_AfricaFaults","slip_type":"Normal"},"geometry":{"type":"LineString","coordinates":[[29.1715888570001,-4.77432762499996],[29.5006518440001,-5.21777113],[29.5597385770001,-5.27056544199991]]}},{"type":"Feature","properties":{"catalog_id":"EAF_2693","catalog_name":"Macgregor_AfricaFaults"},"geometry":{"type":"LineString","coordinates":[[41.033985482,-10.5329992039999],[40.9255347860001,-10.2504538299999],[40.8399158160001,-10.1147408959999],[40.799960297,-10.012918016],[40.7428809840001,-9.83181982899993]]}},{"type":"Feature","properties":{"catalog_id":"EAF_2693","catalog_name":"Macgregor_AfricaFaults"},"geometry":{"type":"LineString","coordinates":[[40.5773509750001,-9.57131549],[40.457484418,-9.25957758899995],[40.457484418,-9.11778530799995],[40.457484418,-8.99863564899994],[40.4007240880001,-8.86028972799994],[40.322571629,-8.19696616399995]]}},{"type":"Feature","properties":{"catalog_id":"EAF_2693","catalog_name":"Macgregor_AfricaFaults"},"geometry":{"type":"LineString","coordinates":[[40.589935305,-9.04433517899992],[40.5202716620001,-8.98161101099993],[40.457484418,-8.85106198699992]]}},{"type":"Feature","properties":{"catalog_id":"EAF_2693","catalog_name":"Macgregor_AfricaFaults"},"geometry":{"type":"LineString","coordinates":[[40.6063884550001,-10.1995174289999],[40.5446891450001,-9.93862849299995],[40.470649973,-9.5999746399999],[40.451454632,-9.53397163099993],[40.4343159350001,-9.45910720699993],[40.3307982040001,-9.00344435799991]]}},{"type":"Feature","properties":{"catalog_id":"EAF_2693","catalog_name":"Macgregor_AfricaFaults"},"geometry":{"type":"LineString","coordinates":[[40.440360624,-10.1939138839999],[40.3319099280001,-9.89408376099993],[40.2006275080001,-9.65628506199994],[40.160671989,-9.5259895699999],[40.160671989,-9.45798926799995],[40.1093006070001,-9.32761735899993],[40.115008538,-9.18585277799991],[40.0978847440001,-9.06672607],[40.023681637,-8.94755930699995],[39.9437705980001,-8.84538487299994],[39.8809833540001,-8.77157433799994]]}},{"type":"Feature","properties":{"catalog_id":"EAF_2693","catalog_name":"Macgregor_AfricaFaults"},"geometry":{"type":"LineString","coordinates":[[40.3637045020001,-8.63112515199992],[40.1786065730001,-8.32398801899996],[40.1292471250001,-8.22565213399992]]}},{"type":"Feature","properties":{"catalog_id":"EAF_2693","catalog_name":"Macgregor_AfricaFaults"},"geometry":{"type":"LineString","coordinates":[[40.4500835360001,-8.0944992099999],[40.3020051930001,-7.09308491599995]]}},{"type":"Feature","properties":{"catalog_id":"EAF_2693","catalog_name":"Macgregor_AfricaFaults"},"geometry":{"type":"LineString","coordinates":[[40.9272248660001,-10.175068199],[40.7585800860001,-9.53056906299992],[40.7133339250001,-9.33043802199995],[40.589935305,-9.04842400199993]]}},{"type":"Feature","properties":{"catalog_id":"EAF_2693","catalog_name":"Macgregor_AfricaFaults"},"geometry":{"type":"LineString","coordinates":[[41.2028151170001,-10.2076667499999],[41.0794164970001,-9.4979026599999],[41.0465101990001,-9.35903535399996],[41.0259437620001,-9.22011183099994]]}},{"type":"Feature","properties":{"catalog_id":"EAF_2693","catalog_name":"Macgregor_AfricaFaults"},"geometry":{"type":"LineString","coordinates":[[40.4212905250001,-9.40396920299992],[40.293778618,-9.25689113099992],[40.2595012240001,-9.18332864899992],[40.2073995840001,-9.11383876299993],[40.1333604120001,-9.05660150799991],[40.1004541140001,-9.02389035499993]]}},{"type":"Feature","properties":{"catalog_id":"EAF_769","catalog_name":"Macgregor_AfricaFaults","slip_type":"Normal"},"geometry":{"type":"LineString","coordinates":[[36.6360136760001,2.73359204600007],[36.629158197,2.82320701500009]]}},{"type":"Feature","properties":{"catalog_id":"EAF_771","catalog_name":"Macgregor_AfricaFaults","slip_type":"Normal"},"geometry":{"type":"LineString","coordinates":[[35.8771253670001,-3.59088423599991],[35.9876905310001,-3.29459989599991],[36.0061180580001,-3.16494691299994],[36.0245455850001,-3.03527748799991],[36.0245455850001,-2.93647111499996]]}},{"type":"Feature","properties":{"catalog_id":"EAF_1494","catalog_name":"Macgregor_AfricaFaults","slip_type":"Strike-Slip"},"geometry":{"type":"LineString","coordinates":[[34.418043702,27.7442947120001],[35.1035915890001,29.8277062540001],[35.4541550500001,31.224163665],[35.6598194160001,33.078655579],[35.796928994,33.6309570640001],[35.9203276140001,33.8943447130001],[36.331656346,34.4640991640001]]}},{"type":"Feature","properties":{"catalog_id":"EAF_1495","catalog_name":"Macgregor_AfricaFaults"},"geometry":{"type":"LineString","coordinates":[[38.1200022960001,22.121650721],[37.880060535,21.0959400520001]]}},{"type":"Feature","properties":{"catalog_id":"EAF_1495","catalog_name":"Macgregor_AfricaFaults"},"geometry":{"type":"LineString","coordinates":[[37.84578314,22.472521504],[37.0231256750001,23.5197107480001],[36.508964759,24.213211711]]}},{"type":"Feature","properties":{"catalog_id":"EAF_1495","catalog_name":"Macgregor_AfricaFaults"},"geometry":{"type":"LineString","coordinates":[[37.9828927180001,23.0130087690001],[37.7429509570001,21.897907461]]}},{"type":"Feature","properties":{"catalog_id":"EAF_1495","catalog_name":"Macgregor_AfricaFaults"},"geometry":{"type":"LineString","coordinates":[[36.6803517310001,24.8403752620001],[36.371855182,23.9929602190001]]}},{"type":"Feature","properties":{"catalog_id":"EAF_1495","catalog_name":"Macgregor_AfricaFaults"},"geometry":{"type":"LineString","coordinates":[[36.4404099700001,25.059130295],[35.960526449,23.5513147230001]]}},{"type":"Feature","properties":{"catalog_id":"EAF_1495","catalog_name":"Macgregor_AfricaFaults"},"geometry":{"type":"LineString","coordinates":[[36.166190815,25.4643422070001],[34.8636498290001,26.9177567350001],[34.418043702,27.5306060490001]]}},{"type":"Feature","properties":{"catalog_id":"EAF_1495","catalog_name":"Macgregor_AfricaFaults"},"geometry":{"type":"LineString","coordinates":[[36.2004682100001,25.5265608540001],[35.8919716600001,24.0874006080001]]}},{"type":"Feature","properties":{"catalog_id":"EAF_84","catalog_name":"Macgregor_AfricaFaults","slip_type":"Normal"},"geometry":{"type":"LineString","coordinates":[[37.459011177,5.45716983100004],[37.4987456870001,5.55885781800009],[37.5842365660001,5.76074653200004]]}},{"type":"Feature","properties":{"catalog_id":"EAF_84","catalog_name":"Macgregor_AfricaFaults","slip_type":"Normal"},"geometry":{"type":"LineString","coordinates":[[37.9067426430001,5.50891974800004],[37.9217591240001,5.63906258300005],[37.931770111,5.83928233],[37.936775605,5.98944714],[37.9467865920001,6.07954602600006]]}},{"type":"Feature","properties":{"catalog_id":"EAF_84","catalog_name":"Macgregor_AfricaFaults","slip_type":"Normal"},"geometry":{"type":"LineString","coordinates":[[37.7870268990001,5.65059346100008],[37.7691878420001,5.54578899700005],[37.7323947850001,5.42872018100007],[37.6766477300001,5.27039854400005]]}},{"type":"Feature","properties":{"catalog_id":"EAF_84","catalog_name":"Macgregor_AfricaFaults","slip_type":"Normal"},"geometry":{"type":"LineString","coordinates":[[37.3906671570001,5.70269830600006],[37.3880354490001,5.74733023700009],[37.3975270170001,5.79989892200007],[37.4092089470001,5.84370615800009],[37.4384137710001,5.89116399800008],[37.4823122720001,5.92587077300004],[37.5196515140001,5.96943322300007],[37.5412974430001,5.99468680700005],[37.5669149990001,6.02550619100009]]}},{"type":"Feature","properties":{"catalog_id":"EAF_84","catalog_name":"Macgregor_AfricaFaults","slip_type":"Normal"},"geometry":{"type":"LineString","coordinates":[[37.4520377520001,5.70666305100008],[37.430253168,5.60209704700009],[37.3779701660001,5.46267570900005]]}},{"type":"Feature","properties":{"catalog_id":"EAF_84","catalog_name":"Macgregor_AfricaFaults","slip_type":"Normal"},"geometry":{"type":"LineString","coordinates":[[37.6420845550001,5.79999557],[37.6298202030001,5.74870827900008],[37.5751880890001,5.57700734800005]]}},{"type":"Feature","properties":{"catalog_id":"EAF_84","catalog_name":"Macgregor_AfricaFaults","slip_type":"Normal"},"geometry":{"type":"LineString","coordinates":[[37.7633292720001,6.00560712400005],[37.748411574,5.97581525],[37.7320467170001,5.94359693900009],[37.7156818600001,5.92672068],[37.6880661650001,5.90319619900009],[37.6667326340001,5.86200079500009],[37.6242454980001,5.81114498100004],[37.6144409390001,5.80284881600005]]}},{"type":"Feature","properties":{"catalog_id":"EAF_84","catalog_name":"Macgregor_AfricaFaults","slip_type":"Normal"},"geometry":{"type":"LineString","coordinates":[[37.5508523460001,6.02725848100005],[37.5566933110001,6.06887535600009],[37.5639945170001,6.09881030100007],[37.586628256,6.12801512500005],[37.602690909,6.13969705500006]]}},{"type":"Feature","properties":{"catalog_id":"EAF_84","catalog_name":"Macgregor_AfricaFaults","slip_type":"Normal"},"geometry":{"type":"LineString","coordinates":[[38.0418909720001,6.08455152],[38.0300928010001,6.36409519700004],[38.1067820760001,6.46817349800006],[38.18347135,6.67085229400004]]}},{"type":"Feature","properties":{"catalog_id":"EAF_84","catalog_name":"Macgregor_AfricaFaults","slip_type":"Normal"},"geometry":{"type":"LineString","coordinates":[[38.0980418710001,6.19374983300008],[38.0980418710001,6.02855110900009],[38.092141917,5.74535329800005],[38.092141917,5.76305316100007]]}},{"type":"Feature","properties":{"catalog_id":"EAF_84","catalog_name":"Macgregor_AfricaFaults","slip_type":"Normal"},"geometry":{"type":"LineString","coordinates":[[37.706308375,6.20442984],[37.7383666950001,6.27728965700004],[37.7217005690001,6.34827628900007],[37.7268925380001,6.43004979800008],[37.7615349,6.49244231],[37.8384942960001,6.59846719700005]]}},{"type":"Feature","properties":{"catalog_id":"EAF_84","catalog_name":"Macgregor_AfricaFaults","slip_type":"Normal"},"geometry":{"type":"LineString","coordinates":[[37.9799317250001,6.78954115700009],[37.9698145390001,6.76398195],[37.9575674180001,6.72244823700004],[37.9474502320001,6.70434379800008],[37.924228552,6.65983807500004],[37.8952633420001,6.62231613800009],[37.8687563170001,6.58797856900009],[37.8469715430001,6.55366105100006],[37.823691366,6.51486075500009]]}},{"type":"Feature","properties":{"catalog_id":"EAF_84","catalog_name":"Macgregor_AfricaFaults","slip_type":"Normal"},"geometry":{"type":"LineString","coordinates":[[38.2885657790001,6.83946142100007],[38.2754950290001,6.75232308500006],[38.240639694,6.58676024600004]]}},{"type":"Feature","properties":{"catalog_id":"EAF_84","catalog_name":"Macgregor_AfricaFaults","slip_type":"Normal"},"geometry":{"type":"LineString","coordinates":[[38.562944906,6.91110891400007],[38.5271432810001,6.81997750400006],[38.4587947240001,6.70280854900005],[38.4197384050001,6.64747876500007],[38.3676633140001,6.54983796900007],[38.2765319050001,6.41314085500005],[38.195164575,6.2959719],[38.1593629500001,6.23738742300009]]}},{"type":"Feature","properties":{"catalog_id":"EAF_84","catalog_name":"Macgregor_AfricaFaults","slip_type":"Normal"},"geometry":{"type":"LineString","coordinates":[[38.4157271830001,6.98058254300008],[38.4028322720001,6.95156899400007],[38.3963848170001,6.89354189500006],[38.3673712680001,6.85485716300008],[38.3351339910001,6.82584361400006],[38.3125678970001,6.78071142600004],[38.2932255310001,6.67110468500005]]}},{"type":"Feature","properties":{"catalog_id":"EAF_84","catalog_name":"Macgregor_AfricaFaults","slip_type":"Normal"},"geometry":{"type":"LineString","coordinates":[[38.0176427910001,7.32138104300009],[38.012562405,7.20889561],[38.0023167190001,7.15303816100004],[37.9812347930001,7.07134569800007],[37.964883511,6.94786662],[37.9397632590001,6.78141628700007],[37.929379322,6.72819860700008],[37.896929517,6.66978895800008],[37.8670756960001,6.61786927],[37.8497886540001,6.58744266400009],[37.835461002,6.55501692500007],[37.8271660460001,6.54483675200004],[37.8181170030001,6.52259118700005]]}},{"type":"Feature","properties":{"catalog_id":"EAF_86","catalog_name":"Macgregor_AfricaFaults","slip_type":"Normal"},"geometry":{"type":"LineString","coordinates":[[38.4872729150001,7.11791764600008],[38.503093887,7.19306726200006],[38.511004373,7.35523222200004]]}},{"type":"Feature","properties":{"catalog_id":"EAF_86","catalog_name":"Macgregor_AfricaFaults","slip_type":"Normal"},"geometry":{"type":"LineString","coordinates":[[38.351252629,7.26427057900008],[38.3286865350001,7.23848075700005],[38.3286865350001,7.16755874800009],[38.341787804,7.09614029400007],[38.3433992810001,7.09771686400006]]}},{"type":"Feature","properties":{"catalog_id":"EAF_86","catalog_name":"Macgregor_AfricaFaults","slip_type":"Normal"},"geometry":{"type":"LineString","coordinates":[[38.38067234,7.28984429300004],[38.38067234,7.37105319400007],[38.38067234,7.48575523900007],[38.3919636410001,7.58594588],[38.4299725880001,7.75545774300008],[38.4907370350001,7.84457893200005]]}},{"type":"Feature","properties":{"catalog_id":"EAF_86","catalog_name":"Macgregor_AfricaFaults","slip_type":"Normal"},"geometry":{"type":"LineString","coordinates":[[38.4318995140001,7.36314270800005],[38.4239890280001,7.27217212],[38.392347085,7.14560434700007]]}},{"type":"Feature","properties":{"catalog_id":"EAF_86","catalog_name":"Macgregor_AfricaFaults","slip_type":"Normal"},"geometry":{"type":"LineString","coordinates":[[38.736225237,7.39317816500005],[38.835541069,7.48776467200008],[38.878104997,7.56343387700008],[38.878104997,7.64856173300007],[38.8572414010001,7.70615749500007],[39.005142145,7.87049165400009],[39.3064214360001,8.20463777800006]]}},{"type":"Feature","properties":{"catalog_id":"EAF_86","catalog_name":"Macgregor_AfricaFaults","slip_type":"Normal"},"geometry":{"type":"LineString","coordinates":[[37.9138205010001,7.44348087],[37.9542605190001,7.51166690400004],[38.0275409130001,7.58994237600007],[38.0521961920001,7.61627825600004],[38.086745733,7.72799678700005],[38.1075223880001,7.78954616900006],[38.1279328300001,7.85001067300004],[38.2202139770001,7.93714936200007],[38.3171931240001,8.06672701200006],[38.3372150980001,8.19686984800006],[38.417302997,8.30699070800006],[38.482374415,8.41711156900004],[38.5074018830001,8.50220496100007],[38.5674678070001,8.57728736700005]]}},{"type":"Feature","properties":{"catalog_id":"EAF_86","catalog_name":"Macgregor_AfricaFaults","slip_type":"Normal"},"geometry":{"type":"LineString","coordinates":[[38.850985253,7.45627002300006],[38.826575054,7.40582227900006],[38.767990577,7.32445494900008],[38.5857277580001,7.15195621]]}},{"type":"Feature","properties":{"catalog_id":"EAF_86","catalog_name":"Macgregor_AfricaFaults","slip_type":"Normal"},"geometry":{"type":"LineString","coordinates":[[38.1269262960001,7.57981209900004],[38.1269262960001,7.52801511100006],[38.1269262960001,7.46067902700008],[38.1010278020001,7.38816324400005],[38.090668404,7.32600685900007],[38.069949609,7.07738131700006],[38.075129308,7.07738131700006]]}},{"type":"Feature","properties":{"catalog_id":"EAF_86","catalog_name":"Macgregor_AfricaFaults","slip_type":"Normal"},"geometry":{"type":"LineString","coordinates":[[38.6819423170001,7.59773054400006],[38.7078153320001,7.71157180700004],[38.7129899340001,7.77366704100007]]}},{"type":"Feature","properties":{"catalog_id":"EAF_86","catalog_name":"Macgregor_AfricaFaults","slip_type":"Normal"},"geometry":{"type":"LineString","coordinates":[[38.2875496500001,7.60207919500004],[38.254682819,7.48156747800004],[38.2492050130001,7.26793307200006]]}},{"type":"Feature","properties":{"catalog_id":"EAF_86","catalog_name":"Macgregor_AfricaFaults","slip_type":"Normal"},"geometry":{"type":"LineString","coordinates":[[38.833356672,7.75471175800004],[38.8630209940001,7.78437608],[38.9085062880001,7.83183899600004]]}},{"type":"Feature","properties":{"catalog_id":"EAF_86","catalog_name":"Macgregor_AfricaFaults","slip_type":"Normal"},"geometry":{"type":"LineString","coordinates":[[38.5426463160001,7.88721239700004],[38.577873331,7.90883629100006],[38.6510450220001,7.97604012200009],[38.7042034870001,8.01590897],[38.7016721320001,8.01401045400007]]}},{"type":"Feature","properties":{"catalog_id":"EAF_86","catalog_name":"Macgregor_AfricaFaults","slip_type":"Normal"},"geometry":{"type":"LineString","coordinates":[[38.4318458210001,7.89289747700008],[38.5253339240001,8.01217540200008]]}},{"type":"Feature","properties":{"catalog_id":"EAF_86","catalog_name":"Macgregor_AfricaFaults","slip_type":"Normal"},"geometry":{"type":"LineString","coordinates":[[38.9863269830001,7.94770084800007],[39.1120523630001,8.14112450900006]]}},{"type":"Feature","properties":{"catalog_id":"EAF_86","catalog_name":"Macgregor_AfricaFaults","slip_type":"Normal"},"geometry":{"type":"LineString","coordinates":[[38.961370871,7.98582575800009],[38.8889264310001,7.89268290700005]]}},{"type":"Feature","properties":{"catalog_id":"EAF_86","catalog_name":"Macgregor_AfricaFaults","slip_type":"Normal"},"geometry":{"type":"LineString","coordinates":[[38.4439105860001,8.07379400600007],[38.5986830730001,8.23294878500008],[38.7166770050001,8.39150587100005]]}},{"type":"Feature","properties":{"catalog_id":"EAF_86","catalog_name":"Macgregor_AfricaFaults","slip_type":"Normal"},"geometry":{"type":"LineString","coordinates":[[38.9924184880001,8.08931781500007],[39.0648629280001,8.20315907800006],[39.101085148,8.28595272300004]]}},{"type":"Feature","properties":{"catalog_id":"EAF_86","catalog_name":"Macgregor_AfricaFaults","slip_type":"Normal"},"geometry":{"type":"LineString","coordinates":[[39.291327218,8.10068801900007],[39.3660456980001,8.15591472200009],[39.4927422530001,8.28261127600007],[39.7266435830001,8.44829138500006]]}},{"type":"Feature","properties":{"catalog_id":"EAF_86","catalog_name":"Macgregor_AfricaFaults","slip_type":"Normal"},"geometry":{"type":"LineString","coordinates":[[38.6994152190001,8.18948042400007],[38.622045755,8.08309741100004],[38.5188864690001,7.93158220900006],[38.3738187230001,7.73171109300006]]}},{"type":"Feature","properties":{"catalog_id":"EAF_86","catalog_name":"Macgregor_AfricaFaults","slip_type":"Normal"},"geometry":{"type":"LineString","coordinates":[[39.126958163,8.33252414900005],[39.1631803830001,8.41531779500008],[39.1994026030001,8.50846064600006]]}},{"type":"Feature","properties":{"catalog_id":"EAF_86","catalog_name":"Macgregor_AfricaFaults","slip_type":"Normal"},"geometry":{"type":"LineString","coordinates":[[39.0700375310001,8.34804795800005],[39.101085148,8.43084160300009],[39.1321327650001,8.53950826300007]]}},{"type":"Feature","properties":{"catalog_id":"EAF_86","catalog_name":"Macgregor_AfricaFaults","slip_type":"Normal"},"geometry":{"type":"LineString","coordinates":[[39.3725429580001,8.46778316300009],[39.3692943280001,8.40281057100009],[39.375791587,8.31184894200004],[39.3855374760001,8.23388183200007],[39.3822888460001,8.23713046100005]]}},{"type":"Feature","properties":{"catalog_id":"EAF_86","catalog_name":"Macgregor_AfricaFaults","slip_type":"Normal"},"geometry":{"type":"LineString","coordinates":[[39.547968956,8.52950712500007],[39.538223067,8.46778316300009],[39.5414716960001,8.37357290400007],[39.547968956,8.37682153400004]]}},{"type":"Feature","properties":{"catalog_id":"EAF_86","catalog_name":"Macgregor_AfricaFaults","slip_type":"Normal"},"geometry":{"type":"LineString","coordinates":[[39.2133601080001,8.55874479100004],[39.2620895510001,8.63346327200009],[39.3140676250001,8.69843586400009]]}},{"type":"Feature","properties":{"catalog_id":"EAF_87","catalog_name":"Macgregor_AfricaFaults","slip_type":"Normal"},"geometry":{"type":"LineString","coordinates":[[39.0692888560001,8.37571997700007],[39.134584986,8.55991531100005],[39.1781157400001,8.67363804900009]]}},{"type":"Feature","properties":{"catalog_id":"EAF_88","catalog_name":"Macgregor_AfricaFaults","slip_type":"Normal"},"geometry":{"type":"LineString","coordinates":[[39.1400263310001,8.34320569100004],[39.2107638050001,8.52741675700008],[39.259735903,8.65739406800009]]}},{"type":"Feature","properties":{"catalog_id":"EAF_89","catalog_name":"Macgregor_AfricaFaults","slip_type":"Normal"},"geometry":{"type":"LineString","coordinates":[[40.0060257280001,8.46453453300006],[40.0742469500001,8.53275575400005],[40.15546269,8.61722012400008],[40.246424318,8.69518723400006],[40.3603621980001,8.77040052400008],[40.4739053520001,8.88352268700004],[40.623975338,9.02274113200008],[40.7532105350001,9.14674674800006],[40.8949849730001,9.26733200500007]]}},{"type":"Feature","properties":{"catalog_id":"EAF_89","catalog_name":"Macgregor_AfricaFaults","slip_type":"Normal"},"geometry":{"type":"LineString","coordinates":[[39.918312729,8.49377219900009],[39.9865339510001,8.54899890200005],[40.0515065430001,8.60747423500004],[40.145716801,8.69843586400009],[40.2334298,8.77965160400004],[40.3016510210001,8.86086734300005]]}},{"type":"Feature","properties":{"catalog_id":"EAF_89","catalog_name":"Macgregor_AfricaFaults","slip_type":"Normal"},"geometry":{"type":"LineString","coordinates":[[39.8450002920001,8.54003772],[39.9118154700001,8.59447971700007],[39.9865339510001,8.66919819700007],[40.028722036,8.71560509200009],[40.0995605290001,8.79940069800006],[40.1099818750001,8.81213789900005]]}},{"type":"Feature","properties":{"catalog_id":"EAF_89","catalog_name":"Macgregor_AfricaFaults","slip_type":"Normal"},"geometry":{"type":"LineString","coordinates":[[39.7623785090001,8.58473382800008],[39.8208538410001,8.64970642],[39.885826433,8.72117627100005],[39.9930312100001,8.82188378800009]]}},{"type":"Feature","properties":{"catalog_id":"EAF_89","catalog_name":"Macgregor_AfricaFaults","slip_type":"Normal"},"geometry":{"type":"LineString","coordinates":[[39.6941572870001,8.71467901200009],[39.7266435830001,8.76990571500005],[39.7753730270001,8.84787282500008],[39.8403456190001,8.92583993500006]]}},{"type":"Feature","properties":{"catalog_id":"EAF_89","catalog_name":"Macgregor_AfricaFaults","slip_type":"Normal"},"geometry":{"type":"LineString","coordinates":[[39.4473200420001,8.78264631800005],[39.508570868,8.83100223300005],[39.5537030550001,8.88258187600007],[39.5794928770001,8.95672761300006],[39.6629463100001,9.01435259100009],[39.7461353610001,9.09476867400008]]}},{"type":"Feature","properties":{"catalog_id":"EAF_89","catalog_name":"Macgregor_AfricaFaults","slip_type":"Normal"},"geometry":{"type":"LineString","coordinates":[[40.0287661350001,8.87061323200004],[40.0774955790001,8.89660226900008],[40.1327222820001,8.93558582400004],[40.161959949,8.97781800900009],[40.1911976150001,9.03954197100006],[40.213938022,9.09476867400008],[40.213938022,9.09152004400005]]}},{"type":"Feature","properties":{"catalog_id":"EAF_89","catalog_name":"Macgregor_AfricaFaults","slip_type":"Normal"},"geometry":{"type":"LineString","coordinates":[[40.0417606540001,8.95507760200007],[40.064501061,9.00380704500009],[40.0904900980001,9.08177415600005],[40.122976394,9.15974126600008],[40.122976394,9.15324400700007]]}},{"type":"Feature","properties":{"catalog_id":"EAF_89","catalog_name":"Macgregor_AfricaFaults","slip_type":"Normal"},"geometry":{"type":"LineString","coordinates":[[39.7981134340001,8.99730978600007],[39.83384836,9.05578511900006],[39.924809988,9.14024948800005],[39.9280586180001,9.14024948800005]]}},{"type":"Feature","properties":{"catalog_id":"EAF_89","catalog_name":"Macgregor_AfricaFaults","slip_type":"Normal"},"geometry":{"type":"LineString","coordinates":[[39.428486589,9.09246866800004],[39.5415085720001,9.23374614700009],[39.6639490540001,9.41269762100006]]}},{"type":"Feature","properties":{"catalog_id":"EAF_89","catalog_name":"Macgregor_AfricaFaults","slip_type":"Normal"},"geometry":{"type":"LineString","coordinates":[[40.327640058,9.13375222900004],[40.3568777240001,9.18897893200005],[40.402358539,9.26044878300007],[40.4380934640001,9.32217274600009]]}},{"type":"Feature","properties":{"catalog_id":"EAF_89","catalog_name":"Macgregor_AfricaFaults","slip_type":"Normal"},"geometry":{"type":"LineString","coordinates":[[39.7298922130001,9.14999537700004],[39.8078593230001,9.20197345100007],[39.869583285,9.27669193100007],[39.9215613590001,9.36440493],[39.9605449140001,9.47810696600004],[39.9637935440001,9.48460422500006]]}},{"type":"Feature","properties":{"catalog_id":"EAF_89","catalog_name":"Macgregor_AfricaFaults","slip_type":"Normal"},"geometry":{"type":"LineString","coordinates":[[40.1424681710001,9.20522208],[40.171705838,9.25720015400009],[40.2236839110001,9.31892411600006],[40.2529215770001,9.39364259700005],[40.2594188370001,9.40013985600007]]}},{"type":"Feature","properties":{"catalog_id":"EAF_89","catalog_name":"Macgregor_AfricaFaults","slip_type":"Normal"},"geometry":{"type":"LineString","coordinates":[[40.3243914280001,9.37739944900005],[40.360126354,9.48785285500009],[40.3731208720001,9.57231722400007],[40.39261265,9.66003022300009],[40.39261265,9.66652748200005]]}},{"type":"Feature","properties":{"catalog_id":"EAF_89","catalog_name":"Macgregor_AfricaFaults","slip_type":"Normal"},"geometry":{"type":"LineString","coordinates":[[40.4705797600001,9.40013985600007],[40.5160605740001,9.4488693],[40.558292759,9.55282544700009],[40.5842817960001,9.63404118700004],[40.5875304250001,9.63404118700004]]}},{"type":"Feature","properties":{"catalog_id":"EAF_89","catalog_name":"Macgregor_AfricaFaults","slip_type":"Normal"},"geometry":{"type":"LineString","coordinates":[[39.734112882,9.43624670800006],[39.7587634850001,9.61214255100009],[39.7985091410001,9.90583114200007],[39.833428714,10.1645628090001],[39.866533991,10.401029076],[39.8977844140001,10.5586331040001]]}},{"type":"Feature","properties":{"catalog_id":"EAF_89","catalog_name":"Macgregor_AfricaFaults","slip_type":"Normal"},"geometry":{"type":"LineString","coordinates":[[40.6374140200001,9.63960769800008],[40.7320005270001,9.70581825200009],[40.8123990570001,9.75784083100007],[40.9731961180001,9.91390856700008]]}},{"type":"Feature","properties":{"catalog_id":"EAF_89","catalog_name":"Macgregor_AfricaFaults","slip_type":"Normal"},"geometry":{"type":"LineString","coordinates":[[40.5097222360001,9.80513408400009],[40.5759327910001,9.84296868700005],[40.703624575,9.98484844700005],[40.7603764790001,10.1314575320001],[40.7603764790001,10.126728207]]}},{"type":"Feature","properties":{"catalog_id":"EAF_89","catalog_name":"Macgregor_AfricaFaults","slip_type":"Normal"},"geometry":{"type":"LineString","coordinates":[[40.2236839110001,9.86794251700007],[40.3016510210001,9.94915825700008],[40.3308886880001,10.0108822190001],[40.3373859470001,10.0108822190001]]}},{"type":"Feature","properties":{"catalog_id":"EAF_89","catalog_name":"Macgregor_AfricaFaults","slip_type":"Normal"},"geometry":{"type":"LineString","coordinates":[[40.5097222360001,9.88553261500005],[40.538098188,10.0226830490001],[40.6941659240001,10.159833484],[40.6941659240001,10.1645628090001]]}},{"type":"Feature","properties":{"catalog_id":"EAF_89","catalog_name":"Macgregor_AfricaFaults","slip_type":"Normal"},"geometry":{"type":"LineString","coordinates":[[40.3958612790001,9.93941236800009],[40.327640058,9.83545622100007],[40.2691647250001,9.75424048100007],[40.2724133550001,9.75424048100007]]}},{"type":"Feature","properties":{"catalog_id":"EAF_89","catalog_name":"Macgregor_AfricaFaults","slip_type":"Normal"},"geometry":{"type":"LineString","coordinates":[[40.213938022,10.0173794790001],[40.187948986,9.95240688700005],[40.145716801,9.86469388800009],[40.0385120240001,9.767235],[40.0450092830001,9.77048362900007]]}},{"type":"Feature","properties":{"catalog_id":"EAF_90","catalog_name":"Macgregor_AfricaFaults","slip_type":"Normal"},"geometry":{"type":"LineString","coordinates":[[39.3037442770001,9.11465258600009],[39.0578193590001,8.89237429500008],[38.9159395990001,8.81670509],[38.788247815,8.71738925800008]]}},{"type":"Feature","properties":{"catalog_id":"EAF_91","catalog_name":"Macgregor_AfricaFaults","slip_type":"Normal"},"geometry":{"type":"LineString","coordinates":[[39.734112882,9.43624670800006],[39.7587634850001,9.61214255100009],[39.7985091410001,9.90583114200007],[39.833428714,10.1645628090001],[39.866533991,10.401029076],[39.8977844140001,10.5586331040001]]}},{"type":"Feature","properties":{"catalog_id":"EAF_91","catalog_name":"Macgregor_AfricaFaults","slip_type":"Normal"},"geometry":{"type":"LineString","coordinates":[[40.8644216360001,10.2496906650001],[40.897526913,10.334818521],[40.9117148890001,10.4152170520001],[40.954278817,10.5050742330001],[40.9921134200001,10.576014113],[41.0394066730001,10.6043900650001]]}},{"type":"Feature","properties":{"catalog_id":"EAF_91","catalog_name":"Macgregor_AfricaFaults","slip_type":"Normal"},"geometry":{"type":"LineString","coordinates":[[40.3867597770001,10.2733372920001],[40.3110905720001,10.3442771720001],[40.263797319,10.4388636790001],[40.263797319,10.5381795110001],[40.315819897,10.6043900650001],[40.372571801,10.7888337530001],[40.3438898950001,10.9776693590001],[40.348906905,11.1382136730001],[40.348906905,11.2335368590001]]}},{"type":"Feature","properties":{"catalog_id":"EAF_91","catalog_name":"Macgregor_AfricaFaults","slip_type":"Normal"},"geometry":{"type":"LineString","coordinates":[[41.020489372,10.367923799],[41.0866999260001,10.4956155830001],[41.1056172280001,10.5712847880001]]}},{"type":"Feature","properties":{"catalog_id":"EAF_91","catalog_name":"Macgregor_AfricaFaults","slip_type":"Normal"},"geometry":{"type":"LineString","coordinates":[[40.5640164200001,10.4001263850001],[40.57751849,10.4743877710001],[40.5707674550001,10.5587757100001],[40.5505143500001,10.6465391660001],[40.4830039990001,10.778184351]]}},{"type":"Feature","properties":{"catalog_id":"EAF_91","catalog_name":"Macgregor_AfricaFaults","slip_type":"Normal"},"geometry":{"type":"LineString","coordinates":[[41.4461286520001,10.4435930040001],[41.493421905,10.5050742330001],[41.5170685320001,10.59966074],[41.5596324590001,10.6469539930001],[41.6258430140001,10.7037058970001],[41.7298881710001,10.7888337530001]]}},{"type":"Feature","properties":{"catalog_id":"EAF_91","catalog_name":"Macgregor_AfricaFaults","slip_type":"Normal"},"geometry":{"type":"LineString","coordinates":[[41.2995195660001,10.4625103050001],[41.261684964,10.4104877270001],[41.238038337,10.3395478470001],[41.219121036,10.259149316],[41.195474409,10.2071267370001]]}},{"type":"Feature","properties":{"catalog_id":"EAF_91","catalog_name":"Macgregor_AfricaFaults","slip_type":"Normal"},"geometry":{"type":"LineString","coordinates":[[40.93063219,10.6280366920001],[40.897526913,10.533450185],[40.8407750090001,10.4199463770001],[40.7840231050001,10.3206305450001],[40.788752431,10.3206305450001]]}},{"type":"Feature","properties":{"catalog_id":"EAF_91","catalog_name":"Macgregor_AfricaFaults","slip_type":"Normal"},"geometry":{"type":"LineString","coordinates":[[41.0394066730001,10.7604578010001],[41.0819706010001,10.8692322840001],[41.1434518300001,10.982736092],[41.238038337,11.0584052970001]]}},{"type":"Feature","properties":{"catalog_id":"EAF_91","catalog_name":"Macgregor_AfricaFaults","slip_type":"Normal"},"geometry":{"type":"LineString","coordinates":[[40.5977715960001,10.8018129740001],[40.628151254,10.886200913],[40.6922860870001,10.973964369],[40.7395433330001,11.0684788600001],[40.786800579,11.1899974920001]]}},{"type":"Feature","properties":{"catalog_id":"EAF_91","catalog_name":"Macgregor_AfricaFaults","slip_type":"Normal"},"geometry":{"type":"LineString","coordinates":[[41.5192878880001,11.0009685090001],[41.4855327120001,10.9435847110001],[41.458528572,10.8659478070001],[41.4146468430001,10.7714333160001]]}},{"type":"Feature","properties":{"catalog_id":"EAF_91","catalog_name":"Macgregor_AfricaFaults","slip_type":"Normal"},"geometry":{"type":"LineString","coordinates":[[41.3231661930001,11.082051924],[41.3231661930001,10.9874654170001],[41.3042488920001,10.8928789100001],[41.238038337,10.7557284760001],[41.152910481,10.6564126440001],[41.1245345290001,10.6280366920001],[41.119805204,10.6280366920001]]}},{"type":"Feature","properties":{"catalog_id":"EAF_91","catalog_name":"Macgregor_AfricaFaults","slip_type":"Normal"},"geometry":{"type":"LineString","coordinates":[[41.6373126170001,11.1533176870001],[41.635301665,11.039487996],[41.602196387,10.9354428380001],[41.5501738090001,10.8645029580001],[41.493421905,10.7888337530001],[41.4792339290001,10.7415405],[41.436670001,10.665871295],[41.3562714700001,10.5570968120001]]}},{"type":"Feature","properties":{"catalog_id":"EAF_91","catalog_name":"Macgregor_AfricaFaults","slip_type":"Normal"},"geometry":{"type":"LineString","coordinates":[[41.5734779590001,11.2384305630001],[41.6620162580001,11.1203794990001],[41.7899049110001,11.0416787890001],[41.9866566850001,10.9728156680001],[42.33097229,10.913790136]]}},{"type":"Feature","properties":{"catalog_id":"EAF_91","catalog_name":"Macgregor_AfricaFaults","slip_type":"Normal"},"geometry":{"type":"LineString","coordinates":[[40.3840259740001,11.2887239670001],[40.3840259740001,11.3388940660001],[40.394059993,11.4241832330001],[40.4141280320001,11.479370341],[40.4191450420001,11.479370341]]}},{"type":"Feature","properties":{"catalog_id":"EAF_91","catalog_name":"Macgregor_AfricaFaults","slip_type":"Normal"},"geometry":{"type":"LineString","coordinates":[[40.8880661050001,11.433034756],[40.874564035,11.3520223350001],[40.874564035,11.274385431],[40.874564035,11.1933730100001],[40.9049436930001,11.0651033430001],[40.911694728,11.0043440270001]]}},{"type":"Feature","properties":{"catalog_id":"EAF_91","catalog_name":"Macgregor_AfricaFaults","slip_type":"Normal"},"geometry":{"type":"LineString","coordinates":[[41.6784181660001,11.4532035460001],[41.6270429520001,11.6587044],[41.567105203,11.7700173630001]]}},{"type":"Feature","properties":{"catalog_id":"EAF_91","catalog_name":"Macgregor_AfricaFaults","slip_type":"Normal"},"geometry":{"type":"LineString","coordinates":[[40.861061965,11.5511778700001],[40.8475598950001,11.4634144140001],[40.827306789,11.3452713],[40.8171802370001,11.2473812910001]]}},{"type":"Feature","properties":{"catalog_id":"EAF_91","catalog_name":"Macgregor_AfricaFaults","slip_type":"Normal"},"geometry":{"type":"LineString","coordinates":[[41.823981271,11.6244542580001],[42.3034832650001,11.2048900130001],[42.3034832650001,11.2134525490001]]}},{"type":"Feature","properties":{"catalog_id":"EAF_91","catalog_name":"Macgregor_AfricaFaults","slip_type":"Normal"},"geometry":{"type":"LineString","coordinates":[[39.7150787050001,11.6812046840001],[39.6592186870001,11.5835981960001],[39.647435005,11.4854008450001],[39.7227793320001,11.2153924920001],[39.7581340400001,10.9855868880001],[39.7951834830001,10.778110009],[39.827597143,10.6820989530001],[39.9380991630001,10.4877157600001],[39.934171269,10.4877157600001]]}},{"type":"Feature","properties":{"catalog_id":"EAF_91","catalog_name":"Macgregor_AfricaFaults","slip_type":"Normal"},"geometry":{"type":"LineString","coordinates":[[39.9525631290001,11.715169802],[40.0629373450001,11.4994383800001]]}},{"type":"Feature","properties":{"catalog_id":"EAF_91","catalog_name":"Macgregor_AfricaFaults","slip_type":"Normal"},"geometry":{"type":"LineString","coordinates":[[41.5157299890001,12.0697061100001],[41.6869807020001,11.9070179330001],[41.952419305,11.6330167940001]]}},{"type":"Feature","properties":{"catalog_id":"EAF_91","catalog_name":"Macgregor_AfricaFaults","slip_type":"Normal"},"geometry":{"type":"LineString","coordinates":[[40.6585822100001,12.2418646120001],[40.7274453310001,12.1336511360001],[40.786470863,12.0254376600001],[40.8356588060001,11.887711418],[40.9438722820001,11.7598227650001],[41.1012737010001,11.6024213460001],[41.268512709,11.553233402],[41.4160765400001,11.4155071600001],[41.406238951,11.4155071600001]]}},{"type":"Feature","properties":{"catalog_id":"EAF_91","catalog_name":"Macgregor_AfricaFaults","slip_type":"Normal"},"geometry":{"type":"LineString","coordinates":[[39.7392970430001,13.085912077],[39.6639490540001,12.9352160990001],[39.6451120570001,12.8127756170001],[39.6356935580001,12.6714981380001],[39.579182566,12.5113836620001],[39.560345569,12.3983616780001],[39.579182566,12.2570841990001],[39.6451120570001,12.0310402330001],[39.701623048,11.795577768],[39.720460045,11.6354632920001],[39.7581340400001,11.4941858120001],[39.7487155410001,11.4941858120001]]}},{"type":"Feature","properties":{"catalog_id":"EAF_93","catalog_name":"Macgregor_AfricaFaults","slip_type":"Normal"},"geometry":{"type":"LineString","coordinates":[[29.8162579310001,-10.8681632319999],[29.6081777240001,-11.1192945179999],[29.2278932060001,-11.564155652],[29.2278932060001,-11.5569804719999]]}},{"type":"Feature","properties":{"catalog_id":"EAF_93","catalog_name":"Macgregor_AfricaFaults","slip_type":"Normal"},"geometry":{"type":"LineString","coordinates":[[28.3070784930001,-9.68425860199994],[28.4553655380001,-9.55032191599992],[28.618002941,-9.42595213699991],[28.742372721,-9.28723199799992],[28.938494296,-9.08154351699994],[29.0389468100001,-8.93325647199993],[29.168100043,-8.67495000699995],[29.2446352910001,-8.49796224399995]]}},{"type":"Feature","properties":{"catalog_id":"EAF_93","catalog_name":"Macgregor_AfricaFaults","slip_type":"Normal"},"geometry":{"type":"LineString","coordinates":[[25.921537018,-9.41973899699991],[26.001185745,-9.32560868199994],[26.1025568530001,-9.15545003699992],[26.1749647880001,-9.03597694499996],[26.171344391,-9.03597694499996]]}},{"type":"Feature","properties":{"catalog_id":"EAF_93","catalog_name":"Macgregor_AfricaFaults","slip_type":"Normal"},"geometry":{"type":"LineString","coordinates":[[25.401234022,-9.38343305499995],[25.7504920270001,-9.06666416599995],[25.9048153320001,-8.87172946499993]]}},{"type":"Feature","properties":{"catalog_id":"EAF_93","catalog_name":"Macgregor_AfricaFaults","slip_type":"Normal"},"geometry":{"type":"LineString","coordinates":[[26.311706889,-8.95898963299993],[26.155842293,-9.23774746899994],[26.155842293,-9.23175267699992]]}},{"type":"Feature","properties":{"catalog_id":"EAF_93","catalog_name":"Macgregor_AfricaFaults","slip_type":"Normal"},"geometry":{"type":"LineString","coordinates":[[25.958014151,-8.87206514699994],[25.958014151,-8.82710420599994],[25.9819933200001,-8.76415888799994],[26.0479360340001,-8.71919794699994],[26.1468501050001,-8.69521877799991]]}},{"type":"Feature","properties":{"catalog_id":"EAF_93","catalog_name":"Macgregor_AfricaFaults","slip_type":"Normal"},"geometry":{"type":"LineString","coordinates":[[26.4699433740001,-8.71812930499993],[26.5644730920001,-8.61126962399993],[26.6877727240001,-8.50851993099991],[26.7946324040001,-8.41810020099996],[26.9056020730001,-8.29891055599995],[27.0453416560001,-8.13862103499991],[27.176861263,-7.98655148899991],[27.3371507850001,-7.82626196799993],[27.3330407970001,-7.82626196799993]]}},{"type":"Feature","properties":{"catalog_id":"EAF_93","catalog_name":"Macgregor_AfricaFaults","slip_type":"Normal"},"geometry":{"type":"LineString","coordinates":[[26.6054517050001,-8.62927606399995],[26.3506730380001,-9.03692193199993],[26.353670434,-9.03392453599992]]}},{"type":"Feature","properties":{"catalog_id":"EAF_93","catalog_name":"Macgregor_AfricaFaults","slip_type":"Normal"},"geometry":{"type":"LineString","coordinates":[[26.1972173830001,-8.60369425199991],[26.2215842200001,-8.46561550599995],[26.3271738500001,-8.27880308399995],[26.4083966420001,-8.19758029299993],[26.5383531090001,-8.14884661699995],[26.6439427380001,-8.09199066299993],[26.7820214850001,-8.05137926699996],[26.9038556730001,-7.95391191699991],[27.0581789770001,-7.80771089099994]]}},{"type":"Feature","properties":{"catalog_id":"EAF_93","catalog_name":"Macgregor_AfricaFaults","slip_type":"Normal"},"geometry":{"type":"LineString","coordinates":[[29.7158054170001,-8.4596946199999],[29.4861996710001,-8.85672122299991],[29.318778814,-9.10067732899995],[29.318778814,-9.09589387599993]]}},{"type":"Feature","properties":{"catalog_id":"EAF_93","catalog_name":"Macgregor_AfricaFaults","slip_type":"Normal"},"geometry":{"type":"LineString","coordinates":[[29.0532971690001,-8.21573851399995],[28.99111228,-8.36402555899991],[28.8523921410001,-8.54101332199991],[28.5701684110001,-8.86628812899994],[28.4123144600001,-9.05284279799992],[28.1683583540001,-9.28723199799992],[28.173141807,-9.28244854499991]]}},{"type":"Feature","properties":{"catalog_id":"EAF_93","catalog_name":"Macgregor_AfricaFaults","slip_type":"Normal"},"geometry":{"type":"LineString","coordinates":[[29.6381727610001,-8.45904310699996],[29.4610396,-8.70246283599994]]}},{"type":"Feature","properties":{"catalog_id":"EAF_94","catalog_name":"Macgregor_AfricaFaults","slip_type":"Normal"},"geometry":{"type":"LineString","coordinates":[[26.7976404550001,-17.8375104179999],[26.958919086,-17.6238499899999],[27.230530822,-17.3245683219999],[27.6493867560001,-16.9284403659999],[28.1902698540001,-16.5295325799999],[28.908154085,-15.988298476]]}},{"type":"Feature","properties":{"catalog_id":"EAF_94","catalog_name":"Macgregor_AfricaFaults","slip_type":"Normal"},"geometry":{"type":"LineString","coordinates":[[28.644541281,-15.8981094179999],[28.8882040440001,-15.8205803569999],[29.1429423870001,-15.7762780369999],[29.3423028300001,-15.6876733949999],[29.6302679130001,-15.5879931739999],[29.873930676,-15.3554059909999],[30.1729713400001,-15.0895920679999],[30.3169538820001,-14.8791560449999]]}},{"type":"Feature","properties":{"catalog_id":"EAF_94","catalog_name":"Macgregor_AfricaFaults","slip_type":"Normal"},"geometry":{"type":"LineString","coordinates":[[29.7643077720001,-15.636735234],[30.0896353040001,-15.6308201879999],[30.560616645,-15.6433710749999],[31.1143956530001,-15.6655222349999],[31.3469828360001,-15.6212199149999],[31.5574188580001,-15.6212199149999],[31.823232782,-15.6101443339999],[32.1222734460001,-15.5879931739999],[32.365936209,-15.5547664339999],[32.631750132,-15.5547664339999],[32.853261735,-15.5547664339999]]}},{"type":"Feature","properties":{"catalog_id":"EAF_94","catalog_name":"Macgregor_AfricaFaults","slip_type":"Normal"},"geometry":{"type":"LineString","coordinates":[[30.3169538820001,-14.690871183],[30.4055585230001,-14.4361328389999],[30.5938433860001,-14.1813944959999],[30.8928840500001,-13.8823538319999],[31.0922444920001,-13.5611620079999],[31.1476223930001,-13.3174992449999],[31.2916049350001,-13.029534161],[31.4355874770001,-12.7858713979999],[31.5241921180001,-12.3649993519999],[31.6460234990001,-11.9441273069999],[31.6460234990001,-11.9330517269999]]}},{"type":"Feature","properties":{"catalog_id":"EAF_94","catalog_name":"Macgregor_AfricaFaults","slip_type":"Normal"},"geometry":{"type":"LineString","coordinates":[[32.5985233920001,-11.0691564759999],[32.509918751,-11.2574413379999],[32.3437850480001,-11.5121796809999],[32.1111978650001,-11.7226157039999],[31.7789304610001,-12.0659586879999]]}},{"type":"Feature","properties":{"catalog_id":"EAF_96","catalog_name":"Macgregor_AfricaFaults","slip_type":"Normal"},"geometry":{"type":"LineString","coordinates":[[33.5831776580001,-8.87300295299991],[33.5861334730001,-8.77868760599995],[33.632058128,-8.69736166799993],[33.6621541870001,-8.64385756199994],[33.6980300850001,-8.5075291499999],[33.7475396350001,-8.42555211499996],[33.820008138,-8.37120073799991],[33.886724729,-8.30002798799995],[33.982391755,-8.26637895699992],[34.052477061,-8.23416515099996],[34.1900417370001,-8.15617021499992],[34.3203749620001,-8.05434738299994],[34.4507081870001,-7.90772250499992],[34.52809354,-7.81811841299992],[34.6092778910001,-7.71108421699995],[34.6953800460001,-7.6536827799999],[34.8388836380001,-7.57475580499994],[34.9729836870001,-7.52111578499995],[35.1331197790001,-7.44410316199992],[35.2980951310001,-7.35950041699994]]}},{"type":"Feature","properties":{"catalog_id":"EAF_96","catalog_name":"Macgregor_AfricaFaults","slip_type":"Normal"},"geometry":{"type":"LineString","coordinates":[[35.2550440540001,-7.25904790299995],[35.4128980040001,-7.22317200499992],[35.5348760570001,-7.17294574799996],[35.6855548290001,-7.12271949099994]]}},{"type":"Feature","properties":{"catalog_id":"EAF_96","catalog_name":"Macgregor_AfricaFaults","slip_type":"Normal"},"geometry":{"type":"LineString","coordinates":[[35.4559490820001,-7.05096769499994],[35.5420512370001,-7.00074143799992],[35.728605906,-6.95051518099996],[35.8362336,-6.84288748799992],[35.965386832,-6.69220871599993],[36.0156130890001,-6.63480728]]}},{"type":"Feature","properties":{"catalog_id":"EAF_97","catalog_name":"Macgregor_AfricaFaults","slip_type":"Normal"},"geometry":{"type":"LineString","coordinates":[[30.7508225550001,1.35866612900008],[30.9123072460001,1.50279492500005],[31.1196175540001,1.69001342100006],[31.322469051,1.85786521900008],[31.4216804270001,1.94342891800005]]}},{"type":"Feature","properties":{"catalog_id":"EAF_98","catalog_name":"Macgregor_AfricaFaults","slip_type":"Normal"},"geometry":{"type":"LineString","coordinates":[[30.6043676680001,1.57832888],[30.8358608770001,1.83504751500004],[31.086251491,2.02993885700005],[31.2705011880001,2.15351629700007],[31.3933343190001,2.30084530700009],[31.5019943970001,2.43865527600008]]}},{"type":"Feature","properties":{"catalog_id":"EAF_99","catalog_name":"Macgregor_AfricaFaults","slip_type":"Normal"},"geometry":{"type":"LineString","coordinates":[[31.851596386,2.19629076600006],[31.6578979870001,2.00141960600007],[31.530340504,1.89209121300007],[31.407507373,1.79226352800009],[31.2846742420001,1.72570865500006],[31.171289813,1.64013464700008],[31.086251491,1.53553917700009],[31.0248349250001,1.47373030200009],[30.968142711,1.43569320200004],[30.8925530920001,1.40241021300005]]}},{"type":"Feature","properties":{"catalog_id":"EAF_100","catalog_name":"Macgregor_AfricaFaults","slip_type":"Normal"},"geometry":{"type":"LineString","coordinates":[[30.599389515,1.01190641100004],[30.6657842340001,1.08191970800004],[30.7413738530001,1.16751442200007],[30.7697199600001,1.25310649600004],[30.793341716,1.30541138],[30.850033931,1.39099879200006],[30.8925530920001,1.46231924],[30.9445209550001,1.50511041400006]]}},{"type":"Feature","properties":{"catalog_id":"EAF_101","catalog_name":"Macgregor_AfricaFaults","slip_type":"Normal"},"geometry":{"type":"LineString","coordinates":[[30.5335024,1.58118149500007],[30.4012205660001,1.48609221800007],[30.3161822440001,1.43379133],[30.3161822440001,1.40526306],[30.3161822440001,1.35296031900009],[30.292560488,1.28639154700005],[30.2594900300001,1.22933119600009],[30.2405926250001,1.20080055300008]]}},{"type":"Feature","properties":{"catalog_id":"EAF_102","catalog_name":"Macgregor_AfricaFaults","slip_type":"Normal"},"geometry":{"type":"LineString","coordinates":[[29.5697347540001,0.558794889000069],[29.6453243730001,0.687204324000049],[29.6925678850001,0.763297196000053],[29.735087046,0.815610262000064],[29.8059523140001,0.829877344000067],[29.857920177,0.877433903000053],[29.8909906360001,0.939256508000085],[29.9524072020001,1.01534433900008],[29.999650714,1.05814295600004],[30.0421698740001,1.09143035600005],[30.1224838450001,1.10569627100006],[30.179176059,1.11045156100005],[30.2500413280001,1.18177995600007]]}},{"type":"Feature","properties":{"catalog_id":"EAF_103","catalog_name":"Macgregor_AfricaFaults","slip_type":"Normal"},"geometry":{"type":"LineString","coordinates":[[29.768157504,0.749029882000059],[29.8957149870001,0.844144374000052],[29.9618559040001,0.853655698000068],[30.06579163,0.948767582000073],[30.150829952,1.07240902900008],[30.1602786550001,1.11520684300007]]}},{"type":"Feature","properties":{"catalog_id":"EAF_104","catalog_name":"Macgregor_AfricaFaults","slip_type":"Normal"},"geometry":{"type":"LineString","coordinates":[[30.2547656790001,0.882189525000058],[30.2216952200001,0.749029882000059],[30.1980734640001,0.653913299000067]]}},{"type":"Feature","properties":{"catalog_id":"EAF_105","catalog_name":"Macgregor_AfricaFaults","slip_type":"Normal"},"geometry":{"type":"LineString","coordinates":[[29.5744591050001,0.244894507000083],[29.6264269680001,0.340017060000093],[29.6311513190001,0.430382609000048],[29.6736704800001,0.57306275600007]]}},{"type":"Feature","properties":{"catalog_id":"EAF_106","catalog_name":"Macgregor_AfricaFaults","slip_type":"Normal"},"geometry":{"type":"LineString","coordinates":[[29.6547730760001,0.040379048000091],[29.6972922360001,0.149771271000077],[29.7776062070001,0.24965065300006],[29.796503612,0.316236500000059],[29.7823305580001,0.41611443000005],[29.7823305580001,0.473186978000058],[29.8626445290001,0.535015032000047],[29.892420642,0.553749669000069]]}},{"type":"Feature","properties":{"catalog_id":"EAF_107","catalog_name":"Macgregor_AfricaFaults","slip_type":"Normal"},"geometry":{"type":"LineString","coordinates":[[30.2169708690001,0.882189525000058],[30.2264195710001,0.963034142000083],[30.3067335420001,1.02961061],[30.3775988100001,1.11996211700006],[30.4295666730001,1.16751442200007]]}},{"type":"Feature","properties":{"catalog_id":"EAF_108","catalog_name":"Macgregor_AfricaFaults","slip_type":"Normal"},"geometry":{"type":"LineString","coordinates":[[31.3838856170001,2.15826907600007],[31.5067187480001,2.28658831900009],[31.577584017,2.40539208]]}},{"type":"Feature","properties":{"catalog_id":"EAF_109","catalog_name":"Macgregor_AfricaFaults","slip_type":"Normal"},"geometry":{"type":"LineString","coordinates":[[31.4264047780001,2.06796373200007],[31.6248275290001,2.28183595800004]]}},{"type":"Feature","properties":{"catalog_id":"EAF_111","catalog_name":"Macgregor_AfricaFaults","slip_type":"Normal"},"geometry":{"type":"LineString","coordinates":[[31.3415751050001,2.68014743500004],[31.311230719,2.59778410100006],[31.274383964,2.51325331100008],[31.2570443150001,2.48290892500006],[31.2570443150001,2.48507638100006]]}},{"type":"Feature","properties":{"catalog_id":"EAF_112","catalog_name":"Macgregor_AfricaFaults","slip_type":"Normal"},"geometry":{"type":"LineString","coordinates":[[31.3829122850001,2.84389242900005],[31.5337788960001,2.53442245700006],[31.531844709,2.53442245700006]]}},{"type":"Feature","properties":{"catalog_id":"EAF_113","catalog_name":"Macgregor_AfricaFaults","slip_type":"Normal"},"geometry":{"type":"LineString","coordinates":[[31.3829122850001,2.84389242900005],[31.3925832210001,2.90772061100006],[31.431266968,2.95027273200009],[31.4738190890001,3.02377185100005],[31.5047660860001,3.09727096900008],[31.755398084,3.50007426400009],[31.752193665,3.49905008100006]]}},{"type":"Feature","properties":{"catalog_id":"EAF_114","catalog_name":"Macgregor_AfricaFaults","slip_type":"Normal"},"geometry":{"type":"LineString","coordinates":[[31.9900979050001,3.60806633300007],[31.7793843540001,3.59924909700004],[31.589788184,3.46124565500008]]}},{"type":"Feature","properties":{"catalog_id":"EAF_115","catalog_name":"Macgregor_AfricaFaults","slip_type":"Normal"},"geometry":{"type":"LineString","coordinates":[[31.2403264450001,3.12022734100009],[31.1833563380001,2.98642250900008],[31.194518954,2.86421555400005]]}},{"type":"Feature","properties":{"catalog_id":"EAF_378","catalog_name":"Macgregor_AfricaFaults","slip_type":"Normal"},"geometry":{"type":"LineString","coordinates":[[34.3229369480001,-11.5599133359999],[34.248897776,-11.0971567349999],[34.2571243500001,-10.8533000379999],[34.2653509250001,-10.7312957729999]]}},{"type":"Feature","properties":{"catalog_id":"EAF_379","catalog_name":"Macgregor_AfricaFaults","slip_type":"Normal"},"geometry":{"type":"LineString","coordinates":[[34.3311635220001,-10.7394309489999],[34.2653509250001,-10.487138108],[34.2735775,-10.3486951529999]]}},{"type":"Feature","properties":{"catalog_id":"EAF_380","catalog_name":"Macgregor_AfricaFaults","slip_type":"Normal"},"geometry":{"type":"LineString","coordinates":[[34.5615076120001,-10.6255183669999],[34.5697341870001,-10.9102181349999]]}},{"type":"Feature","properties":{"catalog_id":"EAF_381","catalog_name":"Macgregor_AfricaFaults","slip_type":"Normal"},"geometry":{"type":"LineString","coordinates":[[34.4874684410001,-10.7150247569999],[34.4956950150001,-10.9915105429999]]}},{"type":"Feature","properties":{"catalog_id":"EAF_382","catalog_name":"Macgregor_AfricaFaults","slip_type":"Normal"},"geometry":{"type":"LineString","coordinates":[[34.3311635220001,-11.2433721379999],[34.5779607620001,-10.9102181349999]]}},{"type":"Feature","properties":{"catalog_id":"EAF_360","catalog_name":"Macgregor_AfricaFaults","slip_type":"Normal"},"geometry":{"type":"LineString","coordinates":[[34.5528094970001,-10.2991442399999],[34.537052777,-10.0858172169999],[34.4582691790001,-9.96608307199995],[34.3794855800001,-9.83588674499993],[34.2429273430001,-9.68479392799992],[34.0853601460001,-9.55448614899996],[34.013544026,-9.47183375299994],[33.9698615570001,-9.44086624199991],[33.9329610070001,-9.41779989499992],[33.8892826850001,-9.38316307499991],[33.8321709990001,-9.37476685599995],[33.812158632,-9.35580549499991],[33.7691756630001,-9.3225635399999],[33.632131492,-9.2200345699999]]}},{"type":"Feature","properties":{"catalog_id":"EAF_361","catalog_name":"Macgregor_AfricaFaults","slip_type":"Normal"},"geometry":{"type":"LineString","coordinates":[[34.1011168650001,-9.56491264099992],[33.9978280280001,-9.34290794599991],[33.82573554,-9.12918722699993]]}},{"type":"Feature","properties":{"catalog_id":"EAF_362","catalog_name":"Macgregor_AfricaFaults","slip_type":"Normal"},"geometry":{"type":"LineString","coordinates":[[34.321710941,-9.96608307199995],[34.0696034260001,-9.68479392799992],[34.0090749610001,-9.62242243699995],[33.9733469320001,-9.58777647399995]]}},{"type":"Feature","properties":{"catalog_id":"EAF_363","catalog_name":"Macgregor_AfricaFaults","slip_type":"Normal"},"geometry":{"type":"LineString","coordinates":[[34.321710941,-10.044175643],[33.9645586280001,-9.76295405399992]]}},{"type":"Feature","properties":{"catalog_id":"EAF_364","catalog_name":"Macgregor_AfricaFaults","slip_type":"Normal"},"geometry":{"type":"LineString","coordinates":[[34.3059542220001,-10.189897249],[33.985567588,-9.83588674499993]]}},{"type":"Feature","properties":{"catalog_id":"EAF_365","catalog_name":"Macgregor_AfricaFaults","slip_type":"Normal"},"geometry":{"type":"LineString","coordinates":[[34.311206461,-10.3251497939999],[34.1326303050001,-10.0806123179999],[34.038089987,-9.91921842399995]]}},{"type":"Feature","properties":{"catalog_id":"EAF_366","catalog_name":"Macgregor_AfricaFaults","slip_type":"Normal"},"geometry":{"type":"LineString","coordinates":[[33.8765120400001,-9.73038095099992],[33.8206056490001,-9.65227330399995],[33.7821285650001,-9.59349776299996],[33.7127096020001,-9.43644554399992],[33.6858486020001,-9.38050347699993],[33.6389197540001,-9.31980520199994]]}},{"type":"Feature","properties":{"catalog_id":"EAF_367","catalog_name":"Macgregor_AfricaFaults","slip_type":"Normal"},"geometry":{"type":"LineString","coordinates":[[33.8017391910001,-9.7473235099999],[33.6126585540001,-9.66915968499995]]}},{"type":"Feature","properties":{"catalog_id":"EAF_368","catalog_name":"Macgregor_AfricaFaults","slip_type":"Normal"},"geometry":{"type":"LineString","coordinates":[[33.8332526300001,-10.0545865459999],[33.8017391910001,-9.92963337799995],[33.8017391910001,-9.82025967899995],[33.8069914310001,-9.76816407]]}},{"type":"Feature","properties":{"catalog_id":"EAF_369","catalog_name":"Macgregor_AfricaFaults","slip_type":"Normal"},"geometry":{"type":"LineString","coordinates":[[34.0328377470001,-10.236722057],[33.8542615900001,-9.99211604199991]]}},{"type":"Feature","properties":{"catalog_id":"EAF_370","catalog_name":"Macgregor_AfricaFaults","slip_type":"Normal"},"geometry":{"type":"LineString","coordinates":[[34.0485944660001,-10.189897249],[33.9067839890001,-9.99211604199991]]}},{"type":"Feature","properties":{"catalog_id":"EAF_371","catalog_name":"Macgregor_AfricaFaults","slip_type":"Normal"},"geometry":{"type":"LineString","coordinates":[[34.1378825450001,-10.4291501739999],[34.0223332670001,-10.2315196459999]]}},{"type":"Feature","properties":{"catalog_id":"EAF_372","catalog_name":"Macgregor_AfricaFaults","slip_type":"Normal"},"geometry":{"type":"LineString","coordinates":[[34.1168735850001,-10.5539041579999],[34.0170810270001,-10.2887414099999]]}},{"type":"Feature","properties":{"catalog_id":"EAF_373","catalog_name":"Macgregor_AfricaFaults","slip_type":"Normal"},"geometry":{"type":"LineString","coordinates":[[34.1693959840001,-10.5123251619999],[34.148387024,-10.4395482829999],[34.1221258250001,-10.3875542259999]]}},{"type":"Feature","properties":{"catalog_id":"EAF_374","catalog_name":"Macgregor_AfricaFaults","slip_type":"Normal"},"geometry":{"type":"LineString","coordinates":[[34.2166661430001,-10.3511531689999],[34.1221258250001,-10.2523287719999]]}},{"type":"Feature","properties":{"catalog_id":"EAF_375","catalog_name":"Macgregor_AfricaFaults","slip_type":"Normal"},"geometry":{"type":"LineString","coordinates":[[34.311206461,-10.465542012],[34.2166661430001,-10.3823543369999]]}},{"type":"Feature","properties":{"catalog_id":"EAF_376","catalog_name":"Macgregor_AfricaFaults","slip_type":"Normal"},"geometry":{"type":"LineString","coordinates":[[33.822748151,-9.50234884599996],[33.6861899130001,-9.33023889099991]]}},{"type":"Feature","properties":{"catalog_id":"EAF_377","catalog_name":"Macgregor_AfricaFaults","slip_type":"Normal"},"geometry":{"type":"LineString","coordinates":[[34.474025898,-10.377154361],[34.3689811,-10.028558652]]}},{"type":"Feature","properties":{"catalog_id":"EAF_383","catalog_name":"Macgregor_AfricaFaults","slip_type":"Normal"},"geometry":{"type":"LineString","coordinates":[[34.3147103730001,-10.7882373379999],[34.3887495450001,-10.9020876529999]]}},{"type":"Feature","properties":{"catalog_id":"EAF_384","catalog_name":"Macgregor_AfricaFaults","slip_type":"Normal"},"geometry":{"type":"LineString","coordinates":[[34.4381089930001,-11.1459034889999],[34.396976119,-11.2758542839999]]}},{"type":"Feature","properties":{"catalog_id":"EAF_385","catalog_name":"Macgregor_AfricaFaults","slip_type":"Normal"},"geometry":{"type":"LineString","coordinates":[[34.5615076120001,-10.9833823199999],[34.4956950150001,-11.202764241]]}},{"type":"Feature","properties":{"catalog_id":"EAF_386","catalog_name":"Macgregor_AfricaFaults","slip_type":"Normal"},"geometry":{"type":"LineString","coordinates":[[34.5944139110001,-10.8289032019999],[34.635546784,-10.9183483919999],[34.6190936350001,-11.0402751089999],[34.635546784,-11.1946419679999]]}},{"type":"Feature","properties":{"catalog_id":"EAF_387","catalog_name":"Macgregor_AfricaFaults","slip_type":"Normal"},"geometry":{"type":"LineString","coordinates":[[34.5779607620001,-11.1946419679999],[34.602640486,-11.4706687209999]]}},{"type":"Feature","properties":{"catalog_id":"EAF_388","catalog_name":"Macgregor_AfricaFaults","slip_type":"Normal"},"geometry":{"type":"LineString","coordinates":[[33.91983479,-11.6329102529999],[33.886928491,-11.8760926509999],[33.8540221920001,-12.0299948329999]]}},{"type":"Feature","properties":{"catalog_id":"EAF_389","catalog_name":"Macgregor_AfricaFaults","slip_type":"Normal"},"geometry":{"type":"LineString","coordinates":[[34.035006835,-11.5599133359999],[34.035006835,-11.7302092989999],[33.8704753420001,-11.9652047209999]]}},{"type":"Feature","properties":{"catalog_id":"EAF_390","catalog_name":"Macgregor_AfricaFaults","slip_type":"Normal"},"geometry":{"type":"LineString","coordinates":[[33.8704753420001,-12.0461898929999],[33.952741088,-12.1919007719999],[34.0267802600001,-12.3860557199999],[33.9938739610001,-12.60430515],[34.0267802600001,-12.7739248159999]]}},{"type":"Feature","properties":{"catalog_id":"EAF_391","catalog_name":"Macgregor_AfricaFaults","slip_type":"Normal"},"geometry":{"type":"LineString","coordinates":[[34.1830851780001,-12.9757026459999],[34.100819432,-12.4345716939999],[34.0185536850001,-12.1514336189999],[34.0185536850001,-11.9652047209999],[34.067913133,-11.851784225],[34.1830851780001,-11.584247789]]}},{"type":"Feature","properties":{"catalog_id":"EAF_392","catalog_name":"Macgregor_AfricaFaults","slip_type":"Normal"},"geometry":{"type":"LineString","coordinates":[[34.215991477,-13.0644325439999],[34.2982572240001,-13.5236932079999],[34.396976119,-13.6685383029999],[34.4874684410001,-13.8695623539999],[34.4710152910001,-14.0382864929999],[34.5286013140001,-14.1988593009999],[34.7424922550001,-14.6318270439999],[34.8823440240001,-14.943990487],[34.931703472,-15.0319539849999]]}},{"type":"Feature","properties":{"catalog_id":"EAF_393","catalog_name":"Macgregor_AfricaFaults","slip_type":"Normal"},"geometry":{"type":"LineString","coordinates":[[35.194953861,-13.8856366969999],[35.227860159,-14.2068849269999],[35.260766458,-14.4234674109999],[35.3923916520001,-14.7039050419999],[35.4911105480001,-14.9839784329999]]}},{"type":"Feature","properties":{"catalog_id":"EAF_394","catalog_name":"Macgregor_AfricaFaults","slip_type":"Normal"},"geometry":{"type":"LineString","coordinates":[[34.750718829,-11.3489255029999],[34.6190936350001,-11.551801376],[34.4956950150001,-11.6572382559999]]}},{"type":"Feature","properties":{"catalog_id":"EAF_395","catalog_name":"Macgregor_AfricaFaults","slip_type":"Normal"},"geometry":{"type":"LineString","coordinates":[[34.5615076120001,-11.4625541539999],[34.4216558430001,-11.6491291609999]]}},{"type":"Feature","properties":{"catalog_id":"EAF_396","catalog_name":"Macgregor_AfricaFaults","slip_type":"Normal"},"geometry":{"type":"LineString","coordinates":[[34.7342656800001,-11.5274640689999],[34.6273202100001,-11.8922970479999]]}},{"type":"Feature","properties":{"catalog_id":"EAF_397","catalog_name":"Macgregor_AfricaFaults","slip_type":"Normal"},"geometry":{"type":"LineString","coordinates":[[34.8329845760001,-11.4544393509999],[34.717812531,-11.738315988]]}},{"type":"Feature","properties":{"catalog_id":"EAF_398","catalog_name":"Macgregor_AfricaFaults","slip_type":"Normal"},"geometry":{"type":"LineString","coordinates":[[34.6437733590001,-11.5680250579999],[34.5779607620001,-11.8193695819999]]}},{"type":"Feature","properties":{"catalog_id":"EAF_399","catalog_name":"Macgregor_AfricaFaults","slip_type":"Normal"},"geometry":{"type":"LineString","coordinates":[[34.2406712010001,-11.5112380109999],[34.8329845760001,-12.0947691349999]]}},{"type":"Feature","properties":{"catalog_id":"EAF_400","catalog_name":"Macgregor_AfricaFaults","slip_type":"Normal"},"geometry":{"type":"LineString","coordinates":[[34.808304852,-11.8274736079999],[34.7342656800001,-11.98950286]]}},{"type":"Feature","properties":{"catalog_id":"EAF_401","catalog_name":"Macgregor_AfricaFaults","slip_type":"Normal"},"geometry":{"type":"LineString","coordinates":[[34.2571243500001,-11.5761365429999],[34.1830851780001,-11.738315988]]}},{"type":"Feature","properties":{"catalog_id":"EAF_402","catalog_name":"Macgregor_AfricaFaults","slip_type":"Normal"},"geometry":{"type":"LineString","coordinates":[[34.339390097,-11.7139951959999],[34.2324446260001,-11.8598872779999],[34.125499156,-12.0057003889999]]}},{"type":"Feature","properties":{"catalog_id":"EAF_403","catalog_name":"Macgregor_AfricaFaults","slip_type":"Normal"},"geometry":{"type":"LineString","coordinates":[[34.2735775,-11.9166018109999],[34.248897776,-12.1757146599999],[34.2406712010001,-12.353706659],[34.2406712010001,-12.3779688349999]]}},{"type":"Feature","properties":{"catalog_id":"EAF_404","catalog_name":"Macgregor_AfricaFaults","slip_type":"Normal"},"geometry":{"type":"LineString","coordinates":[[34.2571243500001,-12.4426567979999],[34.4381089930001,-12.6366224739999]]}},{"type":"Feature","properties":{"catalog_id":"EAF_405","catalog_name":"Macgregor_AfricaFaults","slip_type":"Normal"},"geometry":{"type":"LineString","coordinates":[[34.5203747390001,-12.1109602309999],[34.4627887170001,-12.3860557199999],[34.4627887170001,-12.620464329]]}},{"type":"Feature","properties":{"catalog_id":"EAF_406","catalog_name":"Macgregor_AfricaFaults","slip_type":"Normal"},"geometry":{"type":"LineString","coordinates":[[34.3805229700001,-12.0542870529999],[34.372296395,-12.2889963899999]]}},{"type":"Feature","properties":{"catalog_id":"EAF_407","catalog_name":"Macgregor_AfricaFaults","slip_type":"Normal"},"geometry":{"type":"LineString","coordinates":[[34.3887495450001,-11.786951051],[34.4710152910001,-11.98950286],[34.4956950150001,-12.0299948329999]]}},{"type":"Feature","properties":{"catalog_id":"EAF_408","catalog_name":"Macgregor_AfricaFaults","slip_type":"Normal"},"geometry":{"type":"LineString","coordinates":[[34.13372573,-12.013798784],[34.1995383280001,-12.1676212289999]]}},{"type":"Feature","properties":{"catalog_id":"EAF_409","catalog_name":"Macgregor_AfricaFaults","slip_type":"Normal"},"geometry":{"type":"LineString","coordinates":[[34.3311635220001,-11.8760926509999],[34.4134292690001,-12.1028648069999]]}},{"type":"Feature","properties":{"catalog_id":"EAF_410","catalog_name":"Macgregor_AfricaFaults","slip_type":"Normal"},"geometry":{"type":"LineString","coordinates":[[34.5532810380001,-11.973304347],[34.5615076120001,-12.208085884],[34.602640486,-12.353706659],[34.6602265080001,-12.5315760899999]]}},{"type":"Feature","properties":{"catalog_id":"EAF_411","catalog_name":"Macgregor_AfricaFaults","slip_type":"Normal"},"geometry":{"type":"LineString","coordinates":[[34.6519999340001,-12.5800644469999],[34.6519999340001,-12.725473748],[34.7095859560001,-12.8869406709999],[34.7424922550001,-12.9999048989999]]}},{"type":"Feature","properties":{"catalog_id":"EAF_412","catalog_name":"Macgregor_AfricaFaults","slip_type":"Normal"},"geometry":{"type":"LineString","coordinates":[[34.6519999340001,-12.1433394389999],[34.6437733590001,-12.3456187599999]]}},{"type":"Feature","properties":{"catalog_id":"EAF_413","catalog_name":"Macgregor_AfricaFaults","slip_type":"Normal"},"geometry":{"type":"LineString","coordinates":[[34.5203747390001,-12.3779688349999],[34.5532810380001,-12.4830784949999]]}},{"type":"Feature","properties":{"catalog_id":"EAF_414","catalog_name":"Macgregor_AfricaFaults","slip_type":"Normal"},"geometry":{"type":"LineString","coordinates":[[34.4627887170001,-12.693167828],[34.3887495450001,-13.016038406]]}},{"type":"Feature","properties":{"catalog_id":"EAF_415","catalog_name":"Macgregor_AfricaFaults","slip_type":"Normal"},"geometry":{"type":"LineString","coordinates":[[34.3229369480001,-12.9272909869999],[34.865890875,-13.3223716079999]]}},{"type":"Feature","properties":{"catalog_id":"EAF_416","catalog_name":"Macgregor_AfricaFaults","slip_type":"Normal"},"geometry":{"type":"LineString","coordinates":[[34.5697341870001,-13.0805617909999],[34.454562142,-13.3787588719999]]}},{"type":"Feature","properties":{"catalog_id":"EAF_417","catalog_name":"Macgregor_AfricaFaults","slip_type":"Normal"},"geometry":{"type":"LineString","coordinates":[[34.6766796580001,-13.2095572019999],[34.6108670600001,-13.3304277479999]]}},{"type":"Feature","properties":{"catalog_id":"EAF_418","catalog_name":"Macgregor_AfricaFaults","slip_type":"Normal"},"geometry":{"type":"LineString","coordinates":[[34.5039215900001,-12.8950112619999],[34.7260391060001,-12.9757026459999]]}},{"type":"Feature","properties":{"catalog_id":"EAF_419","catalog_name":"Macgregor_AfricaFaults","slip_type":"Normal"},"geometry":{"type":"LineString","coordinates":[[34.5368278890001,-12.6608577519999],[34.454562142,-12.8707987]]}},{"type":"Feature","properties":{"catalog_id":"EAF_420","catalog_name":"Macgregor_AfricaFaults","slip_type":"Normal"},"geometry":{"type":"LineString","coordinates":[[34.4381089930001,-11.2190080939999],[34.3558432460001,-11.5031246259999]]}},{"type":"Feature","properties":{"catalog_id":"EAF_421","catalog_name":"Macgregor_AfricaFaults","slip_type":"Normal"},"geometry":{"type":"LineString","coordinates":[[34.3558432460001,-11.2108862829999],[34.2900306490001,-11.4300935269999]]}},{"type":"Feature","properties":{"catalog_id":"EAF_422","catalog_name":"Macgregor_AfricaFaults","slip_type":"Normal"},"geometry":{"type":"LineString","coordinates":[[34.7260391060001,-13.5075937829999],[34.6190936350001,-13.7730926539999]]}},{"type":"Feature","properties":{"catalog_id":"EAF_423","catalog_name":"Macgregor_AfricaFaults","slip_type":"Normal"},"geometry":{"type":"LineString","coordinates":[[34.865890875,-13.620266575],[34.7342656800001,-14.0302548499999]]}},{"type":"Feature","properties":{"catalog_id":"EAF_424","catalog_name":"Macgregor_AfricaFaults","slip_type":"Normal"},"geometry":{"type":"LineString","coordinates":[[34.8494377250001,-13.6685383029999],[34.8576643,-13.4351327729999]]}},{"type":"Feature","properties":{"catalog_id":"EAF_425","catalog_name":"Macgregor_AfricaFaults","slip_type":"Normal"},"geometry":{"type":"LineString","coordinates":[[34.6602265080001,-14.118587224],[34.783625128,-13.8936734459999]]}},{"type":"Feature","properties":{"catalog_id":"EAF_426","catalog_name":"Macgregor_AfricaFaults","slip_type":"Normal"},"geometry":{"type":"LineString","coordinates":[[34.865890875,-14.9471898009999],[34.6519999340001,-15.426534736]]}},{"type":"Feature","properties":{"catalog_id":"EAF_427","catalog_name":"Macgregor_AfricaFaults","slip_type":"Normal"},"geometry":{"type":"LineString","coordinates":[[35.433524526,-14.9471898009999],[35.0633286660001,-15.6737603019999]]}},{"type":"Feature","properties":{"catalog_id":"EAF_428","catalog_name":"Macgregor_AfricaFaults","slip_type":"Normal"},"geometry":{"type":"LineString","coordinates":[[34.6437733590001,-15.4680257759999],[35.022195793,-15.94615461],[35.4499776750001,-16.3516600539999]]}},{"type":"Feature","properties":{"catalog_id":"EAF_429","catalog_name":"Macgregor_AfricaFaults","slip_type":"Normal"},"geometry":{"type":"LineString","coordinates":[[34.7753985530001,-15.9620725789999],[35.203180435,-16.4707653109999]]}},{"type":"Feature","properties":{"catalog_id":"EAF_430","catalog_name":"Macgregor_AfricaFaults","slip_type":"Normal"},"geometry":{"type":"LineString","coordinates":[[34.6849062320001,-16.0416431929999],[35.1209146890001,-16.4945774909999]]}},{"type":"Feature","properties":{"catalog_id":"EAF_431","catalog_name":"Macgregor_AfricaFaults","slip_type":"Normal"},"geometry":{"type":"LineString","coordinates":[[34.602640486,-16.2086366549999],[34.8576643,-16.4866404269999]]}},{"type":"Feature","properties":{"catalog_id":"EAF_432","catalog_name":"Macgregor_AfricaFaults","slip_type":"Normal"},"geometry":{"type":"LineString","coordinates":[[33.1050982500001,-9.49243361399994],[32.6776220170001,-9.17032828799995],[32.4113504110001,-8.83510980299991],[32.185479021,-8.57291295399995],[32.0940548870001,-8.37480577099996],[31.9701365970001,-8.30276324599993]]}},{"type":"Feature","properties":{"catalog_id":"EAF_433","catalog_name":"Macgregor_AfricaFaults","slip_type":"Normal"},"geometry":{"type":"LineString","coordinates":[[32.018764424,-8.49261170099993],[32.0133865340001,-8.26767809799992],[31.9090629330001,-7.99630744499996],[31.8896950590001,-7.93003488299991],[31.8574277180001,-7.8656896699999]]}},{"type":"Feature","properties":{"catalog_id":"EAF_434","catalog_name":"Macgregor_AfricaFaults","slip_type":"Normal"},"geometry":{"type":"LineString","coordinates":[[31.8467379770001,-7.96666273099993],[31.517674991,-7.65490486899995],[31.369596647,-7.40040445799991],[31.3202371990001,-7.28541969799994]]}},{"type":"Feature","properties":{"catalog_id":"EAF_435","catalog_name":"Macgregor_AfricaFaults","slip_type":"Normal"},"geometry":{"type":"LineString","coordinates":[[33.4600390050001,-8.86720267299995],[32.9467178830001,-8.43358851199991],[32.7434346140001,-8.26179074199996],[32.5980663480001,-8.09450634],[32.4152849990001,-7.94925851699992],[32.123647803,-7.68652660699991],[31.763808581,-7.35638941399992],[31.5917141630001,-7.13753828299991],[31.5834875880001,-7.03070485699993],[31.3778232220001,-6.83340877899991],[31.188612005,-6.57021937899992]]}},{"type":"Feature","properties":{"catalog_id":"EAF_436","catalog_name":"Macgregor_AfricaFaults","slip_type":"Normal"},"geometry":{"type":"LineString","coordinates":[[33.2610570670001,-9.04900832099992],[33.1911444940001,-8.87255120899994],[33.078208799,-8.78696519199991],[32.6529422930001,-8.57307217099992],[32.5459968220001,-8.46660974099996],[32.5213170980001,-8.26998558899993],[32.5130905240001,-8.22081392799993]]}},{"type":"Feature","properties":{"catalog_id":"EAF_437","catalog_name":"Macgregor_AfricaFaults","slip_type":"Normal"},"geometry":{"type":"LineString","coordinates":[[33.320213859,-8.88324804399991],[32.7105283150001,-8.40927143399995],[32.554223397,-8.22081392799993]]}},{"type":"Feature","properties":{"catalog_id":"EAF_438","catalog_name":"Macgregor_AfricaFaults","slip_type":"Normal"},"geometry":{"type":"LineString","coordinates":[[32.8997395330001,-9.18667745499994],[32.61180942,-8.84318646699995],[32.4719576510001,-8.66313218799991],[32.3567856050001,-8.45841908299991]]}},{"type":"Feature","properties":{"catalog_id":"EAF_439","catalog_name":"Macgregor_AfricaFaults","slip_type":"Normal"},"geometry":{"type":"LineString","coordinates":[[32.2333869860001,-8.05686397799991],[32.0277226190001,-7.90925143799996],[31.8796442750001,-7.62207464599993]]}},{"type":"Feature","properties":{"catalog_id":"EAF_440","catalog_name":"Macgregor_AfricaFaults","slip_type":"Normal"},"geometry":{"type":"LineString","coordinates":[[31.341150256,-7.7155116399999],[31.1721588550001,-7.21148510699993],[30.982947638,-6.99782800699995],[30.9089084660001,-6.84985330299992]]}},{"type":"Feature","properties":{"catalog_id":"EAF_441","catalog_name":"Macgregor_AfricaFaults","slip_type":"Normal"},"geometry":{"type":"LineString","coordinates":[[30.8842287420001,-6.78407177499992],[30.505806308,-6.38919444599992]]}},{"type":"Feature","properties":{"catalog_id":"EAF_442","catalog_name":"Macgregor_AfricaFaults","slip_type":"Normal"},"geometry":{"type":"LineString","coordinates":[[31.065213385,-6.5455380499999],[30.8760021680001,-6.18340559899991]]}},{"type":"Feature","properties":{"catalog_id":"EAF_443","catalog_name":"Macgregor_AfricaFaults","slip_type":"Normal"},"geometry":{"type":"LineString","coordinates":[[30.8842287420001,-6.66893224499995],[30.6703378010001,-6.36450415799993]]}},{"type":"Feature","properties":{"catalog_id":"EAF_444","catalog_name":"Macgregor_AfricaFaults","slip_type":"Normal"},"geometry":{"type":"LineString","coordinates":[[30.9089084660001,-6.97316882899992],[30.719697249,-6.8087409199999]]}},{"type":"Feature","properties":{"catalog_id":"EAF_445","catalog_name":"Macgregor_AfricaFaults","slip_type":"Normal"},"geometry":{"type":"LineString","coordinates":[[32.1922541120001,-7.87644134499993],[32.0853086420001,-7.80260902399993]]}},{"type":"Feature","properties":{"catalog_id":"EAF_446","catalog_name":"Macgregor_AfricaFaults","slip_type":"Normal"},"geometry":{"type":"LineString","coordinates":[[32.4719576510001,-8.22900963399991],[32.282746434,-7.98306446199996]]}},{"type":"Feature","properties":{"catalog_id":"EAF_447","catalog_name":"Macgregor_AfricaFaults","slip_type":"Normal"},"geometry":{"type":"LineString","coordinates":[[32.6611688680001,-8.64675925799992],[32.4308247770001,-8.50756038099991]]}},{"type":"Feature","properties":{"catalog_id":"EAF_448","catalog_name":"Macgregor_AfricaFaults","slip_type":"Normal"},"geometry":{"type":"LineString","coordinates":[[33.244923396,-9.4123387299999],[32.9491394330001,-9.1665978099999]]}},{"type":"Feature","properties":{"catalog_id":"EAF_449","catalog_name":"Macgregor_AfricaFaults","slip_type":"Normal"},"geometry":{"type":"LineString","coordinates":[[32.174723241,-8.94742239899995],[32.0133865340001,-8.76556555199994],[31.9542297420001,-8.61573327299993],[31.7176025720001,-8.29981951399992],[31.6423121080001,-8.04261442299992],[31.550581289,-7.90925143799996]]}},{"type":"Feature","properties":{"catalog_id":"EAF_450","catalog_name":"Macgregor_AfricaFaults","slip_type":"Normal"},"geometry":{"type":"LineString","coordinates":[[31.42718267,-7.35112896599992],[31.5341281400001,-7.17040504099992]]}},{"type":"Feature","properties":{"catalog_id":"EAF_457","catalog_name":"Macgregor_AfricaFaults","slip_type":"Normal"},"geometry":{"type":"LineString","coordinates":[[29.0897572280001,-5.33913165499996],[29.2335226100001,-5.67526493699995],[29.299415077,-5.80126437699994],[29.455160908,-5.92123733899996],[29.5689751690001,-6.01719673099996],[29.6887796540001,-6.19707412199995],[29.8325450360001,-6.43681372399993],[29.9403690730001,-6.6045635]]}},{"type":"Feature","properties":{"catalog_id":"EAF_459","catalog_name":"Macgregor_AfricaFaults","slip_type":"Normal"},"geometry":{"type":"LineString","coordinates":[[29.3054053010001,-5.83725900599995],[29.4192195620001,-6.16110355599994],[29.55699472,-6.48474802499993],[29.5989262900001,-6.54465940299991]]}},{"type":"Feature","properties":{"catalog_id":"EAF_460","catalog_name":"Macgregor_AfricaFaults","slip_type":"Normal"},"geometry":{"type":"LineString","coordinates":[[29.4132293380001,-5.92723529899996],[29.4791218050001,-6.21505847499992],[29.694769878,-6.47875648899992]]}},{"type":"Feature","properties":{"catalog_id":"EAF_461","catalog_name":"Macgregor_AfricaFaults","slip_type":"Normal"},"geometry":{"type":"LineString","coordinates":[[29.7606623450001,-6.58060273899991],[30.1080953520001,-6.80219454],[30.2578509590001,-6.92791701799996],[30.3417140980001,-7.05360554199996]]}},{"type":"Feature","properties":{"catalog_id":"EAF_462","catalog_name":"Macgregor_AfricaFaults","slip_type":"Normal"},"geometry":{"type":"LineString","coordinates":[[30.5334012750001,-7.02966751599996],[30.383645668,-6.81416955599991],[30.2878020800001,-6.67643871299992],[30.1679975950001,-6.50272219899995]]}},{"type":"Feature","properties":{"catalog_id":"EAF_463","catalog_name":"Macgregor_AfricaFaults","slip_type":"Normal"},"geometry":{"type":"LineString","coordinates":[[29.718730775,-6.5865930399999],[29.9164081760001,-6.92193099799994],[29.9703201940001,-7.01769803499991]]}},{"type":"Feature","properties":{"catalog_id":"EAF_464","catalog_name":"Macgregor_AfricaFaults","slip_type":"Normal"},"geometry":{"type":"LineString","coordinates":[[29.6468480840001,-6.86805336899994],[29.8445254850001,-7.0356521399999],[30.036212661,-7.16131108099995],[30.1320562490001,-7.26300932599992],[30.2159193890001,-7.41850263399994],[30.2398802860001,-7.6337089499999],[30.2997825290001,-7.8129638699999],[30.3656749950001,-7.90853474099993],[30.4255772380001,-7.99214086199993],[30.4495381350001,-8.02199599499994]]}},{"type":"Feature","properties":{"catalog_id":"EAF_465","catalog_name":"Macgregor_AfricaFaults","slip_type":"Normal"},"geometry":{"type":"LineString","coordinates":[[30.036212661,-6.98178772099993],[30.1260660250001,-7.18524215899993],[30.1500269220001,-7.2869349499999]]}},{"type":"Feature","properties":{"catalog_id":"EAF_466","catalog_name":"Macgregor_AfricaFaults","slip_type":"Normal"},"geometry":{"type":"LineString","coordinates":[[30.4555283590001,-8.0327433],[30.65320576,-8.27149724099991],[30.838902712,-8.5101047399999],[31.054550786,-8.72472289699994]]}},{"type":"Feature","properties":{"catalog_id":"EAF_467","catalog_name":"Macgregor_AfricaFaults","slip_type":"Normal"},"geometry":{"type":"LineString","coordinates":[[30.3716652200001,-7.51894570799993],[30.5334012750001,-7.90734024299991],[30.6412253120001,-8.16407584399991],[30.65320576,-8.16407584399991]]}},{"type":"Feature","properties":{"catalog_id":"EAF_468","catalog_name":"Macgregor_AfricaFaults","slip_type":"Normal"},"geometry":{"type":"LineString","coordinates":[[30.5513719480001,-7.74605105599994],[30.7730102450001,-8.10438461399991]]}},{"type":"Feature","properties":{"catalog_id":"EAF_469","catalog_name":"Macgregor_AfricaFaults","slip_type":"Normal"},"geometry":{"type":"LineString","coordinates":[[30.4255772380001,-7.12421539599995],[30.5334012750001,-7.48905438299994],[30.7131080030001,-7.80579515799991],[30.994648543,-8.4027497499999]]}},{"type":"Feature","properties":{"catalog_id":"EAF_470","catalog_name":"Macgregor_AfricaFaults","slip_type":"Normal"},"geometry":{"type":"LineString","coordinates":[[29.4135455690001,-3.97084065199994],[29.4636700790001,-4.10027486299992],[29.5023375590001,-4.1822389199999],[29.5180909760001,-4.2426279399999],[29.5395729090001,-4.29151078799993],[29.5624869710001,-4.33464008099992],[29.578240388,-4.36914172099995],[29.5811046460001,-4.40220428299995],[29.5811046460001,-4.44532712699993],[29.5896974190001,-4.48269819099994],[29.6212042540001,-4.56462026299994]]}},{"type":"Feature","properties":{"catalog_id":"EAF_471","catalog_name":"Macgregor_AfricaFaults","slip_type":"Normal"},"geometry":{"type":"LineString","coordinates":[[29.131416184,-4.69251466499992],[29.2001583690001,-4.5689316899999],[29.2345294620001,-4.49132200799994],[29.2459864930001,-4.37632936099993],[29.2345294620001,-4.30301217499994],[29.2574435240001,-4.2196231599999],[29.3018395180001,-4.07582778499994],[29.3190250650001,-3.96508753799992],[29.2918146160001,-3.87015534399995],[29.3018395180001,-3.83419334899992]]}},{"type":"Feature","properties":{"catalog_id":"EAF_472","catalog_name":"Macgregor_AfricaFaults","slip_type":"Normal"},"geometry":{"type":"LineString","coordinates":[[29.1443053440001,-4.32601442099991],[29.2001583690001,-4.05857057099996],[29.2316652040001,-3.8931702099999],[29.2603077810001,-3.83131632299995]]}},{"type":"Feature","properties":{"catalog_id":"EAF_473","catalog_name":"Macgregor_AfricaFaults","slip_type":"Normal"},"geometry":{"type":"LineString","coordinates":[[29.1256876690001,-3.83707036599992],[29.1156627670001,-3.92912965899995],[29.11136638,-4.16642196599992],[29.1085021220001,-4.26131881299995]]}},{"type":"Feature","properties":{"catalog_id":"EAF_474","catalog_name":"Macgregor_AfricaFaults","slip_type":"Normal"},"geometry":{"type":"LineString","coordinates":[[29.5538941970001,-4.87210140099995],[29.558190584,-4.80745568299994],[29.5725118730001,-4.71981491099996]]}},{"type":"Feature","properties":{"catalog_id":"EAF_476","catalog_name":"Macgregor_AfricaFaults","slip_type":"Normal"},"geometry":{"type":"LineString","coordinates":[[29.3190250650001,-4.72843581599994],[29.384902992,-4.45395138899994],[29.439323889,-4.29726150399995],[29.503769687,-4.2196231599999]]}},{"type":"Feature","properties":{"catalog_id":"EAF_499","catalog_name":"Macgregor_AfricaFaults","slip_type":"Normal"},"geometry":{"type":"LineString","coordinates":[[29.5520679350001,-4.84997494399994],[29.52464602,-5.23838889199993]]}},{"type":"Feature","properties":{"catalog_id":"EAF_500","catalog_name":"Macgregor_AfricaFaults","slip_type":"Normal"},"geometry":{"type":"LineString","coordinates":[[29.5597385770001,-5.27056544199991],[29.6583278580001,-5.35864534799992],[29.7645877800001,-5.49261712199996],[29.8262870900001,-5.56817752799992],[29.8879864,-5.74673548799996],[29.922263795,-5.86688689899995]]}},{"type":"Feature","properties":{"catalog_id":"EAF_501","catalog_name":"Macgregor_AfricaFaults","slip_type":"Normal"},"geometry":{"type":"LineString","coordinates":[[29.7097439490001,-6.01446552699991],[29.493796365,-5.74330221099996],[29.2675655620001,-5.43765799199991],[29.1613056390001,-5.24182511899994],[29.1373114630001,-5.01155619199994],[29.1064618080001,-4.81559085499993],[29.1236005050001,-4.64708359099996],[29.1373114630001,-4.60924976599995]]}},{"type":"Feature","properties":{"catalog_id":"EAF_502","catalog_name":"Macgregor_AfricaFaults","slip_type":"Normal"},"geometry":{"type":"LineString","coordinates":[[29.1236005050001,-3.85974119499991],[29.130455984,-3.71857017699995],[29.1407392020001,-3.58426427399991],[29.1590005500001,-3.27933012499994],[29.1681611180001,-3.0399564399999]]}},{"type":"Feature","properties":{"catalog_id":"EAF_2708","catalog_name":"Macgregor_AfricaFaults"},"geometry":{"type":"LineString","coordinates":[[36.859013313,11.4396897620001],[36.939025944,12.0014975980001],[37.039041733,12.3950450720001],[37.1890654170001,12.7683590010001]]}},{"type":"Feature","properties":{"catalog_id":"EAF_2710","catalog_name":"Macgregor_AfricaFaults"},"geometry":{"type":"LineString","coordinates":[[41.9852528520001,9.71384604300005],[42.931308937,9.91782562400005]]}},{"type":"Feature","properties":{"catalog_id":"EAF_2725","catalog_name":"Macgregor_AfricaFaults"},"geometry":{"type":"LineString","coordinates":[[34.6622874700001,-22.7571183199999],[34.7955372870001,-23.0426536399999],[34.8145729750001,-23.1949391449999],[34.8621621950001,-23.3852960249999],[34.8621621950001,-23.4614387779999]]}},{"type":"Feature","properties":{"catalog_id":"EAF_2726","catalog_name":"Macgregor_AfricaFaults"},"geometry":{"type":"LineString","coordinates":[[35.0325185020001,-23.8119541929999],[34.9192692590001,-23.1854213009999]]}},{"type":"Feature","properties":{"catalog_id":"EAF_2727","catalog_name":"Macgregor_AfricaFaults"},"geometry":{"type":"LineString","coordinates":[[34.7304796710001,-22.6403584629999],[34.9002335710001,-22.9189216679999],[35.0049298550001,-23.0997607049999]]}},{"type":"Feature","properties":{"catalog_id":"EAF_2728","catalog_name":"Macgregor_AfricaFaults"},"geometry":{"type":"LineString","coordinates":[[34.852644351,-21.8376945869999],[34.9192692590001,-22.0661228439999]]}},{"type":"Feature","properties":{"catalog_id":"EAF_2729","catalog_name":"Macgregor_AfricaFaults"},"geometry":{"type":"LineString","coordinates":[[34.9582967200001,-21.974174424],[35.244443248,-22.5689746319999]]}},{"type":"Feature","properties":{"catalog_id":"EAF_2731","catalog_name":"Macgregor_AfricaFaults"},"geometry":{"type":"LineString","coordinates":[[34.5956625620001,-21.8757659629999],[34.8050551310001,-22.1898548159999],[34.8716800390001,-22.2945511]]}},{"type":"Feature","properties":{"catalog_id":"EAF_2732","catalog_name":"Macgregor_AfricaFaults"},"geometry":{"type":"LineString","coordinates":[[34.643251782,-22.142265596],[34.7289123790001,-22.3611760079999]]}},{"type":"Feature","properties":{"catalog_id":"EAF_503","catalog_name":"Macgregor_AfricaFaults","slip_type":"Normal"},"geometry":{"type":"LineString","coordinates":[[29.3663102310001,-3.26940814499994],[29.3547930270001,-3.37193041699993],[29.341630507,-3.47113509499991],[29.3395480900001,-3.56704410799995],[29.3395480900001,-3.62559133099995],[29.3086984350001,-3.69790906099996],[29.2709933010001,-3.79776655099994],[29.2504268640001,-3.84252647199992]]}},{"type":"Feature","properties":{"catalog_id":"EAF_508","catalog_name":"Macgregor_AfricaFaults","slip_type":"Normal"},"geometry":{"type":"LineString","coordinates":[[29.103034069,-4.2659025699999],[29.0790398930001,-4.47234317599992]]}},{"type":"Feature","properties":{"catalog_id":"EAF_509","catalog_name":"Macgregor_AfricaFaults","slip_type":"Normal"},"geometry":{"type":"LineString","coordinates":[[29.1510224210001,-4.31751809899993],[29.133883724,-4.48266368199995]]}},{"type":"Feature","properties":{"catalog_id":"EAF_534","catalog_name":"Macgregor_AfricaFaults","slip_type":"Normal"},"geometry":{"type":"LineString","coordinates":[[28.7150005180001,-2.59450902699996],[28.7322623480001,-2.40849427899991],[28.7717179580001,-2.2596638499999],[28.8136395440001,-2.14803082699996]]}},{"type":"Feature","properties":{"catalog_id":"EAF_535","catalog_name":"Macgregor_AfricaFaults","slip_type":"Normal"},"geometry":{"type":"LineString","coordinates":[[28.8678910090001,-2.20756949499992],[28.9369383270001,-1.99421187399992],[29.0059856450001,-1.80315849699991],[29.0207814990001,-1.62945591399995],[29.0774989390001,-1.46318348599993],[29.1243524770001,-1.35398276899991],[29.1564101600001,-1.30434440699992]]}},{"type":"Feature","properties":{"catalog_id":"EAF_2740","catalog_name":"Macgregor_AfricaFaults"},"geometry":{"type":"LineString","coordinates":[[34.0666100500001,-22.7759877399999],[33.9952262200001,-22.4761756529999],[34.002364603,-22.2334706309999],[33.959534305,-22.083564587],[33.9666726880001,-22.0050423739999]]}},{"type":"Feature","properties":{"catalog_id":"EAF_2741","catalog_name":"Macgregor_AfricaFaults"},"geometry":{"type":"LineString","coordinates":[[34.1808241780001,-21.9479353099999],[34.2450696260001,-21.7694757339999],[34.2450696260001,-21.6481232229999],[34.2593463920001,-21.5767393929999],[34.266484775,-21.4411101159999]]}},{"type":"Feature","properties":{"catalog_id":"EAF_2742","catalog_name":"Macgregor_AfricaFaults"},"geometry":{"type":"LineString","coordinates":[[34.1451322630001,-21.605292925],[34.1165787310001,-21.9051050119999]]}},{"type":"Feature","properties":{"catalog_id":"EAF_2743","catalog_name":"Macgregor_AfricaFaults"},"geometry":{"type":"LineString","coordinates":[[34.359283754,-21.9051050119999],[34.4949130310001,-22.197778716],[34.601988776,-22.4333453549999]]}},{"type":"Feature","properties":{"catalog_id":"EAF_2744","catalog_name":"Macgregor_AfricaFaults"},"geometry":{"type":"LineString","coordinates":[[34.4877746480001,-21.9193817779999],[34.5948503930001,-22.1692251829999],[34.716202905,-22.4333453549999]]}},{"type":"Feature","properties":{"catalog_id":"EAF_2745","catalog_name":"Macgregor_AfricaFaults"},"geometry":{"type":"LineString","coordinates":[[34.3735605200001,-22.5404211],[34.3664221370001,-22.9544473149999]]}},{"type":"Feature","properties":{"catalog_id":"EAF_2746","catalog_name":"Macgregor_AfricaFaults"},"geometry":{"type":"LineString","coordinates":[[34.5234665630001,-22.604666548],[34.5091897970001,-22.99013923]]}},{"type":"Feature","properties":{"catalog_id":"EAF_2747","catalog_name":"Macgregor_AfricaFaults"},"geometry":{"type":"LineString","coordinates":[[33.8952888580001,-21.9479353099999],[33.859596943,-22.1121181189999],[33.9024272410001,-22.3548231419999],[33.9952262200001,-22.7331574419999]]}},{"type":"Feature","properties":{"catalog_id":"EAF_2748","catalog_name":"Macgregor_AfricaFaults"},"geometry":{"type":"LineString","coordinates":[[34.816140267,-19.8035650509999],[34.6805109900001,-19.5751367949999],[34.6305423080001,-19.446645901],[34.6091271590001,-19.1468338139999],[34.6162655420001,-18.8827136419999],[34.7233412880001,-18.6685621519999],[34.858970565,-18.4187187459999],[34.9874614590001,-18.2117056389999],[35.123090737,-18.018969297],[35.3086886950001,-17.8619248709999],[35.3586573760001,-17.5264208689999]]}},{"type":"Feature","properties":{"catalog_id":"EAF_2749","catalog_name":"Macgregor_AfricaFaults"},"geometry":{"type":"LineString","coordinates":[[35.123090737,-17.4264835069999],[35.0659836730001,-17.7548491249999],[35.0231533740001,-17.8690632539999],[34.9945998420001,-17.9761389989999],[34.9232160120001,-18.0760763609999],[34.7090645220001,-18.1902904899999],[34.5377433290001,-18.2117056389999]]}},{"type":"Feature","properties":{"catalog_id":"EAF_2751","catalog_name":"Macgregor_AfricaFaults"},"geometry":{"type":"LineString","coordinates":[[34.3235918390001,-17.7834026579999],[34.266484775,-18.0617995949999],[34.3806989030001,-18.4329955119999],[34.359283754,-18.5829015549999],[34.2807615410001,-18.732807599],[34.2379312420001,-18.9041287909999],[34.2736231580001,-18.9326823229999],[34.1879625610001,-19.0754499839999],[34.195100944,-19.1968024949999],[34.2307928590001,-19.2896014739999]]}},{"type":"Feature","properties":{"catalog_id":"EAF_2752","catalog_name":"Macgregor_AfricaFaults"},"geometry":{"type":"LineString","coordinates":[[34.6376806910001,-19.4866208449999],[34.8732473310001,-19.9006470609999]]}},{"type":"Feature","properties":{"catalog_id":"EAF_2753","catalog_name":"Macgregor_AfricaFaults"},"geometry":{"type":"LineString","coordinates":[[34.5877120100001,-19.5437279099999],[34.8446937990001,-20.0148611889999],[35.0659836730001,-20.2575662109999]]}},{"type":"Feature","properties":{"catalog_id":"EAF_2754","catalog_name":"Macgregor_AfricaFaults"},"geometry":{"type":"LineString","coordinates":[[34.4949130310001,-19.7293258679999],[34.816140267,-20.1647672319999]]}},{"type":"Feature","properties":{"catalog_id":"EAF_2755","catalog_name":"Macgregor_AfricaFaults"},"geometry":{"type":"LineString","coordinates":[[34.6733726070001,-20.0576914869999],[34.787586735,-20.457440936],[34.8304170330001,-20.7144227239999],[34.8946624800001,-20.9285742149999],[35.0374301400001,-21.3211852809999],[35.0873988220001,-21.6067206019999]]}},{"type":"Feature","properties":{"catalog_id":"EAF_2756","catalog_name":"Macgregor_AfricaFaults"},"geometry":{"type":"LineString","coordinates":[[34.9945998420001,-20.386057106],[35.1302291200001,-20.6073469789999]]}},{"type":"Feature","properties":{"catalog_id":"EAF_2757","catalog_name":"Macgregor_AfricaFaults"},"geometry":{"type":"LineString","coordinates":[[35.1801978010001,-20.7286994909999],[35.2081401250001,-21.0580819369999],[35.2557293450001,-21.3079253419999]]}},{"type":"Feature","properties":{"catalog_id":"EAF_2758","catalog_name":"Macgregor_AfricaFaults"},"geometry":{"type":"LineString","coordinates":[[35.0588452890001,-21.0142348109999],[35.2087513330001,-21.3283236639999]]}},{"type":"Feature","properties":{"catalog_id":"EAF_2759","catalog_name":"Macgregor_AfricaFaults"},"geometry":{"type":"LineString","coordinates":[[34.858970565,-20.3717803399999],[35.0951157270001,-21.004544064]]}},{"type":"Feature","properties":{"catalog_id":"EAF_2760","catalog_name":"Macgregor_AfricaFaults"},"geometry":{"type":"LineString","coordinates":[[34.7441452290001,-21.4923335699999],[35.0118345920001,-21.8789959839999],[35.1516442690001,-22.0521557019999]]}},{"type":"Feature","properties":{"catalog_id":"EAF_536","catalog_name":"Macgregor_AfricaFaults","slip_type":"Normal"},"geometry":{"type":"LineString","coordinates":[[29.3832799210001,-1.34653708],[29.3610861400001,-1.42099291699992],[29.3413583340001,-1.49048283899992],[29.3216305290001,-1.56493385899995],[29.2747769920001,-1.62945591399995],[29.2599811380001,-1.67908684399993],[29.2747769920001,-1.77834483399994],[29.2994367480001,-1.85774734499995],[29.3117666270001,-1.92970275099992],[29.3438243100001,-2.00413612899996],[29.3561541880001,-2.04879451899996],[29.0947607690001,-2.36384683399996],[29.0503732070001,-2.53002695299995],[28.9739279620001,-2.78049604699993]]}},{"type":"Feature","properties":{"catalog_id":"EAF_539","catalog_name":"Macgregor_AfricaFaults","slip_type":"Normal"},"geometry":{"type":"LineString","coordinates":[[29.1391483310001,-2.94959450699992],[29.1243524770001,-2.83802210799996]]}},{"type":"Feature","properties":{"catalog_id":"EAF_541","catalog_name":"Macgregor_AfricaFaults","slip_type":"Normal"},"geometry":{"type":"LineString","coordinates":[[29.3857458960001,-1.32866733099991],[29.4720550440001,-1.23931665799995],[29.4424633360001,-1.16733749499991],[29.5312384600001,-0.822310017999939],[29.5485002890001,-0.775145356999928]]}},{"type":"Feature","properties":{"catalog_id":"EAF_542","catalog_name":"Macgregor_AfricaFaults","slip_type":"Normal"},"geometry":{"type":"LineString","coordinates":[[29.1613421120001,-1.29888412599996],[29.2846408940001,-1.16981956699993],[29.3166985780001,-1.0010338599999],[29.3314944320001,-0.864509498999951]]}},{"type":"Feature","properties":{"catalog_id":"EAF_543","catalog_name":"Macgregor_AfricaFaults","slip_type":"Normal"},"geometry":{"type":"LineString","coordinates":[[29.0627030850001,-2.28496614199992],[29.1095566230001,-1.94260477599994],[29.1465462580001,-1.69199067799991]]}},{"type":"Feature","properties":{"catalog_id":"EAF_544","catalog_name":"Macgregor_AfricaFaults","slip_type":"Normal"},"geometry":{"type":"LineString","coordinates":[[30.231143923,0.725250922000043],[30.3587014050001,0.787075945000083],[30.4342910250001,0.853655698000068],[30.4579127810001,0.891700752000077],[30.5098806440001,0.910723131000054],[30.5665728580001,0.977300642000046],[30.599389515,1.01190641100004]]}},{"type":"Feature","properties":{"catalog_id":"EAF_545","catalog_name":"Macgregor_AfricaFaults","slip_type":"Normal"},"geometry":{"type":"LineString","coordinates":[[29.317766835,-0.546795663999944],[29.3752729870001,-0.40689079699996],[29.4286591970001,-0.307843583999954],[29.5109249440001,-0.055243537999957],[29.4821319320001,0.102114733000064],[29.4739053580001,0.193216611000082],[29.4862452200001,0.305022760000043]]}},{"type":"Feature","properties":{"catalog_id":"EAF_546","catalog_name":"Macgregor_AfricaFaults","slip_type":"Normal"},"geometry":{"type":"LineString","coordinates":[[29.5726242540001,-0.104935592999936],[29.6507767130001,0.064845695000088],[29.675456437,0.218062501000077]]}},{"type":"Feature","properties":{"catalog_id":"EAF_547","catalog_name":"Macgregor_AfricaFaults","slip_type":"Normal"},"geometry":{"type":"LineString","coordinates":[[29.6384368510001,-0.146345579999945],[29.7453823210001,0.085550720000072]]}},{"type":"Feature","properties":{"catalog_id":"EAF_548","catalog_name":"Macgregor_AfricaFaults","slip_type":"Normal"},"geometry":{"type":"LineString","coordinates":[[29.8153082060001,0.019294611000078],[29.8728942280001,0.08969172400009]]}},{"type":"Feature","properties":{"catalog_id":"EAF_549","catalog_name":"Macgregor_AfricaFaults","slip_type":"Normal"},"geometry":{"type":"LineString","coordinates":[[29.9469334,0.122819737000043],[30.1114648930001,0.329868426000075]]}},{"type":"Feature","properties":{"catalog_id":"EAF_550","catalog_name":"Macgregor_AfricaFaults","slip_type":"Normal"},"geometry":{"type":"LineString","coordinates":[[29.848214505,-0.10907659499992],[29.9181403890001,0.023435620000043]]}},{"type":"Feature","properties":{"catalog_id":"EAF_551","catalog_name":"Macgregor_AfricaFaults","slip_type":"Normal"},"geometry":{"type":"LineString","coordinates":[[29.8934606650001,-0.113217595999913],[29.9839529860001,-0.02625648399993],[30.0744453070001,0.147665719000088],[30.201957215,0.358854957000062]]}},{"type":"Feature","properties":{"catalog_id":"EAF_552","catalog_name":"Macgregor_AfricaFaults","slip_type":"Normal"},"geometry":{"type":"LineString","coordinates":[[30.2883362480001,0.329868426000075],[30.3089026850001,0.093832728000052],[30.296562823,0.006871585000056],[30.2513166630001,-0.096653588999914]]}},{"type":"Feature","properties":{"catalog_id":"EAF_553","catalog_name":"Macgregor_AfricaFaults","slip_type":"Normal"},"geometry":{"type":"LineString","coordinates":[[30.1855040650001,-0.080089572999952],[30.0374257220001,-0.28299786599996]]}},{"type":"Feature","properties":{"catalog_id":"EAF_554","catalog_name":"Macgregor_AfricaFaults","slip_type":"Normal"},"geometry":{"type":"LineString","coordinates":[[30.033312434,-0.291279777999932],[30.02508586,-0.3782394499999],[29.9633865500001,-0.43207119899995],[29.848214505,-0.535592663999921]]}},{"type":"Feature","properties":{"catalog_id":"EAF_555","catalog_name":"Macgregor_AfricaFaults","slip_type":"Normal"},"geometry":{"type":"LineString","coordinates":[[29.8111949190001,-0.585282359999951],[29.708362735,-0.701223180999932],[29.6219837020001,-0.755051888999958]]}},{"type":"Feature","properties":{"catalog_id":"EAF_556","catalog_name":"Macgregor_AfricaFaults","slip_type":"Normal"},"geometry":{"type":"LineString","coordinates":[[29.4739053580001,-1.24775412699995],[29.5356046680001,-1.10698998599992],[29.5685109660001,-0.95793823899993],[29.5808508280001,-0.875128807999943]]}},{"type":"Feature","properties":{"catalog_id":"EAF_557","catalog_name":"Macgregor_AfricaFaults","slip_type":"Normal"},"geometry":{"type":"LineString","coordinates":[[29.5286227290001,-0.744586363999929],[29.637205527,-0.516603800999917]]}},{"type":"Feature","properties":{"catalog_id":"EAF_558","catalog_name":"Macgregor_AfricaFaults","slip_type":"Normal"},"geometry":{"type":"LineString","coordinates":[[29.5973039780001,-0.556296755999938],[29.6843685590001,-0.136723458999938]]}},{"type":"Feature","properties":{"catalog_id":"EAF_559","catalog_name":"Macgregor_AfricaFaults","slip_type":"Normal"},"geometry":{"type":"LineString","coordinates":[[29.8029683440001,-0.423789414999931],[29.88523409,-0.254011126999956]]}},{"type":"Feature","properties":{"catalog_id":"EAF_560","catalog_name":"Macgregor_AfricaFaults","slip_type":"Normal"},"geometry":{"type":"LineString","coordinates":[[29.708362735,-0.548015127999918],[29.6836830110001,-0.697082484999953]]}},{"type":"Feature","properties":{"catalog_id":"EAF_1326","catalog_name":"Macgregor_AfricaFaults","slip_type":"Normal"},"geometry":{"type":"LineString","coordinates":[[13.6057531610001,34.4419643130001],[13.619596437,34.4339861110001],[14.0561699090001,34.1065560070001],[14.5929421200001,33.812565856]]}},{"type":"Feature","properties":{"catalog_id":"EAF_1326","catalog_name":"Macgregor_AfricaFaults","slip_type":"Normal"},"geometry":{"type":"LineString","coordinates":[[12.5281627560001,35.6345631600001],[13.1393656170001,35.3289617300001],[13.3358236800001,35.0888463200001],[13.7044720570001,34.9176753780001]]}},{"type":"Feature","properties":{"catalog_id":"EAF_1326","catalog_name":"Macgregor_AfricaFaults","slip_type":"Normal"},"geometry":{"type":"LineString","coordinates":[[13.0302222490001,35.809192549],[13.7373783560001,35.269271174],[14.049988193,35.1342230720001],[15.0865365990001,34.9718665510001],[15.8269283180001,35.012486208]]}},{"type":"Feature","properties":{"catalog_id":"EAF_1326","catalog_name":"Macgregor_AfricaFaults","slip_type":"Normal"},"geometry":{"type":"LineString","coordinates":[[13.8360972520001,34.4964707550001],[13.9512692970001,34.4010609160001],[14.11580079,34.3055411670001],[14.2474259840001,34.2235797210001],[14.3836000130001,34.084727334],[14.820173486,33.8664405980001]]}},{"type":"Feature","properties":{"catalog_id":"EAF_1326","catalog_name":"Macgregor_AfricaFaults","slip_type":"Normal"},"geometry":{"type":"LineString","coordinates":[[12.9429075550001,36.071136633],[14.1216559300001,35.416276424],[14.9074881800001,35.0888463200001]]}},{"type":"Feature","properties":{"catalog_id":"EAF_1326","catalog_name":"Macgregor_AfricaFaults","slip_type":"Normal"},"geometry":{"type":"LineString","coordinates":[[11.6986731590001,36.856968883],[12.4845054090001,36.333080716],[12.9429075550001,36.2457660220001],[13.2703376590001,36.2457660220001],[13.6632537840001,36.071136633],[14.3836000130001,35.547248466],[14.8856595070001,35.3071330560001],[15.1476035900001,35.1761610140001]]}},{"type":"Feature","properties":{"catalog_id":"EAF_1326","catalog_name":"Macgregor_AfricaFaults","slip_type":"Normal"},"geometry":{"type":"LineString","coordinates":[[11.633187138,37.1625703130001],[12.5281627560001,36.6823394940001],[13.4667957220001,36.333080716],[14.0779985830001,35.9838219380001],[14.689201444,35.5909058130001],[15.3004043050001,35.3071330560001],[16.9292893210001,34.836320889]]}},{"type":"Feature","properties":{"catalog_id":"EAF_561","catalog_name":"Macgregor_AfricaFaults","slip_type":"Normal"},"geometry":{"type":"LineString","coordinates":[[29.2698450400001,-0.537147148999907],[29.2051506180001,-0.701169579999942],[29.169209273,-0.841066516999945],[29.1811897210001,-0.973722723999913]]}},{"type":"Feature","properties":{"catalog_id":"EAF_562","catalog_name":"Macgregor_AfricaFaults","slip_type":"Normal"},"geometry":{"type":"LineString","coordinates":[[35.330575906,-5.63474379699994],[34.9578641520001,-4.76654598599993]]}},{"type":"Feature","properties":{"catalog_id":"EAF_563","catalog_name":"Macgregor_AfricaFaults","slip_type":"Normal"},"geometry":{"type":"LineString","coordinates":[[34.124743762,-5.34914301899994],[33.9603121060001,-4.85451875299992],[33.971274216,-4.51356142399993],[34.0918574310001,-4.30450654299995],[34.2672511970001,-4.16143529199991],[34.431682853,-3.98531152799995]]}},{"type":"Feature","properties":{"catalog_id":"EAF_564","catalog_name":"Macgregor_AfricaFaults","slip_type":"Normal"},"geometry":{"type":"LineString","coordinates":[[34.3987965220001,-4.78854025599992],[34.3439859700001,-4.35952674199996]]}},{"type":"Feature","properties":{"catalog_id":"EAF_1469","catalog_name":"Macgregor_AfricaFaults","slip_type":"Normal"},"geometry":{"type":"LineString","coordinates":[[40.0479853430001,-7.06628743799996],[40.2536497090001,-7.43595752899995]]}},{"type":"Feature","properties":{"catalog_id":"EAF_565","catalog_name":"Macgregor_AfricaFaults","slip_type":"Normal"},"geometry":{"type":"LineString","coordinates":[[34.60707662,-4.28249733199993],[35.2428790230001,-3.7651032599999],[35.3415380160001,-3.66599092599995]]}},{"type":"Feature","properties":{"catalog_id":"EAF_566","catalog_name":"Macgregor_AfricaFaults","slip_type":"Normal"},"geometry":{"type":"LineString","coordinates":[[35.0784473670001,-4.62356598699995],[35.5169317830001,-4.1724417199999],[35.7252118800001,-3.99632040099993],[35.8019466530001,-3.74307927499996],[35.867719316,-3.51179416499991],[35.99926464,-3.29146858399992],[36.021188861,-3.13721109699992],[35.99926464,-2.89476029699995],[35.8896435360001,-2.71839916599993],[35.9115677570001,-2.58611108099996],[35.99926464,-2.43175736199993],[36.0540751920001,-2.33252044899996],[35.99926464,-2.21122128299993],[35.9554161990001,-2.1009405799999]]}},{"type":"Feature","properties":{"catalog_id":"EAF_567","catalog_name":"Macgregor_AfricaFaults","slip_type":"Normal"},"geometry":{"type":"LineString","coordinates":[[36.3500521730001,-3.62193740799995],[36.174658407,-3.24739743599991],[35.99926464,-3.03803331499995]]}},{"type":"Feature","properties":{"catalog_id":"EAF_568","catalog_name":"Macgregor_AfricaFaults","slip_type":"Normal"},"geometry":{"type":"LineString","coordinates":[[35.99926464,-4.54656458599993],[36.0650373030001,-4.29350201799991],[36.075999413,-4.11740802699995],[36.0869615240001,-3.91925517099992],[36.075999413,-3.7981381799999]]}},{"type":"Feature","properties":{"catalog_id":"EAF_569","catalog_name":"Macgregor_AfricaFaults","slip_type":"Normal"},"geometry":{"type":"LineString","coordinates":[[36.6131428230001,-3.48976392299994],[36.843347141,-4.0403543899999],[36.942006135,-4.29350201799991],[37.0625893490001,-4.50256003199991]]}},{"type":"Feature","properties":{"catalog_id":"EAF_570","catalog_name":"Macgregor_AfricaFaults","slip_type":"Normal"},"geometry":{"type":"LineString","coordinates":[[37.1941346740001,-3.39062140399994],[37.457225324,-4.02934611899991],[37.6545433110001,-4.43654815299993],[37.764164415,-4.70055890799995]]}},{"type":"Feature","properties":{"catalog_id":"EAF_1470","catalog_name":"Macgregor_AfricaFaults","slip_type":"Normal"},"geometry":{"type":"LineString","coordinates":[[40.2214583780001,-7.67920704699992],[40.2763022090001,-7.79955552099995],[40.3605951800001,-8.04316715199991]]}},{"type":"Feature","properties":{"catalog_id":"EAF_743","catalog_name":"Macgregor_AfricaFaults","slip_type":"Normal"},"geometry":{"type":"LineString","coordinates":[[36.1047140630001,3.50713584400006],[36.0890878660001,3.46041718400005],[36.1077058690001,3.33318846100008]]}},{"type":"Feature","properties":{"catalog_id":"EAF_571","catalog_name":"Macgregor_AfricaFaults","slip_type":"Normal"},"geometry":{"type":"LineString","coordinates":[[37.588770648,-3.61092368799996],[37.665505421,-3.95228401599991],[37.7203159730001,-4.1394219699999],[37.8737855190001,-4.4145428599999]]}},{"type":"Feature","properties":{"catalog_id":"EAF_572","catalog_name":"Macgregor_AfricaFaults","slip_type":"Normal"},"geometry":{"type":"LineString","coordinates":[[38.0820656160001,-4.5575653],[37.9834066230001,-4.1724417199999],[37.840899188,-3.84218274399996]]}},{"type":"Feature","properties":{"catalog_id":"EAF_2288","catalog_name":"Macgregor_AfricaFaults","slip_type":"Normal"},"geometry":{"type":"LineString","coordinates":[[31.4711444810001,3.52021323200006],[31.3532866560001,3.37652869],[31.332037589,3.32849700700007]]}},{"type":"Feature","properties":{"catalog_id":"EAF_575","catalog_name":"Macgregor_AfricaFaults","slip_type":"Normal"},"geometry":{"type":"LineString","coordinates":[[34.6509250610001,-3.77611504199996],[35.122295808,-3.51179416499991],[35.374424348,-3.24739743599991],[35.4292349,-3.00497198799991],[35.5388560040001,-2.79556047499995],[35.5936665560001,-2.63020869799993],[35.6813634390001,-2.45380901499993],[35.7690603220001,-2.31046682699991],[35.8896435360001,-2.17813792499993],[35.966378309,-2.12299736499995]]}},{"type":"Feature","properties":{"catalog_id":"EAF_576","catalog_name":"Macgregor_AfricaFaults","slip_type":"Normal"},"geometry":{"type":"LineString","coordinates":[[36.6679533750001,-1.41704008499994],[36.711801816,-1.78108339499994],[36.6131428230001,-2.04579724299992],[36.4925596080001,-2.27738574499995],[36.3939006150001,-2.43175736199993],[36.382938504,-2.54201191099992]]}},{"type":"Feature","properties":{"catalog_id":"EAF_577","catalog_name":"Macgregor_AfricaFaults","slip_type":"Normal"},"geometry":{"type":"LineString","coordinates":[[36.0102267510001,-2.01271031499994],[36.1088857440001,-1.75902208899993],[36.119847855,-1.5052989],[36.021188861,-1.24051244199995],[35.9773404200001,-1.10810878499996]]}},{"type":"Feature","properties":{"catalog_id":"EAF_578","catalog_name":"Macgregor_AfricaFaults","slip_type":"Normal"},"geometry":{"type":"LineString","coordinates":[[36.0321509720001,-1.27361233599993],[36.1417720760001,-0.997767791999934]]}},{"type":"Feature","properties":{"catalog_id":"EAF_579","catalog_name":"Macgregor_AfricaFaults","slip_type":"Normal"},"geometry":{"type":"LineString","coordinates":[[36.558332271,-1.58252240099995],[36.5692943810001,-1.25154578699994],[36.635067044,-1.09707486599996],[36.5254459400001,-0.788109913999961],[36.3171658420001,-0.357729153999912],[36.2733174,-0.170119434999947],[36.2733174,-0.048723796999923],[36.3062037320001,0.039564110000072]]}},{"type":"Feature","properties":{"catalog_id":"EAF_580","catalog_name":"Macgregor_AfricaFaults","slip_type":"Normal"},"geometry":{"type":"LineString","coordinates":[[36.25139318,-0.048723796999923],[36.196582628,-0.192191301999912],[36.25139318,-0.368764918999943],[36.2842795110001,-0.468086127999925]]}},{"type":"Feature","properties":{"catalog_id":"EAF_581","catalog_name":"Macgregor_AfricaFaults","slip_type":"Normal"},"geometry":{"type":"LineString","coordinates":[[36.7994987,-0.821214573999953],[36.6241049330001,-0.390836405999949],[36.4706353880001,-0.125975626999946],[36.404862725,-0.026651822999952],[36.3390900630001,0.050600096000039]]}},{"type":"Feature","properties":{"catalog_id":"EAF_582","catalog_name":"Macgregor_AfricaFaults","slip_type":"Normal"},"geometry":{"type":"LineString","coordinates":[[35.9334919780001,-0.368764918999943],[36.119847855,-0.710864690999927],[36.174658407,-0.88742304799996],[36.2404310690001,-1.15224403899992]]}},{"type":"Feature","properties":{"catalog_id":"EAF_583","catalog_name":"Macgregor_AfricaFaults","slip_type":"Normal"},"geometry":{"type":"LineString","coordinates":[[35.758098212,-0.203227224999921],[35.6046286660001,-0.291514297999925]]}},{"type":"Feature","properties":{"catalog_id":"EAF_584","catalog_name":"Macgregor_AfricaFaults","slip_type":"Normal"},"geometry":{"type":"LineString","coordinates":[[35.3196137960001,-0.236334945999943],[34.914015711,-0.368764918999943],[34.6838113920001,-0.401872127999923],[34.5632281780001,-0.479121734999922],[34.278213308,-0.688794380999923]]}},{"type":"Feature","properties":{"catalog_id":"EAF_585","catalog_name":"Macgregor_AfricaFaults","slip_type":"Normal"},"geometry":{"type":"LineString","coordinates":[[34.1137816520001,-0.545334986999933],[34.7605461650001,-0.137011586999961],[34.990750484,-0.10390369299995],[35.2648032440001,-0.10390369299995],[35.3963485680001,-0.059759781999958],[35.5169317830001,-0.015615834999949]]}},{"type":"Feature","properties":{"catalog_id":"EAF_586","catalog_name":"Macgregor_AfricaFaults","slip_type":"Normal"},"geometry":{"type":"LineString","coordinates":[[36.2842795110001,-1.36187658099993],[36.25139318,-1.64871165899996]]}},{"type":"Feature","properties":{"catalog_id":"EAF_587","catalog_name":"Macgregor_AfricaFaults","slip_type":"Normal"},"geometry":{"type":"LineString","coordinates":[[36.503521719,-1.72592963499994],[36.426786946,-2.04579724299992]]}},{"type":"Feature","properties":{"catalog_id":"EAF_588","catalog_name":"Macgregor_AfricaFaults","slip_type":"Normal"},"geometry":{"type":"LineString","coordinates":[[36.3610142840001,-1.33981081899992],[36.3610142840001,-1.54942696299992]]}},{"type":"Feature","properties":{"catalog_id":"EAF_589","catalog_name":"Macgregor_AfricaFaults","slip_type":"Normal"},"geometry":{"type":"LineString","coordinates":[[34.06993321,-1.62664881599994],[34.3110996390001,-1.5052989],[34.6290008400001,-1.5052989],[34.8482430480001,-1.45013755099995],[34.9797883730001,-1.33981081899992],[35.0894094770001,-1.19637860099994],[35.3196137960001,-0.876388382999949]]}},{"type":"Feature","properties":{"catalog_id":"EAF_593","catalog_name":"Macgregor_AfricaFaults","slip_type":"Normal"},"geometry":{"type":"LineString","coordinates":[[35.816855671,3.59301498100007],[35.7601608480001,3.99538794600005],[35.8069485620001,4.10102127100009],[35.850681519,4.34113076600005],[35.8428459620001,4.62445796]]}},{"type":"Feature","properties":{"catalog_id":"EAF_594","catalog_name":"Macgregor_AfricaFaults","slip_type":"Normal"},"geometry":{"type":"LineString","coordinates":[[35.8738248940001,0.231418545000054],[35.7294080490001,0.30362696800006],[35.697038756,0.375835390000077],[35.6571996260001,0.433104139000079],[35.5576018020001,0.545151691000058],[35.5700515300001,0.659689189000062],[35.6123806050001,0.80908592600008],[35.6870789740001,0.931093260000068],[35.6571996260001,1.01077152],[35.6372800610001,1.23984651500007]]}},{"type":"Feature","properties":{"catalog_id":"EAF_595","catalog_name":"Macgregor_AfricaFaults","slip_type":"Normal"},"geometry":{"type":"LineString","coordinates":[[36.0370418990001,0.090432109000062],[36.057508893,0.386618608000049],[36.0879602160001,0.580010930000071],[36.1825781490001,0.79912614300008],[36.3269949940001,1.03816092100004]]}},{"type":"Feature","properties":{"catalog_id":"EAF_596","catalog_name":"Macgregor_AfricaFaults","slip_type":"Normal"},"geometry":{"type":"LineString","coordinates":[[36.25139318,1.60646128100007],[36.3719763940001,2.01458544],[36.4925596080001,2.32336841900008],[36.5144838290001,2.55491125800006],[36.5254459400001,2.76436605100008]]}},{"type":"Feature","properties":{"catalog_id":"EAF_597","catalog_name":"Macgregor_AfricaFaults","slip_type":"Normal"},"geometry":{"type":"LineString","coordinates":[[36.5229696490001,1.50746240900008],[36.6636802370001,2.02233630800009],[36.7327563430001,2.27714026800004]]}},{"type":"Feature","properties":{"catalog_id":"EAF_598","catalog_name":"Macgregor_AfricaFaults","slip_type":"Normal"},"geometry":{"type":"LineString","coordinates":[[36.5311705340001,1.51623047700008],[36.486351513,1.26972586300008],[36.4465123830001,1.00828157400008],[36.4390425460001,0.687078591000045],[36.4365526010001,0.111901156000044]]}},{"type":"Feature","properties":{"catalog_id":"EAF_600","catalog_name":"Macgregor_AfricaFaults","slip_type":"Normal"},"geometry":{"type":"LineString","coordinates":[[36.563958567,3.16594011900008],[36.5310522680001,3.47460911100006],[36.5036303530001,3.66747586600007],[36.5036303530001,3.86030046200005],[36.591380482,4.14670014600006]]}},{"type":"Feature","properties":{"catalog_id":"EAF_601","catalog_name":"Macgregor_AfricaFaults","slip_type":"Normal"},"geometry":{"type":"LineString","coordinates":[[36.963930356,4.15230001900005],[36.8104608100001,3.77798721100004],[36.7227639270001,3.52468179300007],[36.7337260370001,3.31537653700008],[36.7337260370001,3.12806527600009]]}},{"type":"Feature","properties":{"catalog_id":"EAF_602","catalog_name":"Macgregor_AfricaFaults","slip_type":"Normal"},"geometry":{"type":"LineString","coordinates":[[36.6569912640001,3.31537653700008],[36.6679533750001,3.64583689300008],[36.6791306120001,3.83275675600004],[36.7010681440001,3.98698975],[36.783333891,4.19075248500008]]}},{"type":"Feature","properties":{"catalog_id":"EAF_2828","catalog_name":"Macgregor_AfricaFaults","slip_type":"Normal"},"geometry":{"type":"LineString","coordinates":[[36.6683173310001,4.31430355800006],[36.68400497,4.59728942200007],[36.6721353760001,4.67743074],[36.6632028690001,4.71743184600007],[36.7455901800001,4.76356810300007],[36.7422010180001,4.91860865900009],[36.711208861,5.00560243700005],[36.8351318750001,5.11952449100005],[36.8961559420001,5.23423423],[36.9205060040001,5.33186880400007],[36.8381777220001,5.59208843],[36.9581486020001,5.74317325800007]]}},{"type":"Feature","properties":{"catalog_id":"EAF_2828","catalog_name":"Macgregor_AfricaFaults","slip_type":"Normal"},"geometry":{"type":"LineString","coordinates":[[37.0132199280001,4.41284258900009],[36.9992814750001,4.60568103800006],[37.0165963960001,4.69935757600007],[37.0129924330001,4.82233866700005],[37.014458489,4.94292291100004],[37.0081662260001,5.02426796],[37.0325162870001,5.08775349600006],[37.0714763860001,5.14634989800004],[37.1153064970001,5.20982316200008],[37.3694773350001,5.48905331600008]]}},{"type":"Feature","properties":{"catalog_id":"EAF_2828","catalog_name":"Macgregor_AfricaFaults","slip_type":"Normal"},"geometry":{"type":"LineString","coordinates":[[36.530905019,5.18541113300006],[36.696485437,5.45877019100004]]}},{"type":"Feature","properties":{"catalog_id":"EAF_2828","catalog_name":"Macgregor_AfricaFaults","slip_type":"Normal"},"geometry":{"type":"LineString","coordinates":[[36.4627248460001,5.22935209300005],[36.5844751540001,5.47341091900006]]}},{"type":"Feature","properties":{"catalog_id":"EAF_2828","catalog_name":"Macgregor_AfricaFaults","slip_type":"Normal"},"geometry":{"type":"LineString","coordinates":[[35.93325451,5.44783419900006],[36.0703640880001,5.52340037600004],[36.1625934790001,5.65271881600006],[36.2520342780001,5.75003979400009],[36.310305848,5.96972406600008]]}},{"type":"Feature","properties":{"catalog_id":"EAF_2828","catalog_name":"Macgregor_AfricaFaults","slip_type":"Normal"},"geometry":{"type":"LineString","coordinates":[[37.0712640040001,6.01090503300009],[36.941009905,5.86675797400005]]}},{"type":"Feature","properties":{"catalog_id":"EAF_2828","catalog_name":"Macgregor_AfricaFaults","slip_type":"Normal"},"geometry":{"type":"LineString","coordinates":[[35.8269945870001,4.60912057800005],[35.631613439,4.84296912500008],[35.652179876,5.06298711700009],[35.4739374250001,5.47874880700004],[35.367677503,5.74660653600006],[35.305978193,6.03149433400006]]}},{"type":"Feature","properties":{"catalog_id":"EAF_2828","catalog_name":"Macgregor_AfricaFaults","slip_type":"Normal"},"geometry":{"type":"LineString","coordinates":[[35.7101318730001,5.69392336900006],[35.7512647470001,5.90813830600007],[35.7923976200001,6.09756625600005],[35.8335304930001,6.22930237900005],[35.8993430900001,6.35277459100007]]}},{"type":"Feature","properties":{"catalog_id":"EAF_2828","catalog_name":"Macgregor_AfricaFaults","slip_type":"Normal"},"geometry":{"type":"LineString","coordinates":[[35.731017883,5.77063889700008],[35.7303147330001,5.46065919200009],[35.652179876,5.22451472700004]]}},{"type":"Feature","properties":{"catalog_id":"EAF_2828","catalog_name":"Macgregor_AfricaFaults","slip_type":"Normal"},"geometry":{"type":"LineString","coordinates":[[36.9194383480001,5.75984441800006],[36.7220005560001,5.56205836800007]]}},{"type":"Feature","properties":{"catalog_id":"EAF_2828","catalog_name":"Macgregor_AfricaFaults","slip_type":"Normal"},"geometry":{"type":"LineString","coordinates":[[36.9029851980001,5.76808400600004],[36.9852509450001,6.02345023100008],[37.0099306690001,6.13050338900007],[37.1004229900001,6.27046308200005],[37.1168761390001,6.31162049300008]]}},{"type":"Feature","properties":{"catalog_id":"EAF_2828","catalog_name":"Macgregor_AfricaFaults","slip_type":"Normal"},"geometry":{"type":"LineString","coordinates":[[36.3205890670001,5.98688318500007],[36.3959993340001,6.34366674700004]]}},{"type":"Feature","properties":{"catalog_id":"EAF_2828","catalog_name":"Macgregor_AfricaFaults","slip_type":"Normal"},"geometry":{"type":"LineString","coordinates":[[37.191234884,5.28636526500009],[37.1158246160001,5.58178574],[37.0969952510001,5.58815904900007],[37.1792609970001,5.72001803900008],[37.0678362640001,6.01433663800009]]}},{"type":"Feature","properties":{"catalog_id":"EAF_2828","catalog_name":"Macgregor_AfricaFaults","slip_type":"Normal"},"geometry":{"type":"LineString","coordinates":[[36.7220005560001,5.96579734],[36.8700789,6.10580073200009],[36.9934775190001,6.26223120400005],[37.1004229900001,6.60785475800009]]}},{"type":"Feature","properties":{"catalog_id":"EAF_2828","catalog_name":"Macgregor_AfricaFaults","slip_type":"Normal"},"geometry":{"type":"LineString","coordinates":[[36.1594853130001,6.45682530600004],[35.9435377280001,6.75502845300008]]}},{"type":"Feature","properties":{"catalog_id":"EAF_2828","catalog_name":"Macgregor_AfricaFaults","slip_type":"Normal"},"geometry":{"type":"LineString","coordinates":[[36.1080692210001,6.45682530600004],[36.0566531300001,6.30251191400009],[36.029231214,5.68823796100008],[35.9298267710001,5.44439914300006]]}},{"type":"Feature","properties":{"catalog_id":"EAF_2828","catalog_name":"Macgregor_AfricaFaults","slip_type":"Normal"},"geometry":{"type":"LineString","coordinates":[[36.055648009,6.54204017],[36.3682578460001,6.85457974]]}},{"type":"Feature","properties":{"catalog_id":"EAF_2828","catalog_name":"Macgregor_AfricaFaults","slip_type":"Normal"},"geometry":{"type":"LineString","coordinates":[[36.5986019360001,6.70655997900008],[36.7795865780001,6.91213046100006]]}},{"type":"Feature","properties":{"catalog_id":"EAF_2828","catalog_name":"Macgregor_AfricaFaults","slip_type":"Normal"},"geometry":{"type":"LineString","coordinates":[[37.215595035,6.82169044900007],[37.2814076320001,7.07652177500006]]}},{"type":"Feature","properties":{"catalog_id":"EAF_2828","catalog_name":"Macgregor_AfricaFaults","slip_type":"Normal"},"geometry":{"type":"LineString","coordinates":[[37.4294859760001,6.96967408200004],[37.4952985730001,7.20799219200006]]}},{"type":"Feature","properties":{"catalog_id":"EAF_2828","catalog_name":"Macgregor_AfricaFaults","slip_type":"Normal"},"geometry":{"type":"LineString","coordinates":[[36.7220005560001,7.09295766700006],[37.0263838180001,7.33942396500004]]}},{"type":"Feature","properties":{"catalog_id":"EAF_603","catalog_name":"Macgregor_AfricaFaults","slip_type":"Normal"},"geometry":{"type":"LineString","coordinates":[[36.6855145280001,3.14209611700005],[36.6978543900001,2.79058885500007]]}},{"type":"Feature","properties":{"catalog_id":"EAF_2642","catalog_name":"Macgregor_AfricaFaults"},"geometry":{"type":"LineString","coordinates":[[35.7935072810001,-8.95827453099992],[35.8593198780001,-8.64731409899991],[35.9415856250001,-8.45897420099993],[36.3200080590001,-8.10661171299995]]}},{"type":"Feature","properties":{"catalog_id":"EAF_605","catalog_name":"Macgregor_AfricaFaults","slip_type":"Normal"},"geometry":{"type":"LineString","coordinates":[[35.949236097,4.64998019100005],[35.920443085,4.35688871300005],[35.920443085,4.20410451600009],[35.9122165110001,4.11737558800007]]}},{"type":"Feature","properties":{"catalog_id":"EAF_606","catalog_name":"Macgregor_AfricaFaults","slip_type":"Normal"},"geometry":{"type":"LineString","coordinates":[[36.1077058690001,3.33318846100008],[36.1096543020001,3.31987259900006],[36.1137675900001,3.22065240300009],[36.1096543020001,3.14623080900009],[36.0767480040001,3.09247852400006],[36.064408142,3.01804773600009],[36.064408142,2.94774724500007],[36.064408142,2.85262767200004],[36.0575763430001,2.82520048700007]]}},{"type":"Feature","properties":{"catalog_id":"EAF_607","catalog_name":"Macgregor_AfricaFaults","slip_type":"Normal"},"geometry":{"type":"LineString","coordinates":[[35.9843812560001,2.76978837900009],[35.93147844,2.81975215],[35.9109051230001,2.88441114700009],[35.8742574700001,3.05349405100009],[35.870144183,3.15273058],[35.837237884,3.32223729300006],[35.8043315850001,3.47931477300006],[35.81255816,3.58677362600008],[35.8331245970001,3.7603338]]}},{"type":"Feature","properties":{"catalog_id":"EAF_608","catalog_name":"Macgregor_AfricaFaults","slip_type":"Normal"},"geometry":{"type":"LineString","coordinates":[[36.1629856330001,3.18676280100004],[36.1384473140001,3.39428113500009],[36.1458469360001,3.50713584400006],[36.1835520700001,3.61734652400008],[36.1698411120001,3.73443048200005]]}},{"type":"Feature","properties":{"catalog_id":"EAF_609","catalog_name":"Macgregor_AfricaFaults","slip_type":"Normal"},"geometry":{"type":"LineString","coordinates":[[36.1425606010001,3.96867525600004],[36.2083731980001,4.11324539900005],[36.212486486,4.21649356900008],[36.212486486,4.35688871300005],[36.212486486,4.48900107600008],[36.212486486,4.55504821600005]]}},{"type":"Feature","properties":{"catalog_id":"EAF_610","catalog_name":"Macgregor_AfricaFaults","slip_type":"Normal"},"geometry":{"type":"LineString","coordinates":[[36.4186747260001,4.36959099500007],[36.2772379800001,4.68029151800005],[36.2275773380001,4.82178496400007],[36.1988344110001,5.09828943700006],[36.25298624,5.20161355],[36.3767752730001,5.28339822300006],[36.4165657710001,5.59208843],[36.3994270740001,5.70540581500006],[36.4165657710001,5.80840194700005],[36.48512056,5.94570038600006],[36.4885482990001,6.17216655100009],[36.5091147360001,6.33680783900007]]}},{"type":"Feature","properties":{"catalog_id":"EAF_611","catalog_name":"Macgregor_AfricaFaults","slip_type":"Normal"},"geometry":{"type":"LineString","coordinates":[[36.207546246,3.10751477200006],[36.252106859,2.99724664700005]]}},{"type":"Feature","properties":{"catalog_id":"EAF_612","catalog_name":"Macgregor_AfricaFaults","slip_type":"Normal"},"geometry":{"type":"LineString","coordinates":[[36.2741857950001,2.96842433200004],[36.2412794970001,2.87744225300008],[36.1937627070001,2.82202311500009],[36.18423634,2.80887768200006]]}},{"type":"Feature","properties":{"catalog_id":"EAF_619","catalog_name":"Macgregor_AfricaFaults","slip_type":"Normal"},"geometry":{"type":"LineString","coordinates":[[35.696354812,2.75156629800006],[35.6610862680001,2.87206715700006],[35.6659634150001,3.04549036200007],[35.6119465360001,3.30912422700004],[35.5303204150001,3.52209633900009]]}},{"type":"Feature","properties":{"catalog_id":"EAF_620","catalog_name":"Macgregor_AfricaFaults","slip_type":"Normal"},"geometry":{"type":"LineString","coordinates":[[36.7301979690001,2.28228736900007],[36.7008397060001,2.44465780400009],[36.7225228460001,2.83291074700008],[36.72508122,2.92808653]]}},{"type":"Feature","properties":{"catalog_id":"EAF_621","catalog_name":"Macgregor_AfricaFaults","slip_type":"Normal"},"geometry":{"type":"LineString","coordinates":[[31.7498699130001,-8.81371298199991],[31.3250165850001,-8.0586946399999]]}},{"type":"Feature","properties":{"catalog_id":"EAF_622","catalog_name":"Macgregor_AfricaFaults","slip_type":"Normal"},"geometry":{"type":"LineString","coordinates":[[31.2641858580001,-7.96957001699991],[31.047632595,-7.47583621899992]]}},{"type":"Feature","properties":{"catalog_id":"EAF_624","catalog_name":"Macgregor_AfricaFaults","slip_type":"Normal"},"geometry":{"type":"LineString","coordinates":[[29.88497,-8.50272450399996],[30.2962987330001,-8.49726460499994],[30.5211584400001,-8.38258860299993],[30.6308461020001,-8.28426759099995]]}},{"type":"Feature","properties":{"catalog_id":"EAF_625","catalog_name":"Macgregor_AfricaFaults","slip_type":"Normal"},"geometry":{"type":"LineString","coordinates":[[29.9891732790001,-8.85199201199993],[30.4059863950001,-8.67194205299995],[30.7021430830001,-8.53002281699992]]}},{"type":"Feature","properties":{"catalog_id":"EAF_626","catalog_name":"Macgregor_AfricaFaults","slip_type":"Normal"},"geometry":{"type":"LineString","coordinates":[[30.789893212,-8.5846135099999],[31.0421748350001,-8.84108241599995],[31.2286438600001,-9.05921163199991],[31.2834876910001,-9.13552534699994]]}},{"type":"Feature","properties":{"catalog_id":"EAF_627","catalog_name":"Macgregor_AfricaFaults","slip_type":"Normal"},"geometry":{"type":"LineString","coordinates":[[31.4425348010001,-9.03740469199994],[30.8831277250001,-8.01102393799994],[30.543095973,-7.44756288899993]]}},{"type":"Feature","properties":{"catalog_id":"EAF_628","catalog_name":"Macgregor_AfricaFaults","slip_type":"Normal"},"geometry":{"type":"LineString","coordinates":[[28.8868122760001,-8.37166528499995],[29.4187974370001,-8.33889346699993]]}},{"type":"Feature","properties":{"catalog_id":"EAF_629","catalog_name":"Macgregor_AfricaFaults","slip_type":"Normal"},"geometry":{"type":"LineString","coordinates":[[29.5120319490001,-8.44812197299996],[30.0440171100001,-8.44266128799995]]}},{"type":"Feature","properties":{"catalog_id":"EAF_630","catalog_name":"Macgregor_AfricaFaults","slip_type":"Normal"},"geometry":{"type":"LineString","coordinates":[[29.7478604230001,-8.90653507099995],[29.5449382480001,-8.99378680099994],[29.4352505860001,-9.08101723199991]]}},{"type":"Feature","properties":{"catalog_id":"EAF_631","catalog_name":"Macgregor_AfricaFaults","slip_type":"Normal"},"geometry":{"type":"LineString","coordinates":[[33.3847485420001,-8.9901989399999],[33.5622189190001,-9.17194185399995]]}},{"type":"Feature","properties":{"catalog_id":"EAF_632","catalog_name":"Macgregor_AfricaFaults","slip_type":"Normal"},"geometry":{"type":"LineString","coordinates":[[33.535329468,-8.9634642],[33.6966661750001,-9.15590947899994],[33.8311134310001,-9.24140698199994],[33.9279154550001,-9.3375665339999]]}},{"type":"Feature","properties":{"catalog_id":"EAF_633","catalog_name":"Macgregor_AfricaFaults","slip_type":"Normal"},"geometry":{"type":"LineString","coordinates":[[32.223124253,-9.48709454299996],[32.0133865340001,-9.72193333199994],[31.8520498270001,-9.9352783799999]]}},{"type":"Feature","properties":{"catalog_id":"EAF_637","catalog_name":"Macgregor_AfricaFaults","slip_type":"Normal"},"geometry":{"type":"LineString","coordinates":[[39.7299285340001,-9.08767442099992],[40.2235230140001,-9.93155990199995]]}},{"type":"Feature","properties":{"catalog_id":"EAF_640","catalog_name":"Macgregor_AfricaFaults","slip_type":"Normal"},"geometry":{"type":"LineString","coordinates":[[41.1010243100001,-13.3370632129999],[41.457509212,-14.488857719],[41.484931127,-15.661196377],[41.8207213590001,-18.7567996659999]]}},{"type":"Feature","properties":{"catalog_id":"EAF_2835","catalog_name":"Macgregor_AfricaFaults","slip_type":"Normal"},"geometry":{"type":"LineString","coordinates":[[29.892420642,0.553749669000069],[29.9004393380001,0.558794889000069],[29.9335097970001,0.587330588000043],[29.999650714,0.577818704000038],[30.0941377380001,0.668180909000057],[30.1272081960001,0.725250922000043],[30.174451708,0.777564461000054],[30.1933491130001,0.844144374000052]]}},{"type":"Feature","properties":{"catalog_id":"EAF_641","catalog_name":"Macgregor_AfricaFaults","slip_type":"Normal"},"geometry":{"type":"LineString","coordinates":[[34.8762494890001,-15.809926963],[35.5892192920001,-16.5519024899999]]}},{"type":"Feature","properties":{"catalog_id":"EAF_644","catalog_name":"Macgregor_AfricaFaults","slip_type":"Normal"},"geometry":{"type":"LineString","coordinates":[[30.1674800320001,-21.3992205509999],[28.3576336080001,-22.0397990669999]]}},{"type":"Feature","properties":{"catalog_id":"EAF_2293","catalog_name":"Macgregor_AfricaFaults"},"geometry":{"type":"LineString","coordinates":[[40.9700766720001,-13.4079768759999],[41.2188872090001,-12.7913212809999],[41.35971141,-12.3631665419999],[41.2546520860001,-11.6634293129999],[41.2580067840001,-11.5623021499999],[41.3951163620001,-11.305310909],[41.4773821090001,-10.8448520709999],[41.449960193,-10.4786798349999],[41.436249235,-9.84023044099996],[41.5236515290001,-9.05660150799991],[41.641887194,-8.08068388899994],[41.52017978,-7.71146419099995],[41.5184885740001,-7.05458216699992],[41.1482927150001,-6.4377916099999],[41.1894255880001,-5.36692909899995],[41.0660269680001,-3.01311651199995]]}},{"type":"Feature","properties":{"catalog_id":"EAF_2294","catalog_name":"Macgregor_AfricaFaults"},"geometry":{"type":"LineString","coordinates":[[41.210931353,-10.3295925749999],[41.2390049520001,-10.6525101959999],[41.230584869,-10.9126124059999],[41.2345343430001,-11.1981433949999],[41.194298857,-11.4937228539999],[41.1674752,-11.5708750819999]]}},{"type":"Feature","properties":{"catalog_id":"EAF_2295","catalog_name":"Macgregor_AfricaFaults"},"geometry":{"type":"LineString","coordinates":[[38.8448782190001,-5.96952826499995],[39.4070274870001,-4.63644006499993],[40.0377315440001,-3.59013760799991],[40.49019315,-2.9975893499999]]}},{"type":"Feature","properties":{"catalog_id":"EAF_2477","catalog_name":"Macgregor_AfricaFaults"},"geometry":{"type":"LineString","coordinates":[[36.706552527,3.63441592700008],[36.744943209,3.97597406700004],[36.8436621050001,4.19625885100004]]}},{"type":"Feature","properties":{"catalog_id":"EAF_2477","catalog_name":"Macgregor_AfricaFaults"},"geometry":{"type":"LineString","coordinates":[[36.7504275920001,3.65094605],[36.7668807410001,3.89886012800008],[36.8820527870001,4.18524607900008],[36.964318533,4.38895651100006]]}},{"type":"Feature","properties":{"catalog_id":"EAF_2477","catalog_name":"Macgregor_AfricaFaults"},"geometry":{"type":"LineString","coordinates":[[36.591380482,3.66747586600007],[36.6462243130001,4.02554346200009],[36.7339744430001,4.21277771300009]]}},{"type":"Feature","properties":{"catalog_id":"EAF_2477","catalog_name":"Macgregor_AfricaFaults"},"geometry":{"type":"LineString","coordinates":[[36.7778495080001,3.68400537200006],[36.854630871,3.98148192700006],[36.931412235,4.13017987600006]]}},{"type":"Feature","properties":{"catalog_id":"EAF_2034","catalog_name":"Macgregor_AfricaFaults"},"geometry":{"type":"LineString","coordinates":[[36.016016322,-18.70773464],[35.8303030220001,-18.414902572],[35.4300361290001,-17.9648127739999],[35.1121771250001,-17.490966925],[34.9762262180001,-17.156272155],[34.9150620940001,-17.0190159159999],[34.7621517840001,-16.7638415289999],[34.5684653920001,-16.5378209329999],[34.4155550830001,-16.3410630609999],[34.344196938,-16.2032129729999]]}},{"type":"Feature","properties":{"catalog_id":"EAF_660","catalog_name":"Macgregor_AfricaFaults","slip_type":"Normal"},"geometry":{"type":"LineString","coordinates":[[34.1497081470001,-16.360356899],[35.270163203,-17.2157580709999]]}},{"type":"Feature","properties":{"catalog_id":"EAF_1503","catalog_name":"Macgregor_AfricaFaults"},"geometry":{"type":"LineString","coordinates":[[42.2332896220001,14.9339997810001],[42.096180045,14.0657332790001]]}},{"type":"Feature","properties":{"catalog_id":"EAF_661","catalog_name":"Macgregor_AfricaFaults","slip_type":"Normal"},"geometry":{"type":"LineString","coordinates":[[33.7965474050001,-16.5259161719999],[34.244011722,-17.3180489499999],[34.340760764,-17.705045116],[34.4797903930001,-17.8278857719999],[34.4322011730001,-17.8088500839999],[34.4036476410001,-17.7707787079999],[34.3750941090001,-17.7041538]]}},{"type":"Feature","properties":{"catalog_id":"EAF_1504","catalog_name":"Macgregor_AfricaFaults"},"geometry":{"type":"LineString","coordinates":[[39.6967624370001,12.9252811530001],[39.765317226,13.8648812870001],[39.765317226,14.7672945420001],[39.7310398320001,15.499810724],[39.7310398320001,16.0309104550001],[39.7310398320001,16.6266884670001],[39.9024268040001,17.1217465730001],[39.9367041980001,17.3523204900001]]}},{"type":"Feature","properties":{"catalog_id":"EAF_662","catalog_name":"Macgregor_AfricaFaults","slip_type":"Normal"},"geometry":{"type":"LineString","coordinates":[[34.1291222350001,-16.5924311379999],[34.2258712770001,-16.9915209339999]]}},{"type":"Feature","properties":{"catalog_id":"EAF_1506","catalog_name":"Macgregor_AfricaFaults"},"geometry":{"type":"LineString","coordinates":[[42.267567017,11.9483372660001],[41.4449095510001,12.9925175430001],[40.930748635,13.496196867],[40.553697297,14.2998348690001]]}},{"type":"Feature","properties":{"catalog_id":"EAF_2705","catalog_name":"Macgregor_AfricaFaults"},"geometry":{"type":"LineString","coordinates":[[41.97095018,-10.4505401839999],[41.847551561,-11.953097269],[42.1354816730001,-12.1555230299999],[42.0532159270001,-12.802225904],[42.3822789130001,-13.2458669869999],[42.2177474200001,-14.771998541]]}},{"type":"Feature","properties":{"catalog_id":"EAF_669","catalog_name":"Macgregor_AfricaFaults","slip_type":"Normal"},"geometry":{"type":"LineString","coordinates":[[34.5844866770001,-16.799958617],[35.050861034,-17.4281363229999]]}},{"type":"Feature","properties":{"catalog_id":"EAF_1965","catalog_name":"Macgregor_AfricaFaults"},"geometry":{"type":"LineString","coordinates":[[14.3132385810001,32.845765483],[14.889098807,32.6928582680001]]}},{"type":"Feature","properties":{"catalog_id":"EAF_1965","catalog_name":"Macgregor_AfricaFaults"},"geometry":{"type":"LineString","coordinates":[[15.448505884,33.330519273],[15.892740915,33.0261316930001]]}},{"type":"Feature","properties":{"catalog_id":"EAF_1965","catalog_name":"Macgregor_AfricaFaults"},"geometry":{"type":"LineString","coordinates":[[14.4777700750001,34.5373270060001],[14.9384582550001,34.2509091580001]]}},{"type":"Feature","properties":{"catalog_id":"EAF_1965","catalog_name":"Macgregor_AfricaFaults"},"geometry":{"type":"LineString","coordinates":[[14.7739267620001,34.5645532720001],[15.0536303,34.2918865240001]]}},{"type":"Feature","properties":{"catalog_id":"EAF_1965","catalog_name":"Macgregor_AfricaFaults"},"geometry":{"type":"LineString","coordinates":[[12.8324551440001,34.7956131890001],[13.342502772,34.5100917510001]]}},{"type":"Feature","properties":{"catalog_id":"EAF_1965","catalog_name":"Macgregor_AfricaFaults"},"geometry":{"type":"LineString","coordinates":[[12.8324551440001,34.904121939],[13.1121586820001,34.8091846780001],[13.3754090710001,34.849885612]]}},{"type":"Feature","properties":{"catalog_id":"EAF_1965","catalog_name":"Macgregor_AfricaFaults"},"geometry":{"type":"LineString","coordinates":[[17.43933695,34.9447754820001],[18.4594322070001,35.6864776670001]]}},{"type":"Feature","properties":{"catalog_id":"EAF_1965","catalog_name":"Macgregor_AfricaFaults"},"geometry":{"type":"LineString","coordinates":[[17.949384578,34.9854086970001],[18.5252448040001,35.5117860940001]]}},{"type":"Feature","properties":{"catalog_id":"EAF_1965","catalog_name":"Macgregor_AfricaFaults"},"geometry":{"type":"LineString","coordinates":[[14.2474259840001,35.1612508150001],[14.971364554,35.093664479],[15.4649590330001,35.093664479],[16.0079129600001,35.093664479]]}},{"type":"Feature","properties":{"catalog_id":"EAF_1965","catalog_name":"Macgregor_AfricaFaults"},"geometry":{"type":"LineString","coordinates":[[15.4155995850001,35.3771464100001],[16.1888976020001,35.336710214]]}},{"type":"Feature","properties":{"catalog_id":"EAF_1965","catalog_name":"Macgregor_AfricaFaults"},"geometry":{"type":"LineString","coordinates":[[12.6843768,35.6596270860001],[11.9110787830001,36.0480673490001],[11.6642815430001,36.354773031],[11.5326563490001,36.647007638],[11.351671706,37.056900914]]}},{"type":"Feature","properties":{"catalog_id":"EAF_1965","catalog_name":"Macgregor_AfricaFaults"},"geometry":{"type":"LineString","coordinates":[[13.1450649810001,35.7401514850001],[12.717283099,36.0614275720001],[12.3717669630001,36.1682269610001]]}},{"type":"Feature","properties":{"catalog_id":"EAF_1965","catalog_name":"Macgregor_AfricaFaults"},"geometry":{"type":"LineString","coordinates":[[12.8653614420001,36.101494513],[12.305954366,36.2882010310001]]}},{"type":"Feature","properties":{"catalog_id":"EAF_1965","catalog_name":"Macgregor_AfricaFaults"},"geometry":{"type":"LineString","coordinates":[[13.2766901750001,36.6204868470001],[13.6057531610001,36.47445801],[13.7538315050001,36.34146322]]}},{"type":"Feature","properties":{"catalog_id":"EAF_2291","catalog_name":"Macgregor_AfricaFaults"},"geometry":{"type":"LineString","coordinates":[[35.776812636,5.25472518400005],[35.797012613,5.00155500100004],[35.8273125780001,4.86986697100008]]}},{"type":"Feature","properties":{"catalog_id":"EAF_2472","catalog_name":"Macgregor_AfricaFaults"},"geometry":{"type":"LineString","coordinates":[[36.6918223540001,2.84834520300006],[36.6048376270001,2.87406883100005],[36.556228515,2.91522541],[36.4769189120001,2.97695741200005],[36.3924925590001,3.03097004200009],[36.244106849,3.33184618400009],[36.2287566030001,3.32927497600008],[36.2313149770001,3.70716680700008],[36.2415484750001,3.71487723800004],[36.2389901,3.88448920800005],[36.2006144850001,3.97185168500005],[36.236431726,4.05406663700006],[36.2374260610001,4.06584882400006]]}},{"type":"Feature","properties":{"catalog_id":"EAF_2472","catalog_name":"Macgregor_AfricaFaults"},"geometry":{"type":"LineString","coordinates":[[36.236431726,4.06434291400006],[36.2374260610001,4.06584882400006]]}},{"type":"Feature","properties":{"catalog_id":"EAF_2472","catalog_name":"Macgregor_AfricaFaults"},"geometry":{"type":"LineString","coordinates":[[36.2374260610001,4.06584882400006],[36.3924925590001,4.30065997800006]]}},{"type":"Feature","properties":{"catalog_id":"EAF_2472","catalog_name":"Macgregor_AfricaFaults"},"geometry":{"type":"LineString","coordinates":[[36.2374260610001,4.06584882400006],[36.2492235970001,4.20562811800005],[36.2185231060001,4.38027203100006]]}},{"type":"Feature","properties":{"catalog_id":"EAF_2643","catalog_name":"Macgregor_AfricaFaults"},"geometry":{"type":"LineString","coordinates":[[36.5092192760001,-8.38525046499996],[36.1143436930001,-9.01552761199991]]}},{"type":"Feature","properties":{"catalog_id":"EAF_2644","catalog_name":"Macgregor_AfricaFaults"},"geometry":{"type":"LineString","coordinates":[[35.9127926140001,0.996715575000053],[36.1266835550001,1.72531978100005],[36.1513632790001,1.89915392900008]]}},{"type":"Feature","properties":{"catalog_id":"EAF_2655","catalog_name":"Macgregor_AfricaFaults"},"geometry":{"type":"LineString","coordinates":[[9.87892160200005,3.21236681],[9.92051182500006,3.30941066300005],[9.96903375100004,3.55202029600008],[9.94303986200009,3.74437507500005],[9.93437523200009,3.78596529800006],[9.84599600900009,3.94886033700004],[9.83386552800005,3.96618959600005],[9.73508874900006,4.07882978300006]]}},{"type":"Feature","properties":{"catalog_id":"EAF_2656","catalog_name":"Macgregor_AfricaFaults"},"geometry":{"type":"LineString","coordinates":[[9.66057293300008,3.46883985],[9.72122534100009,3.57108248100008],[9.77494604500009,3.66292755600006],[9.77494604500009,3.73917629700009],[9.73855460100009,3.88300915100007],[9.71775948900006,3.97138837400007],[9.68136804400007,4.02337615200008]]}},{"type":"Feature","properties":{"catalog_id":"EAF_2769","catalog_name":"Macgregor_AfricaFaults"},"geometry":{"type":"LineString","coordinates":[[34.249053915,-21.3676929579999],[34.2869275480001,-21.4396528589999]]}},{"type":"Feature","properties":{"catalog_id":"EAF_2770","catalog_name":"Macgregor_AfricaFaults"},"geometry":{"type":"LineString","coordinates":[[34.423272624,-21.3904171369999],[34.423272624,-21.2805836029999],[34.4346347140001,-21.1783247959999]]}},{"type":"Feature","properties":{"catalog_id":"EAF_2771","catalog_name":"Macgregor_AfricaFaults"},"geometry":{"type":"LineString","coordinates":[[34.4535715300001,-20.981381907],[34.4649336200001,-20.8639736459999]]}},{"type":"Feature","properties":{"catalog_id":"EAF_2772","catalog_name":"Macgregor_AfricaFaults"},"geometry":{"type":"LineString","coordinates":[[34.298289637,-20.4867522669999],[34.249053915,-20.1155906699999]]}},{"type":"Feature","properties":{"catalog_id":"EAF_2773","catalog_name":"Macgregor_AfricaFaults"},"geometry":{"type":"LineString","coordinates":[[34.158157197,-20.0815044],[34.1733066500001,-20.0133318619999]]}},{"type":"Feature","properties":{"catalog_id":"EAF_2774","catalog_name":"Macgregor_AfricaFaults"},"geometry":{"type":"LineString","coordinates":[[34.143007745,-19.937584597],[34.158157197,-19.7254922559999]]}},{"type":"Feature","properties":{"catalog_id":"EAF_2775","catalog_name":"Macgregor_AfricaFaults"},"geometry":{"type":"LineString","coordinates":[[34.302077001,-19.7103428029999],[34.351312723,-19.9110730549999]]}},{"type":"Feature","properties":{"catalog_id":"EAF_735","catalog_name":"Macgregor_AfricaFaults","slip_type":"Normal"},"geometry":{"type":"LineString","coordinates":[[29.394280585,-3.54222530499993],[29.4008618450001,-3.46286843799993],[29.432122829,-3.35374177199992],[29.4568025520001,-3.25783237699994]]}},{"type":"Feature","properties":{"catalog_id":"EAF_736","catalog_name":"Macgregor_AfricaFaults","slip_type":"Normal"},"geometry":{"type":"LineString","coordinates":[[29.4617384970001,-3.23302670499993],[29.3827633810001,-3.13049012399995],[29.3284679880001,-3.04117577099993]]}},{"type":"Feature","properties":{"catalog_id":"EAF_737","catalog_name":"Macgregor_AfricaFaults","slip_type":"Normal"},"geometry":{"type":"LineString","coordinates":[[29.3070788940001,-3.01305672699993],[29.256074131,-2.95681643899991]]}},{"type":"Feature","properties":{"catalog_id":"EAF_738","catalog_name":"Macgregor_AfricaFaults","slip_type":"Normal"},"geometry":{"type":"LineString","coordinates":[[29.241266297,-2.98989931499995],[29.170517755,-2.95516226899991],[29.1590005500001,-2.94358300799996]]}},{"type":"Feature","properties":{"catalog_id":"EAF_739","catalog_name":"Macgregor_AfricaFaults","slip_type":"Normal"},"geometry":{"type":"LineString","coordinates":[[29.2593647610001,-3.28429107699992],[29.26923665,-3.13710569699992],[29.265946021,-3.05440800499991],[29.2626553910001,-3.01471080899995]]}},{"type":"Feature","properties":{"catalog_id":"EAF_740","catalog_name":"Macgregor_AfricaFaults","slip_type":"Normal"},"geometry":{"type":"LineString","coordinates":[[29.0668629140001,-3.00610955599996],[29.0323113,-2.95648560499995],[29.0109222060001,-2.93001857599995],[28.987887797,-2.89031684499992]]}},{"type":"Feature","properties":{"catalog_id":"EAF_741","catalog_name":"Macgregor_AfricaFaults","slip_type":"Normal"},"geometry":{"type":"LineString","coordinates":[[29.188616219,-2.91513059299996],[29.1392567710001,-2.85557667499995],[29.0800254330001,-2.79436522199995]]}},{"type":"Feature","properties":{"catalog_id":"EAF_742","catalog_name":"Macgregor_AfricaFaults","slip_type":"Normal"},"geometry":{"type":"LineString","coordinates":[[29.1590005500001,-3.19465938899992],[29.1277395660001,-3.15331367399995],[29.083316063,-3.09046500299991]]}},{"type":"Feature","properties":{"average_dip":"(53,40,65)","catalog_id":"MW_31","catalog_name":"SMSSD","dip_dir":"W","name":"Zomba","net_slip_rate":"(0.76,0.077,4.67)","notes":"Border fault for Zomba Graben. All movement post Cretaceous Lower Chilwa Alkaline Province.","reference":"Bloomfield (1965); Wedmore et al (2020a)","slip_type":"Normal"},"geometry":{"type":"LineString","coordinates":[[35.21401,-15.37399],[35.29916,-15.19422]]}},{"type":"Feature","properties":{"average_dip":"(53,40,65)","catalog_id":"MW_26","catalog_name":"SMSSD","dip_dir":"NW","name":"Thyolo","net_slip_rate":"(NA,NA,NA)","notes":"Segmented border fault for Lower Shire Basin. Parallel to gneissic foliation. Previously mapped as seperate Thyolo and Muona faults (Hodge et al 2019).","reference":"Habgood, et al (1973); Castaing (1991); Hodge et al (2019); Williams et al (2019); Wedmore et al (2020b)","slip_type":"Normal"},"geometry":{"type":"LineString","coordinates":[[35.06118,-16.30661],[35.08443,-16.27145]]}},{"type":"Feature","properties":{"average_dip":"(53,40,65)","catalog_id":"MW_38","catalog_name":"SMSSD","dip_dir":"E","name":"Mtsimukwe","net_slip_rate":"(NA,NA,NA)","notes":"Gentle scarp.","reference":"Bloomfield and Garson (1965); Wedmore et al (2020a)","slip_type":"Normal"},"geometry":{"type":"LineString","coordinates":[[34.90112,-15.21733],[34.91604,-15.32002]]}},{"type":"Feature","properties":{"average_dip":"(53,40,65)","catalog_id":"MW_37","catalog_name":"SMSSD","dip_dir":"E","name":"Mlungusi","net_slip_rate":"(0.08,0.004,0.58)","notes":"Steep scarp at base of escarpment. Bounds Shire Horst and Lake Malombe.","reference":"Bloomfield and Garson (1965); Wedmore et al (2020a)","slip_type":"Normal"},"geometry":{"type":"LineString","coordinates":[[34.98692,-15.19399],[34.96895,-15.29635]]}},{"type":"Feature","properties":{"average_dip":"(53,40,65)","catalog_id":"MW_16","catalog_name":"SMSSD","dip_dir":"SW","name":"Mudi","net_slip_rate":"(0.06,0.004,0.54)","notes":"High uncertainity on location, geometry, and activity of fault.","reference":"Chisenga et al (2019)","slip_type":"Normal"},"geometry":{"type":"LineString","coordinates":[[34.98573,-16.21388],[34.87232,-16.09414]]}},{"type":"Feature","properties":{"average_dip":"(53,40,65)","catalog_id":"MW_43","catalog_name":"SMSSD","dip_dir":"E","name":"Wamkurumadzi","net_slip_rate":"(0.07,0.003,0.55)","notes":"Associated with escarpment from 80-300 m in height. Brecciated and silicifed pegmatite at foot of scarp. High uncertainty if active.","reference":"Bloomfield and Garson (1965)","slip_type":"Normal"},"geometry":{"type":"LineString","coordinates":[[34.63256,-15.32763],[34.59472,-15.43484]]}},{"type":"Feature","properties":{"average_dip":"(53,40,65)","catalog_id":"MW_61","catalog_name":"SMSSD","dip_dir":"W","name":"Cape Maclear","net_slip_rate":"(NA,NA,NA)","notes":"Termed the Chingombe Fault by Dawson and Kirkpatrick (1968). Juxtaposes charnockititc gneisses against recent sediments. Eastern tip of fault against syenite intrusion. Parallel to foliation in footwall. Low certainity on whether fault still active.","reference":"Dawson and Kirkpatrick (1968)","slip_type":"Normal"},"geometry":{"type":"LineString","coordinates":[[34.9293,-14.27912],[34.9907,-14.1637]]}},{"type":"Feature","properties":{"average_dip":"(53,40,65)","catalog_id":"MW_39","catalog_name":"SMSSD","dip_dir":"E","name":"Lisungwe","net_slip_rate":"(0.08,0.005,0.6)","notes":"Bounding escarpment 150 m high.","reference":"Bloomfield and Garson (1965); Wedmore et al (2020a)","slip_type":"Normal"},"geometry":{"type":"LineString","coordinates":[[34.72458,-15.42916],[34.72836,-15.50862]]}},{"type":"Feature","properties":{"average_dip":"(53,40,65)","catalog_id":"MW_45","catalog_name":"SMSSD","dip_dir":"E","name":"Chirobwe-Ncheu","net_slip_rate":"(0.61,0.064,2.92)","notes":"Western border fault for the Makanjira Graben.","reference":"Dawson and Kirkpatrick (1968); Walshaw (1965)","slip_type":"Normal"},"geometry":{"type":"LineString","coordinates":[[34.47211,-14.24547],[34.52968,-14.44055]]}},{"type":"Feature","properties":{"average_dip":"(53,40,65)","catalog_id":"MW_19","catalog_name":"SMSSD","dip_dir":"SW","name":"Elephant Marsh","net_slip_rate":"(NA,NA,NA)","notes":"High uncertainity on location, geometry, and activity of fault.","reference":"Chisenga et al (2019)","slip_type":"Normal"},"geometry":{"type":"LineString","coordinates":[[35.10458,-16.42155],[34.88998,-16.20567]]}},{"type":"Feature","properties":{"average_dip":"(53,40,65)","catalog_id":"MW_2","catalog_name":"SMSSD","dip_dir":"SW","name":"Mwanza","net_slip_rate":"(0.85,0.191,2.24)","notes":"Karoo boundary fault, juxtaposes basement gneisses and alluvium, contains calcite and silicate fault rock. Parallel to gneiss foliation.","reference":"Castaing (1991); Habgood (1963); Chisenga et al (2019)","slip_type":"Normal"},"geometry":{"type":"LineString","coordinates":[[34.01285,-15.6843],[33.80228,-15.49963]]}},{"type":"Feature","properties":{"average_dip":"(53,40,65)","catalog_id":"MW_13","catalog_name":"SMSSD","dip_dir":"NE","name":"Mtumba","net_slip_rate":"(0.06,0.004,0.52)","notes":"This southeastern section mapped from gravity survey.","reference":"Castaing (1991); Habgood (1963); Chisenga et al (2019)","slip_type":"Normal"},"geometry":{"type":"LineString","coordinates":[[35.00555,-16.25337],[34.89814,-16.16428]]}},{"type":"Feature","properties":{"average_dip":"(53,40,65)","catalog_id":"MW_22","catalog_name":"SMSSD","dip_dir":"SW","name":"Ruo","net_slip_rate":"(0.06,0.004,0.53)","notes":"Minor escarpment, with different sections defined by fault bends. Fault within Mozambique.","slip_type":"Normal"},"geometry":{"type":"LineString","coordinates":[[35.38029,-16.49709],[35.29642,-16.4202]]}},{"type":"Feature","properties":{"average_dip":"(53,40,65)","catalog_id":"MW_20","catalog_name":"SMSSD","dip_dir":"SW","name":"Ruo","net_slip_rate":"(0.05,0.003,0.47)","notes":"Minor escarpment, with different sections defined by fault bends. Fault within Mozambique.","slip_type":"Normal"},"geometry":{"type":"LineString","coordinates":[[35.52788,-16.64011],[35.41518,-16.57862]]}},{"type":"Feature","properties":{"average_dip":"(53,40,65)","catalog_id":"MW_21","catalog_name":"SMSSD","dip_dir":"SW","name":"Ruo","net_slip_rate":"(0.07,0.005,0.55)","notes":"Minor escarpment, with different sections defined by fault bends. Fault within Mozambique.","slip_type":"Normal"},"geometry":{"type":"LineString","coordinates":[[35.41518,-16.57862],[35.38029,-16.49709]]}},{"type":"Feature","properties":{"average_dip":"(53,40,65)","catalog_id":"MW_3","catalog_name":"SMSSD","dip_dir":"SW","name":"Mwanza","net_slip_rate":"(0.84,0.185,2.21)","notes":"Eastern extent of this section mapped from aeromag. Karoo boundary fault, juxtaposes basement gneisses and alluvium, contains calcite and silicate fault rock. Parallel to gneiss foliation.","reference":"Castaing (1991); Habgood (1963); Chisenga et al (2019)","slip_type":"Normal"},"geometry":{"type":"LineString","coordinates":[[34.85438,-16.25515],[34.40607,-15.89411]]}},{"type":"Feature","properties":{"average_dip":"(53,40,65)","catalog_id":"MW_4","catalog_name":"SMSSD","dip_dir":"SW","name":"Mwanza","net_slip_rate":"(NA,NA,NA)","notes":"Karoo boundary fault, juxtaposes basement gneisses and alluvium, contains calcite and silicate fault rock. Parallel to gneiss foliation.","reference":"Castaing (1991); Habgood (1963); Chisenga et al (2019)","slip_type":"Normal"},"geometry":{"type":"LineString","coordinates":[[34.40607,-15.89411],[34.39904,-15.89295]]}},{"type":"Feature","properties":{"average_dip":"(53,40,65)","catalog_id":"MW_5","catalog_name":"SMSSD","dip_dir":"SW","name":"Mwanza","net_slip_rate":"(0.9,0.209,2.31)","notes":"Karoo boundary fault, juxtaposes basement gneisses and alluvium, contains calcite and silicate fault rock. Parallel to gneiss foliation.","reference":"Castaing (1991); Habgood (1963); Chisenga et al (2019)","slip_type":"Normal"},"geometry":{"type":"LineString","coordinates":[[34.39904,-15.89295],[34.3363,-15.82635]]}},{"type":"Feature","properties":{"average_dip":"(53,40,65)","catalog_id":"MW_6","catalog_name":"SMSSD","dip_dir":"SW","name":"Mwanza","net_slip_rate":"(NA,NA,NA)","notes":"Karoo boundary fault, juxtaposes basement gneisses and alluvium, contains calcite and silicate fault rock. Parallel to gneiss foliation.","reference":"Castaing (1991); Habgood (1963); Chisenga et al (2019)","slip_type":"Normal"},"geometry":{"type":"LineString","coordinates":[[34.31658,-15.82971],[34.3363,-15.82635]]}},{"type":"Feature","properties":{"average_dip":"(53,40,65)","catalog_id":"MW_7","catalog_name":"SMSSD","dip_dir":"SW","name":"Mwanza","net_slip_rate":"(0.86,0.194,2.25)","notes":"Karoo boundary fault, juxtaposes basement gneisses and alluvium, contains calcite and silicate fault rock. Parallel to gneiss foliation.","reference":"Castaing (1991); Habgood (1963); Chisenga et al (2019)","slip_type":"Normal"},"geometry":{"type":"LineString","coordinates":[[34.31658,-15.82971],[34.16801,-15.69822]]}},{"type":"Feature","properties":{"average_dip":"(53,40,65)","catalog_id":"MW_8","catalog_name":"SMSSD","dip_dir":"SW","name":"Mwanza","net_slip_rate":"(0.39,0.05,1.36)","notes":"Karoo boundary fault, juxtaposes basement gneisses and alluvium, contains calcite and silicate fault rock. Parallel to gneiss foliation.","reference":"Castaing (1991); Habgood (1963); Chisenga et al (2019)","slip_type":"Normal"},"geometry":{"type":"LineString","coordinates":[[34.16801,-15.69822],[34.01285,-15.6843]]}},{"type":"Feature","properties":{"average_dip":"(53,40,65)","catalog_id":"MW_27","catalog_name":"SMSSD","dip_dir":"SW","name":"Thyolo","net_slip_rate":"(0.74,0.107,4.89)","notes":"Segmented border fault for Lower Shire Basin. Parallel to gneissic foliation. Previously mapped as seperate Muona fault (Hodge et al 2019).","reference":"Habgood, et al (1973); Castaing (1991); Hodge et al (2019); Williams et al (2019); Wedmore et al (2020b)","slip_type":"Normal"},"geometry":{"type":"LineString","coordinates":[[35.2238,-16.49112],[35.06118,-16.30661]]}},{"type":"Feature","properties":{"average_dip":"(53,40,65)","catalog_id":"MW_23","catalog_name":"SMSSD","dip_dir":"SW","name":"Thyolo","net_slip_rate":"(0.78,0.118,4.98)","notes":"Segmented border fault for Lower Shire Basin. Parallel to gneissic foliation. Previously mapped as seperate Thyolo and Muona faults (Hodge et al 2019).","reference":"Habgood, et al (1973); Castaing (1991); Hodge et al (2019); Williams et al (2019); Wedmore et al (2020b)","slip_type":"Normal"},"geometry":{"type":"LineString","coordinates":[[34.876,-16.073],[34.7518,-15.87226]]}},{"type":"Feature","properties":{"average_dip":"(53,40,65)","catalog_id":"MW_25","catalog_name":"SMSSD","dip_dir":"SW","name":"Thyolo","net_slip_rate":"(0.7,0.099,4.77)","notes":"Segmented border fault for Lower Shire Basin. Parallel to gneissic foliation. Previously mapped as seperate Thyolo and Muona faults (Hodge et al 2019).","reference":"Habgood, et al (1973); Castaing (1991); Hodge et al (2019); Williams et al (2019); Wedmore et al (2020b)","slip_type":"Normal"},"geometry":{"type":"LineString","coordinates":[[35.15401,-16.32408],[34.97407,-16.15705]]}},{"type":"Feature","properties":{"average_dip":"(53,40,65)","catalog_id":"MW_24","catalog_name":"SMSSD","dip_dir":"SW","name":"Thyolo","net_slip_rate":"(0.69,0.095,4.71)","notes":"Segmented border fault for Lower Shire Basin. Parallel to gneissic foliation. Previously mapped as seperate Thyolo and Muona faults (Hodge et al 2019).","reference":"Habgood, et al (1973); Castaing (1991); Hodge et al (2019); Williams et al (2019); Wedmore et al (2020b)","slip_type":"Normal"},"geometry":{"type":"LineString","coordinates":[[34.97407,-16.15705],[34.876,-16.073]]}},{"type":"Feature","properties":{"average_dip":"(53,40,65)","catalog_id":"MW_17","catalog_name":"SMSSD","dip_dir":"NE","name":"Mudi","net_slip_rate":"(NA,NA,NA)","notes":"High uncertainity on location, geometry, and activity of fault.","reference":"Chisenga et al (2019)","slip_type":"Normal"},"geometry":{"type":"LineString","coordinates":[[34.87232,-16.09414],[34.86187,-16.09414]]}},{"type":"Feature","properties":{"average_dip":"(53,40,65)","catalog_id":"MW_18","catalog_name":"SMSSD","dip_dir":"SW","name":"Mudi","net_slip_rate":"(0.07,0.005,0.55)","notes":"High uncertainity on location, geometry, and activity of fault.","reference":"Chisenga et al (2019)","slip_type":"Normal"},"geometry":{"type":"LineString","coordinates":[[34.86187,-16.09414],[34.80452,-16.01226]]}},{"type":"Feature","properties":{"average_dip":"(53,40,65)","catalog_id":"MW_14","catalog_name":"SMSSD","dip_dir":"NE","name":"Mtumba","net_slip_rate":"(NA,NA,NA)","notes":"Mapped from minor escarpment with eastern extent of trace mapped from gravity survey.","reference":"Castaing (1991); Habgood (1963); Chisenga et al (2019)","slip_type":"Normal"},"geometry":{"type":"LineString","coordinates":[[34.89103,-16.17279],[34.89814,-16.16428]]}},{"type":"Feature","properties":{"average_dip":"(53,40,65)","catalog_id":"MW_15","catalog_name":"SMSSD","dip_dir":"NE","name":"Mtumba","net_slip_rate":"(0.06,0.004,0.54)","notes":"Mapped from minor escarpment with southeastern section mapped from gravity survey.","reference":"Castaing (1991); Habgood (1963); Chisenga et al (2019)","slip_type":"Normal"},"geometry":{"type":"LineString","coordinates":[[34.89103,-16.17279],[34.68545,-15.95744]]}},{"type":"Feature","properties":{"average_dip":"(53,40,65)","catalog_id":"MW_42","catalog_name":"SMSSD","dip_dir":"E","name":"Wamkurumadzi","net_slip_rate":"(0.08,0.004,0.59)","notes":"Associated with escarpment from 80-300 m in height. Brecciated and silicifed pegmatite at foot of scarp. High uncertainty if active.","reference":"Bloomfield and Garson (1965)","slip_type":"Normal"},"geometry":{"type":"LineString","coordinates":[[34.59472,-15.43484],[34.57349,-15.69113]]}},{"type":"Feature","properties":{"average_dip":"(53,40,65)","catalog_id":"MW_40","catalog_name":"SMSSD","dip_dir":"E","name":"Lisungwe","net_slip_rate":"(NA,NA,NA)","notes":"Bounding escarpment 150 m high. High uncertainity of whether is linkage is 'hard' or 'soft.'","reference":"Bloomfield and Garson (1965); Wedmore et al (2020a)","slip_type":"Normal"},"geometry":{"type":"LineString","coordinates":[[34.74375,-15.42752],[34.72458,-15.42916]]}},{"type":"Feature","properties":{"average_dip":"(53,40,65)","catalog_id":"MW_41","catalog_name":"SMSSD","dip_dir":"E","name":"Lisungwe","net_slip_rate":"(0.07,0.004,0.56)","notes":"Bounding escarpment 150 m high.","reference":"Bloomfield and Garson (1965); Wedmore et al (2020a)","slip_type":"Normal"},"geometry":{"type":"LineString","coordinates":[[34.76485,-15.36048],[34.74375,-15.42752]]}},{"type":"Feature","properties":{"average_dip":"(53,40,65)","catalog_id":"MW_35","catalog_name":"SMSSD","dip_dir":"E","name":"Mlungusi","net_slip_rate":"(0.07,0.004,0.55)","notes":"Laterally continuous scarp mapped as terrace by Bloomfield and Garson (1965).","reference":"Bloomfield and Garson (1965); Wedmore et al (2020a)","slip_type":"Normal"},"geometry":{"type":"LineString","coordinates":[[34.95836,-15.33735],[34.94151,-15.39029]]}},{"type":"Feature","properties":{"average_dip":"(53,40,65)","catalog_id":"MW_36","catalog_name":"SMSSD","dip_dir":"E","name":"Mlungusi","net_slip_rate":"(0.07,0.004,0.56)","notes":"Laterally continuous scarp mapped as terrace by Bloomfield and Garson (1965).","reference":"Bloomfield and Garson (1965); Wedmore et al (2020a)","slip_type":"Normal"},"geometry":{"type":"LineString","coordinates":[[34.96895,-15.29635],[34.95836,-15.33735]]}},{"type":"Feature","properties":{"average_dip":"(53,40,65)","catalog_id":"MW_32","catalog_name":"SMSSD","dip_dir":"NW","name":"Chingale Step","net_slip_rate":"(0.06,0.003,0.48)","notes":"Near pure normal slip slickenslides. Labelled Mpimbi fault by Bloomfield (1965).","reference":"Bloomfield (1965); Williams et al (2019); Wedmore et al (2020a)","slip_type":"Normal"},"geometry":{"type":"LineString","coordinates":[[35.05148,-15.50912],[35.119,-15.399]]}},{"type":"Feature","properties":{"average_dip":"(53,40,65)","catalog_id":"MW_28","catalog_name":"SMSSD","dip_dir":"W","name":"Zomba","net_slip_rate":"(0.76,0.077,4.67)","notes":"This section mapped from aeromag data. Border fault for Zomba Graben. All movement post Cretaceous Lower Chilwa Alkaline Province.","reference":"Bloomfield (1965); Wedmore et al (2020a)","slip_type":"Normal"},"geometry":{"type":"LineString","coordinates":[[35.0627,-15.67986],[35.127,-15.544]]}},{"type":"Feature","properties":{"average_dip":"(53,40,65)","catalog_id":"MW_30","catalog_name":"SMSSD","dip_dir":"W","name":"Zomba","net_slip_rate":"(0.72,0.071,4.52)","notes":"Border fault for Zomba Graben. All movement post Cretaceous Lower Chilwa Alkaline Province.","reference":"Bloomfield (1965); Wedmore et al (2020a)","slip_type":"Normal"},"geometry":{"type":"LineString","coordinates":[[35.127,-15.544],[35.161,-15.48]]}},{"type":"Feature","properties":{"average_dip":"(53,40,65)","catalog_id":"MW_29","catalog_name":"SMSSD","dip_dir":"W","name":"Zomba","net_slip_rate":"(0.75,0.075,4.62)","notes":"Border fault for Zomba Graben. All movement post Cretaceous Lower Chilwa Alkaline Province.","reference":"Bloomfield (1965); Wedmore et al (2020a)","slip_type":"Normal"},"geometry":{"type":"LineString","coordinates":[[35.161,-15.48],[35.21401,-15.37399]]}},{"type":"Feature","properties":{"average_dip":"(53,40,65)","catalog_id":"MW_67","catalog_name":"SMSSD","dip_dir":"W","name":"Makanjira","net_slip_rate":"(0.55,0.05,2.8)","notes":"Eastern border fault for the Makanjira Graben. Highly segmented fault system with variable exposure quality.","reference":"Manyozo et al (1972); King and Dawson (1976); Dulanya et al (2017)","slip_type":"Normal"},"geometry":{"type":"LineString","coordinates":[[35.34652,-15.15409],[35.43357,-14.68443]]}},{"type":"Feature","properties":{"average_dip":"(53,40,65)","catalog_id":"MW_68","catalog_name":"SMSSD","dip_dir":"W","name":"Makanjira","net_slip_rate":"(NA,NA,NA)","notes":"Eastern border fault for the Makanjira Graben. Highly segmented fault system with variable exposure quality.","reference":"Manyozo et al (1972); King and Dawson (1976); Dulanya et al (2017)","slip_type":"Normal"},"geometry":{"type":"LineString","coordinates":[[35.43357,-14.68443],[35.44255,-14.68067]]}},{"type":"Feature","properties":{"average_dip":"(53,40,65)","catalog_id":"MW_69","catalog_name":"SMSSD","dip_dir":"W","name":"Makanjira","net_slip_rate":"(0.62,0.065,2.76)","notes":"Eastern border fault for the Makanjira Graben. Highly segmented fault system with variable exposure quality.","reference":"Manyozo et al (1972); King and Dawson (1976); Dulanya et al (2017)","slip_type":"Normal"},"geometry":{"type":"LineString","coordinates":[[35.44255,-14.68067],[35.37978,-14.54521]]}},{"type":"Feature","properties":{"average_dip":"(53,40,65)","catalog_id":"MW_70","catalog_name":"SMSSD","dip_dir":"W","name":"Makanjira","net_slip_rate":"(NA,NA,NA)","notes":"Eastern border fault for the Makanjira Graben. Highly segmented fault system with variable exposure quality.","reference":"Manyozo et al (1972); King and Dawson (1976); Dulanya et al (2017)","slip_type":"Normal"},"geometry":{"type":"LineString","coordinates":[[35.37978,-14.54521],[35.40379,-14.53474]]}},{"type":"Feature","properties":{"average_dip":"(53,40,65)","catalog_id":"MW_71","catalog_name":"SMSSD","dip_dir":"W","name":"Makanjira","net_slip_rate":"(NA,NA,NA)","notes":"Eastern border fault for the Makanjira Graben. Highly segmented fault system with variable exposure quality.","reference":"Manyozo et al (1972); King and Dawson (1976); Dulanya et al (2017)","slip_type":"Normal"},"geometry":{"type":"LineString","coordinates":[[35.35465,-14.43051],[35.33571,-14.40405]]}},{"type":"Feature","properties":{"average_dip":"(53,40,65)","catalog_id":"MW_72","catalog_name":"SMSSD","dip_dir":"W","name":"Makanjira","net_slip_rate":"(0.62,0.065,2.76)","notes":"Eastern border fault for the Makanjira Graben. Highly segmented fault system with variable exposure quality.","reference":"Manyozo et al (1972); King and Dawson (1976); Dulanya et al (2017)","slip_type":"Normal"},"geometry":{"type":"LineString","coordinates":[[35.40379,-14.53474],[35.35465,-14.43051]]}},{"type":"Feature","properties":{"average_dip":"(53,40,65)","catalog_id":"MW_62","catalog_name":"SMSSD","dip_dir":"E","name":"Malombe","net_slip_rate":"(0.13,0.006,0.81)","notes":"Steep scarp at base of escarpment. Bounds Shire Horst and Lake Malombe.","reference":"Manyozo et al (1972); Hodge et al (2019)","slip_type":"Normal"},"geometry":{"type":"LineString","coordinates":[[35.17083,-14.52861],[35.17695,-14.67163]]}},{"type":"Feature","properties":{"average_dip":"(53,40,65)","catalog_id":"MW_66","catalog_name":"SMSSD","dip_dir":"E","name":"Malombe","net_slip_rate":"(0.08,0.003,0.63)","notes":"Steep scarp at base of escarpment. Bounds Shire Horst and Lake Malombe.","reference":"Manyozo et al (1972); Hodge et al (2019)","slip_type":"Normal"},"geometry":{"type":"LineString","coordinates":[[35.18069,-14.96043],[35.13607,-15.02717]]}},{"type":"Feature","properties":{"average_dip":"(53,40,65)","catalog_id":"MW_63","catalog_name":"SMSSD","dip_dir":"E","name":"Malombe","net_slip_rate":"(0.13,0.006,0.8)","notes":"Steep scarp at base of escarpment. Bounds Shire Horst and Lake Malombe.","reference":"Manyozo et al (1972); Hodge et al (2019)","slip_type":"Normal"},"geometry":{"type":"LineString","coordinates":[[35.16139,-14.677],[35.1505,-14.88619]]}},{"type":"Feature","properties":{"average_dip":"(53,40,65)","catalog_id":"MW_64","catalog_name":"SMSSD","dip_dir":"E","name":"Malombe","net_slip_rate":"(NA,NA,NA)","notes":"Steep scarp at base of escarpment. Bounds Shire Horst and Lake Malombe.","reference":"Manyozo et al (1972); Hodge et al (2019)","slip_type":"Normal"},"geometry":{"type":"LineString","coordinates":[[35.17695,-14.67163],[35.16139,-14.677]]}},{"type":"Feature","properties":{"average_dip":"(53,40,65)","catalog_id":"MW_59","catalog_name":"SMSSD","dip_dir":"NE","name":"Bilila-Mtakataka","net_slip_rate":"(0.13,0.006,0.8)","notes":"Laterally continuous steep scarp suggests recent, possibly Late Quaternary, events (Hodge et al 2020).","reference":"Walshaw (1965); Dawson and Kirkpatrick (1968); Jackson and Blenkinsop (1997); Hodge et al (2018, 2019, 2020); Williams et al (2019)","slip_type":"Normal"},"geometry":{"type":"LineString","coordinates":[[34.4317,-14.04926],[34.5185,-14.16263]]}},{"type":"Feature","properties":{"average_dip":"(53,40,65)","catalog_id":"MW_46","catalog_name":"SMSSD","dip_dir":"E","name":"Chirobwe-Ncheu","net_slip_rate":"(0.61,0.064,2.92)","notes":"Scarp along this section. Western border fault for the Makanjira Graben.","reference":"Dawson and Kirkpatrick (1968); Walshaw (1965)","slip_type":"Normal"},"geometry":{"type":"LineString","coordinates":[[34.53171,-14.48234],[34.59654,-14.68209]]}},{"type":"Feature","properties":{"average_dip":"(53,40,65)","catalog_id":"MW_47","catalog_name":"SMSSD","dip_dir":"E","name":"Chirobwe-Ncheu","net_slip_rate":"(0.61,0.064,2.91)","notes":"Western border fault for the Makanjira Graben.","reference":"Dawson and Kirkpatrick (1968); Walshaw (1965)","slip_type":"Normal"},"geometry":{"type":"LineString","coordinates":[[34.58186,-14.68634],[34.6002,-14.75368]]}},{"type":"Feature","properties":{"average_dip":"(53,40,65)","catalog_id":"MW_48","catalog_name":"SMSSD","dip_dir":"E","name":"Chirobwe-Ncheu","net_slip_rate":"(NA,NA,NA)","notes":"Western border fault for the Makanjira Graben.","reference":"Dawson and Kirkpatrick (1968); Walshaw (1965)","slip_type":"Normal"},"geometry":{"type":"LineString","coordinates":[[34.59654,-14.68209],[34.58186,-14.68634]]}},{"type":"Feature","properties":{"average_dip":"(53,40,65)","catalog_id":"MW_49","catalog_name":"SMSSD","dip_dir":"E","name":"Chirobwe-Ncheu","net_slip_rate":"(0.6,0.065,2.9)","notes":"Western border fault for the Makanjira Graben.","reference":"Dawson and Kirkpatrick (1968); Walshaw (1965)","slip_type":"Normal"},"geometry":{"type":"LineString","coordinates":[[34.71656,-14.89495],[34.73131,-14.96325]]}},{"type":"Feature","properties":{"average_dip":"(53,40,65)","catalog_id":"MW_50","catalog_name":"SMSSD","dip_dir":"E","name":"Chirobwe-Ncheu","net_slip_rate":"(NA,NA,NA)","notes":"Western border fault for the Makanjira Graben.","reference":"Dawson and Kirkpatrick (1968); Walshaw (1965)","slip_type":"Normal"},"geometry":{"type":"LineString","coordinates":[[34.72206,-14.89144],[34.71656,-14.89495]]}},{"type":"Feature","properties":{"average_dip":"(53,40,65)","catalog_id":"MW_54","catalog_name":"SMSSD","dip_dir":"NE","name":"Bilila-Mtakataka","net_slip_rate":"(0.13,0.006,0.81)","notes":"Laterally continuous steep scarp suggests recent, possibly Late Quaternary, events (Hodge et al 2020).","reference":"Walshaw (1965); Dawson and Kirkpatrick (1968); Jackson and Blenkinsop (1997); Hodge et al (2018, 2019, 2020); Williams et al (2019)","slip_type":"Normal"},"geometry":{"type":"LineString","coordinates":[[34.78346,-14.71212],[34.9418,-14.92687]]}},{"type":"Feature","properties":{"average_dip":"(53,40,65)","catalog_id":"MW_60","catalog_name":"SMSSD","dip_dir":"NE","name":"Bilila-Mtakataka","net_slip_rate":"(0.13,0.006,0.8)","notes":"High uncertainity on activity of this seciton","reference":"Walshaw (1965); Dawson and Kirkpatrick (1968); Jackson and Blenkinsop (1997); Hodge et al (2018, 2019, 2020); Williams et al (2019)","slip_type":"Normal"},"geometry":{"type":"LineString","coordinates":[[34.28845,-13.86614],[34.4317,-14.04926]]}},{"type":"Feature","properties":{"average_dip":"(53,40,65)","catalog_id":"MW_33","catalog_name":"SMSSD","dip_dir":"NW","name":"Chingale Step","net_slip_rate":"(0.08,0.004,0.57)","notes":"Near pure normal slip slickenslides. Labelled Mpimbi fault by Bloomfield (1965).","reference":"Bloomfield (1965); Williams et al (2019); Wedmore et al (2020a)","slip_type":"Normal"},"geometry":{"type":"LineString","coordinates":[[35.119,-15.399],[35.137,-15.31401]]}},{"type":"Feature","properties":{"average_dip":"(53,40,65)","catalog_id":"MW_34","catalog_name":"SMSSD","dip_dir":"NW","name":"Chingale Step","net_slip_rate":"(0.07,0.003,0.54)","notes":"Near pure normal slip slickenslides. Labelled Mpimbi fault by Bloomfield (1965).","reference":"Bloomfield (1965); Williams et al (2019); Wedmore et al (2020a)","slip_type":"Normal"},"geometry":{"type":"LineString","coordinates":[[35.137,-15.31401],[35.19279,-15.15721]]}},{"type":"Feature","properties":{"average_dip":"(53,40,65)","catalog_id":"MW_73","catalog_name":"SMSSD","dip_dir":"W","name":"Makanjira","net_slip_rate":"(0.6,0.065,2.55)","notes":"Eastern border fault for the Makanjira Graben. Highly segmented fault system with variable exposure quality.","reference":"Manyozo et al (1972); King and Dawson (1976); Dulanya et al (2017)","slip_type":"Normal"},"geometry":{"type":"LineString","coordinates":[[35.33571,-14.40405],[35.28981,-14.33952]]}},{"type":"Feature","properties":{"average_dip":"(53,40,65)","catalog_id":"MW_74","catalog_name":"SMSSD","dip_dir":"W","name":"Makanjira","net_slip_rate":"(0.61,0.059,2.92)","notes":"Eastern border fault for the Makanjira Graben. Highly segmented fault system with variable exposure quality.","reference":"Manyozo et al (1972); King and Dawson (1976); Dulanya et al (2017)","slip_type":"Normal"},"geometry":{"type":"LineString","coordinates":[[35.28981,-14.33952],[35.27504,-14.14194]]}},{"type":"Feature","properties":{"average_dip":"(53,40,65)","catalog_id":"MW_65","catalog_name":"SMSSD","dip_dir":"E","name":"Malombe","net_slip_rate":"(0.13,0.006,0.78)","notes":"Steep scarp at base of escarpment. Bounds Shire Horst and Lake Malombe.","reference":"Manyozo et al (1972); Hodge et al (2019)","slip_type":"Normal"},"geometry":{"type":"LineString","coordinates":[[35.1505,-14.88619],[35.18069,-14.96043]]}},{"type":"Feature","properties":{"average_dip":"(53,40,65)","catalog_id":"MW_51","catalog_name":"SMSSD","dip_dir":"E","name":"Chirobwe-Ncheu","net_slip_rate":"(0.62,0.062,2.91)","notes":"High uncertainity in location and extent of this section. Western border fault for the Makanjira Graben.","reference":"Dawson and Kirkpatrick (1968); Walshaw (1965)","slip_type":"Normal"},"geometry":{"type":"LineString","coordinates":[[34.60017,-14.75365],[34.71545,-15.02484]]}},{"type":"Feature","properties":{"average_dip":"(53,40,65)","catalog_id":"MW_52","catalog_name":"SMSSD","dip_dir":"E","name":"Chirobwe-Ncheu","net_slip_rate":"(0.62,0.053,2.69)","notes":"Western border fault for the Makanjira Graben.","reference":"Dawson and Kirkpatrick (1968); Walshaw (1965)","slip_type":"Normal"},"geometry":{"type":"LineString","coordinates":[[34.6002,-14.75368],[34.72206,-14.89144]]}},{"type":"Feature","properties":{"average_dip":"(53,40,65)","catalog_id":"MW_53","catalog_name":"SMSSD","dip_dir":"E","name":"Chirobwe-Ncheu","net_slip_rate":"(NA,NA,NA)","notes":"Scarp along this section. Western border fault for the Makanjira Graben.","reference":"Dawson and Kirkpatrick (1968); Walshaw (1965)","slip_type":"Normal"},"geometry":{"type":"LineString","coordinates":[[34.52968,-14.44055],[34.53171,-14.48234]]}},{"type":"Feature","properties":{"average_dip":"(53,40,65)","catalog_id":"MW_55","catalog_name":"SMSSD","dip_dir":"NE","name":"Bilila-Mtakataka","net_slip_rate":"(0.12,0.006,0.66)","notes":"Laterally continuous steep scarp suggests recent, possibly Late Quaternary, events (Hodge et al 2020).","reference":"Walshaw (1965); Dawson and Kirkpatrick (1968); Jackson and Blenkinsop (1997); Hodge et al (2018, 2019, 2020); Williams et al (2019)","slip_type":"Normal"},"geometry":{"type":"LineString","coordinates":[[34.5185,-14.16263],[34.5062,-14.26753]]}},{"type":"Feature","properties":{"average_dip":"(53,40,65)","catalog_id":"MW_56","catalog_name":"SMSSD","dip_dir":"NE","name":"Bilila-Mtakataka","net_slip_rate":"(0.12,0.005,0.79)","notes":"Laterally continuous steep scarp suggests recent, possibly Late Quaternary, events (Hodge et al 2020).","reference":"Walshaw (1965); Dawson and Kirkpatrick (1968); Jackson and Blenkinsop (1997); Hodge et al (2018, 2019, 2020); Williams et al (2019)","slip_type":"Normal"},"geometry":{"type":"LineString","coordinates":[[34.66295,-14.58198],[34.78346,-14.71212]]}},{"type":"Feature","properties":{"average_dip":"(53,40,65)","catalog_id":"MW_9","catalog_name":"SMSSD","dip_dir":"NE","name":"Panga-1","net_slip_rate":"(NA,NA,NA)","notes":"Part of larger Panga Fault System a Karoo age structure that juxtaposes Karoo sediments and lavas in the footwall against Cretaceous sediments and recent alluvium. Intruded and subsequently deforms dyke, active pre and post Karoo.","reference":"Castaing (1991); Habgood (1963); Chisenga et al (2019)","slip_type":"Normal"},"geometry":{"type":"LineString","coordinates":[[34.89773,-16.57415],[34.94571,-16.60632]]}},{"type":"Feature","properties":{"average_dip":"(53,40,65)","catalog_id":"MW_10","catalog_name":"SMSSD","dip_dir":"NE","name":"Panga-2","net_slip_rate":"(NA,NA,NA)","notes":"Part of larger Panga Fault System, a Karoo age structure that juxtaposes Karoo sediments and lavas in the footwall against Cretaceous sediments and recent alluvium. Intruded and subsequently deforms dyke, active pre and post Karoo.","reference":"Castaing (1991); Habgood (1963); Chisenga et al (2019)","slip_type":"Normal"},"geometry":{"type":"LineString","coordinates":[[34.81391,-16.50166],[34.91087,-16.55392]]}},{"type":"Feature","properties":{"average_dip":"(53,40,65)","catalog_id":"MW_11","catalog_name":"SMSSD","dip_dir":"NE","name":"Panga-3","net_slip_rate":"(NA,NA,NA)","notes":"Part of larger Panga Fault System, a Karoo age structure that juxtaposes Karoo sediments and lavas in the footwall against Cretaceous sediments and recent alluvium. Intruded and subsequently deforms dyke, active pre and post Karoo.","reference":"Castaing (1991); Habgood (1963); Chisenga et al (2019)","slip_type":"Normal"},"geometry":{"type":"LineString","coordinates":[[34.69139,-16.39218],[34.82473,-16.48187]]}},{"type":"Feature","properties":{"average_dip":"(53,40,65)","catalog_id":"MW_12","catalog_name":"SMSSD","dip_dir":"NE","name":"Panga-4","net_slip_rate":"(NA,NA,NA)","notes":"Part of larger Panga Fault System, a Karoo age structure that juxtaposes Karoo sediments and lavas in the footwall against Cretaceous sediments and recent alluvium. Intruded and subsequently deforms dyke, active pre and post Karoo.","reference":"Castaing (1991); Habgood (1963); Chisenga et al (2019)","slip_type":"Normal"},"geometry":{"type":"LineString","coordinates":[[34.62431,-16.24977],[34.82917,-16.41002]]}},{"type":"Feature","properties":{"average_dip":"(53,40,65)","catalog_id":"MW_44","catalog_name":"SMSSD","dip_dir":"E","name":"Tsikulamowa","net_slip_rate":"(NA,NA,NA)","notes":"Fault does not follow foliation, relatively prominent scarp 60 m high. No or very thin (<1 m) sediments in hanging wall on geological map, confirmed by fieldwork.","reference":"Walshaw (1965); Bloomfield and Garson (1965)","slip_type":"Normal"},"geometry":{"type":"LineString","coordinates":[[34.82039,-14.92354],[34.80048,-15.04838]]}},{"type":"Feature","properties":{"average_dip":"(53,40,65)","catalog_id":"MW_1","catalog_name":"SMSSD","dip_dir":"E","name":"Nsanje","net_slip_rate":"(NA,NA,NA)","notes":"Northern extent of Urema Graben.","reference":"Bloomfield (1957)","slip_type":"Normal"},"geometry":{"type":"LineString","coordinates":[[35.24663,-16.8852],[35.13537,-17.16524]]}},{"type":"Feature","properties":{"average_dip":"(53,40,65)","catalog_id":"MW_58","catalog_name":"SMSSD","dip_dir":"NE","name":"Bilila-Mtakataka","net_slip_rate":"(0.13,0.006,0.8)","notes":"Laterally continuous steep scarp suggests recent, possibly Late Quaternary, events (Hodge et al 2020).","reference":"Walshaw (1965); Dawson and Kirkpatrick (1968); Jackson and Blenkinsop (1997); Hodge et al (2018, 2019, 2020); Williams et al (2019)","slip_type":"Normal"},"geometry":{"type":"LineString","coordinates":[[34.5062,-14.26753],[34.57573,-14.43868]]}},{"type":"Feature","properties":{"average_dip":"(53,40,65)","catalog_id":"MW_57","catalog_name":"SMSSD","dip_dir":"NE","name":"Bilila-Mtakataka","net_slip_rate":"(0.13,0.006,0.81)","notes":"Laterally continuous steep scarp suggests recent, possibly Late Quaternary, events (Hodge et al 2020).","reference":"Walshaw (1965); Dawson and Kirkpatrick (1968); Jackson and Blenkinsop (1997); Hodge et al (2018, 2019, 2020); Williams et al (2019)","slip_type":"Normal"},"geometry":{"type":"LineString","coordinates":[[34.57574,-14.4387],[34.66295,-14.58198]]}}],"metadata":{"source":"GEM Global Active Faults","layer_id":"east-africa","feature_count":558}}