{"type":"FeatureCollection","features":[{"type":"Feature","properties":{"average_dip":"(32.5,25,40)","average_rake":"(90,80,100)","catalog_id":"EUR_ALCS001","catalog_name":"SHARE","lower_seis_depth":"(15.0,,)","net_slip_rate":"(1.0,0.5,1.5)","slip_type":"Reverse","upper_seis_depth":"(1.0,,)"},"geometry":{"type":"LineString","coordinates":[[19.883833,39.965767],[19.821066,39.989884],[19.7583,40.014002],[19.695533,40.038119],[19.649341,40.063367],[19.603149,40.088614],[19.553393,40.125976],[19.503637,40.163338],[19.466582,40.192459],[19.429527,40.221579],[19.368892,40.279435],[19.308257,40.33729],[19.2818,40.383319],[19.255343,40.429348],[19.233745,40.474966],[19.212147,40.520585]]}},{"type":"Feature","properties":{"average_dip":"(32.5,25,40)","average_rake":"(90,80,100)","catalog_id":"EUR_ALCS002","catalog_name":"SHARE","lower_seis_depth":"(15.0,,)","net_slip_rate":"(0.6,0.15,1.0)","slip_type":"Reverse","upper_seis_depth":"(2.0,,)"},"geometry":{"type":"LineString","coordinates":[[19.542573,40.869481],[19.538221,40.911651],[19.533869,40.95382],[19.517571,40.998439],[19.501304,41.031183],[19.489322,41.080549],[19.452197,41.145735],[19.420911,41.206961],[19.39426,41.257691],[19.369926,41.303173],[19.350228,41.350404],[19.324736,41.393262],[19.298085,41.450989],[19.28418,41.477229],[19.269116,41.519212],[19.259846,41.555948],[19.255211,41.590059]]}},{"type":"Feature","properties":{"average_dip":"(52.5,45,60)","average_rake":"(-115,-130,-100)","catalog_id":"EUR_ALCS003","catalog_name":"SHARE","lower_seis_depth":"(12.0,,)","net_slip_rate":"(0.3,0.15,0.4)","slip_type":"Dextral-Normal","upper_seis_depth":"(1.0,,)"},"geometry":{"type":"LineString","coordinates":[[20.933247,40.770544],[20.882603,40.72849],[20.844646,40.678312],[20.825563,40.649317],[20.806621,40.611814],[20.787678,40.57431],[20.764648,40.52566],[20.75189,40.483993],[20.744038,40.453103],[20.73226,40.409281],[20.723279,40.365956],[20.716821,40.341683],[20.71007,40.316311],[20.70121,40.283011],[20.693486,40.25398],[20.685291,40.223181],[20.676318,40.189455]]}},{"type":"Feature","properties":{"average_dip":"(30.0,20,40)","average_rake":"(90,80,100)","catalog_id":"EUR_ALCS004","catalog_name":"SHARE","lower_seis_depth":"(7.0,,)","net_slip_rate":"(1.0,0.5,1.5)","slip_type":"Reverse","upper_seis_depth":"(2.0,,)"},"geometry":{"type":"LineString","coordinates":[[19.242907,40.567024],[19.206147,40.597589],[19.169387,40.628153],[19.132627,40.658718],[19.108995,40.691276],[19.085363,40.723834],[19.07136,40.749748],[19.057357,40.775662],[19.037226,40.814865],[19.017095,40.854067],[19.002216,40.895928],[18.987337,40.937788],[18.98121,40.981642],[18.975083,41.025496]]}},{"type":"Feature","properties":{"average_dip":"(60.0,50,70)","average_rake":"(-155,-170,-140)","catalog_id":"EUR_ALCS005","catalog_name":"SHARE","lower_seis_depth":"(25.0,,)","net_slip_rate":"(0.3,0.1,0.5)","slip_type":"Dextral-Normal","upper_seis_depth":"(1.0,,)"},"geometry":{"type":"LineString","coordinates":[[20.210099,41.203411],[20.252799,41.240725],[20.279483,41.267378],[20.300831,41.295363],[20.323959,41.31935],[20.350647,41.347335],[20.371995,41.372655],[20.396903,41.403306],[20.431758,41.441857],[20.46075,41.473705],[20.50061,41.508282]]}},{"type":"Feature","properties":{"average_dip":"(37.5,30,45)","average_rake":"(-115,-130,-100)","catalog_id":"EUR_ALCS006","catalog_name":"SHARE","lower_seis_depth":"(12.0,,)","net_slip_rate":"(0.2,0.1,0.4)","slip_type":"Dextral-Normal","upper_seis_depth":"(1.0,,)"},"geometry":{"type":"LineString","coordinates":[[20.318213,41.464996],[20.3039,41.488996],[20.292114,41.515523],[20.278643,41.538259],[20.263782,41.5656],[20.248922,41.59294],[20.237158,41.617958],[20.225394,41.642976],[20.220869,41.672727],[20.216344,41.702479],[20.212725,41.736964],[20.209106,41.771448]]}},{"type":"Feature","properties":{"average_dip":"(42.5,40,45)","average_rake":"(-75,-90,-60)","catalog_id":"EUR_ALCS007","catalog_name":"SHARE","lower_seis_depth":"(15.0,,)","net_slip_rate":"(0.3,0.1,0.5)","slip_type":"Normal","upper_seis_depth":"(1.0,,)"},"geometry":{"type":"LineString","coordinates":[[20.538718,42.146608],[20.505575,42.115044],[20.474094,42.073645],[20.435375,42.037048],[20.401866,42.000682],[20.379057,41.983514],[20.356815,41.961568],[20.339142,41.940595],[20.310015,41.907474],[20.25741,41.870493],[20.200134,41.846532],[20.158728,41.817158],[20.122551,41.791494],[20.080643,41.761764]]}},{"type":"Feature","properties":{"average_dip":"(45.0,40,50)","average_rake":"(-75,-90,-60)","catalog_id":"EUR_ALCS008","catalog_name":"SHARE","lower_seis_depth":"(13.0,,)","net_slip_rate":"(0.3,0.1,0.5)","slip_type":"Normal","upper_seis_depth":"(1.0,,)"},"geometry":{"type":"LineString","coordinates":[[20.663287,42.086873],[20.647771,42.060369],[20.630703,42.035016],[20.618287,42.013121],[20.604323,41.986617],[20.595011,41.967027],[20.584151,41.946284],[20.562427,41.914018],[20.539151,41.872532],[20.498807,41.825285],[20.478635,41.80339]]}},{"type":"Feature","properties":{"average_dip":"(45.0,40,50)","average_rake":"(-50,-60,-40)","catalog_id":"EUR_ALCS009","catalog_name":"SHARE","lower_seis_depth":"(15.0,,)","net_slip_rate":"(0.3,0.1,0.5)","slip_type":"Sinistral-Normal","upper_seis_depth":"(1.0,,)"},"geometry":{"type":"LineString","coordinates":[[20.10352,42.394396],[20.083664,42.374756],[20.068981,42.343851],[20.050568,42.31829],[20.027531,42.286133],[19.994312,42.25446],[19.952315,42.227007],[19.928915,42.205621],[19.906514,42.173748],[19.877277,42.124565],[19.828837,42.059843]]}},{"type":"Feature","properties":{"average_dip":"(37.5,30,45)","average_rake":"(90,80,100)","catalog_id":"EUR_ALCS010","catalog_name":"SHARE","lower_seis_depth":"(25.0,,)","net_slip_rate":"(0.6,0.15,1.0)","slip_type":"Reverse","upper_seis_depth":"(4.0,,)"},"geometry":{"type":"LineString","coordinates":[[20.30902,39.600642],[20.252926,39.620471],[20.215029,39.642267],[20.152947,39.666258],[20.107163,39.704552],[20.077962,39.741361],[20.058743,39.783254],[20.040121,39.820451],[20.019306,39.861194],[19.992964,39.895592],[19.948056,39.950094],[19.902615,40.006882],[19.866911,40.067375],[19.853927,40.109349],[19.825535,40.154193],[19.798127,40.203877],[19.759799,40.248765],[19.735954,40.296016],[19.708814,40.349796],[19.699751,40.367367]]}},{"type":"Feature","properties":{"average_dip":"(37.5,30,45)","average_rake":"(90,80,100)","catalog_id":"EUR_ALCS011","catalog_name":"SHARE","lower_seis_depth":"(25.0,,)","net_slip_rate":"(0.6,0.15,1.0)","slip_type":"Reverse","upper_seis_depth":"(5.0,,)"},"geometry":{"type":"LineString","coordinates":[[20.387311,39.91227],[20.326979,39.947154],[20.275012,39.991816],[20.197917,40.126034],[20.060038,40.264909],[20.01135,40.349351],[19.981723,40.402525],[19.953275,40.458075],[19.912536,40.525668],[19.875174,40.592413],[19.836562,40.673217],[19.808028,40.74069],[19.7914,40.790861],[19.7724,40.832074],[19.754135,40.866158],[19.729648,40.907331],[19.70352,40.953919],[19.675016,41.018426]]}},{"type":"Feature","properties":{"average_dip":"(37.5,30,45)","average_rake":"(90,80,100)","catalog_id":"EUR_ALCS012","catalog_name":"SHARE","lower_seis_depth":"(11.0,,)","net_slip_rate":"(0.4,0.1,0.7)","slip_type":"Reverse","upper_seis_depth":"(1.0,,)"},"geometry":{"type":"LineString","coordinates":[[20.272175,40.441865],[20.243906,40.474826],[20.217365,40.511486],[20.173154,40.577334],[20.149021,40.623337],[20.125017,40.669093],[20.101211,40.705916],[20.069915,40.763603],[20.048677,40.814269],[20.035042,40.856224],[20.022711,40.901922],[20.016503,40.943689],[20.011349,40.98587]]}},{"type":"Feature","properties":{"average_dip":"(37.5,30,45)","average_rake":"(-85,-100,-70)","catalog_id":"EUR_ALCS013","catalog_name":"SHARE","lower_seis_depth":"(10.0,,)","net_slip_rate":"(0.4,0.1,0.7)","slip_type":"Normal","upper_seis_depth":"(1.0,,)"},"geometry":{"type":"LineString","coordinates":[[19.89736,42.167534],[19.868064,42.210919],[19.837823,42.23751],[19.806635,42.266201],[19.789132,42.27901],[19.769276,42.29374],[19.73784,42.320745]]}},{"type":"Feature","properties":{"average_dip":"(30.0,20,40)","average_rake":"(90,80,100)","catalog_id":"EUR_ALCS014","catalog_name":"SHARE","lower_seis_depth":"(6.0,,)","net_slip_rate":"(0.5,0.15,0.8)","slip_type":"Reverse","upper_seis_depth":"(1.0,,)"},"geometry":{"type":"LineString","coordinates":[[19.836237,41.258052],[19.77584,41.295359],[19.72873,41.338125],[19.703362,41.376342],[19.682,41.41433],[19.647032,41.465599],[19.618386,41.517955],[19.58564,41.577805],[19.555413,41.633052],[19.526366,41.686142]]}},{"type":"Feature","properties":{"average_dip":"(37.5,30,45)","average_rake":"(90,80,100)","catalog_id":"EUR_ALCS015","catalog_name":"SHARE","lower_seis_depth":"(25.0,,)","net_slip_rate":"(0.6,0.15,1.0)","slip_type":"Reverse","upper_seis_depth":"(5.0,,)"},"geometry":{"type":"LineString","coordinates":[[20.465484,39.699341],[20.433872,39.717201],[20.400751,39.735913],[20.368947,39.754955],[20.340944,39.774206],[20.31373,39.794091],[20.262365,39.833813],[20.229273,39.853453],[20.196363,39.877256],[20.168838,39.897311],[20.136613,39.916056],[20.105173,39.935697],[20.067027,39.957732],[20.047261,39.974977],[20.029075,39.994627],[20.014595,40.019227],[19.99398,40.054314],[19.972801,40.090363],[19.951909,40.117839],[19.930204,40.146385],[19.884762,40.195766],[19.85835,40.233095],[19.819846,40.274777]]}},{"type":"Feature","properties":{"average_dip":"(35.0,30,40)","average_rake":"(95,80,110)","catalog_id":"EUR_ALCS016","catalog_name":"SHARE","lower_seis_depth":"(12.0,,)","net_slip_rate":"(0.6,0.15,1.0)","slip_type":"Reverse","upper_seis_depth":"(1.0,,)"},"geometry":{"type":"LineString","coordinates":[[19.380087,41.933519],[19.414947,41.909065],[19.446565,41.884641],[19.473477,41.866276],[19.517959,41.84407],[19.56077,41.822557],[19.598517,41.800498],[19.638385,41.778454],[19.671145,41.751979],[19.690415,41.725503],[19.699993,41.703656],[19.709026,41.683053],[19.727978,41.664405]]}},{"type":"Feature","properties":{"average_dip":"(37.5,30,45)","average_rake":"(-85,-100,-70)","catalog_id":"EUR_ALCS017","catalog_name":"SHARE","lower_seis_depth":"(10.0,,)","net_slip_rate":"(0.4,0.1,0.7)","slip_type":"Normal","upper_seis_depth":"(1.0,,)"},"geometry":{"type":"LineString","coordinates":[[20.04064,42.299878],[20.01582,42.310925],[19.987692,42.324428],[19.964528,42.345296],[19.933088,42.364936],[19.906612,42.374756],[19.87352,42.384576],[19.837116,42.402988],[19.813952,42.415264],[19.782512,42.432449]]}},{"type":"Feature","properties":{"average_dip":"(37.5,30,45)","average_rake":"(90,80,100)","catalog_id":"EUR_ALCS018","catalog_name":"SHARE","lower_seis_depth":"(10.0,,)","net_slip_rate":"(0.6,0.15,1.0)","slip_type":"Reverse","upper_seis_depth":"(2.0,,)"},"geometry":{"type":"LineString","coordinates":[[19.589029,41.228185],[19.565644,41.248577],[19.541769,41.278739],[19.520668,41.298305],[19.499567,41.317871],[19.477229,41.354696],[19.454891,41.391521],[19.439,41.42084],[19.423109,41.450159],[19.407218,41.479478],[19.392874,41.514098],[19.37853,41.548718],[19.364182,41.588665],[19.349834,41.628611]]}},{"type":"Feature","properties":{"average_dip":"(37.5,30,45)","average_rake":"(90,80,100)","catalog_id":"EUR_ALCS019","catalog_name":"SHARE","lower_seis_depth":"(10.0,,)","net_slip_rate":"(0.3,0.1,0.5)","slip_type":"Reverse","upper_seis_depth":"(1.0,,)"},"geometry":{"type":"LineString","coordinates":[[19.948138,41.300549],[19.921486,41.325914],[19.895994,41.351279],[19.860074,41.382766],[19.832264,41.407257],[19.8172,41.425624],[19.796342,41.447491],[19.77201,41.474605],[19.754398,41.496962],[19.728788,41.528268],[19.707643,41.563438],[19.694603,41.585128],[19.681956,41.606164],[19.670841,41.624652],[19.665232,41.633982]]}},{"type":"Feature","properties":{"average_dip":"(30.0,20,40)","average_rake":"(90,80,100)","catalog_id":"EUR_ALCS020","catalog_name":"SHARE","lower_seis_depth":"(9.0,,)","net_slip_rate":"(0.6,0.15,1.0)","slip_type":"Reverse","upper_seis_depth":"(1.0,,)"},"geometry":{"type":"LineString","coordinates":[[19.41275,40.63704],[19.396722,40.663168],[19.380694,40.689296],[19.36289,40.728153],[19.353956,40.769174],[19.345067,40.80092],[19.336178,40.832666],[19.331372,40.862198],[19.326565,40.891729],[19.323221,40.925249],[19.320539,40.952135],[19.317857,40.97902],[19.323714,41.021593],[19.327117,41.051692],[19.339738,41.088588]]}},{"type":"Feature","properties":{"average_dip":"(35.0,30,40)","average_rake":"(90,80,100)","catalog_id":"EUR_ALCS021","catalog_name":"SHARE","lower_seis_depth":"(8.0,,)","net_slip_rate":"(0.3,0.1,0.5)","slip_type":"Reverse","upper_seis_depth":"(1.0,,)"},"geometry":{"type":"LineString","coordinates":[[19.587059,40.55761],[19.482695,40.679532],[19.439373,40.764284]]}},{"type":"Feature","properties":{"average_dip":"(37.5,30,45)","average_rake":"(90,80,100)","catalog_id":"EUR_ALCS022","catalog_name":"SHARE","lower_seis_depth":"(18.0,,)","net_slip_rate":"(0.5,0.1,0.9)","slip_type":"Reverse","upper_seis_depth":"(2.0,,)"},"geometry":{"type":"LineString","coordinates":[[19.67558,40.411153],[19.656254,40.482559],[19.638134,40.540232],[19.594648,40.612553],[19.566864,40.655579],[19.55237,40.68762],[19.547538,40.704099]]}},{"type":"Feature","properties":{"average_dip":"(37.5,30,45)","average_rake":"(90,80,100)","catalog_id":"EUR_ALCS023","catalog_name":"SHARE","lower_seis_depth":"(10.0,,)","net_slip_rate":"(0.8,0.15,1.5)","slip_type":"Reverse","upper_seis_depth":"(1.0,,)"},"geometry":{"type":"LineString","coordinates":[[19.610623,40.237834],[19.519913,40.30359],[19.484277,40.344688],[19.458361,40.392361],[19.430283,40.447431],[19.397887,40.513188],[19.376289,40.555929]]}},{"type":"Feature","properties":{"average_dip":"(37.5,30,45)","average_rake":"(-115,-130,-100)","catalog_id":"EUR_ALCS024","catalog_name":"SHARE","lower_seis_depth":"(9.0,,)","net_slip_rate":"(0.2,0.1,0.4)","slip_type":"Dextral-Normal","upper_seis_depth":"(1.0,,)"},"geometry":{"type":"LineString","coordinates":[[20.418972,41.583103],[20.379057,41.625692],[20.356248,41.651246],[20.322035,41.671121],[20.301127,41.710871],[20.295425,41.767656]]}},{"type":"Feature","properties":{"average_dip":"(52.5,45,60)","average_rake":"(-75,-90,-60)","catalog_id":"EUR_ALCS025","catalog_name":"SHARE","lower_seis_depth":"(12.0,,)","net_slip_rate":"(0.3,0.15,0.4)","slip_type":"Normal","upper_seis_depth":"(1.0,,)"},"geometry":{"type":"LineString","coordinates":[[20.101551,41.351168],[20.088355,41.389813],[20.064227,41.438755],[20.027423,41.495663],[19.972301,41.548597],[19.957095,41.574349],[19.938088,41.600101],[19.915279,41.627283],[19.898173,41.650173],[19.888669,41.678786],[19.874212,41.713924],[19.867761,41.743165],[19.85419,41.769011]]}},{"type":"Feature","properties":{"average_dip":"(37.5,30,45)","average_rake":"(-115,-130,-100)","catalog_id":"EUR_ALCS026","catalog_name":"SHARE","lower_seis_depth":"(13.0,,)","net_slip_rate":"(0.2,0.1,0.4)","slip_type":"Dextral-Normal","upper_seis_depth":"(1.0,,)"},"geometry":{"type":"LineString","coordinates":[[20.521134,41.004894],[20.47884,41.040704],[20.455085,41.064724],[20.42322,41.08656],[20.38614,41.1132],[20.351958,41.134162],[20.327045,41.151631],[20.311402,41.166043],[20.28743,41.19021],[20.27664,41.20098]]}},{"type":"Feature","properties":{"average_dip":"(60.0,50,70)","average_rake":"(-155,-170,-140)","catalog_id":"EUR_ALCS027","catalog_name":"SHARE","lower_seis_depth":"(25.0,,)","net_slip_rate":"(0.3,0.1,0.5)","slip_type":"Dextral-Normal","upper_seis_depth":"(1.0,,)"},"geometry":{"type":"LineString","coordinates":[[19.927225,41.012845],[19.943237,41.022174],[19.973481,41.055489],[20.012624,41.084807],[20.076669,41.114125],[20.121145,41.131449],[20.156727,41.151439],[20.186971,41.172761],[20.201203,41.188752]]}},{"type":"Feature","properties":{"average_dip":"(37.5,30,45)","average_rake":"(90,80,100)","catalog_id":"EUR_ALCS028","catalog_name":"SHARE","lower_seis_depth":"(18.0,,)","net_slip_rate":"(0.5,0.1,0.9)","slip_type":"Reverse","upper_seis_depth":"(3.0,,)"},"geometry":{"type":"LineString","coordinates":[[19.586192,40.742548],[19.584984,40.771842],[19.58136,40.79839],[19.57532,40.822192],[19.565658,40.871627]]}},{"type":"Feature","properties":{"average_dip":"(30.0,20,40)","average_rake":"(90,80,100)","catalog_id":"EUR_ALCS029","catalog_name":"SHARE","lower_seis_depth":"(12.0,,)","net_slip_rate":"(0.5,0.15,0.8)","slip_type":"Reverse","upper_seis_depth":"(1.0,,)"},"geometry":{"type":"LineString","coordinates":[[19.995687,41.098814],[19.975151,41.124292],[19.950993,41.157049],[19.924417,41.187077],[19.882139,41.227114],[19.850733,41.253502]]}},{"type":"Feature","properties":{"average_dip":"(75.0,60,90)","average_rake":"(-10,-20,0)","catalog_id":"EUR_ATCS001","catalog_name":"SHARE","lower_seis_depth":"(12.0,,)","net_slip_rate":"(1.5,1.0,2.0)","slip_type":"Sinistral","upper_seis_depth":"(0.0,,)"},"geometry":{"type":"LineString","coordinates":[[17.679679,48.658682],[17.540705,48.643851],[17.458207,48.622927],[17.339659,48.575737],[17.249024,48.508722],[17.1886,48.474665],[17.141909,48.427425],[17.044408,48.370298],[16.946906,48.31317],[16.911278,48.279033],[16.853107,48.242336],[16.772227,48.139315],[16.738994,48.111026],[16.716748,48.100451],[16.615676,48.072986],[16.481645,48.001577],[16.34608,47.902608],[16.254838,47.836601],[16.163597,47.770593],[16.099328,47.735438],[16.047694,47.71017],[16.015312,47.689309]]}},{"type":"Feature","properties":{"average_dip":"(55.0,40,70)","average_rake":"(-80,-90,-70)","catalog_id":"EUR_ATCS002","catalog_name":"SHARE","lower_seis_depth":"(11.0,,)","net_slip_rate":"(0.1,0.05,0.1)","slip_type":"Normal","upper_seis_depth":"(0.0,,)"},"geometry":{"type":"LineString","coordinates":[[16.5998,48.110343],[16.597727,48.143739],[16.595654,48.177134],[16.597274,48.194451],[16.598604,48.213491],[16.606322,48.243451],[16.628447,48.26435],[16.656187,48.283301],[16.687497,48.302939],[16.722927,48.324843],[16.765238,48.350096],[16.795822,48.373469],[16.826406,48.396841]]}},{"type":"Feature","properties":{"average_dip":"(55.0,40,70)","average_rake":"(-80,-90,-70)","catalog_id":"EUR_ATCS003","catalog_name":"SHARE","lower_seis_depth":"(6.0,,)","net_slip_rate":"None","slip_type":"Normal","upper_seis_depth":"(0.0,,)"},"geometry":{"type":"LineString","coordinates":[[16.633349,48.417948],[16.619594,48.38409],[16.60584,48.350233],[16.590544,48.326147],[16.575164,48.303625],[16.559783,48.281104],[16.543029,48.245399]]}},{"type":"Feature","properties":{"average_dip":"(75.0,60,90)","average_rake":"(10,0,20)","catalog_id":"EUR_ATCS004","catalog_name":"SHARE","lower_seis_depth":"(11.0,,)","net_slip_rate":"(1.5,1.0,2.0)","slip_type":"Sinistral","upper_seis_depth":"(0.0,,)"},"geometry":{"type":"LineString","coordinates":[[14.817945,47.227811],[14.914743,47.280082],[15.011541,47.332353],[15.087233,47.367446],[15.174496,47.395039],[15.26355,47.423434],[15.325985,47.448279],[15.38842,47.473124],[15.450855,47.497969],[15.513289,47.522813],[15.620412,47.55895],[15.721728,47.595734],[15.838208,47.628],[15.954688,47.660266],[16.010831,47.690596]]}},{"type":"Feature","properties":{"average_dip":"(50.0,40,60)","average_rake":"(-90,-100,-80)","catalog_id":"EUR_ATCS005","catalog_name":"SHARE","lower_seis_depth":"(9.0,,)","net_slip_rate":"(0.1,0.05,0.2)","slip_type":"Normal","upper_seis_depth":"(0.0,,)"},"geometry":{"type":"LineString","coordinates":[[16.485624,48.483147],[16.466538,48.450715],[16.447452,48.418283],[16.428366,48.385851],[16.40928,48.353419],[16.390293,48.321299],[16.371306,48.289179],[16.364506,48.277075],[16.349295,48.248375],[16.347921,48.223072],[16.346548,48.197769],[16.358737,48.17377],[16.38102,48.152249],[16.395924,48.130108],[16.409399,48.105968],[16.424921,48.075019],[16.434824,48.046831],[16.438538,48.018549]]}},{"type":"Feature","properties":{"average_dip":"(75.0,60,90)","average_rake":"(-15,-20,-10)","catalog_id":"EUR_ATCS006","catalog_name":"SHARE","lower_seis_depth":"(13.0,,)","net_slip_rate":"(0.1,0.01,0.1)","slip_type":"Sinistral","upper_seis_depth":"(0.0,,)"},"geometry":{"type":"LineString","coordinates":[[14.219631,47.559424],[14.381423,47.579142],[14.533537,47.598968],[14.685651,47.618794],[14.834444,47.653005],[14.990799,47.690293],[15.130925,47.732427],[15.27105,47.77456],[15.374149,47.78637],[15.477248,47.79818],[15.645781,47.853081],[15.828359,47.875424],[15.969085,47.915295],[16.078747,47.957283],[16.188408,47.999271]]}},{"type":"Feature","properties":{"average_dip":"(65.0,50,80)","average_rake":"(-15,-20,-10)","catalog_id":"EUR_ATCS007","catalog_name":"SHARE","lower_seis_depth":"(11.0,,)","net_slip_rate":"(0.1,0.01,0.1)","slip_type":"Sinistral","upper_seis_depth":"(0.0,,)"},"geometry":{"type":"LineString","coordinates":[[14.269145,47.609608],[14.155655,47.551194],[14.045782,47.493849],[13.932519,47.45554],[13.727542,47.421779],[13.522565,47.388018],[13.373199,47.358643],[13.223832,47.329267],[13.092783,47.305373],[12.961734,47.281478],[12.782217,47.27396],[12.6027,47.266442],[12.423183,47.258924],[12.235232,47.227466],[12.04728,47.196008],[11.876796,47.14685],[11.706311,47.097691]]}},{"type":"Feature","properties":{"average_dip":"(70.0,60,80)","average_rake":"(160,150,170)","catalog_id":"EUR_ATCS008","catalog_name":"SHARE","lower_seis_depth":"(12.0,,)","net_slip_rate":"(0.6,0.1,1.0)","slip_type":"Dextral","upper_seis_depth":"(5.0,,)"},"geometry":{"type":"LineString","coordinates":[[14.950965,46.717924],[14.93522,46.748019],[14.919475,46.778114],[14.890575,46.816382],[14.871342,46.850464],[14.852109,46.884545],[14.831779,46.935368],[14.806667,46.980811],[14.787931,47.004927],[14.763018,47.048725],[14.738104,47.092523],[14.711397,47.127003],[14.68469,47.161483],[14.63845,47.212107],[14.600781,47.243797],[14.563112,47.275487]]}},{"type":"Feature","properties":{"average_dip":"(70.0,60,80)","average_rake":"(160,150,170)","catalog_id":"EUR_ATCS009","catalog_name":"SHARE","lower_seis_depth":"(12.0,,)","net_slip_rate":"(0.6,0.1,1.0)","slip_type":"Dextral","upper_seis_depth":"(5.0,,)"},"geometry":{"type":"LineString","coordinates":[[15.335224,46.37872],[15.291737,46.401014],[15.24825,46.423309],[15.21071,46.442259],[15.17317,46.461209],[15.134738,46.488983],[15.096306,46.516756],[15.057874,46.54453],[15.013261,46.588053],[14.968649,46.631576],[14.920482,46.665178],[14.886306,46.695493],[14.85213,46.725807],[14.821148,46.753289],[14.802485,46.779031],[14.783822,46.804773]]}},{"type":"Feature","properties":{"average_dip":"(80.0,70,90)","average_rake":"(150,130,170)","catalog_id":"EUR_ATCS010","catalog_name":"SHARE","lower_seis_depth":"(19.0,,)","net_slip_rate":"(0.8,0.5,1.0)","slip_type":"Dextral-Reverse","upper_seis_depth":"(0.0,,)"},"geometry":{"type":"LineString","coordinates":[[11.487199,46.858958],[11.536688,46.855005],[11.591633,46.844879],[11.701916,46.82453],[11.839157,46.811022],[11.949022,46.79318],[12.110772,46.755655],[12.203965,46.748107],[12.263325,46.742721],[12.403976,46.728388],[12.510237,46.722751],[12.642955,46.703035],[12.756988,46.700201],[12.853361,46.683892],[12.945788,46.677681],[13.039087,46.659678],[13.129459,46.643891],[13.258012,46.623688],[13.38337,46.608664],[13.438775,46.600654],[13.515483,46.590448],[13.608446,46.567376],[13.672486,46.554451],[13.71813,46.551853],[13.773532,46.551853],[13.840672,46.548566],[13.875446,46.546856],[13.913915,46.540585],[13.959088,46.534844],[13.993833,46.524985],[14.021986,46.520837]]}},{"type":"Feature","properties":{"average_dip":"(80.0,70,90)","average_rake":"(150,130,170)","catalog_id":"EUR_ATCS011","catalog_name":"SHARE","lower_seis_depth":"(19.0,,)","net_slip_rate":"(0.8,0.5,1.0)","slip_type":"Dextral-Reverse","upper_seis_depth":"(0.0,,)"},"geometry":{"type":"LineString","coordinates":[[15.215092,46.39003],[15.154825,46.397267],[15.090462,46.405178],[14.995426,46.424029],[14.90575,46.445862],[14.822521,46.466127],[14.757378,46.473813],[14.693533,46.481309],[14.60988,46.477966],[14.56424,46.480229],[14.51066,46.485653],[14.436008,46.481896],[14.367789,46.482159],[14.300789,46.482366],[14.225167,46.485264],[14.150953,46.48813],[14.107505,46.497395],[14.074253,46.509966]]}},{"type":"Feature","properties":{"average_dip":"(40.0,30,50)","average_rake":"(-90,-100,-80)","catalog_id":"EUR_ATCS012","catalog_name":"SHARE","lower_seis_depth":"(16.5,,)","net_slip_rate":"(0.8,0.5,1.0)","slip_type":"Normal","upper_seis_depth":"(3.5,,)"},"geometry":{"type":"LineString","coordinates":[[11.418127,46.866061],[11.43366,46.888435],[11.449192,46.910808],[11.464125,46.943509],[11.479058,46.976209],[11.497197,47.012025],[11.502098,47.034956],[11.496859,47.061152],[11.487999,47.08329],[11.479139,47.105428],[11.460274,47.143845],[11.441408,47.182261],[11.41191,47.214503],[11.368789,47.240764],[11.325667,47.267024],[11.26501,47.284049],[11.214655,47.290328],[11.169298,47.305727],[11.12394,47.321127]]}},{"type":"Feature","properties":{"average_dip":"(70.0,60,80)","average_rake":"(20,10,30)","catalog_id":"EUR_ATCS013","catalog_name":"SHARE","lower_seis_depth":"(11.5,,)","net_slip_rate":"(0.8,0.5,1.0)","slip_type":"Sinistral","upper_seis_depth":"(4.5,,)"},"geometry":{"type":"LineString","coordinates":[[12.894425,47.754227],[12.823376,47.74573],[12.724135,47.734977],[12.624893,47.724224],[12.534266,47.70104],[12.404112,47.674263],[12.273958,47.647487],[12.183521,47.610914],[12.124766,47.573738],[11.987129,47.510789],[11.867443,47.449634],[11.789944,47.40847],[11.712444,47.367306],[11.640397,47.337713],[11.544923,47.316805],[11.495394,47.301452],[11.428735,47.289302],[11.349934,47.264424]]}},{"type":"Feature","properties":{"average_dip":"(80.0,70,90)","average_rake":"(10,0,20)","catalog_id":"EUR_ATCS014","catalog_name":"SHARE","lower_seis_depth":"(15.0,,)","net_slip_rate":"None","slip_type":"Sinistral","upper_seis_depth":"(0.0,,)"},"geometry":{"type":"LineString","coordinates":[[16.280658,48.885117],[16.217967,48.832283],[16.174989,48.799952],[16.083515,48.756186],[16.046492,48.730376],[15.951034,48.662346],[15.904902,48.621734],[15.857785,48.579348],[15.810667,48.536962],[15.754087,48.500097],[15.697507,48.463231],[15.634421,48.427351],[15.571335,48.39147],[15.495633,48.342579],[15.441024,48.303939],[15.386415,48.265298],[15.291195,48.198467],[15.195975,48.131636]]}},{"type":"Feature","properties":{"average_dip":"(65.0,60,70)","average_rake":"(120,100,140)","catalog_id":"EUR_BACS001","catalog_name":"SHARE","lower_seis_depth":"(16.0,,)","net_slip_rate":"(0.2,0.1,0.3)","slip_type":"Dextral-Reverse","upper_seis_depth":"(1.0,,)"},"geometry":{"type":"LineString","coordinates":[[18.272164,43.480151],[18.310058,43.442229],[18.324432,43.413787],[18.349891,43.385353],[18.375777,43.366533],[18.404647,43.344818],[18.436808,43.327514],[18.465556,43.318034],[18.512167,43.298493],[18.546571,43.286748],[18.587079,43.272527],[18.618439,43.257358],[18.664175,43.234605],[18.708603,43.202371],[18.760871,43.167293],[18.831433,43.139799],[18.888927,43.107565],[18.939889,43.08102]]}},{"type":"Feature","properties":{"average_dip":"(55.0,50,60)","average_rake":"(120,100,140)","catalog_id":"EUR_BACS002","catalog_name":"SHARE","lower_seis_depth":"(15.0,,)","net_slip_rate":"(0.2,0.1,0.4)","slip_type":"Dextral-Reverse","upper_seis_depth":"(1.0,,)"},"geometry":{"type":"LineString","coordinates":[[17.555077,43.434848],[17.616836,43.400417],[17.666242,43.373363],[17.730246,43.337292],[17.800988,43.299581],[17.890818,43.244654],[17.985995,43.187203],[18.100985,43.131267],[18.149333,43.109462],[18.196983,43.092071],[18.253777,43.062602],[18.323588,43.025123],[18.362888,42.997733],[18.402432,42.970174],[18.431117,42.950182]]}},{"type":"Feature","properties":{"average_dip":"(60.0,50,70)","average_rake":"(140,120,160)","catalog_id":"EUR_BACS003","catalog_name":"SHARE","lower_seis_depth":"(18.0,,)","net_slip_rate":"(0.2,0.1,0.4)","slip_type":"Dextral-Reverse","upper_seis_depth":"(1.0,,)"},"geometry":{"type":"LineString","coordinates":[[16.618099,43.986581],[16.694307,43.912223],[16.758483,43.855027],[16.866787,43.780671],[16.967067,43.700593],[17.028711,43.638214],[17.050003,43.614901]]}},{"type":"Feature","properties":{"average_dip":"(70.0,60,80)","average_rake":"(165,150,180)","catalog_id":"EUR_BACS004","catalog_name":"SHARE","lower_seis_depth":"(12.0,,)","net_slip_rate":"(0.2,0.1,0.3)","slip_type":"Dextral","upper_seis_depth":"(1.0,,)"},"geometry":{"type":"LineString","coordinates":[[17.100331,44.62844],[17.144853,44.550756],[17.183567,44.467524],[17.241639,44.328803],[17.315195,44.226149],[17.377598,44.152401],[17.462575,44.051976],[17.508261,43.997985]]}},{"type":"Feature","properties":{"average_dip":"(70.0,60,80)","average_rake":"(135,120,150)","catalog_id":"EUR_BACS005","catalog_name":"SHARE","lower_seis_depth":"(12.0,,)","net_slip_rate":"(0.2,0.1,0.2)","slip_type":"Dextral-Reverse","upper_seis_depth":"(1.0,,)"},"geometry":{"type":"LineString","coordinates":[[18.120451,44.045812],[18.224979,43.986162],[18.319827,43.926512],[18.422419,43.87796],[18.537424,43.812919]]}},{"type":"Feature","properties":{"average_dip":"(67.5,60,75)","average_rake":"(155,130,180)","catalog_id":"EUR_BACS006","catalog_name":"SHARE","lower_seis_depth":"(15.0,,)","net_slip_rate":"(0.1,0.05,0.2)","slip_type":"Dextral-Reverse","upper_seis_depth":"(1.0,,)"},"geometry":{"type":"LineString","coordinates":[[17.193246,44.838162],[17.224218,44.791535],[17.288098,44.731195],[17.483602,44.602287],[17.567693,44.552709],[17.667494,44.489834],[17.744202,44.445375]]}},{"type":"Feature","properties":{"average_dip":"(60.0,50,70)","average_rake":"(115,100,130)","catalog_id":"EUR_BACS007","catalog_name":"SHARE","lower_seis_depth":"(10.0,,)","net_slip_rate":"(0.2,0.1,0.3)","slip_type":"Dextral-Reverse","upper_seis_depth":"(1.0,,)"},"geometry":{"type":"LineString","coordinates":[[16.717003,45.030785],[16.766811,45.004856],[16.87397,44.961273],[16.993909,44.927243],[17.097832,44.905465],[17.17526,44.879409]]}},{"type":"Feature","properties":{"average_dip":"(60.0,50,70)","average_rake":"(150,130,170)","catalog_id":"EUR_BACS009","catalog_name":"SHARE","lower_seis_depth":"(15.0,,)","net_slip_rate":"(0.1,0.05,0.2)","slip_type":"Dextral-Reverse","upper_seis_depth":"(1.0,,)"},"geometry":{"type":"LineString","coordinates":[[18.422422,44.610515],[18.50759,44.548803],[18.631478,44.492577],[18.73407,44.459664],[18.852146,44.432237],[18.964418,44.400696],[19.063289,44.37067]]}},{"type":"Feature","properties":{"average_dip":"(60.0,50,70)","average_rake":"(145,120,170)","catalog_id":"EUR_BACS010","catalog_name":"SHARE","lower_seis_depth":"(20.0,,)","net_slip_rate":"(0.2,0.1,0.4)","slip_type":"Dextral-Reverse","upper_seis_depth":"(1.0,,)"},"geometry":{"type":"LineString","coordinates":[[15.669734,44.942646],[15.750219,44.881114],[15.812614,44.836452],[15.853738,44.808706],[15.921488,44.768765],[15.965524,44.734641],[16.000083,44.701648],[16.043696,44.655564],[16.080216,44.610379],[16.11718,44.574431],[16.16176,44.531076],[16.204297,44.489707]]}},{"type":"Feature","properties":{"average_dip":"(57.5,50,65)","average_rake":"(120,100,140)","catalog_id":"EUR_BACS011","catalog_name":"SHARE","lower_seis_depth":"(18.0,,)","net_slip_rate":"(0.2,0.1,0.3)","slip_type":"Dextral-Reverse","upper_seis_depth":"(1.0,,)"},"geometry":{"type":"LineString","coordinates":[[16.82159,44.082883],[16.929991,43.981057],[17.011289,43.919576],[17.114079,43.843446],[17.178768,43.803906],[17.255191,43.754781],[17.340485,43.682088],[17.377139,43.656042]]}},{"type":"Feature","properties":{"average_dip":"(60.0,50,70)","average_rake":"(150,130,170)","catalog_id":"EUR_BACS012","catalog_name":"SHARE","lower_seis_depth":"(12.0,,)","net_slip_rate":"(0.2,0.1,0.2)","slip_type":"Dextral-Reverse","upper_seis_depth":"(1.0,,)"},"geometry":{"type":"LineString","coordinates":[[18.652525,43.882065],[18.730427,43.825033],[18.855625,43.748651],[19.049652,43.673554],[19.152881,43.601502],[19.257417,43.548411],[19.318833,43.509541]]}},{"type":"Feature","properties":{"average_dip":"(70.0,60,80)","average_rake":"(120,100,140)","catalog_id":"EUR_BACS013","catalog_name":"SHARE","lower_seis_depth":"(12.0,,)","net_slip_rate":"(0.2,0.1,0.2)","slip_type":"Dextral-Reverse","upper_seis_depth":"(1.0,,)"},"geometry":{"type":"LineString","coordinates":[[17.723631,44.28025],[17.822351,44.238634],[17.948171,44.188695],[18.056571,44.141529],[18.161099,44.104075]]}},{"type":"Feature","properties":{"average_dip":"(60.0,50,70)","average_rake":"(140,120,160)","catalog_id":"EUR_BACS014","catalog_name":"SHARE","lower_seis_depth":"(18.0,,)","net_slip_rate":"(0.2,0.1,0.4)","slip_type":"Dextral-Reverse","upper_seis_depth":"(1.0,,)"},"geometry":{"type":"LineString","coordinates":[[16.274085,44.337577],[16.340101,44.276677],[16.406115,44.221866],[16.470437,44.175581],[16.558851,44.12519],[16.612623,44.097628],[16.682023,44.044035],[16.783587,43.94294],[16.880071,43.875949]]}},{"type":"Feature","properties":{"average_dip":"(60.0,50,70)","average_rake":"(160,140,180)","catalog_id":"EUR_BACS015","catalog_name":"SHARE","lower_seis_depth":"(15.0,,)","net_slip_rate":"(0.1,0.05,0.1)","slip_type":"Dextral","upper_seis_depth":"(1.0,,)"},"geometry":{"type":"LineString","coordinates":[[18.782486,44.205694],[18.873057,44.147595],[18.981566,44.09283],[19.086232,44.034303],[19.149065,43.978968],[19.202441,43.92412]]}},{"type":"Feature","properties":{"average_dip":"(50.0,40,60)","average_rake":"(120,100,140)","catalog_id":"EUR_BACS016","catalog_name":"SHARE","lower_seis_depth":"(12.0,,)","net_slip_rate":"(0.3,0.1,0.6)","slip_type":"Dextral-Reverse","upper_seis_depth":"(1.0,,)"},"geometry":{"type":"LineString","coordinates":[[18.038977,43.009373],[18.098999,42.951698],[18.152351,42.922372],[18.205703,42.889136],[18.273727,42.845146],[18.331081,42.796269],[18.385769,42.750325],[18.421781,42.716111]]}},{"type":"Feature","properties":{"average_dip":"(60.0,50,70)","average_rake":"(112,95,130)","catalog_id":"EUR_BACS017","catalog_name":"SHARE","lower_seis_depth":"(20.0,,)","net_slip_rate":"(0.4,0.1,0.7)","slip_type":"Reverse","upper_seis_depth":"(2.0,,)"},"geometry":{"type":"LineString","coordinates":[[17.184005,43.395366],[17.268456,43.355515],[17.33693,43.32174],[17.401415,43.286821],[17.481445,43.231579],[17.549469,43.191843],[17.649505,43.145324],[17.729533,43.095897],[17.786752,43.065142],[17.840288,43.038064],[17.907662,43.008551],[17.975034,42.978219],[18.023318,42.957724],[18.063742,42.946246]]}},{"type":"Feature","properties":{"average_dip":"(52.5,45,60)","average_rake":"(107,95,120)","catalog_id":"EUR_BACS018","catalog_name":"SHARE","lower_seis_depth":"(15.0,,)","net_slip_rate":"(0.9,0.3,1.5)","slip_type":"Reverse","upper_seis_depth":"(1.0,,)"},"geometry":{"type":"LineString","coordinates":[[17.964008,42.915825],[18.022324,42.871809],[18.127049,42.820725],[18.225776,42.762714],[18.311391,42.712696],[18.453193,42.636644],[18.504005,42.618495]]}},{"type":"Feature","properties":{"average_dip":"(57.5,50,65)","average_rake":"(-97,-108,-86)","catalog_id":"EUR_BECS001","catalog_name":"SHARE","lower_seis_depth":"(21.2,,)","net_slip_rate":"None","slip_type":"Normal","upper_seis_depth":"(0.0,,)"},"geometry":{"type":"LineString","coordinates":[[5.491427,51.150606],[5.519545,51.145102],[5.548102,51.140581],[5.576781,51.13638],[5.604337,51.129867],[5.628857,51.11964],[5.649836,51.10668],[5.662743,51.090074],[5.683153,51.076768],[5.702291,51.062739],[5.719511,51.047764],[5.735167,51.032126],[5.755302,51.018671],[5.778421,51.007275],[5.798571,50.993835],[5.818691,50.980381],[5.840319,50.967893],[5.864455,50.957388],[5.8897,50.946746]]}},{"type":"Feature","properties":{"average_dip":"(57.5,50,65)","average_rake":"(-85,-95,-76)","catalog_id":"EUR_BECS002","catalog_name":"SHARE","lower_seis_depth":"(23.5,,)","net_slip_rate":"None","slip_type":"Normal","upper_seis_depth":"(0.0,,)"},"geometry":{"type":"LineString","coordinates":[[5.284768,51.426477],[5.30082,51.41091],[5.31687,51.395345],[5.332918,51.379781],[5.348965,51.364219],[5.36501,51.348658],[5.381054,51.333099],[5.397096,51.317542],[5.413137,51.301986],[5.429176,51.286432],[5.445213,51.270879],[5.458382,51.254307],[5.470538,51.237436],[5.484546,51.221139],[5.500069,51.205391],[5.516094,51.189845],[5.533233,51.174775],[5.552408,51.160705],[5.572238,51.147],[5.596064,51.134759]]}},{"type":"Feature","properties":{"average_dip":"(45.0,35,55)","average_rake":"(-65,-80,-50)","catalog_id":"EUR_BGCS001","catalog_name":"SHARE","lower_seis_depth":"(15.0,,)","net_slip_rate":"(0.2,0.1,0.4)","slip_type":"Sinistral-Normal","upper_seis_depth":"(0.0,,)"},"geometry":{"type":"LineString","coordinates":[[24.603849,42.299272],[24.704361,42.259503],[24.823725,42.217394],[24.953471,42.162676],[25.043035,42.131646],[25.136581,42.094706],[25.222163,42.066631],[25.321679,42.035602],[25.399301,42.01196],[25.535414,41.980385],[25.66722,41.951433],[25.836114,41.940147],[26.005671,41.918555],[26.125047,41.902193],[26.234177,41.8739],[26.347992,41.844493]]}},{"type":"Feature","properties":{"average_dip":"(50.0,40,60)","average_rake":"(-80,-90,-70)","catalog_id":"EUR_BGCS002","catalog_name":"SHARE","lower_seis_depth":"(15.0,,)","net_slip_rate":"(0.2,0.1,0.4)","slip_type":"Normal","upper_seis_depth":"(0.0,,)"},"geometry":{"type":"LineString","coordinates":[[25.057872,42.229164],[25.112846,42.230145],[25.151935,42.229548],[25.191001,42.227692],[25.261163,42.22653],[25.308897,42.226711],[25.364681,42.22367],[25.476622,42.217375],[25.604959,42.211505],[25.762595,42.203166],[25.893074,42.18845],[25.949372,42.184035],[26.068592,42.177168],[26.169562,42.171759]]}},{"type":"Feature","properties":{"average_dip":"(50.0,40,60)","average_rake":"(-80,-90,-70)","catalog_id":"EUR_BGCS003","catalog_name":"SHARE","lower_seis_depth":"(10.0,,)","net_slip_rate":"(0.2,0.1,0.4)","slip_type":"Normal","upper_seis_depth":"(1.0,,)"},"geometry":{"type":"LineString","coordinates":[[24.700097,42.326179],[24.751595,42.320348],[24.840211,42.305399],[24.907933,42.291545],[24.984997,42.279423],[25.055055,42.282886],[25.13095,42.288849],[25.202175,42.288081],[25.288145,42.290459]]}},{"type":"Feature","properties":{"average_dip":"(60.0,50,70)","average_rake":"(-102,-125,-80)","catalog_id":"EUR_BGCS004","catalog_name":"SHARE","lower_seis_depth":"(15.0,,)","net_slip_rate":"(0.2,0.1,0.4)","slip_type":"Normal","upper_seis_depth":"(1.0,,)"},"geometry":{"type":"LineString","coordinates":[[25.506821,42.367332],[25.621613,42.431445],[25.706781,42.464184],[25.790099,42.48601],[25.884525,42.512232],[25.930813,42.531144],[25.978951,42.547355],[26.028943,42.562215],[26.067966,42.566542],[26.114111,42.579777]]}},{"type":"Feature","properties":{"average_dip":"(50.0,40,60)","average_rake":"(-75,-90,-60)","catalog_id":"EUR_BGCS005","catalog_name":"SHARE","lower_seis_depth":"(15.0,,)","net_slip_rate":"(0.2,0.1,0.4)","slip_type":"Normal","upper_seis_depth":"(1.0,,)"},"geometry":{"type":"LineString","coordinates":[[23.727117,42.291559],[23.865605,42.244166],[23.937093,42.224047],[24.046499,42.188321],[24.134593,42.15333],[24.214489,42.12371],[24.337001,42.08619],[24.399725,42.065007],[24.487249,42.043111]]}},{"type":"Feature","properties":{"average_dip":"(47.5,40,55)","average_rake":"(-75,-90,-60)","catalog_id":"EUR_BGCS006","catalog_name":"SHARE","lower_seis_depth":"(15.0,,)","net_slip_rate":"(0.2,0.1,0.4)","slip_type":"Normal","upper_seis_depth":"(1.0,,)"},"geometry":{"type":"LineString","coordinates":[[25.437081,41.869472],[25.48883,41.854696],[25.540579,41.83992],[25.593322,41.820711],[25.646065,41.801502],[25.68577,41.783446],[25.725474,41.76539],[25.782929,41.751539],[25.839195,41.743472],[25.911091,41.746929],[25.970481,41.748081],[26.018933,41.745777],[26.081451,41.735404],[26.123651,41.72388],[26.176791,41.711203]]}},{"type":"Feature","properties":{"average_dip":"(62.5,50,75)","average_rake":"(-80,-90,-70)","catalog_id":"EUR_BGCS007","catalog_name":"SHARE","lower_seis_depth":"(15.0,,)","net_slip_rate":"(0.2,0.1,0.4)","slip_type":"Normal","upper_seis_depth":"(1.0,,)"},"geometry":{"type":"LineString","coordinates":[[26.27061,42.160391],[26.309034,42.134164],[26.330866,42.11657],[26.352698,42.098976],[26.379482,42.069341],[26.406265,42.039706],[26.425364,42.018027],[26.444463,41.996348],[26.462867,41.971057],[26.481271,41.945765],[26.49794,41.926667],[26.514608,41.907569],[26.540305,41.883137],[26.566001,41.858706],[26.591698,41.834274]]}},{"type":"Feature","properties":{"average_dip":"(50.0,40,60)","average_rake":"(-75,-90,-60)","catalog_id":"EUR_BGCS008","catalog_name":"SHARE","lower_seis_depth":"(15.0,,)","net_slip_rate":"(0.2,0.1,0.4)","slip_type":"Normal","upper_seis_depth":"(0.0,,)"},"geometry":{"type":"LineString","coordinates":[[26.706521,42.214532],[26.742176,42.213809],[26.777831,42.213085],[26.812661,42.210869],[26.847491,42.208653],[26.891643,42.207446],[26.935794,42.206238],[26.984481,42.199839],[27.033168,42.193441],[27.078714,42.187625],[27.12426,42.181808],[27.154662,42.178525],[27.185063,42.175242]]}},{"type":"Feature","properties":{"average_dip":"(50.0,40,60)","average_rake":"(-90,-100,-80)","catalog_id":"EUR_BGCS009","catalog_name":"SHARE","lower_seis_depth":"(15.0,,)","net_slip_rate":"(0.2,0.1,0.4)","slip_type":"Normal","upper_seis_depth":"(1.0,,)"},"geometry":{"type":"LineString","coordinates":[[26.899977,42.319808],[27.005157,42.323978],[27.078981,42.328665],[27.162437,42.335697],[27.200063,42.332486],[27.248515,42.327876],[27.289151,42.325571],[27.328223,42.324418],[27.387615,42.326723]]}},{"type":"Feature","properties":{"average_dip":"(45.0,35,55)","average_rake":"(-90,-100,-80)","catalog_id":"EUR_BGCS010","catalog_name":"SHARE","lower_seis_depth":"(15.0,,)","net_slip_rate":"(0.2,0.1,0.3)","slip_type":"Normal","upper_seis_depth":"(1.0,,)"},"geometry":{"type":"LineString","coordinates":[[26.165951,42.651068],[26.330735,42.668802],[26.430715,42.670288],[26.535991,42.667751],[26.628653,42.664261],[26.710323,42.657281],[26.823603,42.650577],[26.882479,42.650024],[26.947283,42.644621]]}},{"type":"Feature","properties":{"average_dip":"(50.0,40,60)","average_rake":"(-75,-90,-60)","catalog_id":"EUR_BGCS011","catalog_name":"SHARE","lower_seis_depth":"(10.0,,)","net_slip_rate":"(0.2,0.1,0.3)","slip_type":"Normal","upper_seis_depth":"(0.0,,)"},"geometry":{"type":"LineString","coordinates":[[26.499822,42.715521],[26.556259,42.729003],[26.612696,42.742484],[26.654768,42.753719],[26.69684,42.764953],[26.74712,42.773192],[26.7974,42.781431],[26.844602,42.784926],[26.891804,42.788421],[26.939006,42.791916],[27.001943,42.788421],[27.064881,42.784926],[27.127818,42.781431]]}},{"type":"Feature","properties":{"average_dip":"(50.0,40,60)","average_rake":"(-90,-100,-80)","catalog_id":"EUR_BGCS012","catalog_name":"SHARE","lower_seis_depth":"(15.0,,)","net_slip_rate":"(0.2,0.1,0.4)","slip_type":"Normal","upper_seis_depth":"(1.0,,)"},"geometry":{"type":"LineString","coordinates":[[26.849346,42.733561],[26.899284,42.73456],[26.949223,42.735559],[26.999161,42.736558],[27.045709,42.737258],[27.092256,42.737957],[27.140113,42.739505],[27.187969,42.741052],[27.229014,42.74255],[27.27006,42.744047],[27.31829,42.741051],[27.36652,42.738055]]}},{"type":"Feature","properties":{"average_dip":"(50.0,40,60)","average_rake":"(-75,-90,-60)","catalog_id":"EUR_BGCS013","catalog_name":"SHARE","lower_seis_depth":"(10.0,,)","net_slip_rate":"(0.2,0.1,0.3)","slip_type":"Normal","upper_seis_depth":"(0.0,,)"},"geometry":{"type":"LineString","coordinates":[[27.126404,42.862928],[27.181815,42.851943],[27.237225,42.840958],[27.292636,42.829973],[27.340864,42.823232],[27.389092,42.816491],[27.436294,42.811998],[27.483496,42.807504],[27.530698,42.801512],[27.5779,42.79552],[27.625102,42.782788],[27.672304,42.770055],[27.725664,42.747586],[27.779024,42.725117],[27.858036,42.710887],[27.937048,42.696656]]}},{"type":"Feature","properties":{"average_dip":"(50.0,40,60)","average_rake":"(-75,-90,-60)","catalog_id":"EUR_BGCS014","catalog_name":"SHARE","lower_seis_depth":"(15.0,,)","net_slip_rate":"(0.2,0.1,0.3)","slip_type":"Normal","upper_seis_depth":"(1.0,,)"},"geometry":{"type":"LineString","coordinates":[[26.40949,42.809348],[26.466952,42.825077],[26.524414,42.840806],[26.569565,42.849794],[26.614716,42.858781],[26.661918,42.864773],[26.70912,42.870764],[26.756321,42.877255],[26.803523,42.883747],[26.850724,42.890238],[26.899466,42.895106],[26.948208,42.899975],[26.99695,42.904843],[27.045692,42.909711]]}},{"type":"Feature","properties":{"average_dip":"(45.0,35,55)","average_rake":"(-90,-100,-80)","catalog_id":"EUR_BGCS015","catalog_name":"SHARE","lower_seis_depth":"(15.0,,)","net_slip_rate":"(0.2,0.1,0.3)","slip_type":"Normal","upper_seis_depth":"(1.0,,)"},"geometry":{"type":"LineString","coordinates":[[25.298918,42.589954],[25.355014,42.597443],[25.393881,42.602742],[25.459337,42.604933],[25.507565,42.604933],[25.554113,42.605633],[25.591988,42.612199],[25.64198,42.614901],[25.686417,42.621655],[25.734555,42.625708],[25.780843,42.62841]]}},{"type":"Feature","properties":{"average_dip":"(60.0,50,70)","average_rake":"(-75,-90,-60)","catalog_id":"EUR_BGCS016","catalog_name":"SHARE","lower_seis_depth":"(15.0,,)","net_slip_rate":"(0.2,0.1,0.2)","slip_type":"Normal","upper_seis_depth":"(1.0,,)"},"geometry":{"type":"LineString","coordinates":[[26.880115,43.099916],[27.005149,43.090696],[27.100489,43.079172],[27.202081,43.068799],[27.281824,43.060798],[27.37812,43.046735],[27.474408,43.03736],[27.577128,43.032672],[27.658461,43.025006],[27.738169,43.019244],[27.849137,43.015786],[27.953857,43.003109],[28.052321,42.996195]]}},{"type":"Feature","properties":{"average_dip":"(60.0,50,70)","average_rake":"(-60,-80,-40)","catalog_id":"EUR_BGCS017","catalog_name":"SHARE","lower_seis_depth":"(20.0,,)","net_slip_rate":"(0.1,0.05,0.1)","slip_type":"Sinistral-Normal","upper_seis_depth":"(1.0,,)"},"geometry":{"type":"LineString","coordinates":[[26.098303,44.099222],[26.178319,44.076005],[26.276903,44.054727],[26.381536,44.019953],[26.469498,43.989714],[26.579002,43.957779],[26.682943,43.941967],[26.807447,43.930687],[26.918024,43.915817],[27.023634,43.901814],[27.149893,43.870243],[27.265539,43.831497],[27.385679,43.802418],[27.478013,43.775541],[27.533453,43.761858]]}},{"type":"Feature","properties":{"average_dip":"(47.5,35,60)","average_rake":"(-95,-110,-80)","catalog_id":"EUR_BGCS018","catalog_name":"SHARE","lower_seis_depth":"(19.0,,)","net_slip_rate":"(0.1,0.05,0.2)","slip_type":"Normal","upper_seis_depth":"(1.0,,)"},"geometry":{"type":"LineString","coordinates":[[25.302494,43.158748],[25.347002,43.157858],[25.391509,43.156967],[25.445133,43.153233],[25.498756,43.149498],[25.542256,43.145359],[25.585755,43.141219],[25.633983,43.141219],[25.682211,43.141219],[25.730911,43.138115],[25.779611,43.13501],[25.821692,43.13432],[25.863773,43.13363],[25.921457,43.133975],[25.979141,43.13432]]}},{"type":"Feature","properties":{"average_dip":"(60.0,50,70)","average_rake":"(-125,-140,-110)","catalog_id":"EUR_BGCS019","catalog_name":"SHARE","lower_seis_depth":"(18.0,,)","net_slip_rate":"(0.1,0.05,0.1)","slip_type":"Dextral-Normal","upper_seis_depth":"(2.0,,)"},"geometry":{"type":"LineString","coordinates":[[25.943018,43.235512],[25.978933,43.250491],[26.046658,43.279702],[26.078468,43.293932],[26.118829,43.307913],[26.159189,43.321894],[26.19955,43.335875],[26.232952,43.345446],[26.294373,43.360362],[26.344987,43.37604],[26.392822,43.382777]]}},{"type":"Feature","properties":{"average_dip":"(60.0,50,70)","average_rake":"(-125,-140,-110)","catalog_id":"EUR_BGCS020","catalog_name":"SHARE","lower_seis_depth":"(18.0,,)","net_slip_rate":"(0.1,0.05,0.1)","slip_type":"Dextral-Normal","upper_seis_depth":"(2.0,,)"},"geometry":{"type":"LineString","coordinates":[[25.731918,43.248081],[25.785422,43.267514],[25.869418,43.297514],[25.957444,43.330506],[26.050465,43.359665],[26.139535,43.394371],[26.19573,43.421844],[26.251142,43.441317],[26.306554,43.46079],[26.379408,43.478766],[26.452262,43.496741],[26.54872,43.522955],[26.617782,43.534689]]}},{"type":"Feature","properties":{"average_dip":"(50.0,40,60)","average_rake":"(-105,-120,-90)","catalog_id":"EUR_BGCS021","catalog_name":"SHARE","lower_seis_depth":"(12.0,,)","net_slip_rate":"(0.1,0.05,0.2)","slip_type":"Normal","upper_seis_depth":"(1.0,,)"},"geometry":{"type":"LineString","coordinates":[[24.076195,43.320035],[24.160594,43.306206],[24.320014,43.291224],[24.449738,43.276242],[24.643544,43.258955],[24.796712,43.247431],[24.951444,43.246278],[25.09367,43.242821],[25.253092,43.222076]]}},{"type":"Feature","properties":{"average_dip":"(60.0,50,70)","average_rake":"(-35,-50,-20)","catalog_id":"EUR_BGCS022","catalog_name":"SHARE","lower_seis_depth":"(15.0,,)","net_slip_rate":"(0.2,0.1,0.2)","slip_type":"Sinistral-Normal","upper_seis_depth":"(1.0,,)"},"geometry":{"type":"LineString","coordinates":[[23.626841,43.063879],[23.661807,43.038195],[23.705922,43.010902],[23.742955,42.988444],[23.784563,42.970471],[23.826171,42.952498],[23.870931,42.932221],[23.915691,42.911943],[23.960451,42.891666],[24.007102,42.870928],[24.053754,42.850189],[24.100405,42.829451]]}},{"type":"Feature","properties":{"average_dip":"(60.0,50,70)","average_rake":"(-35,-50,-20)","catalog_id":"EUR_BGCS023","catalog_name":"SHARE","lower_seis_depth":"(25.0,,)","net_slip_rate":"(0.2,0.1,0.2)","slip_type":"Sinistral-Normal","upper_seis_depth":"(1.0,,)"},"geometry":{"type":"LineString","coordinates":[[23.113755,43.59738],[23.164014,43.586463],[23.214272,43.575546],[23.264531,43.564629],[23.319356,43.551985],[23.374181,43.539342],[23.429006,43.526698],[23.491449,43.50971],[23.553892,43.492721],[23.616335,43.475733],[23.675231,43.455264],[23.734127,43.434794],[23.793023,43.414325],[23.851919,43.393855]]}},{"type":"Feature","properties":{"average_dip":"(60.0,50,70)","average_rake":"(-45,-60,-30)","catalog_id":"EUR_BGCS024","catalog_name":"SHARE","lower_seis_depth":"(25.0,,)","net_slip_rate":"(0.2,0.1,0.2)","slip_type":"Sinistral-Normal","upper_seis_depth":"(1.0,,)"},"geometry":{"type":"LineString","coordinates":[[23.247678,43.343278],[23.323695,43.316833],[23.379049,43.289141],[23.417558,43.265645],[23.47295,43.24202],[23.516862,43.217775],[23.55695,43.194956],[23.604678,43.170711],[23.646678,43.150745],[23.68295,43.133631]]}},{"type":"Feature","properties":{"average_dip":"(60.0,50,70)","average_rake":"(-75,-90,-60)","catalog_id":"EUR_BGCS025","catalog_name":"SHARE","lower_seis_depth":"(15.0,,)","net_slip_rate":"(0.2,0.1,0.3)","slip_type":"Normal","upper_seis_depth":"(0.0,,)"},"geometry":{"type":"LineString","coordinates":[[23.034853,42.879772],[23.116321,42.858379],[23.240465,42.822725],[23.294777,42.809889],[23.347149,42.795628],[23.426577,42.768854],[23.465681,42.757144],[23.527957,42.729465],[23.571405,42.714561],[23.607609,42.694334],[23.661197,42.669849],[23.6964,42.652762],[23.737036,42.629713],[23.80268,42.600901]]}},{"type":"Feature","properties":{"average_dip":"(60.0,50,70)","average_rake":"(-75,-90,-60)","catalog_id":"EUR_BGCS026","catalog_name":"SHARE","lower_seis_depth":"(10.0,,)","net_slip_rate":"(0.2,0.2,0.3)","slip_type":"Normal","upper_seis_depth":"(0.0,,)"},"geometry":{"type":"LineString","coordinates":[[23.058129,42.762826],[23.112441,42.724319],[23.155117,42.698648],[23.193909,42.681534],[23.230765,42.654436],[23.263464,42.640085],[23.292702,42.6273],[23.349089,42.614503],[23.380121,42.605946],[23.420785,42.59533],[23.453833,42.590259],[23.496095,42.584684],[23.540989,42.579361],[23.594577,42.56978]]}},{"type":"Feature","properties":{"average_dip":"(55.0,40,70)","average_rake":"(-75,-90,-60)","catalog_id":"EUR_BGCS027","catalog_name":"SHARE","lower_seis_depth":"(15.0,,)","net_slip_rate":"(0.2,0.1,0.4)","slip_type":"Normal","upper_seis_depth":"(0.0,,)"},"geometry":{"type":"LineString","coordinates":[[23.537025,42.507208],[23.580885,42.472329],[23.641617,42.444924],[23.700443,42.428051],[23.74244,42.415241],[23.779659,42.405177],[23.816878,42.395113],[23.850713,42.383371],[23.884548,42.371629],[23.93079,42.351501],[23.977032,42.331372],[24.014294,42.311319]]}},{"type":"Feature","properties":{"average_dip":"(57.5,45,70)","average_rake":"(-75,-90,-60)","catalog_id":"EUR_BGCS028","catalog_name":"SHARE","lower_seis_depth":"(15.0,,)","net_slip_rate":"(0.2,0.1,0.4)","slip_type":"Normal","upper_seis_depth":"(0.0,,)"},"geometry":{"type":"LineString","coordinates":[[23.2534,42.444567],[23.281149,42.421169],[23.308897,42.397771],[23.334035,42.383415],[23.359172,42.369058],[23.398639,42.34931],[23.438106,42.329561],[23.516224,42.295579],[23.576108,42.273361]]}},{"type":"Feature","properties":{"average_dip":"(60.0,50,70)","average_rake":"(-105,-120,-90)","catalog_id":"EUR_BGCS029","catalog_name":"SHARE","lower_seis_depth":"(12.0,,)","net_slip_rate":"(0.2,0.1,0.4)","slip_type":"Normal","upper_seis_depth":"(0.0,,)"},"geometry":{"type":"LineString","coordinates":[[23.799861,42.057426],[23.864639,42.045373],[23.929415,42.039347],[23.976987,42.037087],[24.020509,42.03332],[24.06011,42.032348],[24.100467,42.023528],[24.134023,42.009689],[24.174355,41.992643],[24.219901,41.977577],[24.257351,41.962511],[24.294799,41.945186],[24.325163,41.933133]]}},{"type":"Feature","properties":{"average_dip":"(50.0,40,60)","average_rake":"(-110,-120,-100)","catalog_id":"EUR_BGCS030","catalog_name":"SHARE","lower_seis_depth":"(15.0,,)","net_slip_rate":"(0.2,0.1,0.4)","slip_type":"Normal","upper_seis_depth":"(1.0,,)"},"geometry":{"type":"LineString","coordinates":[[22.220173,42.669853],[22.261903,42.693051],[22.303633,42.716249],[22.354788,42.745426],[22.407351,42.777366],[22.457728,42.804642],[22.491216,42.823727],[22.530988,42.847879],[22.580118,42.869196],[22.614968,42.884874],[22.653374,42.901076]]}},{"type":"Feature","properties":{"average_dip":"(50.0,40,60)","average_rake":"(-105,-120,-90)","catalog_id":"EUR_BGCS031","catalog_name":"SHARE","lower_seis_depth":"(15.0,,)","net_slip_rate":"(0.2,0.1,0.4)","slip_type":"Normal","upper_seis_depth":"(1.0,,)"},"geometry":{"type":"LineString","coordinates":[[22.463435,42.461583],[22.546271,42.518054],[22.644883,42.580479],[22.693903,42.607066],[22.736387,42.637278],[22.772331,42.66749],[22.806647,42.690452],[22.850763,42.718247],[22.886711,42.744834],[22.935731,42.766586],[22.976579,42.79559]]}},{"type":"Feature","properties":{"average_dip":"(60.0,50,70)","average_rake":"(-110,-120,-100)","catalog_id":"EUR_BGCS032","catalog_name":"SHARE","lower_seis_depth":"(12.0,,)","net_slip_rate":"(0.2,0.1,0.4)","slip_type":"Normal","upper_seis_depth":"(1.0,,)"},"geometry":{"type":"LineString","coordinates":[[22.820519,41.880948],[22.849579,41.905858],[22.883045,41.936667],[22.917197,41.963274],[22.956671,41.9873],[22.996145,42.011326],[23.027725,42.034524],[23.059305,42.057721],[23.089757,42.078434],[23.120209,42.099147],[23.153188,42.128408]]}},{"type":"Feature","properties":{"average_dip":"(60.0,50,70)","average_rake":"(-105,-120,-90)","catalog_id":"EUR_BGCS033","catalog_name":"SHARE","lower_seis_depth":"(12.0,,)","net_slip_rate":"(0.2,0.1,0.4)","slip_type":"Normal","upper_seis_depth":"(1.0,,)"},"geometry":{"type":"LineString","coordinates":[[22.865549,41.837514],[22.911081,41.862876],[22.982229,41.905145],[23.039145,41.941073],[23.104601,41.983342],[23.138749,42.012931]]}},{"type":"Feature","properties":{"average_dip":"(60.0,50,70)","average_rake":"(-65,-80,-50)","catalog_id":"EUR_BGCS034","catalog_name":"SHARE","lower_seis_depth":"(12.0,,)","net_slip_rate":"(0.2,0.1,0.4)","slip_type":"Sinistral-Normal","upper_seis_depth":"(1.0,,)"},"geometry":{"type":"LineString","coordinates":[[23.286704,41.899235],[23.30391,41.889442],[23.327189,41.873623],[23.362615,41.857804],[23.403101,41.840479],[23.433465,41.826166],[23.476987,41.81788],[23.531643,41.808841],[23.574153,41.802814]]}},{"type":"Feature","properties":{"average_dip":"(62.5,55,70)","average_rake":"(-60,-80,-40)","catalog_id":"EUR_BGCS035","catalog_name":"SHARE","lower_seis_depth":"(12.0,,)","net_slip_rate":"(0.2,0.1,0.4)","slip_type":"Sinistral-Normal","upper_seis_depth":"(1.0,,)"},"geometry":{"type":"LineString","coordinates":[[23.854638,41.838958],[23.901998,41.813866],[23.93341,41.790473],[23.964822,41.767079],[24.000944,41.739007],[24.037066,41.710934],[24.066906,41.691049],[24.096746,41.671165],[24.125016,41.65479],[24.153286,41.638414],[24.175367,41.622778]]}},{"type":"Feature","properties":{"average_dip":"(55.0,40,70)","average_rake":"(-105,-120,-90)","catalog_id":"EUR_BGCS036","catalog_name":"SHARE","lower_seis_depth":"(15.0,,)","net_slip_rate":"(0.2,0.1,0.4)","slip_type":"Normal","upper_seis_depth":"(0.0,,)"},"geometry":{"type":"LineString","coordinates":[[22.885469,41.763544],[22.973693,41.788905],[23.061913,41.820607],[23.118829,41.841741],[23.144441,41.852308],[23.178593,41.864989],[23.195665,41.879783],[23.227042,41.901747],[23.256234,41.927832],[23.323729,41.983342]]}},{"type":"Feature","properties":{"average_dip":"(50.0,40,60)","average_rake":"(-105,-120,-90)","catalog_id":"EUR_BGCS037","catalog_name":"SHARE","lower_seis_depth":"(15.0,,)","net_slip_rate":"(0.2,0.1,0.4)","slip_type":"Normal","upper_seis_depth":"(1.0,,)"},"geometry":{"type":"LineString","coordinates":[[22.594471,42.390892],[22.623664,42.408794],[22.664148,42.432168],[22.701116,42.452945],[22.734322,42.470877],[22.787055,42.495799],[22.831087,42.51268],[22.869835,42.529562],[22.910345,42.545145],[22.954377,42.569818],[22.987841,42.57761]]}},{"type":"Feature","properties":{"average_dip":"(45.0,35,55)","average_rake":"(-90,-100,-80)","catalog_id":"EUR_BGCS038","catalog_name":"SHARE","lower_seis_depth":"(12.0,,)","net_slip_rate":"(0.2,0.1,0.3)","slip_type":"Normal","upper_seis_depth":"(1.0,,)"},"geometry":{"type":"LineString","coordinates":[[25.810466,42.681079],[25.851198,42.691992],[25.886378,42.69472],[25.928958,42.694046],[25.97895,42.696748],[26.02709,42.69472],[26.06597,42.690627],[26.13633,42.683807]]}},{"type":"Feature","properties":{"average_dip":"(60.0,50,70)","average_rake":"(-60,-80,-40)","catalog_id":"EUR_BGCS039","catalog_name":"SHARE","lower_seis_depth":"(15.0,,)","net_slip_rate":"(0.2,0.1,0.2)","slip_type":"Sinistral-Normal","upper_seis_depth":"(1.0,,)"},"geometry":{"type":"LineString","coordinates":[[27.095648,43.283464],[27.191944,43.255338],[27.2722,43.231899],[27.368496,43.217836],[27.464784,43.208461],[27.545024,43.196742],[27.647752,43.185022],[27.7312,43.177991],[27.840336,43.166271],[27.949472,43.152208],[28.02972,43.145177]]}},{"type":"Feature","properties":{"average_dip":"(45.0,35,55)","average_rake":"(-105,-120,-90)","catalog_id":"EUR_BGCS040","catalog_name":"SHARE","lower_seis_depth":"(12.0,,)","net_slip_rate":"(0.2,0.1,0.3)","slip_type":"Normal","upper_seis_depth":"(1.0,,)"},"geometry":{"type":"LineString","coordinates":[[24.97428,42.652604],[25.050135,42.654818],[25.091021,42.658168],[25.152949,42.664271],[25.216941,42.673426],[25.274741,42.68258],[25.326349,42.696312],[25.375889,42.705466],[25.413336,42.712798]]}},{"type":"Feature","properties":{"average_dip":"(60.0,50,70)","average_rake":"(-60,-80,-40)","catalog_id":"EUR_BGCS041","catalog_name":"SHARE","lower_seis_depth":"(15.0,,)","net_slip_rate":"(0.1,0.05,0.1)","slip_type":"Sinistral-Normal","upper_seis_depth":"(1.0,,)"},"geometry":{"type":"LineString","coordinates":[[27.667,43.459254],[27.808232,43.454566],[27.984776,43.428784],[28.090696,43.412376],[28.219096,43.38425],[28.382792,43.35378],[28.581808,43.325654],[28.755136,43.302216]]}},{"type":"Feature","properties":{"average_dip":"(60.0,50,70)","average_rake":"(-30,-40,-20)","catalog_id":"EUR_BGCS042","catalog_name":"SHARE","lower_seis_depth":"(25.0,,)","net_slip_rate":"(0.1,0.05,0.2)","slip_type":"Sinistral-Normal","upper_seis_depth":"(1.0,,)"},"geometry":{"type":"LineString","coordinates":[[22.248468,43.724491],[22.332572,43.691311],[22.453673,43.641692],[22.57257,43.584669],[22.64718,43.544979],[22.769111,43.49932],[22.826983,43.477557],[22.889352,43.457112],[22.956537,43.434245],[23.030728,43.411603],[23.093052,43.392697],[23.222724,43.362069]]}},{"type":"Feature","properties":{"average_dip":"(60.0,50,70)","average_rake":"(-75,-90,-60)","catalog_id":"EUR_BGCS043","catalog_name":"SHARE","lower_seis_depth":"(12.0,,)","net_slip_rate":"(0.2,0.2,0.3)","slip_type":"Normal","upper_seis_depth":"(1.0,,)"},"geometry":{"type":"LineString","coordinates":[[24.549601,42.742849],[24.616857,42.718222],[24.658465,42.700249],[24.700073,42.682276],[24.744833,42.661999],[24.788443,42.64508],[24.832879,42.632859],[24.868059,42.623354],[24.912491,42.612491]]}},{"type":"Feature","properties":{"average_dip":"(50.0,40,60)","average_rake":"(-90,-100,-80)","catalog_id":"EUR_BGCS044","catalog_name":"SHARE","lower_seis_depth":"(15.0,,)","net_slip_rate":"(0.2,0.1,0.3)","slip_type":"Normal","upper_seis_depth":"(1.0,,)"},"geometry":{"type":"LineString","coordinates":[[27.192868,42.58143],[27.233607,42.588803],[27.295073,42.595124],[27.347671,42.598355],[27.394219,42.599055],[27.441591,42.603024],[27.497339,42.607764],[27.532838,42.61457],[27.570958,42.616573],[27.620271,42.623564],[27.674422,42.624585],[27.720706,42.628591]]}},{"type":"Feature","properties":{"average_dip":"(60.0,50,70)","average_rake":"(-60,-80,-40)","catalog_id":"EUR_BGCS045","catalog_name":"SHARE","lower_seis_depth":"(20.0,,)","net_slip_rate":"(0.1,0.05,0.1)","slip_type":"Sinistral-Normal","upper_seis_depth":"(1.0,,)"},"geometry":{"type":"LineString","coordinates":[[26.712849,44.333574],[26.862149,44.247055],[27.10153,44.122608],[27.197029,44.092691],[27.354716,44.018717],[27.464624,43.984605],[27.65038,43.921742],[27.885429,43.83485],[28.047072,43.77066],[28.189992,43.688501],[28.308561,43.644457],[28.449071,43.617685],[28.586991,43.591692],[28.642431,43.578009]]}},{"type":"Feature","properties":{"average_dip":"(50.0,40,60)","average_rake":"(-75,-90,-60)","catalog_id":"EUR_BGCS046","catalog_name":"SHARE","lower_seis_depth":"(15.0,,)","net_slip_rate":"(0.2,0.1,0.4)","slip_type":"Normal","upper_seis_depth":"(1.0,,)"},"geometry":{"type":"LineString","coordinates":[[24.499457,42.143457],[24.605985,42.103962],[24.727825,42.060055],[24.819049,42.028924],[24.917585,41.975607],[25.013465,41.92229],[25.106681,41.886745]]}},{"type":"Feature","properties":{"average_dip":"(60.0,50,70)","average_rake":"(-110,-130,-90)","catalog_id":"EUR_BGCS047","catalog_name":"SHARE","lower_seis_depth":"(10.0,,)","net_slip_rate":"(0.3,0.05,0.5)","slip_type":"Normal","upper_seis_depth":"(1.0,,)"},"geometry":{"type":"LineString","coordinates":[[23.119898,42.209485],[23.166508,42.226293],[23.207788,42.249034],[23.24374,42.268809],[23.286352,42.287595],[23.314316,42.303415]]}},{"type":"Feature","properties":{"average_dip":"(50.0,40,60)","average_rake":"(-80,-90,-70)","catalog_id":"EUR_BGCS048","catalog_name":"SHARE","lower_seis_depth":"(10.0,,)","net_slip_rate":"(0.2,0.1,0.4)","slip_type":"Normal","upper_seis_depth":"(1.0,,)"},"geometry":{"type":"LineString","coordinates":[[25.484741,42.301828],[25.569977,42.302694],[25.626642,42.303631],[25.719304,42.309448],[25.810396,42.312938],[25.887354,42.309448],[25.973734,42.307121],[26.061684,42.301305]]}},{"type":"Feature","properties":{"average_dip":"(67.5,50,85)","average_rake":"(25,180,-130)","catalog_id":"EUR_CHCS001","catalog_name":"SHARE","lower_seis_depth":"(14.5,,)","net_slip_rate":"(0.6,0.1,1.0)","slip_type":"Sinistral-Reverse","upper_seis_depth":"(2.5,,)"},"geometry":{"type":"LineString","coordinates":[[7.936703,46.295009],[7.880825,46.298938],[7.824947,46.302866],[7.776849,46.30483],[7.728751,46.306794],[7.688433,46.305321],[7.648115,46.303848],[7.607062,46.299775],[7.566008,46.295702],[7.508359,46.286643],[7.450067,46.27242],[7.393481,46.252778],[7.35953,46.23952],[7.325579,46.226261],[7.293749,46.210057],[7.261919,46.193852],[7.219481,46.159478]]}},{"type":"Feature","properties":{"average_dip":"(57.5,50,65)","average_rake":"(-73,-98,-48)","catalog_id":"EUR_DECS001","catalog_name":"SHARE","lower_seis_depth":"(25.0,,)","net_slip_rate":"None","slip_type":"Normal","upper_seis_depth":"(0.0,,)"},"geometry":{"type":"LineString","coordinates":[[6.594862,50.771793],[6.577345,50.787276],[6.557272,50.801469],[6.542332,50.818001],[6.523873,50.83305],[6.510977,50.850258],[6.496719,50.867034],[6.479026,50.882454],[6.460875,50.897665],[6.435976,50.908429],[6.411601,50.919665],[6.383753,50.927033],[6.352551,50.929523]]}},{"type":"Feature","properties":{"average_dip":"(57.5,50,65)","average_rake":"(-123,-142,-105)","catalog_id":"EUR_DECS002","catalog_name":"SHARE","lower_seis_depth":"(23.2,,)","net_slip_rate":"None","slip_type":"Dextral-Normal","upper_seis_depth":"(0.0,,)"},"geometry":{"type":"LineString","coordinates":[[6.574063,51.003653],[6.544928,51.008743],[6.515952,51.014188],[6.48571,51.014031],[6.455474,51.013637],[6.427178,51.020357],[6.401831,51.030742],[6.371734,51.032678],[6.341486,51.033089],[6.311279,51.034164],[6.278724,51.03661]]}},{"type":"Feature","properties":{"average_dip":"(57.5,50,65)","average_rake":"(-71,-89,-54)","catalog_id":"EUR_DECS003","catalog_name":"SHARE","lower_seis_depth":"(25.0,,)","net_slip_rate":"(0.1,0.04,0.1)","slip_type":"Normal","upper_seis_depth":"(0.0,,)"},"geometry":{"type":"LineString","coordinates":[[7.037046,50.613315],[7.022246,50.6291],[7.005921,50.64427],[6.986308,50.657787],[6.979035,50.675565],[6.965654,50.691857],[6.940831,50.70135],[6.921987,50.715312],[6.904568,50.73],[6.883166,50.742404],[6.867258,50.757767],[6.849004,50.772052],[6.839278,50.789359],[6.827658,50.806193],[6.815833,50.822972],[6.801388,50.838912],[6.778759,50.850453],[6.758141,50.863412],[6.742316,50.878827],[6.729962,50.895458],[6.716612,50.911781],[6.706541,50.929016],[6.691402,50.944711],[6.672154,50.958506],[6.645605,50.966103],[6.620181,50.975104],[6.601081,50.988987],[6.584899,51.002884]]}},{"type":"Feature","properties":{"average_dip":"(57.5,50,65)","average_rake":"(-62,-76,-48)","catalog_id":"EUR_DECS004","catalog_name":"SHARE","lower_seis_depth":"(25.0,,)","net_slip_rate":"None","slip_type":"Sinistral-Normal","upper_seis_depth":"(0.0,,)"},"geometry":{"type":"LineString","coordinates":[[6.065837,51.638651],[6.084812,51.624035],[6.101678,51.608457],[6.121718,51.594407],[6.141755,51.580359],[6.16179,51.566313],[6.175481,51.549583],[6.183719,51.531525],[6.19483,51.514075],[6.202946,51.495997],[6.21418,51.478579],[6.224982,51.461056],[6.234248,51.443196],[6.246355,51.42601],[6.247394,51.40725],[6.256753,51.389411],[6.260915,51.370821],[6.268035,51.352585],[6.278334,51.334951],[6.298941,51.321294],[6.312154,51.304438],[6.331427,51.290047],[6.348264,51.274509],[6.369458,51.261224],[6.393719,51.250133]]}},{"type":"Feature","properties":{"average_dip":"(57.5,50,65)","average_rake":"(-93,-106,-81)","catalog_id":"EUR_DECS005","catalog_name":"SHARE","lower_seis_depth":"(10.2,,)","net_slip_rate":"None","slip_type":"Normal","upper_seis_depth":"(0.0,,)"},"geometry":{"type":"LineString","coordinates":[[6.131935,50.911506],[6.15715,50.900173],[6.179803,50.886864],[6.200415,50.872299],[6.215752,50.855341],[6.230891,50.838314],[6.244875,50.820899],[6.260958,50.804225],[6.281002,50.789366],[6.302782,50.775522],[6.326857,50.761097]]}},{"type":"Feature","properties":{"average_dip":"(57.5,50,65)","average_rake":"(-88,-102,-74)","catalog_id":"EUR_DECS006","catalog_name":"SHARE","lower_seis_depth":"(8.6,,)","net_slip_rate":"None","slip_type":"Normal","upper_seis_depth":"(0.0,,)"},"geometry":{"type":"LineString","coordinates":[[6.351784,50.827092],[6.371265,50.811296],[6.381104,50.792261],[6.384276,50.772337],[6.407427,50.758677],[6.42199,50.740899],[6.445684,50.727631],[6.468563,50.71346]]}},{"type":"Feature","properties":{"average_dip":"(57.5,50,65)","average_rake":"(-81,-94,-69)","catalog_id":"EUR_DECS007","catalog_name":"SHARE","lower_seis_depth":"(11.6,,)","net_slip_rate":"None","slip_type":"Normal","upper_seis_depth":"(0.0,,)"},"geometry":{"type":"LineString","coordinates":[[6.51032,50.783731],[6.529184,50.763487],[6.543001,50.741676],[6.568284,50.724468],[6.57861,50.700897]]}},{"type":"Feature","properties":{"average_dip":"(57.5,50,65)","average_rake":"(-88,-113,-63)","catalog_id":"EUR_DECS008","catalog_name":"SHARE","lower_seis_depth":"(22.1,,)","net_slip_rate":"None","slip_type":"Normal","upper_seis_depth":"(0.0,,)"},"geometry":{"type":"LineString","coordinates":[[6.824723,50.586953],[6.798501,50.59881],[6.771184,50.609634],[6.739893,50.614475],[6.715147,50.62756],[6.700738,50.645841],[6.679188,50.661042],[6.655732,50.675066],[6.631382,50.688471],[6.603686,50.700999]]}},{"type":"Feature","properties":{"average_dip":"(80.0,70,90)","average_rake":"(5,0,10)","catalog_id":"EUR_DECS009","catalog_name":"SHARE","lower_seis_depth":"(20.0,,)","net_slip_rate":"(0.1,0.01,0.1)","slip_type":"Sinistral","upper_seis_depth":"(1.5,,)"},"geometry":{"type":"LineString","coordinates":[[9.020033,48.196264],[9.020868,48.209375],[9.025766,48.236365],[9.037892,48.265106],[9.061748,48.287463],[9.080552,48.328322]]}},{"type":"Feature","properties":{"average_dip":"(65.0,60,70)","average_rake":"(-35,-60,-10)","catalog_id":"EUR_DECS010","catalog_name":"SHARE","lower_seis_depth":"(15.0,,)","net_slip_rate":"(0.1,0.07,0.1)","slip_type":"Sinistral-Normal","upper_seis_depth":"(3.0,,)"},"geometry":{"type":"LineString","coordinates":[[7.687166,47.96569],[7.679484,47.941475],[7.671802,47.91726],[7.65644,47.881195],[7.647222,47.857496],[7.62725,47.828644],[7.608814,47.797731],[7.58577,47.767849],[7.571942,47.743119],[7.555042,47.72251]]}},{"type":"Feature","properties":{"average_dip":"(60.0,50,70)","average_rake":"(-35,-60,-10)","catalog_id":"EUR_DECS011","catalog_name":"SHARE","lower_seis_depth":"(15.0,,)","net_slip_rate":"(0.1,0.07,0.1)","slip_type":"Sinistral-Normal","upper_seis_depth":"(0.0,,)"},"geometry":{"type":"LineString","coordinates":[[7.608814,48.158379],[7.624945,48.13571],[7.641076,48.11304],[7.657976,48.082127],[7.665658,48.052245],[7.67334,48.020302],[7.678717,47.996603],[7.684094,47.972903]]}},{"type":"Feature","properties":{"average_dip":"(40.0,30,50)","average_rake":"(95,80,110)","catalog_id":"EUR_DZCS001","catalog_name":"SHARE","lower_seis_depth":"(25.0,,)","net_slip_rate":"(1.3,0.9,1.7)","slip_type":"Reverse","upper_seis_depth":"(2.0,,)"},"geometry":{"type":"LineString","coordinates":[[4.78953,37.312145],[4.65822,37.295847],[4.52691,37.279549],[4.381958,37.249669],[4.237006,37.219789],[4.085963,37.180362],[3.976513,37.144716],[3.867062,37.10907],[3.784502,37.075273],[3.701941,37.041475],[3.570988,36.967406],[3.440034,36.893338],[3.339627,36.828997],[3.239221,36.764656]]}},{"type":"Feature","properties":{"average_dip":"(40.0,30,50)","average_rake":"(95,80,110)","catalog_id":"EUR_DZCS002","catalog_name":"SHARE","lower_seis_depth":"(25.0,,)","net_slip_rate":"(1.3,0.9,1.7)","slip_type":"Reverse","upper_seis_depth":"(2.5,,)"},"geometry":{"type":"LineString","coordinates":[[5.185164,37.010632],[5.362515,37.090327],[5.518278,37.136032],[5.674041,37.181736],[5.829844,37.219598],[5.985646,37.25746],[6.110292,37.276931],[6.234938,37.296402],[6.443836,37.32847],[6.652734,37.360538],[6.846637,37.364996],[7.059009,37.365988],[7.27138,37.366979],[7.419117,37.368019],[7.566854,37.369059],[7.760748,37.398837],[7.936947,37.422489],[8.113145,37.446142],[8.289344,37.469794],[8.411659,37.550264],[8.551285,37.638776],[8.690911,37.727288],[8.829372,37.844573],[8.979374,37.967604],[9.129375,38.090635],[9.237848,38.150399],[9.362478,38.215905],[9.487107,38.281411],[9.582887,38.331978],[9.678667,38.382544],[9.842538,38.451474],[10.006409,38.520403],[10.114887,38.566357],[10.223364,38.61231],[10.398785,38.659364],[10.574206,38.706418],[10.757707,38.751165],[10.941208,38.795911]]}},{"type":"Feature","properties":{"average_dip":"(42.5,30,55)","average_rake":"(95,80,110)","catalog_id":"EUR_DZCS003","catalog_name":"SHARE","lower_seis_depth":"(25.0,,)","net_slip_rate":"(1.3,0.9,1.7)","slip_type":"Reverse","upper_seis_depth":"(3.0,,)"},"geometry":{"type":"LineString","coordinates":[[2.566734,37.19657],[2.45963,37.17761],[2.352525,37.158649],[2.238433,37.135435],[2.124341,37.112221],[2.027812,37.088553],[1.931283,37.064885],[1.857425,37.035158],[1.783566,37.005431],[1.709708,36.975704],[1.633639,36.928715],[1.55757,36.881726],[1.481501,36.834736],[1.405432,36.787747]]}},{"type":"Feature","properties":{"average_dip":"(42.5,30,55)","average_rake":"(95,80,110)","catalog_id":"EUR_DZCS004","catalog_name":"SHARE","lower_seis_depth":"(25.0,,)","net_slip_rate":"(1.3,0.9,1.7)","slip_type":"Reverse","upper_seis_depth":"(2.5,,)"},"geometry":{"type":"LineString","coordinates":[[0.5683,36.847347],[0.438354,36.778434],[0.302316,36.703104],[0.219069,36.654216],[0.135822,36.605328],[0.045468,36.548419],[-0.044885,36.49151],[-0.14133,36.42658],[-0.237775,36.361649],[-0.321022,36.306339],[-0.404269,36.251029],[-0.476349,36.196512],[-0.548429,36.141994],[-0.671269,36.045783],[-0.794109,35.949571]]}},{"type":"Feature","properties":{"average_dip":"(75.0,60,90)","average_rake":"(0,170,-170)","catalog_id":"EUR_DZCS005","catalog_name":"SHARE","lower_seis_depth":"(25.0,,)","net_slip_rate":"(0.8,0.5,1.0)","slip_type":"Sinistral","upper_seis_depth":"(1.0,,)"},"geometry":{"type":"LineString","coordinates":[[2.886948,37.087411],[2.950973,37.021958],[3.014999,36.956505],[3.079024,36.891052],[3.143049,36.825599],[3.205881,36.76259],[3.268713,36.699582],[3.331544,36.636573],[3.394376,36.573565],[3.457208,36.510556],[3.503771,36.458978],[3.550335,36.4074],[3.596898,36.355822]]}},{"type":"Feature","properties":{"average_dip":"(75.0,60,90)","average_rake":"(0,170,-170)","catalog_id":"EUR_DZCS006","catalog_name":"SHARE","lower_seis_depth":"(25.0,,)","net_slip_rate":"(0.8,0.5,1.0)","slip_type":"Sinistral","upper_seis_depth":"(2.5,,)"},"geometry":{"type":"LineString","coordinates":[[0.879202,36.936667],[0.950338,36.909861],[1.021474,36.883054],[1.09261,36.856248],[1.163746,36.829441],[1.234882,36.802635],[1.304717,36.775613],[1.374552,36.748592],[1.444387,36.72157],[1.514222,36.694548],[1.584057,36.667527],[1.653892,36.640505],[1.644136,36.642747]]}},{"type":"Feature","properties":{"average_dip":"(70.0,60,80)","average_rake":"(0,170,-170)","catalog_id":"EUR_DZCS007","catalog_name":"SHARE","lower_seis_depth":"(12.0,,)","net_slip_rate":"(0.8,0.5,1.0)","slip_type":"Sinistral","upper_seis_depth":"(3.0,,)"},"geometry":{"type":"LineString","coordinates":[[-0.843714,35.91233],[-0.987367,35.942077],[-1.099133,35.960557],[-1.210898,35.979037],[-1.374714,36.008164],[-1.530611,36.033939],[-1.704544,36.059291],[-1.858604,36.083077],[-2.028551,36.099957],[-2.159762,36.114698],[-2.294612,36.126282],[-2.484775,36.145445],[-2.664995,36.162915],[-2.777112,36.171897]]}},{"type":"Feature","properties":{"average_dip":"(45.0,30,60)","average_rake":"(87,70,105)","catalog_id":"EUR_DZCS008","catalog_name":"SHARE","lower_seis_depth":"(18.0,,)","net_slip_rate":"(1.1,0.26,1.87)","slip_type":"Reverse","upper_seis_depth":"(1.0,,)"},"geometry":{"type":"LineString","coordinates":[[1.724879,36.353681],[1.640212,36.284527],[1.555545,36.215373],[1.418074,36.113591],[1.280602,36.011808],[1.169473,35.93568],[1.058343,35.859551],[0.949271,35.780454],[0.840198,35.701357],[0.723089,35.620726],[0.60598,35.540095],[0.489358,35.470263],[0.372735,35.400431],[0.281736,35.348264],[0.190736,35.296096],[0.071413,35.245169],[-0.04791,35.194241],[-0.180452,35.166488],[-0.312993,35.138735],[-0.463789,35.107864],[-0.614585,35.076993]]}},{"type":"Feature","properties":{"average_dip":"(45.0,30,60)","average_rake":"(87,70,105)","catalog_id":"EUR_DZCS009","catalog_name":"SHARE","lower_seis_depth":"(18.0,,)","net_slip_rate":"(1.1,0.26,1.87)","slip_type":"Reverse","upper_seis_depth":"(1.0,,)"},"geometry":{"type":"LineString","coordinates":[[2.227782,35.639262],[2.129441,35.596061],[2.031101,35.552859],[1.93276,35.509658],[1.850404,35.480534],[1.768048,35.451411],[1.685692,35.422287],[1.581108,35.388832],[1.476524,35.355376],[1.37194,35.321921],[1.291583,35.29936],[1.211226,35.276799],[1.130869,35.254238]]}},{"type":"Feature","properties":{"average_dip":"(42.5,30,55)","average_rake":"(87,70,105)","catalog_id":"EUR_DZCS010","catalog_name":"SHARE","lower_seis_depth":"(18.0,,)","net_slip_rate":"(1.1,0.26,1.87)","slip_type":"Reverse","upper_seis_depth":"(1.0,,)"},"geometry":{"type":"LineString","coordinates":[[3.178322,36.641355],[3.117342,36.588505],[3.056362,36.535656],[2.995382,36.482806],[2.929953,36.447783],[2.864523,36.412759],[2.799094,36.377736],[2.733664,36.342712],[2.668235,36.307689],[2.587998,36.285491],[2.507761,36.263293],[2.427523,36.241095],[2.347286,36.218897]]}},{"type":"Feature","properties":{"average_dip":"(45.0,30,60)","average_rake":"(87,70,105)","catalog_id":"EUR_DZCS011","catalog_name":"SHARE","lower_seis_depth":"(18.0,,)","net_slip_rate":"(1.1,0.26,1.87)","slip_type":"Reverse","upper_seis_depth":"(1.0,,)"},"geometry":{"type":"LineString","coordinates":[[3.755775,35.979927],[3.870559,36.030085],[3.985343,36.080243],[4.100126,36.130401],[4.21491,36.180559],[4.308741,36.220393],[4.402571,36.260227],[4.491043,36.3043],[4.579516,36.348374],[4.667988,36.392447],[4.723181,36.431081],[4.778374,36.469714],[4.878121,36.542748],[4.977868,36.615781]]}},{"type":"Feature","properties":{"average_dip":"(42.5,30,55)","average_rake":"(87,70,105)","catalog_id":"EUR_DZCS012","catalog_name":"SHARE","lower_seis_depth":"(18.0,,)","net_slip_rate":"(1.1,0.26,1.87)","slip_type":"Reverse","upper_seis_depth":"(1.0,,)"},"geometry":{"type":"LineString","coordinates":[[5.764398,36.602094],[5.715199,36.572764],[5.666,36.543434],[5.616802,36.514103],[5.567603,36.484773],[5.503638,36.452521],[5.439672,36.42027],[5.375707,36.388018],[5.311741,36.355767],[5.25375,36.333236],[5.195759,36.310705],[5.137768,36.288174],[5.079777,36.265643]]}},{"type":"Feature","properties":{"average_dip":"(32.5,15,50)","average_rake":"(95,80,110)","catalog_id":"EUR_DZCS013","catalog_name":"SHARE","lower_seis_depth":"(18.0,,)","net_slip_rate":"(0.6,0.1,1.0)","slip_type":"Reverse","upper_seis_depth":"(1.0,,)"},"geometry":{"type":"LineString","coordinates":[[0.24693,32.582349],[0.409139,32.648281],[0.571348,32.714212],[0.733557,32.780144],[0.895766,32.846075],[1.057975,32.912007],[1.230622,32.976733],[1.403269,33.041458],[1.575917,33.106184],[1.748564,33.170909],[1.921211,33.235635],[2.099071,33.306835],[2.276931,33.378035],[2.454792,33.449234],[2.632652,33.520434],[2.810512,33.591634],[2.987071,33.655156],[3.163631,33.718677],[3.34019,33.782199],[3.516749,33.84572],[3.704035,33.935885],[3.891321,34.026049],[4.078607,34.116214],[4.25114,34.210697],[4.423672,34.30518],[4.596205,34.399663],[4.768737,34.494145],[4.94127,34.588628],[5.113802,34.683111],[5.286335,34.777594]]}},{"type":"Feature","properties":{"average_dip":"(60.0,40,80)","average_rake":"(0,170,-170)","catalog_id":"EUR_DZCS014","catalog_name":"SHARE","lower_seis_depth":"(18.0,,)","net_slip_rate":"(0.8,0.5,1.0)","slip_type":"Sinistral","upper_seis_depth":"(1.0,,)"},"geometry":{"type":"LineString","coordinates":[[6.302348,36.022391],[6.404817,36.083412],[6.507286,36.144433],[6.609755,36.205455],[6.712224,36.266476],[6.814693,36.327497],[6.911793,36.368643],[7.008893,36.409789],[7.105993,36.450935],[7.203093,36.492081],[7.300193,36.533227],[7.397293,36.574373]]}},{"type":"Feature","properties":{"average_dip":"(40.0,25,55)","average_rake":"(95,80,110)","catalog_id":"EUR_DZCS015","catalog_name":"SHARE","lower_seis_depth":"(6.0,,)","net_slip_rate":"(1.1,0.26,1.87)","slip_type":"Reverse","upper_seis_depth":"(1.0,,)"},"geometry":{"type":"LineString","coordinates":[[-1.001559,35.320016],[-1.028229,35.296407],[-1.054899,35.272797],[-1.086284,35.248484],[-1.117668,35.224171],[-1.155863,35.199556],[-1.194058,35.17494],[-1.232253,35.150325],[-1.264718,35.1344],[-1.297183,35.118476],[-1.329648,35.102551],[-1.368393,35.086097],[-1.407138,35.069642],[-1.445883,35.053188]]}},{"type":"Feature","properties":{"average_dip":"(70.0,60,80)","average_rake":"(-90,-105,-75)","catalog_id":"EUR_ESCS001","catalog_name":"SHARE","lower_seis_depth":"(11.5,,)","net_slip_rate":"None","slip_type":"Normal","upper_seis_depth":"(0.0,,)"},"geometry":{"type":"LineString","coordinates":[[-1.0182,40.44],[-1.0896,40.3628]]}},{"type":"Feature","properties":{"average_dip":"(70.0,60,80)","average_rake":"(-90,-105,-75)","catalog_id":"EUR_ESCS002","catalog_name":"SHARE","lower_seis_depth":"(11.5,,)","net_slip_rate":"(0.1,0.01,0.1)","slip_type":"Normal","upper_seis_depth":"(1.0,,)"},"geometry":{"type":"LineString","coordinates":[[-1.48991,41.16414],[-1.30622,40.9893],[-1.31223,40.96894],[-1.223,40.85],[-1.2395,40.8241],[-1.2457,40.8201],[-1.2287,40.7264]]}},{"type":"Feature","properties":{"average_dip":"(68.0,63,73)","average_rake":"(-75,-92,-58)","catalog_id":"EUR_ESCS003","catalog_name":"SHARE","lower_seis_depth":"(11.5,,)","net_slip_rate":"(0.2,0.07,0.32)","slip_type":"Normal","upper_seis_depth":"(0.0,,)"},"geometry":{"type":"LineString","coordinates":[[-1.208,40.441],[-1.092,40.365]]}},{"type":"Feature","properties":{"average_dip":"(70.0,60,80)","average_rake":"(-90,-105,-75)","catalog_id":"EUR_ESCS005","catalog_name":"SHARE","lower_seis_depth":"(11.5,,)","net_slip_rate":"None","slip_type":"Normal","upper_seis_depth":"(0.0,,)"},"geometry":{"type":"LineString","coordinates":[[-0.953,40.6316],[-0.9314,40.5093]]}},{"type":"Feature","properties":{"average_dip":"(70.0,60,80)","average_rake":"(-90,-105,-75)","catalog_id":"EUR_ESCS006","catalog_name":"SHARE","lower_seis_depth":"(11.5,,)","net_slip_rate":"(0.1,0.09,0.16)","slip_type":"Normal","upper_seis_depth":"(0.0,,)"},"geometry":{"type":"LineString","coordinates":[[-1.7622,41.3118],[-1.6372,41.1778]]}},{"type":"Feature","properties":{"average_dip":"(70.0,60,80)","average_rake":"(-90,-105,-75)","catalog_id":"EUR_ESCS007","catalog_name":"SHARE","lower_seis_depth":"(11.5,,)","net_slip_rate":"(0.1,0.02,0.2)","slip_type":"Normal","upper_seis_depth":"(0.0,,)"},"geometry":{"type":"LineString","coordinates":[[-1.2928,40.7116],[-1.2027,40.5871]]}},{"type":"Feature","properties":{"average_dip":"(70.0,60,80)","average_rake":"(-90,-105,-75)","catalog_id":"EUR_ESCS009","catalog_name":"SHARE","lower_seis_depth":"(11.5,,)","net_slip_rate":"None","slip_type":"Normal","upper_seis_depth":"(0.0,,)"},"geometry":{"type":"LineString","coordinates":[[-1.0517,40.3751],[-0.9728,40.3491]]}},{"type":"Feature","properties":{"average_dip":"(72.5,65,80)","average_rake":"(-135,-150,-120)","catalog_id":"EUR_ESCS011","catalog_name":"SHARE","lower_seis_depth":"(16.5,,)","net_slip_rate":"(0.1,0.01,0.1)","slip_type":"Dextral-Normal","upper_seis_depth":"(1.5,,)"},"geometry":{"type":"LineString","coordinates":[[-1.401,38.225],[-1.7268,38.2336],[-2.1392,38.3897]]}},{"type":"Feature","properties":{"average_dip":"(77.5,75,80)","average_rake":"(-135,-150,-120)","catalog_id":"EUR_ESCS014","catalog_name":"SHARE","lower_seis_depth":"(21.5,,)","net_slip_rate":"(0.1,0.01,0.1)","slip_type":"Dextral-Normal","upper_seis_depth":"(1.5,,)"},"geometry":{"type":"LineString","coordinates":[[-2.1317,38.6922],[-1.6807,38.4285],[-1.6587,38.4168],[-1.4471,38.4084]]}},{"type":"Feature","properties":{"average_dip":"(75.0,70,80)","average_rake":"(-120,-130,-110)","catalog_id":"EUR_ESCS016","catalog_name":"SHARE","lower_seis_depth":"(21.0,,)","net_slip_rate":"(0.1,0.08,0.12)","slip_type":"Dextral-Normal","upper_seis_depth":"(0.0,,)"},"geometry":{"type":"LineString","coordinates":[[-1.556,38.5458],[-1.468,38.474]]}},{"type":"Feature","properties":{"average_dip":"(70.0,60,80)","average_rake":"(45,30,60)","catalog_id":"EUR_ESCS021","catalog_name":"SHARE","lower_seis_depth":"(16.5,,)","net_slip_rate":"(0.1,0.01,0.1)","slip_type":"Sinistral-Reverse","upper_seis_depth":"(1.5,,)"},"geometry":{"type":"LineString","coordinates":[[-1.425275,38.306078],[-1.354224,38.350885],[-1.354225,38.350885],[-1.104584,38.418736]]}},{"type":"Feature","properties":{"average_dip":"(82.5,75,90)","average_rake":"(2,-13,17)","catalog_id":"EUR_ESCS023","catalog_name":"SHARE","lower_seis_depth":"(17.5,,)","net_slip_rate":"(0.1,0.01,0.1)","slip_type":"Sinistral","upper_seis_depth":"(1.0,,)"},"geometry":{"type":"LineString","coordinates":[[-5.508333,40.361667],[-6.114,40.015],[-6.456667,39.736667],[-6.653333,39.548333],[-6.866667,39.29],[-6.991667,39.13]]}},{"type":"Feature","properties":{"average_dip":"(70.0,55,85)","average_rake":"(0,-15,15)","catalog_id":"EUR_ESCS036","catalog_name":"SHARE","lower_seis_depth":"(18.5,,)","net_slip_rate":"(0.1,0.0001,0.2)","slip_type":"Sinistral","upper_seis_depth":"(0.0,,)"},"geometry":{"type":"LineString","coordinates":[[-7.10222,43.10222],[-7.31888,42.8555]]}},{"type":"Feature","properties":{"average_dip":"(70.0,55,85)","average_rake":"(0,-15,15)","catalog_id":"EUR_ESCS037","catalog_name":"SHARE","lower_seis_depth":"(18.5,,)","net_slip_rate":"(0.1,0.0001,0.2)","slip_type":"Sinistral","upper_seis_depth":"(0.0,,)"},"geometry":{"type":"LineString","coordinates":[[-7.040555,43.03972],[-7.22166,42.79194]]}},{"type":"Feature","properties":{"average_dip":"(82.5,75,90)","average_rake":"(4,-15,23)","catalog_id":"EUR_ESCS038","catalog_name":"SHARE","lower_seis_depth":"(14.5,,)","net_slip_rate":"(1.3,1.1,1.5)","slip_type":"Sinistral","upper_seis_depth":"(1.0,,)"},"geometry":{"type":"LineString","coordinates":[[-1.85158,37.06593],[-1.93966,37.01972],[-1.97847,36.98538],[-2.19666,36.85083],[-2.70501,36.4732],[-2.98236,36.34346],[-3.06,36.297]]}},{"type":"Feature","properties":{"average_dip":"(70.0,60,80)","average_rake":"(35,20,50)","catalog_id":"EUR_ESCS043","catalog_name":"SHARE","lower_seis_depth":"(16.5,,)","net_slip_rate":"(0.1,0.01,0.2)","slip_type":"Sinistral-Reverse","upper_seis_depth":"(0.0,,)"},"geometry":{"type":"LineString","coordinates":[[-0.707077,38.296922],[-1.032242,38.209432],[-1.444757,38.101207],[-1.603548,38.045915],[-1.652989,38.029539],[-1.886828,37.941926]]}},{"type":"Feature","properties":{"average_dip":"(70.0,60,80)","average_rake":"(135,120,150)","catalog_id":"EUR_ESCS046","catalog_name":"SHARE","lower_seis_depth":"(16.5,,)","net_slip_rate":"(0.1,0.01,0.2)","slip_type":"Dextral-Reverse","upper_seis_depth":"(0.0,,)"},"geometry":{"type":"LineString","coordinates":[[-1.713,38.266],[-1.401,38.444],[-1.128037,38.616917],[-1.095434,38.634812],[-1.002918,38.693703],[-0.95017,38.73129],[-0.57803,38.93144],[-0.555249,38.94307],[-0.230069,39.082232]]}},{"type":"Feature","properties":{"average_dip":"(77.5,75,80)","average_rake":"(-45,-60,-30)","catalog_id":"EUR_ESCS050","catalog_name":"SHARE","lower_seis_depth":"(20.5,,)","net_slip_rate":"(0.1,0.01,0.2)","slip_type":"Sinistral-Normal","upper_seis_depth":"(0.0,,)"},"geometry":{"type":"LineString","coordinates":[[-1.723,37.452],[-1.505,37.665]]}},{"type":"Feature","properties":{"average_dip":"(70.0,60,80)","average_rake":"(135,120,150)","catalog_id":"EUR_ESCS052","catalog_name":"SHARE","lower_seis_depth":"(14.5,,)","net_slip_rate":"(0.1,0.01,0.2)","slip_type":"Dextral-Reverse","upper_seis_depth":"(0.0,,)"},"geometry":{"type":"LineString","coordinates":[[-2.440884,37.02737],[-1.8812,37.0705]]}},{"type":"Feature","properties":{"average_dip":"(70.0,60,80)","average_rake":"(-135,-150,-120)","catalog_id":"EUR_ESCS053","catalog_name":"SHARE","lower_seis_depth":"(20.5,,)","net_slip_rate":"(0.2,0.01,0.4)","slip_type":"Dextral-Normal","upper_seis_depth":"(0.0,,)"},"geometry":{"type":"LineString","coordinates":[[-1.472495,37.594376],[-1.315985,37.56218],[-0.989483,37.504942],[-0.979972,37.504315],[-0.423,37.5778]]}},{"type":"Feature","properties":{"average_dip":"(72.5,55,90)","average_rake":"(32,5,60)","catalog_id":"EUR_ESCS056","catalog_name":"SHARE","lower_seis_depth":"(16.5,,)","net_slip_rate":"(0.2,0.01,0.4)","slip_type":"Sinistral-Reverse","upper_seis_depth":"(0.0,,)"},"geometry":{"type":"LineString","coordinates":[[-1.2219,38.0091],[-1.377637,37.890096],[-1.425845,37.860835],[-1.5,37.7776],[-1.6931,37.6831],[-1.8494,37.5137],[-1.8783,37.4783]]}},{"type":"Feature","properties":{"average_dip":"(70.0,60,80)","average_rake":"(35,20,50)","catalog_id":"EUR_ESCS061","catalog_name":"SHARE","lower_seis_depth":"(20.5,,)","net_slip_rate":"(0.5,0.27,0.81)","slip_type":"Sinistral-Reverse","upper_seis_depth":"(0.0,,)"},"geometry":{"type":"LineString","coordinates":[[-1.326,37.8461],[-1.0203,38.0026]]}},{"type":"Feature","properties":{"average_dip":"(70.0,60,80)","average_rake":"(-125,-140,-110)","catalog_id":"EUR_ESCS062","catalog_name":"SHARE","lower_seis_depth":"(20.5,,)","net_slip_rate":"(0.4,0.03,0.7)","slip_type":"Dextral-Normal","upper_seis_depth":"(0.0,,)"},"geometry":{"type":"LineString","coordinates":[[-0.6467,38.0069],[-0.7447,38.0757]]}},{"type":"Feature","properties":{"average_dip":"(70.0,60,80)","average_rake":"(-125,-140,-110)","catalog_id":"EUR_ESCS063","catalog_name":"SHARE","lower_seis_depth":"(20.5,,)","net_slip_rate":"(0.4,0.3,0.6)","slip_type":"Dextral-Normal","upper_seis_depth":"(0.0,,)"},"geometry":{"type":"LineString","coordinates":[[-0.647342,37.956091],[-0.779351,37.985817],[-0.858986,38.053419]]}},{"type":"Feature","properties":{"average_dip":"(37.5,15,60)","average_rake":"(90,75,105)","catalog_id":"EUR_ESCS064","catalog_name":"SHARE","lower_seis_depth":"(20.5,,)","net_slip_rate":"(0.2,0.12,0.35)","slip_type":"Reverse","upper_seis_depth":"(1.0,,)"},"geometry":{"type":"LineString","coordinates":[[-0.972,38.052],[-0.867,38.061],[-0.86,38.073],[-0.759,38.08],[-0.749,38.079],[-0.663,38.092],[-0.6567,38.0894],[-0.3255,38.1569]]}},{"type":"Feature","properties":{"average_dip":"(50.0,35,65)","average_rake":"(125,110,140)","catalog_id":"EUR_ESCS069","catalog_name":"SHARE","lower_seis_depth":"(7.5,,)","net_slip_rate":"None","slip_type":"Dextral-Reverse","upper_seis_depth":"(0.0,,)"},"geometry":{"type":"LineString","coordinates":[[-1.952,37.427],[-2.0614,37.4046]]}},{"type":"Feature","properties":{"average_dip":"(60.0,50,70)","average_rake":"(-90,-100,-80)","catalog_id":"EUR_ESCS071","catalog_name":"SHARE","lower_seis_depth":"(9.5,,)","net_slip_rate":"(0.1,0.06,0.14)","slip_type":"Normal","upper_seis_depth":"(1.5,,)"},"geometry":{"type":"LineString","coordinates":[[2.4413,42.2604],[2.4337,42.1177],[2.4667,42.0883],[2.4961,42.0767],[2.5268,42.0499],[2.624,41.968]]}},{"type":"Feature","properties":{"average_dip":"(60.0,50,70)","average_rake":"(-90,-100,-80)","catalog_id":"EUR_ESCS074","catalog_name":"SHARE","lower_seis_depth":"(12.5,,)","net_slip_rate":"None","slip_type":"Normal","upper_seis_depth":"(1.5,,)"},"geometry":{"type":"LineString","coordinates":[[1.1926,41.2852],[1.103,41.18],[1.0204,41.1791],[0.9408,41.116],[0.9557,41.0768],[0.8595,40.9373]]}},{"type":"Feature","properties":{"average_dip":"(60.0,50,70)","average_rake":"(-90,-100,-80)","catalog_id":"EUR_ESCS078","catalog_name":"SHARE","lower_seis_depth":"(12.5,,)","net_slip_rate":"(0.1,0.04,0.11)","slip_type":"Normal","upper_seis_depth":"(1.5,,)"},"geometry":{"type":"LineString","coordinates":[[2.549,41.7562],[2.2911,41.6805]]}},{"type":"Feature","properties":{"average_dip":"(60.0,50,70)","average_rake":"(-90,-100,-80)","catalog_id":"EUR_ESCS079","catalog_name":"SHARE","lower_seis_depth":"(12.5,,)","net_slip_rate":"None","slip_type":"Normal","upper_seis_depth":"(1.5,,)"},"geometry":{"type":"LineString","coordinates":[[2.1774,41.4236],[1.9653,41.2657]]}},{"type":"Feature","properties":{"average_dip":"(60.0,50,70)","average_rake":"(-85,-100,-70)","catalog_id":"EUR_ESCS080","catalog_name":"SHARE","lower_seis_depth":"(12.5,,)","net_slip_rate":"None","slip_type":"Normal","upper_seis_depth":"(1.5,,)"},"geometry":{"type":"LineString","coordinates":[[0.6269,41.0807],[0.5992,41.05],[0.6038,41.0001],[0.6346,40.9531]]}},{"type":"Feature","properties":{"average_dip":"(60.0,50,70)","average_rake":"(-85,-100,-70)","catalog_id":"EUR_ESCS081","catalog_name":"SHARE","lower_seis_depth":"(16.5,,)","net_slip_rate":"(0.1,0.04,0.11)","slip_type":"Normal","upper_seis_depth":"(1.5,,)"},"geometry":{"type":"LineString","coordinates":[[0.4725,40.9434],[0.3999,40.7542],[0.3257,40.6838],[0.2414,40.6475],[0.1562,40.4947],[0.0884,40.4548],[0.0404,40.398]]}},{"type":"Feature","properties":{"average_dip":"(60.0,50,70)","average_rake":"(-85,-100,-70)","catalog_id":"EUR_ESCS087","catalog_name":"SHARE","lower_seis_depth":"(11.0,,)","net_slip_rate":"None","slip_type":"Normal","upper_seis_depth":"(1.5,,)"},"geometry":{"type":"LineString","coordinates":[[0.5868,40.6509],[0.5313,40.5614]]}},{"type":"Feature","properties":{"average_dip":"(60.0,50,70)","average_rake":"(-85,-100,-70)","catalog_id":"EUR_ESCS088","catalog_name":"SHARE","lower_seis_depth":"(16.5,,)","net_slip_rate":"None","slip_type":"Normal","upper_seis_depth":"(1.5,,)"},"geometry":{"type":"LineString","coordinates":[[0.206,40.4675],[0.1856,40.4188],[0.1622,40.3698],[0.0961,40.2698]]}},{"type":"Feature","properties":{"average_dip":"(60.0,50,70)","average_rake":"(-85,-100,-70)","catalog_id":"EUR_ESCS092","catalog_name":"SHARE","lower_seis_depth":"(14.0,,)","net_slip_rate":"None","slip_type":"Normal","upper_seis_depth":"(1.5,,)"},"geometry":{"type":"LineString","coordinates":[[0.3572,40.3929],[0.2722,40.3331],[0.2414,40.2952]]}},{"type":"Feature","properties":{"average_dip":"(60.0,50,70)","average_rake":"(-85,-100,-70)","catalog_id":"EUR_ESCS095","catalog_name":"SHARE","lower_seis_depth":"(6.5,,)","net_slip_rate":"None","slip_type":"Normal","upper_seis_depth":"(1.5,,)"},"geometry":{"type":"LineString","coordinates":[[0.2812,40.3103],[0.2562,40.258]]}},{"type":"Feature","properties":{"average_dip":"(60.0,50,70)","average_rake":"(-85,-100,-70)","catalog_id":"EUR_ESCS096","catalog_name":"SHARE","lower_seis_depth":"(8.5,,)","net_slip_rate":"None","slip_type":"Normal","upper_seis_depth":"(1.5,,)"},"geometry":{"type":"LineString","coordinates":[[0.2035,40.3387],[0.143,40.278]]}},{"type":"Feature","properties":{"average_dip":"(60.0,50,70)","average_rake":"(-85,-100,-70)","catalog_id":"EUR_ESCS097","catalog_name":"SHARE","lower_seis_depth":"(16.5,,)","net_slip_rate":"(0.1,0.05,0.11)","slip_type":"Normal","upper_seis_depth":"(1.5,,)"},"geometry":{"type":"LineString","coordinates":[[0.0297,40.5204],[0.0067,40.4693],[-0.0007,40.4584],[-0.0741,40.3609]]}},{"type":"Feature","properties":{"average_dip":"(60.0,50,70)","average_rake":"(-85,-100,-70)","catalog_id":"EUR_ESCS100","catalog_name":"SHARE","lower_seis_depth":"(16.5,,)","net_slip_rate":"(0.1,0.05,0.12)","slip_type":"Normal","upper_seis_depth":"(1.5,,)"},"geometry":{"type":"LineString","coordinates":[[0.0153,40.4359],[0.0001,40.3924],[-0.0079,40.3744],[-0.0421,40.3271]]}},{"type":"Feature","properties":{"average_dip":"(60.0,50,70)","average_rake":"(-90,-100,-80)","catalog_id":"EUR_ESCS104","catalog_name":"SHARE","lower_seis_depth":"(16.5,,)","net_slip_rate":"None","slip_type":"Normal","upper_seis_depth":"(1.5,,)"},"geometry":{"type":"LineString","coordinates":[[-0.1257,40.2492],[-0.1725,40.203]]}},{"type":"Feature","properties":{"average_dip":"(60.0,50,70)","average_rake":"(-90,-100,-80)","catalog_id":"EUR_ESCS107","catalog_name":"SHARE","lower_seis_depth":"(16.5,,)","net_slip_rate":"None","slip_type":"Normal","upper_seis_depth":"(1.5,,)"},"geometry":{"type":"LineString","coordinates":[[-0.0619,40.3305],[-0.1036,40.2986],[-0.146,40.2743]]}},{"type":"Feature","properties":{"average_dip":"(60.0,50,70)","average_rake":"(-90,-100,-80)","catalog_id":"EUR_ESCS108","catalog_name":"SHARE","lower_seis_depth":"(15.5,,)","net_slip_rate":"(0.1,0.05,0.14)","slip_type":"Normal","upper_seis_depth":"(1.5,,)"},"geometry":{"type":"LineString","coordinates":[[-0.0077,40.3166],[-0.0587,40.2539],[-0.0708,40.2286],[-0.0597,40.194],[-0.0651,40.1675]]}},{"type":"Feature","properties":{"average_dip":"(60.0,50,70)","average_rake":"(-90,-100,-80)","catalog_id":"EUR_ESCS111","catalog_name":"SHARE","lower_seis_depth":"(7.0,,)","net_slip_rate":"None","slip_type":"Normal","upper_seis_depth":"(1.5,,)"},"geometry":{"type":"LineString","coordinates":[[-0.2464,39.8172],[-0.3142,39.7875]]}},{"type":"Feature","properties":{"average_dip":"(60.0,50,70)","average_rake":"(-90,-100,-80)","catalog_id":"EUR_ESCS112","catalog_name":"SHARE","lower_seis_depth":"(9.5,,)","net_slip_rate":"None","slip_type":"Normal","upper_seis_depth":"(1.5,,)"},"geometry":{"type":"LineString","coordinates":[[2.9736,42.3458],[3.5223,41.7996]]}},{"type":"Feature","properties":{"average_dip":"(60.0,50,70)","average_rake":"(-90,-100,-80)","catalog_id":"EUR_ESCS113","catalog_name":"SHARE","lower_seis_depth":"(16.5,,)","net_slip_rate":"None","slip_type":"Normal","upper_seis_depth":"(1.5,,)"},"geometry":{"type":"LineString","coordinates":[[0.48,40.4313],[0.3972,40.284]]}},{"type":"Feature","properties":{"average_dip":"(60.0,50,70)","average_rake":"(-90,-100,-80)","catalog_id":"EUR_ESCS115","catalog_name":"SHARE","lower_seis_depth":"(16.5,,)","net_slip_rate":"(0.1,0.04,0.1)","slip_type":"Normal","upper_seis_depth":"(1.5,,)"},"geometry":{"type":"LineString","coordinates":[[0.7489,40.5317],[0.6658,40.3546],[0.682,40.0756]]}},{"type":"Feature","properties":{"average_dip":"(60.0,50,70)","average_rake":"(-90,-100,-80)","catalog_id":"EUR_ESCS116","catalog_name":"SHARE","lower_seis_depth":"(16.5,,)","net_slip_rate":"None","slip_type":"Normal","upper_seis_depth":"(1.5,,)"},"geometry":{"type":"LineString","coordinates":[[-0.3086,39.3874],[-0.1753,39.1575]]}},{"type":"Feature","properties":{"average_dip":"(60.0,50,70)","average_rake":"(-90,-100,-80)","catalog_id":"EUR_ESCS117","catalog_name":"SHARE","lower_seis_depth":"(16.5,,)","net_slip_rate":"None","slip_type":"Normal","upper_seis_depth":"(1.5,,)"},"geometry":{"type":"LineString","coordinates":[[-0.2668,39.386],[-0.1343,39.1859]]}},{"type":"Feature","properties":{"average_dip":"(60.0,50,70)","average_rake":"(-90,-100,-80)","catalog_id":"EUR_ESCS118","catalog_name":"SHARE","lower_seis_depth":"(16.5,,)","net_slip_rate":"None","slip_type":"Normal","upper_seis_depth":"(1.5,,)"},"geometry":{"type":"LineString","coordinates":[[0.007,39.4632],[-0.1726,39.0541]]}},{"type":"Feature","properties":{"average_dip":"(60.0,50,70)","average_rake":"(-90,-100,-80)","catalog_id":"EUR_ESCS119","catalog_name":"SHARE","lower_seis_depth":"(15.0,,)","net_slip_rate":"None","slip_type":"Normal","upper_seis_depth":"(1.5,,)"},"geometry":{"type":"LineString","coordinates":[[0.0615,39.3918],[0.0295,39.2499]]}},{"type":"Feature","properties":{"average_dip":"(60.0,50,70)","average_rake":"(-90,-100,-80)","catalog_id":"EUR_ESCS120","catalog_name":"SHARE","lower_seis_depth":"(10.0,,)","net_slip_rate":"None","slip_type":"Normal","upper_seis_depth":"(1.5,,)"},"geometry":{"type":"LineString","coordinates":[[0.2421,39.2911],[0.1969,39.374]]}},{"type":"Feature","properties":{"average_dip":"(70.0,60,80)","average_rake":"(-90,-105,-75)","catalog_id":"EUR_ESCS122","catalog_name":"SHARE","lower_seis_depth":"(8.0,,)","net_slip_rate":"(0.1,0.02,0.1)","slip_type":"Normal","upper_seis_depth":"(0.0,,)"},"geometry":{"type":"LineString","coordinates":[[-4.6018,36.6586],[-4.661,36.593]]}},{"type":"Feature","properties":{"average_dip":"(70.0,60,80)","average_rake":"(-90,-105,-75)","catalog_id":"EUR_ESCS123","catalog_name":"SHARE","lower_seis_depth":"(8.0,,)","net_slip_rate":"(0.1,0.02,0.1)","slip_type":"Normal","upper_seis_depth":"(0.0,,)"},"geometry":{"type":"LineString","coordinates":[[-4.644,36.67],[-4.7031,36.6286]]}},{"type":"Feature","properties":{"average_dip":"(70.0,60,80)","average_rake":"(-90,-105,-75)","catalog_id":"EUR_ESCS125","catalog_name":"SHARE","lower_seis_depth":"(9.5,,)","net_slip_rate":"None","slip_type":"Normal","upper_seis_depth":"(1.0,,)"},"geometry":{"type":"LineString","coordinates":[[0.67592,42.66453],[1.0,42.645]]}},{"type":"Feature","properties":{"average_dip":"(70.0,60,80)","average_rake":"(-80,-95,-65)","catalog_id":"EUR_ESCS126","catalog_name":"SHARE","lower_seis_depth":"(9.5,,)","net_slip_rate":"(0.1,0.06,0.2)","slip_type":"Normal","upper_seis_depth":"(0.0,,)"},"geometry":{"type":"LineString","coordinates":[[0.68298,42.60124],[0.6768,42.603],[0.6735,42.60521],[0.66975,42.60829],[0.66489,42.61116],[0.65872,42.61491],[0.65387,42.61778],[0.651,42.618],[0.64505,42.62131],[0.64262,42.62285],[0.63777,42.62682],[0.63049,42.62594],[0.62586,42.62991],[0.62321,42.63123],[0.62321,42.63498],[0.6188,42.64049],[0.61528,42.64534],[0.61351,42.64865],[0.61064,42.6524],[0.6091,42.65505],[0.60778,42.66012],[0.60712,42.66321],[0.60535,42.66652]]}},{"type":"Feature","properties":{"average_dip":"(70.0,60,80)","average_rake":"(-35,-50,-20)","catalog_id":"EUR_ESCS200","catalog_name":"SHARE","lower_seis_depth":"(18.5,,)","net_slip_rate":"None","slip_type":"Sinistral-Normal","upper_seis_depth":"(8.0,,)"},"geometry":{"type":"LineString","coordinates":[[-2.8548,40.2927],[-3.1181,40.4446]]}},{"type":"Feature","properties":{"average_dip":"(70.0,60,80)","average_rake":"(-90,-105,-75)","catalog_id":"EUR_ESCS405","catalog_name":"SHARE","lower_seis_depth":"(7.5,,)","net_slip_rate":"(0.1,0.01,0.1)","slip_type":"Normal","upper_seis_depth":"(0.0,,)"},"geometry":{"type":"LineString","coordinates":[[-1.6658,41.243],[-1.7314,41.3083]]}},{"type":"Feature","properties":{"average_dip":"(70.0,60,80)","average_rake":"(-90,-105,-75)","catalog_id":"EUR_ESCS410","catalog_name":"SHARE","lower_seis_depth":"(10.0,,)","net_slip_rate":"None","slip_type":"Normal","upper_seis_depth":"(0.0,,)"},"geometry":{"type":"LineString","coordinates":[[-1.3814,40.6739],[-1.4496,40.6794]]}},{"type":"Feature","properties":{"average_dip":"(70.0,60,80)","average_rake":"(-90,-105,-75)","catalog_id":"EUR_ESCS413","catalog_name":"SHARE","lower_seis_depth":"(11.5,,)","net_slip_rate":"(0.1,0.01,0.21)","slip_type":"Normal","upper_seis_depth":"(0.0,,)"},"geometry":{"type":"LineString","coordinates":[[-1.513,41.414],[-1.385,41.3131],[-1.374,41.294],[-1.3236,41.2532]]}},{"type":"Feature","properties":{"average_dip":"(70.0,60,80)","average_rake":"(-90,-105,-75)","catalog_id":"EUR_ESCS415","catalog_name":"SHARE","lower_seis_depth":"(11.0,,)","net_slip_rate":"(0.1,0.01,0.21)","slip_type":"Normal","upper_seis_depth":"(0.0,,)"},"geometry":{"type":"LineString","coordinates":[[-1.4438,41.3959],[-1.406,41.3521]]}},{"type":"Feature","properties":{"average_dip":"(60.0,50,70)","average_rake":"(-90,-105,-75)","catalog_id":"EUR_ESCS622","catalog_name":"SHARE","lower_seis_depth":"(10.0,,)","net_slip_rate":"(0.2,0.1,0.3)","slip_type":"Normal","upper_seis_depth":"(0.0,,)"},"geometry":{"type":"LineString","coordinates":[[-0.4404,38.7493],[-0.4678,38.7988]]}},{"type":"Feature","properties":{"average_dip":"(75.0,65,85)","average_rake":"(45,25,65)","catalog_id":"EUR_ESCS623","catalog_name":"SHARE","lower_seis_depth":"(5.5,,)","net_slip_rate":"(0.1,0.0001,0.1)","slip_type":"Sinistral-Reverse","upper_seis_depth":"(0.0,,)"},"geometry":{"type":"LineString","coordinates":[[-0.4864,38.7087],[-0.4323,38.7422]]}},{"type":"Feature","properties":{"average_dip":"(60.0,45,75)","average_rake":"(-90,-105,-75)","catalog_id":"EUR_ESCS624","catalog_name":"SHARE","lower_seis_depth":"(7.0,,)","net_slip_rate":"(0.2,0.1,0.3)","slip_type":"Normal","upper_seis_depth":"(0.0,,)"},"geometry":{"type":"LineString","coordinates":[[-0.32,38.691],[-0.407,38.727]]}},{"type":"Feature","properties":{"average_dip":"(70.0,60,80)","average_rake":"(-90,-105,-75)","catalog_id":"EUR_ESCS625","catalog_name":"SHARE","lower_seis_depth":"(14.5,,)","net_slip_rate":"None","slip_type":"Normal","upper_seis_depth":"(0.0,,)"},"geometry":{"type":"LineString","coordinates":[[-2.3217,36.931],[-2.0622,37.0174]]}},{"type":"Feature","properties":{"average_dip":"(80.0,75,85)","average_rake":"(-120,-135,-105)","catalog_id":"EUR_ESCS632","catalog_name":"SHARE","lower_seis_depth":"(10.5,,)","net_slip_rate":"(0.3,0.1,0.5)","slip_type":"Dextral-Normal","upper_seis_depth":"(0.0,,)"},"geometry":{"type":"LineString","coordinates":[[-1.709,37.6807],[-1.769,37.6941]]}},{"type":"Feature","properties":{"average_dip":"(70.0,60,80)","average_rake":"(90,75,105)","catalog_id":"EUR_ESCS635","catalog_name":"SHARE","lower_seis_depth":"(14.5,,)","net_slip_rate":"None","slip_type":"Reverse","upper_seis_depth":"(5.0,,)"},"geometry":{"type":"LineString","coordinates":[[-2.27,37.03],[-2.1243,37.0392]]}},{"type":"Feature","properties":{"average_dip":"(70.0,60,80)","average_rake":"(135,120,150)","catalog_id":"EUR_ESCS636","catalog_name":"SHARE","lower_seis_depth":"(14.5,,)","net_slip_rate":"(0.1,0.04,0.11)","slip_type":"Dextral-Reverse","upper_seis_depth":"(5.0,,)"},"geometry":{"type":"LineString","coordinates":[[-2.06,37.021],[-1.9258,37.0104]]}},{"type":"Feature","properties":{"average_dip":"(70.0,60,80)","average_rake":"(-90,-105,-75)","catalog_id":"EUR_ESCS637","catalog_name":"SHARE","lower_seis_depth":"(5.5,,)","net_slip_rate":"(0.1,0.0001,0.18)","slip_type":"Normal","upper_seis_depth":"(0.0,,)"},"geometry":{"type":"LineString","coordinates":[[-3.528,37.362],[-3.5559,37.3059],[-3.569,37.291],[-3.567,37.258]]}},{"type":"Feature","properties":{"average_dip":"(62.5,50,75)","average_rake":"(-90,-105,-75)","catalog_id":"EUR_ESCS640","catalog_name":"SHARE","lower_seis_depth":"(4.0,,)","net_slip_rate":"(0.2,0.08,0.23)","slip_type":"Normal","upper_seis_depth":"(0.0,,)"},"geometry":{"type":"LineString","coordinates":[[-3.693,37.26],[-3.7199,37.2997]]}},{"type":"Feature","properties":{"average_dip":"(70.0,60,80)","average_rake":"(-135,-150,-120)","catalog_id":"EUR_ESCS641","catalog_name":"SHARE","lower_seis_depth":"(10.0,,)","net_slip_rate":"(0.5,0.25,0.75)","slip_type":"Dextral-Normal","upper_seis_depth":"(0.0,,)"},"geometry":{"type":"LineString","coordinates":[[-3.845,37.257],[-3.7574,37.27]]}},{"type":"Feature","properties":{"average_dip":"(47.5,30,65)","average_rake":"(-90,-105,-75)","catalog_id":"EUR_ESCS643","catalog_name":"SHARE","lower_seis_depth":"(6.0,,)","net_slip_rate":"(0.1,0.05,0.15)","slip_type":"Normal","upper_seis_depth":"(0.0,,)"},"geometry":{"type":"LineString","coordinates":[[-3.963,37.25],[-3.8658,37.2659]]}},{"type":"Feature","properties":{"average_dip":"(60.0,40,80)","average_rake":"(-90,-105,-75)","catalog_id":"EUR_ESCS646","catalog_name":"SHARE","lower_seis_depth":"(10.0,,)","net_slip_rate":"(0.4,0.2,0.6)","slip_type":"Normal","upper_seis_depth":"(0.0,,)"},"geometry":{"type":"LineString","coordinates":[[-3.757,37.265],[-3.6883,37.2005]]}},{"type":"Feature","properties":{"average_dip":"(55.0,40,70)","average_rake":"(-90,-105,-75)","catalog_id":"EUR_ESCS648","catalog_name":"SHARE","lower_seis_depth":"(5.0,,)","net_slip_rate":"(0.1,0.05,0.15)","slip_type":"Normal","upper_seis_depth":"(0.0,,)"},"geometry":{"type":"LineString","coordinates":[[-3.784,37.263],[-3.7513,37.2167]]}},{"type":"Feature","properties":{"average_dip":"(60.0,50,70)","average_rake":"(-90,-105,-75)","catalog_id":"EUR_ESCS650","catalog_name":"SHARE","lower_seis_depth":"(6.0,,)","net_slip_rate":"(0.1,0.04,0.12)","slip_type":"Normal","upper_seis_depth":"(0.0,,)"},"geometry":{"type":"LineString","coordinates":[[-3.871,37.258],[-3.8298,37.2042]]}},{"type":"Feature","properties":{"average_dip":"(60.0,50,70)","average_rake":"(-90,-105,-75)","catalog_id":"EUR_ESCS653","catalog_name":"SHARE","lower_seis_depth":"(10.0,,)","net_slip_rate":"(0.4,0.18,0.53)","slip_type":"Normal","upper_seis_depth":"(0.0,,)"},"geometry":{"type":"LineString","coordinates":[[-3.632,37.255],[-3.5432,37.177]]}},{"type":"Feature","properties":{"average_dip":"(60.0,45,75)","average_rake":"(-90,-105,-75)","catalog_id":"EUR_ESCS656","catalog_name":"SHARE","lower_seis_depth":"(10.0,,)","net_slip_rate":"(0.2,0.1,0.3)","slip_type":"Normal","upper_seis_depth":"(0.0,,)"},"geometry":{"type":"LineString","coordinates":[[-3.647,37.107],[-3.7297,37.2037]]}},{"type":"Feature","properties":{"average_dip":"(60.0,45,75)","average_rake":"(-90,-105,-75)","catalog_id":"EUR_ESCS658","catalog_name":"SHARE","lower_seis_depth":"(10.0,,)","net_slip_rate":"(0.4,0.19,0.57)","slip_type":"Normal","upper_seis_depth":"(1.0,,)"},"geometry":{"type":"LineString","coordinates":[[-3.597,37.188],[-3.5015,37.0573]]}},{"type":"Feature","properties":{"average_dip":"(72.0,57,87)","average_rake":"(-45,-60,-30)","catalog_id":"EUR_ESCS662","catalog_name":"SHARE","lower_seis_depth":"(9.0,,)","net_slip_rate":"(0.2,0.1,0.3)","slip_type":"Sinistral-Normal","upper_seis_depth":"(0.0,,)"},"geometry":{"type":"LineString","coordinates":[[-3.442,37.172],[-3.5092,37.131],[-3.531,37.099]]}},{"type":"Feature","properties":{"average_dip":"(60.0,50,70)","average_rake":"(-90,-105,-75)","catalog_id":"EUR_ESCS664","catalog_name":"SHARE","lower_seis_depth":"(7.0,,)","net_slip_rate":"(0.3,0.17,0.5)","slip_type":"Normal","upper_seis_depth":"(0.0,,)"},"geometry":{"type":"LineString","coordinates":[[-3.592,37.104],[-3.5316,37.047]]}},{"type":"Feature","properties":{"average_dip":"(57.5,40,75)","average_rake":"(-90,-105,-75)","catalog_id":"EUR_ESCS666","catalog_name":"SHARE","lower_seis_depth":"(8.0,,)","net_slip_rate":"(0.4,0.18,0.53)","slip_type":"Normal","upper_seis_depth":"(0.0,,)"},"geometry":{"type":"LineString","coordinates":[[-3.696,37.097],[-3.5722,37.0025],[-3.5255,36.9742]]}},{"type":"Feature","properties":{"average_dip":"(60.0,45,75)","average_rake":"(-90,-105,-75)","catalog_id":"EUR_ESCS671","catalog_name":"SHARE","lower_seis_depth":"(10.0,,)","net_slip_rate":"None","slip_type":"Normal","upper_seis_depth":"(0.0,,)"},"geometry":{"type":"LineString","coordinates":[[-3.665,37.04],[-3.8492,37.0336]]}},{"type":"Feature","properties":{"average_dip":"(60.0,45,75)","average_rake":"(-90,-105,-75)","catalog_id":"EUR_ESCS672","catalog_name":"SHARE","lower_seis_depth":"(5.5,,)","net_slip_rate":"(0.1,0.04,0.12)","slip_type":"Normal","upper_seis_depth":"(0.0,,)"},"geometry":{"type":"LineString","coordinates":[[-3.912,36.93],[-3.9577,36.9761]]}},{"type":"Feature","properties":{"average_dip":"(70.0,60,80)","average_rake":"(-135,-150,-120)","catalog_id":"EUR_ESCS673","catalog_name":"SHARE","lower_seis_depth":"(10.0,,)","net_slip_rate":"(0.1,0.06,0.19)","slip_type":"Dextral-Normal","upper_seis_depth":"(0.0,,)"},"geometry":{"type":"LineString","coordinates":[[-3.956,36.924],[-4.2103,36.965]]}},{"type":"Feature","properties":{"average_dip":"(60.0,45,75)","average_rake":"(-45,-60,-30)","catalog_id":"EUR_ESCS674","catalog_name":"SHARE","lower_seis_depth":"(5.0,,)","net_slip_rate":"(0.1,0.04,0.12)","slip_type":"Sinistral-Normal","upper_seis_depth":"(0.0,,)"},"geometry":{"type":"LineString","coordinates":[[-3.508,36.96],[-3.5282,36.917]]}},{"type":"Feature","properties":{"average_dip":"(50.0,40,60)","average_rake":"(-90,-105,-75)","catalog_id":"EUR_ESCS675","catalog_name":"SHARE","lower_seis_depth":"(7.0,,)","net_slip_rate":"(0.1,0.07,0.21)","slip_type":"Normal","upper_seis_depth":"(0.0,,)"},"geometry":{"type":"LineString","coordinates":[[-3.561,36.916],[-3.67,36.9277]]}},{"type":"Feature","properties":{"average_dip":"(70.0,55,85)","average_rake":"(-90,-105,-75)","catalog_id":"EUR_ESCS677","catalog_name":"SHARE","lower_seis_depth":"(5.0,,)","net_slip_rate":"(0.1,0.04,0.12)","slip_type":"Normal","upper_seis_depth":"(0.0,,)"},"geometry":{"type":"LineString","coordinates":[[-3.513,36.885],[-3.546,36.9269]]}},{"type":"Feature","properties":{"average_dip":"(70.0,60,80)","average_rake":"(-135,-150,-120)","catalog_id":"EUR_ESCS678","catalog_name":"SHARE","lower_seis_depth":"(10.0,,)","net_slip_rate":"(0.3,0.15,0.45)","slip_type":"Dextral-Normal","upper_seis_depth":"(0.0,,)"},"geometry":{"type":"LineString","coordinates":[[-3.495,36.919],[-3.421,36.9213]]}},{"type":"Feature","properties":{"average_dip":"(70.0,60,80)","average_rake":"(-135,-150,-120)","catalog_id":"EUR_ESCS680","catalog_name":"SHARE","lower_seis_depth":"(10.0,,)","net_slip_rate":"(0.2,0.08,0.23)","slip_type":"Dextral-Normal","upper_seis_depth":"(0.0,,)"},"geometry":{"type":"LineString","coordinates":[[-3.519,36.894],[-3.4202,36.8944]]}},{"type":"Feature","properties":{"average_dip":"(50.0,40,60)","average_rake":"(-45,-60,-30)","catalog_id":"EUR_ESCS682","catalog_name":"SHARE","lower_seis_depth":"(10.0,,)","net_slip_rate":"(0.2,0.08,0.24)","slip_type":"Sinistral-Normal","upper_seis_depth":"(0.0,,)"},"geometry":{"type":"LineString","coordinates":[[-2.487,37.798],[-2.6986,37.648]]}},{"type":"Feature","properties":{"average_dip":"(82.5,75,90)","average_rake":"(0,165,-165)","catalog_id":"EUR_ESCS684","catalog_name":"SHARE","lower_seis_depth":"(10.0,,)","net_slip_rate":"None","slip_type":"Sinistral","upper_seis_depth":"(0.0,,)"},"geometry":{"type":"LineString","coordinates":[[-2.536,37.815],[-2.3043,37.7317]]}},{"type":"Feature","properties":{"average_dip":"(65.0,55,75)","average_rake":"(-90,-105,-75)","catalog_id":"EUR_ESCS686","catalog_name":"SHARE","lower_seis_depth":"(10.0,,)","net_slip_rate":"(0.3,0.17,0.5)","slip_type":"Normal","upper_seis_depth":"(0.0,,)"},"geometry":{"type":"LineString","coordinates":[[-2.683,37.352],[-2.8186,37.6685]]}},{"type":"Feature","properties":{"average_dip":"(65.0,50,80)","average_rake":"(-90,-105,-75)","catalog_id":"EUR_ESCS695","catalog_name":"SHARE","lower_seis_depth":"(10.0,,)","net_slip_rate":"(0.2,0.08,0.24)","slip_type":"Normal","upper_seis_depth":"(0.0,,)"},"geometry":{"type":"LineString","coordinates":[[-3.197,37.483],[-3.0554,37.3028]]}},{"type":"Feature","properties":{"average_dip":"(60.0,50,70)","average_rake":"(-90,-105,-75)","catalog_id":"EUR_ESCS705","catalog_name":"SHARE","lower_seis_depth":"(5.0,,)","net_slip_rate":"(0.4,0.22,0.65)","slip_type":"Normal","upper_seis_depth":"(0.0,,)"},"geometry":{"type":"LineString","coordinates":[[-2.945,37.005],[-2.872,37.0]]}},{"type":"Feature","properties":{"average_dip":"(60.0,50,70)","average_rake":"(-90,-105,-75)","catalog_id":"EUR_ESCS707","catalog_name":"SHARE","lower_seis_depth":"(10.5,,)","net_slip_rate":"(0.1,0.0001,0.1)","slip_type":"Normal","upper_seis_depth":"(0.0,,)"},"geometry":{"type":"LineString","coordinates":[[-3.8251,37.3184],[-3.6979,37.3806]]}},{"type":"Feature","properties":{"average_dip":"(60.0,50,70)","average_rake":"(-125,-140,-110)","catalog_id":"EUR_ESCS712","catalog_name":"SHARE","lower_seis_depth":"(8.0,,)","net_slip_rate":"(0.2,0.0001,0.35)","slip_type":"Dextral-Normal","upper_seis_depth":"(0.0,,)"},"geometry":{"type":"LineString","coordinates":[[-3.7478,37.1089],[-3.646,37.0892]]}},{"type":"Feature","properties":{"average_dip":"(70.0,60,80)","average_rake":"(-90,-105,-75)","catalog_id":"EUR_ESCS719","catalog_name":"SHARE","lower_seis_depth":"(8.0,,)","net_slip_rate":"None","slip_type":"Normal","upper_seis_depth":"(0.0,,)"},"geometry":{"type":"LineString","coordinates":[[-4.519,36.619],[-4.516,36.673]]}},{"type":"Feature","properties":{"average_dip":"(70.0,60,80)","average_rake":"(-90,-105,-75)","catalog_id":"EUR_ESCS720","catalog_name":"SHARE","lower_seis_depth":"(11.0,,)","net_slip_rate":"None","slip_type":"Normal","upper_seis_depth":"(0.0,,)"},"geometry":{"type":"LineString","coordinates":[[-4.864,36.732],[-4.8282,36.8268]]}},{"type":"Feature","properties":{"average_dip":"(70.0,60,80)","average_rake":"(-90,-105,-75)","catalog_id":"EUR_ESCS721","catalog_name":"SHARE","lower_seis_depth":"(11.0,,)","net_slip_rate":"None","slip_type":"Normal","upper_seis_depth":"(0.0,,)"},"geometry":{"type":"LineString","coordinates":[[-4.826,36.726],[-4.7651,36.8224]]}},{"type":"Feature","properties":{"average_dip":"(70.0,60,80)","average_rake":"(-90,-105,-75)","catalog_id":"EUR_ESCS722","catalog_name":"SHARE","lower_seis_depth":"(11.0,,)","net_slip_rate":"None","slip_type":"Normal","upper_seis_depth":"(0.0,,)"},"geometry":{"type":"LineString","coordinates":[[-4.486,36.8],[-4.5375,36.741]]}},{"type":"Feature","properties":{"average_dip":"(65.0,55,75)","average_rake":"(90,75,105)","catalog_id":"EUR_ESCS724","catalog_name":"SHARE","lower_seis_depth":"(13.0,,)","net_slip_rate":"(0.1,0.04,0.12)","slip_type":"Reverse","upper_seis_depth":"(2.5,,)"},"geometry":{"type":"LineString","coordinates":[[-4.706,36.624],[-4.4974,36.6566]]}},{"type":"Feature","properties":{"average_dip":"(45.0,35,55)","average_rake":"(90,75,105)","catalog_id":"EUR_ESCS727","catalog_name":"SHARE","lower_seis_depth":"(13.0,,)","net_slip_rate":"(0.1,0.01,0.1)","slip_type":"Reverse","upper_seis_depth":"(2.5,,)"},"geometry":{"type":"LineString","coordinates":[[-4.66,36.726],[-4.415,36.7465]]}},{"type":"Feature","properties":{"average_dip":"(37.5,20,55)","average_rake":"(90,75,105)","catalog_id":"EUR_ESCS729","catalog_name":"SHARE","lower_seis_depth":"(8.0,,)","net_slip_rate":"None","slip_type":"Reverse","upper_seis_depth":"(0.5,,)"},"geometry":{"type":"LineString","coordinates":[[-4.743,36.686],[-4.679747,36.705787],[-4.648314,36.694352],[-4.5973,36.7103]]}},{"type":"Feature","properties":{"average_dip":"(70.0,60,80)","average_rake":"(-90,-105,-75)","catalog_id":"EUR_ESCS736","catalog_name":"SHARE","lower_seis_depth":"(15.5,,)","net_slip_rate":"None","slip_type":"Normal","upper_seis_depth":"(5.0,,)"},"geometry":{"type":"LineString","coordinates":[[-3.156,37.363],[-3.0808,37.2863]]}},{"type":"Feature","properties":{"average_dip":"(70.0,60,80)","average_rake":"(-90,-105,-75)","catalog_id":"EUR_ESCS738","catalog_name":"SHARE","lower_seis_depth":"(12.0,,)","net_slip_rate":"None","slip_type":"Normal","upper_seis_depth":"(5.0,,)"},"geometry":{"type":"LineString","coordinates":[[-3.004,37.593],[-3.004,37.5227]]}},{"type":"Feature","properties":{"average_dip":"(50.0,40,60)","average_rake":"(-50,-65,-35)","catalog_id":"EUR_ESCS801","catalog_name":"SHARE","lower_seis_depth":"(10.5,,)","net_slip_rate":"(0.1,0.0001,0.1)","slip_type":"Sinistral-Normal","upper_seis_depth":"(0.0,,)"},"geometry":{"type":"LineString","coordinates":[[-4.0,37.272],[-3.839,37.347]]}},{"type":"Feature","properties":{"average_dip":"(75.0,70,80)","average_rake":"(-90,-105,-75)","catalog_id":"EUR_ESCS802","catalog_name":"SHARE","lower_seis_depth":"(16.5,,)","net_slip_rate":"(0.4,0.18,0.53)","slip_type":"Normal","upper_seis_depth":"(0.0,,)"},"geometry":{"type":"LineString","coordinates":[[2.927,39.678],[3.068,39.744]]}},{"type":"Feature","properties":{"average_dip":"(70.0,60,80)","average_rake":"(135,120,150)","catalog_id":"EUR_ESCS804","catalog_name":"SHARE","lower_seis_depth":"(9.0,,)","net_slip_rate":"(0.1,0.0001,0.1)","slip_type":"Dextral-Reverse","upper_seis_depth":"(0.0,,)"},"geometry":{"type":"LineString","coordinates":[[-5.818,36.088],[-5.762,36.154]]}},{"type":"Feature","properties":{"average_dip":"(65.0,60,70)","average_rake":"(-90,-110,-70)","catalog_id":"EUR_FRCS001","catalog_name":"SHARE","lower_seis_depth":"(20.0,,)","net_slip_rate":"(0.6,0.1,1.0)","slip_type":"Normal","upper_seis_depth":"(5.0,,)"},"geometry":{"type":"LineString","coordinates":[[6.889947,44.432018],[6.843417,44.471021],[6.796888,44.510023],[6.750358,44.549026],[6.703829,44.588029],[6.657299,44.627032],[6.61077,44.666034],[6.56424,44.705037],[6.558036,44.757121],[6.551833,44.809205],[6.545629,44.861288],[6.539426,44.913372],[6.533222,44.965456]]}},{"type":"Feature","properties":{"average_dip":"(60.0,50,70)","average_rake":"(-90,-100,-80)","catalog_id":"EUR_FRCS002","catalog_name":"SHARE","lower_seis_depth":"(15.0,,)","net_slip_rate":"(0.1,0.01,0.1)","slip_type":"Normal","upper_seis_depth":"(1.0,,)"},"geometry":{"type":"LineString","coordinates":[[2.634942,42.465524],[2.67287,42.46959],[2.710797,42.473655],[2.734689,42.478651],[2.776412,42.479427],[2.805504,42.486435],[2.828263,42.502902],[2.849223,42.517699],[2.899857,42.520303],[2.948944,42.520217],[2.997053,42.529108],[3.044766,42.532767],[3.092479,42.536425]]}},{"type":"Feature","properties":{"average_dip":"(60.0,50,70)","average_rake":"(30,10,50)","catalog_id":"EUR_FRCS004","catalog_name":"SHARE","lower_seis_depth":"(6.0,,)","net_slip_rate":"(0.1,0.01,0.1)","slip_type":"Sinistral-Reverse","upper_seis_depth":"(1.0,,)"},"geometry":{"type":"LineString","coordinates":[[6.002711,44.072945],[5.973224,44.047859],[5.943736,44.022773],[5.91909,43.981402],[5.90654,43.946772],[5.89399,43.912142],[5.850625,43.858002],[5.80726,43.803862],[5.778167,43.767322],[5.715845,43.725094],[5.653523,43.682865],[5.613668,43.66671],[5.592075,43.659287],[5.537623,43.614598],[5.506619,43.583793],[5.471061,43.556588],[5.454067,43.531458]]}},{"type":"Feature","properties":{"average_dip":"(60.0,50,70)","average_rake":"(120,100,140)","catalog_id":"EUR_FRCS005","catalog_name":"SHARE","lower_seis_depth":"(7.0,,)","net_slip_rate":"(0.2,0.03,0.3)","slip_type":"Dextral-Reverse","upper_seis_depth":"(1.0,,)"},"geometry":{"type":"LineString","coordinates":[[5.474936,43.599928],[5.459792,43.600118],[5.443333,43.60028],[5.424043,43.601341],[5.40481,43.605269],[5.38636,43.610166],[5.373179,43.614926],[5.356688,43.615792],[5.351451,43.617006],[5.328918,43.627427],[5.314284,43.631194],[5.298612,43.636514],[5.278847,43.64475]]}},{"type":"Feature","properties":{"average_dip":"(60.0,50,70)","average_rake":"(90,80,100)","catalog_id":"EUR_FRCS006","catalog_name":"SHARE","lower_seis_depth":"(7.0,,)","net_slip_rate":"None","slip_type":"Reverse","upper_seis_depth":"(1.0,,)"},"geometry":{"type":"LineString","coordinates":[[5.043414,43.531892],[5.064149,43.528159],[5.081933,43.529441],[5.103365,43.535656],[5.14251,43.548925],[5.159572,43.552342],[5.210694,43.556376],[5.244808,43.559675],[5.272088,43.561069],[5.30813,43.556652],[5.344172,43.552235]]}},{"type":"Feature","properties":{"average_dip":"(60.0,50,70)","average_rake":"(-70,-80,-60)","catalog_id":"EUR_FRCS007","catalog_name":"SHARE","lower_seis_depth":"(15.0,,)","net_slip_rate":"(0.1,0.01,0.1)","slip_type":"Normal","upper_seis_depth":"(1.0,,)"},"geometry":{"type":"LineString","coordinates":[[1.637902,42.328145],[1.704114,42.326732],[1.770325,42.325318],[1.812759,42.329497],[1.858062,42.348121],[1.910615,42.380625],[1.932165,42.39423],[2.005714,42.417468],[2.041854,42.443473],[2.093612,42.46377],[2.14537,42.484066],[2.231683,42.510705],[2.274172,42.531646],[2.325014,42.555631],[2.379921,42.582703],[2.431718,42.596879],[2.481835,42.614127],[2.546878,42.641592],[2.595276,42.657754]]}},{"type":"Feature","properties":{"average_dip":"(67.5,50,85)","average_rake":"(25,180,-130)","catalog_id":"EUR_FRCS009","catalog_name":"SHARE","lower_seis_depth":"(15.0,,)","net_slip_rate":"(0.6,0.1,1.0)","slip_type":"Sinistral-Reverse","upper_seis_depth":"(3.0,,)"},"geometry":{"type":"LineString","coordinates":[[6.748404,45.810829],[6.768209,45.833909],[6.788014,45.856988],[6.834697,45.886451],[6.878551,45.911986],[6.908259,45.941449],[6.92552,45.964234],[6.942781,45.987019],[6.97117,46.012644],[6.999559,46.03827],[7.030161,46.059793],[7.060763,46.081315],[7.087808,46.101796],[7.114853,46.122277],[7.147366,46.140234],[7.179879,46.158191]]}},{"type":"Feature","properties":{"average_dip":"(62.5,50,75)","average_rake":"(-90,-100,-80)","catalog_id":"EUR_GRCS001","catalog_name":"SHARE","lower_seis_depth":"(14.0,,)","net_slip_rate":"(0.2,0.05,0.4)","slip_type":"Normal","upper_seis_depth":"(0.0,,)"},"geometry":{"type":"LineString","coordinates":[[22.388805,39.699548],[22.364307,39.699946],[22.34258,39.7016],[22.307592,39.704519],[22.275679,39.706839],[22.254531,39.708283],[22.239912,39.711222],[22.228365,39.71476],[22.197976,39.718548],[22.161814,39.722907]]}},{"type":"Feature","properties":{"average_dip":"(65.0,55,75)","average_rake":"(-85,-100,-70)","catalog_id":"EUR_GRCS002","catalog_name":"SHARE","lower_seis_depth":"(12.5,,)","net_slip_rate":"(0.6,0.1,1.0)","slip_type":"Normal","upper_seis_depth":"(0.0,,)"},"geometry":{"type":"LineString","coordinates":[[22.108095,39.875906],[22.128178,39.882265],[22.146691,39.888858],[22.166184,39.893842],[22.185951,39.896714],[22.20413,39.896142],[22.219144,39.891605],[22.23479,39.884421],[22.247302,39.879635],[22.259602,39.871213],[22.267027,39.864995],[22.27142,39.858265],[22.286087,39.84196],[22.306849,39.83134],[22.327976,39.825113],[22.371012,39.813757],[22.400804,39.803361],[22.414001,39.795137],[22.423115,39.786182],[22.430344,39.776257],[22.435686,39.768753],[22.443224,39.761491],[22.452015,39.753987],[22.461117,39.749389],[22.477433,39.744549],[22.500335,39.739223],[22.518215,39.736073],[22.549309,39.73009],[22.572539,39.723554]]}},{"type":"Feature","properties":{"average_dip":"(55.0,40,70)","average_rake":"(-90,-100,-80)","catalog_id":"EUR_GRCS004","catalog_name":"SHARE","lower_seis_depth":"(13.0,,)","net_slip_rate":"(0.3,0.1,0.5)","slip_type":"Normal","upper_seis_depth":"(0.0,,)"},"geometry":{"type":"LineString","coordinates":[[22.671313,39.630571],[22.646737,39.630957],[22.619365,39.631387],[22.601319,39.633816],[22.580096,39.635559],[22.554404,39.636437],[22.534297,39.636733],[22.515306,39.634721],[22.491103,39.630403],[22.472488,39.627233],[22.460574,39.626366],[22.448287,39.62665],[22.432638,39.628873],[22.402894,39.633033],[22.37315,39.637192],[22.341809,39.642965],[22.310468,39.648737],[22.27253,39.656174],[22.234591,39.663611],[22.213267,39.667438]]}},{"type":"Feature","properties":{"average_dip":"(55.0,40,70)","average_rake":"(-109,-128,-90)","catalog_id":"EUR_GRCS010","catalog_name":"SHARE","lower_seis_depth":"(12.5,,)","net_slip_rate":"(1.8,0.5,3.0)","slip_type":"Normal","upper_seis_depth":"(0.0,,)"},"geometry":{"type":"LineString","coordinates":[[23.199451,39.306031],[23.178651,39.309038],[23.158548,39.308112],[23.135445,39.303355],[23.08949,39.297729],[23.044789,39.294855],[23.000087,39.29198],[22.966148,39.290792],[22.932208,39.289604],[22.907822,39.290724],[22.891572,39.290484],[22.864349,39.287632],[22.814546,39.282057],[22.784566,39.279052],[22.754586,39.276046],[22.69916,39.270437],[22.668621,39.266528],[22.639947,39.26602]]}},{"type":"Feature","properties":{"average_dip":"(57.5,45,70)","average_rake":"(-90,-100,-80)","catalog_id":"EUR_GRCS015","catalog_name":"SHARE","lower_seis_depth":"(14.5,,)","net_slip_rate":"(0.8,0.6,0.9)","slip_type":"Normal","upper_seis_depth":"(0.0,,)"},"geometry":{"type":"LineString","coordinates":[[22.234037,39.411142],[22.286659,39.40094],[22.317126,39.391971],[22.350356,39.381281],[22.376783,39.371839],[22.407699,39.363205],[22.440751,39.357228],[22.475943,39.353576],[22.508619,39.35174],[22.537937,39.353882],[22.575555,39.356012],[22.607331,39.354792],[22.639106,39.353572],[22.672213,39.351336],[22.706165,39.349081],[22.740118,39.346826],[22.77152,39.344559],[22.806177,39.342335]]}},{"type":"Feature","properties":{"average_dip":"(50.0,40,60)","average_rake":"(-85,-90,-80)","catalog_id":"EUR_GRCS020","catalog_name":"SHARE","lower_seis_depth":"(17.5,,)","net_slip_rate":"(0.4,0.3,0.6)","slip_type":"Normal","upper_seis_depth":"(0.0,,)"},"geometry":{"type":"LineString","coordinates":[[22.420808,39.142505],[22.370518,39.144906],[22.320227,39.147308],[22.269937,39.149709],[22.234123,39.150047],[22.206574,39.153281],[22.180634,39.162318],[22.132074,39.176575],[22.101882,39.182777],[22.080149,39.188429],[22.048455,39.198048],[22.022656,39.205105],[22.000544,39.210454],[21.972247,39.220601],[21.946433,39.231695],[21.91932,39.244403],[21.892208,39.25711]]}},{"type":"Feature","properties":{"average_dip":"(57.5,40,75)","average_rake":"(-90,-100,-80)","catalog_id":"EUR_GRCS025","catalog_name":"SHARE","lower_seis_depth":"(13.5,,)","net_slip_rate":"(0.4,0.3,0.6)","slip_type":"Normal","upper_seis_depth":"(0.0,,)"},"geometry":{"type":"LineString","coordinates":[[21.962698,39.416645],[21.944091,39.416046],[21.888951,39.412687],[21.857068,39.41046],[21.81384,39.413316],[21.779934,39.41415],[21.744661,39.418576],[21.696759,39.422393],[21.642895,39.424086]]}},{"type":"Feature","properties":{"average_dip":"(55.0,40,70)","average_rake":"(-90,-100,-80)","catalog_id":"EUR_GRCS040","catalog_name":"SHARE","lower_seis_depth":"(14.0,,)","net_slip_rate":"(0.7,0.4,0.9)","slip_type":"Normal","upper_seis_depth":"(0.0,,)"},"geometry":{"type":"LineString","coordinates":[[22.85639,39.83079],[22.822135,39.842403],[22.791181,39.851867],[22.764088,39.859607],[22.733669,39.867775],[22.703795,39.87508],[22.673362,39.882806],[22.646244,39.89052],[22.62244,39.895666],[22.599185,39.899526],[22.570082,39.905192],[22.5452,39.912961],[22.524881,39.922024],[22.494608,39.926232],[22.473459,39.927527],[22.446089,39.934001],[22.429502,39.943064]]}},{"type":"Feature","properties":{"average_dip":"(50.0,30,70)","average_rake":"(-90,-100,-80)","catalog_id":"EUR_GRCS048","catalog_name":"SHARE","lower_seis_depth":"(15.0,,)","net_slip_rate":"(0.4,0.3,0.6)","slip_type":"Normal","upper_seis_depth":"(0.0,,)"},"geometry":{"type":"LineString","coordinates":[[21.861262,39.985211],[21.845801,39.992979],[21.832814,39.996862],[21.820445,39.997833],[21.801274,39.99492],[21.778392,39.990066],[21.74376,39.970163],[21.712839,39.959968],[21.689957,39.958027]]}},{"type":"Feature","properties":{"average_dip":"(60.0,40,80)","average_rake":"(-95,-110,-80)","catalog_id":"EUR_GRCS050","catalog_name":"SHARE","lower_seis_depth":"(17.0,,)","net_slip_rate":"(1.1,0.3,2.0)","slip_type":"Normal","upper_seis_depth":"(0.0,,)"},"geometry":{"type":"LineString","coordinates":[[21.512826,39.97953],[21.559934,39.992738],[21.617248,40.009033],[21.676352,40.027533],[21.736014,40.04705],[21.785987,40.065678],[21.813007,40.078471],[21.850669,40.098265],[21.885032,40.121191],[21.917802,40.140307],[21.933399,40.146067],[21.953116,40.151844],[21.979393,40.162068],[22.009722,40.183044],[22.050717,40.214161],[22.079854,40.236374],[22.10899,40.258587],[22.122453,40.277376],[22.140641,40.303788],[22.154281,40.3302],[22.172469,40.359467],[22.196113,40.386593],[22.21521,40.416574],[22.233398,40.450124],[22.264317,40.488671]]}},{"type":"Feature","properties":{"average_dip":"(60.0,40,80)","average_rake":"(-90,-100,-80)","catalog_id":"EUR_GRCS058","catalog_name":"SHARE","lower_seis_depth":"(15.0,,)","net_slip_rate":"(0.3,0.1,0.5)","slip_type":"Normal","upper_seis_depth":"(0.0,,)"},"geometry":{"type":"LineString","coordinates":[[22.546914,40.507539],[22.506551,40.500538],[22.466188,40.493536],[22.426822,40.488868],[22.387455,40.484201],[22.335631,40.482645],[22.283807,40.484979]]}},{"type":"Feature","properties":{"average_dip":"(72.5,60,85)","average_rake":"(-100,-130,-70)","catalog_id":"EUR_GRCS060","catalog_name":"SHARE","lower_seis_depth":"(12.0,,)","net_slip_rate":"(1.0,1.0,1.0)","slip_type":"Normal","upper_seis_depth":"(0.0,,)"},"geometry":{"type":"LineString","coordinates":[[21.906724,40.955337],[21.9316,40.968561],[21.955165,40.98082],[21.96234,40.986713],[21.967489,40.994104],[21.969293,40.999706],[21.973038,41.006414],[21.978747,41.012242],[21.989287,41.018069],[21.99807,41.022525],[22.006414,41.025268],[22.016954,41.027325],[22.031008,41.029381],[22.04335,41.035023],[22.070208,41.042056],[22.097875,41.049421],[22.120023,41.053407],[22.144766,41.056278],[22.155831,41.060504],[22.162442,41.069194],[22.165704,41.082908],[22.168624,41.091027],[22.174522,41.094679],[22.183374,41.099457],[22.195189,41.103402],[22.228872,41.114764],[22.251315,41.123309],[22.279136,41.133248],[22.303291,41.141818]]}},{"type":"Feature","properties":{"average_dip":"(57.5,45,70)","average_rake":"(-105,-115,-95)","catalog_id":"EUR_GRCS068","catalog_name":"SHARE","lower_seis_depth":"(16.0,,)","net_slip_rate":"(0.3,0.2,0.4)","slip_type":"Normal","upper_seis_depth":"(0.0,,)"},"geometry":{"type":"LineString","coordinates":[[22.141769,40.812197],[22.167822,40.824048],[22.193874,40.835899],[22.238354,40.854647],[22.274828,40.857425],[22.318418,40.850481],[22.362244,40.839998]]}},{"type":"Feature","properties":{"average_dip":"(60.0,50,70)","average_rake":"(-100,-115,-85)","catalog_id":"EUR_GRCS069","catalog_name":"SHARE","lower_seis_depth":"(15.0,,)","net_slip_rate":"(0.3,0.2,0.4)","slip_type":"Normal","upper_seis_depth":"(0.0,,)"},"geometry":{"type":"LineString","coordinates":[[22.537261,40.994044],[22.503413,40.985187],[22.469565,40.970131],[22.431204,40.949761],[22.387202,40.923192],[22.368021,40.908136]]}},{"type":"Feature","properties":{"average_dip":"(57.5,45,70)","average_rake":"(-100,-110,-90)","catalog_id":"EUR_GRCS070","catalog_name":"SHARE","lower_seis_depth":"(13.0,,)","net_slip_rate":"(0.2,0.1,0.3)","slip_type":"Normal","upper_seis_depth":"(0.0,,)"},"geometry":{"type":"LineString","coordinates":[[21.446921,40.611147],[21.472772,40.62412],[21.494931,40.635641],[21.527282,40.650781],[21.559609,40.668747],[21.59845,40.688168],[21.63639,40.706862],[21.655799,40.719042],[21.672388,40.734033],[21.694502,40.755435],[21.713825,40.777523],[21.730402,40.796048],[21.746122,40.808189],[21.762788,40.819625],[21.785973,40.832513]]}},{"type":"Feature","properties":{"average_dip":"(57.5,50,65)","average_rake":"(-100,-110,-90)","catalog_id":"EUR_GRCS072","catalog_name":"SHARE","lower_seis_depth":"(11.5,,)","net_slip_rate":"(0.2,0.1,0.3)","slip_type":"Normal","upper_seis_depth":"(0.0,,)"},"geometry":{"type":"LineString","coordinates":[[21.807352,40.832803],[21.790054,40.808575],[21.772594,40.777406],[21.762005,40.756711],[21.757398,40.744976],[21.751012,40.729959],[21.745596,40.720117],[21.738784,40.709659],[21.724972,40.695402],[21.697308,40.671842],[21.673414,40.657023],[21.651427,40.644656]]}},{"type":"Feature","properties":{"average_dip":"(62.5,45,80)","average_rake":"(-100,-110,-90)","catalog_id":"EUR_GRCS077","catalog_name":"SHARE","lower_seis_depth":"(14.0,,)","net_slip_rate":"(0.2,0.1,0.3)","slip_type":"Normal","upper_seis_depth":"(0.0,,)"},"geometry":{"type":"LineString","coordinates":[[21.66026,40.449113],[21.695739,40.477384],[21.731958,40.505655],[21.750436,40.521809],[21.760785,40.53681],[21.770711,40.552767],[21.777428,40.563253],[21.79109,40.574312],[21.814004,40.600275],[21.839135,40.632008],[21.862049,40.66374],[21.885702,40.693742],[21.899006,40.70932]]}},{"type":"Feature","properties":{"average_dip":"(60.0,40,80)","average_rake":"(-90,-100,-80)","catalog_id":"EUR_GRCS080","catalog_name":"SHARE","lower_seis_depth":"(14.0,,)","net_slip_rate":"(0.2,0.1,0.3)","slip_type":"Normal","upper_seis_depth":"(0.0,,)"},"geometry":{"type":"LineString","coordinates":[[21.662445,40.871628],[21.641073,40.867848],[21.616578,40.861764],[21.590691,40.850088],[21.563691,40.83473],[21.533808,40.825562],[21.512139,40.821756],[21.493178,40.816682],[21.464468,40.802216]]}},{"type":"Feature","properties":{"average_dip":"(57.5,40,75)","average_rake":"(-75,-90,-60)","catalog_id":"EUR_GRCS090","catalog_name":"SHARE","lower_seis_depth":"(14.0,,)","net_slip_rate":"(0.2,0.1,0.4)","slip_type":"Normal","upper_seis_depth":"(0.0,,)"},"geometry":{"type":"LineString","coordinates":[[21.210823,40.522085],[21.20238,40.522085],[21.192963,40.523606],[21.179325,40.528168],[21.16796,40.529435],[21.15562,40.530196],[21.138085,40.527408],[21.118926,40.524366],[21.091974,40.521831],[21.07314,40.519043],[21.060475,40.517522]]}},{"type":"Feature","properties":{"average_dip":"(55.0,30,80)","average_rake":"(-77,-110,-45)","catalog_id":"EUR_GRCS100","catalog_name":"SHARE","lower_seis_depth":"(17.0,,)","net_slip_rate":"(0.4,0.4,0.4)","slip_type":"Normal","upper_seis_depth":"(0.0,,)"},"geometry":{"type":"LineString","coordinates":[[22.905435,40.76726],[22.926292,40.760024],[22.949597,40.75184],[22.96268,40.747534],[22.977927,40.740309],[22.984293,40.732599],[22.98971,40.726138],[23.001785,40.715288],[23.013841,40.702462],[23.034608,40.687106],[23.048458,40.678216],[23.066936,40.668577],[23.085972,40.661009],[23.113191,40.653814],[23.131697,40.649046],[23.146524,40.644814],[23.157277,40.642576],[23.166783,40.638266],[23.175328,40.633442],[23.192587,40.627529],[23.207154,40.625369],[23.220635,40.623836],[23.24192,40.625476],[23.267314,40.628853],[23.284137,40.633629],[23.305527,40.644295],[23.321429,40.648895],[23.34741,40.651493],[23.371402,40.650495],[23.395066,40.645132],[23.425468,40.633897],[23.443623,40.625034],[23.458824,40.61993],[23.4727,40.617744],[23.492601,40.617585],[23.523184,40.620868],[23.552634,40.621035],[23.579834,40.616645],[23.596675,40.612549],[23.616234,40.60801],[23.634895,40.603112]]}},{"type":"Feature","properties":{"average_dip":"(75.0,65,85)","average_rake":"(-80,-90,-70)","catalog_id":"EUR_GRCS110","catalog_name":"SHARE","lower_seis_depth":"(17.0,,)","net_slip_rate":"(0.7,0.3,1.1)","slip_type":"Normal","upper_seis_depth":"(0.0,,)"},"geometry":{"type":"LineString","coordinates":[[23.633392,40.586665],[23.669676,40.56477],[23.693384,40.552874],[23.709506,40.545059],[23.719953,40.540945],[23.737559,40.536394],[23.756692,40.533023],[23.777108,40.530385],[23.799084,40.526852],[23.819878,40.523328],[23.853397,40.520225],[23.888997,40.520189],[23.924596,40.520152],[23.957325,40.519947],[23.990054,40.519742],[24.048185,40.520497]]}},{"type":"Feature","properties":{"average_dip":"(72.5,60,85)","average_rake":"(-90,-100,-80)","catalog_id":"EUR_GRCS120","catalog_name":"SHARE","lower_seis_depth":"(15.0,,)","net_slip_rate":"(0.5,0.1,0.8)","slip_type":"Normal","upper_seis_depth":"(0.0,,)"},"geometry":{"type":"LineString","coordinates":[[23.053692,40.806669],[23.073293,40.807689],[23.10044,40.808936],[23.128682,40.811962],[23.172669,40.813502],[23.204559,40.81374],[23.233089,40.815383],[23.265638,40.81693],[23.289924,40.818245],[23.316681,40.819803],[23.342021,40.820977],[23.358959,40.822992],[23.36789,40.824495],[23.377288,40.826662],[23.382623,40.826889],[23.388341,40.825422],[23.403008,40.813653],[23.410202,40.809848],[23.417434,40.807619],[23.427177,40.807077],[23.444126,40.809417],[23.467558,40.819033],[23.482369,40.823436],[23.501122,40.826403],[23.526467,40.827536]]}},{"type":"Feature","properties":{"average_dip":"(57.5,45,70)","average_rake":"(-95,-110,-80)","catalog_id":"EUR_GRCS130","catalog_name":"SHARE","lower_seis_depth":"(15.0,,)","net_slip_rate":"(0.3,0.2,0.4)","slip_type":"Normal","upper_seis_depth":"(0.0,,)"},"geometry":{"type":"LineString","coordinates":[[22.722052,41.249719],[22.742469,41.262847],[22.780583,41.283315],[22.813819,41.299261],[22.852987,41.309036],[22.889497,41.308927],[22.934514,41.306943],[22.975529,41.300072],[23.006202,41.291072],[23.037786,41.284516],[23.076671,41.278836],[23.109515,41.27868],[23.143567,41.277591],[23.181276,41.277391],[23.222634,41.277158],[23.249433,41.28067],[23.268897,41.280552],[23.299298,41.279443],[23.321512,41.278969],[23.350776,41.279422],[23.402454,41.282953]]}},{"type":"Feature","properties":{"average_dip":"(52.5,40,65)","average_rake":"(-87,-95,-80)","catalog_id":"EUR_GRCS140","catalog_name":"SHARE","lower_seis_depth":"(15.0,,)","net_slip_rate":"(0.3,0.2,0.4)","slip_type":"Normal","upper_seis_depth":"(0.0,,)"},"geometry":{"type":"LineString","coordinates":[[23.791896,41.215172],[23.815782,41.216568],[23.84041,41.219205],[23.862714,41.220703],[23.883273,41.220941],[23.905673,41.217905],[23.932081,41.211848],[23.976907,41.202001],[24.02619,41.198078],[24.072051,41.195396],[24.101655,41.192471],[24.121797,41.188645],[24.13958,41.181835],[24.162581,41.173845],[24.188082,41.168917],[24.220201,41.166038],[24.258964,41.166667],[24.300768,41.168531],[24.342421,41.167746],[24.35611,41.166694]]}},{"type":"Feature","properties":{"average_dip":"(65.0,50,80)","average_rake":"(-90,-100,-80)","catalog_id":"EUR_GRCS145","catalog_name":"SHARE","lower_seis_depth":"(16.0,,)","net_slip_rate":"(0.1,0.05,0.1)","slip_type":"Normal","upper_seis_depth":"(0.0,,)"},"geometry":{"type":"LineString","coordinates":[[23.809907,41.000948],[23.798677,41.013226],[23.789454,41.02267],[23.775417,41.03715],[23.754162,41.053284],[23.750152,41.059501],[23.748949,41.062413],[23.746944,41.07288],[23.740126,41.080436],[23.720543,41.090239],[23.699667,41.098944],[23.682892,41.104981],[23.671895,41.106245],[23.648969,41.106666],[23.628839,41.105824],[23.601999,41.103858],[23.583723,41.101359],[23.564722,41.099085],[23.546828,41.096277],[23.533408,41.094592],[23.521863,41.094436],[23.508558,41.096804]]}},{"type":"Feature","properties":{"average_dip":"(55.0,35,75)","average_rake":"(-115,-160,-70)","catalog_id":"EUR_GRCS150","catalog_name":"SHARE","lower_seis_depth":"(14.0,,)","net_slip_rate":"(0.3,0.2,0.5)","slip_type":"Dextral-Normal","upper_seis_depth":"(0.0,,)"},"geometry":{"type":"LineString","coordinates":[[25.826633,41.086023],[25.786962,41.091728],[25.743292,41.1],[25.689884,41.112959],[25.644498,41.125049],[25.603306,41.134447],[25.566469,41.142816],[25.512679,41.155323],[25.479725,41.163574],[25.454503,41.171359],[25.435676,41.175845],[25.42091,41.177989],[25.407814,41.177398],[25.391658,41.174632],[25.376025,41.170056],[25.349548,41.161686],[25.305744,41.150561],[25.28464,41.142506],[25.251065,41.134275],[25.234943,41.131937],[25.224281,41.13262],[25.216603,41.133686],[25.207721,41.134328],[25.197584,41.133202],[25.185599,41.130319],[25.168193,41.125307],[25.158567,41.121921],[25.144873,41.120867],[25.13001,41.120284],[25.112214,41.120659],[25.091676,41.123979],[25.074362,41.127232],[25.055369,41.131161],[25.039714,41.13518],[25.033268,41.137556],[25.017327,41.140125],[25.000681,41.139563],[24.9724,41.14184],[24.956765,41.144722],[24.945815,41.147831],[24.930547,41.149095],[24.916664,41.148406],[24.895239,41.147025],[24.872523,41.142523],[24.848474,41.133553],[24.815387,41.120258],[24.787028,41.10597],[24.762167,41.089367],[24.732261,41.064727],[24.697504,41.039627],[24.669696,41.018896],[24.642136,41.005872],[24.600179,40.988512],[24.563718,40.977452],[24.536421,40.966303],[24.479029,40.94717]]}},{"type":"Feature","properties":{"average_dip":"(55.0,40,70)","average_rake":"(-105,-120,-90)","catalog_id":"EUR_GRCS155","catalog_name":"SHARE","lower_seis_depth":"(15.0,,)","net_slip_rate":"(0.3,0.3,0.4)","slip_type":"Normal","upper_seis_depth":"(0.0,,)"},"geometry":{"type":"LineString","coordinates":[[24.03129,40.70947],[24.062512,40.714727],[24.093733,40.719983],[24.121282,40.728584],[24.14883,40.737185],[24.17393,40.753432],[24.199029,40.769679],[24.238905,40.789069],[24.27878,40.808458],[24.310609,40.822165],[24.342438,40.835872]]}},{"type":"Feature","properties":{"average_dip":"(60.0,45,75)","average_rake":"(-105,-130,-80)","catalog_id":"EUR_GRCS160","catalog_name":"SHARE","lower_seis_depth":"(14.0,,)","net_slip_rate":"(0.6,0.4,0.7)","slip_type":"Normal","upper_seis_depth":"(0.0,,)"},"geometry":{"type":"LineString","coordinates":[[25.499536,40.875203],[25.531755,40.86396],[25.557473,40.856292],[25.568007,40.856292],[25.582228,40.861225],[25.593815,40.864103],[25.605403,40.864925],[25.632694,40.862169],[25.664393,40.855469],[25.703369,40.847658],[25.732671,40.847154],[25.772571,40.849996],[25.795541,40.850947],[25.818977,40.851089],[25.848035,40.85087],[25.872755,40.851635],[25.898921,40.851299],[25.93882,40.849945],[25.977563,40.847237],[26.009367,40.847237],[26.043484,40.846334],[26.075288,40.845883],[26.129644,40.847688]]}},{"type":"Feature","properties":{"average_dip":"(62.5,45,80)","average_rake":"(-105,-120,-90)","catalog_id":"EUR_GRCS170","catalog_name":"SHARE","lower_seis_depth":"(14.0,,)","net_slip_rate":"(0.3,0.3,0.3)","slip_type":"Normal","upper_seis_depth":"(0.0,,)"},"geometry":{"type":"LineString","coordinates":[[26.574329,41.619393],[26.515996,41.610655],[26.481553,41.604809],[26.447109,41.598963],[26.40708,41.592752],[26.367051,41.586541],[26.328418,41.58033],[26.289786,41.574118],[26.238586,41.566811],[26.208797,41.559869],[26.165257,41.551238],[26.121717,41.542607]]}},{"type":"Feature","properties":{"average_dip":"(52.5,35,70)","average_rake":"(-90,-100,-80)","catalog_id":"EUR_GRCS240","catalog_name":"SHARE","lower_seis_depth":"(16.0,,)","net_slip_rate":"(0.2,0.1,0.4)","slip_type":"Normal","upper_seis_depth":"(0.0,,)"},"geometry":{"type":"LineString","coordinates":[[22.949235,40.597824],[22.965093,40.600288],[22.982948,40.601709],[23.002551,40.601709],[23.014412,40.600075],[23.047147,40.597141],[23.074972,40.592991],[23.107186,40.585979],[23.136154,40.57745],[23.181344,40.563549]]}},{"type":"Feature","properties":{"average_dip":"(57.5,35,80)","average_rake":"(-75,-90,-60)","catalog_id":"EUR_GRCS245","catalog_name":"SHARE","lower_seis_depth":"(16.0,,)","net_slip_rate":"(0.2,0.1,0.4)","slip_type":"Normal","upper_seis_depth":"(0.0,,)"},"geometry":{"type":"LineString","coordinates":[[22.866833,40.723967],[22.88534,40.708832],[22.909136,40.692666],[22.937672,40.67832],[22.965982,40.667556],[22.995506,40.652766],[23.018367,40.641554],[23.046623,40.630064],[23.078792,40.618713]]}},{"type":"Feature","properties":{"average_dip":"(58.5,30,87)","average_rake":"(-85,-100,-70)","catalog_id":"EUR_GRCS250","catalog_name":"SHARE","lower_seis_depth":"(20.0,,)","net_slip_rate":"(0.3,0.1,0.5)","slip_type":"Normal","upper_seis_depth":"(0.0,,)"},"geometry":{"type":"LineString","coordinates":[[22.760172,40.505748],[22.794553,40.505474],[22.819349,40.505943],[22.834443,40.507171],[22.849897,40.50608],[22.870203,40.498988],[22.891227,40.499261],[22.916025,40.501988],[22.932737,40.501852],[22.974375,40.498511],[23.021311,40.491035],[23.057783,40.482603],[23.088533,40.474031],[23.124224,40.469317],[23.147286,40.464602],[23.166087,40.460288],[23.182316,40.453978],[23.197391,40.448857],[23.219768,40.444029]]}},{"type":"Feature","properties":{"average_dip":"(72.5,60,85)","average_rake":"(-47,-60,-35)","catalog_id":"EUR_GRCS260","catalog_name":"SHARE","lower_seis_depth":"(16.0,,)","net_slip_rate":"(0.6,0.3,0.8)","slip_type":"Sinistral-Normal","upper_seis_depth":"(0.0,,)"},"geometry":{"type":"LineString","coordinates":[[23.962634,40.341147],[23.935503,40.348576],[23.890556,40.358627],[23.863726,40.36648],[23.842485,40.371716],[23.831306,40.376515],[23.813419,40.387423],[23.794414,40.397458],[23.769121,40.406362],[23.731633,40.421611],[23.699425,40.43686],[23.679361,40.4484],[23.649265,40.471479]]}},{"type":"Feature","properties":{"average_dip":"(65.0,50,80)","average_rake":"(-100,-120,-80)","catalog_id":"EUR_GRCS265","catalog_name":"SHARE","lower_seis_depth":"(15.5,,)","net_slip_rate":"(0.7,0.5,0.8)","slip_type":"Normal","upper_seis_depth":"(0.0,,)"},"geometry":{"type":"LineString","coordinates":[[23.6975,40.198386],[23.750058,40.189285],[23.79025,40.182005],[23.830441,40.174724],[23.887637,40.164714],[23.944832,40.154703],[23.984637,40.148029],[24.024442,40.141355]]}},{"type":"Feature","properties":{"average_dip":"(60.0,45,75)","average_rake":"(-60,-80,-40)","catalog_id":"EUR_GRCS270","catalog_name":"SHARE","lower_seis_depth":"(16.0,,)","net_slip_rate":"(0.6,0.6,0.7)","slip_type":"Sinistral-Normal","upper_seis_depth":"(0.0,,)"},"geometry":{"type":"LineString","coordinates":[[23.574098,40.388899],[23.600224,40.384612],[23.636579,40.378648],[23.660884,40.37466],[23.685759,40.369051],[23.735508,40.354381],[23.758725,40.346183],[23.785258,40.335828],[23.825058,40.326767],[23.864858,40.317706],[23.901341,40.309939],[23.940588,40.300878],[23.992429,40.292363],[24.032483,40.288648],[24.072537,40.284933],[24.132884,40.280953],[24.180818,40.281103],[24.217295,40.281395],[24.257441,40.285992]]}},{"type":"Feature","properties":{"average_dip":"(75.0,65,85)","average_rake":"(-132,-150,-115)","catalog_id":"EUR_GRCS280","catalog_name":"SHARE","lower_seis_depth":"(18.0,,)","net_slip_rate":"(1.4,1.0,1.7)","slip_type":"Dextral-Normal","upper_seis_depth":"(0.5,,)"},"geometry":{"type":"LineString","coordinates":[[24.837068,40.318789],[24.780535,40.284831],[24.724747,40.250834],[24.684715,40.23245],[24.646166,40.216681],[24.60499,40.20519],[24.552687,40.191218],[24.513675,40.181783],[24.462658,40.161132],[24.403717,40.129976],[24.323819,40.093794],[24.279285,40.077714],[24.255709,40.067663],[24.220344,40.049573],[24.175811,40.023442],[24.136516,40.001331],[24.090673,39.970175],[24.031732,39.932989],[23.97672,39.899823]]}},{"type":"Feature","properties":{"average_dip":"(65.0,50,80)","average_rake":"(-132,-150,-115)","catalog_id":"EUR_GRCS285","catalog_name":"SHARE","lower_seis_depth":"(15.0,,)","net_slip_rate":"(1.1,0.8,1.4)","slip_type":"Dextral-Normal","upper_seis_depth":"(0.0,,)"},"geometry":{"type":"LineString","coordinates":[[23.965636,39.900656],[23.91259,39.900656],[23.859543,39.900656],[23.821559,39.900142],[23.783575,39.899628],[23.733928,39.897657],[23.698171,39.898401],[23.647577,39.903479],[23.61093,39.911465],[23.574283,39.919451],[23.52825,39.932848],[23.482216,39.946245],[23.439064,39.958536]]}},{"type":"Feature","properties":{"average_dip":"(60.0,45,75)","average_rake":"(-105,-120,-90)","catalog_id":"EUR_GRCS288","catalog_name":"SHARE","lower_seis_depth":"(13.0,,)","net_slip_rate":"(0.6,0.1,1.0)","slip_type":"Normal","upper_seis_depth":"(0.0,,)"},"geometry":{"type":"LineString","coordinates":[[25.78977,40.44605],[25.754833,40.453726],[25.719895,40.461401],[25.667735,40.473573],[25.615575,40.485746],[25.572344,40.495336],[25.529112,40.504927],[25.494261,40.512209],[25.45941,40.51949]]}},{"type":"Feature","properties":{"average_dip":"(75.0,60,90)","average_rake":"(22,180,-135)","catalog_id":"EUR_GRCS290","catalog_name":"SHARE","lower_seis_depth":"(19.0,,)","net_slip_rate":"(2.6,2.0,3.2)","slip_type":"Sinistral","upper_seis_depth":"(0.0,,)"},"geometry":{"type":"LineString","coordinates":[[26.608157,40.578963],[26.551118,40.574022],[26.506012,40.568668],[26.454762,40.560078],[26.409486,40.551278],[26.349197,40.540655],[26.291971,40.526886],[26.241925,40.511777],[26.161391,40.483999],[26.078779,40.461778],[25.976645,40.4491],[25.885064,40.441799],[25.793483,40.432251],[25.716211,40.415403],[25.642517,40.395184],[25.576486,40.37452],[25.474729,40.345167],[25.388685,40.33019],[25.335652,40.33266],[25.273129,40.339636],[25.209357,40.356467],[25.159836,40.36741]]}},{"type":"Feature","properties":{"average_dip":"(60.0,45,75)","average_rake":"(-95,-110,-80)","catalog_id":"EUR_GRCS300","catalog_name":"SHARE","lower_seis_depth":"(14.0,,)","net_slip_rate":"(0.2,0.1,0.4)","slip_type":"Normal","upper_seis_depth":"(0.0,,)"},"geometry":{"type":"LineString","coordinates":[[20.561156,39.929528],[20.60191,39.95204],[20.632202,39.969062],[20.664378,39.988466],[20.692184,40.011013],[20.725437,40.03017],[20.761742,40.046652],[20.783664,40.062924]]}},{"type":"Feature","properties":{"average_dip":"(85.0,80,90)","average_rake":"(-10,-30,10)","catalog_id":"EUR_GRCS310","catalog_name":"SHARE","lower_seis_depth":"(16.0,,)","net_slip_rate":"(0.2,0.1,0.3)","slip_type":"Sinistral","upper_seis_depth":"(0.0,,)"},"geometry":{"type":"LineString","coordinates":[[20.43492,39.491748],[20.437097,39.493071],[20.469233,39.498725],[20.517631,39.50342],[20.554069,39.507155],[20.597831,39.513281],[20.616793,39.513167],[20.633374,39.511474],[20.648567,39.507808],[20.667054,39.501684],[20.683956,39.501381],[20.708356,39.503136],[20.75248,39.506843],[20.780091,39.509744],[20.80771,39.51236],[20.821322,39.514498],[20.840281,39.518657],[20.853062,39.525792],[20.862604,39.533161],[20.871777,39.541081]]}},{"type":"Feature","properties":{"average_dip":"(57.5,40,75)","average_rake":"(-90,-100,-80)","catalog_id":"EUR_GRCS330","catalog_name":"SHARE","lower_seis_depth":"(12.0,,)","net_slip_rate":"(0.5,0.4,0.6)","slip_type":"Normal","upper_seis_depth":"(0.0,,)"},"geometry":{"type":"LineString","coordinates":[[21.021546,39.178116],[20.989844,39.174561],[20.947578,39.168636],[20.896254,39.167452],[20.857006,39.167452],[20.834362,39.168636],[20.819267,39.171006],[20.796624,39.173376],[20.767943,39.173376],[20.721147,39.173376]]}},{"type":"Feature","properties":{"average_dip":"(70.0,55,85)","average_rake":"(-22,-40,-5)","catalog_id":"EUR_GRCS350","catalog_name":"SHARE","lower_seis_depth":"(15.0,,)","net_slip_rate":"(0.6,0.3,0.9)","slip_type":"Sinistral","upper_seis_depth":"(0.0,,)"},"geometry":{"type":"LineString","coordinates":[[20.982298,39.061992],[20.995129,39.031777],[21.00796,39.001561],[21.027505,38.955313],[21.047208,38.910321],[21.07287,38.865293],[21.087964,38.84278],[21.112118,38.813156],[21.131742,38.787088],[21.160422,38.757465],[21.187594,38.729026],[21.20269,38.710067],[21.211746,38.680444],[21.211746,38.649636],[21.219294,38.629492],[21.237408,38.595129],[21.249484,38.56906]]}},{"type":"Feature","properties":{"average_dip":"(60.0,45,75)","average_rake":"(-85,-100,-70)","catalog_id":"EUR_GRCS355","catalog_name":"SHARE","lower_seis_depth":"(15.0,,)","net_slip_rate":"(1.3,0.4,2.2)","slip_type":"Normal","upper_seis_depth":"(0.0,,)"},"geometry":{"type":"LineString","coordinates":[[21.243935,38.593919],[21.288864,38.583843],[21.317747,38.574606],[21.34449,38.56453],[21.360536,38.555293],[21.383,38.541858],[21.410813,38.53598],[21.452533,38.528423],[21.488903,38.525064],[21.511368,38.530102],[21.528483,38.530102],[21.560575,38.526743],[21.598015,38.521705]]}},{"type":"Feature","properties":{"average_dip":"(70.0,60,80)","average_rake":"(-45,-60,-30)","catalog_id":"EUR_GRCS357","catalog_name":"SHARE","lower_seis_depth":"(14.0,,)","net_slip_rate":"(0.6,0.1,1.0)","slip_type":"Sinistral-Normal","upper_seis_depth":"(0.0,,)"},"geometry":{"type":"LineString","coordinates":[[21.806534,38.386806],[21.776425,38.407487],[21.746316,38.428167],[21.703662,38.453771],[21.676062,38.465588],[21.648462,38.477405],[21.6171,38.498085],[21.599536,38.520735]]}},{"type":"Feature","properties":{"average_dip":"(75.0,65,85)","average_rake":"(-135,-170,-100)","catalog_id":"EUR_GRCS390","catalog_name":"SHARE","lower_seis_depth":"(12.0,,)","net_slip_rate":"(0.6,0.1,1.0)","slip_type":"Dextral-Normal","upper_seis_depth":"(0.0,,)"},"geometry":{"type":"LineString","coordinates":[[19.646994,39.698683],[19.69374,39.705488],[19.71654,39.709443],[19.730845,39.712915],[19.741801,39.71688],[19.749761,39.720257],[19.757872,39.722676],[19.769319,39.723505],[19.788165,39.724498],[19.817403,39.72486],[19.84663,39.725501],[19.887677,39.726961],[19.903566,39.727872],[19.917195,39.729878],[19.931443,39.735325],[19.940973,39.738099],[19.954204,39.74095],[19.990002,39.744552],[20.01695,39.747106],[20.04276,39.750488],[20.068962,39.753301]]}},{"type":"Feature","properties":{"average_dip":"(55.0,40,70)","average_rake":"(-90,-100,-80)","catalog_id":"EUR_GRCS400","catalog_name":"SHARE","lower_seis_depth":"(13.5,,)","net_slip_rate":"(0.7,0.5,0.8)","slip_type":"Normal","upper_seis_depth":"(0.0,,)"},"geometry":{"type":"LineString","coordinates":[[21.980609,38.91448],[22.006787,38.912104],[22.046966,38.909252],[22.082885,38.910678],[22.125344,38.906405],[22.155077,38.898641],[22.18344,38.889437],[22.219603,38.880417],[22.255779,38.87789],[22.292915,38.873613],[22.31544,38.868386],[22.35562,38.862684],[22.379362,38.856981],[22.39032,38.855081],[22.414365,38.85077]]}},{"type":"Feature","properties":{"average_dip":"(57.5,45,70)","average_rake":"(-90,-100,-80)","catalog_id":"EUR_GRCS405","catalog_name":"SHARE","lower_seis_depth":"(13.0,,)","net_slip_rate":"(0.9,0.7,1.2)","slip_type":"Normal","upper_seis_depth":"(0.0,,)"},"geometry":{"type":"LineString","coordinates":[[22.394982,38.828343],[22.418933,38.821817],[22.464638,38.811268],[22.508965,38.80318],[22.530841,38.800034],[22.552716,38.800034],[22.579385,38.800487],[22.605221,38.799958],[22.628355,38.796157],[22.66062,38.791405],[22.686842,38.787819],[22.711084,38.780887],[22.736109,38.777149],[22.755938,38.775722],[22.771218,38.772849],[22.790694,38.770374],[22.803076,38.770972],[22.822557,38.767645],[22.84165,38.762561],[22.859772,38.758382],[22.882014,38.755167],[22.907139,38.750666],[22.931028,38.74713],[22.960271,38.743593],[22.991162,38.742629],[23.008049,38.741986],[23.046766,38.743593]]}},{"type":"Feature","properties":{"average_dip":"(62.5,45,80)","average_rake":"(-85,-100,-70)","catalog_id":"EUR_GRCS410","catalog_name":"SHARE","lower_seis_depth":"(12.5,,)","net_slip_rate":"(1.0,0.4,1.6)","slip_type":"Normal","upper_seis_depth":"(0.0,,)"},"geometry":{"type":"LineString","coordinates":[[23.441673,38.498789],[23.38457,38.509951],[23.334355,38.521083],[23.273772,38.547429],[23.243383,38.564875],[23.212994,38.582321],[23.180482,38.598308],[23.158524,38.607316],[23.12291,38.618019],[23.095798,38.625437],[23.064626,38.637316],[23.033312,38.644299],[23.000134,38.652738],[22.954655,38.666123],[22.904702,38.680381],[22.866262,38.687962],[22.829619,38.69022],[22.802618,38.697371],[22.78285,38.704145],[22.759707,38.709038],[22.738011,38.71393],[22.729814,38.718823],[22.710046,38.726726],[22.69076,38.732747],[22.670992,38.735758],[22.652188,38.736135],[22.635795,38.737264],[22.621813,38.742532],[22.60542,38.747801],[22.580349,38.751565],[22.556723,38.752317],[22.531079,38.754511],[22.491764,38.75942]]}},{"type":"Feature","properties":{"average_dip":"(55.0,40,70)","average_rake":"(-85,-100,-70)","catalog_id":"EUR_GRCS415","catalog_name":"SHARE","lower_seis_depth":"(13.0,,)","net_slip_rate":"(0.5,0.4,0.6)","slip_type":"Normal","upper_seis_depth":"(0.0,,)"},"geometry":{"type":"LineString","coordinates":[[23.954717,38.282076],[23.905598,38.296372],[23.87646,38.302221],[23.847322,38.308069],[23.805279,38.317492],[23.763237,38.326915],[23.732774,38.334579],[23.702312,38.342243],[23.664729,38.354291],[23.627146,38.371578],[23.604999,38.384151],[23.578826,38.402486]]}},{"type":"Feature","properties":{"average_dip":"(57.5,45,70)","average_rake":"(-85,-100,-70)","catalog_id":"EUR_GRCS418","catalog_name":"SHARE","lower_seis_depth":"(13.0,,)","net_slip_rate":"(0.4,0.3,0.6)","slip_type":"Normal","upper_seis_depth":"(0.0,,)"},"geometry":{"type":"LineString","coordinates":[[23.585537,38.317098],[23.544599,38.330194],[23.496278,38.338052],[23.457353,38.342243],[23.415073,38.344862],[23.390912,38.34591]]}},{"type":"Feature","properties":{"average_dip":"(60.0,50,70)","average_rake":"(-90,-100,-80)","catalog_id":"EUR_GRCS420","catalog_name":"SHARE","lower_seis_depth":"(13.5,,)","net_slip_rate":"(0.4,0.3,0.6)","slip_type":"Normal","upper_seis_depth":"(0.0,,)"},"geometry":{"type":"LineString","coordinates":[[23.72828,38.24096],[23.675298,38.252597],[23.633256,38.26202],[23.600672,38.26782],[23.568088,38.273619],[23.518425,38.27781],[23.477822,38.270476],[23.444266,38.260261],[23.41373,38.246117],[23.379168,38.230925]]}},{"type":"Feature","properties":{"average_dip":"(55.0,40,70)","average_rake":"(-90,-100,-80)","catalog_id":"EUR_GRCS425","catalog_name":"SHARE","lower_seis_depth":"(12.5,,)","net_slip_rate":"(0.6,0.4,0.7)","slip_type":"Normal","upper_seis_depth":"(0.0,,)"},"geometry":{"type":"LineString","coordinates":[[22.682583,38.304776],[22.727132,38.298838],[22.763077,38.29169],[22.802013,38.287119],[22.862906,38.27935],[22.913259,38.267924],[22.940192,38.261983],[22.96654,38.258784],[22.995815,38.259241],[23.035629,38.268381],[23.073101,38.286205],[23.108817,38.298545],[23.130481,38.301744],[23.157414,38.301287],[23.181419,38.299459],[23.21128,38.301287],[23.238213,38.305857],[23.268659,38.31774],[23.286225,38.321853]]}},{"type":"Feature","properties":{"average_dip":"(57.5,45,70)","average_rake":"(-90,-100,-80)","catalog_id":"EUR_GRCS430","catalog_name":"SHARE","lower_seis_depth":"(12.5,,)","net_slip_rate":"(0.8,0.5,1.0)","slip_type":"Normal","upper_seis_depth":"(0.0,,)"},"geometry":{"type":"LineString","coordinates":[[22.698234,38.523002],[22.670083,38.513643],[22.641932,38.504284],[22.610801,38.494406],[22.582981,38.490246],[22.55185,38.485047],[22.523368,38.482967],[22.500847,38.484007],[22.481639,38.487126],[22.450507,38.497005],[22.40944,38.510004]]}},{"type":"Feature","properties":{"average_dip":"(60.0,45,75)","average_rake":"(-90,-100,-80)","catalog_id":"EUR_GRCS432","catalog_name":"SHARE","lower_seis_depth":"(13.0,,)","net_slip_rate":"(0.8,0.5,1.1)","slip_type":"Normal","upper_seis_depth":"(0.0,,)"},"geometry":{"type":"LineString","coordinates":[[22.413778,38.650834],[22.39427,38.656522],[22.367515,38.666147],[22.342991,38.67096],[22.321253,38.67271],[22.30286,38.673585],[22.276105,38.680148],[22.260499,38.682336],[22.241548,38.689336],[22.223154,38.694149],[22.215351,38.695899]]}},{"type":"Feature","properties":{"average_dip":"(62.5,45,80)","average_rake":"(-90,-100,-80)","catalog_id":"EUR_GRCS433","catalog_name":"SHARE","lower_seis_depth":"(13.0,,)","net_slip_rate":"(0.8,0.5,1.1)","slip_type":"Normal","upper_seis_depth":"(0.0,,)"},"geometry":{"type":"LineString","coordinates":[[22.513429,38.625985],[22.481221,38.649521],[22.458368,38.66921],[22.432171,38.68146],[22.417679,38.686711]]}},{"type":"Feature","properties":{"average_dip":"(62.5,45,80)","average_rake":"(-75,-90,-60)","catalog_id":"EUR_GRCS434","catalog_name":"SHARE","lower_seis_depth":"(13.0,,)","net_slip_rate":"(0.7,0.4,0.9)","slip_type":"Normal","upper_seis_depth":"(0.0,,)"},"geometry":{"type":"LineString","coordinates":[[22.737286,38.563578],[22.71879,38.56655],[22.699206,38.572495],[22.679621,38.580563],[22.658949,38.59585],[22.629028,38.615383],[22.609988,38.624725],[22.596388,38.637464],[22.569187,38.656997],[22.547427,38.668462]]}},{"type":"Feature","properties":{"average_dip":"(65.0,50,80)","average_rake":"(-95,-100,-90)","catalog_id":"EUR_GRCS436","catalog_name":"SHARE","lower_seis_depth":"(11.0,,)","net_slip_rate":"(0.6,0.1,1.0)","slip_type":"Normal","upper_seis_depth":"(0.0,,)"},"geometry":{"type":"LineString","coordinates":[[22.297054,38.400062],[22.271897,38.398965],[22.247439,38.398965],[22.228572,38.40061],[22.218789,38.405547],[22.208307,38.411032],[22.192235,38.414323],[22.171969,38.416518],[22.153102,38.417066]]}},{"type":"Feature","properties":{"average_dip":"(65.0,50,80)","average_rake":"(-95,-100,-90)","catalog_id":"EUR_GRCS437","catalog_name":"SHARE","lower_seis_depth":"(10.5,,)","net_slip_rate":"(0.6,0.1,1.0)","slip_type":"Normal","upper_seis_depth":"(0.0,,)"},"geometry":{"type":"LineString","coordinates":[[22.429825,38.468628],[22.411656,38.468628],[22.385102,38.464239],[22.352258,38.457657],[22.318716,38.452172],[22.291463,38.446687]]}},{"type":"Feature","properties":{"average_dip":"(65.0,50,80)","average_rake":"(-85,-100,-70)","catalog_id":"EUR_GRCS438","catalog_name":"SHARE","lower_seis_depth":"(10.0,,)","net_slip_rate":"(1.2,0.5,2.0)","slip_type":"Normal","upper_seis_depth":"(0.0,,)"},"geometry":{"type":"LineString","coordinates":[[22.44945,38.428572],[22.471746,38.398821],[22.49404,38.376944],[22.511876,38.362069],[22.531942,38.349818],[22.552008,38.338442],[22.5665,38.334067],[22.596598,38.329692],[22.61332,38.327942]]}},{"type":"Feature","properties":{"average_dip":"(65.0,50,80)","average_rake":"(-107,-130,-85)","catalog_id":"EUR_GRCS440","catalog_name":"SHARE","lower_seis_depth":"(11.0,,)","net_slip_rate":"(0.6,0.1,1.0)","slip_type":"Normal","upper_seis_depth":"(0.0,,)"},"geometry":{"type":"LineString","coordinates":[[22.719222,38.466199],[22.694697,38.441698],[22.674632,38.413696],[22.643419,38.38832],[22.618894,38.367319],[22.595484,38.345443]]}},{"type":"Feature","properties":{"average_dip":"(65.0,50,80)","average_rake":"(-90,-100,-80)","catalog_id":"EUR_GRCS441","catalog_name":"SHARE","lower_seis_depth":"(10.0,,)","net_slip_rate":"(0.6,0.1,1.0)","slip_type":"Normal","upper_seis_depth":"(0.0,,)"},"geometry":{"type":"LineString","coordinates":[[21.888171,38.442136],[21.907679,38.449573],[21.931646,38.454824],[21.945023,38.457886],[21.957286,38.457449],[21.977909,38.455261],[22.006335,38.447823],[22.04145,38.431197],[22.07322,38.414134],[22.08604,38.408884]]}},{"type":"Feature","properties":{"average_dip":"(65.0,50,80)","average_rake":"(-90,-100,-80)","catalog_id":"EUR_GRCS442","catalog_name":"SHARE","lower_seis_depth":"(10.0,,)","net_slip_rate":"(0.6,0.1,1.0)","slip_type":"Normal","upper_seis_depth":"(0.0,,)"},"geometry":{"type":"LineString","coordinates":[[21.888171,38.411509],[21.915482,38.409759],[21.948368,38.405821],[21.983482,38.401008],[22.006335,38.396633],[22.02863,38.393133],[22.040335,38.393133],[22.062073,38.391383],[22.091614,38.390508],[22.115024,38.38657],[22.139548,38.381757],[22.162401,38.380007],[22.19027,38.376945]]}},{"type":"Feature","properties":{"average_dip":"(67.5,50,85)","average_rake":"(-95,-100,-90)","catalog_id":"EUR_GRCS443","catalog_name":"SHARE","lower_seis_depth":"(9.5,,)","net_slip_rate":"(0.6,0.1,1.0)","slip_type":"Normal","upper_seis_depth":"(0.0,,)"},"geometry":{"type":"LineString","coordinates":[[22.045488,38.351713],[22.08462,38.351713],[22.109777,38.349517],[22.143319,38.345125],[22.169873,38.340733],[22.197825,38.339635],[22.229969,38.337439]]}},{"type":"Feature","properties":{"average_dip":"(70.0,55,85)","average_rake":"(-90,-100,-80)","catalog_id":"EUR_GRCS444","catalog_name":"SHARE","lower_seis_depth":"(8.5,,)","net_slip_rate":"(0.6,0.1,1.0)","slip_type":"Normal","upper_seis_depth":"(0.5,,)"},"geometry":{"type":"LineString","coordinates":[[22.130741,38.320969],[22.167078,38.309988],[22.203415,38.300106],[22.24115,38.295714],[22.269102,38.294616],[22.298451,38.299008],[22.326403,38.309988],[22.341776,38.316576]]}},{"type":"Feature","properties":{"average_dip":"(62.5,45,80)","average_rake":"(-80,-90,-70)","catalog_id":"EUR_GRCS450","catalog_name":"SHARE","lower_seis_depth":"(12.0,,)","net_slip_rate":"None","slip_type":"Normal","upper_seis_depth":"(0.0,,)"},"geometry":{"type":"LineString","coordinates":[[23.749558,38.080418],[23.717965,38.097423],[23.690886,38.110176],[23.66471,38.127181],[23.638533,38.143478],[23.605136,38.164734]]}},{"type":"Feature","properties":{"average_dip":"(60.0,45,75)","average_rake":"(-90,-100,-80)","catalog_id":"EUR_GRCS453","catalog_name":"SHARE","lower_seis_depth":"(13.0,,)","net_slip_rate":"(0.6,0.2,1.0)","slip_type":"Normal","upper_seis_depth":"(0.0,,)"},"geometry":{"type":"LineString","coordinates":[[23.179095,37.992273],[23.196633,37.988831],[23.209299,37.985772],[23.22294,37.980036],[23.230735,37.976212],[23.240478,37.974682],[23.262888,37.975447],[23.273118,37.975829],[23.289682,37.973152],[23.305271,37.969711],[23.326707,37.970475],[23.363244,37.970858],[23.402705,37.967416],[23.429012,37.965887]]}},{"type":"Feature","properties":{"average_dip":"(62.5,45,80)","average_rake":"(-100,-110,-90)","catalog_id":"EUR_GRCS470","catalog_name":"SHARE","lower_seis_depth":"(11.5,,)","net_slip_rate":"(0.7,0.5,0.8)","slip_type":"Normal","upper_seis_depth":"(0.0,,)"},"geometry":{"type":"LineString","coordinates":[[22.817177,38.852427],[22.862104,38.871266],[22.905573,38.888368],[22.961552,38.903109],[23.000603,38.913297],[23.027943,38.930421],[23.057486,38.94523],[23.084888,38.966939],[23.101951,38.982946],[23.135277,39.005187],[23.151536,39.011422],[23.188433,39.018687],[23.213518,39.022564],[23.254134,39.032086],[23.305147,39.047847],[23.351082,39.068794],[23.389612,39.084313],[23.428142,39.099832]]}},{"type":"Feature","properties":{"average_dip":"(67.5,55,80)","average_rake":"(-85,-100,-70)","catalog_id":"EUR_GRCS473","catalog_name":"SHARE","lower_seis_depth":"(12.5,,)","net_slip_rate":"(0.6,0.5,0.7)","slip_type":"Normal","upper_seis_depth":"(0.0,,)"},"geometry":{"type":"LineString","coordinates":[[23.494466,38.631873],[23.469355,38.645334],[23.431892,38.673277],[23.404419,38.690822],[23.379443,38.703169],[23.354884,38.723314],[23.330324,38.743459],[23.29286,38.762954],[23.271215,38.77985],[23.249569,38.796746],[23.227507,38.811367],[23.205445,38.825988],[23.173809,38.838335],[23.132183,38.851982]]}},{"type":"Feature","properties":{"average_dip":"(60.0,45,75)","average_rake":"(-82,-100,-65)","catalog_id":"EUR_GRCS480","catalog_name":"SHARE","lower_seis_depth":"(13.0,,)","net_slip_rate":"(0.6,0.5,0.7)","slip_type":"Normal","upper_seis_depth":"(0.5,,)"},"geometry":{"type":"LineString","coordinates":[[24.518276,38.611901],[24.436531,38.637567],[24.382036,38.652539],[24.32754,38.667511],[24.262146,38.684622],[24.188578,38.697456],[24.123182,38.706011],[24.063238,38.712428],[24.000692,38.713897],[23.912438,38.710374],[23.851108,38.720942],[23.798753,38.740903],[23.750886,38.766735],[23.695539,38.786697],[23.629722,38.811355],[23.563904,38.858322],[23.517533,38.901768]]}},{"type":"Feature","properties":{"average_dip":"(55.0,40,70)","average_rake":"(-90,-100,-80)","catalog_id":"EUR_GRCS488","catalog_name":"SHARE","lower_seis_depth":"(13.5,,)","net_slip_rate":"(0.4,0.3,0.5)","slip_type":"Normal","upper_seis_depth":"(0.5,,)"},"geometry":{"type":"LineString","coordinates":[[24.68721,38.169157],[24.650426,38.171296],[24.613642,38.173435],[24.561872,38.174505],[24.510102,38.175574],[24.467868,38.177713],[24.425634,38.179852],[24.388848,38.187338],[24.352062,38.194824],[24.32209,38.208727],[24.292118,38.222629]]}},{"type":"Feature","properties":{"average_dip":"(40.0,20,60)","average_rake":"(-90,-100,-80)","catalog_id":"EUR_GRCS500","catalog_name":"SHARE","lower_seis_depth":"(11.5,,)","net_slip_rate":"(2.6,0.3,5.0)","slip_type":"Normal","upper_seis_depth":"(0.0,,)"},"geometry":{"type":"LineString","coordinates":[[21.914349,38.270413],[21.927393,38.261905],[21.962703,38.246402],[22.002979,38.230037],[22.043255,38.213672],[22.085187,38.195584],[22.110566,38.189555],[22.14698,38.181803],[22.193325,38.178358],[22.240773,38.174052],[22.29705,38.171468],[22.328199,38.170729],[22.359347,38.16999]]}},{"type":"Feature","properties":{"average_dip":"(55.0,35,75)","average_rake":"(-95,-105,-85)","catalog_id":"EUR_GRCS505","catalog_name":"SHARE","lower_seis_depth":"(12.0,,)","net_slip_rate":"(3.0,1.0,5.0)","slip_type":"Normal","upper_seis_depth":"(0.0,,)"},"geometry":{"type":"LineString","coordinates":[[21.759632,38.319266],[21.78893,38.318977],[21.820168,38.322062],[21.851706,38.323488],[21.894462,38.323488],[21.938213,38.327391],[21.956111,38.328171],[21.995885,38.328952]]}},{"type":"Feature","properties":{"average_dip":"(47.5,30,65)","average_rake":"(-87,-100,-75)","catalog_id":"EUR_GRCS510","catalog_name":"SHARE","lower_seis_depth":"(12.0,,)","net_slip_rate":"(11.5,9.0,14.0)","slip_type":"Normal","upper_seis_depth":"(0.0,,)"},"geometry":{"type":"LineString","coordinates":[[22.786911,38.043071],[22.739667,38.049846],[22.699433,38.058824],[22.648277,38.076748],[22.596869,38.095181],[22.548001,38.116104],[22.503575,38.131548],[22.47565,38.137028],[22.427416,38.14201],[22.400125,38.144003],[22.3722,38.146494]]}},{"type":"Feature","properties":{"average_dip":"(57.5,40,75)","average_rake":"(-97,-105,-90)","catalog_id":"EUR_GRCS518","catalog_name":"SHARE","lower_seis_depth":"(13.0,,)","net_slip_rate":"(3.0,1.0,5.0)","slip_type":"Normal","upper_seis_depth":"(0.0,,)"},"geometry":{"type":"LineString","coordinates":[[23.279358,38.103352],[23.245681,38.098852],[23.219887,38.095478],[23.199108,38.087041],[23.171164,38.073542],[23.15755,38.065668],[23.138204,38.057232],[23.113842,38.048233],[23.096646,38.044296],[23.079449,38.039796],[23.060104,38.030797],[23.049356,38.028547],[23.029293,38.025173],[23.007798,38.018986],[22.981287,38.013924],[22.96409,38.014486],[22.939012,38.019548],[22.913934,38.021798],[22.881245,38.024294],[22.844432,38.022923]]}},{"type":"Feature","properties":{"average_dip":"(60.0,45,75)","average_rake":"(-90,-100,-80)","catalog_id":"EUR_GRCS520","catalog_name":"SHARE","lower_seis_depth":"(13.5,,)","net_slip_rate":"(0.2,0.2,0.3)","slip_type":"Normal","upper_seis_depth":"(0.0,,)"},"geometry":{"type":"LineString","coordinates":[[22.763848,38.20897],[22.801583,38.206774],[22.828137,38.201284],[22.85293,38.188955],[22.887855,38.179816],[22.915827,38.175918],[22.928458,38.173309],[22.957706,38.172787],[22.996262,38.172265],[23.014874,38.171743],[23.05343,38.175396],[23.067389,38.178527],[23.073372,38.180614],[23.081258,38.186136],[23.093058,38.192538],[23.099914,38.201847],[23.110421,38.214053],[23.120508,38.222961],[23.129754,38.228569],[23.13984,38.233848],[23.150768,38.237806],[23.162535,38.239126],[23.172622,38.238796],[23.181868,38.235167],[23.190273,38.231208],[23.2012,38.228899],[23.219692,38.229559],[23.233562,38.229889],[23.247431,38.231538],[23.265923,38.235167]]}},{"type":"Feature","properties":{"average_dip":"(60.0,45,75)","average_rake":"(-90,-100,-80)","catalog_id":"EUR_GRCS522","catalog_name":"SHARE","lower_seis_depth":"(12.5,,)","net_slip_rate":"(0.3,0.1,0.5)","slip_type":"Normal","upper_seis_depth":"(0.0,,)"},"geometry":{"type":"LineString","coordinates":[[23.04719,37.982774],[23.017942,37.983296],[22.993346,37.986948],[22.976728,37.989557],[22.960109,37.994253],[22.948808,37.999993],[22.934184,38.006777],[22.917565,38.013038],[22.902941,38.017213],[22.884993,38.020865]]}},{"type":"Feature","properties":{"average_dip":"(50.0,35,65)","average_rake":"(-90,-100,-80)","catalog_id":"EUR_GRCS524","catalog_name":"SHARE","lower_seis_depth":"(10.0,,)","net_slip_rate":"(1.2,0.5,2.0)","slip_type":"Normal","upper_seis_depth":"(0.0,,)"},"geometry":{"type":"LineString","coordinates":[[22.013882,38.150176],[22.033597,38.143871],[22.050392,38.140432],[22.067186,38.13642],[22.08179,38.130115],[22.094203,38.121517],[22.113188,38.114066],[22.131443,38.110627],[22.15992,38.102603],[22.171603,38.097444],[22.190588,38.089993],[22.220526,38.083115],[22.247543,38.079103]]}},{"type":"Feature","properties":{"average_dip":"(60.0,45,75)","average_rake":"(-95,-100,-90)","catalog_id":"EUR_GRCS540","catalog_name":"SHARE","lower_seis_depth":"(13.0,,)","net_slip_rate":"(0.6,0.1,1.0)","slip_type":"Normal","upper_seis_depth":"(0.0,,)"},"geometry":{"type":"LineString","coordinates":[[22.864419,37.81884],[22.895513,37.829395],[22.928288,37.835332],[22.963583,37.839289],[23.013166,37.845886],[23.046781,37.849184],[23.062748,37.847205],[23.083757,37.846546],[23.114011,37.846546],[23.143424,37.846546],[23.167794,37.847205]]}},{"type":"Feature","properties":{"average_dip":"(57.5,45,70)","average_rake":"(-90,-100,-80)","catalog_id":"EUR_GRCS555","catalog_name":"SHARE","lower_seis_depth":"(13.0,,)","net_slip_rate":"(0.8,0.5,1.0)","slip_type":"Normal","upper_seis_depth":"(0.0,,)"},"geometry":{"type":"LineString","coordinates":[[22.473465,36.913783],[22.457907,36.940095],[22.442349,36.966406],[22.422223,37.007052],[22.396905,37.044882],[22.383862,37.064325],[22.370416,37.0793],[22.352702,37.099891],[22.333706,37.117078],[22.324102,37.142604],[22.31215,37.162854],[22.298455,37.172171],[22.283618,37.194092],[22.270744,37.207488],[22.265507,37.22245],[22.254815,37.244893],[22.239105,37.261247],[22.20332,37.278818],[22.177136,37.297086],[22.156406,37.321269],[22.146587,37.340754],[22.133277,37.362153]]}},{"type":"Feature","properties":{"average_dip":"(57.5,45,70)","average_rake":"(-90,-100,-80)","catalog_id":"EUR_GRCS560","catalog_name":"SHARE","lower_seis_depth":"(12.0,,)","net_slip_rate":"(0.6,0.1,1.0)","slip_type":"Normal","upper_seis_depth":"(0.0,,)"},"geometry":{"type":"LineString","coordinates":[[21.963199,37.328809],[21.985151,37.312713],[22.002446,37.29506],[22.013754,37.277406],[22.027058,37.251445],[22.036371,37.224964],[22.046349,37.20056],[22.051005,37.175118],[22.053001,37.156945],[22.049675,37.130465],[22.044353,37.112292],[22.044353,37.097754],[22.051671,37.084254],[22.064309,37.069196],[22.072957,37.042716]]}},{"type":"Feature","properties":{"average_dip":"(60.0,50,70)","average_rake":"(-80,-100,-60)","catalog_id":"EUR_GRCS562","catalog_name":"SHARE","lower_seis_depth":"(12.0,,)","net_slip_rate":"(0.6,0.1,1.0)","slip_type":"Normal","upper_seis_depth":"(0.0,,)"},"geometry":{"type":"LineString","coordinates":[[22.237866,37.168151],[22.23485,37.160336],[22.229572,37.145608],[22.222409,37.131781],[22.217131,37.120359],[22.20733,37.097515],[22.195652,37.07537],[22.18649,37.057996],[22.170008,37.025376],[22.161337,37.007341],[22.155682,36.992312],[22.149273,36.974577],[22.143995,36.95534],[22.138718,36.941213],[22.125146,36.915062]]}},{"type":"Feature","properties":{"average_dip":"(57.5,45,70)","average_rake":"(-95,-100,-90)","catalog_id":"EUR_GRCS564","catalog_name":"SHARE","lower_seis_depth":"(12.0,,)","net_slip_rate":"(0.6,0.1,1.0)","slip_type":"Normal","upper_seis_depth":"(1.0,,)"},"geometry":{"type":"LineString","coordinates":[[22.315741,36.39975],[22.314095,36.439808],[22.312159,36.486925],[22.310791,36.520224],[22.309422,36.553523],[22.30294,36.597039],[22.29905,36.640554],[22.296515,36.667079],[22.28543,36.685957],[22.264694,36.712405],[22.243104,36.735514],[22.21801,36.762781],[22.196747,36.78979],[22.16853,36.829121],[22.145352,36.851933],[22.126617,36.86724],[22.097987,36.88261],[22.072794,36.907782]]}},{"type":"Feature","properties":{"average_dip":"(60.0,50,70)","average_rake":"(-90,-100,-80)","catalog_id":"EUR_GRCS575","catalog_name":"SHARE","lower_seis_depth":"(13.5,,)","net_slip_rate":"(0.6,0.1,1.0)","slip_type":"Normal","upper_seis_depth":"(0.0,,)"},"geometry":{"type":"LineString","coordinates":[[23.117579,36.77281],[23.092151,36.816475],[23.066723,36.86014],[23.031755,36.9325],[23.022219,36.969928],[23.003147,37.024821],[22.980897,37.067239],[22.958647,37.109656],[22.923679,37.177026],[22.877589,37.244395],[22.831499,37.311764],[22.802891,37.36042],[22.774283,37.409076],[22.750443,37.453988],[22.726603,37.498901]]}},{"type":"Feature","properties":{"average_dip":"(60.0,50,70)","average_rake":"(-90,-100,-80)","catalog_id":"EUR_GRCS580","catalog_name":"SHARE","lower_seis_depth":"(12.5,,)","net_slip_rate":"(0.6,0.1,1.0)","slip_type":"Normal","upper_seis_depth":"(0.0,,)"},"geometry":{"type":"LineString","coordinates":[[23.213629,36.45025],[23.203645,36.477122],[23.19366,36.503994],[23.180823,36.536464],[23.167985,36.568934],[23.159427,36.611482],[23.150868,36.654029],[23.148016,36.68314],[23.145163,36.712251],[23.143737,36.735764],[23.14231,36.759277]]}},{"type":"Feature","properties":{"average_dip":"(62.5,50,75)","average_rake":"(-90,-100,-80)","catalog_id":"EUR_GRCS582","catalog_name":"SHARE","lower_seis_depth":"(12.0,,)","net_slip_rate":"(0.6,0.1,1.0)","slip_type":"Normal","upper_seis_depth":"(0.5,,)"},"geometry":{"type":"LineString","coordinates":[[23.239314,36.033971],[23.225995,36.055685],[23.212676,36.077398],[23.202431,36.102329],[23.192186,36.12726],[23.190137,36.155407],[23.188088,36.183555],[23.192869,36.213579],[23.197649,36.243603],[23.20243,36.273627],[23.209602,36.317055],[23.216774,36.360483],[23.227019,36.399085],[23.237264,36.437687]]}},{"type":"Feature","properties":{"average_dip":"(65.0,55,75)","average_rake":"(-90,-110,-70)","catalog_id":"EUR_GRCS583","catalog_name":"SHARE","lower_seis_depth":"(11.0,,)","net_slip_rate":"(0.6,0.1,1.0)","slip_type":"Normal","upper_seis_depth":"(0.5,,)"},"geometry":{"type":"LineString","coordinates":[[23.299206,36.016598],[23.313439,35.993323],[23.327672,35.970047],[23.344277,35.939944],[23.360882,35.90984],[23.375115,35.868254],[23.386185,35.834427],[23.397255,35.8006],[23.405558,35.767393],[23.41386,35.734186],[23.420977,35.704704],[23.428093,35.675221]]}},{"type":"Feature","properties":{"average_dip":"(55.0,50,60)","average_rake":"(-90,-110,-70)","catalog_id":"EUR_GRCS584","catalog_name":"SHARE","lower_seis_depth":"(12.5,,)","net_slip_rate":"(0.6,0.1,1.0)","slip_type":"Normal","upper_seis_depth":"(1.0,,)"},"geometry":{"type":"LineString","coordinates":[[22.865893,36.173011],[22.864312,36.22639],[22.864312,36.254321],[22.864312,36.282251],[22.860297,36.327006],[22.856405,36.370389],[22.849289,36.405147],[22.842172,36.439905],[22.834265,36.472181],[22.826358,36.504457],[22.812125,36.535491],[22.797892,36.566525],[22.769426,36.613697],[22.75203,36.653421],[22.74096,36.7068]]}},{"type":"Feature","properties":{"average_dip":"(62.5,50,75)","average_rake":"(-100,-120,-80)","catalog_id":"EUR_GRCS586","catalog_name":"SHARE","lower_seis_depth":"(12.0,,)","net_slip_rate":"(0.6,0.1,1.0)","slip_type":"Normal","upper_seis_depth":"(1.0,,)"},"geometry":{"type":"LineString","coordinates":[[22.873801,36.12708],[22.910174,36.096046],[22.955245,36.065012],[23.000315,36.033977],[23.03906,36.007909],[23.077805,35.98184],[23.107062,35.958875],[23.136318,35.935909],[23.156086,35.916047],[23.175854,35.896185],[23.197204,35.872599],[23.218553,35.849013],[23.258089,35.814255],[23.278648,35.792531],[23.299206,35.770807]]}},{"type":"Feature","properties":{"average_dip":"(30.0,20,40)","average_rake":"(90,80,100)","catalog_id":"EUR_GRCS601","catalog_name":"SHARE","lower_seis_depth":"(12.0,,)","net_slip_rate":"(1.5,1.0,2.0)","slip_type":"Reverse","upper_seis_depth":"(2.0,,)"},"geometry":{"type":"LineString","coordinates":[[20.552848,38.804229],[20.474976,38.910104],[20.428271,38.984191],[20.340583,39.078873],[20.264855,39.170501],[20.169199,39.246857],[20.109415,39.295725],[20.034834,39.327465],[19.948965,39.370865],[19.869522,39.435805],[19.831049,39.487049],[19.780163,39.547612],[19.697709,39.631631],[19.637453,39.67609],[19.539189,39.737784],[19.459741,39.822208]]}},{"type":"Feature","properties":{"average_dip":"(70.0,60,80)","average_rake":"(170,160,180)","catalog_id":"EUR_GRCS602","catalog_name":"SHARE","lower_seis_depth":"(20.0,,)","net_slip_rate":"(6.0,4.0,8.0)","slip_type":"Dextral","upper_seis_depth":"(3.0,,)"},"geometry":{"type":"LineString","coordinates":[[20.519696,38.569469],[20.537781,38.62799],[20.555865,38.68651],[20.57395,38.745031],[20.585064,38.789632],[20.596177,38.834234],[20.606049,38.880041],[20.615921,38.925847],[20.624142,38.969565],[20.632363,39.013283],[20.636565,39.04733],[20.640766,39.081377],[20.650434,39.124993],[20.660102,39.168608],[20.67202,39.218709]]}},{"type":"Feature","properties":{"average_dip":"(60.0,50,70)","average_rake":"(160,140,180)","catalog_id":"EUR_GRCS603","catalog_name":"SHARE","lower_seis_depth":"(25.0,,)","net_slip_rate":"(12.5,5.0,20.0)","slip_type":"Dextral","upper_seis_depth":"(4.0,,)"},"geometry":{"type":"LineString","coordinates":[[19.780975,37.695984],[19.827297,37.743152],[19.873618,37.79032],[19.92,37.84],[19.970364,37.901667],[20.020727,37.963334],[20.083333,38.025285],[20.118945,38.069018],[20.15,38.11],[20.203239,38.164301],[20.256478,38.218602],[20.322231,38.299194],[20.387984,38.379786],[20.425423,38.433594],[20.462862,38.487402],[20.520513,38.567434]]}},{"type":"Feature","properties":{"average_dip":"(30.0,20,40)","average_rake":"(90,80,100)","catalog_id":"EUR_GRCS604","catalog_name":"SHARE","lower_seis_depth":"(20.0,,)","net_slip_rate":"(1.5,1.0,2.0)","slip_type":"Reverse","upper_seis_depth":"(3.0,,)"},"geometry":{"type":"LineString","coordinates":[[20.415778,38.510829],[20.286874,38.618942],[20.223014,38.721088],[20.164172,38.821939],[20.050972,38.912756],[19.947469,39.01669],[19.879814,39.086116],[19.735923,39.18278],[19.625969,39.314303],[19.528668,39.442072],[19.408126,39.523371],[19.314364,39.608744],[19.24157,39.678019],[19.172413,39.747017]]}},{"type":"Feature","properties":{"average_dip":"(80.0,70,90)","average_rake":"(160,140,180)","catalog_id":"EUR_GRCS605","catalog_name":"SHARE","lower_seis_depth":"(25.0,,)","net_slip_rate":"(6.0,2.0,10.0)","slip_type":"Dextral","upper_seis_depth":"(5.0,,)"},"geometry":{"type":"LineString","coordinates":[[20.56119,37.00826],[20.635559,37.098792],[20.678761,37.145579],[20.718544,37.180925],[20.777116,37.24989],[20.835603,37.317173],[20.894,37.382775],[20.981802,37.464404],[21.078799,37.566989],[21.140268,37.618012],[21.22656,37.699829],[21.310069,37.78165],[21.382443,37.859055],[21.438115,37.929836],[21.527191,38.038215],[21.586988,38.113761],[21.640569,38.170683],[21.734395,38.285633]]}},{"type":"Feature","properties":{"average_dip":"(25.0,15,35)","average_rake":"(90,80,100)","catalog_id":"EUR_GRCS606","catalog_name":"SHARE","lower_seis_depth":"(16.0,,)","net_slip_rate":"(3.0,1.0,5.0)","slip_type":"Reverse","upper_seis_depth":"(5.0,,)"},"geometry":{"type":"LineString","coordinates":[[20.385806,36.980437],[20.315046,37.002767],[20.244286,37.025097],[20.195762,37.068163],[20.147238,37.111229],[20.104782,37.151105],[20.062326,37.19098],[20.011782,37.216501],[19.961238,37.242021],[19.910696,37.286682],[19.860154,37.331342],[19.804395,37.35904],[19.748636,37.386738],[19.707111,37.444364],[19.701545,37.511844],[19.691768,37.577504]]}},{"type":"Feature","properties":{"average_dip":"(27.5,15,40)","average_rake":"(90,80,100)","catalog_id":"EUR_GRCS607","catalog_name":"SHARE","lower_seis_depth":"(17.0,,)","net_slip_rate":"(3.0,1.0,5.0)","slip_type":"Reverse","upper_seis_depth":"(5.0,,)"},"geometry":{"type":"LineString","coordinates":[[20.592106,37.267591],[20.527789,37.298029],[20.472306,37.324287],[20.398364,37.359281],[20.351296,37.380774],[20.304227,37.402266],[20.22905,37.419384],[20.16696,37.438198],[20.103417,37.482553],[20.0634,37.516876],[20.01563,37.581894],[20.001209,37.650259],[19.959684,37.707885],[19.932846,37.776453],[19.952297,37.851634]]}},{"type":"Feature","properties":{"average_dip":"(35.0,25,45)","average_rake":"(97,80,115)","catalog_id":"EUR_GRCS696","catalog_name":"SHARE","lower_seis_depth":"(24.5,,)","net_slip_rate":"(0.8,0.19,1.5)","slip_type":"Reverse","upper_seis_depth":"(3.0,,)"},"geometry":{"type":"LineString","coordinates":[[35.214723,34.828609],[35.114225,34.807443],[35.013726,34.786276],[34.842203,34.736994],[34.656381,34.719181],[34.487577,34.694399],[34.304884,34.694089],[34.127832,34.739278],[33.996454,34.784546],[33.860104,34.843802],[33.693461,34.924002],[33.558411,35.038296],[33.453831,35.116056],[33.3608,35.215628],[33.267769,35.315199]]}},{"type":"Feature","properties":{"average_dip":"(35.0,25,45)","average_rake":"(115,90,140)","catalog_id":"EUR_GRCS697","catalog_name":"SHARE","lower_seis_depth":"(22.0,,)","net_slip_rate":"(0.8,0.14,1.5)","slip_type":"Dextral-Reverse","upper_seis_depth":"(3.0,,)"},"geometry":{"type":"LineString","coordinates":[[33.826827,34.276395],[33.696277,34.30387],[33.568879,34.320697],[33.446162,34.343925],[33.339487,34.352265],[33.221827,34.375501],[33.083818,34.400833],[32.946178,34.460426],[32.846537,34.524001],[32.771105,34.560092],[32.695423,34.600443],[32.599393,34.642891],[32.526364,34.681116],[32.449311,34.744901],[32.384275,34.819359]]}},{"type":"Feature","properties":{"average_dip":"(35.0,25,45)","average_rake":"(97,80,115)","catalog_id":"EUR_GRCS698","catalog_name":"SHARE","lower_seis_depth":"(22.0,,)","net_slip_rate":"(0.8,0.14,1.5)","slip_type":"Reverse","upper_seis_depth":"(3.0,,)"},"geometry":{"type":"LineString","coordinates":[[34.360036,34.496747],[34.297975,34.498772],[34.235914,34.500797],[34.18044,34.519878],[34.124965,34.538958],[34.079665,34.556991],[34.034365,34.575023],[33.963975,34.589012],[33.903672,34.611742],[33.853953,34.61703],[33.804234,34.622318],[33.753729,34.641036],[33.703224,34.659754],[33.642292,34.693229],[33.58136,34.726703],[33.533649,34.752141],[33.485938,34.777579],[33.446344,34.811057],[33.40675,34.844534]]}},{"type":"Feature","properties":{"average_dip":"(70.0,60,80)","average_rake":"(145,120,170)","catalog_id":"EUR_GRCS699","catalog_name":"SHARE","lower_seis_depth":"(22.0,,)","net_slip_rate":"(6.0,2.0,10.0)","slip_type":"Dextral-Reverse","upper_seis_depth":"(3.5,,)"},"geometry":{"type":"LineString","coordinates":[[31.862502,34.360406],[31.96029,34.460708],[32.084516,34.58449],[32.190796,34.712503],[32.271421,34.846864],[32.34571,34.959909],[32.426585,35.09001],[32.50027,35.205514],[32.573954,35.321018],[32.665413,35.461145],[32.744622,35.597752],[32.800937,35.664334],[32.857252,35.730917]]}},{"type":"Feature","properties":{"average_dip":"(70.0,60,80)","average_rake":"(-90,-100,-80)","catalog_id":"EUR_GRCS700","catalog_name":"SHARE","lower_seis_depth":"(11.0,,)","net_slip_rate":"(0.7,0.7,0.7)","slip_type":"Normal","upper_seis_depth":"(0.5,,)"},"geometry":{"type":"LineString","coordinates":[[23.594222,35.621705],[23.594222,35.608506],[23.590919,35.585433],[23.586314,35.565664],[23.587466,35.541402],[23.59207,35.527024],[23.595524,35.512647],[23.589768,35.487487],[23.584012,35.466819],[23.576271,35.441312],[23.556746,35.41156],[23.529181,35.385415]]}},{"type":"Feature","properties":{"average_dip":"(70.0,60,80)","average_rake":"(-90,-100,-80)","catalog_id":"EUR_GRCS705","catalog_name":"SHARE","lower_seis_depth":"(11.0,,)","net_slip_rate":"(0.3,0.3,0.4)","slip_type":"Normal","upper_seis_depth":"(0.0,,)"},"geometry":{"type":"LineString","coordinates":[[23.731367,35.702249],[23.729065,35.685176],[23.730216,35.660016],[23.734821,35.642942],[23.737123,35.624072],[23.747484,35.602506],[23.754391,35.579143],[23.750938,35.566562],[23.755542,35.541402],[23.749786,35.532416],[23.740577,35.511748],[23.739425,35.494675],[23.739425,35.482994],[23.735972,35.469515]]}},{"type":"Feature","properties":{"average_dip":"(57.5,45,70)","average_rake":"(-90,-100,-80)","catalog_id":"EUR_GRCS708","catalog_name":"SHARE","lower_seis_depth":"(11.0,,)","net_slip_rate":"(0.6,0.1,1.0)","slip_type":"Normal","upper_seis_depth":"(0.5,,)"},"geometry":{"type":"LineString","coordinates":[[24.290507,35.598551],[24.253241,35.607327],[24.215975,35.616103],[24.170011,35.62878],[24.124047,35.641456],[24.070632,35.653158],[24.017217,35.664859],[23.974982,35.67331],[23.932746,35.68176],[23.890511,35.690211]]}},{"type":"Feature","properties":{"average_dip":"(52.5,40,65)","average_rake":"(-90,-100,-80)","catalog_id":"EUR_GRCS710","catalog_name":"SHARE","lower_seis_depth":"(11.0,,)","net_slip_rate":"(0.6,0.1,1.0)","slip_type":"Normal","upper_seis_depth":"(0.5,,)"},"geometry":{"type":"LineString","coordinates":[[25.356338,35.481539],[25.28429,35.48544],[25.204786,35.48739],[25.135222,35.481539],[25.070626,35.473739],[24.9787,35.469838],[24.921558,35.467888],[24.864416,35.465938],[24.796094,35.470814],[24.727772,35.475689],[24.668145,35.474714],[24.608518,35.473739],[24.540195,35.467888],[24.471872,35.462037],[24.406034,35.462037],[24.340196,35.462037]]}},{"type":"Feature","properties":{"average_dip":"(67.5,55,80)","average_rake":"(-95,-110,-80)","catalog_id":"EUR_GRCS715","catalog_name":"SHARE","lower_seis_depth":"(10.5,,)","net_slip_rate":"(2.5,0.6,4.5)","slip_type":"Normal","upper_seis_depth":"(0.0,,)"},"geometry":{"type":"LineString","coordinates":[[23.548132,35.223928],[23.62885,35.216623],[23.694361,35.213884],[23.744719,35.2141],[23.808994,35.219161],[23.878024,35.21571],[23.948173,35.203928],[24.028933,35.192882],[24.096783,35.191969],[24.1601,35.208884],[24.209729,35.206995],[24.236359,35.206995],[24.279936,35.206995],[24.313829,35.210774],[24.334407,35.216443],[24.359826,35.216443],[24.388877,35.210774],[24.411876,35.206995],[24.432454,35.20227],[24.457874,35.195657],[24.469979,35.185263],[24.494188,35.171091],[24.522029,35.156918],[24.557132,35.141801]]}},{"type":"Feature","properties":{"average_dip":"(67.5,55,80)","average_rake":"(-85,-100,-70)","catalog_id":"EUR_GRCS720","catalog_name":"SHARE","lower_seis_depth":"(10.5,,)","net_slip_rate":"(0.8,0.8,0.8)","slip_type":"Normal","upper_seis_depth":"(0.0,,)"},"geometry":{"type":"LineString","coordinates":[[24.52687,35.214553],[24.548659,35.201326],[24.560763,35.189987],[24.581341,35.181484],[24.609182,35.169201],[24.627339,35.161642],[24.651548,35.151249],[24.685441,35.146525]]}},{"type":"Feature","properties":{"average_dip":"(67.5,55,80)","average_rake":"(-95,-110,-80)","catalog_id":"EUR_GRCS722","catalog_name":"SHARE","lower_seis_depth":"(10.5,,)","net_slip_rate":"(0.6,0.1,1.0)","slip_type":"Normal","upper_seis_depth":"(0.0,,)"},"geometry":{"type":"LineString","coordinates":[[24.572319,35.086959],[24.60332,35.087873],[24.634321,35.088786],[24.672925,35.089699],[24.71036,35.093351],[24.734926,35.09883],[24.766512,35.110701],[24.788738,35.117093],[24.806286,35.117093],[24.832022,35.118919],[24.84957,35.118919]]}},{"type":"Feature","properties":{"average_dip":"(67.5,55,80)","average_rake":"(-80,-100,-60)","catalog_id":"EUR_GRCS725","catalog_name":"SHARE","lower_seis_depth":"(10.5,,)","net_slip_rate":"(5.0,4.3,5.8)","slip_type":"Normal","upper_seis_depth":"(1.5,,)"},"geometry":{"type":"LineString","coordinates":[[24.139482,35.07235],[24.172822,35.074633],[24.206162,35.076915],[24.239502,35.076459],[24.272842,35.076002],[24.304428,35.071893],[24.336013,35.067784],[24.376958,35.049521],[24.407373,35.02852],[24.449487,35.009344],[24.493941,34.985603],[24.525526,34.966426],[24.564131,34.947251],[24.593962,34.937207],[24.623792,34.927163],[24.671755,34.908899]]}},{"type":"Feature","properties":{"average_dip":"(65.0,55,75)","average_rake":"(-90,-100,-80)","catalog_id":"EUR_GRCS730","catalog_name":"SHARE","lower_seis_depth":"(10.5,,)","net_slip_rate":"(0.9,0.6,1.3)","slip_type":"Normal","upper_seis_depth":"(1.0,,)"},"geometry":{"type":"LineString","coordinates":[[24.684623,34.883333],[24.743114,34.878767],[24.801606,34.874202],[24.853079,34.876941],[24.904552,34.87968],[24.951345,34.884246],[24.998138,34.888812],[25.087045,34.899769],[25.171273,34.910727],[25.239124,34.916205],[25.313993,34.934468],[25.391202,34.950904],[25.440335,34.951817],[25.489468,34.95273],[25.535092,34.957296],[25.580715,34.961861]]}},{"type":"Feature","properties":{"average_dip":"(67.5,55,80)","average_rake":"(-97,-110,-85)","catalog_id":"EUR_GRCS740","catalog_name":"SHARE","lower_seis_depth":"(11.0,,)","net_slip_rate":"(0.6,0.1,1.0)","slip_type":"Normal","upper_seis_depth":"(0.0,,)"},"geometry":{"type":"LineString","coordinates":[[25.048776,35.341863],[25.045187,35.327223],[25.035578,35.312137],[25.026586,35.29907],[25.021965,35.282595],[25.008352,35.260595],[25.003548,35.242367],[24.999544,35.22351],[24.998743,35.202767],[25.001145,35.187682],[25.002747,35.170711],[25.00595,35.157511],[25.003548,35.145568],[24.998743,35.133625],[24.992337,35.12294]]}},{"type":"Feature","properties":{"average_dip":"(70.0,60,80)","average_rake":"(-82,-90,-75)","catalog_id":"EUR_GRCS743","catalog_name":"SHARE","lower_seis_depth":"(11.0,,)","net_slip_rate":"(0.5,0.5,0.5)","slip_type":"Normal","upper_seis_depth":"(0.0,,)"},"geometry":{"type":"LineString","coordinates":[[25.512768,35.236682],[25.487197,35.237143],[25.469807,35.233993],[25.449741,35.229093],[25.430122,35.218243],[25.41184,35.209492],[25.394896,35.199342],[25.380042,35.185849],[25.367638,35.170842],[25.356474,35.15535],[25.349415,35.14474],[25.341589,35.135017],[25.336038,35.124789]]}},{"type":"Feature","properties":{"average_dip":"(70.0,60,80)","average_rake":"(-90,-95,-85)","catalog_id":"EUR_GRCS745","catalog_name":"SHARE","lower_seis_depth":"(11.0,,)","net_slip_rate":"(1.1,0.9,1.3)","slip_type":"Normal","upper_seis_depth":"(0.0,,)"},"geometry":{"type":"LineString","coordinates":[[25.894299,35.195492],[25.889432,35.177986],[25.87899,35.158967],[25.876814,35.149797],[25.872463,35.13825],[25.864631,35.125683],[25.858105,35.109381],[25.845922,35.096476],[25.83896,35.090023],[25.834174,35.077117],[25.825907,35.063192],[25.822861,35.054362],[25.819815,35.045192],[25.813289,35.040437],[25.804587,35.030928],[25.79719,35.021418],[25.789793,35.012928],[25.781091,35.003418]]}},{"type":"Feature","properties":{"average_dip":"(75.0,65,85)","average_rake":"(-85,-100,-70)","catalog_id":"EUR_GRCS748","catalog_name":"SHARE","lower_seis_depth":"(11.0,,)","net_slip_rate":"(0.6,0.1,1.0)","slip_type":"Normal","upper_seis_depth":"(0.5,,)"},"geometry":{"type":"LineString","coordinates":[[26.171238,35.442535],[26.140597,35.413932],[26.109955,35.385329],[26.079314,35.356726],[26.049967,35.332148],[26.020619,35.307569],[25.982786,35.276615],[25.944953,35.24566],[25.920177,35.225235],[25.895401,35.204809]]}},{"type":"Feature","properties":{"average_dip":"(60.0,50,70)","average_rake":"(-70,-90,-50)","catalog_id":"EUR_GRCS750","catalog_name":"SHARE","lower_seis_depth":"(11.5,,)","net_slip_rate":"(0.6,0.1,1.0)","slip_type":"Normal","upper_seis_depth":"(2.0,,)"},"geometry":{"type":"LineString","coordinates":[[26.453373,35.564118],[26.408302,35.559153],[26.371351,35.554143],[26.330621,35.551428],[26.290018,35.546638],[26.253217,35.542626],[26.208238,35.541823],[26.167348,35.542626],[26.117258,35.542626],[26.07228,35.546638],[26.042217,35.54793],[26.012154,35.549222]]}},{"type":"Feature","properties":{"average_dip":"(67.5,55,80)","average_rake":"(-90,-100,-80)","catalog_id":"EUR_GRCS752","catalog_name":"SHARE","lower_seis_depth":"(11.0,,)","net_slip_rate":"(0.6,0.1,1.0)","slip_type":"Normal","upper_seis_depth":"(0.0,,)"},"geometry":{"type":"LineString","coordinates":[[26.117759,35.122185],[26.118038,35.115836],[26.11497,35.102481],[26.111344,35.09241],[26.104093,35.077961],[26.096841,35.070955],[26.085127,35.065919],[26.069925,35.062616],[26.05612,35.060565],[26.046637,35.056008],[26.014286,35.03049]]}},{"type":"Feature","properties":{"average_dip":"(67.5,55,80)","average_rake":"(-90,-100,-80)","catalog_id":"EUR_GRCS755","catalog_name":"SHARE","lower_seis_depth":"(11.0,,)","net_slip_rate":"(0.6,0.1,1.0)","slip_type":"Normal","upper_seis_depth":"(0.0,,)"},"geometry":{"type":"LineString","coordinates":[[26.115807,35.202535],[26.111708,35.193716],[26.109671,35.185239],[26.105487,35.1767],[26.103256,35.170351],[26.096283,35.16028],[26.090147,35.151304],[26.085774,35.141404],[26.083732,35.134227]]}},{"type":"Feature","properties":{"average_dip":"(80.0,70,90)","average_rake":"(-110,-130,-90)","catalog_id":"EUR_GRCS760","catalog_name":"SHARE","lower_seis_depth":"(11.0,,)","net_slip_rate":"(1.2,0.5,2.0)","slip_type":"Normal","upper_seis_depth":"(0.5,,)"},"geometry":{"type":"LineString","coordinates":[[26.245773,34.978385],[26.260677,35.031041],[26.280553,35.081746],[26.301671,35.130502],[26.322789,35.179257],[26.342665,35.222162],[26.362541,35.265066],[26.407261,35.319672],[26.438317,35.352825],[26.469373,35.385979],[26.501671,35.421083],[26.533969,35.456187],[26.568753,35.520544],[26.583657,35.581],[26.589488,35.630723]]}},{"type":"Feature","properties":{"average_dip":"(62.5,50,75)","average_rake":"(-80,-100,-60)","catalog_id":"EUR_GRCS770","catalog_name":"SHARE","lower_seis_depth":"(11.5,,)","net_slip_rate":"(0.6,0.1,1.0)","slip_type":"Normal","upper_seis_depth":"(1.5,,)"},"geometry":{"type":"LineString","coordinates":[[26.968747,35.528345],[26.922786,35.511768],[26.876825,35.495191],[26.827135,35.476664],[26.777445,35.458137],[26.74639,35.441561],[26.715335,35.424984]]}},{"type":"Feature","properties":{"average_dip":"(62.5,50,75)","average_rake":"(-80,-100,-60)","catalog_id":"EUR_GRCS772","catalog_name":"SHARE","lower_seis_depth":"(12.0,,)","net_slip_rate":"(0.6,0.1,1.0)","slip_type":"Normal","upper_seis_depth":"(1.5,,)"},"geometry":{"type":"LineString","coordinates":[[26.921543,35.793573],[26.895457,35.780897],[26.869371,35.768221],[26.825893,35.751644],[26.782415,35.735067],[26.745147,35.723366],[26.707879,35.711664]]}},{"type":"Feature","properties":{"average_dip":"(80.0,70,90)","average_rake":"(-110,-130,-90)","catalog_id":"EUR_GRCS774","catalog_name":"SHARE","lower_seis_depth":"(11.0,,)","net_slip_rate":"(1.2,0.5,2.0)","slip_type":"Normal","upper_seis_depth":"(1.0,,)"},"geometry":{"type":"LineString","coordinates":[[26.607841,35.281323],[26.616278,35.325345],[26.624715,35.369367],[26.631516,35.402051],[26.638317,35.434734],[26.644527,35.473738],[26.650737,35.512743],[26.655707,35.547847],[26.660677,35.58295],[26.665645,35.616103],[26.670613,35.649257],[26.672042,35.672544],[26.673253,35.692037]]}},{"type":"Feature","properties":{"average_dip":"(80.0,70,90)","average_rake":"(-110,-130,-90)","catalog_id":"EUR_GRCS776","catalog_name":"SHARE","lower_seis_depth":"(11.0,,)","net_slip_rate":"(1.8,0.5,3.0)","slip_type":"Normal","upper_seis_depth":"(2.0,,)"},"geometry":{"type":"LineString","coordinates":[[26.984271,35.467888],[26.986532,35.494168],[26.988793,35.520449],[26.987662,35.551234],[26.986532,35.582019],[26.982763,35.606046],[26.978993,35.630075],[26.975224,35.654102],[26.968442,35.687891],[26.961658,35.72168],[26.957133,35.738199],[26.954872,35.753216]]}},{"type":"Feature","properties":{"average_dip":"(80.0,70,90)","average_rake":"(-110,-130,-90)","catalog_id":"EUR_GRCS778","catalog_name":"SHARE","lower_seis_depth":"(12.0,,)","net_slip_rate":"(1.8,0.5,3.0)","slip_type":"Normal","upper_seis_depth":"(1.0,,)"},"geometry":{"type":"LineString","coordinates":[[26.92776,36.163396],[26.93285,36.133829],[26.930472,36.103968],[26.930906,36.073014],[26.928779,36.042733],[26.931832,36.00997],[26.936922,35.982001],[26.942078,35.955527],[26.940941,35.930354],[26.939805,35.905181],[26.935298,35.881304],[26.930792,35.857427]]}},{"type":"Feature","properties":{"average_dip":"(60.0,50,70)","average_rake":"(-90,-110,-70)","catalog_id":"EUR_GRCS779","catalog_name":"SHARE","lower_seis_depth":"(12.0,,)","net_slip_rate":"(0.6,0.1,1.0)","slip_type":"Normal","upper_seis_depth":"(0.5,,)"},"geometry":{"type":"LineString","coordinates":[[26.844641,36.210946],[26.882307,36.218138],[26.932189,36.227727],[26.970873,36.23412],[27.002431,36.237316],[27.033988,36.240512],[27.068091,36.24251],[27.102194,36.244508],[27.14495,36.245707],[27.187706,36.246905]]}},{"type":"Feature","properties":{"average_dip":"(80.0,70,90)","average_rake":"(-110,-130,-90)","catalog_id":"EUR_GRCS780","catalog_name":"SHARE","lower_seis_depth":"(12.0,,)","net_slip_rate":"(1.8,0.5,3.0)","slip_type":"Normal","upper_seis_depth":"(2.0,,)"},"geometry":{"type":"LineString","coordinates":[[27.197529,36.178578],[27.192439,36.157802],[27.188335,36.135756],[27.184013,36.103908],[27.175882,36.073951],[27.16163,36.033197],[27.14636,35.982855],[27.144324,35.936507],[27.137467,35.890905],[27.12635,35.842034],[27.115071,35.787822],[27.109981,35.741474],[27.094585,35.701436],[27.077405,35.660766],[27.052554,35.618795]]}},{"type":"Feature","properties":{"average_dip":"(72.5,60,85)","average_rake":"(0,170,-170)","catalog_id":"EUR_GRCS810","catalog_name":"SHARE","lower_seis_depth":"(18.0,,)","net_slip_rate":"(0.8,0.5,1.2)","slip_type":"Sinistral","upper_seis_depth":"(1.0,,)"},"geometry":{"type":"LineString","coordinates":[[23.792122,39.200969],[23.832864,39.233177],[23.88842,39.274859],[23.983936,39.358729],[24.02086,39.398222],[24.070099,39.454408],[24.099759,39.506086],[24.126876,39.541088],[24.161643,39.564602],[24.192796,39.580958],[24.215705,39.599272],[24.235688,39.618868],[24.311479,39.666215],[24.343936,39.6914],[24.371199,39.713134],[24.396062,39.741321],[24.41285,39.767767],[24.442644,39.798351],[24.487348,39.832669],[24.526634,39.86179],[24.593356,39.910796],[24.675015,39.975211],[24.734511,40.020951],[24.792897,40.063594],[24.912918,40.142038]]}},{"type":"Feature","properties":{"average_dip":"(65.0,50,80)","average_rake":"(-70,-90,-50)","catalog_id":"EUR_GRCS815","catalog_name":"SHARE","lower_seis_depth":"(15.0,,)","net_slip_rate":"(1.1,0.7,1.6)","slip_type":"Normal","upper_seis_depth":"(0.5,,)"},"geometry":{"type":"LineString","coordinates":[[23.193251,39.626566],[23.236271,39.608793],[23.27929,39.59102],[23.317026,39.572062],[23.354763,39.553104],[23.381933,39.541255],[23.426462,39.531776],[23.470991,39.522297],[23.499671,39.515781],[23.528351,39.509264],[23.567597,39.506894]]}},{"type":"Feature","properties":{"average_dip":"(70.0,60,80)","average_rake":"(-75,-90,-60)","catalog_id":"EUR_GRCS820","catalog_name":"SHARE","lower_seis_depth":"(13.0,,)","net_slip_rate":"(1.0,0.7,1.4)","slip_type":"Normal","upper_seis_depth":"(0.5,,)"},"geometry":{"type":"LineString","coordinates":[[23.747021,39.189507],[23.711883,39.199307],[23.675829,39.210246],[23.639775,39.221184],[23.600955,39.232703],[23.568352,39.242438],[23.540515,39.251551],[23.523242,39.260144],[23.506562,39.271296],[23.483573,39.286364],[23.466384,39.295086],[23.458332,39.298869],[23.418026,39.314919],[23.394571,39.324536],[23.376243,39.332109]]}},{"type":"Feature","properties":{"average_dip":"(80.0,70,90)","average_rake":"(-2,173,-177)","catalog_id":"EUR_GRCS831","catalog_name":"SHARE","lower_seis_depth":"(15.0,,)","net_slip_rate":"(1.2,0.8,1.6)","slip_type":"Sinistral","upper_seis_depth":"(0.0,,)"},"geometry":{"type":"LineString","coordinates":[[24.651233,39.263335],[24.724391,39.311272],[24.797548,39.359208],[24.870706,39.407145],[24.943862,39.455081],[25.01702,39.503018],[25.090178,39.550953],[25.163335,39.59889],[25.236493,39.646826],[25.309649,39.694763],[25.382807,39.742699]]}},{"type":"Feature","properties":{"average_dip":"(82.5,75,90)","average_rake":"(5,-10,20)","catalog_id":"EUR_GRCS835","catalog_name":"SHARE","lower_seis_depth":"(30.0,,)","net_slip_rate":"(1.2,1.0,1.5)","slip_type":"Sinistral","upper_seis_depth":"(0.0,,)"},"geometry":{"type":"LineString","coordinates":[[24.142262,39.256306],[24.172126,39.232133],[24.205307,39.204506],[24.242913,39.172563],[24.273882,39.144936],[24.30817,39.115582],[24.351306,39.081912],[24.396654,39.046515],[24.428449,39.021195],[24.457052,38.997931],[24.493696,38.978324],[24.537245,38.953053],[24.577402,38.93237],[24.616564,38.911878]]}},{"type":"Feature","properties":{"average_dip":"(57.5,45,70)","average_rake":"(-65,-90,-40)","catalog_id":"EUR_GRCS837","catalog_name":"SHARE","lower_seis_depth":"(14.0,,)","net_slip_rate":"(0.6,0.5,0.7)","slip_type":"Sinistral-Normal","upper_seis_depth":"(0.0,,)"},"geometry":{"type":"LineString","coordinates":[[24.471954,39.129506],[24.495115,39.10277],[24.518275,39.076034],[24.550972,39.048229],[24.575495,39.031118],[24.600018,39.014007],[24.636803,38.985133],[24.673588,38.956258],[24.704923,38.9338],[24.736258,38.911342]]}},{"type":"Feature","properties":{"average_dip":"(62.5,50,75)","average_rake":"(-110,-130,-90)","catalog_id":"EUR_GRCS838","catalog_name":"SHARE","lower_seis_depth":"(14.0,,)","net_slip_rate":"(0.6,0.1,1.0)","slip_type":"Normal","upper_seis_depth":"(0.5,,)"},"geometry":{"type":"LineString","coordinates":[[24.724206,39.298132],[24.76618,39.294219],[24.808153,39.290305],[24.853538,39.289041],[24.898922,39.287778],[24.943803,39.288621],[24.988683,39.289464],[25.027198,39.293362],[25.065712,39.29726],[25.106419,39.304101],[25.147126,39.310941]]}},{"type":"Feature","properties":{"average_dip":"(80.0,70,90)","average_rake":"(20,180,-140)","catalog_id":"EUR_GRCS840","catalog_name":"SHARE","lower_seis_depth":"(18.0,,)","net_slip_rate":"(0.8,0.7,0.9)","slip_type":"Sinistral","upper_seis_depth":"(0.5,,)"},"geometry":{"type":"LineString","coordinates":[[24.830992,38.874642],[24.868155,38.902841],[24.906556,38.933957],[24.956107,38.97577],[24.990792,39.004941],[24.999464,39.017582],[25.006896,39.038003],[25.023,39.05745],[25.046536,39.080787],[25.088654,39.1226],[25.129532,39.162468],[25.165734,39.197335],[25.211437,39.239191],[25.25714,39.281046],[25.296293,39.318799],[25.335447,39.356552]]}},{"type":"Feature","properties":{"average_dip":"(70.0,55,85)","average_rake":"(15,180,-150)","catalog_id":"EUR_GRCS845","catalog_name":"SHARE","lower_seis_depth":"(17.0,,)","net_slip_rate":"(0.8,0.6,0.9)","slip_type":"Sinistral","upper_seis_depth":"(0.0,,)"},"geometry":{"type":"LineString","coordinates":[[25.4447,39.326281],[25.425628,39.30917],[25.406556,39.292059],[25.383394,39.267462],[25.360232,39.242865],[25.32481,39.212921],[25.289388,39.182977],[25.253966,39.153033],[25.223994,39.123089],[25.194022,39.093145],[25.174948,39.073896],[25.155874,39.054646]]}},{"type":"Feature","properties":{"average_dip":"(80.0,70,90)","average_rake":"(15,180,-150)","catalog_id":"EUR_GRCS850","catalog_name":"SHARE","lower_seis_depth":"(15.0,,)","net_slip_rate":"(1.2,0.5,2.0)","slip_type":"Sinistral","upper_seis_depth":"(0.0,,)"},"geometry":{"type":"LineString","coordinates":[[26.001716,38.97414],[26.020851,38.989712],[26.058929,39.019602],[26.09453,39.05066],[26.134291,39.086471],[26.162838,39.111539],[26.191384,39.136606],[26.215343,39.160082],[26.239301,39.183557],[26.265808,39.22096],[26.277023,39.254383],[26.291296,39.288602],[26.311687,39.325208],[26.333096,39.35704],[26.354506,39.379322]]}},{"type":"Feature","properties":{"average_dip":"(85.0,80,90)","average_rake":"(10,180,-160)","catalog_id":"EUR_GRCS853","catalog_name":"SHARE","lower_seis_depth":"(16.0,,)","net_slip_rate":"(1.2,0.5,2.0)","slip_type":"Sinistral","upper_seis_depth":"(0.5,,)"},"geometry":{"type":"LineString","coordinates":[[25.858566,38.875134],[25.832707,38.859829],[25.806849,38.844524],[25.777619,38.826813],[25.748389,38.809101],[25.72121,38.791389],[25.694031,38.773677],[25.671981,38.757576],[25.64993,38.741475],[25.619512,38.721398],[25.589094,38.701321],[25.55643,38.679687],[25.523766,38.658053],[25.493144,38.638823],[25.462522,38.619594],[25.4319,38.600364]]}},{"type":"Feature","properties":{"average_dip":"(67.5,55,80)","average_rake":"(-95,-110,-80)","catalog_id":"EUR_GRCS855","catalog_name":"SHARE","lower_seis_depth":"(14.5,,)","net_slip_rate":"(1.0,0.5,1.5)","slip_type":"Normal","upper_seis_depth":"(0.0,,)"},"geometry":{"type":"LineString","coordinates":[[26.640303,39.017339],[26.592081,38.999927],[26.551575,38.988571],[26.510104,38.974944],[26.484065,38.970402],[26.458989,38.968131],[26.427163,38.962832],[26.397265,38.954504],[26.362546,38.943905],[26.325897,38.925736]]}},{"type":"Feature","properties":{"average_dip":"(67.5,55,80)","average_rake":"(-75,-90,-60)","catalog_id":"EUR_GRCS857","catalog_name":"SHARE","lower_seis_depth":"(13.0,,)","net_slip_rate":"(0.6,0.2,1.0)","slip_type":"Normal","upper_seis_depth":"(0.0,,)"},"geometry":{"type":"LineString","coordinates":[[26.533733,39.064276],[26.532286,39.071468],[26.528428,39.08131],[26.517337,39.093044],[26.503353,39.108942],[26.482135,39.124083],[26.462846,39.137332],[26.441147,39.147931],[26.414625,39.157394]]}},{"type":"Feature","properties":{"average_dip":"(67.5,55,80)","average_rake":"(-15,-30,0)","catalog_id":"EUR_GRCS865","catalog_name":"SHARE","lower_seis_depth":"(15.0,,)","net_slip_rate":"(0.8,0.5,1.0)","slip_type":"Sinistral","upper_seis_depth":"(0.5,,)"},"geometry":{"type":"LineString","coordinates":[[25.45015,38.466459],[25.430818,38.494952],[25.411486,38.523444],[25.386988,38.562705],[25.36249,38.601966],[25.340034,38.628407],[25.317578,38.654848],[25.296142,38.671675],[25.274706,38.688501],[25.254799,38.707951],[25.234892,38.7274],[25.225355,38.756275],[25.215818,38.785149],[25.200832,38.808677],[25.185846,38.832204]]}},{"type":"Feature","properties":{"average_dip":"(60.0,45,75)","average_rake":"(-90,-100,-80)","catalog_id":"EUR_GRCS868","catalog_name":"SHARE","lower_seis_depth":"(15.0,,)","net_slip_rate":"(0.8,0.5,1.0)","slip_type":"Normal","upper_seis_depth":"(0.5,,)"},"geometry":{"type":"LineString","coordinates":[[25.771674,38.522069],[25.72944,38.511375],[25.687206,38.500681],[25.631348,38.491056],[25.57549,38.481431],[25.520994,38.469667],[25.466498,38.457903]]}},{"type":"Feature","properties":{"average_dip":"(57.5,45,70)","average_rake":"(20,180,-140)","catalog_id":"EUR_GRCS870","catalog_name":"SHARE","lower_seis_depth":"(14.0,,)","net_slip_rate":"(0.5,0.4,0.6)","slip_type":"Sinistral","upper_seis_depth":"(0.5,,)"},"geometry":{"type":"LineString","coordinates":[[24.921542,38.609762],[24.883395,38.583027],[24.845248,38.556291],[24.818001,38.531694],[24.790754,38.507097],[24.768955,38.479292],[24.747156,38.451487],[24.718546,38.416196],[24.689936,38.380904],[24.664505,38.355238],[24.639073,38.329571],[24.613642,38.303905]]}},{"type":"Feature","properties":{"average_dip":"(57.5,45,70)","average_rake":"(20,180,-140)","catalog_id":"EUR_GRCS873","catalog_name":"SHARE","lower_seis_depth":"(14.0,,)","net_slip_rate":"(0.4,0.3,0.5)","slip_type":"Sinistral","upper_seis_depth":"(0.5,,)"},"geometry":{"type":"LineString","coordinates":[[24.96514,38.449348],[24.943342,38.423681],[24.921543,38.399085],[24.899744,38.374488],[24.872496,38.347752],[24.845248,38.321016],[24.822088,38.298558],[24.798928,38.2761],[24.758056,38.248295]]}},{"type":"Feature","properties":{"average_dip":"(60.0,50,70)","average_rake":"(-105,-110,-100)","catalog_id":"EUR_GRCS880","catalog_name":"SHARE","lower_seis_depth":"(14.5,,)","net_slip_rate":"(2.9,2.2,3.6)","slip_type":"Normal","upper_seis_depth":"(0.0,,)"},"geometry":{"type":"LineString","coordinates":[[25.832965,38.609079],[25.887298,38.613328],[25.943594,38.618852],[25.978779,38.623271],[26.030852,38.626585],[26.062519,38.628518],[26.094185,38.630451],[26.128666,38.635147],[26.163147,38.639842],[26.202554,38.645918],[26.241961,38.651994],[26.273628,38.657518],[26.305294,38.663042],[26.357367,38.676299],[26.405219,38.689556],[26.461514,38.70668]]}},{"type":"Feature","properties":{"average_dip":"(70.0,55,85)","average_rake":"(-15,-30,0)","catalog_id":"EUR_GRCS885","catalog_name":"SHARE","lower_seis_depth":"(13.0,,)","net_slip_rate":"(0.6,0.1,1.0)","slip_type":"Sinistral","upper_seis_depth":"(0.0,,)"},"geometry":{"type":"LineString","coordinates":[[25.927806,38.290342],[25.94632,38.283518],[25.952834,38.277898],[25.959348,38.267863],[25.975461,38.260771],[26.004603,38.244849],[26.026544,38.227187],[26.053286,38.215412],[26.078656,38.207919],[26.092369,38.203637]]}},{"type":"Feature","properties":{"average_dip":"(57.5,45,70)","average_rake":"(-90,-100,-80)","catalog_id":"EUR_GRCS900","catalog_name":"SHARE","lower_seis_depth":"(15.0,,)","net_slip_rate":"(2.0,1.0,3.0)","slip_type":"Normal","upper_seis_depth":"(0.0,,)"},"geometry":{"type":"LineString","coordinates":[[25.966473,38.085401],[26.026946,38.099199],[26.059508,38.105372],[26.09207,38.111544],[26.148821,38.117353],[26.188826,38.119895],[26.22883,38.122437],[26.266974,38.11808],[26.305118,38.113722],[26.363109,38.105492],[26.421101,38.097262],[26.479092,38.089032],[26.54189,38.079955],[26.604688,38.070877],[26.645623,38.061437]]}},{"type":"Feature","properties":{"average_dip":"(62.5,50,75)","average_rake":"(-25,-40,-10)","catalog_id":"EUR_GRCS905","catalog_name":"SHARE","lower_seis_depth":"(14.5,,)","net_slip_rate":"(0.6,0.1,1.0)","slip_type":"Sinistral-Normal","upper_seis_depth":"(0.5,,)"},"geometry":{"type":"LineString","coordinates":[[25.970585,37.730691],[25.940611,37.763844],[25.910637,37.796996],[25.887477,37.816246],[25.864317,37.835495],[25.837069,37.854745],[25.809821,37.873994],[25.789385,37.898591],[25.768949,37.923188],[25.740339,37.946716],[25.711729,37.970243]]}},{"type":"Feature","properties":{"average_dip":"(72.5,60,85)","average_rake":"(-125,-150,-100)","catalog_id":"EUR_GRCS907","catalog_name":"SHARE","lower_seis_depth":"(15.0,,)","net_slip_rate":"(1.2,0.5,2.0)","slip_type":"Dextral-Normal","upper_seis_depth":"(0.5,,)"},"geometry":{"type":"LineString","coordinates":[[25.869139,37.533705],[25.895005,37.551154],[25.920871,37.568602],[25.947546,37.587003],[25.97422,37.605403],[26.016252,37.628879],[26.052626,37.644107],[26.086575,37.651721],[26.111633,37.650452],[26.138307,37.655528],[26.177915,37.662508],[26.213163,37.675302],[26.249906,37.686976],[26.286648,37.698652],[26.318509,37.70854],[26.35037,37.718428]]}},{"type":"Feature","properties":{"average_dip":"(72.5,60,85)","average_rake":"(-135,-160,-110)","catalog_id":"EUR_GRCS910","catalog_name":"SHARE","lower_seis_depth":"(15.0,,)","net_slip_rate":"(0.6,0.1,1.0)","slip_type":"Dextral-Normal","upper_seis_depth":"(0.5,,)"},"geometry":{"type":"LineString","coordinates":[[26.237614,37.435528],[26.274398,37.46975],[26.311182,37.503972],[26.335705,37.528925],[26.360227,37.553879],[26.38475,37.578832],[26.422898,37.610915],[26.461046,37.642998],[26.495106,37.675081],[26.529166,37.707164],[26.562276,37.736197],[26.595386,37.76523],[26.619546,37.798168]]}},{"type":"Feature","properties":{"average_dip":"(57.5,45,70)","average_rake":"(-90,-100,-80)","catalog_id":"EUR_GRCS912","catalog_name":"SHARE","lower_seis_depth":"(15.0,,)","net_slip_rate":"(1.1,0.1,2.0)","slip_type":"Normal","upper_seis_depth":"(0.5,,)"},"geometry":{"type":"LineString","coordinates":[[27.099063,37.79139],[27.064582,37.799123],[27.030101,37.806856],[26.987879,37.81238],[26.945657,37.817904],[26.906954,37.820666],[26.868251,37.823428],[26.827437,37.825085],[26.786622,37.826742],[26.741586,37.82619],[26.696549,37.825637],[26.647994,37.823428],[26.599439,37.821218]]}},{"type":"Feature","properties":{"average_dip":"(62.5,50,75)","average_rake":"(-95,-100,-90)","catalog_id":"EUR_GRCS915","catalog_name":"SHARE","lower_seis_depth":"(15.0,,)","net_slip_rate":"(3.0,3.0,3.0)","slip_type":"Normal","upper_seis_depth":"(0.0,,)"},"geometry":{"type":"LineString","coordinates":[[26.95668,37.686156],[26.918436,37.695709],[26.869483,37.704664],[26.835828,37.713023],[26.808292,37.716605],[26.779991,37.71959],[26.744806,37.723172],[26.724154,37.722575],[26.705032,37.718993],[26.688205,37.717202],[26.667553,37.712426],[26.649961,37.708844],[26.628544,37.707649],[26.607892,37.709441],[26.586475,37.708246]]}},{"type":"Feature","properties":{"average_dip":"(60.0,50,70)","average_rake":"(-90,-110,-70)","catalog_id":"EUR_GRCS937","catalog_name":"SHARE","lower_seis_depth":"(13.0,,)","net_slip_rate":"(0.3,0.05,0.5)","slip_type":"Normal","upper_seis_depth":"(0.0,,)"},"geometry":{"type":"LineString","coordinates":[[24.874105,36.890958],[24.90563,36.893496],[24.937154,36.896034],[24.973528,36.903014],[25.009902,36.909993],[25.06325,36.922683],[25.097604,36.927759],[25.131957,36.932835],[25.169544,36.941084],[25.20713,36.949332],[25.23825,36.95536],[25.26937,36.961387],[25.300491,36.963608],[25.331611,36.965829]]}},{"type":"Feature","properties":{"average_dip":"(60.0,50,70)","average_rake":"(-90,-110,-70)","catalog_id":"EUR_GRCS938","catalog_name":"SHARE","lower_seis_depth":"(12.5,,)","net_slip_rate":"(0.3,0.05,0.5)","slip_type":"Normal","upper_seis_depth":"(0.5,,)"},"geometry":{"type":"LineString","coordinates":[[24.291359,37.011512],[24.327299,37.01898],[24.372752,37.027278],[24.418205,37.035575],[24.463129,37.051755],[24.508053,37.067935],[24.542936,37.089509],[24.577818,37.111082],[24.611115,37.130581],[24.644412,37.150079]]}},{"type":"Feature","properties":{"average_dip":"(60.0,50,70)","average_rake":"(-90,-110,-70)","catalog_id":"EUR_GRCS939","catalog_name":"SHARE","lower_seis_depth":"(12.5,,)","net_slip_rate":"(0.6,0.1,1.0)","slip_type":"Normal","upper_seis_depth":"(1.0,,)"},"geometry":{"type":"LineString","coordinates":[[24.238971,37.084344],[24.201482,37.079885],[24.163992,37.075427],[24.126503,37.070968],[24.083334,37.070968],[24.040164,37.070968],[23.996995,37.070968]]}},{"type":"Feature","properties":{"average_dip":"(60.0,45,75)","average_rake":"(-85,-100,-70)","catalog_id":"EUR_GRCS940","catalog_name":"SHARE","lower_seis_depth":"(13.0,,)","net_slip_rate":"(0.3,0.05,0.5)","slip_type":"Normal","upper_seis_depth":"(0.5,,)"},"geometry":{"type":"LineString","coordinates":[[23.561013,36.863922],[23.538474,36.904133],[23.515935,36.944344],[23.495444,36.975708],[23.474953,37.007072],[23.443193,37.033612],[23.411433,37.060151],[23.376599,37.091516],[23.341765,37.12288],[23.315301,37.161183],[23.288836,37.199486]]}},{"type":"Feature","properties":{"average_dip":"(57.5,45,70)","average_rake":"(-112,-135,-90)","catalog_id":"EUR_GRCS943","catalog_name":"SHARE","lower_seis_depth":"(13.0,,)","net_slip_rate":"(0.3,0.05,0.5)","slip_type":"Normal","upper_seis_depth":"(0.5,,)"},"geometry":{"type":"LineString","coordinates":[[24.302768,36.846229],[24.252567,36.844621],[24.202366,36.843012],[24.162409,36.843012],[24.122452,36.843012],[24.069177,36.844621],[24.015902,36.846229],[23.968774,36.852663],[23.921646,36.859097],[23.878616,36.87116],[23.835586,36.883223],[23.789482,36.896091],[23.743378,36.908958]]}},{"type":"Feature","properties":{"average_dip":"(60.0,45,75)","average_rake":"(-85,-100,-70)","catalog_id":"EUR_GRCS947","catalog_name":"SHARE","lower_seis_depth":"(13.0,,)","net_slip_rate":"(0.3,0.05,0.5)","slip_type":"Normal","upper_seis_depth":"(0.5,,)"},"geometry":{"type":"LineString","coordinates":[[23.929842,36.576012],[23.904229,36.590488],[23.878616,36.604964],[23.856077,36.621049],[23.833537,36.637133],[23.80485,36.674127],[23.787434,36.693428],[23.770017,36.712729],[23.743379,36.733639],[23.716741,36.754548]]}},{"type":"Feature","properties":{"average_dip":"(62.5,50,75)","average_rake":"(-90,-100,-80)","catalog_id":"EUR_GRCS950","catalog_name":"SHARE","lower_seis_depth":"(13.0,,)","net_slip_rate":"(0.3,0.05,0.5)","slip_type":"Normal","upper_seis_depth":"(0.5,,)"},"geometry":{"type":"LineString","coordinates":[[24.255725,36.616561],[24.2197,36.618512],[24.183675,36.620462],[24.143924,36.620462],[24.104173,36.620462],[24.059453,36.618512],[24.014732,36.616561]]}},{"type":"Feature","properties":{"average_dip":"(62.5,50,75)","average_rake":"(-80,-90,-70)","catalog_id":"EUR_GRCS952","catalog_name":"SHARE","lower_seis_depth":"(13.0,,)","net_slip_rate":"(0.3,0.05,0.5)","slip_type":"Normal","upper_seis_depth":"(0.0,,)"},"geometry":{"type":"LineString","coordinates":[[25.214158,36.782503],[25.183504,36.765908],[25.15285,36.749314],[25.12801,36.733964],[25.103169,36.718613],[25.082557,36.701604],[25.061944,36.684594],[25.039746,36.671318],[25.005921,36.655553],[24.972095,36.653893],[24.93827,36.658872],[24.893874,36.672977],[24.851592,36.687913],[24.814596,36.69704],[24.782885,36.703678],[24.751173,36.710316]]}},{"type":"Feature","properties":{"average_dip":"(60.0,50,70)","average_rake":"(-90,-110,-70)","catalog_id":"EUR_GRCS954","catalog_name":"SHARE","lower_seis_depth":"(12.0,,)","net_slip_rate":"(0.3,0.05,0.5)","slip_type":"Normal","upper_seis_depth":"(0.5,,)"},"geometry":{"type":"LineString","coordinates":[[25.169762,36.593322],[25.128538,36.580876],[25.087313,36.56843],[25.040803,36.557643],[24.994293,36.546856],[24.961525,36.546856],[24.928757,36.546856],[24.883304,36.551835],[24.837851,36.556813],[24.786056,36.560962],[24.734261,36.565111]]}},{"type":"Feature","properties":{"average_dip":"(60.0,45,75)","average_rake":"(-90,-100,-80)","catalog_id":"EUR_GRCS956","catalog_name":"SHARE","lower_seis_depth":"(14.5,,)","net_slip_rate":"(0.6,0.1,1.0)","slip_type":"Normal","upper_seis_depth":"(0.0,,)"},"geometry":{"type":"LineString","coordinates":[[25.372186,36.560479],[25.401279,36.5825],[25.430371,36.604521],[25.459464,36.626542],[25.4844,36.651825],[25.509336,36.677109],[25.534272,36.702392],[25.569598,36.725229],[25.604924,36.748065],[25.64025,36.770902]]}},{"type":"Feature","properties":{"average_dip":"(62.5,45,80)","average_rake":"(-105,-120,-90)","catalog_id":"EUR_GRCS958","catalog_name":"SHARE","lower_seis_depth":"(16.0,,)","net_slip_rate":"(0.6,0.1,1.0)","slip_type":"Normal","upper_seis_depth":"(0.0,,)"},"geometry":{"type":"LineString","coordinates":[[25.672717,36.698815],[25.719161,36.720058],[25.764253,36.737756],[25.794941,36.750538],[25.825629,36.76332],[25.852098,36.776281],[25.878566,36.789243],[25.905218,36.807422],[25.938024,36.828696],[25.967978,36.84885],[25.999358,36.867884],[26.036444,36.88132],[26.076143,36.887206],[26.113721,36.892122]]}},{"type":"Feature","properties":{"average_dip":"(60.0,50,70)","average_rake":"(-90,-100,-80)","catalog_id":"EUR_GRCS960","catalog_name":"SHARE","lower_seis_depth":"(15.5,,)","net_slip_rate":"(2.4,2.4,2.4)","slip_type":"Normal","upper_seis_depth":"(0.5,,)"},"geometry":{"type":"LineString","coordinates":[[26.672597,37.059754],[26.626356,37.036129],[26.580114,37.012505],[26.533873,36.98888],[26.495604,36.975203],[26.457336,36.961525],[26.419067,36.947848],[26.385582,36.944118],[26.352097,36.940387],[26.321004,36.929197],[26.289911,36.918006],[26.248089,36.89836],[26.206266,36.878714],[26.164444,36.859068]]}},{"type":"Feature","properties":{"average_dip":"(60.0,45,75)","average_rake":"(-90,-100,-80)","catalog_id":"EUR_GRCS962","catalog_name":"SHARE","lower_seis_depth":"(13.0,,)","net_slip_rate":"(0.6,0.1,1.0)","slip_type":"Normal","upper_seis_depth":"(0.5,,)"},"geometry":{"type":"LineString","coordinates":[[26.41951,36.709732],[26.341586,36.682818],[26.297948,36.668138],[26.25431,36.653457],[26.201187,36.633556],[26.148063,36.613655],[26.076309,36.580083],[26.014123,36.555837],[25.951936,36.531591],[25.909865,36.509334],[25.867794,36.487076],[25.825714,36.465056],[25.783634,36.443035],[25.72441,36.396546],[25.677924,36.374544],[25.631437,36.352541]]}},{"type":"Feature","properties":{"average_dip":"(62.5,45,80)","average_rake":"(-90,-100,-80)","catalog_id":"EUR_GRCS965","catalog_name":"SHARE","lower_seis_depth":"(14.5,,)","net_slip_rate":"(3.0,3.0,3.0)","slip_type":"Normal","upper_seis_depth":"(0.0,,)"},"geometry":{"type":"LineString","coordinates":[[26.962343,36.640531],[26.982168,36.660829],[27.001993,36.681127],[27.027852,36.702778],[27.053711,36.72443],[27.096809,36.745405],[27.139907,36.766379],[27.174385,36.793444],[27.212311,36.812388],[27.264027,36.825921],[27.301953,36.836295],[27.339879,36.84667],[27.377805,36.857044]]}},{"type":"Feature","properties":{"average_dip":"(55.0,40,70)","average_rake":"(-90,-100,-80)","catalog_id":"EUR_GRCS970","catalog_name":"SHARE","lower_seis_depth":"(11.5,,)","net_slip_rate":"(0.6,0.1,1.0)","slip_type":"Normal","upper_seis_depth":"(0.5,,)"},"geometry":{"type":"LineString","coordinates":[[24.232069,36.488319],[24.190228,36.485333],[24.148388,36.482347],[24.106547,36.479361],[24.059476,36.481601],[24.012405,36.48384],[23.959629,36.492798],[23.906853,36.501755]]}},{"type":"Feature","properties":{"average_dip":"(72.5,60,85)","average_rake":"(-90,-110,-70)","catalog_id":"EUR_GRCS972","catalog_name":"SHARE","lower_seis_depth":"(11.5,,)","net_slip_rate":"(0.6,0.1,1.0)","slip_type":"Normal","upper_seis_depth":"(1.0,,)"},"geometry":{"type":"LineString","coordinates":[[24.38895,36.25095],[24.38895,36.280061],[24.38895,36.309172],[24.386097,36.346121],[24.383244,36.38307],[24.384195,36.418899],[24.385145,36.454729],[24.386096,36.490558],[24.387523,36.534225],[24.38895,36.577892]]}},{"type":"Feature","properties":{"average_dip":"(52.5,40,65)","average_rake":"(-90,-100,-80)","catalog_id":"EUR_GRCS974","catalog_name":"SHARE","lower_seis_depth":"(11.5,,)","net_slip_rate":"(0.6,0.1,1.0)","slip_type":"Normal","upper_seis_depth":"(1.0,,)"},"geometry":{"type":"LineString","coordinates":[[24.431762,36.309172],[24.49167,36.309172],[24.582959,36.302454],[24.674247,36.271104],[24.776947,36.233035],[24.893911,36.208403],[24.999463,36.188249],[25.083619,36.181531],[25.167776,36.174813],[25.227684,36.174813],[25.338942,36.197206],[25.455906,36.224078],[25.558606,36.255428],[25.62233,36.268596]]}},{"type":"Feature","properties":{"average_dip":"(62.5,50,75)","average_rake":"(-90,-110,-70)","catalog_id":"EUR_GRCS976","catalog_name":"SHARE","lower_seis_depth":"(12.5,,)","net_slip_rate":"(0.6,0.1,1.0)","slip_type":"Normal","upper_seis_depth":"(0.5,,)"},"geometry":{"type":"LineString","coordinates":[[26.513277,36.381358],[26.485796,36.375699],[26.458314,36.370041],[26.410559,36.358017],[26.384762,36.347588],[26.358965,36.337158],[26.307777,36.321435],[26.259927,36.310953],[26.212076,36.30047],[26.169982,36.294362],[26.124029,36.290118],[26.085285,36.286582],[26.038431,36.283045],[25.993379,36.282338]]}},{"type":"Feature","properties":{"average_dip":"(57.5,45,70)","average_rake":"(-90,-100,-80)","catalog_id":"EUR_GRCS978","catalog_name":"SHARE","lower_seis_depth":"(12.0,,)","net_slip_rate":"(0.6,0.1,1.0)","slip_type":"Normal","upper_seis_depth":"(1.0,,)"},"geometry":{"type":"LineString","coordinates":[[25.854514,36.044651],[25.896501,36.048085],[25.938487,36.051518],[25.99272,36.055637],[26.038881,36.063434],[26.074472,36.071568],[26.111415,36.080762],[26.144753,36.092079],[26.189264,36.104095],[26.218475,36.113267],[26.247686,36.122439],[26.276062,36.135542],[26.304438,36.148644],[26.335721,36.158223],[26.379023,36.170587],[26.417767,36.179782],[26.448403,36.184026],[26.478137,36.190391],[26.508772,36.19322]]}},{"type":"Feature","properties":{"average_dip":"(60.0,50,70)","average_rake":"(-90,-110,-70)","catalog_id":"EUR_GRCS979","catalog_name":"SHARE","lower_seis_depth":"(11.5,,)","net_slip_rate":"(0.6,0.1,1.0)","slip_type":"Normal","upper_seis_depth":"(1.0,,)"},"geometry":{"type":"LineString","coordinates":[[26.344454,35.910838],[26.292415,35.910838],[26.252158,35.910068],[26.211901,35.909297],[26.181954,35.9066],[26.152007,35.903902],[26.11175,35.892341],[26.067566,35.88078],[26.021418,35.869219],[25.973419,35.858424],[25.936614,35.853725],[25.895166,35.849481],[25.851015,35.846652]]}},{"type":"Feature","properties":{"average_dip":"(65.0,50,80)","average_rake":"(-90,-110,-70)","catalog_id":"EUR_GRCS980","catalog_name":"SHARE","lower_seis_depth":"(12.0,,)","net_slip_rate":"(0.6,0.1,1.0)","slip_type":"Normal","upper_seis_depth":"(1.0,,)"},"geometry":{"type":"LineString","coordinates":[[26.892765,35.964902],[26.837325,35.962311],[26.785095,35.948986],[26.755981,35.942242],[26.726868,35.935498],[26.673698,35.92904],[26.628404,35.937711],[26.601636,35.944886],[26.574868,35.952061]]}},{"type":"Feature","properties":{"average_dip":"(62.5,50,75)","average_rake":"(-72,-90,-55)","catalog_id":"EUR_GRCS981","catalog_name":"SHARE","lower_seis_depth":"(12.0,,)","net_slip_rate":"(0.6,0.1,1.0)","slip_type":"Normal","upper_seis_depth":"(1.0,,)"},"geometry":{"type":"LineString","coordinates":[[26.897151,36.129652],[26.859734,36.130738],[26.822316,36.131824],[26.784899,36.13291],[26.745975,36.13486],[26.707051,36.136811],[26.668127,36.138761],[26.614713,36.147537],[26.578441,36.153936],[26.542169,36.160334]]}},{"type":"Feature","properties":{"average_dip":"(60.0,45,75)","average_rake":"(-75,-90,-60)","catalog_id":"EUR_GRCS983","catalog_name":"SHARE","lower_seis_depth":"(12.0,,)","net_slip_rate":"(0.6,0.1,1.0)","slip_type":"Normal","upper_seis_depth":"(1.0,,)"},"geometry":{"type":"LineString","coordinates":[[23.60834,36.080996],[23.586455,36.108633],[23.564569,36.13627],[23.542684,36.163907],[23.520797,36.189303],[23.498911,36.2147],[23.477024,36.240096],[23.457946,36.266483],[23.438869,36.29287],[23.419791,36.319257],[23.4024,36.34721],[23.385009,36.375163],[23.367618,36.403116]]}},{"type":"Feature","properties":{"average_dip":"(57.5,45,70)","average_rake":"(-100,-120,-80)","catalog_id":"EUR_GRCS985","catalog_name":"SHARE","lower_seis_depth":"(11.0,,)","net_slip_rate":"(0.6,0.1,1.0)","slip_type":"Normal","upper_seis_depth":"(1.0,,)"},"geometry":{"type":"LineString","coordinates":[[24.107137,36.035483],[24.067386,36.036133],[24.027636,36.036783],[23.987885,36.037433],[23.946891,36.040358],[23.905897,36.043283],[23.877326,36.048159],[23.848755,36.053034],[23.803206,36.056935],[23.757658,36.060835],[23.712109,36.064736],[23.660225,36.071746],[23.60834,36.078756]]}},{"type":"Feature","properties":{"average_dip":"(60.0,50,70)","average_rake":"(-90,-110,-70)","catalog_id":"EUR_GRCS990","catalog_name":"SHARE","lower_seis_depth":"(10.5,,)","net_slip_rate":"(0.6,0.1,1.0)","slip_type":"Normal","upper_seis_depth":"(1.0,,)"},"geometry":{"type":"LineString","coordinates":[[24.682023,35.722646],[24.65042,35.71587],[24.618817,35.709093],[24.576683,35.705656],[24.534549,35.702219],[24.492415,35.698782],[24.455066,35.696313],[24.417716,35.693844],[24.380367,35.691375]]}},{"type":"Feature","properties":{"average_dip":"(52.5,40,65)","average_rake":"(-90,-100,-80)","catalog_id":"EUR_GRCS991","catalog_name":"SHARE","lower_seis_depth":"(11.5,,)","net_slip_rate":"(0.6,0.1,1.0)","slip_type":"Normal","upper_seis_depth":"(1.5,,)"},"geometry":{"type":"LineString","coordinates":[[25.94961,35.664595],[25.873964,35.695889],[25.826941,35.71274],[25.78094,35.724777],[25.73149,35.731166],[25.67683,35.735066],[25.600641,35.737666],[25.524451,35.740267],[25.448262,35.742867],[25.371246,35.740917],[25.29423,35.738967],[25.22715,35.744818],[25.16007,35.750668],[25.10541,35.758469],[25.05075,35.76627],[25.003546,35.77017],[24.956342,35.77407],[24.884294,35.77407],[24.812246,35.77407]]}},{"type":"Feature","properties":{"average_dip":"(57.5,45,70)","average_rake":"(-90,-100,-80)","catalog_id":"EUR_GRCS996","catalog_name":"SHARE","lower_seis_depth":"(11.5,,)","net_slip_rate":"(0.6,0.1,1.0)","slip_type":"Normal","upper_seis_depth":"(1.5,,)"},"geometry":{"type":"LineString","coordinates":[[26.489247,35.729216],[26.439559,35.742868],[26.396081,35.755545],[26.352603,35.768221],[26.311609,35.774072],[26.270615,35.779922],[26.233349,35.782847],[26.196083,35.785772],[26.150121,35.783822],[26.104159,35.781872],[26.051986,35.783822],[25.999812,35.785773],[25.947639,35.787723]]}},{"type":"Feature","properties":{"average_dip":"(82.5,75,90)","average_rake":"(17,180,-145)","catalog_id":"EUR_GRCS999","catalog_name":"SHARE","lower_seis_depth":"(16.0,,)","net_slip_rate":"(28.0,28.0,28.0)","slip_type":"Sinistral","upper_seis_depth":"(0.0,,)"},"geometry":{"type":"LineString","coordinates":[[24.94026,39.670721],[25.061116,39.7634],[25.149304,39.831027],[25.201861,39.872005],[25.224841,39.892621],[25.247821,39.913236],[25.291155,39.943129],[25.312822,39.960137],[25.334489,39.977144],[25.366004,39.996729],[25.393581,40.010645],[25.421157,40.02456],[25.451359,40.042083]]}},{"type":"Feature","properties":{"average_dip":"(37.5,30,45)","average_rake":"(90,70,110)","catalog_id":"EUR_HRCS001","catalog_name":"SHARE","lower_seis_depth":"(15.0,,)","net_slip_rate":"(0.8,0.2,1.4)","slip_type":"Reverse","upper_seis_depth":"(2.0,,)"},"geometry":{"type":"LineString","coordinates":[[18.474288,42.195489],[18.430548,42.230626],[18.361816,42.284095],[18.270176,42.355897],[18.173436,42.41709],[18.066064,42.473529],[17.98828,42.528705],[17.893059,42.588957],[17.820417,42.624042],[17.731787,42.664069],[17.656752,42.688994],[17.572607,42.708811],[17.497571,42.720884],[17.375027,42.731496],[17.257195,42.75272],[17.129939,42.759795]]}},{"type":"Feature","properties":{"average_dip":"(55.0,40,70)","average_rake":"(45,20,70)","catalog_id":"EUR_HRCS002","catalog_name":"SHARE","lower_seis_depth":"(15.0,,)","net_slip_rate":"(0.8,0.3,1.4)","slip_type":"Sinistral-Reverse","upper_seis_depth":"(2.0,,)"},"geometry":{"type":"LineString","coordinates":[[16.143347,43.268675],[16.195056,43.240282],[16.246765,43.211888],[16.358102,43.183224],[16.424609,43.169696],[16.484513,43.15259],[16.549505,43.137034],[16.609771,43.127527],[16.675945,43.117156],[16.770186,43.116933],[16.859186,43.109425],[16.95037,43.103611],[17.041554,43.097796],[17.138453,43.091817],[17.235353,43.085839],[17.316415,43.088637]]}},{"type":"Feature","properties":{"average_dip":"(60.0,50,70)","average_rake":"(112,95,130)","catalog_id":"EUR_HRCS003","catalog_name":"SHARE","lower_seis_depth":"(20.0,,)","net_slip_rate":"(0.4,0.1,0.7)","slip_type":"Reverse","upper_seis_depth":"(2.0,,)"},"geometry":{"type":"LineString","coordinates":[[16.716122,43.625325],[16.7673,43.60525],[16.818478,43.585174],[16.877197,43.564631],[16.935915,43.544087],[16.991284,43.52382],[17.046653,43.503552],[17.102022,43.483285],[17.160926,43.462805],[17.21983,43.442325],[17.28581,43.420138],[17.35179,43.397951],[17.413054,43.372351],[17.474318,43.346751]]}},{"type":"Feature","properties":{"average_dip":"(47.5,35,60)","average_rake":"(85,70,100)","catalog_id":"EUR_HRCS004","catalog_name":"SHARE","lower_seis_depth":"(12.0,,)","net_slip_rate":"(0.1,0.05,0.25)","slip_type":"Reverse","upper_seis_depth":"(2.0,,)"},"geometry":{"type":"LineString","coordinates":[[16.089356,42.788465],[16.166818,42.742237],[16.24428,42.696009],[16.361064,42.650933],[16.508576,42.594167],[16.606344,42.554936],[16.704112,42.515704],[16.853744,42.465325],[17.021616,42.417598],[17.1165,42.406992],[17.211384,42.396385],[17.333644,42.391082],[17.455904,42.385779],[17.620128,42.377824],[17.788,42.343354]]}},{"type":"Feature","properties":{"average_dip":"(57.5,45,70)","average_rake":"(110,80,140)","catalog_id":"EUR_HRCS005","catalog_name":"SHARE","lower_seis_depth":"(18.0,,)","net_slip_rate":"(0.3,0.1,0.5)","slip_type":"Reverse","upper_seis_depth":"(1.0,,)"},"geometry":{"type":"LineString","coordinates":[[14.808532,45.099226],[14.831991,45.034142],[14.857289,44.968332],[14.869991,44.900036],[14.880467,44.823322],[14.90894,44.740922],[14.948773,44.662537],[15.018745,44.592193],[15.109261,44.523436],[15.193082,44.446385],[15.305381,44.370511],[15.463262,44.296237],[15.58825,44.256002],[15.709007,44.218598],[15.777087,44.193811],[15.902055,44.168009],[15.981199,44.157384],[16.041599,44.166491]]}},{"type":"Feature","properties":{"average_dip":"(52.5,45,60)","average_rake":"(120,100,140)","catalog_id":"EUR_HRCS006","catalog_name":"SHARE","lower_seis_depth":"(15.0,,)","net_slip_rate":"(0.3,0.2,0.4)","slip_type":"Dextral-Reverse","upper_seis_depth":"(1.0,,)"},"geometry":{"type":"LineString","coordinates":[[14.327197,45.452219],[14.351312,45.430763],[14.375428,45.409307],[14.406713,45.381004],[14.44973,45.350874],[14.494843,45.315146],[14.543524,45.284503],[14.583094,45.259168],[14.622664,45.233832],[14.662234,45.208497],[14.704033,45.18026],[14.745831,45.152023],[14.773288,45.129937],[14.808347,45.102258]]}},{"type":"Feature","properties":{"average_dip":"(55.0,40,70)","average_rake":"(45,20,70)","catalog_id":"EUR_HRCS007","catalog_name":"SHARE","lower_seis_depth":"(15.0,,)","net_slip_rate":"(0.3,0.1,0.6)","slip_type":"Sinistral-Reverse","upper_seis_depth":"(2.0,,)"},"geometry":{"type":"LineString","coordinates":[[16.070841,42.988157],[16.152423,42.983782],[16.234004,42.979407],[16.327025,42.963354],[16.420045,42.947301],[16.504833,42.933683],[16.589621,42.920064],[16.673155,42.904973],[16.771857,42.891405],[16.861222,42.888497],[16.970597,42.886655],[17.031951,42.885684],[17.093305,42.884712],[17.182671,42.882769],[17.272037,42.880826]]}},{"type":"Feature","properties":{"average_dip":"(37.5,30,45)","average_rake":"(105,90,120)","catalog_id":"EUR_HRCS008","catalog_name":"SHARE","lower_seis_depth":"(18.0,,)","net_slip_rate":"(0.3,0.1,0.5)","slip_type":"Reverse","upper_seis_depth":"(2.0,,)"},"geometry":{"type":"LineString","coordinates":[[14.740596,44.280079],[14.794182,44.147418],[14.868099,44.066424],[14.95394,43.995747],[15.011007,43.935711],[15.079999,43.885991],[15.202063,43.786549],[15.282339,43.745281],[15.362614,43.704012],[15.515183,43.633563],[15.597869,43.594473],[15.680554,43.555383],[15.774874,43.517131],[15.869194,43.478879],[15.982819,43.438139],[16.102454,43.401209],[16.197779,43.373249]]}},{"type":"Feature","properties":{"average_dip":"(52.5,45,60)","average_rake":"(107,95,120)","catalog_id":"EUR_HRCS009","catalog_name":"SHARE","lower_seis_depth":"(15.0,,)","net_slip_rate":"(1.0,0.3,1.7)","slip_type":"Reverse","upper_seis_depth":"(1.0,,)"},"geometry":{"type":"LineString","coordinates":[[17.142656,43.329464],[17.207619,43.28931],[17.252101,43.261816],[17.296582,43.234322],[17.342404,43.208519],[17.388226,43.182717],[17.441336,43.152361],[17.494446,43.122005],[17.552725,43.098163],[17.611004,43.07432],[17.696085,43.039751],[17.776166,43.00919],[17.856247,42.978629],[17.908933,42.959245],[17.961619,42.939862]]}},{"type":"Feature","properties":{"average_dip":"(42.5,35,50)","average_rake":"(85,70,100)","catalog_id":"EUR_HRCS010","catalog_name":"SHARE","lower_seis_depth":"(12.0,,)","net_slip_rate":"(0.2,0.08,0.25)","slip_type":"Reverse","upper_seis_depth":"(2.0,,)"},"geometry":{"type":"LineString","coordinates":[[16.096991,42.449177],[16.169551,42.380029],[16.245935,42.330245],[16.299347,42.301935],[16.380101,42.262111],[16.429897,42.236226],[16.479693,42.210341],[16.536221,42.181469],[16.592749,42.152597],[16.653313,42.12273],[16.713877,42.092862],[16.766365,42.069964],[16.818853,42.047066],[16.876729,42.026159],[16.934605,42.005251],[17.035545,41.980362],[17.136485,41.955472]]}},{"type":"Feature","properties":{"average_dip":"(55.0,45,65)","average_rake":"(112,95,130)","catalog_id":"EUR_HRCS011","catalog_name":"SHARE","lower_seis_depth":"(20.0,,)","net_slip_rate":"(0.4,0.1,0.7)","slip_type":"Reverse","upper_seis_depth":"(2.0,,)"},"geometry":{"type":"LineString","coordinates":[[16.136806,44.158215],[16.172414,44.130373],[16.208021,44.102531],[16.239404,44.076865],[16.270787,44.051199],[16.310015,44.016832],[16.349243,43.982465],[16.386057,43.954188],[16.422871,43.925911],[16.461496,43.89633],[16.500121,43.866748],[16.539953,43.838037],[16.579785,43.809325],[16.620824,43.779744],[16.661863,43.750162],[16.722215,43.704919],[16.786187,43.663157]]}},{"type":"Feature","properties":{"average_dip":"(37.5,30,45)","average_rake":"(112,95,130)","catalog_id":"EUR_HRCS012","catalog_name":"SHARE","lower_seis_depth":"(15.0,,)","net_slip_rate":"(0.3,0.1,0.5)","slip_type":"Reverse","upper_seis_depth":"(2.0,,)"},"geometry":{"type":"LineString","coordinates":[[15.10313,44.237674],[15.178595,44.158873],[15.277951,44.090699],[15.361028,44.018963],[15.43086,43.960271],[15.550039,43.880836],[15.654516,43.81437],[15.725747,43.765572],[15.866646,43.686867],[15.989531,43.624637],[16.120746,43.57455],[16.279038,43.530533],[16.470652,43.484999],[16.643524,43.457679],[16.814312,43.431876]]}},{"type":"Feature","properties":{"average_dip":"(57.5,45,70)","average_rake":"(112,95,130)","catalog_id":"EUR_HRCS013","catalog_name":"SHARE","lower_seis_depth":"(10.0,,)","net_slip_rate":"(0.2,0.1,0.4)","slip_type":"Reverse","upper_seis_depth":"(1.0,,)"},"geometry":{"type":"LineString","coordinates":[[15.524307,44.248355],[15.587907,44.187422],[15.644569,44.130304],[15.694462,44.100305],[15.746072,44.069312],[15.797682,44.038319],[15.86522,44.006437],[15.932757,43.974554],[15.998832,43.932183],[16.064906,43.889813],[16.130112,43.848665],[16.189951,43.815095],[16.24979,43.781524],[16.302118,43.758061],[16.354446,43.734598]]}},{"type":"Feature","properties":{"average_dip":"(42.5,35,50)","average_rake":"(85,70,100)","catalog_id":"EUR_HRCS014","catalog_name":"SHARE","lower_seis_depth":"(12.0,,)","net_slip_rate":"(0.2,0.1,0.2)","slip_type":"Reverse","upper_seis_depth":"(2.0,,)"},"geometry":{"type":"LineString","coordinates":[[14.843107,43.049545],[14.906364,42.976359],[14.969621,42.903173],[15.009997,42.859658],[15.050373,42.816143],[15.097479,42.773617],[15.144585,42.73109],[15.226683,42.689553],[15.308781,42.648015],[15.415105,42.605489],[15.521429,42.562962],[15.612949,42.552083],[15.704469,42.541204],[15.766379,42.547138],[15.828289,42.553072],[15.884817,42.562962]]}},{"type":"Feature","properties":{"average_dip":"(37.5,30,45)","average_rake":"(112,95,130)","catalog_id":"EUR_HRCS015","catalog_name":"SHARE","lower_seis_depth":"(11.0,,)","net_slip_rate":"(0.2,0.1,0.4)","slip_type":"Reverse","upper_seis_depth":"(1.0,,)"},"geometry":{"type":"LineString","coordinates":[[15.101948,44.413658],[15.132671,44.356141],[15.204755,44.292615],[15.274473,44.247117],[15.370189,44.17844],[15.495447,44.102038],[15.608333,44.025178],[15.735523,43.93638],[15.852698,43.856966],[15.951845,43.782607],[16.043983,43.730627],[16.151986,43.684739],[16.239466,43.666757],[16.356098,43.642782],[16.476898,43.612812],[16.64769,43.583656],[16.726834,43.551783]]}},{"type":"Feature","properties":{"average_dip":"(37.5,30,45)","average_rake":"(95,80,110)","catalog_id":"EUR_HRCS016","catalog_name":"SHARE","lower_seis_depth":"(10.0,,)","net_slip_rate":"(0.7,0.3,1.0)","slip_type":"Reverse","upper_seis_depth":"(1.0,,)"},"geometry":{"type":"LineString","coordinates":[[17.353752,43.058637],[17.452017,43.004488],[17.543284,42.962392],[17.616182,42.927255],[17.696757,42.892857],[17.776731,42.847776],[17.868198,42.788235],[17.961924,42.733238],[18.054231,42.683907],[18.139987,42.646697],[18.201655,42.617358],[18.295168,42.557553],[18.368064,42.522416],[18.449292,42.473529],[18.536772,42.430754],[18.661736,42.38034],[18.759628,42.319232],[18.824196,42.265763]]}},{"type":"Feature","properties":{"average_dip":"(60.0,50,70)","average_rake":"(105,90,120)","catalog_id":"EUR_HRCS018","catalog_name":"SHARE","lower_seis_depth":"(15.0,,)","net_slip_rate":"(0.3,0.1,0.5)","slip_type":"Reverse","upper_seis_depth":"(2.0,,)"},"geometry":{"type":"LineString","coordinates":[[15.734569,43.333863],[15.750376,43.298245],[15.787021,43.264198],[15.823666,43.230151],[15.849534,43.205009],[15.875401,43.179867],[15.911327,43.157868],[15.947253,43.135868],[15.993958,43.118583],[16.040663,43.101297],[16.093834,43.092917],[16.147005,43.084536]]}},{"type":"Feature","properties":{"average_dip":"(47.5,35,60)","average_rake":"(85,70,100)","catalog_id":"EUR_HRCS020","catalog_name":"SHARE","lower_seis_depth":"(12.0,,)","net_slip_rate":"(0.1,0.05,0.2)","slip_type":"Reverse","upper_seis_depth":"(2.0,,)"},"geometry":{"type":"LineString","coordinates":[[14.788152,43.25018],[14.886686,43.228968],[14.981572,43.191846],[15.058209,43.160028],[15.134599,43.135678],[15.210988,43.111328],[15.277319,43.09438],[15.343649,43.077432],[15.452349,43.040709],[15.528989,43.012868],[15.605629,42.985027],[15.675637,42.965392],[15.745644,42.945757],[15.820116,42.919542],[15.894588,42.893327],[15.969056,42.87539],[16.043524,42.857453]]}},{"type":"Feature","properties":{"average_dip":"(47.5,35,60)","average_rake":"(85,70,100)","catalog_id":"EUR_HRCS021","catalog_name":"SHARE","lower_seis_depth":"(12.0,,)","net_slip_rate":"(0.1,0.05,0.15)","slip_type":"Reverse","upper_seis_depth":"(2.0,,)"},"geometry":{"type":"LineString","coordinates":[[13.511544,44.413816],[13.584108,44.319992],[13.659857,44.245639],[13.735605,44.171285],[13.8247,44.090954],[13.916356,44.00265],[14.041663,43.896276],[14.149497,43.793746],[14.255331,43.695638],[14.368465,43.597532],[14.477949,43.515334],[14.583781,43.433136],[14.682317,43.361545],[14.766253,43.297908]]}},{"type":"Feature","properties":{"average_dip":"(77.5,65,90)","average_rake":"(25,10,40)","catalog_id":"EUR_HRCS022","catalog_name":"SHARE","lower_seis_depth":"(18.0,,)","net_slip_rate":"(0.2,0.1,0.2)","slip_type":"Sinistral-Reverse","upper_seis_depth":"(1.0,,)"},"geometry":{"type":"LineString","coordinates":[[15.319836,45.599293],[15.347553,45.608424],[15.388091,45.621779],[15.408703,45.628569],[15.44157,45.640005],[15.470812,45.650179],[15.500648,45.663388],[15.532312,45.677407],[15.55325,45.686677],[15.5773,45.697301],[15.606091,45.710019],[15.633702,45.722215],[15.685929,45.74378],[15.721807,45.758594],[15.738577,45.765518]]}},{"type":"Feature","properties":{"average_dip":"(65.0,60,70)","average_rake":"(65,50,80)","catalog_id":"EUR_HRCS023","catalog_name":"SHARE","lower_seis_depth":"(18.0,,)","net_slip_rate":"(0.1,0.05,0.2)","slip_type":"Sinistral-Reverse","upper_seis_depth":"(3.0,,)"},"geometry":{"type":"LineString","coordinates":[[15.992435,46.217194],[16.04543,46.228087],[16.095882,46.236455],[16.166756,46.242313],[16.24604,46.249844],[16.32292,46.255702],[16.381209,46.258767],[16.420818,46.261974],[16.473078,46.263233],[16.51152,46.26407],[16.564376,46.259886]]}},{"type":"Feature","properties":{"average_dip":"(62.5,55,70)","average_rake":"(150,120,180)","catalog_id":"EUR_HRCS024","catalog_name":"SHARE","lower_seis_depth":"(15.0,,)","net_slip_rate":"(0.2,0.1,0.25)","slip_type":"Dextral-Reverse","upper_seis_depth":"(1.0,,)"},"geometry":{"type":"LineString","coordinates":[[15.120106,45.544171],[15.187885,45.486936],[15.242054,45.436744],[15.318277,45.371556],[15.39304,45.314166],[15.433592,45.257731],[15.516924,45.190212],[15.62693,45.131131]]}},{"type":"Feature","properties":{"average_dip":"(45.0,40,50)","average_rake":"(120,110,130)","catalog_id":"EUR_HRCS025","catalog_name":"SHARE","lower_seis_depth":"(15.0,,)","net_slip_rate":"(0.2,0.1,0.3)","slip_type":"Dextral-Reverse","upper_seis_depth":"(1.0,,)"},"geometry":{"type":"LineString","coordinates":[[14.230511,45.28807],[14.290307,45.242041],[14.331178,45.205251],[14.372049,45.158362],[14.404986,45.124014],[14.437537,45.088884],[14.475248,45.059534],[14.519862,45.027917],[14.565507,45.001942],[14.603196,44.978125],[14.640884,44.954308],[14.67242,44.928508],[14.703956,44.902708],[14.740344,44.876908],[14.776732,44.851108],[14.849508,44.813266]]}},{"type":"Feature","properties":{"average_dip":"(65.0,60,70)","average_rake":"(130,120,140)","catalog_id":"EUR_HRCS026","catalog_name":"SHARE","lower_seis_depth":"(20.0,,)","net_slip_rate":"(0.1,0.05,0.1)","slip_type":"Dextral-Reverse","upper_seis_depth":"(1.0,,)"},"geometry":{"type":"LineString","coordinates":[[17.762584,45.216881],[17.838426,45.209876],[17.943695,45.199328],[18.027907,45.189141],[18.110799,45.174325],[18.227907,45.153025]]}},{"type":"Feature","properties":{"average_dip":"(62.5,55,70)","average_rake":"(145,120,170)","catalog_id":"EUR_HRCS027","catalog_name":"SHARE","lower_seis_depth":"(17.0,,)","net_slip_rate":"(0.1,0.08,0.2)","slip_type":"Dextral-Reverse","upper_seis_depth":"(1.0,,)"},"geometry":{"type":"LineString","coordinates":[[15.819912,45.642265],[15.881815,45.575407],[15.936738,45.537736],[16.008762,45.489594],[16.111421,45.434396],[16.184414,45.394754],[16.30729,45.348543],[16.421674,45.306831],[16.588278,45.235573]]}},{"type":"Feature","properties":{"average_dip":"(70.0,60,80)","average_rake":"(155,140,170)","catalog_id":"EUR_HRCS028","catalog_name":"SHARE","lower_seis_depth":"(15.0,,)","net_slip_rate":"(0.1,0.05,0.2)","slip_type":"Dextral-Reverse","upper_seis_depth":"(1.0,,)"},"geometry":{"type":"LineString","coordinates":[[17.632658,45.588387],[17.844026,45.541461],[17.970842,45.494535],[18.082738,45.447609],[18.194642,45.409373],[18.323946,45.372875],[18.443298,45.329425]]}},{"type":"Feature","properties":{"average_dip":"(50.0,40,60)","average_rake":"(130,120,140)","catalog_id":"EUR_HRCS029","catalog_name":"SHARE","lower_seis_depth":"(11.0,,)","net_slip_rate":"(0.2,0.1,0.3)","slip_type":"Dextral-Reverse","upper_seis_depth":"(1.0,,)"},"geometry":{"type":"LineString","coordinates":[[13.852696,45.492902],[13.88084,45.469612],[13.90852,45.452531],[13.935743,45.439843],[13.972948,45.421838],[14.005357,45.411088],[14.044589,45.394368],[14.084673,45.372869],[14.107699,45.35794],[14.140961,45.334053],[14.179766,45.318228],[14.218571,45.302402]]}},{"type":"Feature","properties":{"average_dip":"(65.0,60,70)","average_rake":"(145,120,170)","catalog_id":"EUR_HRCS030","catalog_name":"SHARE","lower_seis_depth":"(18.0,,)","net_slip_rate":"(0.1,0.05,0.1)","slip_type":"Dextral-Reverse","upper_seis_depth":"(1.0,,)"},"geometry":{"type":"LineString","coordinates":[[16.501246,45.697881],[16.570874,45.640527],[16.672822,45.567531],[16.774774,45.503225],[16.874242,45.463251],[16.951326,45.442395]]}},{"type":"Feature","properties":{"average_dip":"(70.0,60,80)","average_rake":"(155,140,170)","catalog_id":"EUR_HRCS031","catalog_name":"SHARE","lower_seis_depth":"(15.0,,)","net_slip_rate":"(0.1,0.05,0.2)","slip_type":"Dextral-Reverse","upper_seis_depth":"(1.0,,)"},"geometry":{"type":"LineString","coordinates":[[17.282046,45.852563],[17.356646,45.828231],[17.483462,45.779567],[17.602822,45.741331],[17.71223,45.689191],[17.819162,45.612719]]}},{"type":"Feature","properties":{"average_dip":"(55.0,50,60)","average_rake":"(145,130,160)","catalog_id":"EUR_HRCS032","catalog_name":"SHARE","lower_seis_depth":"(15.0,,)","net_slip_rate":"(0.2,0.1,0.3)","slip_type":"Dextral-Reverse","upper_seis_depth":"(1.0,,)"},"geometry":{"type":"LineString","coordinates":[[13.870606,45.585464],[13.902161,45.549036],[13.937202,45.521453],[13.972444,45.492357],[14.022464,45.464457],[14.059112,45.449119],[14.095759,45.433781],[14.125183,45.419449],[14.154607,45.405117],[14.184883,45.387799],[14.215159,45.37048],[14.240745,45.352267],[14.266331,45.334053]]}},{"type":"Feature","properties":{"average_dip":"(62.5,55,70)","average_rake":"(150,120,180)","catalog_id":"EUR_HRCS033","catalog_name":"SHARE","lower_seis_depth":"(12.0,,)","net_slip_rate":"(0.2,0.1,0.3)","slip_type":"Dextral-Reverse","upper_seis_depth":"(1.0,,)"},"geometry":{"type":"LineString","coordinates":[[15.107614,45.127341],[15.188355,45.072841],[15.256155,45.028047],[15.345367,44.978277],[15.420303,44.923529],[15.511299,44.856338],[15.602295,44.797858],[15.686151,44.766751]]}},{"type":"Feature","properties":{"average_dip":"(62.5,55,70)","average_rake":"(150,120,180)","catalog_id":"EUR_HRCS034","catalog_name":"SHARE","lower_seis_depth":"(12.0,,)","net_slip_rate":"(0.2,0.1,0.3)","slip_type":"Dextral-Reverse","upper_seis_depth":"(1.0,,)"},"geometry":{"type":"LineString","coordinates":[[15.009482,45.031341],[15.081301,44.972678],[15.149103,44.936047],[15.247235,44.882277],[15.325739,44.831205],[15.425655,44.757942],[15.523787,44.712469],[15.736111,44.630364]]}},{"type":"Feature","properties":{"average_dip":"(62.5,55,70)","average_rake":"(160,140,180)","catalog_id":"EUR_HRCS035","catalog_name":"SHARE","lower_seis_depth":"(12.0,,)","net_slip_rate":"(0.2,0.1,0.3)","slip_type":"Dextral","upper_seis_depth":"(1.0,,)"},"geometry":{"type":"LineString","coordinates":[[14.466677,45.461349],[14.538372,45.412959],[14.591818,45.376438],[14.698708,45.323483],[14.806902,45.265963]]}},{"type":"Feature","properties":{"average_dip":"(67.5,60,75)","average_rake":"(145,120,170)","catalog_id":"EUR_HRCS036","catalog_name":"SHARE","lower_seis_depth":"(20.0,,)","net_slip_rate":"(0.1,0.05,0.1)","slip_type":"Dextral-Reverse","upper_seis_depth":"(1.0,,)"},"geometry":{"type":"LineString","coordinates":[[16.971326,45.34935],[17.101589,45.317864],[17.296327,45.295638],[17.424452,45.283735],[17.573601,45.24884],[17.709744,45.202434]]}},{"type":"Feature","properties":{"average_dip":"(60.0,50,70)","average_rake":"(35,20,50)","catalog_id":"EUR_HRCS038","catalog_name":"SHARE","lower_seis_depth":"(16.0,,)","net_slip_rate":"(0.2,0.1,0.2)","slip_type":"Sinistral-Reverse","upper_seis_depth":"(2.0,,)"},"geometry":{"type":"LineString","coordinates":[[15.830402,45.813436],[15.946925,45.852591],[16.012994,45.874251],[16.097084,45.895078],[16.193184,45.92257],[16.272468,45.948395],[16.410614,45.985884]]}},{"type":"Feature","properties":{"average_dip":"(60.0,50,70)","average_rake":"(35,20,50)","catalog_id":"EUR_HRCS039","catalog_name":"SHARE","lower_seis_depth":"(16.0,,)","net_slip_rate":"(0.2,0.1,0.2)","slip_type":"Sinistral-Reverse","upper_seis_depth":"(2.0,,)"},"geometry":{"type":"LineString","coordinates":[[16.062248,46.028813],[16.142732,46.049632],[16.261656,46.079719],[16.333732,46.09727],[16.415418,46.112444],[16.492146,46.124314],[16.555966,46.134188]]}},{"type":"Feature","properties":{"average_dip":"(60.0,50,70)","average_rake":"(35,20,50)","catalog_id":"EUR_HRCS37","catalog_name":"SHARE","lower_seis_depth":"(16.0,,)","net_slip_rate":"(0.2,0.1,0.2)","slip_type":"Sinistral-Reverse","upper_seis_depth":"(2.0,,)"},"geometry":{"type":"LineString","coordinates":[[15.749918,45.879249],[15.836409,45.905907],[15.889265,45.92007],[15.949328,45.937744],[16.031014,45.955307],[16.116304,45.975886],[16.17997,45.988383],[16.243638,46.000046]]}},{"type":"Feature","properties":{"average_dip":"(35.0,30,40)","average_rake":"(90,80,100)","catalog_id":"EUR_ITCS001","catalog_name":"SHARE","lower_seis_depth":"(8.0,,)","net_slip_rate":"(0.3,0.1,0.5)","slip_type":"Reverse","upper_seis_depth":"(2.0,,)"},"geometry":{"type":"LineString","coordinates":[[11.581817,44.381368],[11.623337,44.364174],[11.664856,44.346979],[11.713844,44.333749],[11.762831,44.32052],[11.81929,44.306982],[11.875749,44.293444],[11.914669,44.278355],[11.953589,44.263265],[11.996107,44.232856],[12.038625,44.202447],[12.081143,44.172038],[12.123661,44.141629]]}},{"type":"Feature","properties":{"average_dip":"(32.5,25,40)","average_rake":"(90,80,100)","catalog_id":"EUR_ITCS002","catalog_name":"SHARE","lower_seis_depth":"(9.0,,)","net_slip_rate":"(0.3,0.1,0.5)","slip_type":"Reverse","upper_seis_depth":"(2.0,,)"},"geometry":{"type":"LineString","coordinates":[[10.549523,45.326208],[10.488551,45.314733],[10.427579,45.303258],[10.353488,45.303394],[10.239721,45.304926],[10.171523,45.306182],[10.116958,45.303992],[10.049554,45.301827],[9.967816,45.302479],[9.905284,45.307502],[9.828342,45.311491],[9.755682,45.315476],[9.693771,45.32299],[9.617504,45.33818],[9.565754,45.356252],[9.497376,45.374882],[9.461598,45.389228],[9.423148,45.422096],[9.379297,45.464783],[9.341642,45.517251]]}},{"type":"Feature","properties":{"average_dip":"(85.0,80,90)","average_rake":"(20,180,-140)","catalog_id":"EUR_ITCS003","catalog_name":"SHARE","lower_seis_depth":"(25.0,,)","net_slip_rate":"(0.3,0.1,0.5)","slip_type":"Sinistral","upper_seis_depth":"(6.0,,)"},"geometry":{"type":"LineString","coordinates":[[15.567158,41.709536],[15.494114,41.705946],[15.421069,41.702355],[15.349112,41.699031],[15.277155,41.695706],[15.205199,41.692382],[15.133242,41.689057],[15.061285,41.685733],[14.982141,41.679701],[14.902268,41.676878],[14.833831,41.678312],[14.752326,41.678017]]}},{"type":"Feature","properties":{"average_dip":"(80.0,70,90)","average_rake":"(0,170,-170)","catalog_id":"EUR_ITCS004","catalog_name":"SHARE","lower_seis_depth":"(22.5,,)","net_slip_rate":"(0.3,0.1,0.5)","slip_type":"Sinistral","upper_seis_depth":"(11.0,,)"},"geometry":{"type":"LineString","coordinates":[[15.404703,41.272089],[15.506268,41.271916],[15.607833,41.271742],[15.709398,41.271569],[15.810963,41.271396],[15.912528,41.271223],[16.014093,41.271049],[16.115658,41.270876],[16.217223,41.270703],[16.318788,41.27053],[16.420353,41.270356],[16.521918,41.270183]]}},{"type":"Feature","properties":{"average_dip":"(85.0,80,90)","average_rake":"(0,170,-170)","catalog_id":"EUR_ITCS005","catalog_name":"SHARE","lower_seis_depth":"(22.0,,)","net_slip_rate":"(0.3,0.1,0.5)","slip_type":"Sinistral","upper_seis_depth":"(13.0,,)"},"geometry":{"type":"LineString","coordinates":[[15.577227,40.69561],[15.714988,40.68925],[15.852749,40.682891],[15.990511,40.676531],[16.128272,40.670171],[16.266033,40.663811],[16.403794,40.657452],[16.541555,40.651092],[16.679316,40.644732],[16.817078,40.638372],[16.954839,40.632013],[17.0926,40.625653]]}},{"type":"Feature","properties":{"average_dip":"(30.0,20,40)","average_rake":"(100,75,125)","catalog_id":"EUR_ITCS006","catalog_name":"SHARE","lower_seis_depth":"(10.0,,)","net_slip_rate":"(0.3,0.1,0.5)","slip_type":"Reverse","upper_seis_depth":"(3.0,,)"},"geometry":{"type":"LineString","coordinates":[[14.221261,37.068041],[14.068327,37.062808],[13.915394,37.057574],[13.812161,37.083118],[13.708928,37.108662],[13.581533,37.168721],[13.454138,37.228779],[13.379585,37.290459],[13.305031,37.352139],[13.188542,37.433578],[13.086158,37.501861],[12.997223,37.548874],[12.899737,37.585428],[12.797176,37.586272]]}},{"type":"Feature","properties":{"average_dip":"(35.0,30,40)","average_rake":"(90,80,100)","catalog_id":"EUR_ITCS007","catalog_name":"SHARE","lower_seis_depth":"(6.5,,)","net_slip_rate":"(0.9,0.6,1.2)","slip_type":"Reverse","upper_seis_depth":"(0.5,,)"},"geometry":{"type":"LineString","coordinates":[[11.423613,45.631653],[11.476929,45.650152],[11.530246,45.668651],[11.583563,45.68715],[11.636879,45.705649],[11.690196,45.724148],[11.743512,45.742647],[11.796546,45.739584],[11.851706,45.75995],[11.906866,45.780316],[11.962025,45.800681],[12.017185,45.821047]]}},{"type":"Feature","properties":{"average_dip":"(37.5,30,45)","average_rake":"(90,80,100)","catalog_id":"EUR_ITCS008","catalog_name":"SHARE","lower_seis_depth":"(6.5,,)","net_slip_rate":"(1.3,1.14,1.39)","slip_type":"Reverse","upper_seis_depth":"(3.0,,)"},"geometry":{"type":"LineString","coordinates":[[13.437804,43.692595],[13.47806,43.667227],[13.518316,43.64186],[13.558572,43.616492],[13.598828,43.591125],[13.635563,43.562697],[13.672297,43.53427],[13.709032,43.505842],[13.743159,43.469903],[13.777285,43.433964]]}},{"type":"Feature","properties":{"average_dip":"(30.0,20,40)","average_rake":"(105,90,120)","catalog_id":"EUR_ITCS009","catalog_name":"SHARE","lower_seis_depth":"(8.0,,)","net_slip_rate":"(0.5,0.4,0.6)","slip_type":"Reverse","upper_seis_depth":"(2.0,,)"},"geometry":{"type":"LineString","coordinates":[[10.043031,44.995277],[10.082944,44.97332],[10.122857,44.951363],[10.162771,44.929405],[10.202684,44.907448],[10.250798,44.879733],[10.298911,44.852018],[10.347025,44.824303],[10.391257,44.802705],[10.435489,44.781107],[10.479721,44.759508],[10.523953,44.73791],[10.568185,44.716312]]}},{"type":"Feature","properties":{"average_dip":"(35.0,25,45)","average_rake":"(90,80,100)","catalog_id":"EUR_ITCS010","catalog_name":"SHARE","lower_seis_depth":"(10.0,,)","net_slip_rate":"(0.3,0.1,0.5)","slip_type":"Reverse","upper_seis_depth":"(5.0,,)"},"geometry":{"type":"LineString","coordinates":[[9.354718,45.662625],[9.408198,45.650937],[9.465096,45.641043],[9.53526,45.624946],[9.605424,45.608848],[9.640842,45.600798],[9.726155,45.577235],[9.811467,45.553672],[9.874416,45.538429],[9.937365,45.523185],[10.019362,45.51081],[10.079326,45.504185],[10.13929,45.49756],[10.200987,45.489703],[10.272254,45.483877],[10.319751,45.483012]]}},{"type":"Feature","properties":{"average_dip":"(30.0,20,40)","average_rake":"(90,80,100)","catalog_id":"EUR_ITCS011","catalog_name":"SHARE","lower_seis_depth":"(8.0,,)","net_slip_rate":"(0.3,0.1,0.5)","slip_type":"Reverse","upper_seis_depth":"(3.0,,)"},"geometry":{"type":"LineString","coordinates":[[12.295708,44.290263],[12.264389,44.320286],[12.230929,44.351256],[12.193205,44.378649],[12.148348,44.402943],[12.099917,44.426704],[12.051471,44.447393],[11.998724,44.468552],[11.945291,44.48307],[11.89121,44.48891],[11.856362,44.490252],[11.817149,44.490999]]}},{"type":"Feature","properties":{"average_dip":"(30.0,20,40)","average_rake":"(100,80,120)","catalog_id":"EUR_ITCS012","catalog_name":"SHARE","lower_seis_depth":"(8.0,,)","net_slip_rate":"(0.5,0.42,0.62)","slip_type":"Reverse","upper_seis_depth":"(2.0,,)"},"geometry":{"type":"LineString","coordinates":[[11.522629,44.744756],[11.580713,44.74913],[11.638796,44.753503],[11.719423,44.746517],[11.800049,44.739531],[11.881987,44.726648],[11.963925,44.713766],[12.026571,44.692921],[12.089217,44.672075],[12.12573,44.645952],[12.162242,44.619829],[12.201143,44.579281],[12.240044,44.538732],[12.278944,44.498184],[12.317845,44.457635]]}},{"type":"Feature","properties":{"average_dip":"(50.0,40,60)","average_rake":"(-90,-100,-80)","catalog_id":"EUR_ITCS013","catalog_name":"SHARE","lower_seis_depth":"(14.0,,)","net_slip_rate":"(0.6,0.1,1.0)","slip_type":"Normal","upper_seis_depth":"(2.0,,)"},"geometry":{"type":"LineString","coordinates":[[13.156327,42.554168],[13.25192,42.49177],[13.346434,42.430643],[13.445314,42.370743],[13.511687,42.327845],[13.583203,42.273437],[13.642482,42.226481],[13.701761,42.179525],[13.757748,42.134559],[13.813735,42.089594],[13.891312,42.015639],[13.962218,41.938703],[14.033124,41.861766],[14.095688,41.791375]]}},{"type":"Feature","properties":{"average_dip":"(27.5,15,40)","average_rake":"(90,60,120)","catalog_id":"EUR_ITCS014","catalog_name":"SHARE","lower_seis_depth":"(18.0,,)","net_slip_rate":"(0.8,0.1,1.4)","slip_type":"Reverse","upper_seis_depth":"(2.0,,)"},"geometry":{"type":"LineString","coordinates":[[14.650324,38.700188],[14.500278,38.716478],[14.340498,38.730282],[14.145215,38.739224],[13.920277,38.730516],[13.733596,38.716456],[13.540727,38.707537],[13.377287,38.711168],[13.178118,38.704839],[12.988229,38.690801],[12.804302,38.666526],[12.620148,38.637154],[12.492512,38.61633],[12.364875,38.595506],[12.157706,38.55354],[11.98204,38.498619],[11.819655,38.453807],[11.692772,38.413858],[11.56555,38.366264]]}},{"type":"Feature","properties":{"average_dip":"(60.0,50,70)","average_rake":"(-90,-100,-80)","catalog_id":"EUR_ITCS015","catalog_name":"SHARE","lower_seis_depth":"(10.0,,)","net_slip_rate":"(0.6,0.1,1.0)","slip_type":"Normal","upper_seis_depth":"(1.0,,)"},"geometry":{"type":"LineString","coordinates":[[16.265008,39.604417],[16.271015,39.565055],[16.277021,39.525693],[16.283028,39.486331],[16.286496,39.447404],[16.289659,39.407978],[16.292512,39.373711],[16.291151,39.339592],[16.291488,39.303543],[16.2897,39.261953],[16.289141,39.220789],[16.287939,39.184096],[16.286736,39.147402]]}},{"type":"Feature","properties":{"average_dip":"(32.5,25,40)","average_rake":"(-95,-110,-80)","catalog_id":"EUR_ITCS016","catalog_name":"SHARE","lower_seis_depth":"(13.0,,)","net_slip_rate":"(1.4,0.9,2.0)","slip_type":"Normal","upper_seis_depth":"(2.0,,)"},"geometry":{"type":"LineString","coordinates":[[15.602863,38.305249],[15.584875,38.270223],[15.566349,38.230416],[15.547821,38.190609],[15.529294,38.150803],[15.510766,38.110997],[15.492241,38.071191],[15.473713,38.031385],[15.455186,37.991578],[15.436658,37.951772],[15.418132,37.911965],[15.399604,37.872159]]}},{"type":"Feature","properties":{"average_dip":"(80.0,70,90)","average_rake":"(0,-10,10)","catalog_id":"EUR_ITCS017","catalog_name":"SHARE","lower_seis_depth":"(23.0,,)","net_slip_rate":"(1.2,1.0,1.4)","slip_type":"Sinistral","upper_seis_depth":"(1.0,,)"},"geometry":{"type":"LineString","coordinates":[[14.65614,36.677436],[14.667877,36.716734],[14.679614,36.756031],[14.691351,36.795329],[14.703088,36.834627],[14.714825,36.873924],[14.726562,36.913222],[14.749086,36.953218],[14.771609,36.993214],[14.794133,37.03321],[14.816656,37.073206]]}},{"type":"Feature","properties":{"average_dip":"(32.5,20,45)","average_rake":"(75,60,90)","catalog_id":"EUR_ITCS018","catalog_name":"SHARE","lower_seis_depth":"(8.0,,)","net_slip_rate":"(0.2,0.1,0.25)","slip_type":"Reverse","upper_seis_depth":"(2.0,,)"},"geometry":{"type":"LineString","coordinates":[[8.985882,44.92087],[9.015562,44.942919],[9.045242,44.964968],[9.074922,44.987017],[9.10609,45.019675],[9.137258,45.052333],[9.168426,45.084991],[9.204796,45.109444],[9.241165,45.133897]]}},{"type":"Feature","properties":{"average_dip":"(30.0,20,40)","average_rake":"(90,80,100)","catalog_id":"EUR_ITCS019","catalog_name":"SHARE","lower_seis_depth":"(12.0,,)","net_slip_rate":"(0.3,0.1,0.5)","slip_type":"Reverse","upper_seis_depth":"(3.0,,)"},"geometry":{"type":"LineString","coordinates":[[16.987772,39.820573],[17.050451,39.740792],[17.113131,39.661011],[17.17581,39.58123],[17.212587,39.487893],[17.249365,39.394555],[17.286142,39.301218],[17.28511,39.205001],[17.284077,39.108785],[17.283045,39.012568],[17.251605,38.931086],[17.220164,38.849603],[17.188724,38.768121]]}},{"type":"Feature","properties":{"average_dip":"(40.0,30,50)","average_rake":"(90,80,100)","catalog_id":"EUR_ITCS020","catalog_name":"SHARE","lower_seis_depth":"(9.0,,)","net_slip_rate":"(0.3,0.1,0.5)","slip_type":"Reverse","upper_seis_depth":"(3.0,,)"},"geometry":{"type":"LineString","coordinates":[[13.980373,42.283339],[13.968511,42.329143],[13.946191,42.396771],[13.920702,42.474179],[13.902064,42.535323],[13.886717,42.598031],[13.883531,42.636536],[13.862717,42.702219],[13.829502,42.774635],[13.791941,42.845794],[13.754588,42.907883],[13.717234,42.969971],[13.679881,43.03206],[13.646313,43.097348],[13.612744,43.162637],[13.579176,43.227925],[13.554276,43.296098],[13.529375,43.36427]]}},{"type":"Feature","properties":{"average_dip":"(50.0,40,60)","average_rake":"(110,85,135)","catalog_id":"EUR_ITCS021","catalog_name":"SHARE","lower_seis_depth":"(10.0,,)","net_slip_rate":"(0.3,0.1,0.5)","slip_type":"Reverse","upper_seis_depth":"(3.0,,)"},"geometry":{"type":"LineString","coordinates":[[13.066967,37.752421],[13.014213,37.757706],[12.961458,37.762991],[12.908704,37.768276],[12.855949,37.773561],[12.808543,37.775777],[12.761136,37.777992],[12.71373,37.780208],[12.659719,37.770863],[12.605709,37.761519],[12.551698,37.752174],[12.50234,37.741186],[12.452981,37.730197],[12.403623,37.719209]]}},{"type":"Feature","properties":{"average_dip":"(30.0,25,35)","average_rake":"(90,80,100)","catalog_id":"EUR_ITCS022","catalog_name":"SHARE","lower_seis_depth":"(10.0,,)","net_slip_rate":"(0.3,0.1,0.5)","slip_type":"Reverse","upper_seis_depth":"(3.0,,)"},"geometry":{"type":"LineString","coordinates":[[8.265403,43.848687],[8.171313,43.836171],[8.077223,43.823655],[7.983133,43.811139],[7.889043,43.798623],[7.794953,43.786107],[7.710826,43.78203],[7.626699,43.777953],[7.542572,43.773876],[7.458445,43.7698],[7.374318,43.765723],[7.290191,43.761646]]}},{"type":"Feature","properties":{"average_dip":"(45.0,40,50)","average_rake":"(142,130,155)","catalog_id":"EUR_ITCS023","catalog_name":"SHARE","lower_seis_depth":"(7.0,,)","net_slip_rate":"(0.6,0.1,1.0)","slip_type":"Dextral-Reverse","upper_seis_depth":"(1.0,,)"},"geometry":{"type":"LineString","coordinates":[[7.547455,44.960552],[7.496998,44.944846],[7.446542,44.92914],[7.396085,44.913434],[7.345629,44.897728],[7.295172,44.882022],[7.244716,44.866316],[7.194259,44.85061]]}},{"type":"Feature","properties":{"average_dip":"(55.0,50,60)","average_rake":"(-90,-100,-80)","catalog_id":"EUR_ITCS024","catalog_name":"SHARE","lower_seis_depth":"(14.0,,)","net_slip_rate":"(0.6,0.1,1.0)","slip_type":"Normal","upper_seis_depth":"(1.0,,)"},"geometry":{"type":"LineString","coordinates":[[14.181706,41.595868],[14.257769,41.554756],[14.333831,41.513643],[14.409894,41.472531],[14.485956,41.431418],[14.562019,41.390306],[14.583832,41.33669],[14.654575,41.290393],[14.725317,41.244096],[14.79606,41.1978],[14.866802,41.151503],[14.937545,41.105206]]}},{"type":"Feature","properties":{"average_dip":"(52.5,40,65)","average_rake":"(-90,-100,-80)","catalog_id":"EUR_ITCS025","catalog_name":"SHARE","lower_seis_depth":"(14.5,,)","net_slip_rate":"(0.9,0.1,1.7)","slip_type":"Normal","upper_seis_depth":"(1.0,,)"},"geometry":{"type":"LineString","coordinates":[[14.072919,41.691816],[13.988533,41.75007],[13.900553,41.806429],[13.812573,41.862788],[13.713523,41.936304],[13.614472,42.009819],[13.515422,42.083335],[13.41914,42.14954],[13.322858,42.215744],[13.226576,42.281949],[13.130294,42.348153],[13.034012,42.414358]]}},{"type":"Feature","properties":{"average_dip":"(37.5,30,45)","average_rake":"(-90,-100,-80)","catalog_id":"EUR_ITCS026","catalog_name":"SHARE","lower_seis_depth":"(10.0,,)","net_slip_rate":"(0.6,0.1,1.0)","slip_type":"Normal","upper_seis_depth":"(1.0,,)"},"geometry":{"type":"LineString","coordinates":[[9.602357,44.52127],[9.635527,44.492019],[9.668697,44.462767],[9.7067,44.429767],[9.744702,44.396766],[9.778953,44.367037],[9.813204,44.337308],[9.847456,44.307579],[9.881707,44.277849],[9.915958,44.24812],[9.950209,44.218391],[9.990599,44.183995],[10.030988,44.1496]]}},{"type":"Feature","properties":{"average_dip":"(37.5,20,55)","average_rake":"(90,70,110)","catalog_id":"EUR_ITCS027","catalog_name":"SHARE","lower_seis_depth":"(22.0,,)","net_slip_rate":"(0.3,0.1,0.5)","slip_type":"Reverse","upper_seis_depth":"(12.0,,)"},"geometry":{"type":"LineString","coordinates":[[13.704738,42.6209],[13.597289,42.719974],[13.48984,42.819048],[13.382391,42.918122],[13.28332,43.064325],[13.18425,43.210527],[13.085179,43.35673],[12.997778,43.436676],[12.852452,43.494799],[12.707125,43.552921],[12.553797,43.654886],[12.40047,43.756851],[12.247142,43.858815],[12.093814,43.96078],[11.901316,44.046059],[11.708819,44.131338],[11.516321,44.216616],[11.323823,44.301895],[11.178959,44.342879],[11.034095,44.383863],[10.824869,44.391572],[10.628791,44.46428],[10.459504,44.529722],[10.339465,44.562638],[10.247156,44.57909],[10.095678,44.607498],[9.960326,44.696044],[9.824973,44.784589]]}},{"type":"Feature","properties":{"average_dip":"(45.0,35,55)","average_rake":"(-90,-100,-80)","catalog_id":"EUR_ITCS028","catalog_name":"SHARE","lower_seis_depth":"(14.0,,)","net_slip_rate":"(0.6,0.1,1.0)","slip_type":"Normal","upper_seis_depth":"(2.5,,)"},"geometry":{"type":"LineString","coordinates":[[13.471855,42.484438],[13.414174,42.52992],[13.356493,42.575402],[13.268502,42.644909],[13.210459,42.716148],[13.152415,42.787387],[13.094372,42.858625],[13.036328,42.929864],[12.978824,42.996155],[12.92132,43.062445],[12.863816,43.128736],[12.808677,43.190776],[12.753538,43.252816],[12.736062,43.275167]]}},{"type":"Feature","properties":{"average_dip":"(30.0,20,40)","average_rake":"(90,80,100)","catalog_id":"EUR_ITCS029","catalog_name":"SHARE","lower_seis_depth":"(10.0,,)","net_slip_rate":"(0.3,0.1,0.5)","slip_type":"Reverse","upper_seis_depth":"(3.0,,)"},"geometry":{"type":"LineString","coordinates":[[15.155454,37.528147],[15.075933,37.499832],[14.996412,37.471517],[14.916891,37.443202],[14.845333,37.414333],[14.773775,37.385465],[14.702217,37.356596],[14.625801,37.314393],[14.549385,37.272189],[14.472969,37.229986],[14.393283,37.17851],[14.313596,37.127035],[14.23391,37.075559]]}},{"type":"Feature","properties":{"average_dip":"(30.0,25,35)","average_rake":"(90,80,100)","catalog_id":"EUR_ITCS030","catalog_name":"SHARE","lower_seis_depth":"(7.0,,)","net_slip_rate":"(0.3,0.1,0.5)","slip_type":"Reverse","upper_seis_depth":"(3.0,,)"},"geometry":{"type":"LineString","coordinates":[[12.634045,44.1619],[12.662661,44.142807],[12.691276,44.123713],[12.732609,44.098823],[12.773942,44.073932],[12.801538,44.053625],[12.829134,44.033317]]}},{"type":"Feature","properties":{"average_dip":"(37.5,30,45)","average_rake":"(90,80,100)","catalog_id":"EUR_ITCS031","catalog_name":"SHARE","lower_seis_depth":"(7.0,,)","net_slip_rate":"(0.8,0.55,1.1)","slip_type":"Reverse","upper_seis_depth":"(2.0,,)"},"geometry":{"type":"LineString","coordinates":[[13.57968,43.714775],[13.615669,43.696396],[13.651658,43.678017],[13.687647,43.659638],[13.725207,43.626011],[13.762767,43.592385],[13.800326,43.558758],[13.837886,43.525132],[13.875446,43.491505]]}},{"type":"Feature","properties":{"average_dip":"(32.5,30,35)","average_rake":"(90,80,100)","catalog_id":"EUR_ITCS032","catalog_name":"SHARE","lower_seis_depth":"(7.5,,)","net_slip_rate":"(0.3,0.2,0.4)","slip_type":"Reverse","upper_seis_depth":"(2.5,,)"},"geometry":{"type":"LineString","coordinates":[[13.425174,43.591884],[13.3897,43.613052],[13.354226,43.63422],[13.299519,43.678652],[13.244811,43.723083],[13.186078,43.766366],[13.130947,43.789816],[13.075816,43.813265],[13.034156,43.831062],[12.984293,43.864823],[12.93443,43.898584],[12.883103,43.936036],[12.824576,43.957655],[12.766049,43.979274]]}},{"type":"Feature","properties":{"average_dip":"(60.0,55,65)","average_rake":"(-90,-100,-80)","catalog_id":"EUR_ITCS033","catalog_name":"SHARE","lower_seis_depth":"(10.0,,)","net_slip_rate":"(0.4,0.2,0.6)","slip_type":"Normal","upper_seis_depth":"(1.0,,)"},"geometry":{"type":"LineString","coordinates":[[16.312218,39.70764],[16.293008,39.743654],[16.273798,39.779668],[16.254587,39.815682],[16.235377,39.851696],[16.216167,39.88771]]}},{"type":"Feature","properties":{"average_dip":"(60.0,50,70)","average_rake":"(-90,-100,-80)","catalog_id":"EUR_ITCS034","catalog_name":"SHARE","lower_seis_depth":"(14.0,,)","net_slip_rate":"(0.6,0.1,1.0)","slip_type":"Normal","upper_seis_depth":"(1.0,,)"},"geometry":{"type":"LineString","coordinates":[[15.13063,40.857178],[15.196083,40.814139],[15.261536,40.7711],[15.326989,40.728061],[15.392442,40.685022],[15.438176,40.656242],[15.483909,40.627463],[15.497108,40.562632],[15.542994,40.519788],[15.588879,40.476945],[15.644013,40.412247],[15.718675,40.35318],[15.789534,40.29338],[15.860393,40.233579]]}},{"type":"Feature","properties":{"average_dip":"(75.0,60,90)","average_rake":"(10,-10,30)","catalog_id":"EUR_ITCS035","catalog_name":"SHARE","lower_seis_depth":"(23.0,,)","net_slip_rate":"(0.6,0.1,1.0)","slip_type":"Sinistral","upper_seis_depth":"(1.0,,)"},"geometry":{"type":"LineString","coordinates":[[14.715289,36.935412],[14.71729,36.979298],[14.719291,37.023184],[14.721293,37.06707],[14.723294,37.110956],[14.725295,37.154843],[14.727296,37.198729],[14.729298,37.242615],[14.731299,37.286501],[14.7333,37.330387]]}},{"type":"Feature","properties":{"average_dip":"(45.0,40,50)","average_rake":"(75,60,90)","catalog_id":"EUR_ITCS036","catalog_name":"SHARE","lower_seis_depth":"(15.0,,)","net_slip_rate":"(0.3,0.1,0.5)","slip_type":"Reverse","upper_seis_depth":"(3.0,,)"},"geometry":{"type":"LineString","coordinates":[[14.839836,37.129388],[14.882802,37.150995],[14.925768,37.172601],[14.968734,37.194208],[15.011699,37.215814],[15.054665,37.237421],[15.097631,37.259027],[15.140597,37.280634]]}},{"type":"Feature","properties":{"average_dip":"(32.5,25,40)","average_rake":"(-90,-100,-80)","catalog_id":"EUR_ITCS037","catalog_name":"SHARE","lower_seis_depth":"(8.0,,)","net_slip_rate":"(0.6,0.1,1.0)","slip_type":"Normal","upper_seis_depth":"(0.5,,)"},"geometry":{"type":"LineString","coordinates":[[13.045338,42.478125],[12.934675,42.546546],[12.846366,42.614794],[12.799798,42.666182],[12.760819,42.709019],[12.661358,42.83002],[12.541391,42.975968],[12.421423,43.121915],[12.301456,43.267863],[12.181489,43.413811],[12.087418,43.485653],[11.993347,43.557494],[11.792004,43.616671],[11.655792,43.748553],[11.51958,43.880435],[11.373542,43.937323],[11.227504,43.994211],[11.153961,44.020865]]}},{"type":"Feature","properties":{"average_dip":"(60.0,55,65)","average_rake":"(-90,-100,-80)","catalog_id":"EUR_ITCS038","catalog_name":"SHARE","lower_seis_depth":"(12.0,,)","net_slip_rate":"(0.6,0.1,1.0)","slip_type":"Normal","upper_seis_depth":"(1.0,,)"},"geometry":{"type":"LineString","coordinates":[[15.804075,40.206257],[15.828471,40.165618],[15.852867,40.124978],[15.877262,40.084339],[15.901658,40.0437],[15.926054,40.00306],[15.95045,39.962421],[15.974845,39.921782],[15.999241,39.881142],[16.023637,39.840503]]}},{"type":"Feature","properties":{"average_dip":"(30.0,25,35)","average_rake":"(90,80,100)","catalog_id":"EUR_ITCS039","catalog_name":"SHARE","lower_seis_depth":"(7.0,,)","net_slip_rate":"(0.3,0.1,0.5)","slip_type":"Reverse","upper_seis_depth":"(3.0,,)"},"geometry":{"type":"LineString","coordinates":[[12.706269,43.981804],[12.661674,44.011787],[12.617079,44.04177],[12.572484,44.071753],[12.527889,44.101737],[12.483294,44.13172],[12.438699,44.161703],[12.394104,44.191686]]}},{"type":"Feature","properties":{"average_dip":"(52.5,40,65)","average_rake":"(-90,-100,-80)","catalog_id":"EUR_ITCS040","catalog_name":"SHARE","lower_seis_depth":"(14.0,,)","net_slip_rate":"(0.6,0.1,1.0)","slip_type":"Normal","upper_seis_depth":"(1.0,,)"},"geometry":{"type":"LineString","coordinates":[[14.02476,42.038657],[13.982297,42.070189],[13.939835,42.101721],[13.897372,42.133253],[13.854909,42.164785],[13.812446,42.196317],[13.769984,42.227849],[13.727521,42.259381],[13.669319,42.293399],[13.611118,42.327418],[13.552916,42.361436],[13.494715,42.395455],[13.436513,42.429473]]}},{"type":"Feature","properties":{"average_dip":"(45.0,40,50)","average_rake":"(-90,-100,-80)","catalog_id":"EUR_ITCS041","catalog_name":"SHARE","lower_seis_depth":"(5.0,,)","net_slip_rate":"(0.6,0.1,1.0)","slip_type":"Normal","upper_seis_depth":"(1.0,,)"},"geometry":{"type":"LineString","coordinates":[[12.283098,43.498209],[12.24561,43.523191],[12.208121,43.548174],[12.170633,43.573156],[12.133144,43.598139],[12.095656,43.623121]]}},{"type":"Feature","properties":{"average_dip":"(80.0,70,90)","average_rake":"(20,180,-140)","catalog_id":"EUR_ITCS042","catalog_name":"SHARE","lower_seis_depth":"(25.0,,)","net_slip_rate":"(0.3,0.1,0.5)","slip_type":"Sinistral","upper_seis_depth":"(1.0,,)"},"geometry":{"type":"LineString","coordinates":[[14.915102,38.635064],[14.937843,38.581915],[14.960584,38.528765],[14.983324,38.475616],[15.006065,38.422467],[15.018145,38.36879],[15.030225,38.315113],[15.056362,38.28143],[15.082498,38.247746],[15.112053,38.192592],[15.143738,38.139863],[15.175423,38.087133],[15.207108,38.034404]]}},{"type":"Feature","properties":{"average_dip":"(37.5,30,45)","average_rake":"(90,80,100)","catalog_id":"EUR_ITCS043","catalog_name":"SHARE","lower_seis_depth":"(6.5,,)","net_slip_rate":"(0.3,0.1,0.5)","slip_type":"Reverse","upper_seis_depth":"(2.5,,)"},"geometry":{"type":"LineString","coordinates":[[12.903437,44.057345],[12.951308,44.038326],[12.999179,44.019307],[13.04705,44.000288],[13.099947,43.97252],[13.152845,43.944753],[13.205742,43.916985],[13.247573,43.889224],[13.289404,43.861463],[13.331235,43.833702],[13.37232,43.798368],[13.413406,43.763033],[13.454491,43.727699]]}},{"type":"Feature","properties":{"average_dip":"(30.0,20,40)","average_rake":"(90,80,100)","catalog_id":"EUR_ITCS044","catalog_name":"SHARE","lower_seis_depth":"(7.0,,)","net_slip_rate":"(0.5,0.41,0.61)","slip_type":"Reverse","upper_seis_depth":"(2.0,,)"},"geometry":{"type":"LineString","coordinates":[[9.249097,45.134877],[9.289545,45.167065],[9.329992,45.199253],[9.390276,45.21915],[9.462146,45.219472],[9.505583,45.217508],[9.549019,45.215543],[9.600483,45.210141],[9.651946,45.204738],[9.70341,45.199336],[9.755804,45.182743],[9.808198,45.166149],[9.865466,45.147372],[9.922734,45.128594],[9.980001,45.109817],[10.037269,45.091039]]}},{"type":"Feature","properties":{"average_dip":"(30.0,20,40)","average_rake":"(90,80,100)","catalog_id":"EUR_ITCS045","catalog_name":"SHARE","lower_seis_depth":"(10.0,,)","net_slip_rate":"(0.3,0.1,0.5)","slip_type":"Reverse","upper_seis_depth":"(2.0,,)"},"geometry":{"type":"LineString","coordinates":[[9.728034,44.978787],[9.773539,44.962681],[9.819044,44.946575],[9.86455,44.930468],[9.910055,44.914362],[9.945525,44.884949],[9.980995,44.855535],[10.016466,44.826122],[10.051936,44.796708],[10.076537,44.767821],[10.101139,44.738934],[10.12574,44.710047],[10.150341,44.68116]]}},{"type":"Feature","properties":{"average_dip":"(30.0,20,40)","average_rake":"(90,80,100)","catalog_id":"EUR_ITCS046","catalog_name":"SHARE","lower_seis_depth":"(8.0,,)","net_slip_rate":"(0.3,0.1,0.5)","slip_type":"Reverse","upper_seis_depth":"(2.0,,)"},"geometry":{"type":"LineString","coordinates":[[10.190075,44.685912],[10.245312,44.682213],[10.30055,44.678513],[10.355787,44.674814],[10.412395,44.658271],[10.469002,44.641729],[10.52561,44.625186],[10.582167,44.610204],[10.638723,44.595223],[10.69528,44.580241],[10.735806,44.565133],[10.776332,44.550024],[10.829698,44.533443],[10.883064,44.516862]]}},{"type":"Feature","properties":{"average_dip":"(30.0,20,40)","average_rake":"(90,80,100)","catalog_id":"EUR_ITCS047","catalog_name":"SHARE","lower_seis_depth":"(8.0,,)","net_slip_rate":"(0.3,0.1,0.5)","slip_type":"Reverse","upper_seis_depth":"(2.0,,)"},"geometry":{"type":"LineString","coordinates":[[10.914507,44.515242],[10.965668,44.514798],[11.016829,44.514354],[11.06799,44.513909],[11.119151,44.513465],[11.176441,44.511118],[11.233731,44.508772],[11.291021,44.506425],[11.348311,44.504079],[11.403204,44.485764],[11.458096,44.467448],[11.496804,44.445962],[11.535512,44.424476],[11.57422,44.40299]]}},{"type":"Feature","properties":{"average_dip":"(35.0,25,45)","average_rake":"(85,70,100)","catalog_id":"EUR_ITCS048","catalog_name":"SHARE","lower_seis_depth":"(10.0,,)","net_slip_rate":"(0.3,0.1,0.5)","slip_type":"Reverse","upper_seis_depth":"(5.0,,)"},"geometry":{"type":"LineString","coordinates":[[11.070047,46.085982],[11.046951,46.054774],[11.011208,46.014566],[10.955311,45.950148],[10.899414,45.88573],[10.876792,45.850026],[10.83208,45.800165],[10.784819,45.745096],[10.744302,45.694465],[10.688154,45.638599],[10.640026,45.59915],[10.591897,45.5597],[10.525853,45.521521],[10.463518,45.493864],[10.427184,45.48766],[10.37971,45.483397],[10.321137,45.482878]]}},{"type":"Feature","properties":{"average_dip":"(40.0,30,50)","average_rake":"(75,60,90)","catalog_id":"EUR_ITCS049","catalog_name":"SHARE","lower_seis_depth":"(10.0,,)","net_slip_rate":"(0.2,0.1,0.25)","slip_type":"Reverse","upper_seis_depth":"(3.0,,)"},"geometry":{"type":"LineString","coordinates":[[10.873176,44.934457],[10.818534,44.911762],[10.763893,44.889067],[10.709251,44.866372],[10.669315,44.838905],[10.629378,44.811438],[10.589442,44.783971],[10.549505,44.756504]]}},{"type":"Feature","properties":{"average_dip":"(40.0,25,55)","average_rake":"(90,80,100)","catalog_id":"EUR_ITCS050","catalog_name":"SHARE","lower_seis_depth":"(8.0,,)","net_slip_rate":"(0.4,0.34,0.5)","slip_type":"Reverse","upper_seis_depth":"(1.0,,)"},"geometry":{"type":"LineString","coordinates":[[11.968501,44.819647],[11.897992,44.842193],[11.827483,44.864738],[11.756974,44.887284],[11.686465,44.90983],[11.615956,44.932375],[11.545447,44.954921],[11.468211,44.950616],[11.390976,44.94631],[11.314871,44.962622],[11.238765,44.978935],[11.162659,44.995247],[11.086554,45.01156]]}},{"type":"Feature","properties":{"average_dip":"(35.0,25,45)","average_rake":"(90,80,100)","catalog_id":"EUR_ITCS051","catalog_name":"SHARE","lower_seis_depth":"(10.0,,)","net_slip_rate":"(0.4,0.25,0.5)","slip_type":"Reverse","upper_seis_depth":"(3.0,,)"},"geometry":{"type":"LineString","coordinates":[[10.893295,44.934877],[10.9397,44.93033],[10.986105,44.925783],[11.025962,44.916056],[11.065819,44.906329],[11.119242,44.892559],[11.172666,44.878788],[11.201722,44.864698],[11.230779,44.850607],[11.268175,44.834455],[11.30557,44.818303],[11.361933,44.805392],[11.418296,44.79248],[11.474659,44.779569],[11.531022,44.766657]]}},{"type":"Feature","properties":{"average_dip":"(37.5,30,45)","average_rake":"(90,80,100)","catalog_id":"EUR_ITCS052","catalog_name":"SHARE","lower_seis_depth":"(8.0,,)","net_slip_rate":"(0.3,0.1,0.5)","slip_type":"Reverse","upper_seis_depth":"(3.0,,)"},"geometry":{"type":"LineString","coordinates":[[14.78605,43.010349],[14.83014,42.983088],[14.874229,42.955828],[14.908013,42.927257],[14.941796,42.898687],[14.975579,42.870116],[15.009362,42.841545],[15.045136,42.806648],[15.08091,42.771751],[15.116684,42.736854],[15.152457,42.701956],[15.193188,42.670456],[15.233919,42.638956],[15.263408,42.617166],[15.292896,42.595376]]}},{"type":"Feature","properties":{"average_dip":"(30.0,20,40)","average_rake":"(-90,-100,-80)","catalog_id":"EUR_ITCS053","catalog_name":"SHARE","lower_seis_depth":"(11.0,,)","net_slip_rate":"(0.6,0.1,1.0)","slip_type":"Normal","upper_seis_depth":"(3.0,,)"},"geometry":{"type":"LineString","coordinates":[[16.058819,38.530652],[16.076525,38.552521],[16.094231,38.574389],[16.109868,38.595267],[16.125505,38.616145],[16.141143,38.637023],[16.15678,38.6579],[16.172417,38.678778],[16.188054,38.699656],[16.203691,38.720534],[16.219328,38.741411]]}},{"type":"Feature","properties":{"average_dip":"(40.0,30,50)","average_rake":"(95,80,110)","catalog_id":"EUR_ITCS054","catalog_name":"SHARE","lower_seis_depth":"(6.5,,)","net_slip_rate":"(0.3,0.1,0.5)","slip_type":"Reverse","upper_seis_depth":"(3.0,,)"},"geometry":{"type":"LineString","coordinates":[[13.804102,43.393148],[13.842478,43.352435],[13.880853,43.311721],[13.917635,43.261544],[13.954416,43.211366],[13.969103,43.145045],[13.98379,43.078725],[13.996865,43.011848],[14.009939,42.944971],[14.020925,42.889795],[14.028297,42.836263],[14.03159,42.780811],[14.034677,42.717152],[14.032239,42.629706],[14.046345,42.532472],[14.062937,42.452862],[14.068099,42.387656],[14.068049,42.296514]]}},{"type":"Feature","properties":{"average_dip":"(70.0,60,80)","average_rake":"(-135,-150,-120)","catalog_id":"EUR_ITCS055","catalog_name":"SHARE","lower_seis_depth":"(12.0,,)","net_slip_rate":"(0.3,0.1,0.5)","slip_type":"Dextral-Normal","upper_seis_depth":"(3.0,,)"},"geometry":{"type":"LineString","coordinates":[[16.223833,38.077018],[16.166801,38.102713],[16.109769,38.128407],[16.052737,38.1541],[15.995705,38.179794],[15.938672,38.205489],[15.881643,38.231184],[15.82461,38.256879],[15.767578,38.282573],[15.710546,38.308266],[15.653514,38.33396],[15.596482,38.359655]]}},{"type":"Feature","properties":{"average_dip":"(20.0,15,25)","average_rake":"(-90,-100,-80)","catalog_id":"EUR_ITCS056","catalog_name":"SHARE","lower_seis_depth":"(7.0,,)","net_slip_rate":"(0.6,0.1,1.0)","slip_type":"Normal","upper_seis_depth":"(2.0,,)"},"geometry":{"type":"LineString","coordinates":[[12.691421,43.254306],[12.649527,43.281235],[12.607632,43.308163],[12.565738,43.335092],[12.523844,43.362021],[12.481949,43.388949],[12.440055,43.415878]]}},{"type":"Feature","properties":{"average_dip":"(70.0,60,80)","average_rake":"(-130,-140,-120)","catalog_id":"EUR_ITCS057","catalog_name":"SHARE","lower_seis_depth":"(25.0,,)","net_slip_rate":"(0.6,0.1,1.0)","slip_type":"Dextral-Normal","upper_seis_depth":"(11.0,,)"},"geometry":{"type":"LineString","coordinates":[[14.827568,41.238924],[14.879624,41.233885],[14.93168,41.228847],[14.983737,41.223808],[15.035793,41.21877],[15.087849,41.213731],[15.139905,41.208692],[15.191962,41.203654],[15.244018,41.198615]]}},{"type":"Feature","properties":{"average_dip":"(85.0,80,90)","average_rake":"(-145,-160,-130)","catalog_id":"EUR_ITCS058","catalog_name":"SHARE","lower_seis_depth":"(25.0,,)","net_slip_rate":"(0.7,0.1,1.2)","slip_type":"Dextral-Normal","upper_seis_depth":"(0.0,,)"},"geometry":{"type":"LineString","coordinates":[[16.093386,41.689311],[16.040937,41.697795],[16.009932,41.70201],[15.978926,41.706224],[15.926636,41.710097],[15.886468,41.708043],[15.846299,41.705989],[15.806131,41.703935],[15.763923,41.701415],[15.721715,41.698896],[15.703972,41.699726],[15.662016,41.702192],[15.620059,41.704659],[15.578103,41.707125]]}},{"type":"Feature","properties":{"average_dip":"(80.0,70,90)","average_rake":"(20,170,-130)","catalog_id":"EUR_ITCS059","catalog_name":"SHARE","lower_seis_depth":"(20.0,,)","net_slip_rate":"(0.3,0.1,0.5)","slip_type":"Sinistral","upper_seis_depth":"(11.0,,)"},"geometry":{"type":"LineString","coordinates":[[13.812713,42.234735],[13.906361,42.231953],[14.000008,42.229171],[14.183643,42.222152],[14.280252,42.217539],[14.376861,42.212926],[14.557521,42.204117],[14.653022,42.198949],[14.748522,42.193781],[14.931912,42.185874],[15.025723,42.183018],[15.119533,42.180161],[15.216419,42.176297],[15.313304,42.172433],[15.499409,42.165094],[15.68138,42.159118]]}},{"type":"Feature","properties":{"average_dip":"(40.0,30,50)","average_rake":"(80,60,100)","catalog_id":"EUR_ITCS060","catalog_name":"SHARE","lower_seis_depth":"(9.0,,)","net_slip_rate":"(0.7,0.3,1.0)","slip_type":"Reverse","upper_seis_depth":"(1.0,,)"},"geometry":{"type":"LineString","coordinates":[[12.051046,45.757526],[12.11716,45.782262],[12.183275,45.806998],[12.249389,45.831735],[12.315503,45.856471],[12.363056,45.892208],[12.410609,45.927945],[12.458162,45.963682],[12.505715,45.999419],[12.553268,46.035156],[12.595242,46.071902],[12.637215,46.108647],[12.680736,46.149167]]}},{"type":"Feature","properties":{"average_dip":"(35.0,30,40)","average_rake":"(100,90,110)","catalog_id":"EUR_ITCS061","catalog_name":"SHARE","lower_seis_depth":"(11.0,,)","net_slip_rate":"(0.4,0.3,0.5)","slip_type":"Reverse","upper_seis_depth":"(6.0,,)"},"geometry":{"type":"LineString","coordinates":[[13.400268,46.208223],[13.348983,46.217623],[13.297698,46.227023],[13.251523,46.23095],[13.205348,46.234876],[13.156087,46.238498],[13.106827,46.242119],[13.057566,46.245741]]}},{"type":"Feature","properties":{"average_dip":"(35.0,30,40)","average_rake":"(90,80,100)","catalog_id":"EUR_ITCS062","catalog_name":"SHARE","lower_seis_depth":"(7.0,,)","net_slip_rate":"(0.2,0.1,0.34)","slip_type":"Reverse","upper_seis_depth":"(1.0,,)"},"geometry":{"type":"LineString","coordinates":[[12.702572,46.145269],[12.745741,46.144262],[12.788909,46.143254],[12.832688,46.150599],[12.876466,46.157943],[12.917161,46.170216],[12.957855,46.18249],[12.99855,46.194763]]}},{"type":"Feature","properties":{"average_dip":"(70.0,60,80)","average_rake":"(-120,-130,-110)","catalog_id":"EUR_ITCS063","catalog_name":"SHARE","lower_seis_depth":"(18.0,,)","net_slip_rate":"(0.6,0.1,1.0)","slip_type":"Dextral-Normal","upper_seis_depth":"(2.0,,)"},"geometry":{"type":"LineString","coordinates":[[15.247394,40.930909],[15.298412,40.911899],[15.34943,40.892888],[15.400449,40.873878],[15.451467,40.854868],[15.502485,40.835857],[15.553503,40.816847],[15.604522,40.797837],[15.65554,40.778826],[15.706558,40.759816]]}},{"type":"Feature","properties":{"average_dip":"(37.5,30,45)","average_rake":"(90,80,100)","catalog_id":"EUR_ITCS064","catalog_name":"SHARE","lower_seis_depth":"(5.5,,)","net_slip_rate":"(0.4,0.3,0.5)","slip_type":"Reverse","upper_seis_depth":"(1.0,,)"},"geometry":{"type":"LineString","coordinates":[[12.740609,46.262524],[12.808204,46.26499],[12.875798,46.267456],[12.943393,46.269921],[13.010987,46.272387],[13.078582,46.274853],[13.131453,46.283652],[13.1905,46.283341],[13.242886,46.285668],[13.301448,46.278886],[13.362734,46.278498],[13.42402,46.27811]]}},{"type":"Feature","properties":{"average_dip":"(45.0,40,50)","average_rake":"(120,110,130)","catalog_id":"EUR_ITCS065","catalog_name":"SHARE","lower_seis_depth":"(7.0,,)","net_slip_rate":"(0.2,0.1,0.3)","slip_type":"Dextral-Reverse","upper_seis_depth":"(0.5,,)"},"geometry":{"type":"LineString","coordinates":[[13.195488,45.95713],[13.249822,45.946355],[13.304156,45.935581],[13.35849,45.924807],[13.412824,45.914032],[13.461522,45.908069],[13.510219,45.902105],[13.548502,45.908557],[13.586784,45.915008]]}},{"type":"Feature","properties":{"average_dip":"(35.0,30,40)","average_rake":"(100,90,110)","catalog_id":"EUR_ITCS066","catalog_name":"SHARE","lower_seis_depth":"(8.0,,)","net_slip_rate":"(0.4,0.3,0.5)","slip_type":"Reverse","upper_seis_depth":"(2.0,,)"},"geometry":{"type":"LineString","coordinates":[[13.442121,46.109589],[13.384132,46.12882],[13.326142,46.14805],[13.271852,46.15914],[13.217562,46.170231],[13.163273,46.181321],[13.108983,46.192411],[13.054693,46.203502],[13.000403,46.214592]]}},{"type":"Feature","properties":{"average_dip":"(75.0,60,90)","average_rake":"(25,0,50)","catalog_id":"EUR_ITCS067","catalog_name":"SHARE","lower_seis_depth":"(9.0,,)","net_slip_rate":"(0.1,0.05,0.15)","slip_type":"Sinistral-Reverse","upper_seis_depth":"(1.0,,)"},"geometry":{"type":"LineString","coordinates":[[13.007788,46.405105],[13.036709,46.442745],[13.04245,46.459377],[13.091156,46.483207],[13.116871,46.500989],[13.134538,46.543374]]}},{"type":"Feature","properties":{"average_dip":"(80.0,70,90)","average_rake":"(-10,-30,10)","catalog_id":"EUR_ITCS068","catalog_name":"SHARE","lower_seis_depth":"(15.0,,)","net_slip_rate":"(0.3,0.1,0.5)","slip_type":"Sinistral","upper_seis_depth":"(3.0,,)"},"geometry":{"type":"LineString","coordinates":[[15.916597,38.958944],[16.008096,38.947155],[16.099595,38.935365],[16.191094,38.923576],[16.282593,38.911786],[16.374092,38.899997],[16.419842,38.894102],[16.465591,38.888207],[16.511341,38.882313],[16.55709,38.876418],[16.60284,38.870523],[16.648589,38.864628],[16.694339,38.858734],[16.740088,38.852839],[16.785838,38.846944],[16.831587,38.841049]]}},{"type":"Feature","properties":{"average_dip":"(80.0,70,90)","average_rake":"(-5,160,-170)","catalog_id":"EUR_ITCS070","catalog_name":"SHARE","lower_seis_depth":"(25.0,,)","net_slip_rate":"(0.3,0.1,0.5)","slip_type":"Sinistral","upper_seis_depth":"(14.0,,)"},"geometry":{"type":"LineString","coordinates":[[16.229648,41.675109],[16.278222,41.670656],[16.326796,41.666202],[16.390535,41.661367],[16.455804,41.65683],[16.523171,41.653692],[16.59157,41.650981],[16.659231,41.649214],[16.726857,41.648262],[16.786105,41.647019],[16.845352,41.645777],[16.904766,41.64571],[16.964181,41.645644],[17.023595,41.645577]]}},{"type":"Feature","properties":{"average_dip":"(35.0,30,40)","average_rake":"(90,80,100)","catalog_id":"EUR_ITCS071","catalog_name":"SHARE","lower_seis_depth":"(4.0,,)","net_slip_rate":"(0.2,0.1,0.34)","slip_type":"Reverse","upper_seis_depth":"(0.5,,)"},"geometry":{"type":"LineString","coordinates":[[12.681323,46.151981],[12.728858,46.176427],[12.760742,46.18641],[12.792625,46.196393],[12.8352,46.201246],[12.885505,46.20545],[12.935809,46.209654],[12.986114,46.213858]]}},{"type":"Feature","properties":{"average_dip":"(37.5,30,45)","average_rake":"(90,80,100)","catalog_id":"EUR_ITCS072","catalog_name":"SHARE","lower_seis_depth":"(7.0,,)","net_slip_rate":"(0.3,0.1,0.5)","slip_type":"Reverse","upper_seis_depth":"(1.0,,)"},"geometry":{"type":"LineString","coordinates":[[9.871985,45.44219],[9.919598,45.455718],[9.957249,45.462701],[9.9949,45.469683],[10.038911,45.472411],[10.082922,45.475138],[10.128866,45.475379],[10.174809,45.47562],[10.225229,45.477165],[10.275649,45.478709],[10.331003,45.479802],[10.386357,45.480894]]}},{"type":"Feature","properties":{"average_dip":"(35.0,25,45)","average_rake":"(85,70,100)","catalog_id":"EUR_ITCS073","catalog_name":"SHARE","lower_seis_depth":"(9.0,,)","net_slip_rate":"(0.3,0.1,0.5)","slip_type":"Reverse","upper_seis_depth":"(3.0,,)"},"geometry":{"type":"LineString","coordinates":[[10.550689,45.326465],[10.605328,45.345069],[10.642186,45.362813],[10.655145,45.371726],[10.680329,45.393262],[10.705513,45.414798],[10.74497,45.455707],[10.775891,45.501348],[10.801054,45.532928],[10.826216,45.564508],[10.858427,45.603579],[10.890638,45.642649],[10.916811,45.675684],[10.942983,45.708719],[10.963297,45.732908],[10.983611,45.757097],[11.01685,45.799682]]}},{"type":"Feature","properties":{"average_dip":"(85.0,80,90)","average_rake":"(-135,-140,-130)","catalog_id":"EUR_ITCS074","catalog_name":"SHARE","lower_seis_depth":"(14.0,,)","net_slip_rate":"(0.5,0.1,0.8)","slip_type":"Dextral-Normal","upper_seis_depth":"(0.0,,)"},"geometry":{"type":"LineString","coordinates":[[16.257297,41.660857],[16.279184,41.658407],[16.327758,41.653953],[16.359628,41.651536],[16.391497,41.649118],[16.424132,41.64685],[16.456766,41.644581],[16.490449,41.643012],[16.524133,41.641443],[16.558332,41.640088],[16.592532,41.638732],[16.626362,41.637849],[16.660193,41.636965],[16.694006,41.636489],[16.727819,41.636013],[16.787067,41.63477],[16.815491,41.635129]]}},{"type":"Feature","properties":{"average_dip":"(80.0,70,90)","average_rake":"(20,170,-130)","catalog_id":"EUR_ITCS075","catalog_name":"SHARE","lower_seis_depth":"(20.0,,)","net_slip_rate":"(0.3,0.1,0.5)","slip_type":"Sinistral","upper_seis_depth":"(11.0,,)"},"geometry":{"type":"LineString","coordinates":[[14.358788,42.49558],[14.315346,42.496579],[14.271904,42.497577],[14.228462,42.498576],[14.18502,42.499575],[14.141578,42.500573],[14.098136,42.501572],[14.054694,42.502571],[14.011252,42.503569],[13.96781,42.504568],[13.924367,42.505566],[13.837483,42.507564],[13.750599,42.509561],[13.663715,42.511558],[13.576831,42.513556],[13.489947,42.515553]]}},{"type":"Feature","properties":{"average_dip":"(30.0,20,40)","average_rake":"(90,80,100)","catalog_id":"EUR_ITCS076","catalog_name":"SHARE","lower_seis_depth":"(10.0,,)","net_slip_rate":"(0.3,0.1,0.5)","slip_type":"Reverse","upper_seis_depth":"(2.0,,)"},"geometry":{"type":"LineString","coordinates":[[10.677312,45.141221],[10.729526,45.152269],[10.781741,45.163318],[10.833955,45.174366],[10.868333,45.184353],[10.922887,45.200446],[10.977441,45.216538],[11.031995,45.232631],[11.086549,45.248724],[11.141103,45.264816],[11.195657,45.280909],[11.229255,45.29217],[11.262852,45.303431]]}},{"type":"Feature","properties":{"average_dip":"(70.0,60,80)","average_rake":"(-130,-140,-120)","catalog_id":"EUR_ITCS077","catalog_name":"SHARE","lower_seis_depth":"(25.0,,)","net_slip_rate":"(0.6,0.1,1.0)","slip_type":"Dextral-Normal","upper_seis_depth":"(11.0,,)"},"geometry":{"type":"LineString","coordinates":[[14.740184,41.633931],[14.68279,41.633517],[14.625396,41.633103],[14.568002,41.632689],[14.510608,41.632276],[14.453214,41.631862],[14.39582,41.631448],[14.338426,41.631034],[14.281032,41.63062]]}},{"type":"Feature","properties":{"average_dip":"(25.0,20,30)","average_rake":"(90,80,100)","catalog_id":"EUR_ITCS078","catalog_name":"SHARE","lower_seis_depth":"(18.0,,)","net_slip_rate":"(0.3,0.1,0.5)","slip_type":"Reverse","upper_seis_depth":"(8.0,,)"},"geometry":{"type":"LineString","coordinates":[[14.453134,41.888194],[14.428576,41.917599],[14.404017,41.947004],[14.383953,41.9737],[14.362452,41.999102],[14.340951,42.024504],[14.304976,42.059077],[14.277314,42.079694],[14.249652,42.100311],[14.21099,42.125119],[14.172328,42.149927],[14.14022,42.166502],[14.108111,42.183077],[14.070725,42.199511],[14.033339,42.215944],[13.992019,42.231172],[13.950698,42.246399]]}},{"type":"Feature","properties":{"average_dip":"(30.0,20,40)","average_rake":"(90,80,100)","catalog_id":"EUR_ITCS079","catalog_name":"SHARE","lower_seis_depth":"(8.0,,)","net_slip_rate":"(0.3,0.1,0.5)","slip_type":"Reverse","upper_seis_depth":"(3.0,,)"},"geometry":{"type":"LineString","coordinates":[[14.464472,42.114925],[14.436032,42.143198],[14.4116,42.167486],[14.387825,42.193235],[14.351674,42.221432],[14.321072,42.238328],[14.276329,42.257418],[14.246942,42.268151],[14.217555,42.278884],[14.181138,42.290017],[14.148514,42.296081]]}},{"type":"Feature","properties":{"average_dip":"(70.0,60,80)","average_rake":"(-45,-60,-30)","catalog_id":"EUR_ITCS080","catalog_name":"SHARE","lower_seis_depth":"(12.0,,)","net_slip_rate":"(0.3,0.1,0.5)","slip_type":"Sinistral-Normal","upper_seis_depth":"(3.0,,)"},"geometry":{"type":"LineString","coordinates":[[15.938969,38.545421],[15.988503,38.523332],[16.038037,38.501243],[16.087572,38.479154],[16.137106,38.457064],[16.18664,38.434975],[16.236174,38.412886],[16.277458,38.393623],[16.318742,38.37436],[16.360025,38.355096],[16.401309,38.335833]]}},{"type":"Feature","properties":{"average_dip":"(65.0,60,70)","average_rake":"(-90,-100,-80)","catalog_id":"EUR_ITCS081","catalog_name":"SHARE","lower_seis_depth":"(13.0,,)","net_slip_rate":"(1.2,0.4,2.0)","slip_type":"Normal","upper_seis_depth":"(1.0,,)"},"geometry":{"type":"LineString","coordinates":[[14.270897,41.409289],[14.229692,41.430955],[14.188489,41.452621],[14.147283,41.474287],[14.106078,41.495952],[14.064875,41.517618],[14.02367,41.539284]]}},{"type":"Feature","properties":{"average_dip":"(30.0,20,40)","average_rake":"(-90,-100,-80)","catalog_id":"EUR_ITCS082","catalog_name":"SHARE","lower_seis_depth":"(11.0,,)","net_slip_rate":"(0.6,0.1,1.0)","slip_type":"Normal","upper_seis_depth":"(3.0,,)"},"geometry":{"type":"LineString","coordinates":[[15.871745,38.275269],[15.897235,38.3092],[15.911954,38.329694],[15.926671,38.350187],[15.94139,38.370681],[15.956108,38.391174],[15.970827,38.411667],[15.985544,38.432161],[16.000263,38.452655],[16.014981,38.473148]]}},{"type":"Feature","properties":{"average_dip":"(37.5,30,45)","average_rake":"(-90,-100,-80)","catalog_id":"EUR_ITCS083","catalog_name":"SHARE","lower_seis_depth":"(10.0,,)","net_slip_rate":"(0.6,0.1,1.0)","slip_type":"Normal","upper_seis_depth":"(1.0,,)"},"geometry":{"type":"LineString","coordinates":[[10.168911,44.195813],[10.210269,44.175389],[10.251626,44.154965],[10.292984,44.134542],[10.334341,44.114118],[10.375699,44.093694],[10.417057,44.07327],[10.458415,44.052847],[10.499772,44.032423],[10.54113,44.011999],[10.582487,43.991575]]}},{"type":"Feature","properties":{"average_dip":"(65.0,55,75)","average_rake":"(-120,-130,-110)","catalog_id":"EUR_ITCS084","catalog_name":"SHARE","lower_seis_depth":"(16.0,,)","net_slip_rate":"(0.6,0.1,1.0)","slip_type":"Dextral-Normal","upper_seis_depth":"(1.0,,)"},"geometry":{"type":"LineString","coordinates":[[14.941822,41.0399],[15.001175,41.036005],[15.060528,41.032109],[15.119881,41.028214],[15.179234,41.024319],[15.238587,41.020423],[15.29794,41.016528],[15.367484,41.007797],[15.437028,40.999065],[15.506572,40.990334],[15.576116,40.981602],[15.64566,40.972871]]}},{"type":"Feature","properties":{"average_dip":"(85.0,80,90)","average_rake":"(-90,-100,-80)","catalog_id":"EUR_ITCS085","catalog_name":"SHARE","lower_seis_depth":"(4.0,,)","net_slip_rate":"(0.6,0.1,1.0)","slip_type":"Normal","upper_seis_depth":"(0.0,,)"},"geometry":{"type":"LineString","coordinates":[[13.933662,40.759296],[13.886396,40.734487],[13.839129,40.709678]]}},{"type":"Feature","properties":{"average_dip":"(70.0,60,80)","average_rake":"(-90,-100,-80)","catalog_id":"EUR_ITCS086","catalog_name":"SHARE","lower_seis_depth":"(11.0,,)","net_slip_rate":"(0.6,0.1,1.0)","slip_type":"Normal","upper_seis_depth":"(5.0,,)"},"geometry":{"type":"LineString","coordinates":[[12.808858,41.75276],[12.778259,41.732396],[12.74766,41.712031],[12.704319,41.684838],[12.660979,41.657645],[12.617638,41.630452]]}},{"type":"Feature","properties":{"average_dip":"(70.0,60,80)","average_rake":"(-90,-100,-80)","catalog_id":"EUR_ITCS087","catalog_name":"SHARE","lower_seis_depth":"(12.0,,)","net_slip_rate":"(0.5,0.4,0.6)","slip_type":"Normal","upper_seis_depth":"(1.0,,)"},"geometry":{"type":"LineString","coordinates":[[15.473417,40.809991],[15.429593,40.832488],[15.385769,40.854985],[15.341946,40.877483],[15.298122,40.89998],[15.254298,40.922477]]}},{"type":"Feature","properties":{"average_dip":"(50.0,40,60)","average_rake":"(-90,-100,-80)","catalog_id":"EUR_ITCS088","catalog_name":"SHARE","lower_seis_depth":"(7.0,,)","net_slip_rate":"(0.6,0.1,1.0)","slip_type":"Normal","upper_seis_depth":"(1.0,,)"},"geometry":{"type":"LineString","coordinates":[[10.487116,43.438078],[10.476357,43.460883],[10.45457,43.502696],[10.432783,43.544509],[10.414316,43.5802]]}},{"type":"Feature","properties":{"average_dip":"(80.0,70,90)","average_rake":"(0,170,-170)","catalog_id":"EUR_ITCS089","catalog_name":"SHARE","lower_seis_depth":"(23.0,,)","net_slip_rate":"(0.3,0.1,0.5)","slip_type":"Sinistral","upper_seis_depth":"(12.0,,)"},"geometry":{"type":"LineString","coordinates":[[16.209912,40.961752],[16.143841,40.961681],[16.110805,40.961645],[16.077769,40.961609],[16.011698,40.961538],[15.945627,40.961467],[15.912591,40.961431],[15.879555,40.961395],[15.813484,40.961324],[15.747413,40.961253],[15.681342,40.961182],[15.648306,40.961146],[15.61527,40.96111],[15.582235,40.961074],[15.549199,40.961039]]}},{"type":"Feature","properties":{"average_dip":"(45.0,30,60)","average_rake":"(90,80,100)","catalog_id":"EUR_ITCS090","catalog_name":"SHARE","lower_seis_depth":"(12.0,,)","net_slip_rate":"(0.3,0.1,0.5)","slip_type":"Reverse","upper_seis_depth":"(3.0,,)"},"geometry":{"type":"LineString","coordinates":[[12.161024,37.622962],[12.089838,37.549703],[12.018652,37.476443],[11.948996,37.43752],[11.87934,37.398596],[11.774939,37.360673],[11.670538,37.322749],[11.576974,37.267765],[11.483409,37.212781],[11.384927,37.173352],[11.286445,37.133923],[11.209154,37.09517],[11.131862,37.056416]]}},{"type":"Feature","properties":{"average_dip":"(60.0,50,70)","average_rake":"(-145,-170,-120)","catalog_id":"EUR_ITCS091","catalog_name":"SHARE","lower_seis_depth":"(12.0,,)","net_slip_rate":"(0.3,0.2,0.5)","slip_type":"Dextral-Normal","upper_seis_depth":"(4.0,,)"},"geometry":{"type":"LineString","coordinates":[[11.783623,36.976314],[11.917787,36.909846],[12.050864,36.843514],[12.149232,36.788742],[12.259888,36.728992],[12.370552,36.684179],[12.481208,36.634387],[12.616464,36.589574],[12.764008,36.559699],[12.847004,36.549741],[12.93,36.539782],[13.028364,36.532313],[13.126728,36.524844],[13.225096,36.517376],[13.323464,36.509907]]}},{"type":"Feature","properties":{"average_dip":"(12.5,5,20)","average_rake":"(90,80,100)","catalog_id":"EUR_ITCS095","catalog_name":"SHARE","lower_seis_depth":"(12.0,,)","net_slip_rate":"(0.9,0.5,1.3)","slip_type":"Reverse","upper_seis_depth":"(4.0,,)"},"geometry":{"type":"LineString","coordinates":[[17.334855,37.149063],[17.327227,37.069293],[17.319598,36.989522],[17.302579,36.914906],[17.278684,36.853172],[17.235586,36.795447],[17.216548,36.746057],[17.162336,36.695095],[17.085736,36.65765],[17.00513,36.617188],[16.902137,36.590168],[16.76974,36.589359],[16.653257,36.594032],[16.547668,36.585604],[16.421616,36.55901],[16.296357,36.54479]]}},{"type":"Feature","properties":{"average_dip":"(12.5,5,20)","average_rake":"(90,80,100)","catalog_id":"EUR_ITCS096","catalog_name":"SHARE","lower_seis_depth":"(12.0,,)","net_slip_rate":"(0.9,0.5,1.3)","slip_type":"Reverse","upper_seis_depth":"(4.0,,)"},"geometry":{"type":"LineString","coordinates":[[17.141958,37.222691],[17.132435,37.190065],[17.109858,37.130836],[17.096942,37.056],[17.07709,36.994038],[17.021536,36.924195],[16.952349,36.883174],[16.848175,36.843563],[16.745487,36.825775],[16.635252,36.811325],[16.513195,36.794074],[16.402882,36.77625],[16.312617,36.767004],[16.218313,36.754686],[16.086432,36.768679]]}},{"type":"Feature","properties":{"average_dip":"(12.5,5,20)","average_rake":"(90,80,100)","catalog_id":"EUR_ITCS097","catalog_name":"SHARE","lower_seis_depth":"(12.0,,)","net_slip_rate":"(0.9,0.5,1.3)","slip_type":"Reverse","upper_seis_depth":"(4.0,,)"},"geometry":{"type":"LineString","coordinates":[[17.023514,37.307375],[16.985923,37.274408],[16.908154,37.227403],[16.850074,37.179541],[16.811843,37.133986],[16.754499,37.095477],[16.673571,37.054734],[16.639626,37.012104],[16.562397,36.964863],[16.465766,36.918304],[16.396685,36.90673],[16.327604,36.895157],[16.232948,36.879717],[16.142736,36.873457],[16.060505,36.86999]]}},{"type":"Feature","properties":{"average_dip":"(15.0,10,20)","average_rake":"(90,80,100)","catalog_id":"EUR_ITCS098","catalog_name":"SHARE","lower_seis_depth":"(15.0,,)","net_slip_rate":"(1.4,0.8,2.0)","slip_type":"Reverse","upper_seis_depth":"(4.0,,)"},"geometry":{"type":"LineString","coordinates":[[17.319292,37.206337],[17.435825,37.241821],[17.568863,37.285826],[17.669496,37.315542],[17.806754,37.359061],[17.888971,37.402081],[17.984858,37.466355],[18.088794,37.530134],[18.192133,37.58442],[18.27675,37.649077],[18.338687,37.724369],[18.397914,37.812379],[18.441758,37.904379],[18.461689,37.994567],[18.478549,38.094381],[18.476164,38.20158]]}},{"type":"Feature","properties":{"average_dip":"(25.0,10,40)","average_rake":"(90,80,100)","catalog_id":"EUR_ITCS099","catalog_name":"SHARE","lower_seis_depth":"(20.0,,)","net_slip_rate":"(1.4,0.8,2.0)","slip_type":"Reverse","upper_seis_depth":"(3.0,,)"},"geometry":{"type":"LineString","coordinates":[[17.19211,37.582936],[17.244237,37.621485],[17.296363,37.660034],[17.332707,37.697693],[17.36905,37.735351],[17.417733,37.805451],[17.470009,37.869082],[17.492941,37.910478],[17.515872,37.951874],[17.544689,37.991415],[17.573505,38.030955],[17.61492,38.104502],[17.63417,38.147637],[17.65342,38.190771],[17.678626,38.258797],[17.686137,38.304075],[17.693647,38.349352]]}},{"type":"Feature","properties":{"average_dip":"(55.0,50,60)","average_rake":"(145,130,160)","catalog_id":"EUR_ITCS100","catalog_name":"SHARE","lower_seis_depth":"(15.0,,)","net_slip_rate":"(0.2,0.1,0.3)","slip_type":"Dextral-Reverse","upper_seis_depth":"(1.0,,)"},"geometry":{"type":"LineString","coordinates":[[13.374062,45.900445],[13.410342,45.867765],[13.435166,45.850424],[13.459989,45.833083],[13.497224,45.815075],[13.521092,45.801736],[13.561192,45.777726],[13.589096,45.76054],[13.618476,45.74171],[13.656212,45.71889],[13.69581,45.691689],[13.720634,45.675015],[13.756914,45.648337],[13.784693,45.632234],[13.810053,45.6201],[13.837159,45.603984],[13.863783,45.590242]]}},{"type":"Feature","properties":{"average_dip":"(37.5,30,45)","average_rake":"(110,100,120)","catalog_id":"EUR_ITCS101","catalog_name":"SHARE","lower_seis_depth":"(12.0,,)","net_slip_rate":"(0.2,0.1,0.3)","slip_type":"Reverse","upper_seis_depth":"(1.5,,)"},"geometry":{"type":"LineString","coordinates":[[13.23276,45.846422],[13.263312,45.828414],[13.293864,45.810407],[13.327757,45.792066],[13.36165,45.773724],[13.412252,45.743044],[13.4471,45.727704],[13.481948,45.712364],[13.524025,45.688115],[13.562301,45.660368],[13.610883,45.631593],[13.6473,45.610589],[13.698703,45.574953],[13.730072,45.554829],[13.76144,45.534704],[13.801525,45.513206],[13.836492,45.496485]]}},{"type":"Feature","properties":{"average_dip":"(75.0,65,85)","average_rake":"(150,140,160)","catalog_id":"EUR_ITCS102","catalog_name":"SHARE","lower_seis_depth":"(14.0,,)","net_slip_rate":"(0.1,0.05,0.15)","slip_type":"Dextral-Reverse","upper_seis_depth":"(1.0,,)"},"geometry":{"type":"LineString","coordinates":[[13.142739,46.531078],[13.185118,46.527473],[13.227497,46.523868],[13.291425,46.516892],[13.354177,46.510336],[13.395214,46.508184],[13.436251,46.506031],[13.484871,46.506339],[13.533491,46.506646],[13.57844,46.502633],[13.623388,46.498619],[13.6678,46.495071],[13.712211,46.491522],[13.747747,46.489243],[13.783282,46.486963],[13.830401,46.481788]]}},{"type":"Feature","properties":{"average_dip":"(50.0,40,60)","average_rake":"(100,80,120)","catalog_id":"EUR_ITCS222","catalog_name":"SHARE","lower_seis_depth":"(16.0,,)","net_slip_rate":"(0.3,0.1,0.5)","slip_type":"Reverse","upper_seis_depth":"(3.0,,)"},"geometry":{"type":"LineString","coordinates":[[14.427865,38.379331],[14.337008,38.386615],[14.24615,38.393898],[14.139145,38.381968],[14.032139,38.370038],[13.893074,38.328034],[13.742328,38.299348],[13.658298,38.293706],[13.574267,38.288063],[13.450612,38.286291],[13.326956,38.284519],[13.21046,38.268096],[13.093964,38.251672],[12.970377,38.246483],[12.84679,38.241293]]}},{"type":"Feature","properties":{"average_dip":"(55.0,50,60)","average_rake":"(-75,-90,-60)","catalog_id":"EUR_KMCS001","catalog_name":"SHARE","lower_seis_depth":"(25.0,,)","net_slip_rate":"(0.3,0.08,0.5)","slip_type":"Normal","upper_seis_depth":"(1.0,,)"},"geometry":{"type":"LineString","coordinates":[[20.901989,42.332778],[20.873032,42.314522],[20.844075,42.296265],[20.812403,42.2726],[20.780731,42.248934],[20.746343,42.221211],[20.711956,42.193488],[20.674854,42.172541],[20.637753,42.151594],[20.575181,42.125989]]}},{"type":"Feature","properties":{"average_dip":"(60.0,50,70)","average_rake":"(-105,-120,-90)","catalog_id":"EUR_KMCS002","catalog_name":"SHARE","lower_seis_depth":"(12.0,,)","net_slip_rate":"(0.2,0.05,0.3)","slip_type":"Normal","upper_seis_depth":"(1.0,,)"},"geometry":{"type":"LineString","coordinates":[[21.628562,42.476165],[21.597991,42.462971],[21.556984,42.451248],[21.50492,42.43256],[21.455636,42.416456],[21.407511,42.396234],[21.366962,42.380058],[21.331787,42.363497],[21.292992,42.349235],[21.2445,42.329268],[21.205705,42.313581]]}},{"type":"Feature","properties":{"average_dip":"(52.5,45,60)","average_rake":"(-75,-90,-60)","catalog_id":"EUR_KMCS003","catalog_name":"SHARE","lower_seis_depth":"(12.0,,)","net_slip_rate":"(0.3,0.08,0.5)","slip_type":"Normal","upper_seis_depth":"(1.0,,)"},"geometry":{"type":"LineString","coordinates":[[20.650335,42.806371],[20.561499,42.788625],[20.505973,42.777704],[20.451665,42.770407],[20.376419,42.759957],[20.317193,42.746306]]}},{"type":"Feature","properties":{"average_dip":"(52.5,40,65)","average_rake":"(-140,-160,-120)","catalog_id":"EUR_KMCS004","catalog_name":"SHARE","lower_seis_depth":"(12.0,,)","net_slip_rate":"(0.3,0.1,0.5)","slip_type":"Dextral-Normal","upper_seis_depth":"(1.0,,)"},"geometry":{"type":"LineString","coordinates":[[20.322745,42.724464],[20.309118,42.660662],[20.299384,42.6318],[20.289651,42.59686],[20.283809,42.558883],[20.272127,42.519386],[20.272127,42.485966],[20.256556,42.403935]]}},{"type":"Feature","properties":{"average_dip":"(70.0,60,80)","average_rake":"(150,130,170)","catalog_id":"EUR_KMCS005","catalog_name":"SHARE","lower_seis_depth":"(12.0,,)","net_slip_rate":"(0.1,0.05,0.2)","slip_type":"Dextral-Reverse","upper_seis_depth":"(1.0,,)"},"geometry":{"type":"LineString","coordinates":[[20.882272,42.86489],[20.917035,42.827595],[20.935109,42.804002],[20.954466,42.780941],[20.973823,42.756523],[20.996868,42.73007],[21.016224,42.704974],[21.03466,42.679877],[21.056782,42.652746]]}},{"type":"Feature","properties":{"average_dip":"(62.5,50,75)","average_rake":"(150,130,170)","catalog_id":"EUR_KMCS006","catalog_name":"SHARE","lower_seis_depth":"(10.0,,)","net_slip_rate":"(0.1,0.05,0.2)","slip_type":"Dextral-Reverse","upper_seis_depth":"(1.0,,)"},"geometry":{"type":"LineString","coordinates":[[21.2015,42.65139],[21.231918,42.602554],[21.254042,42.561179],[21.277086,42.528621],[21.311192,42.480464],[21.325018,42.455367],[21.332392,42.444515]]}},{"type":"Feature","properties":{"average_dip":"(70.0,60,80)","average_rake":"(150,130,170)","catalog_id":"EUR_KMCS007","catalog_name":"SHARE","lower_seis_depth":"(10.0,,)","net_slip_rate":"(0.1,0.05,0.2)","slip_type":"Dextral-Reverse","upper_seis_depth":"(1.0,,)"},"geometry":{"type":"LineString","coordinates":[[20.778408,42.785689],[20.818966,42.719218],[20.847541,42.665634],[20.874272,42.619511],[20.908378,42.557787],[20.925891,42.514378],[20.952623,42.479785]]}},{"type":"Feature","properties":{"average_dip":"(70.0,60,80)","average_rake":"(-5,-20,10)","catalog_id":"EUR_MACS001","catalog_name":"SHARE","lower_seis_depth":"(12.0,,)","net_slip_rate":"(0.8,0.5,1.0)","slip_type":"Sinistral","upper_seis_depth":"(2.0,,)"},"geometry":{"type":"LineString","coordinates":[[-4.109161,35.063832],[-4.063714,35.122257],[-4.012802,35.190579],[-3.96189,35.2589],[-3.905915,35.326524],[-3.865021,35.381607],[-3.824128,35.43669],[-3.791549,35.48105],[-3.758969,35.525409]]}},{"type":"Feature","properties":{"average_dip":"(75.0,60,90)","average_rake":"(0,-20,20)","catalog_id":"EUR_MACS003","catalog_name":"SHARE","lower_seis_depth":"(18.0,,)","net_slip_rate":"(0.8,0.5,1.0)","slip_type":"Sinistral","upper_seis_depth":"(1.0,,)"},"geometry":{"type":"LineString","coordinates":[[-4.139155,34.649913],[-4.129568,34.654271],[-4.072316,34.686957],[-4.015065,34.719643],[-3.988894,34.736651],[-3.956778,34.757883],[-3.909324,34.792728],[-3.86658,34.824367],[-3.823836,34.856007],[-3.771723,34.899025],[-3.707681,34.951468],[-3.665186,34.992134],[-3.633881,35.022349],[-3.602576,35.052564],[-3.570081,35.084817],[-3.537585,35.117069],[-3.496835,35.159636],[-3.456085,35.202202]]}},{"type":"Feature","properties":{"average_dip":"(42.5,30,55)","average_rake":"(90,70,110)","catalog_id":"EUR_MACS004","catalog_name":"SHARE","lower_seis_depth":"(18.0,,)","net_slip_rate":"(1.4,0.9,1.9)","slip_type":"Reverse","upper_seis_depth":"(1.0,,)"},"geometry":{"type":"LineString","coordinates":[[-4.311036,34.48874],[-4.498278,34.489624],[-4.672968,34.505458],[-4.785441,34.523365],[-4.897914,34.541272],[-5.051591,34.575857],[-5.139015,34.620339],[-5.269096,34.703608],[-5.436973,34.814674],[-5.52208,34.884815],[-5.607188,34.954956],[-5.690694,35.06569],[-5.765204,35.173084],[-5.830428,35.273475],[-5.887575,35.385274],[-5.929386,35.468221],[-5.971197,35.551168]]}},{"type":"Feature","properties":{"average_dip":"(42.5,30,55)","average_rake":"(80,60,100)","catalog_id":"EUR_MACS005","catalog_name":"SHARE","lower_seis_depth":"(18.0,,)","net_slip_rate":"(1.4,0.9,1.9)","slip_type":"Reverse","upper_seis_depth":"(1.0,,)"},"geometry":{"type":"LineString","coordinates":[[-2.428741,35.371951],[-2.485402,35.308205],[-2.625072,35.196974],[-2.764742,35.085742],[-2.896336,34.979185],[-3.027929,34.872627],[-3.186566,34.761223],[-3.345202,34.649819],[-3.462882,34.575614],[-3.580562,34.501408],[-3.68311,34.434138],[-3.785657,34.366868],[-3.882206,34.301526],[-3.978755,34.236184],[-4.099169,34.192927],[-4.219582,34.149671],[-4.360022,34.118906],[-4.500462,34.08814],[-4.625685,34.077793],[-4.750907,34.067446],[-4.900406,34.058763],[-5.049905,34.05008],[-5.230233,34.041561],[-5.410561,34.033041],[-5.547607,34.042474],[-5.684652,34.051906],[-5.803939,34.057949],[-5.923225,34.063992]]}},{"type":"Feature","properties":{"average_dip":"(42.5,30,55)","average_rake":"(90,70,110)","catalog_id":"EUR_MACS006","catalog_name":"SHARE","lower_seis_depth":"(15.0,,)","net_slip_rate":"(0.6,0.1,1.0)","slip_type":"Reverse","upper_seis_depth":"(1.0,,)"},"geometry":{"type":"LineString","coordinates":[[-4.513716,32.752645],[-4.407475,32.839819],[-4.301234,32.926992],[-4.202237,33.014781],[-4.10324,33.102571],[-4.004243,33.19036],[-3.946405,33.261044],[-3.888567,33.331729],[-3.823864,33.428307],[-3.759162,33.524885],[-3.694459,33.621463],[-3.635958,33.701216],[-3.577456,33.78097],[-3.518955,33.860723]]}},{"type":"Feature","properties":{"average_dip":"(37.5,25,50)","average_rake":"(95,70,120)","catalog_id":"EUR_MACS008","catalog_name":"SHARE","lower_seis_depth":"(15.0,,)","net_slip_rate":"(0.6,0.1,1.0)","slip_type":"Reverse","upper_seis_depth":"(1.0,,)"},"geometry":{"type":"LineString","coordinates":[[-4.828852,31.88695],[-4.958491,31.827781],[-5.08813,31.768612],[-5.189663,31.717816],[-5.291195,31.66702],[-5.424086,31.6127],[-5.556978,31.558381],[-5.689869,31.504061],[-5.865955,31.441666],[-6.04204,31.379271],[-6.17956,31.329521],[-6.31708,31.279771],[-6.463605,31.22974],[-6.610131,31.17971],[-6.756656,31.129679],[-6.933711,31.069349],[-7.110765,31.009018],[-7.292408,30.95718],[-7.474051,30.905341],[-7.617443,30.864705],[-7.760835,30.824068],[-7.925576,30.783525],[-8.090316,30.742981],[-8.202064,30.714942],[-8.313813,30.686902],[-8.502125,30.649486],[-8.690437,30.61207],[-8.82322,30.581907],[-8.956002,30.551744],[-9.10997,30.519661],[-9.263937,30.487579],[-9.36491,30.464854],[-9.465882,30.442128],[-9.57102,30.418894],[-9.676158,30.39566]]}},{"type":"Feature","properties":{"average_dip":"(77.5,65,90)","average_rake":"(0,-15,15)","catalog_id":"EUR_MACS010","catalog_name":"SHARE","lower_seis_depth":"(28.5,,)","net_slip_rate":"(0.5,0.02,0.9)","slip_type":"Sinistral","upper_seis_depth":"(1.0,,)"},"geometry":{"type":"LineString","coordinates":[[-3.742,35.575],[-3.438,35.8963],[-3.283,35.9],[-2.939,36.082]]}},{"type":"Feature","properties":{"average_dip":"(70.0,60,80)","average_rake":"(45,30,60)","catalog_id":"EUR_MACS012","catalog_name":"SHARE","lower_seis_depth":"(28.5,,)","net_slip_rate":"(0.5,0.02,0.9)","slip_type":"Sinistral-Reverse","upper_seis_depth":"(1.0,,)"},"geometry":{"type":"LineString","coordinates":[[-2.686,36.001],[-3.5941,35.6063],[-3.72,35.536],[-4.2809,35.2859]]}},{"type":"Feature","properties":{"average_dip":"(70.0,60,80)","average_rake":"(55,40,70)","catalog_id":"EUR_MACS014","catalog_name":"SHARE","lower_seis_depth":"(28.5,,)","net_slip_rate":"(0.5,0.02,0.9)","slip_type":"Sinistral-Reverse","upper_seis_depth":"(1.0,,)"},"geometry":{"type":"LineString","coordinates":[[-4.266,35.55],[-3.7381,35.6462]]}},{"type":"Feature","properties":{"average_dip":"(70.0,60,80)","average_rake":"(-135,-150,-120)","catalog_id":"EUR_MACS016","catalog_name":"SHARE","lower_seis_depth":"(12.0,,)","net_slip_rate":"(0.1,0.01,0.15)","slip_type":"Dextral-Normal","upper_seis_depth":"(0.5,,)"},"geometry":{"type":"LineString","coordinates":[[-3.039,36.625],[-2.9363,36.5554]]}},{"type":"Feature","properties":{"average_dip":"(27.5,15,40)","average_rake":"(90,80,100)","catalog_id":"EUR_MECS001","catalog_name":"SHARE","lower_seis_depth":"(15.0,,)","net_slip_rate":"(1.4,0.9,2.0)","slip_type":"Reverse","upper_seis_depth":"(2.0,,)"},"geometry":{"type":"LineString","coordinates":[[19.469855,41.692874],[19.394355,41.730817],[19.318855,41.768759],[19.225129,41.812122],[19.156397,41.844645],[19.086114,41.878632],[19.022353,41.906137],[18.949266,41.939132],[18.887251,41.96274],[18.825235,41.986349],[18.730469,42.021195],[18.627371,42.052168],[18.559681,42.078109],[18.49199,42.104049],[18.410762,42.136572]]}},{"type":"Feature","properties":{"average_dip":"(37.5,30,45)","average_rake":"(95,80,110)","catalog_id":"EUR_MECS002","catalog_name":"SHARE","lower_seis_depth":"(8.0,,)","net_slip_rate":"(0.4,0.15,0.7)","slip_type":"Reverse","upper_seis_depth":"(1.0,,)"},"geometry":{"type":"LineString","coordinates":[[18.517588,42.559688],[18.53671,42.550136],[18.573566,42.527788],[18.61737,42.510416],[18.669566,42.494077],[18.720906,42.474225],[18.762722,42.455405],[18.827867,42.424773]]}},{"type":"Feature","properties":{"average_dip":"(52.5,45,60)","average_rake":"(140,120,160)","catalog_id":"EUR_MECS003","catalog_name":"SHARE","lower_seis_depth":"(25.0,,)","net_slip_rate":"(0.2,0.1,0.4)","slip_type":"Dextral-Reverse","upper_seis_depth":"(10.0,,)"},"geometry":{"type":"LineString","coordinates":[[18.88777,42.741495],[18.92388,42.709603],[18.956256,42.671333],[18.996104,42.645819],[19.031188,42.626279],[19.04453,42.615269],[19.079277,42.586595],[19.105356,42.565073],[19.132191,42.550819],[19.173517,42.528867],[19.216608,42.505977],[19.242658,42.49365],[19.266316,42.476337],[19.294956,42.454468],[19.31239,42.434422],[19.349208,42.411659],[19.388415,42.394],[19.430147,42.385896]]}},{"type":"Feature","properties":{"average_dip":"(65.0,60,70)","average_rake":"(140,120,160)","catalog_id":"EUR_MECS004","catalog_name":"SHARE","lower_seis_depth":"(18.0,,)","net_slip_rate":"(0.2,0.1,0.4)","slip_type":"Dextral-Reverse","upper_seis_depth":"(1.0,,)"},"geometry":{"type":"LineString","coordinates":[[18.145413,43.353112],[18.223815,43.2858],[18.298297,43.227969],[18.376699,43.177722],[18.498223,43.113254],[18.576625,43.070592],[18.749774,42.971824],[18.805808,42.927175],[18.847278,42.89746],[18.88901,42.875174],[18.923788,42.855927]]}},{"type":"Feature","properties":{"average_dip":"(65.0,60,70)","average_rake":"(160,140,180)","catalog_id":"EUR_MECS005","catalog_name":"SHARE","lower_seis_depth":"(13.0,,)","net_slip_rate":"(0.2,0.1,0.3)","slip_type":"Dextral","upper_seis_depth":"(1.0,,)"},"geometry":{"type":"LineString","coordinates":[[19.033971,43.077228],[19.095387,42.998539],[19.20677,42.929079],[19.298918,42.877976],[19.364568,42.843058],[19.457342,42.786175]]}},{"type":"Feature","properties":{"average_dip":"(32.5,25,40)","average_rake":"(95,80,110)","catalog_id":"EUR_MECS006","catalog_name":"SHARE","lower_seis_depth":"(15.0,,)","net_slip_rate":"(0.4,0.15,0.7)","slip_type":"Reverse","upper_seis_depth":"(1.0,,)"},"geometry":{"type":"LineString","coordinates":[[18.776891,42.370117],[18.8486,42.332727],[18.912401,42.307599],[18.961481,42.285902],[19.013666,42.2612],[19.074514,42.233434],[19.120474,42.208026],[19.192525,42.159508],[19.243339,42.128946],[19.301775,42.093062],[19.393693,42.059682],[19.442536,42.04146],[19.489348,42.024069]]}},{"type":"Feature","properties":{"average_dip":"(30.0,25,35)","average_rake":"(95,80,110)","catalog_id":"EUR_MECS007","catalog_name":"SHARE","lower_seis_depth":"(10.0,,)","net_slip_rate":"(0.7,0.15,1.2)","slip_type":"Reverse","upper_seis_depth":"(1.0,,)"},"geometry":{"type":"LineString","coordinates":[[18.611013,42.2741],[18.642452,42.24955],[18.667353,42.219805],[18.703743,42.19095],[18.753997,42.164811],[18.800246,42.145682],[18.847804,42.125896],[18.904669,42.101208],[18.955121,42.075362],[18.979469,42.058001],[19.021836,42.02687],[19.082389,41.999236],[19.150723,41.974495],[19.207501,41.946984],[19.255003,41.92594],[19.301198,41.908194],[19.347392,41.890449]]}},{"type":"Feature","properties":{"average_dip":"(50.0,40,60)","average_rake":"(145,130,160)","catalog_id":"EUR_MECS008","catalog_name":"SHARE","lower_seis_depth":"(12.0,,)","net_slip_rate":"(0.2,0.1,0.4)","slip_type":"Dextral-Reverse","upper_seis_depth":"(1.0,,)"},"geometry":{"type":"LineString","coordinates":[[19.075786,42.867707],[19.10584,42.823149],[19.171176,42.764369],[19.24827,42.723603],[19.33582,42.670512]]}},{"type":"Feature","properties":{"average_dip":"(50.0,40,60)","average_rake":"(160,140,180)","catalog_id":"EUR_MECS009","catalog_name":"SHARE","lower_seis_depth":"(13.0,,)","net_slip_rate":"(0.2,0.1,0.3)","slip_type":"Dextral","upper_seis_depth":"(1.0,,)"},"geometry":{"type":"LineString","coordinates":[[18.821206,43.521636],[18.906062,43.474609],[18.997446,43.429934],[19.060105,43.39293],[19.12152,43.34932],[19.191923,43.295486],[19.252109,43.249465],[19.330941,43.181486]]}},{"type":"Feature","properties":{"average_dip":"(42.5,35,50)","average_rake":"(120,100,140)","catalog_id":"EUR_MECS010","catalog_name":"SHARE","lower_seis_depth":"(15.0,,)","net_slip_rate":"(0.3,0.1,0.6)","slip_type":"Dextral-Reverse","upper_seis_depth":"(1.0,,)"},"geometry":{"type":"LineString","coordinates":[[18.589241,42.677535],[18.673341,42.648552],[18.746982,42.621546],[18.822442,42.585627],[18.917758,42.548765],[19.015132,42.522873],[19.080562,42.499413],[19.162614,42.460995],[19.214781,42.427261]]}},{"type":"Feature","properties":{"average_dip":"(65.0,60,70)","average_rake":"(160,140,180)","catalog_id":"EUR_MECS011","catalog_name":"SHARE","lower_seis_depth":"(13.0,,)","net_slip_rate":"(0.2,0.1,0.3)","slip_type":"Dextral","upper_seis_depth":"(1.0,,)"},"geometry":{"type":"LineString","coordinates":[[19.786393,42.732509],[19.859807,42.686629],[19.927755,42.643019],[19.974797,42.607941],[20.032291,42.561486]]}},{"type":"Feature","properties":{"average_dip":"(50.0,40,60)","average_rake":"(160,140,180)","catalog_id":"EUR_MECS012","catalog_name":"SHARE","lower_seis_depth":"(13.0,,)","net_slip_rate":"(0.2,0.1,0.3)","slip_type":"Dextral","upper_seis_depth":"(1.0,,)"},"geometry":{"type":"LineString","coordinates":[[19.267872,43.372073],[19.338434,43.328462],[19.36718,43.311397],[19.406382,43.279163],[19.439968,43.239932],[19.46817,43.214012],[19.522678,43.169189]]}},{"type":"Feature","properties":{"average_dip":"(65.0,60,70)","average_rake":"(160,140,180)","catalog_id":"EUR_MECS013","catalog_name":"SHARE","lower_seis_depth":"(13.0,,)","net_slip_rate":"(0.2,0.1,0.3)","slip_type":"Dextral","upper_seis_depth":"(1.0,,)"},"geometry":{"type":"LineString","coordinates":[[19.172482,43.203319],[19.231284,43.136955],[19.267872,43.106617],[19.33646,43.062072],[19.37894,43.04215],[19.427517,43.015238],[19.512385,42.981885],[19.559266,42.963461],[19.654656,42.917954],[19.78271,42.862019]]}},{"type":"Feature","properties":{"average_dip":"(55.0,50,60)","average_rake":"(120,100,140)","catalog_id":"EUR_MECS014","catalog_name":"SHARE","lower_seis_depth":"(12.0,,)","net_slip_rate":"(0.2,0.1,0.4)","slip_type":"Dextral-Reverse","upper_seis_depth":"(1.0,,)"},"geometry":{"type":"LineString","coordinates":[[18.44779,42.955554],[18.475133,42.946763],[18.52315,42.924784],[18.570268,42.900141],[18.636524,42.866175],[18.698434,42.833641],[18.752686,42.805277],[18.80833,42.7759],[18.838934,42.758679]]}},{"type":"Feature","properties":{"average_dip":"(45.0,40,50)","average_rake":"(-115,-130,-100)","catalog_id":"EUR_MKCS001","catalog_name":"SHARE","lower_seis_depth":"(12.0,,)","net_slip_rate":"(0.3,0.1,0.6)","slip_type":"Dextral-Normal","upper_seis_depth":"(1.0,,)"},"geometry":{"type":"LineString","coordinates":[[20.632403,41.311454],[20.616809,41.345459],[20.602631,41.382652],[20.579783,41.443326],[20.569792,41.47261],[20.559713,41.502152],[20.548125,41.536115],[20.541174,41.55647],[20.52381,41.590166]]}},{"type":"Feature","properties":{"average_dip":"(37.5,30,45)","average_rake":"(-95,-110,-80)","catalog_id":"EUR_MKCS002","catalog_name":"SHARE","lower_seis_depth":"(6.0,,)","net_slip_rate":"(0.2,0.15,0.3)","slip_type":"Normal","upper_seis_depth":"(1.0,,)"},"geometry":{"type":"LineString","coordinates":[[20.651312,40.895573],[20.640636,40.944881],[20.640636,40.980862],[20.6353,41.014177],[20.6353,41.043495],[20.63352,41.078144],[20.627911,41.12332],[20.630951,41.150836],[20.629063,41.183072],[20.630951,41.203578],[20.630951,41.231094]]}},{"type":"Feature","properties":{"average_dip":"(50.0,40,60)","average_rake":"(-85,-100,-70)","catalog_id":"EUR_MKCS003","catalog_name":"SHARE","lower_seis_depth":"(15.0,,)","net_slip_rate":"(0.2,0.15,0.3)","slip_type":"Normal","upper_seis_depth":"(1.0,,)"},"geometry":{"type":"LineString","coordinates":[[20.788907,41.30906],[20.788907,41.274662],[20.793029,41.240168],[20.791789,41.203664],[20.798027,41.169182],[20.800471,41.137208],[20.807155,41.111854],[20.810195,41.082044],[20.809152,41.046415],[20.808256,41.009035],[20.808784,40.981818],[20.800471,40.949071],[20.801067,40.90089],[20.798027,40.866494],[20.801067,40.816046]]}},{"type":"Feature","properties":{"average_dip":"(50.0,40,60)","average_rake":"(-85,-100,-70)","catalog_id":"EUR_MKCS004","catalog_name":"SHARE","lower_seis_depth":"(12.0,,)","net_slip_rate":"(0.2,0.15,0.3)","slip_type":"Normal","upper_seis_depth":"(1.0,,)"},"geometry":{"type":"LineString","coordinates":[[21.025447,41.139727],[21.041483,41.095761],[21.054145,41.056893],[21.065961,41.028857],[21.075247,41.002095],[21.092129,40.97151],[21.101413,40.941562],[21.114919,40.902694],[21.127322,40.867262],[21.159962,40.748244]]}},{"type":"Feature","properties":{"average_dip":"(60.0,50,70)","average_rake":"(-65,-80,-50)","catalog_id":"EUR_MKCS005","catalog_name":"SHARE","lower_seis_depth":"(15.0,,)","net_slip_rate":"(0.2,0.1,0.3)","slip_type":"Sinistral-Normal","upper_seis_depth":"(1.0,,)"},"geometry":{"type":"LineString","coordinates":[[21.38986,40.984817],[21.327418,41.007295],[21.258622,41.029946],[21.188344,41.046898],[21.14577,41.056532],[21.067718,41.068306]]}},{"type":"Feature","properties":{"average_dip":"(60.0,50,70)","average_rake":"(-155,-170,-140)","catalog_id":"EUR_MKCS006","catalog_name":"SHARE","lower_seis_depth":"(25.0,,)","net_slip_rate":"(0.3,0.1,0.5)","slip_type":"Dextral-Normal","upper_seis_depth":"(1.0,,)"},"geometry":{"type":"LineString","coordinates":[[20.551345,41.501913],[20.609325,41.551959],[20.650353,41.60179],[20.695368,41.64404],[20.72795,41.670676],[20.752398,41.690663],[20.802832,41.731892],[20.84976,41.770256],[20.891482,41.804364]]}},{"type":"Feature","properties":{"average_dip":"(60.0,50,70)","average_rake":"(-115,-130,-100)","catalog_id":"EUR_MKCS007","catalog_name":"SHARE","lower_seis_depth":"(10.0,,)","net_slip_rate":"(0.2,0.1,0.4)","slip_type":"Dextral-Normal","upper_seis_depth":"(1.0,,)"},"geometry":{"type":"LineString","coordinates":[[20.828139,41.484931],[20.868993,41.484615],[20.929645,41.482219],[20.971141,41.482219],[21.006513,41.478763],[21.061358,41.475166],[21.125366,41.480401],[21.193644,41.496107]]}},{"type":"Feature","properties":{"average_dip":"(67.5,60,75)","average_rake":"(-45,-60,-30)","catalog_id":"EUR_MKCS008","catalog_name":"SHARE","lower_seis_depth":"(12.0,,)","net_slip_rate":"(0.2,0.1,0.3)","slip_type":"Sinistral-Normal","upper_seis_depth":"(1.0,,)"},"geometry":{"type":"LineString","coordinates":[[21.175366,41.579244],[21.223566,41.502733],[21.25901,41.434722],[21.280274,41.383715],[21.305098,41.320519],[21.324731,41.275772],[21.346906,41.220065],[21.386598,41.15418]]}},{"type":"Feature","properties":{"average_dip":"(37.5,30,45)","average_rake":"(-115,-130,-100)","catalog_id":"EUR_MKCS009","catalog_name":"SHARE","lower_seis_depth":"(13.0,,)","net_slip_rate":"(0.2,0.1,0.3)","slip_type":"Dextral-Normal","upper_seis_depth":"(1.0,,)"},"geometry":{"type":"LineString","coordinates":[[21.175095,42.152097],[21.108103,42.126719],[21.044257,42.079301],[21.025253,42.060369],[21.006249,42.041436],[20.98586,42.024447],[20.965471,42.007458],[20.941111,41.976006],[20.916692,41.942601],[20.900104,41.899821],[20.880979,41.864477],[20.867907,41.796801]]}},{"type":"Feature","properties":{"average_dip":"(70.0,65,75)","average_rake":"(-55,-70,-40)","catalog_id":"EUR_MKCS010","catalog_name":"SHARE","lower_seis_depth":"(15.0,,)","net_slip_rate":"(0.2,0.1,0.3)","slip_type":"Sinistral-Normal","upper_seis_depth":"(1.0,,)"},"geometry":{"type":"LineString","coordinates":[[21.703735,41.870074],[21.665267,41.88592],[21.623763,41.900257],[21.578209,41.916103],[21.532655,41.931948],[21.487266,41.953151],[21.445597,41.968167],[21.415059,41.978367],[21.360357,41.990568],[21.322065,41.999516],[21.27502,42.013344],[21.235634,42.024732]]}},{"type":"Feature","properties":{"average_dip":"(55.0,50,60)","average_rake":"(-105,-120,-90)","catalog_id":"EUR_MKCS011","catalog_name":"SHARE","lower_seis_depth":"(11.0,,)","net_slip_rate":"(0.2,0.1,0.4)","slip_type":"Normal","upper_seis_depth":"(1.0,,)"},"geometry":{"type":"LineString","coordinates":[[22.25973,41.843656],[22.343729,41.845796],[22.403865,41.843656],[22.475331,41.84409],[22.580378,41.828394],[22.665808,41.818188],[22.723264,41.811002],[22.792339,41.801625],[22.838812,41.800869],[22.879081,41.797337],[22.944203,41.791626]]}},{"type":"Feature","properties":{"average_dip":"(60.0,50,70)","average_rake":"(-105,-120,-90)","catalog_id":"EUR_MKCS012","catalog_name":"SHARE","lower_seis_depth":"(15.0,,)","net_slip_rate":"(0.3,0.05,0.5)","slip_type":"Normal","upper_seis_depth":"(1.0,,)"},"geometry":{"type":"LineString","coordinates":[[22.003419,42.15283],[22.079348,42.161336],[22.158104,42.168714],[22.211541,42.171867],[22.294572,42.188878],[22.382068,42.210962],[22.5169,42.250454],[22.64135,42.278661],[22.757476,42.30594],[22.84159,42.319235],[22.90817,42.328134]]}},{"type":"Feature","properties":{"average_dip":"(47.5,40,55)","average_rake":"(-75,-90,-60)","catalog_id":"EUR_MKCS013","catalog_name":"SHARE","lower_seis_depth":"(10.0,,)","net_slip_rate":"(0.3,0.1,0.5)","slip_type":"Normal","upper_seis_depth":"(1.0,,)"},"geometry":{"type":"LineString","coordinates":[[22.750258,41.381576],[22.844485,41.372249],[22.909547,41.370462],[22.971101,41.365278],[23.011757,41.362664],[23.060545,41.365278],[23.115102,41.369211],[23.174381,41.376606],[23.281249,41.401003]]}},{"type":"Feature","properties":{"average_dip":"(45.0,35,55)","average_rake":"(-60,-70,-50)","catalog_id":"EUR_MKCS014","catalog_name":"SHARE","lower_seis_depth":"(11.0,,)","net_slip_rate":"(0.3,0.1,0.5)","slip_type":"Sinistral-Normal","upper_seis_depth":"(1.0,,)"},"geometry":{"type":"LineString","coordinates":[[22.390116,41.376584],[22.411914,41.368027],[22.446033,41.353765],[22.468778,41.347347],[22.500053,41.337364],[22.532277,41.328094],[22.572081,41.318111],[22.626103,41.308841],[22.675385,41.302423],[22.719929,41.296718]]}},{"type":"Feature","properties":{"average_dip":"(42.5,35,50)","average_rake":"(-145,-160,-130)","catalog_id":"EUR_MKCS015","catalog_name":"SHARE","lower_seis_depth":"(12.0,,)","net_slip_rate":"(0.2,0.05,0.3)","slip_type":"Dextral-Normal","upper_seis_depth":"(1.0,,)"},"geometry":{"type":"LineString","coordinates":[[21.620701,42.119893],[21.626969,42.140022],[21.641593,42.169441],[21.655171,42.197312],[21.667705,42.242216],[21.673973,42.294086],[21.687551,42.326603],[21.703159,42.363221],[21.708443,42.38699]]}},{"type":"Feature","properties":{"average_dip":"(50.0,40,60)","average_rake":"(-40,-50,-30)","catalog_id":"EUR_MKCS016","catalog_name":"SHARE","lower_seis_depth":"(12.0,,)","net_slip_rate":"(0.3,0.1,0.5)","slip_type":"Sinistral-Normal","upper_seis_depth":"(1.0,,)"},"geometry":{"type":"LineString","coordinates":[[22.567092,41.476417],[22.596682,41.452172],[22.635818,41.430066],[22.671136,41.408673],[22.711746,41.388514],[22.738884,41.377297]]}},{"type":"Feature","properties":{"average_dip":"(65.0,60,70)","average_rake":"(-45,-60,-30)","catalog_id":"EUR_MKCS017","catalog_name":"SHARE","lower_seis_depth":"(10.0,,)","net_slip_rate":"(0.3,0.1,0.5)","slip_type":"Sinistral-Normal","upper_seis_depth":"(1.0,,)"},"geometry":{"type":"LineString","coordinates":[[22.095735,41.695663],[22.172211,41.648727],[22.235575,41.598554],[22.33968,41.522326],[22.384676,41.500907],[22.430635,41.48242],[22.476572,41.456274],[22.515159,41.426688],[22.573957,41.388158]]}},{"type":"Feature","properties":{"average_dip":"(55.0,50,60)","average_rake":"(-40,-50,-30)","catalog_id":"EUR_MKCS018","catalog_name":"SHARE","lower_seis_depth":"(10.0,,)","net_slip_rate":"(0.3,0.1,0.5)","slip_type":"Sinistral-Normal","upper_seis_depth":"(1.0,,)"},"geometry":{"type":"LineString","coordinates":[[22.343729,41.632583],[22.388593,41.615468],[22.429638,41.598354],[22.464956,41.58124],[22.501228,41.566979],[22.540364,41.552004],[22.579502,41.528472],[22.632,41.496383]]}},{"type":"Feature","properties":{"average_dip":"(65.0,60,70)","average_rake":"(-55,-70,-40)","catalog_id":"EUR_MKCS019","catalog_name":"SHARE","lower_seis_depth":"(12.0,,)","net_slip_rate":"(0.2,0.1,0.3)","slip_type":"Sinistral-Normal","upper_seis_depth":"(1.0,,)"},"geometry":{"type":"LineString","coordinates":[[22.084363,41.696524],[22.035771,41.713879],[21.992243,41.725952],[21.948713,41.740289],[21.906196,41.753871],[21.856593,41.769717],[21.818126,41.78179],[21.779658,41.801409],[21.739669,41.821685],[21.700698,41.857246]]}},{"type":"Feature","properties":{"average_dip":"(62.5,50,75)","average_rake":"(-145,-170,-120)","catalog_id":"EUR_MTCS001","catalog_name":"SHARE","lower_seis_depth":"(15.0,,)","net_slip_rate":"(0.3,0.2,0.5)","slip_type":"Dextral-Normal","upper_seis_depth":"(3.0,,)"},"geometry":{"type":"LineString","coordinates":[[13.423315,36.503346],[13.505539,36.426382],[13.592099,36.345918],[13.691643,36.23397],[13.767229,36.173353],[13.842814,36.112736],[13.960914,36.014473],[14.079014,35.91621],[14.197114,35.817947],[14.302389,35.750099],[14.407663,35.682251],[14.512938,35.614403],[14.622158,35.559796],[14.731379,35.505188],[14.840599,35.450581]]}},{"type":"Feature","properties":{"average_dip":"(57.5,50,65)","average_rake":"(-69,-89,-49)","catalog_id":"EUR_NLCS001","catalog_name":"SHARE","lower_seis_depth":"(25.0,,)","net_slip_rate":"(0.1,0.07,0.1)","slip_type":"Normal","upper_seis_depth":"(0.0,,)"},"geometry":{"type":"LineString","coordinates":[[6.280995,51.033838],[6.255648,51.042111],[6.234341,51.054071],[6.206051,51.056572],[6.180084,51.064063],[6.1603,51.077022],[6.153924,51.094528],[6.154737,51.112478],[6.146211,51.129619],[6.137694,51.146763],[6.126824,51.163375],[6.101266,51.171476],[6.076029,51.17997],[6.065847,51.196755],[6.044732,51.208897],[6.027694,51.223339],[6.012536,51.238583],[5.995793,51.253164],[5.977447,51.266972],[5.96098,51.281681],[5.939569,51.293646],[5.916205,51.304089],[5.896244,51.317004],[5.885363,51.333624],[5.880669,51.35134],[5.871155,51.368287],[5.864372,51.385738],[5.847553,51.400309],[5.829156,51.414122],[5.821854,51.431492],[5.816199,51.4491],[5.810228,51.466668],[5.794952,51.481898],[5.773801,51.494105],[5.754193,51.507277],[5.729858,51.516926],[5.72175,51.53416],[5.715787,51.55173],[5.711377,51.569477],[5.703178,51.586696],[5.696519,51.60417],[5.691474,51.621852],[5.674612,51.636443],[5.658855,51.651506],[5.643558,51.666751],[5.62527,51.680674],[5.607293,51.694755],[5.582473,51.70402],[5.570325,51.720324],[5.560648,51.737252],[5.540162,51.749963],[5.518991,51.76224],[5.496021,51.773213],[5.472855,51.784032],[5.458102,51.799498],[5.445401,51.815647],[5.427725,51.829898],[5.408723,51.843485],[5.389304,51.856848],[5.37085,51.870726],[5.354373,51.885525],[5.336422,51.899658],[5.312008,51.908636]]}},{"type":"Feature","properties":{"average_dip":"(57.5,50,65)","average_rake":"(-93,-103,-84)","catalog_id":"EUR_NLCS002","catalog_name":"SHARE","lower_seis_depth":"(14.9,,)","net_slip_rate":"None","slip_type":"Normal","upper_seis_depth":"(0.0,,)"},"geometry":{"type":"LineString","coordinates":[[5.872733,50.996104],[5.89844,50.985936],[5.923229,50.974907],[5.942861,50.960335],[5.966108,50.948057],[5.991071,50.937203],[6.013118,50.924083],[6.032824,50.909562],[6.05426,50.896053],[6.071092,50.880164],[6.085819,50.863465],[6.105977,50.849207],[6.129558,50.837227],[6.144954,50.820776],[6.154521,50.802647],[6.170222,50.786316],[6.193508,50.774133],[6.214208,50.760211],[6.236377,50.746171]]}},{"type":"Feature","properties":{"average_dip":"(57.5,50,65)","average_rake":"(-87,-95,-79)","catalog_id":"EUR_NLCS003","catalog_name":"SHARE","lower_seis_depth":"(18.8,,)","net_slip_rate":"None","slip_type":"Normal","upper_seis_depth":"(0.0,,)"},"geometry":{"type":"LineString","coordinates":[[5.925352,50.941834],[5.946117,50.926161],[5.964702,50.909438],[5.980414,50.891586],[5.992794,50.872721],[6.011058,50.855868],[6.031966,50.840292],[6.049433,50.823111],[6.070277,50.805072]]}},{"type":"Feature","properties":{"average_dip":"(57.5,50,65)","average_rake":"(-107,-115,-100)","catalog_id":"EUR_NLCS004","catalog_name":"SHARE","lower_seis_depth":"(25.0,,)","net_slip_rate":"None","slip_type":"Normal","upper_seis_depth":"(0.0,,)"},"geometry":{"type":"LineString","coordinates":[[4.967236,51.521645],[4.996619,51.514957],[5.026646,51.509498],[5.050043,51.496579],[5.073779,51.483907],[5.101155,51.474508],[5.128161,51.464709],[5.156183,51.456096],[5.184896,51.448424],[5.213461,51.440546],[5.243341,51.434881],[5.273593,51.430053],[5.302082,51.422085],[5.328996,51.409404]]}},{"type":"Feature","properties":{"average_dip":"(57.5,50,65)","average_rake":"(-78,-90,-66)","catalog_id":"EUR_NLCS005","catalog_name":"SHARE","lower_seis_depth":"(25.0,,)","net_slip_rate":"None","slip_type":"Normal","upper_seis_depth":"(0.0,,)"},"geometry":{"type":"LineString","coordinates":[[4.744654,51.82782],[4.753837,51.81002],[4.763021,51.792221],[4.772932,51.774572],[4.784465,51.757307],[4.798827,51.740875],[4.81297,51.724372],[4.826377,51.707637],[4.840155,51.69102],[4.855315,51.674873],[4.870779,51.658839],[4.887251,51.643198],[4.901145,51.626624],[4.913113,51.609483],[4.92342,51.59193],[4.931463,51.573928],[4.939792,51.555976],[4.952427,51.539025],[4.967236,51.521645]]}},{"type":"Feature","properties":{"average_dip":"(45.0,30,60)","average_rake":"(135,120,150)","catalog_id":"EUR_PTCS001","catalog_name":"SHARE","lower_seis_depth":"(17.5,,)","net_slip_rate":"(0.1,0.07,0.21)","slip_type":"Dextral-Reverse","upper_seis_depth":"(1.0,,)"},"geometry":{"type":"LineString","coordinates":[[-7.83876,38.21084],[-7.70766,38.1943],[-7.49377,38.17062],[-7.44314,38.17464],[-7.39703,38.17319]]}},{"type":"Feature","properties":{"average_dip":"(82.5,75,90)","average_rake":"(5,-10,20)","catalog_id":"EUR_PTCS007","catalog_name":"SHARE","lower_seis_depth":"(19.5,,)","net_slip_rate":"(0.2,0.05,0.4)","slip_type":"Sinistral","upper_seis_depth":"(1.0,,)"},"geometry":{"type":"LineString","coordinates":[[-6.712,42.012],[-6.71206,41.96505],[-6.71557,41.93631],[-6.73997,41.89284],[-6.77223,41.82568],[-6.78302,41.78504],[-6.8067,41.75006],[-6.84961,41.63893],[-6.8959,41.60292],[-6.93872,41.53868],[-7.02773,41.42272],[-7.1903,40.95543],[-7.25681,40.84979],[-7.41403,40.64783],[-7.42705,40.62036],[-7.49931,40.44827],[-7.58446,40.30491],[-7.64738,40.23259]]}},{"type":"Feature","properties":{"average_dip":"(82.5,75,90)","average_rake":"(5,-10,20)","catalog_id":"EUR_PTCS011","catalog_name":"SHARE","lower_seis_depth":"(19.5,,)","net_slip_rate":"(0.3,0.05,0.5)","slip_type":"Sinistral","upper_seis_depth":"(1.0,,)"},"geometry":{"type":"LineString","coordinates":[[-7.41,42.008],[-7.435,41.905],[-7.425,41.858],[-7.41675,41.80972],[-7.87032,41.16334],[-8.25573,40.30931],[-8.3327,40.16264]]}},{"type":"Feature","properties":{"average_dip":"(55.0,35,75)","average_rake":"(100,90,110)","catalog_id":"EUR_PTCS012","catalog_name":"SHARE","lower_seis_depth":"(17.5,,)","net_slip_rate":"None","slip_type":"Reverse","upper_seis_depth":"(1.0,,)"},"geometry":{"type":"LineString","coordinates":[[-7.72665,39.58856],[-7.67077,39.68493],[-7.50815,39.74558],[-7.19793,39.94722],[-7.05495,39.95459],[-7.0171,39.97967],[-6.87713,40.02697],[-6.82684,40.06027],[-6.77014,40.1031],[-6.70976,40.13454]]}},{"type":"Feature","properties":{"average_dip":"(60.0,45,75)","average_rake":"(90,75,105)","catalog_id":"EUR_PTCS018","catalog_name":"SHARE","lower_seis_depth":"(19.5,,)","net_slip_rate":"(0.1,0.07,0.21)","slip_type":"Reverse","upper_seis_depth":"(1.0,,)"},"geometry":{"type":"LineString","coordinates":[[-8.38154,40.00567],[-8.20128,40.12955],[-8.07056,40.17735],[-7.70554,40.40142],[-7.63358,40.47282],[-7.53006,40.54136],[-7.42705,40.62036]]}},{"type":"Feature","properties":{"average_dip":"(70.0,60,80)","average_rake":"(90,75,105)","catalog_id":"EUR_PTCS019","catalog_name":"SHARE","lower_seis_depth":"(17.5,,)","net_slip_rate":"(0.2,0.02,0.4)","slip_type":"Reverse","upper_seis_depth":"(1.0,,)"},"geometry":{"type":"LineString","coordinates":[[-8.33868,40.03692],[-8.40363,40.29008],[-8.39575,40.34783],[-8.35749,40.6271],[-8.4987,40.98869],[-8.6727,41.14051]]}},{"type":"Feature","properties":{"average_dip":"(70.0,60,80)","average_rake":"(47,15,80)","catalog_id":"EUR_PTCS020","catalog_name":"SHARE","lower_seis_depth":"(17.5,,)","net_slip_rate":"(0.2,0.01,0.3)","slip_type":"Sinistral-Reverse","upper_seis_depth":"(1.0,,)"},"geometry":{"type":"LineString","coordinates":[[-8.39575,40.34783],[-8.43751,40.3034],[-8.47026,40.10065],[-8.5756,39.95781],[-8.95062,39.64991],[-9.36563,39.13427]]}},{"type":"Feature","properties":{"average_dip":"(70.0,60,80)","average_rake":"(45,10,80)","catalog_id":"EUR_PTCS022","catalog_name":"SHARE","lower_seis_depth":"(18.5,,)","net_slip_rate":"(0.2,0.08,0.33)","slip_type":"Sinistral-Reverse","upper_seis_depth":"(1.0,,)"},"geometry":{"type":"LineString","coordinates":[[-9.10977,38.71319],[-9.09074,38.75954],[-9.08265,38.81505],[-9.00442,38.92997],[-9.00752,38.93739],[-8.93357,39.05391]]}},{"type":"Feature","properties":{"average_dip":"(70.0,60,80)","average_rake":"(75,60,90)","catalog_id":"EUR_PTCS025","catalog_name":"SHARE","lower_seis_depth":"(18.5,,)","net_slip_rate":"None","slip_type":"Reverse","upper_seis_depth":"(1.0,,)"},"geometry":{"type":"LineString","coordinates":[[-8.91449,38.96561],[-8.85122,39.0995],[-8.82069,39.14395],[-8.78468,39.19659]]}},{"type":"Feature","properties":{"average_dip":"(75.0,60,90)","average_rake":"(0,-15,15)","catalog_id":"EUR_PTCS028","catalog_name":"SHARE","lower_seis_depth":"(18.5,,)","net_slip_rate":"(0.2,0.01,0.3)","slip_type":"Sinistral","upper_seis_depth":"(1.0,,)"},"geometry":{"type":"LineString","coordinates":[[-8.74257,39.11799],[-8.6299,39.26315],[-8.50767,39.32975],[-8.40421,39.45]]}},{"type":"Feature","properties":{"average_dip":"(70.0,60,80)","average_rake":"(0,-15,15)","catalog_id":"EUR_PTCS031","catalog_name":"SHARE","lower_seis_depth":"(18.5,,)","net_slip_rate":"(0.1,0.01,0.1)","slip_type":"Sinistral","upper_seis_depth":"(1.0,,)"},"geometry":{"type":"LineString","coordinates":[[-8.87871,38.51857],[-8.91238,38.63412],[-8.93279,38.71961],[-8.95032,38.76224],[-9.04749,38.84668]]}},{"type":"Feature","properties":{"average_dip":"(70.0,60,80)","average_rake":"(45,30,60)","catalog_id":"EUR_PTCS035","catalog_name":"SHARE","lower_seis_depth":"(20.5,,)","net_slip_rate":"None","slip_type":"Sinistral-Reverse","upper_seis_depth":"(1.0,,)"},"geometry":{"type":"LineString","coordinates":[[-8.74661,37.45868],[-8.78962,37.34635],[-8.82925,37.2306],[-8.84704,37.19957],[-8.85151,37.18022],[-8.86412,37.15386],[-8.86905,37.14087],[-8.88199,37.07331],[-8.89922,37.03416]]}},{"type":"Feature","properties":{"average_dip":"(70.0,60,80)","average_rake":"(-55,-100,-10)","catalog_id":"EUR_PTCS044","catalog_name":"SHARE","lower_seis_depth":"(13.0,,)","net_slip_rate":"(0.2,0.15,0.33)","slip_type":"Sinistral-Normal","upper_seis_depth":"(1.0,,)"},"geometry":{"type":"LineString","coordinates":[[-8.55,38.92],[-8.45,38.84]]}},{"type":"Feature","properties":{"average_dip":"(70.0,60,80)","average_rake":"(45,30,60)","catalog_id":"EUR_PTCS045","catalog_name":"SHARE","lower_seis_depth":"(18.5,,)","net_slip_rate":"(0.3,0.3,0.33)","slip_type":"Sinistral-Reverse","upper_seis_depth":"(1.0,,)"},"geometry":{"type":"LineString","coordinates":[[-8.996,39.0],[-9.0,39.16],[-8.996,39.32]]}},{"type":"Feature","properties":{"average_dip":"(80.0,70,90)","average_rake":"(0,-5,5)","catalog_id":"EUR_PTCS046","catalog_name":"SHARE","lower_seis_depth":"(18.5,,)","net_slip_rate":"None","slip_type":"Sinistral","upper_seis_depth":"(0.0,,)"},"geometry":{"type":"LineString","coordinates":[[-8.42454,39.49858],[-8.4933,39.45883],[-8.56721,39.35858],[-8.62759,39.28531],[-8.66514,39.26163],[-8.69074,39.2427],[-8.70601,39.21725],[-8.73771,39.17264],[-8.75482,39.15186],[-8.76212,39.13254],[-8.9062,39.01574],[-9.00477,38.90484],[-9.10973,38.71414]]}},{"type":"Feature","properties":{"average_dip":"(70.0,60,80)","average_rake":"(-45,-60,-30)","catalog_id":"EUR_PTCS048","catalog_name":"SHARE","lower_seis_depth":"(20.5,,)","net_slip_rate":"None","slip_type":"Sinistral-Normal","upper_seis_depth":"(1.0,,)"},"geometry":{"type":"LineString","coordinates":[[-8.86593,37.0613],[-8.79613,37.11847],[-8.76495,37.15312]]}},{"type":"Feature","properties":{"average_dip":"(70.0,60,80)","average_rake":"(-135,-150,-120)","catalog_id":"EUR_PTCS049","catalog_name":"SHARE","lower_seis_depth":"(20.5,,)","net_slip_rate":"(0.1,0.0001,0.1)","slip_type":"Dextral-Normal","upper_seis_depth":"(1.0,,)"},"geometry":{"type":"LineString","coordinates":[[-8.8402,37.06026],[-8.69,37.125],[-8.59228,37.17053]]}},{"type":"Feature","properties":{"average_dip":"(70.0,60,80)","average_rake":"(90,75,105)","catalog_id":"EUR_PTCS050","catalog_name":"SHARE","lower_seis_depth":"(8.5,,)","net_slip_rate":"(0.1,0.0001,0.1)","slip_type":"Reverse","upper_seis_depth":"(1.0,,)"},"geometry":{"type":"LineString","coordinates":[[-8.68982,37.08458],[-8.68991,37.15414]]}},{"type":"Feature","properties":{"average_dip":"(82.5,75,90)","average_rake":"(0,-15,15)","catalog_id":"EUR_PTCS051","catalog_name":"SHARE","lower_seis_depth":"(12.0,,)","net_slip_rate":"(0.1,0.0001,0.1)","slip_type":"Sinistral","upper_seis_depth":"(1.0,,)"},"geometry":{"type":"LineString","coordinates":[[-8.558,36.626],[-8.54283,37.11712],[-8.55369,37.22543]]}},{"type":"Feature","properties":{"average_dip":"(70.0,60,80)","average_rake":"(90,75,105)","catalog_id":"EUR_PTCS052","catalog_name":"SHARE","lower_seis_depth":"(20.5,,)","net_slip_rate":"None","slip_type":"Reverse","upper_seis_depth":"(1.0,,)"},"geometry":{"type":"LineString","coordinates":[[-8.26313,37.08077],[-8.39903,37.14112]]}},{"type":"Feature","properties":{"average_dip":"(82.5,75,90)","average_rake":"(10,-5,25)","catalog_id":"EUR_PTCS053","catalog_name":"SHARE","lower_seis_depth":"(20.5,,)","net_slip_rate":"(0.1,0.0001,0.2)","slip_type":"Sinistral","upper_seis_depth":"(1.0,,)"},"geometry":{"type":"LineString","coordinates":[[-8.26155,37.0833],[-8.252,37.196]]}},{"type":"Feature","properties":{"average_dip":"(70.0,60,80)","average_rake":"(135,120,150)","catalog_id":"EUR_PTCS054","catalog_name":"SHARE","lower_seis_depth":"(20.5,,)","net_slip_rate":"(0.1,0.0001,0.1)","slip_type":"Dextral-Reverse","upper_seis_depth":"(1.0,,)"},"geometry":{"type":"LineString","coordinates":[[-8.11281,37.06927],[-8.20026,37.13899],[-8.48752,37.46249]]}},{"type":"Feature","properties":{"average_dip":"(70.0,60,80)","average_rake":"(45,30,60)","catalog_id":"EUR_PTCS055","catalog_name":"SHARE","lower_seis_depth":"(20.5,,)","net_slip_rate":"None","slip_type":"Sinistral-Reverse","upper_seis_depth":"(1.0,,)"},"geometry":{"type":"LineString","coordinates":[[-8.08648,37.05833],[-8.04091,37.11073],[-7.89503,37.17611]]}},{"type":"Feature","properties":{"average_dip":"(70.0,60,80)","average_rake":"(-45,-60,-30)","catalog_id":"EUR_PTCS056","catalog_name":"SHARE","lower_seis_depth":"(20.5,,)","net_slip_rate":"(0.1,0.0001,0.1)","slip_type":"Sinistral-Normal","upper_seis_depth":"(1.0,,)"},"geometry":{"type":"LineString","coordinates":[[-8.16665,37.13159],[-7.99111,37.14197]]}},{"type":"Feature","properties":{"average_dip":"(82.5,75,90)","average_rake":"(0,165,-165)","catalog_id":"EUR_PTCS057","catalog_name":"SHARE","lower_seis_depth":"(20.5,,)","net_slip_rate":"None","slip_type":"Sinistral","upper_seis_depth":"(1.0,,)"},"geometry":{"type":"LineString","coordinates":[[-7.83856,37.04374],[-7.67529,37.14255],[-7.43892,37.21005]]}},{"type":"Feature","properties":{"average_dip":"(32.5,20,45)","average_rake":"(90,70,110)","catalog_id":"EUR_PTCS901","catalog_name":"SHARE","lower_seis_depth":"(10.0,,)","net_slip_rate":"(1.5,0.5,2.5)","slip_type":"Reverse","upper_seis_depth":"(5.0,,)"},"geometry":{"type":"LineString","coordinates":[[-12.107,36.511],[-11.0673,37.2417]]}},{"type":"Feature","properties":{"average_dip":"(32.5,20,45)","average_rake":"(90,70,110)","catalog_id":"EUR_PTCS902","catalog_name":"SHARE","lower_seis_depth":"(25.0,,)","net_slip_rate":"(1.5,0.5,2.5)","slip_type":"Reverse","upper_seis_depth":"(3.0,,)"},"geometry":{"type":"LineString","coordinates":[[-8.006,36.142],[-9.1044,36.0281]]}},{"type":"Feature","properties":{"average_dip":"(20.0,10,30)","average_rake":"(90,70,110)","catalog_id":"EUR_PTCS903","catalog_name":"SHARE","lower_seis_depth":"(15.0,,)","net_slip_rate":"(0.8,0.2,1.5)","slip_type":"Reverse","upper_seis_depth":"(4.0,,)"},"geometry":{"type":"LineString","coordinates":[[-9.121,34.53],[-9.6218,35.4277]]}},{"type":"Feature","properties":{"average_dip":"(24.0,19,29)","average_rake":"(90,80,100)","catalog_id":"EUR_PTCS904","catalog_name":"SHARE","lower_seis_depth":"(15.0,,)","net_slip_rate":"(1.5,0.5,2.5)","slip_type":"Reverse","upper_seis_depth":"(4.0,,)"},"geometry":{"type":"LineString","coordinates":[[-10.203,36.653],[-10.0502,37.062]]}},{"type":"Feature","properties":{"average_dip":"(30.0,20,40)","average_rake":"(90,80,100)","catalog_id":"EUR_PTCS905","catalog_name":"SHARE","lower_seis_depth":"(15.0,,)","net_slip_rate":"None","slip_type":"Reverse","upper_seis_depth":"(5.0,,)"},"geometry":{"type":"LineString","coordinates":[[-10.477,35.803],[-9.8491,36.394]]}},{"type":"Feature","properties":{"average_dip":"(32.5,20,45)","average_rake":"(90,75,105)","catalog_id":"EUR_PTCS906","catalog_name":"SHARE","lower_seis_depth":"(15.0,,)","net_slip_rate":"(1.5,0.5,2.5)","slip_type":"Reverse","upper_seis_depth":"(4.5,,)"},"geometry":{"type":"LineString","coordinates":[[-11.318,35.398],[-10.628,35.494],[-10.2786,35.7157]]}},{"type":"Feature","properties":{"average_dip":"(85.0,80,90)","average_rake":"(0,170,-170)","catalog_id":"EUR_PTCS907","catalog_name":"SHARE","lower_seis_depth":"(25.0,,)","net_slip_rate":"(0.8,0.2,1.5)","slip_type":"Sinistral","upper_seis_depth":"(3.0,,)"},"geometry":{"type":"LineString","coordinates":[[-9.456,35.962],[-8.0299,35.8272]]}},{"type":"Feature","properties":{"average_dip":"(85.0,80,90)","average_rake":"(0,170,-170)","catalog_id":"EUR_PTCS908","catalog_name":"SHARE","lower_seis_depth":"(15.0,,)","net_slip_rate":"(0.8,0.2,1.5)","slip_type":"Sinistral","upper_seis_depth":"(4.5,,)"},"geometry":{"type":"LineString","coordinates":[[-10.858,35.866],[-9.0215,35.5767]]}},{"type":"Feature","properties":{"average_dip":"(60.0,50,70)","average_rake":"(-105,-120,-90)","catalog_id":"EUR_RSCS001","catalog_name":"SHARE","lower_seis_depth":"(12.0,,)","net_slip_rate":"(0.2,0.05,0.3)","slip_type":"Normal","upper_seis_depth":"(1.0,,)"},"geometry":{"type":"LineString","coordinates":[[21.66628,42.444381],[21.746046,42.488408],[21.806323,42.516097],[21.867413,42.547473],[21.931974,42.568924],[21.988378,42.599118],[22.038516,42.650214],[22.095966,42.709827]]}},{"type":"Feature","properties":{"average_dip":"(70.0,60,80)","average_rake":"(-12,-30,5)","catalog_id":"EUR_RSCS002","catalog_name":"SHARE","lower_seis_depth":"(15.0,,)","net_slip_rate":"(0.1,0.05,0.2)","slip_type":"Sinistral","upper_seis_depth":"(1.0,,)"},"geometry":{"type":"LineString","coordinates":[[22.215708,43.540936],[22.090442,43.597261],[21.954906,43.655068],[21.818345,43.721028],[21.708894,43.767946],[21.617097,43.812927],[21.547275,43.86777]]}},{"type":"Feature","properties":{"average_dip":"(70.0,60,80)","average_rake":"(5,-10,20)","catalog_id":"EUR_RSCS003","catalog_name":"SHARE","lower_seis_depth":"(15.0,,)","net_slip_rate":"(0.1,0.05,0.2)","slip_type":"Sinistral","upper_seis_depth":"(1.0,,)"},"geometry":{"type":"LineString","coordinates":[[21.665014,43.54152],[21.552235,43.547512],[21.45443,43.552708],[21.362206,43.557608],[21.258053,43.571881],[21.106843,43.592602],[20.931742,43.616597],[20.823386,43.633757],[20.679402,43.654135],[20.527998,43.675585]]}},{"type":"Feature","properties":{"average_dip":"(70.0,60,80)","average_rake":"(150,130,170)","catalog_id":"EUR_RSCS004","catalog_name":"SHARE","lower_seis_depth":"(15.0,,)","net_slip_rate":"(0.2,0.05,0.3)","slip_type":"Dextral-Reverse","upper_seis_depth":"(1.0,,)"},"geometry":{"type":"LineString","coordinates":[[19.792502,43.138411],[19.766526,43.191332],[19.72051,43.253972],[19.684144,43.306352],[19.619374,43.365437],[19.565099,43.408236],[19.448196,43.477307]]}},{"type":"Feature","properties":{"average_dip":"(70.0,60,80)","average_rake":"(5,-10,20)","catalog_id":"EUR_RSCS005","catalog_name":"SHARE","lower_seis_depth":"(15.0,,)","net_slip_rate":"(0.2,0.1,0.3)","slip_type":"Sinistral","upper_seis_depth":"(1.0,,)"},"geometry":{"type":"LineString","coordinates":[[20.053198,43.477307],[19.887248,43.497216],[19.718684,43.516177],[19.607614,43.520918],[19.58148,43.522814]]}},{"type":"Feature","properties":{"average_dip":"(70.0,60,80)","average_rake":"(-35,-50,-20)","catalog_id":"EUR_RSCS006","catalog_name":"SHARE","lower_seis_depth":"(18.0,,)","net_slip_rate":"(0.1,0.05,0.2)","slip_type":"Sinistral-Normal","upper_seis_depth":"(1.0,,)"},"geometry":{"type":"LineString","coordinates":[[23.193437,42.970112],[22.970599,43.051673],[22.763629,43.11555],[22.618211,43.155361],[22.487997,43.206872],[22.3662,43.240563],[22.240389,43.271136],[22.11,43.3],[21.987917,43.313936],[21.857301,43.35231]]}},{"type":"Feature","properties":{"average_dip":"(60.0,50,70)","average_rake":"(-20,-30,-10)","catalog_id":"EUR_RSCS007","catalog_name":"SHARE","lower_seis_depth":"(15.0,,)","net_slip_rate":"(0.1,0.05,0.2)","slip_type":"Sinistral","upper_seis_depth":"(1.0,,)"},"geometry":{"type":"LineString","coordinates":[[21.757734,43.188123],[21.410402,43.214163],[21.221938,43.234542],[21.010114,43.254921],[20.85903,43.273035],[20.796728,43.282093]]}},{"type":"Feature","properties":{"average_dip":"(60.0,50,70)","average_rake":"(-105,-120,-90)","catalog_id":"EUR_RSCS009","catalog_name":"SHARE","lower_seis_depth":"(12.0,,)","net_slip_rate":"(0.1,0.05,0.2)","slip_type":"Normal","upper_seis_depth":"(1.0,,)"},"geometry":{"type":"LineString","coordinates":[[21.752703,42.808463],[21.803137,42.819873],[21.882665,42.844118],[21.973831,42.869789],[22.030083,42.892608],[22.142585,42.952507],[22.231813,42.991014]]}},{"type":"Feature","properties":{"average_dip":"(70.0,60,80)","average_rake":"(5,-10,20)","catalog_id":"EUR_RSCS010","catalog_name":"SHARE","lower_seis_depth":"(15.0,,)","net_slip_rate":"(0.1,0.05,0.2)","slip_type":"Sinistral","upper_seis_depth":"(1.0,,)"},"geometry":{"type":"LineString","coordinates":[[20.812946,43.719537],[20.614017,43.739994],[20.44821,43.749939],[20.234046,43.760293],[19.968346,43.768873]]}},{"type":"Feature","properties":{"average_dip":"(70.0,60,80)","average_rake":"(5,-10,20)","catalog_id":"EUR_RSCS011","catalog_name":"SHARE","lower_seis_depth":"(15.0,,)","net_slip_rate":"(0.1,0.05,0.1)","slip_type":"Sinistral","upper_seis_depth":"(1.0,,)"},"geometry":{"type":"LineString","coordinates":[[21.342156,43.799801],[21.076196,43.836291],[20.88644,43.866343],[20.582813,43.901033],[20.39486,43.912493],[20.242456,43.922152],[20.088558,43.929665]]}},{"type":"Feature","properties":{"average_dip":"(70.0,60,80)","average_rake":"(5,-10,20)","catalog_id":"EUR_RSCS012","catalog_name":"SHARE","lower_seis_depth":"(15.0,,)","net_slip_rate":"(0.1,0.05,0.1)","slip_type":"Sinistral","upper_seis_depth":"(1.0,,)"},"geometry":{"type":"LineString","coordinates":[[20.601056,44.323551],[20.424744,44.348236],[20.22901,44.369701],[20.08557,44.38258],[19.903283,44.397606]]}},{"type":"Feature","properties":{"average_dip":"(70.0,60,80)","average_rake":"(5,-10,20)","catalog_id":"EUR_RSCS013","catalog_name":"SHARE","lower_seis_depth":"(15.0,,)","net_slip_rate":"(0.1,0.05,0.1)","slip_type":"Sinistral","upper_seis_depth":"(1.0,,)"},"geometry":{"type":"LineString","coordinates":[[20.617492,44.209786],[20.442674,44.231251],[20.27981,44.238764],[20.11097,44.241983],[20.025804,44.246276],[19.870412,44.269888]]}},{"type":"Feature","properties":{"average_dip":"(70.0,60,80)","average_rake":"(5,-10,20)","catalog_id":"EUR_RSCS014","catalog_name":"SHARE","lower_seis_depth":"(15.0,,)","net_slip_rate":"(0.1,0.05,0.1)","slip_type":"Sinistral","upper_seis_depth":"(1.0,,)"},"geometry":{"type":"LineString","coordinates":[[21.351124,44.272035],[21.170328,44.2935],[20.9477,44.33321],[20.75346,44.362188],[20.512898,44.400826]]}},{"type":"Feature","properties":{"average_dip":"(70.0,60,80)","average_rake":"(5,-10,20)","catalog_id":"EUR_RSCS015","catalog_name":"SHARE","lower_seis_depth":"(15.0,,)","net_slip_rate":"(0.1,0.05,0.1)","slip_type":"Sinistral","upper_seis_depth":"(1.0,,)"},"geometry":{"type":"LineString","coordinates":[[21.364568,43.987621],[21.098608,44.05309],[20.874861,44.103716],[20.747484,44.143243]]}},{"type":"Feature","properties":{"average_dip":"(60.0,50,70)","average_rake":"(-75,-90,-60)","catalog_id":"EUR_RSCS016","catalog_name":"SHARE","lower_seis_depth":"(15.0,,)","net_slip_rate":"(0.2,0.1,0.2)","slip_type":"Normal","upper_seis_depth":"(1.0,,)"},"geometry":{"type":"LineString","coordinates":[[21.814504,43.256263],[21.90423,43.236301],[21.993736,43.213857],[22.050911,43.203378],[22.146737,43.178172],[22.216449,43.158689],[22.284214,43.135609],[22.365095,43.111988],[22.396979,43.096253],[22.443739,43.081141],[22.507593,43.052034],[22.568725,43.031466],[22.603888,43.016751],[22.674803,42.995731]]}},{"type":"Feature","properties":{"average_dip":"(77.5,70,85)","average_rake":"(170,160,180)","catalog_id":"EUR_SICS001","catalog_name":"SHARE","lower_seis_depth":"(10.0,,)","net_slip_rate":"(0.3,0.1,0.5)","slip_type":"Dextral","upper_seis_depth":"(1.0,,)"},"geometry":{"type":"LineString","coordinates":[[13.583931,46.32507],[13.608586,46.310372],[13.633241,46.295674],[13.678585,46.267213],[13.703257,46.2524],[13.727928,46.237587],[13.761566,46.217493],[13.799765,46.193778],[13.834708,46.171705],[13.865041,46.152911],[13.889781,46.134821],[13.931056,46.107787],[13.963115,46.086032]]}},{"type":"Feature","properties":{"average_dip":"(77.5,70,85)","average_rake":"(170,160,180)","catalog_id":"EUR_SICS002","catalog_name":"SHARE","lower_seis_depth":"(14.0,,)","net_slip_rate":"(0.2,0.1,0.25)","slip_type":"Dextral","upper_seis_depth":"(1.0,,)"},"geometry":{"type":"LineString","coordinates":[[13.601661,46.23335],[13.611804,46.224831],[13.630954,46.217615],[13.650205,46.207791],[13.674839,46.200274],[13.698748,46.190752],[13.722658,46.179726],[13.745118,46.162186],[13.789083,46.130285],[13.8138,46.11286],[13.830693,46.100951],[13.874982,46.073712],[13.934319,46.043182],[13.990515,46.011968],[14.056341,45.976159],[14.115354,45.943178],[14.163881,45.911241],[14.216224,45.875431],[14.258109,45.837513],[14.301126,45.799167],[14.346752,45.760326]]}},{"type":"Feature","properties":{"average_dip":"(57.5,45,70)","average_rake":"(132,120,145)","catalog_id":"EUR_SICS003","catalog_name":"SHARE","lower_seis_depth":"(7.0,,)","net_slip_rate":"(0.2,0.1,0.2)","slip_type":"Dextral-Reverse","upper_seis_depth":"(1.0,,)"},"geometry":{"type":"LineString","coordinates":[[13.593977,46.239106],[13.571408,46.245335],[13.536246,46.254286],[13.501083,46.263237],[13.464913,46.270163],[13.428743,46.27709]]}},{"type":"Feature","properties":{"average_dip":"(77.5,70,85)","average_rake":"(170,160,180)","catalog_id":"EUR_SICS004","catalog_name":"SHARE","lower_seis_depth":"(12.0,,)","net_slip_rate":"(0.2,0.15,0.35)","slip_type":"Dextral","upper_seis_depth":"(1.0,,)"},"geometry":{"type":"LineString","coordinates":[[13.769344,45.86628],[13.800286,45.851375],[13.839312,45.830193],[13.87316,45.804206],[13.902739,45.782954],[13.931441,45.762753],[13.965706,45.740564],[13.999131,45.718879],[14.015832,45.702589],[14.054321,45.674533],[14.08992,45.653986],[14.126341,45.632366],[14.163434,45.611847],[14.21339,45.584122],[14.260021,45.561589],[14.303686,45.536986],[14.337648,45.52426],[14.409212,45.498077],[14.477137,45.479313]]}},{"type":"Feature","properties":{"average_dip":"(62.5,40,85)","average_rake":"(150,120,180)","catalog_id":"EUR_SICS005","catalog_name":"SHARE","lower_seis_depth":"(9.0,,)","net_slip_rate":"(0.3,0.1,0.5)","slip_type":"Dextral-Reverse","upper_seis_depth":"(1.0,,)"},"geometry":{"type":"LineString","coordinates":[[13.459777,46.090342],[13.504554,46.059472],[13.549331,46.028602],[13.574615,46.011368],[13.599898,45.994133],[13.630026,45.969772],[13.660153,45.945411],[13.679834,45.927428],[13.699515,45.909445],[13.723377,45.892713],[13.742296,45.876984],[13.755007,45.863895]]}},{"type":"Feature","properties":{"average_dip":"(67.5,60,75)","average_rake":"(165,150,180)","catalog_id":"EUR_SICS006","catalog_name":"SHARE","lower_seis_depth":"(15.0,,)","net_slip_rate":"(0.2,0.1,0.3)","slip_type":"Dextral","upper_seis_depth":"(1.0,,)"},"geometry":{"type":"LineString","coordinates":[[14.405134,45.768897],[14.456,45.733603],[14.488816,45.71197],[14.520393,45.689999],[14.545122,45.667361],[14.57104,45.650198],[14.607076,45.619729],[14.641458,45.590287],[14.680412,45.561515],[14.727511,45.525349],[14.773839,45.488053],[14.819679,45.444735],[14.866866,45.388647],[14.91943,45.347926],[15.012864,45.263843]]}},{"type":"Feature","properties":{"average_dip":"(77.5,70,85)","average_rake":"(170,160,180)","catalog_id":"EUR_SICS007","catalog_name":"SHARE","lower_seis_depth":"(10.0,,)","net_slip_rate":"(0.1,0.05,0.15)","slip_type":"Dextral","upper_seis_depth":"(1.5,,)"},"geometry":{"type":"LineString","coordinates":[[14.099396,46.382829],[14.131234,46.363829],[14.150916,46.348028],[14.177255,46.331028],[14.22617,46.313227],[14.269296,46.291027],[14.29824,46.277826]]}},{"type":"Feature","properties":{"average_dip":"(75.0,65,85)","average_rake":"(170,160,180)","catalog_id":"EUR_SICS008","catalog_name":"SHARE","lower_seis_depth":"(14.0,,)","net_slip_rate":"(0.1,0.05,0.15)","slip_type":"Dextral","upper_seis_depth":"(1.0,,)"},"geometry":{"type":"LineString","coordinates":[[13.830401,46.481788],[13.878765,46.476476],[13.961765,46.461193],[14.030874,46.443295],[14.132826,46.410382],[14.190933,46.387574],[14.265901,46.360696],[14.331615,46.341499],[14.372565,46.329641],[14.408028,46.315913],[14.457231,46.298929],[14.495576,46.285607],[14.54159,46.268955]]}},{"type":"Feature","properties":{"average_dip":"(77.5,70,85)","average_rake":"(170,160,180)","catalog_id":"EUR_SICS009","catalog_name":"SHARE","lower_seis_depth":"(10.0,,)","net_slip_rate":"(0.1,0.05,0.2)","slip_type":"Dextral","upper_seis_depth":"(1.0,,)"},"geometry":{"type":"LineString","coordinates":[[14.32314,45.958038],[14.346372,45.934525],[14.371125,45.916598],[14.403881,45.889834],[14.423073,45.869831],[14.445175,45.853117],[14.467277,45.83327],[14.502317,45.809941],[14.520646,45.793227],[14.540592,45.771987]]}},{"type":"Feature","properties":{"average_dip":"(77.5,70,85)","average_rake":"(170,160,180)","catalog_id":"EUR_SICS010","catalog_name":"SHARE","lower_seis_depth":"(10.0,,)","net_slip_rate":"(0.1,0.05,0.2)","slip_type":"Dextral","upper_seis_depth":"(1.0,,)"},"geometry":{"type":"LineString","coordinates":[[14.612006,45.859929],[14.648163,45.821883],[14.677873,45.799974],[14.707583,45.779218],[14.736468,45.756733],[14.768654,45.731364],[14.804142,45.711761],[14.835502,45.692158],[14.859707,45.674308],[14.884381,45.656408],[14.909057,45.634532],[14.943566,45.61151],[14.984031,45.588789],[15.022941,45.568901],[15.070395,45.542384]]}},{"type":"Feature","properties":{"average_dip":"(77.5,70,85)","average_rake":"(170,160,180)","catalog_id":"EUR_SICS011","catalog_name":"SHARE","lower_seis_depth":"(10.0,,)","net_slip_rate":"(0.1,0.05,0.2)","slip_type":"Dextral","upper_seis_depth":"(1.0,,)"},"geometry":{"type":"LineString","coordinates":[[14.389512,46.075739],[14.415788,46.056969],[14.436752,46.034417],[14.45058,46.014028],[14.462983,45.999125],[14.480239,45.97194],[14.497493,45.948071],[14.533984,45.904758],[14.556387,45.878112],[14.590055,45.838065],[14.619944,45.802514]]}},{"type":"Feature","properties":{"average_dip":"(77.5,70,85)","average_rake":"(170,160,180)","catalog_id":"EUR_SICS012","catalog_name":"SHARE","lower_seis_depth":"(10.0,,)","net_slip_rate":"(0.1,0.05,0.15)","slip_type":"Dextral","upper_seis_depth":"(2.0,,)"},"geometry":{"type":"LineString","coordinates":[[14.529815,46.092511],[14.546153,46.077578],[14.561749,46.060842],[14.585513,46.040501],[14.608096,46.018855],[14.63274,45.994317],[14.684371,45.954961],[14.725783,45.924913],[14.759523,45.905596]]}},{"type":"Feature","properties":{"average_dip":"(77.5,70,85)","average_rake":"(170,160,180)","catalog_id":"EUR_SICS013","catalog_name":"SHARE","lower_seis_depth":"(10.0,,)","net_slip_rate":"(0.1,0.05,0.1)","slip_type":"Dextral","upper_seis_depth":"(1.0,,)"},"geometry":{"type":"LineString","coordinates":[[14.857084,46.201347],[14.887208,46.183917],[14.924864,46.160388],[14.941544,46.148847],[14.972087,46.130259],[15.007258,46.107184],[15.06796,46.07237],[15.120678,46.049712]]}},{"type":"Feature","properties":{"average_dip":"(77.5,70,85)","average_rake":"(170,160,180)","catalog_id":"EUR_SICS014","catalog_name":"SHARE","lower_seis_depth":"(10.0,,)","net_slip_rate":"(0.2,0.1,0.4)","slip_type":"Dextral","upper_seis_depth":"(1.0,,)"},"geometry":{"type":"LineString","coordinates":[[14.272218,46.176157],[14.325901,46.159581],[14.366623,46.142269],[14.378505,46.133257],[14.389169,46.127755],[14.422721,46.111179]]}},{"type":"Feature","properties":{"average_dip":"(77.5,70,85)","average_rake":"(170,160,180)","catalog_id":"EUR_SICS015","catalog_name":"SHARE","lower_seis_depth":"(14.0,,)","net_slip_rate":"(0.1,0.05,0.1)","slip_type":"Dextral","upper_seis_depth":"(1.0,,)"},"geometry":{"type":"LineString","coordinates":[[14.494431,46.26239],[14.519253,46.258425],[14.545986,46.255782],[14.577014,46.25347],[14.606611,46.248844],[14.638117,46.243558],[14.677261,46.236289],[14.716426,46.231502],[14.758755,46.225544],[14.803999,46.219661],[14.845409,46.218056]]}},{"type":"Feature","properties":{"average_dip":"(77.5,70,85)","average_rake":"(170,160,180)","catalog_id":"EUR_SICS016","catalog_name":"SHARE","lower_seis_depth":"(14.0,,)","net_slip_rate":"(0.1,0.05,0.1)","slip_type":"Dextral","upper_seis_depth":"(1.0,,)"},"geometry":{"type":"LineString","coordinates":[[15.141925,46.459395],[15.206769,46.432423],[15.29115,46.394952],[15.358321,46.361035],[15.42724,46.328134],[15.539565,46.282826],[15.614741,46.259031],[15.704951,46.232262],[15.772981,46.218273]]}},{"type":"Feature","properties":{"average_dip":"(77.5,70,85)","average_rake":"(170,160,180)","catalog_id":"EUR_SICS017","catalog_name":"SHARE","lower_seis_depth":"(14.0,,)","net_slip_rate":"(0.1,0.05,0.1)","slip_type":"Dextral","upper_seis_depth":"(1.0,,)"},"geometry":{"type":"LineString","coordinates":[[14.988747,46.394338],[15.039394,46.377538],[15.087552,46.361564],[15.187682,46.333929],[15.286144,46.305143],[15.42299,46.274055],[15.461956,46.269253]]}},{"type":"Feature","properties":{"average_dip":"(77.5,70,85)","average_rake":"(170,160,180)","catalog_id":"EUR_SICS018","catalog_name":"SHARE","lower_seis_depth":"(10.0,,)","net_slip_rate":"(0.1,0.05,0.2)","slip_type":"Dextral","upper_seis_depth":"(1.0,,)"},"geometry":{"type":"LineString","coordinates":[[13.956544,46.22228],[13.977057,46.211061],[13.997764,46.199737],[14.023705,46.189807],[14.038907,46.184977],[14.053457,46.180354],[14.066973,46.176059],[14.08434,46.171017],[14.104218,46.165246],[14.123525,46.159219],[14.135888,46.155359]]}},{"type":"Feature","properties":{"average_dip":"(65.0,60,70)","average_rake":"(165,150,180)","catalog_id":"EUR_SICS019","catalog_name":"SHARE","lower_seis_depth":"(12.0,,)","net_slip_rate":"(0.2,0.1,0.2)","slip_type":"Dextral","upper_seis_depth":"(1.0,,)"},"geometry":{"type":"LineString","coordinates":[[13.844732,45.979849],[13.871507,45.946376],[13.891043,45.92383],[13.906268,45.897162],[13.927695,45.870714],[13.946914,45.852892],[13.963447,45.828984],[13.99076,45.795656],[14.017769,45.777007],[14.041747,45.754283],[14.055551,45.744625]]}},{"type":"Feature","properties":{"average_dip":"(65.0,60,70)","average_rake":"(165,150,180)","catalog_id":"EUR_SICS020","catalog_name":"SHARE","lower_seis_depth":"(12.0,,)","net_slip_rate":"(0.2,0.1,0.2)","slip_type":"Dextral","upper_seis_depth":"(1.0,,)"},"geometry":{"type":"LineString","coordinates":[[14.127812,45.745777],[14.166622,45.717341],[14.186028,45.699382],[14.202459,45.680003],[14.222682,45.654483],[14.25287,45.622305],[14.268458,45.60722],[14.280082,45.595971],[14.294518,45.582002],[14.307378,45.569558]]}},{"type":"Feature","properties":{"average_dip":"(77.5,70,85)","average_rake":"(170,160,180)","catalog_id":"EUR_SICS021","catalog_name":"SHARE","lower_seis_depth":"(10.0,,)","net_slip_rate":"(0.1,0.05,0.15)","slip_type":"Dextral","upper_seis_depth":"(1.0,,)"},"geometry":{"type":"LineString","coordinates":[[14.693939,46.110796],[14.71203,46.097303],[14.72971,46.081687],[14.749532,46.06347],[14.773105,46.04488],[14.792392,46.030009],[14.820251,46.009054],[14.864677,45.975836],[14.897191,45.951772],[14.91722,45.938548]]}},{"type":"Feature","properties":{"average_dip":"(80.0,70,90)","average_rake":"(40,20,60)","catalog_id":"EUR_SICS022","catalog_name":"SHARE","lower_seis_depth":"(10.0,,)","net_slip_rate":"(0.1,0.05,0.15)","slip_type":"Sinistral-Reverse","upper_seis_depth":"(3.0,,)"},"geometry":{"type":"LineString","coordinates":[[15.379428,45.900356],[15.430225,45.914816],[15.47985,45.928942],[15.537596,45.948144],[15.58301,45.963246],[15.632106,45.982191],[15.683432,46.005808],[15.723602,46.02423],[15.768334,46.043923],[15.80759,46.064887]]}},{"type":"Feature","properties":{"average_dip":"(77.5,70,85)","average_rake":"(150,140,160)","catalog_id":"EUR_SICS023","catalog_name":"SHARE","lower_seis_depth":"(10.0,,)","net_slip_rate":"(0.2,0.1,0.3)","slip_type":"Dextral-Reverse","upper_seis_depth":"(2.0,,)"},"geometry":{"type":"LineString","coordinates":[[14.428473,46.090625],[14.465859,46.067418],[14.488867,46.052831],[14.505163,46.040234],[14.523983,46.028893],[14.539673,46.014375],[14.557887,45.997136],[14.571307,45.981223],[14.583769,45.963984],[14.604859,45.944092]]}},{"type":"Feature","properties":{"average_dip":"(77.5,70,85)","average_rake":"(170,160,180)","catalog_id":"EUR_SICS024","catalog_name":"SHARE","lower_seis_depth":"(10.0,,)","net_slip_rate":"(0.1,0.05,0.2)","slip_type":"Dextral","upper_seis_depth":"(1.0,,)"},"geometry":{"type":"LineString","coordinates":[[14.039669,46.09175],[14.094874,46.05482],[14.12555,46.030951],[14.153801,46.012297],[14.20895,45.984538]]}},{"type":"Feature","properties":{"average_dip":"(77.5,70,85)","average_rake":"(170,160,180)","catalog_id":"EUR_SICS025","catalog_name":"SHARE","lower_seis_depth":"(10.0,,)","net_slip_rate":"(0.1,0.05,0.15)","slip_type":"Dextral","upper_seis_depth":"(1.0,,)"},"geometry":{"type":"LineString","coordinates":[[14.488664,46.17423],[14.501148,46.160543],[14.51814,46.145415],[14.555969,46.117809],[14.593355,46.099244],[14.628825,46.081342],[14.672921,46.059462]]}},{"type":"Feature","properties":{"average_dip":"(30.0,20,40)","average_rake":"(95,80,110)","catalog_id":"EUR_TNCS001","catalog_name":"SHARE","lower_seis_depth":"(10.0,,)","net_slip_rate":"(0.6,0.1,1.0)","slip_type":"Reverse","upper_seis_depth":"(1.0,,)"},"geometry":{"type":"LineString","coordinates":[[7.553667,34.204944],[7.7064,34.169158],[7.859132,34.133371],[8.011865,34.097585],[8.125741,34.069475],[8.239617,34.041365],[8.380678,34.037527],[8.521738,34.03369],[8.690865,34.027569],[8.859992,34.021447],[9.03849,34.025273],[9.216987,34.029099],[9.371559,34.041538],[9.526132,34.053976],[9.680704,34.066415],[9.848401,34.104626],[10.016097,34.142836],[10.132895,34.21391],[10.249693,34.284983]]}},{"type":"Feature","properties":{"average_dip":"(30.0,20,40)","average_rake":"(95,80,110)","catalog_id":"EUR_TNCS002","catalog_name":"SHARE","lower_seis_depth":"(10.0,,)","net_slip_rate":"(0.6,0.1,1.0)","slip_type":"Reverse","upper_seis_depth":"(1.0,,)"},"geometry":{"type":"LineString","coordinates":[[10.067243,35.809035],[10.027413,35.746084],[9.991959,35.684974],[9.956505,35.623864],[9.921051,35.562754],[9.880878,35.494269],[9.840704,35.425783],[9.800531,35.357298],[9.754296,35.281423],[9.70806,35.205548],[9.661825,35.129673],[9.619451,35.071893],[9.577077,35.014113],[9.534703,34.956333]]}},{"type":"Feature","properties":{"average_dip":"(42.5,30,55)","average_rake":"(87,70,105)","catalog_id":"EUR_TNCS003","catalog_name":"SHARE","lower_seis_depth":"(18.0,,)","net_slip_rate":"(1.1,0.26,1.87)","slip_type":"Reverse","upper_seis_depth":"(1.0,,)"},"geometry":{"type":"LineString","coordinates":[[4.135801,35.647397],[4.297021,35.613978],[4.458241,35.580558],[4.5838,35.55757],[4.709358,35.534582],[4.861418,35.515294],[5.013477,35.496005],[5.165537,35.476717],[5.289522,35.47651],[5.413507,35.476303],[5.562813,35.478169],[5.71212,35.480034],[5.861426,35.4819],[6.077374,35.487885],[6.293322,35.493869],[6.509192,35.518889],[6.725063,35.543908],[6.888907,35.576945],[7.052751,35.609982],[7.216595,35.643019],[7.380439,35.676056],[7.58554,35.726473],[7.790641,35.776889],[7.995742,35.827306],[8.163497,35.882015],[8.331251,35.936724],[8.499006,35.991433],[8.693312,36.073592],[8.887618,36.155751],[9.081924,36.23791],[9.238875,36.326476],[9.395827,36.415043],[9.552778,36.503609],[9.704319,36.611219],[9.855859,36.718829],[10.0074,36.826439],[10.168894,36.945136],[10.330389,37.063833],[10.491883,37.182529],[10.653377,37.301226],[10.774087,37.380227],[10.894797,37.459229],[11.015507,37.53823]]}},{"type":"Feature","properties":{"average_dip":"(35.0,20,50)","average_rake":"(90,80,100)","catalog_id":"EUR_TNCS005","catalog_name":"SHARE","lower_seis_depth":"(10.0,,)","net_slip_rate":"(0.3,0.1,0.5)","slip_type":"Reverse","upper_seis_depth":"(2.0,,)"},"geometry":{"type":"LineString","coordinates":[[10.079219,35.808721],[10.159781,35.913737],[10.233763,35.978232],[10.298595,36.030725],[10.377402,36.075705],[10.456208,36.120684],[10.587746,36.182142],[10.658872,36.221833],[10.729997,36.261524],[10.840966,36.304388],[10.951934,36.347251],[11.057714,36.364318],[11.163493,36.381384],[11.306064,36.438486],[11.397593,36.498336],[11.489122,36.558187]]}},{"type":"Feature","properties":{"average_dip":"(60.0,50,70)","average_rake":"(-145,-170,-120)","catalog_id":"EUR_TNCS006","catalog_name":"SHARE","lower_seis_depth":"(13.0,,)","net_slip_rate":"(0.3,0.2,0.5)","slip_type":"Dextral-Normal","upper_seis_depth":"(4.0,,)"},"geometry":{"type":"LineString","coordinates":[[13.846029,35.578795],[13.726145,35.621118],[13.606261,35.663441],[13.504821,35.700785],[13.403381,35.738129],[13.225093,35.817797],[13.135953,35.870079],[13.046813,35.922361],[12.862373,36.002027],[12.726376,36.039033],[12.590378,36.076038],[12.468917,36.101611],[12.321365,36.131487],[12.118493,36.171321],[12.004757,36.216134],[11.891021,36.260947]]}},{"type":"Feature","properties":{"average_dip":"(70.0,60,80)","average_rake":"(-150,-170,-130)","catalog_id":"EUR_TNCS008","catalog_name":"SHARE","lower_seis_depth":"(13.0,,)","net_slip_rate":"(0.6,0.3,0.8)","slip_type":"Dextral-Normal","upper_seis_depth":"(3.0,,)"},"geometry":{"type":"LineString","coordinates":[[12.235301,35.683359],[12.413581,35.618629],[12.579573,35.573815],[12.733269,35.519045],[12.880821,35.469253],[12.991477,35.424439],[13.099065,35.392075],[13.206653,35.359711],[13.314241,35.327346],[13.421829,35.294981],[13.544781,35.245188],[13.698477,35.200375],[13.864469,35.155563],[14.012021,35.130667],[14.208749,35.105771],[14.343997,35.100791],[14.485405,35.075895]]}},{"type":"Feature","properties":{"average_dip":"(85.0,85,85)","average_rake":"(167,167,167)","catalog_id":"EUR_TRCS001","catalog_name":"SHARE","lower_seis_depth":"(18.0,,)","net_slip_rate":"None","slip_type":"Dextral","upper_seis_depth":"(0.0,,)"},"geometry":{"type":"LineString","coordinates":[[41.130119,39.317799],[41.039101,39.34479],[40.920834,39.381564],[40.793456,39.385999],[40.666439,39.377363],[40.548075,39.414054]]}},{"type":"Feature","properties":{"average_dip":"(87.0,84,90)","average_rake":"(167,167,167)","catalog_id":"EUR_TRCS002","catalog_name":"SHARE","lower_seis_depth":"(18.0,,)","net_slip_rate":"None","slip_type":"Dextral","upper_seis_depth":"(0.0,,)"},"geometry":{"type":"LineString","coordinates":[[40.548554,39.422673],[40.44518,39.455118],[40.333532,39.490158],[40.217898,39.516515],[40.101897,39.542017],[39.988792,39.574436],[39.874207,39.603725],[39.761165,39.636482],[39.649104,39.671296]]}},{"type":"Feature","properties":{"average_dip":"(87.5,85,90)","average_rake":"(-178,-179,-178)","catalog_id":"EUR_TRCS003","catalog_name":"SHARE","lower_seis_depth":"(15.0,,)","net_slip_rate":"(22.4,19.0,25.7031)","slip_type":"Dextral","upper_seis_depth":"(0.0,,)"},"geometry":{"type":"LineString","coordinates":[[39.785061,39.669569],[39.70868,39.698482],[39.603051,39.738466],[39.498067,39.779541],[39.403549,39.83365],[39.307989,39.886752],[39.190097,39.890921],[39.07863,39.920735],[38.967121,39.95056],[38.853953,39.97657],[38.740498,40.001947],[38.627004,40.027333],[38.513259,40.05217],[38.406965,40.091972],[38.300621,40.131792],[38.192278,40.168431],[38.080907,40.199432],[37.969491,40.230445],[37.858031,40.261471],[37.744705,40.288384],[37.631305,40.315226],[37.517864,40.342077],[37.404382,40.368939],[37.290858,40.39581],[37.177293,40.422691],[37.063686,40.449582],[36.970443,40.505879],[36.852773,40.519924],[36.733923,40.526127],[36.619704,40.551919],[36.501654,40.539536],[36.383168,40.5492],[36.264979,40.560874],[36.147582,40.576614],[36.029479,40.564287],[35.910307,40.566348],[35.791413,40.559859]]}},{"type":"Feature","properties":{"average_dip":"(85.0,85,85)","average_rake":"(-178,-178,-178)","catalog_id":"EUR_TRCS004","catalog_name":"SHARE","lower_seis_depth":"(15.0,,)","net_slip_rate":"(2.0,1.0013,3.0004)","slip_type":"Dextral","upper_seis_depth":"(0.0,,)"},"geometry":{"type":"LineString","coordinates":[[35.78411,40.541066],[35.675664,40.506551],[35.567169,40.472021],[35.458722,40.437506],[35.350322,40.403006],[35.241969,40.368521],[35.133663,40.334052],[35.025405,40.299597],[34.917194,40.265157],[34.80903,40.230732],[34.702239,40.193987],[34.600697,40.149481],[34.499205,40.104997],[34.397763,40.060535],[34.296371,40.016095],[34.195029,39.971676],[34.093737,39.927279]]}},{"type":"Feature","properties":{"average_dip":"(71.0,71,71)","average_rake":"(180,180,180)","catalog_id":"EUR_TRCS005","catalog_name":"SHARE","lower_seis_depth":"(18.0,,)","net_slip_rate":"None","slip_type":"Dextral","upper_seis_depth":"(0.0,,)"},"geometry":{"type":"LineString","coordinates":[[37.356271,40.50771],[37.250035,40.550427],[37.125419,40.569737],[36.999465,40.583316],[36.880976,40.618566],[36.769692,40.665537],[36.658349,40.712533]]}},{"type":"Feature","properties":{"average_dip":"(73.0,73,73)","average_rake":"(180,180,180)","catalog_id":"EUR_TRCS006","catalog_name":"SHARE","lower_seis_depth":"(18.0,,)","net_slip_rate":"(25.0,24.2,25.8008)","slip_type":"Dextral","upper_seis_depth":"(0.0,,)"},"geometry":{"type":"LineString","coordinates":[[36.650778,40.725816],[36.58918,40.741757],[36.4782,40.770479],[36.367177,40.799211],[36.258325,40.832465],[36.152647,40.871229],[36.042527,40.902231],[35.927033,40.918779],[35.824856,40.962766],[35.71664,40.997666],[35.605887,41.027802],[35.499727,41.066298],[35.387511,41.093448],[35.269657,41.095301],[35.151799,41.097154],[35.034143,41.102731],[34.916743,41.110915],[34.799328,41.119099],[34.682705,41.106],[34.5663,41.120169],[34.448466,41.123731],[34.337251,41.094232],[34.220468,41.082199],[34.103706,41.070169],[33.986965,41.058141],[33.870245,41.046116],[33.75464,41.02912],[33.639476,41.010604],[33.524344,40.992093],[33.409242,40.973587],[33.294171,40.955086],[33.179131,40.93659]]}},{"type":"Feature","properties":{"average_dip":"(70.0,70,70)","average_rake":"(-177,-177,-177)","catalog_id":"EUR_TRCS007","catalog_name":"SHARE","lower_seis_depth":"(16.0,,)","net_slip_rate":"None","slip_type":"Dextral","upper_seis_depth":"(0.0,,)"},"geometry":{"type":"LineString","coordinates":[[33.260211,40.958435],[33.161175,40.946835],[33.047776,40.925548],[32.932094,40.913271],[32.817286,40.897083],[32.704469,40.874345],[32.589225,40.860331],[32.475774,40.839675],[32.361163,40.823206],[32.24592,40.80961],[32.131657,40.792008],[32.01929,40.768522],[31.906345,40.746794],[31.791679,40.731199],[31.684143,40.697325],[31.569798,40.680769],[31.457745,40.656941],[31.347148,40.629567]]}},{"type":"Feature","properties":{"average_dip":"(78.0,78,78)","average_rake":"(180,180,180)","catalog_id":"EUR_TRCS008","catalog_name":"SHARE","lower_seis_depth":"(18.0,,)","net_slip_rate":"(12.0,12.0,12.0)","slip_type":"Dextral","upper_seis_depth":"(0.0,,)"},"geometry":{"type":"LineString","coordinates":[[31.509552,40.694574],[31.416846,40.661874],[31.31976,40.627628],[31.217643,40.603333],[31.115084,40.580229],[31.00917,40.568936]]}},{"type":"Feature","properties":{"average_dip":"(89.0,89,89)","average_rake":"(8,180,-163)","catalog_id":"EUR_TRCS009","catalog_name":"SHARE","lower_seis_depth":"(18.0,,)","net_slip_rate":"(12.6,12.0,13.1899)","slip_type":"Sinistral","upper_seis_depth":"(0.0,,)"},"geometry":{"type":"LineString","coordinates":[[31.134696,40.595308],[31.016651,40.57484],[30.894545,40.571544],[30.772579,40.577053],[30.654101,40.599809],[30.535585,40.622571],[30.417031,40.645341]]}},{"type":"Feature","properties":{"average_dip":"(64.0,64,64)","average_rake":"(-142,-171,-114)","catalog_id":"EUR_TRCS010","catalog_name":"SHARE","lower_seis_depth":"(18.0,,)","net_slip_rate":"(19.3,12.1979,26.4108)","slip_type":"Dextral-Normal","upper_seis_depth":"(0.0,,)"},"geometry":{"type":"LineString","coordinates":[[31.487129,40.7325],[31.408655,40.75578],[31.293759,40.775016],[31.176091,40.773377],[31.061257,40.753943],[30.943611,40.7546]]}},{"type":"Feature","properties":{"average_dip":"(64.0,64,64)","average_rake":"(-173,-173,-173)","catalog_id":"EUR_TRCS011","catalog_name":"SHARE","lower_seis_depth":"(18.0,,)","net_slip_rate":"None","slip_type":"Dextral","upper_seis_depth":"(0.0,,)"},"geometry":{"type":"LineString","coordinates":[[31.518118,40.718164],[31.437239,40.718187]]}},{"type":"Feature","properties":{"average_dip":"(84.0,83,85)","average_rake":"(26,180,-127)","catalog_id":"EUR_TRCS012","catalog_name":"SHARE","lower_seis_depth":"(18.0,,)","net_slip_rate":"(10.7,1.4195,20.0489)","slip_type":"Sinistral-Reverse","upper_seis_depth":"(0.0,,)"},"geometry":{"type":"LineString","coordinates":[[30.970459,40.779083],[30.94384,40.77006],[30.836032,40.733514],[30.728272,40.696986],[30.611161,40.685999],[30.497906,40.711151],[30.379942,40.714397],[30.262779,40.725372],[30.144715,40.725274],[30.026666,40.723943],[29.909753,40.71155],[29.791993,40.705459],[29.681251,40.736457],[29.563603,40.72884],[29.44555,40.72737],[29.3275,40.7259]]}},{"type":"Feature","properties":{"average_dip":"(56.5,35,78)","average_rake":"(12,180,-156)","catalog_id":"EUR_TRCS013","catalog_name":"SHARE","lower_seis_depth":"(15.0,,)","net_slip_rate":"(27.0,26.1806,27.9)","slip_type":"Sinistral","upper_seis_depth":"(0.5,,)"},"geometry":{"type":"LineString","coordinates":[[29.2279,40.7157],[29.127861,40.760853],[29.02125,40.808972],[28.914582,40.857118],[28.7926,40.875073],[28.668554,40.869343],[28.544518,40.863614],[28.421145,40.852448],[28.298014,40.839979],[28.177022,40.818754],[28.0563,40.7968]]}},{"type":"Feature","properties":{"average_dip":"(62.0,58,66)","average_rake":"(-156,-171,-142)","catalog_id":"EUR_TRCS014","catalog_name":"SHARE","lower_seis_depth":"(18.0,,)","net_slip_rate":"(8.9,7.632,10.1339)","slip_type":"Dextral-Normal","upper_seis_depth":"(0.0,,)"},"geometry":{"type":"LineString","coordinates":[[29.4575,40.7157],[29.382739,40.704215],[29.271229,40.687084],[29.159184,40.672196],[29.04734,40.656579],[28.934885,40.643852],[28.861882,40.710007],[28.7511,40.7298]]}},{"type":"Feature","properties":{"average_dip":"(85.0,80,90)","average_rake":"(-146,-166,-126)","catalog_id":"EUR_TRCS015","catalog_name":"SHARE","lower_seis_depth":"(18.0,,)","net_slip_rate":"(3.1,1.0,5.2941)","slip_type":"Dextral-Normal","upper_seis_depth":"(0.0,,)"},"geometry":{"type":"LineString","coordinates":[[29.0356,40.6454],[28.936444,40.610345],[28.82514,40.570995],[28.713889,40.531665],[28.595546,40.556254],[28.495651,40.61044],[28.395702,40.664655],[28.2957,40.7189]]}},{"type":"Feature","properties":{"average_dip":"(70.0,70,70)","average_rake":"(-143,-147,-140)","catalog_id":"EUR_TRCS018","catalog_name":"SHARE","lower_seis_depth":"(18.0,,)","net_slip_rate":"(26.8,26.2662,27.4037)","slip_type":"Dextral-Normal","upper_seis_depth":"(0.5,,)"},"geometry":{"type":"LineString","coordinates":[[26.124159,40.466192],[26.029838,40.424681],[25.932812,40.38198],[25.859048,40.317778],[25.800556,40.245041]]}},{"type":"Feature","properties":{"average_dip":"(70.0,70,70)","average_rake":"(-174,-174,-174)","catalog_id":"EUR_TRCS019","catalog_name":"SHARE","lower_seis_depth":"(18.0,,)","net_slip_rate":"None","slip_type":"Dextral","upper_seis_depth":"(0.5,,)"},"geometry":{"type":"LineString","coordinates":[[25.782,40.2861],[25.674394,40.259333],[25.564442,40.231983],[25.45778,40.197969],[25.350688,40.164848],[25.24364,40.13174]]}},{"type":"Feature","properties":{"average_dip":"(75.0,65,85)","average_rake":"(17,180,-145)","catalog_id":"EUR_TRCS022","catalog_name":"SHARE","lower_seis_depth":"(18.0,,)","net_slip_rate":"(6.4,4.8589,8.0)","slip_type":"Sinistral","upper_seis_depth":"(0.0,,)"},"geometry":{"type":"LineString","coordinates":[[30.677867,40.559991],[30.574613,40.540718],[30.45852,40.519048],[30.342462,40.497385],[30.226439,40.475729],[30.114548,40.443985],[29.996691,40.42953],[29.878859,40.415078],[29.760863,40.401554],[29.642851,40.388236],[29.523769,40.382936],[29.40615,40.398109],[29.288836,40.414705],[29.169665,40.419589],[29.050486,40.424473]]}},{"type":"Feature","properties":{"average_dip":"(85.0,85,85)","average_rake":"(17,180,-146)","catalog_id":"EUR_TRCS023","catalog_name":"SHARE","lower_seis_depth":"(18.0,,)","net_slip_rate":"(5.3,5.3,5.388)","slip_type":"Sinistral","upper_seis_depth":"(0.0,,)"},"geometry":{"type":"LineString","coordinates":[[29.0782,40.3946],[28.967527,40.404676],[28.860915,40.436058],[28.74839,40.451512],[28.634488,40.459319],[28.520673,40.467921],[28.406589,40.474277],[28.294023,40.458838],[28.181656,40.442688],[28.069315,40.426542],[27.957,40.4104]]}},{"type":"Feature","properties":{"average_dip":"(67.0,49,85)","average_rake":"(180,180,180)","catalog_id":"EUR_TRCS024","catalog_name":"SHARE","lower_seis_depth":"(18.0,,)","net_slip_rate":"(3.0,3.0,3.0)","slip_type":"Dextral","upper_seis_depth":"(0.0,,)"},"geometry":{"type":"LineString","coordinates":[[27.9101,40.3779],[27.804171,40.339367],[27.696729,40.300284],[27.584919,40.269237],[27.466,40.2715]]}},{"type":"Feature","properties":{"average_dip":"(85.0,85,85)","average_rake":"(180,180,180)","catalog_id":"EUR_TRCS025","catalog_name":"SHARE","lower_seis_depth":"(18.0,,)","net_slip_rate":"(3.0,3.0,3.0)","slip_type":"Dextral","upper_seis_depth":"(0.0,,)"},"geometry":{"type":"LineString","coordinates":[[27.7157,40.2452],[27.594346,40.21005],[27.472408,40.174731],[27.362406,40.121314],[27.2535,40.0667]]}},{"type":"Feature","properties":{"average_dip":"(85.0,85,85)","average_rake":"(180,180,180)","catalog_id":"EUR_TRCS026","catalog_name":"SHARE","lower_seis_depth":"(18.0,,)","net_slip_rate":"(3.0,3.0,3.0)","slip_type":"Dextral","upper_seis_depth":"(0.0,,)"},"geometry":{"type":"LineString","coordinates":[[27.9913,40.2626],[28.1144,40.3135]]}},{"type":"Feature","properties":{"average_dip":"(85.0,85,85)","average_rake":"(7,180,-166)","catalog_id":"EUR_TRCS027","catalog_name":"SHARE","lower_seis_depth":"(18.0,,)","net_slip_rate":"(3.6,3.0,4.124)","slip_type":"Sinistral","upper_seis_depth":"(0.0,,)"},"geometry":{"type":"LineString","coordinates":[[27.1755,40.072],[27.091172,40.039588],[26.985564,39.999874],[26.87507,39.969038],[26.769303,39.929745],[26.668225,39.883852],[26.584852,39.820438],[26.473328,39.792538],[26.361844,39.764648],[26.250402,39.736769],[26.139,39.7089]]}},{"type":"Feature","properties":{"average_dip":"(85.0,85,85)","average_rake":"(180,180,180)","catalog_id":"EUR_TRCS028","catalog_name":"SHARE","lower_seis_depth":"(18.0,,)","net_slip_rate":"(3.4,3.4,3.4)","slip_type":"Dextral","upper_seis_depth":"(0.0,,)"},"geometry":{"type":"LineString","coordinates":[[29.968954,40.374307],[29.880464,40.329635],[29.775091,40.282968],[29.669849,40.236226],[29.559351,40.197298],[29.447457,40.160877]]}},{"type":"Feature","properties":{"average_dip":"(50.0,50,50)","average_rake":"(-104,-104,-104)","catalog_id":"EUR_TRCS029","catalog_name":"SHARE","lower_seis_depth":"(18.0,,)","net_slip_rate":"None","slip_type":"Normal","upper_seis_depth":"(0.0,,)"},"geometry":{"type":"LineString","coordinates":[[28.812789,40.170987],[28.946092,40.170734],[29.079386,40.170481],[29.21268,40.170228]]}},{"type":"Feature","properties":{"average_dip":"(40.0,40,40)","average_rake":"(-108,-108,-108)","catalog_id":"EUR_TRCS030","catalog_name":"SHARE","lower_seis_depth":"(18.0,,)","net_slip_rate":"None","slip_type":"Normal","upper_seis_depth":"(0.0,,)"},"geometry":{"type":"LineString","coordinates":[[28.4286,40.0182],[28.318595,40.036214],[28.208273,40.05428],[28.097923,40.07235],[27.986661,40.086886],[27.875743,40.102991],[27.7648,40.1191]]}},{"type":"Feature","properties":{"average_dip":"(68.0,60,76)","average_rake":"(19,180,-142)","catalog_id":"EUR_TRCS031","catalog_name":"SHARE","lower_seis_depth":"(18.0,,)","net_slip_rate":"(3.6,3.0,4.1306)","slip_type":"Sinistral","upper_seis_depth":"(0.0,,)"},"geometry":{"type":"LineString","coordinates":[[27.78658,40.11124],[27.689575,40.091111],[27.574162,40.067163],[27.486356,40.005097],[27.384085,39.957864],[27.281866,39.910654],[27.163195,39.901436],[27.04728,39.87995]]}},{"type":"Feature","properties":{"average_dip":"(80.0,80,80)","average_rake":"(180,180,180)","catalog_id":"EUR_TRCS032","catalog_name":"SHARE","lower_seis_depth":"(18.0,,)","net_slip_rate":"(2.0,2.0,2.0)","slip_type":"Dextral","upper_seis_depth":"(0.0,,)"},"geometry":{"type":"LineString","coordinates":[[26.8073,39.5697],[26.900082,39.616412],[26.992892,39.663138],[27.085745,39.709886],[27.178642,39.756656],[27.271584,39.803448],[27.36457,39.850263],[27.4576,39.8971]]}},{"type":"Feature","properties":{"average_dip":"(60.0,60,60)","average_rake":"(-134,-164,-105)","catalog_id":"EUR_TRCS033","catalog_name":"SHARE","lower_seis_depth":"(18.0,,)","net_slip_rate":"(3.9,3.6638,4.1633)","slip_type":"Dextral-Normal","upper_seis_depth":"(0.0,,)"},"geometry":{"type":"LineString","coordinates":[[27.0199,39.731],[26.964525,39.693799],[26.872464,39.63618],[26.761756,39.60347],[26.650786,39.571408],[26.538683,39.541885],[26.426623,39.512373],[26.312081,39.489347],[26.201428,39.457006],[26.084466,39.443416],[25.979516,39.401357],[25.873721,39.360678],[25.761956,39.331158],[25.649615,39.303083],[25.544532,39.261536],[25.4386,39.2214]]}},{"type":"Feature","properties":{"average_dip":"(80.0,80,80)","average_rake":"(-161,-161,-161)","catalog_id":"EUR_TRCS034","catalog_name":"SHARE","lower_seis_depth":"(18.0,,)","net_slip_rate":"None","slip_type":"Dextral","upper_seis_depth":"(0.0,,)"},"geometry":{"type":"LineString","coordinates":[[27.38658,39.62084],[27.53292,39.66427]]}},{"type":"Feature","properties":{"average_dip":"(80.0,80,80)","average_rake":"(-161,-161,-161)","catalog_id":"EUR_TRCS035","catalog_name":"SHARE","lower_seis_depth":"(18.0,,)","net_slip_rate":"None","slip_type":"Dextral","upper_seis_depth":"(0.0,,)"},"geometry":{"type":"LineString","coordinates":[[27.06238,39.5221],[27.20693,39.582777]]}},{"type":"Feature","properties":{"average_dip":"(80.0,80,80)","average_rake":"(180,180,180)","catalog_id":"EUR_TRCS036","catalog_name":"SHARE","lower_seis_depth":"(18.0,,)","net_slip_rate":"(2.0,2.0,2.0)","slip_type":"Dextral","upper_seis_depth":"(0.0,,)"},"geometry":{"type":"LineString","coordinates":[[27.57924,39.88959],[27.70416,39.95027]]}},{"type":"Feature","properties":{"average_dip":"(85.0,85,85)","average_rake":"(180,180,180)","catalog_id":"EUR_TRCS038","catalog_name":"SHARE","lower_seis_depth":"(18.0,,)","net_slip_rate":"(5.3,5.3,5.3)","slip_type":"Dextral","upper_seis_depth":"(0.0,,)"},"geometry":{"type":"LineString","coordinates":[[28.911,40.349927],[29.01245,40.367772],[29.113925,40.385621],[29.215426,40.403475]]}},{"type":"Feature","properties":{"average_dip":"(85.0,85,85)","average_rake":"(180,180,180)","catalog_id":"EUR_TRCS039","catalog_name":"SHARE","lower_seis_depth":"(18.0,,)","net_slip_rate":"(3.4,3.4,3.4)","slip_type":"Dextral","upper_seis_depth":"(0.0,,)"},"geometry":{"type":"LineString","coordinates":[[29.386841,40.219232],[29.486794,40.266716],[29.586795,40.314221]]}},{"type":"Feature","properties":{"average_dip":"(85.0,85,85)","average_rake":"(180,180,180)","catalog_id":"EUR_TRCS040","catalog_name":"SHARE","lower_seis_depth":"(18.0,,)","net_slip_rate":"(3.4,3.4,3.4)","slip_type":"Dextral","upper_seis_depth":"(0.0,,)"},"geometry":{"type":"LineString","coordinates":[[28.462543,40.021253],[28.576002,40.077802],[28.689525,40.134381],[28.803114,40.190994]]}},{"type":"Feature","properties":{"average_dip":"(50.0,50,50)","average_rake":"(-111,-111,-111)","catalog_id":"EUR_TRCS041","catalog_name":"SHARE","lower_seis_depth":"(18.0,,)","net_slip_rate":"None","slip_type":"Normal","upper_seis_depth":"(0.0,,)"},"geometry":{"type":"LineString","coordinates":[[29.226585,40.211794],[29.329274,40.202058],[29.431945,40.192324]]}},{"type":"Feature","properties":{"average_dip":"(50.0,50,50)","average_rake":"(-111,-111,-111)","catalog_id":"EUR_TRCS042","catalog_name":"SHARE","lower_seis_depth":"(18.0,,)","net_slip_rate":"None","slip_type":"Normal","upper_seis_depth":"(0.0,,)"},"geometry":{"type":"LineString","coordinates":[[29.157808,40.268295],[29.25304,40.24471],[29.348241,40.221132]]}},{"type":"Feature","properties":{"average_dip":"(80.0,80,80)","average_rake":"(180,180,180)","catalog_id":"EUR_TRCS043","catalog_name":"SHARE","lower_seis_depth":"(18.0,,)","net_slip_rate":"(2.0,2.0,2.0)","slip_type":"Dextral","upper_seis_depth":"(0.0,,)"},"geometry":{"type":"LineString","coordinates":[[27.40078,39.84557],[27.481071,39.886013],[27.56139,39.92647]]}},{"type":"Feature","properties":{"average_dip":"(80.0,80,80)","average_rake":"(-161,-161,-161)","catalog_id":"EUR_TRCS044","catalog_name":"SHARE","lower_seis_depth":"(18.0,,)","net_slip_rate":"None","slip_type":"Dextral","upper_seis_depth":"(0.0,,)"},"geometry":{"type":"LineString","coordinates":[[29.239443,40.177823],[29.350858,40.159504],[29.462237,40.141191],[29.573587,40.122883]]}},{"type":"Feature","properties":{"average_dip":"(86.0,86,86)","average_rake":"(0,0,0)","catalog_id":"EUR_TRCS045","catalog_name":"SHARE","lower_seis_depth":"(20.0,,)","net_slip_rate":"(8.1,8.1,8.1)","slip_type":"Sinistral","upper_seis_depth":"(0.0,,)"},"geometry":{"type":"LineString","coordinates":[[41.130119,39.317799],[41.052423,39.265415],[40.97476,39.213054],[40.89713,39.160715]]}},{"type":"Feature","properties":{"average_dip":"(86.0,86,86)","average_rake":"(0,0,0)","catalog_id":"EUR_TRCS046","catalog_name":"SHARE","lower_seis_depth":"(20.0,,)","net_slip_rate":"(8.1,8.1,8.1)","slip_type":"Sinistral","upper_seis_depth":"(0.0,,)"},"geometry":{"type":"LineString","coordinates":[[40.899976,39.150928],[40.828705,39.097505],[40.773314,39.024108],[40.683273,38.975729],[40.613094,38.910476],[40.531954,38.853486]]}},{"type":"Feature","properties":{"average_dip":"(69.5,53,86)","average_rake":"(26,0,53)","catalog_id":"EUR_TRCS047","catalog_name":"SHARE","lower_seis_depth":"(20.0,,)","net_slip_rate":"(4.1,0.0001,8.1)","slip_type":"Sinistral-Reverse","upper_seis_depth":"(0.0,,)"},"geometry":{"type":"LineString","coordinates":[[40.719843,38.826068],[40.639772,38.788388],[40.536584,38.739829],[40.422739,38.709118],[40.302554,38.715165],[40.182979,38.726486],[40.063362,38.737644]]}},{"type":"Feature","properties":{"average_dip":"(78.0,78,78)","average_rake":"(33,33,33)","catalog_id":"EUR_TRCS048","catalog_name":"SHARE","lower_seis_depth":"(20.0,,)","net_slip_rate":"None","slip_type":"Sinistral-Reverse","upper_seis_depth":"(0.0,,)"},"geometry":{"type":"LineString","coordinates":[[40.0532,38.777],[40.1395,38.8401]]}},{"type":"Feature","properties":{"average_dip":"(80.0,80,80)","average_rake":"(0,0,0)","catalog_id":"EUR_TRCS049","catalog_name":"SHARE","lower_seis_depth":"(20.0,,)","net_slip_rate":"(10.0,10.0,10.0)","slip_type":"Sinistral","upper_seis_depth":"(0.0,,)"},"geometry":{"type":"LineString","coordinates":[[40.04984,38.732789],[39.94245,38.682682],[39.830768,38.631476],[39.716837,38.583499],[39.591964,38.557105]]}},{"type":"Feature","properties":{"average_dip":"(80.0,80,80)","average_rake":"(0,0,0)","catalog_id":"EUR_TRCS050","catalog_name":"SHARE","lower_seis_depth":"(20.0,,)","net_slip_rate":"(7.5,5.0,10.0)","slip_type":"Sinistral","upper_seis_depth":"(0.0,,)"},"geometry":{"type":"LineString","coordinates":[[39.67226,38.574221],[39.560696,38.541867],[39.450646,38.503119],[39.341579,38.462804],[39.233127,38.421581]]}},{"type":"Feature","properties":{"average_dip":"(83.0,83,83)","average_rake":"(0,0,0)","catalog_id":"EUR_TRCS051","catalog_name":"SHARE","lower_seis_depth":"(20.0,,)","net_slip_rate":"(10.0,10.0,10.0)","slip_type":"Sinistral","upper_seis_depth":"(0.0,,)"},"geometry":{"type":"LineString","coordinates":[[39.692996,38.577895],[39.59045,38.540167],[39.487958,38.502458],[39.385509,38.464766],[39.283104,38.42709],[39.180743,38.38943]]}},{"type":"Feature","properties":{"average_dip":"(85.0,80,90)","average_rake":"(0,0,0)","catalog_id":"EUR_TRCS052","catalog_name":"SHARE","lower_seis_depth":"(20.0,,)","net_slip_rate":"(10.0,10.0,10.0)","slip_type":"Sinistral","upper_seis_depth":"(0.0,,)"},"geometry":{"type":"LineString","coordinates":[[39.151101,38.356411],[39.040032,38.338189],[38.928945,38.296784],[38.83093,38.238567],[38.734898,38.178427]]}},{"type":"Feature","properties":{"average_dip":"(80.0,80,80)","average_rake":"(0,0,0)","catalog_id":"EUR_TRCS053","catalog_name":"SHARE","lower_seis_depth":"(20.0,,)","net_slip_rate":"(10.0,10.0,10.0)","slip_type":"Sinistral","upper_seis_depth":"(0.0,,)"},"geometry":{"type":"LineString","coordinates":[[38.522161,38.085822],[38.612666,38.130139],[38.703208,38.174473],[38.79379,38.218827]]}},{"type":"Feature","properties":{"average_dip":"(85.0,80,90)","average_rake":"(0,0,0)","catalog_id":"EUR_TRCS054","catalog_name":"SHARE","lower_seis_depth":"(20.0,,)","net_slip_rate":"(9.9,9.9,9.9)","slip_type":"Sinistral","upper_seis_depth":"(0.0,,)"},"geometry":{"type":"LineString","coordinates":[[38.510808,38.045828],[38.403058,38.047985],[38.283674,38.036037],[38.181163,37.986445],[38.071473,37.947652],[37.96183,37.908877],[37.852236,37.870118]]}},{"type":"Feature","properties":{"average_dip":"(80.0,80,80)","average_rake":"(0,0,0)","catalog_id":"EUR_TRCS055","catalog_name":"SHARE","lower_seis_depth":"(20.0,,)","net_slip_rate":"(9.9,9.9,9.9)","slip_type":"Sinistral","upper_seis_depth":"(0.0,,)"},"geometry":{"type":"LineString","coordinates":[[37.586561,37.754935],[37.500071,37.691279],[37.412532,37.62685],[37.311934,37.57585],[37.205671,37.532758],[37.094282,37.498878],[36.982937,37.465012]]}},{"type":"Feature","properties":{"average_dip":"(80.0,80,80)","average_rake":"(-40,-40,-40)","catalog_id":"EUR_TRCS056","catalog_name":"SHARE","lower_seis_depth":"(18.0,,)","net_slip_rate":"(2.5,1.4252,3.6228)","slip_type":"Sinistral-Normal","upper_seis_depth":"(0.0,,)"},"geometry":{"type":"LineString","coordinates":[[36.89442,37.461859],[36.882394,37.441294],[36.835583,37.361241],[36.78878,37.281203],[36.741986,37.20118],[36.674217,37.131363],[36.627468,37.051358],[36.596277,36.966679],[36.560409,36.883198],[36.515785,36.802477],[36.473138,36.721091],[36.418277,36.644569],[36.358333,36.570569]]}},{"type":"Feature","properties":{"average_dip":"(40.5,38,43)","average_rake":"(-50,-52,-49)","catalog_id":"EUR_TRCS057","catalog_name":"SHARE","lower_seis_depth":"(18.0,,)","net_slip_rate":"(3.1,1.7748,4.4219)","slip_type":"Sinistral-Normal","upper_seis_depth":"(0.0,,)"},"geometry":{"type":"LineString","coordinates":[[36.205103,36.247098],[36.164104,36.189582],[36.113794,36.118467],[36.040177,36.062177],[35.968932,36.003969],[35.902475,35.942201]]}},{"type":"Feature","properties":{"average_dip":"(90.0,90,90)","average_rake":"(25,25,25)","catalog_id":"EUR_TRCS058","catalog_name":"SHARE","lower_seis_depth":"(18.0,,)","net_slip_rate":"None","slip_type":"Sinistral-Reverse","upper_seis_depth":"(0.0,,)"},"geometry":{"type":"LineString","coordinates":[[36.3637,36.199],[36.350777,36.117249],[36.337835,36.035374],[36.324893,35.9535],[36.316533,35.871238],[36.3158,35.7887]]}},{"type":"Feature","properties":{"average_dip":"(69.0,58,80)","average_rake":"(-27,-29,-25)","catalog_id":"EUR_TRCS059","catalog_name":"SHARE","lower_seis_depth":"(18.0,,)","net_slip_rate":"(4.8,4.7555,4.9043)","slip_type":"Sinistral-Normal","upper_seis_depth":"(0.0,,)"},"geometry":{"type":"LineString","coordinates":[[36.476351,36.033459],[36.495122,36.119912],[36.514564,36.209453],[36.534006,36.298997],[36.555533,36.388235],[36.580992,36.476804],[36.606452,36.565378],[36.631914,36.653958],[36.706526,36.722398],[36.791919,36.782253]]}},{"type":"Feature","properties":{"average_dip":"(80.0,80,80)","average_rake":"(180,180,180)","catalog_id":"EUR_TRCS060","catalog_name":"SHARE","lower_seis_depth":"(18.0,,)","net_slip_rate":"(2.5,0.0001,5.0)","slip_type":"Dextral","upper_seis_depth":"(0.0,,)"},"geometry":{"type":"LineString","coordinates":[[36.5296,36.2515],[36.642565,36.233598],[36.7555,36.2157]]}},{"type":"Feature","properties":{"average_dip":"(80.0,80,80)","average_rake":"(0,0,0)","catalog_id":"EUR_TRCS061","catalog_name":"SHARE","lower_seis_depth":"(20.0,,)","net_slip_rate":"(10.0,10.0,10.0)","slip_type":"Sinistral","upper_seis_depth":"(0.0,,)"},"geometry":{"type":"LineString","coordinates":[[39.94083,38.701199],[40.01106,38.752418],[40.081315,38.803657]]}},{"type":"Feature","properties":{"average_dip":"(85.0,80,90)","average_rake":"(0,0,0)","catalog_id":"EUR_TRCS062","catalog_name":"SHARE","lower_seis_depth":"(20.0,,)","net_slip_rate":"(9.9,9.9,9.9)","slip_type":"Sinistral","upper_seis_depth":"(0.0,,)"},"geometry":{"type":"LineString","coordinates":[[37.981024,37.959706],[37.903612,37.937458],[37.808764,37.904154],[37.733171,37.848057],[37.644122,37.806106]]}},{"type":"Feature","properties":{"average_dip":"(80.0,80,80)","average_rake":"(0,0,0)","catalog_id":"EUR_TRCS063","catalog_name":"SHARE","lower_seis_depth":"(20.0,,)","net_slip_rate":"(9.9,9.9,9.9)","slip_type":"Sinistral","upper_seis_depth":"(0.0,,)"},"geometry":{"type":"LineString","coordinates":[[37.590572,37.756351],[37.665949,37.796614],[37.741353,37.836892]]}},{"type":"Feature","properties":{"average_dip":"(80.0,80,80)","average_rake":"(-40,-40,-40)","catalog_id":"EUR_TRCS064","catalog_name":"SHARE","lower_seis_depth":"(18.0,,)","net_slip_rate":"(2.5,1.4252,3.6228)","slip_type":"Sinistral-Normal","upper_seis_depth":"(0.0,,)"},"geometry":{"type":"LineString","coordinates":[[36.419984,36.59744],[36.367872,36.550956],[36.295054,36.486003],[36.263508,36.40234],[36.192403,36.336269],[36.121324,36.270221],[36.05027,36.204197],[35.979242,36.138197],[35.90824,36.072221]]}},{"type":"Feature","properties":{"average_dip":"(58.0,58,58)","average_rake":"(-29,-29,-29)","catalog_id":"EUR_TRCS065","catalog_name":"SHARE","lower_seis_depth":"(18.0,,)","net_slip_rate":"None","slip_type":"Sinistral-Normal","upper_seis_depth":"(0.0,,)"},"geometry":{"type":"LineString","coordinates":[[36.63743,36.921763],[36.743515,36.954017],[36.849631,36.98628],[36.955787,37.018555],[37.061982,37.050842]]}},{"type":"Feature","properties":{"average_dip":"(58.0,58,58)","average_rake":"(-29,-29,-29)","catalog_id":"EUR_TRCS066","catalog_name":"SHARE","lower_seis_depth":"(18.0,,)","net_slip_rate":"None","slip_type":"Sinistral-Normal","upper_seis_depth":"(0.0,,)"},"geometry":{"type":"LineString","coordinates":[[36.835157,36.799518],[36.930305,36.827148],[37.025482,36.854785]]}},{"type":"Feature","properties":{"average_dip":"(89.0,89,89)","average_rake":"(178,178,178)","catalog_id":"EUR_TRCS067","catalog_name":"SHARE","lower_seis_depth":"(20.0,,)","net_slip_rate":"(8.5,5.0,12.0104)","slip_type":"Dextral","upper_seis_depth":"(0.0,,)"},"geometry":{"type":"LineString","coordinates":[[44.138068,39.020883],[44.054929,39.06622],[43.973913,39.119674],[43.876214,39.15236],[43.775176,39.178326],[43.673039,39.201656],[43.57065,39.224416]]}},{"type":"Feature","properties":{"average_dip":"(80.0,80,80)","average_rake":"(168,157,180)","catalog_id":"EUR_TRCS068","catalog_name":"SHARE","lower_seis_depth":"(20.0,,)","net_slip_rate":"(8.7,5.0,12.3806)","slip_type":"Dextral","upper_seis_depth":"(0.0,,)"},"geometry":{"type":"LineString","coordinates":[[42.986583,39.445459],[42.959352,39.475483],[42.881925,39.549521],[42.78481,39.608232],[42.683264,39.662397],[42.569207,39.699058],[42.448576,39.719974],[42.331384,39.750429],[42.215052,39.782894]]}},{"type":"Feature","properties":{"average_dip":"(80.0,80,80)","average_rake":"(157,157,157)","catalog_id":"EUR_TRCS069","catalog_name":"SHARE","lower_seis_depth":"(20.0,,)","net_slip_rate":"(9.1,5.8549,12.3806)","slip_type":"Dextral-Reverse","upper_seis_depth":"(0.0,,)"},"geometry":{"type":"LineString","coordinates":[[43.234871,39.346311],[43.255309,39.277137],[43.275745,39.207969]]}},{"type":"Feature","properties":{"average_dip":"(80.0,80,80)","average_rake":"(157,157,157)","catalog_id":"EUR_TRCS070","catalog_name":"SHARE","lower_seis_depth":"(20.0,,)","net_slip_rate":"(9.1,5.8549,12.3806)","slip_type":"Dextral-Reverse","upper_seis_depth":"(0.0,,)"},"geometry":{"type":"LineString","coordinates":[[43.322065,39.27573],[43.248917,39.340933],[43.173742,39.407558],[43.086174,39.464495],[43.000007,39.522754]]}},{"type":"Feature","properties":{"average_dip":"(55.0,55,55)","average_rake":"(31,18,45)","catalog_id":"EUR_TRCS071","catalog_name":"SHARE","lower_seis_depth":"(18.0,,)","net_slip_rate":"(2.4,1.0,3.868)","slip_type":"Sinistral-Reverse","upper_seis_depth":"(0.0,,)"},"geometry":{"type":"LineString","coordinates":[[37.2271,37.6612],[37.139889,37.620471],[37.033416,37.611481],[36.926753,37.60414],[36.8201,37.5968]]}},{"type":"Feature","properties":{"average_dip":"(55.0,55,55)","average_rake":"(45,45,45)","catalog_id":"EUR_TRCS072","catalog_name":"SHARE","lower_seis_depth":"(18.0,,)","net_slip_rate":"(2.7,1.5781,3.868)","slip_type":"Sinistral-Reverse","upper_seis_depth":"(0.0,,)"},"geometry":{"type":"LineString","coordinates":[[37.1724,37.6084],[37.25785,37.6122],[37.3433,37.616]]}},{"type":"Feature","properties":{"average_dip":"(49.0,49,49)","average_rake":"(33,19,47)","catalog_id":"EUR_TRCS073","catalog_name":"SHARE","lower_seis_depth":"(20.0,,)","net_slip_rate":"(2.5,1.0,4.0028)","slip_type":"Sinistral-Reverse","upper_seis_depth":"(0.0,,)"},"geometry":{"type":"LineString","coordinates":[[38.193992,37.998701],[38.099138,37.996623],[37.993323,38.009189],[37.887651,38.022583],[37.780719,38.01886],[37.674591,38.007963],[37.584954,37.961927],[37.478246,37.967678],[37.37153,37.973429]]}},{"type":"Feature","properties":{"average_dip":"(78.0,78,78)","average_rake":"(180,180,180)","catalog_id":"EUR_TRCS074","catalog_name":"SHARE","lower_seis_depth":"(20.0,,)","net_slip_rate":"(8.5,5.0,12.0)","slip_type":"Dextral","upper_seis_depth":"(0.0,,)"},"geometry":{"type":"LineString","coordinates":[[42.8635,39.453688],[42.810348,39.473873],[42.704463,39.514083],[42.599421,39.555683],[42.495338,39.598783],[42.385469,39.6324],[42.27403,39.662905],[42.155943,39.668413],[42.05206,39.712038],[41.937975,39.736408],[41.847451,39.79516],[41.747178,39.84376],[41.644634,39.889573],[41.542038,39.935408]]}},{"type":"Feature","properties":{"average_dip":"(85.0,85,85)","average_rake":"(0,0,0)","catalog_id":"EUR_TRCS075","catalog_name":"SHARE","lower_seis_depth":"(20.0,,)","net_slip_rate":"(2.5,2.0,3.0)","slip_type":"Sinistral","upper_seis_depth":"(0.0,,)"},"geometry":{"type":"LineString","coordinates":[[42.7717,40.1732],[42.657206,40.143403],[42.542785,40.113625],[42.428409,40.083858],[42.314078,40.054103],[42.199792,40.02436],[42.08555,39.994629],[41.971353,39.964908],[41.8572,39.9352]]}},{"type":"Feature","properties":{"average_dip":"(85.0,85,85)","average_rake":"(0,0,0)","catalog_id":"EUR_TRCS076","catalog_name":"SHARE","lower_seis_depth":"(20.0,,)","net_slip_rate":"(2.5,2.0,3.0)","slip_type":"Sinistral","upper_seis_depth":"(0.0,,)"},"geometry":{"type":"LineString","coordinates":[[42.1265,40.0399],[42.235126,40.070886],[42.346089,40.103854],[42.454252,40.141974],[42.568741,40.167212],[42.67906,40.201716],[42.791762,40.231511],[42.905,40.2602]]}},{"type":"Feature","properties":{"average_dip":"(90.0,90,90)","average_rake":"(0,0,0)","catalog_id":"EUR_TRCS077","catalog_name":"SHARE","lower_seis_depth":"(15.0,,)","net_slip_rate":"(2.5,2.0,3.0)","slip_type":"Sinistral","upper_seis_depth":"(0.0,,)"},"geometry":{"type":"LineString","coordinates":[[42.155721,39.826644],[42.264794,39.857031],[42.380739,39.889332],[42.479456,39.946156],[42.592213,39.984794],[42.705023,40.02345],[42.817357,40.063016],[42.925632,40.108833],[43.035048,40.15314],[43.14452,40.197469]]}},{"type":"Feature","properties":{"average_dip":"(87.5,85,90)","average_rake":"(0,0,0)","catalog_id":"EUR_TRCS078","catalog_name":"SHARE","lower_seis_depth":"(15.0,,)","net_slip_rate":"(2.5,2.0,3.0)","slip_type":"Sinistral","upper_seis_depth":"(0.0,,)"},"geometry":{"type":"LineString","coordinates":[[43.300976,40.194913],[43.350231,40.259423],[43.417389,40.331499],[43.483558,40.404144],[43.557549,40.472316],[43.634104,40.538881],[43.6954,40.614056],[43.750061,40.692155],[43.804736,40.770274],[43.859425,40.848413]]}},{"type":"Feature","properties":{"average_dip":"(85.0,85,85)","average_rake":"(0,0,0)","catalog_id":"EUR_TRCS079","catalog_name":"SHARE","lower_seis_depth":"(15.0,,)","net_slip_rate":"(2.5,2.0,3.0)","slip_type":"Sinistral","upper_seis_depth":"(0.0,,)"},"geometry":{"type":"LineString","coordinates":[[43.1449,40.1881],[43.059825,40.147947],[42.974794,40.107815],[42.8898,40.0677]]}},{"type":"Feature","properties":{"average_dip":"(85.0,85,85)","average_rake":"(0,0,0)","catalog_id":"EUR_TRCS080","catalog_name":"SHARE","lower_seis_depth":"(20.0,,)","net_slip_rate":"(2.5,2.0,3.0)","slip_type":"Sinistral","upper_seis_depth":"(0.0,,)"},"geometry":{"type":"LineString","coordinates":[[42.547202,38.99756],[42.604566,39.088415],[42.611344,39.19202]]}},{"type":"Feature","properties":{"average_dip":"(87.5,85,90)","average_rake":"(0,0,0)","catalog_id":"EUR_TRCS081","catalog_name":"SHARE","lower_seis_depth":"(20.0,,)","net_slip_rate":"(2.0,1.0,3.0)","slip_type":"Sinistral","upper_seis_depth":"(0.0,,)"},"geometry":{"type":"LineString","coordinates":[[41.557797,39.180279],[41.66139,39.191712],[41.754913,39.242726],[41.843584,39.298763],[41.955538,39.317433],[42.068783,39.330772],[42.182049,39.344113],[42.287886,39.378115],[42.34124,39.456558]]}},{"type":"Feature","properties":{"average_dip":"(81.0,81,81)","average_rake":"(8,8,8)","catalog_id":"EUR_TRCS082","catalog_name":"SHARE","lower_seis_depth":"(20.0,,)","net_slip_rate":"None","slip_type":"Sinistral","upper_seis_depth":"(0.0,,)"},"geometry":{"type":"LineString","coordinates":[[42.832871,40.645227],[42.790207,40.625734],[42.68886,40.57943],[42.587565,40.533149],[42.485116,40.488452],[42.402293,40.424476],[42.318459,40.361328],[42.240839,40.293778],[42.163642,40.225995],[42.094201,40.153534],[41.998051,40.101958]]}},{"type":"Feature","properties":{"average_dip":"(81.0,81,81)","average_rake":"(8,8,8)","catalog_id":"EUR_TRCS083","catalog_name":"SHARE","lower_seis_depth":"(20.0,,)","net_slip_rate":"None","slip_type":"Sinistral","upper_seis_depth":"(0.0,,)"},"geometry":{"type":"LineString","coordinates":[[42.08315,40.189052],[42.004726,40.131542],[41.919156,40.075724],[41.840848,40.014032]]}},{"type":"Feature","properties":{"average_dip":"(80.0,70,90)","average_rake":"(0,0,0)","catalog_id":"EUR_TRCS084","catalog_name":"SHARE","lower_seis_depth":"(20.0,,)","net_slip_rate":"(2.5,2.0,3.0)","slip_type":"Sinistral","upper_seis_depth":"(0.0,,)"},"geometry":{"type":"LineString","coordinates":[[42.123336,40.640051],[42.041551,40.607152],[41.944475,40.557234],[41.865807,40.491268],[41.781837,40.429255],[41.718584,40.354379],[41.661197,40.276839],[41.603991,40.199249],[41.550372,40.120206],[41.496766,40.041182],[41.433978,39.966256],[41.339813,39.914153],[41.245695,39.862076],[41.151624,39.810025],[41.0576,39.758]]}},{"type":"Feature","properties":{"average_dip":"(81.0,81,81)","average_rake":"(0,0,0)","catalog_id":"EUR_TRCS085","catalog_name":"SHARE","lower_seis_depth":"(20.0,,)","net_slip_rate":"(2.5,2.0,3.0)","slip_type":"Sinistral","upper_seis_depth":"(0.0,,)"},"geometry":{"type":"LineString","coordinates":[[42.434823,40.888943],[42.363395,40.834666],[42.273078,40.766036],[42.182807,40.697441],[42.113332,40.616159],[42.03443,40.540048],[41.928086,40.486685]]}},{"type":"Feature","properties":{"average_dip":"(81.0,81,81)","average_rake":"(0,0,0)","catalog_id":"EUR_TRCS086","catalog_name":"SHARE","lower_seis_depth":"(20.0,,)","net_slip_rate":"(2.5,2.0,3.0)","slip_type":"Sinistral","upper_seis_depth":"(0.0,,)"},"geometry":{"type":"LineString","coordinates":[[42.049667,40.543409],[42.004027,40.479785],[41.94813,40.408152],[41.913711,40.329075],[41.857593,40.257597],[41.785071,40.195347]]}},{"type":"Feature","properties":{"average_dip":"(81.0,81,81)","average_rake":"(0,0,0)","catalog_id":"EUR_TRCS087","catalog_name":"SHARE","lower_seis_depth":"(20.0,,)","net_slip_rate":"(2.5,2.0,3.0)","slip_type":"Sinistral","upper_seis_depth":"(0.0,,)"},"geometry":{"type":"LineString","coordinates":[[41.724132,40.282337],[41.807038,40.326657],[41.889979,40.370997]]}},{"type":"Feature","properties":{"average_dip":"(90.0,90,90)","average_rake":"(180,180,180)","catalog_id":"EUR_TRCS088","catalog_name":"SHARE","lower_seis_depth":"(20.0,,)","net_slip_rate":"(4.0,2.0,6.0)","slip_type":"Dextral","upper_seis_depth":"(0.0,,)"},"geometry":{"type":"LineString","coordinates":[[42.513453,39.152767],[42.405809,39.151081],[42.296271,39.149367],[42.1869,39.154378],[42.080792,39.1756],[41.971629,39.168062],[41.862477,39.160525]]}},{"type":"Feature","properties":{"average_dip":"(83.5,77,90)","average_rake":"(1,0,3)","catalog_id":"EUR_TRCS089","catalog_name":"SHARE","lower_seis_depth":"(20.0,,)","net_slip_rate":"(2.3,2.3,2.3091)","slip_type":"Sinistral","upper_seis_depth":"(0.0,,)"},"geometry":{"type":"LineString","coordinates":[[43.250148,41.086974],[43.135121,41.04455],[43.070794,40.955455],[43.028981,40.859036]]}},{"type":"Feature","properties":{"average_dip":"(85.0,85,85)","average_rake":"(180,180,180)","catalog_id":"EUR_TRCS090","catalog_name":"SHARE","lower_seis_depth":"(20.0,,)","net_slip_rate":"(6.5,5.0,8.0)","slip_type":"Dextral","upper_seis_depth":"(0.0,,)"},"geometry":{"type":"LineString","coordinates":[[43.08773,40.00306],[43.147226,39.967783],[43.243932,39.910441],[43.340589,39.85313],[43.437194,39.795848],[43.533749,39.738596],[43.633499,39.684762],[43.721402,39.619911],[43.834125,39.584655],[43.921597,39.519558],[44.008625,39.454176],[44.098753,39.391414]]}},{"type":"Feature","properties":{"average_dip":"(85.0,85,85)","average_rake":"(180,180,180)","catalog_id":"EUR_TRCS091","catalog_name":"SHARE","lower_seis_depth":"(20.0,,)","net_slip_rate":"(6.5,5.0,8.0)","slip_type":"Dextral","upper_seis_depth":"(0.0,,)"},"geometry":{"type":"LineString","coordinates":[[43.544933,39.786015],[43.51829,39.874631],[43.491645,39.963253]]}},{"type":"Feature","properties":{"average_dip":"(85.0,85,85)","average_rake":"(180,180,180)","catalog_id":"EUR_TRCS092","catalog_name":"SHARE","lower_seis_depth":"(20.0,,)","net_slip_rate":"(6.5,5.0,8.0)","slip_type":"Dextral","upper_seis_depth":"(0.0,,)"},"geometry":{"type":"LineString","coordinates":[[43.590598,39.734727],[43.683869,39.720596],[43.777118,39.706469]]}},{"type":"Feature","properties":{"average_dip":"(50.0,50,50)","average_rake":"(158,158,158)","catalog_id":"EUR_TRCS093","catalog_name":"SHARE","lower_seis_depth":"(20.0,,)","net_slip_rate":"(7.0,5.1676,8.9071)","slip_type":"Dextral","upper_seis_depth":"(0.0,,)"},"geometry":{"type":"LineString","coordinates":[[43.780435,39.719276],[43.859075,39.673378],[43.951291,39.620282],[44.050705,39.575639],[44.138415,39.51831],[44.212172,39.450333],[44.297416,39.390962]]}},{"type":"Feature","properties":{"average_dip":"(85.0,85,85)","average_rake":"(180,180,180)","catalog_id":"EUR_TRCS094","catalog_name":"SHARE","lower_seis_depth":"(20.0,,)","net_slip_rate":"(6.5,5.0,8.0)","slip_type":"Dextral","upper_seis_depth":"(0.0,,)"},"geometry":{"type":"LineString","coordinates":[[43.798126,40.113797],[43.859009,40.041971],[43.920857,39.969007],[43.990063,39.900075],[44.0482,39.8254]]}},{"type":"Feature","properties":{"average_dip":"(85.0,85,85)","average_rake":"(180,180,180)","catalog_id":"EUR_TRCS095","catalog_name":"SHARE","lower_seis_depth":"(20.0,,)","net_slip_rate":"(6.5,5.0,8.0)","slip_type":"Dextral","upper_seis_depth":"(0.0,,)"},"geometry":{"type":"LineString","coordinates":[[44.08407,39.739605],[44.015097,39.792393],[43.9461,39.8452]]}},{"type":"Feature","properties":{"average_dip":"(85.0,85,85)","average_rake":"(180,180,180)","catalog_id":"EUR_TRCS096","catalog_name":"SHARE","lower_seis_depth":"(20.0,,)","net_slip_rate":"(6.5,5.0,8.0)","slip_type":"Dextral","upper_seis_depth":"(0.0,,)"},"geometry":{"type":"LineString","coordinates":[[44.14,39.689],[44.204769,39.617406],[44.269518,39.545834],[44.334421,39.474379],[44.415798,39.41385],[44.4972,39.3534]]}},{"type":"Feature","properties":{"average_dip":"(85.0,85,85)","average_rake":"(180,180,180)","catalog_id":"EUR_TRCS097","catalog_name":"SHARE","lower_seis_depth":"(20.0,,)","net_slip_rate":"(6.5,5.0,8.0)","slip_type":"Dextral","upper_seis_depth":"(0.0,,)"},"geometry":{"type":"LineString","coordinates":[[43.528359,38.988955],[43.470055,39.053448],[43.411735,39.117959],[43.353396,39.182489],[43.29504,39.247039]]}},{"type":"Feature","properties":{"average_dip":"(85.0,85,85)","average_rake":"(180,180,180)","catalog_id":"EUR_TRCS098","catalog_name":"SHARE","lower_seis_depth":"(20.0,,)","net_slip_rate":"(6.5,5.0,8.0)","slip_type":"Dextral","upper_seis_depth":"(0.0,,)"},"geometry":{"type":"LineString","coordinates":[[43.535161,39.074688],[43.586273,39.020019],[43.670681,38.950906],[43.739198,38.871915],[43.811574,38.795084]]}},{"type":"Feature","properties":{"average_dip":"(85.0,85,85)","average_rake":"(180,180,180)","catalog_id":"EUR_TRCS099","catalog_name":"SHARE","lower_seis_depth":"(20.0,,)","net_slip_rate":"(6.5,5.0,8.0)","slip_type":"Dextral","upper_seis_depth":"(0.0,,)"},"geometry":{"type":"LineString","coordinates":[[43.960707,38.992412],[44.005399,38.968053],[44.091214,38.921282],[44.15537,38.856876],[44.231435,38.800926],[44.284536,38.73073]]}},{"type":"Feature","properties":{"average_dip":"(85.0,85,85)","average_rake":"(0,0,0)","catalog_id":"EUR_TRCS100","catalog_name":"SHARE","lower_seis_depth":"(20.0,,)","net_slip_rate":"(2.5,2.0,3.0)","slip_type":"Sinistral","upper_seis_depth":"(0.0,,)"},"geometry":{"type":"LineString","coordinates":[[42.993287,38.947651],[42.903868,38.904],[42.81225,38.85769],[42.73366,38.798674]]}},{"type":"Feature","properties":{"average_dip":"(85.0,85,85)","average_rake":"(0,0,0)","catalog_id":"EUR_TRCS101","catalog_name":"SHARE","lower_seis_depth":"(20.0,,)","net_slip_rate":"(2.5,2.0,3.0)","slip_type":"Sinistral","upper_seis_depth":"(0.0,,)"},"geometry":{"type":"LineString","coordinates":[[42.906538,38.938165],[43.004696,39.011937],[43.102906,39.085748]]}},{"type":"Feature","properties":{"average_dip":"(85.0,85,85)","average_rake":"(0,0,0)","catalog_id":"EUR_TRCS102","catalog_name":"SHARE","lower_seis_depth":"(20.0,,)","net_slip_rate":"(2.5,2.0,3.0)","slip_type":"Sinistral","upper_seis_depth":"(0.0,,)"},"geometry":{"type":"LineString","coordinates":[[43.024221,39.100759],[43.103092,39.12669]]}},{"type":"Feature","properties":{"average_dip":"(87.5,85,90)","average_rake":"(180,180,180)","catalog_id":"EUR_TRCS103","catalog_name":"SHARE","lower_seis_depth":"(20.0,,)","net_slip_rate":"(6.5,5.0,8.0)","slip_type":"Dextral","upper_seis_depth":"(0.0,,)"},"geometry":{"type":"LineString","coordinates":[[44.985965,37.002168],[44.924766,37.041766],[44.840436,37.09633],[44.75994,37.154514],[44.692161,37.222254],[44.611568,37.28047],[44.531666,37.339341],[44.44919,37.39598],[44.357548,37.442961],[44.262151,37.485046],[44.167026,37.527588],[44.090275,37.589253],[43.989459,37.622799]]}},{"type":"Feature","properties":{"average_dip":"(85.0,85,85)","average_rake":"(180,180,180)","catalog_id":"EUR_TRCS104","catalog_name":"SHARE","lower_seis_depth":"(10.0,,)","net_slip_rate":"(6.5,5.0,8.0)","slip_type":"Dextral","upper_seis_depth":"(0.0,,)"},"geometry":{"type":"LineString","coordinates":[[44.177056,37.576477],[44.279181,37.574956],[44.367145,37.524843],[44.453473,37.473031]]}},{"type":"Feature","properties":{"average_dip":"(85.0,85,85)","average_rake":"(180,180,180)","catalog_id":"EUR_TRCS105","catalog_name":"SHARE","lower_seis_depth":"(20.0,,)","net_slip_rate":"(6.5,5.0,8.0)","slip_type":"Dextral","upper_seis_depth":"(0.0,,)"},"geometry":{"type":"LineString","coordinates":[[43.686413,37.746576],[43.791906,37.729039],[43.897369,37.711506],[44.002809,37.693977]]}},{"type":"Feature","properties":{"average_dip":"(70.0,70,70)","average_rake":"(-8,-16,0)","catalog_id":"EUR_TRCS106","catalog_name":"SHARE","lower_seis_depth":"(20.0,,)","net_slip_rate":"(2.1,1.0,3.1832)","slip_type":"Sinistral","upper_seis_depth":"(0.0,,)"},"geometry":{"type":"LineString","coordinates":[[44.49186,38.465155],[44.423748,38.400662],[44.344789,38.337382],[44.267964,38.272553],[44.192158,38.207041],[44.112395,38.144548],[44.036548,38.079161],[43.990144,37.998532],[43.942726,37.918286],[43.895316,37.838056],[43.847916,37.757841]]}},{"type":"Feature","properties":{"average_dip":"(70.0,70,70)","average_rake":"(111,111,111)","catalog_id":"EUR_TRCS107","catalog_name":"SHARE","lower_seis_depth":"(20.0,,)","net_slip_rate":"(2.1,1.0642,3.0542)","slip_type":"Reverse","upper_seis_depth":"(0.0,,)"},"geometry":{"type":"LineString","coordinates":[[43.298758,38.293867],[43.230372,38.287403],[43.1208,38.277045],[43.011243,38.266689],[42.90199,38.278879],[42.921037,38.364214],[42.936427,38.450005],[42.85906,38.511947],[42.753502,38.485868],[42.64286,38.487974],[42.53485,38.506925],[42.426813,38.525881]]}},{"type":"Feature","properties":{"average_dip":"(68.0,68,68)","average_rake":"(156,156,156)","catalog_id":"EUR_TRCS108","catalog_name":"SHARE","lower_seis_depth":"(20.0,,)","net_slip_rate":"(1.8,1.0,2.5724)","slip_type":"Dextral-Reverse","upper_seis_depth":"(0.0,,)"},"geometry":{"type":"LineString","coordinates":[[42.81906,38.625016],[42.946359,38.582729],[43.073594,38.540464]]}},{"type":"Feature","properties":{"average_dip":"(68.0,68,68)","average_rake":"(156,156,156)","catalog_id":"EUR_TRCS109","catalog_name":"SHARE","lower_seis_depth":"(20.0,,)","net_slip_rate":"(1.8,1.0,2.5724)","slip_type":"Dextral-Reverse","upper_seis_depth":"(0.0,,)"},"geometry":{"type":"LineString","coordinates":[[42.607745,38.701501],[42.713631,38.716312],[42.819535,38.731125]]}},{"type":"Feature","properties":{"average_dip":"(80.0,80,80)","average_rake":"(162,162,162)","catalog_id":"EUR_TRCS110","catalog_name":"SHARE","lower_seis_depth":"(20.0,,)","net_slip_rate":"(1.6,1.0,2.243)","slip_type":"Dextral","upper_seis_depth":"(0.0,,)"},"geometry":{"type":"LineString","coordinates":[[43.443013,38.542997],[43.313497,38.533182]]}},{"type":"Feature","properties":{"average_dip":"(80.0,80,80)","average_rake":"(180,180,180)","catalog_id":"EUR_TRCS111","catalog_name":"SHARE","lower_seis_depth":"(20.0,,)","net_slip_rate":"(1.0,0.0001,2.0)","slip_type":"Dextral","upper_seis_depth":"(0.0,,)"},"geometry":{"type":"LineString","coordinates":[[43.283499,38.649044],[43.34582,38.596569],[43.408117,38.544114]]}},{"type":"Feature","properties":{"average_dip":"(34.5,29,40)","average_rake":"(90,90,90)","catalog_id":"EUR_TRCS112","catalog_name":"SHARE","lower_seis_depth":"(20.0,,)","net_slip_rate":"(2.8,1.5557,4.1253)","slip_type":"Reverse","upper_seis_depth":"(0.0,,)"},"geometry":{"type":"LineString","coordinates":[[42.00191,38.68563],[41.915808,38.740517],[41.825057,38.798367],[41.734262,38.856246],[41.643423,38.914153],[41.545561,38.964739],[41.431464,38.942816],[41.3174,38.9209]]}},{"type":"Feature","properties":{"average_dip":"(69.0,69,69)","average_rake":"(8,8,8)","catalog_id":"EUR_TRCS113","catalog_name":"SHARE","lower_seis_depth":"(20.0,,)","net_slip_rate":"None","slip_type":"Sinistral","upper_seis_depth":"(0.0,,)"},"geometry":{"type":"LineString","coordinates":[[42.735548,40.902955],[42.675644,40.851025],[42.59043,40.786941],[42.509657,40.7197],[42.402176,40.679385],[42.34283,40.600409],[42.275789,40.525099],[42.208772,40.449815],[42.141778,40.374559]]}},{"type":"Feature","properties":{"average_dip":"(85.0,85,85)","average_rake":"(0,0,0)","catalog_id":"EUR_TRCS114","catalog_name":"SHARE","lower_seis_depth":"(20.0,,)","net_slip_rate":"(2.3,2.3,2.3)","slip_type":"Sinistral","upper_seis_depth":"(0.0,,)"},"geometry":{"type":"LineString","coordinates":[[42.662374,41.225774],[42.54594,41.114373],[42.455648,41.053367],[42.36154,40.995807],[42.270116,40.935907],[42.192494,40.865825],[42.125438,40.789806],[42.03251,40.731505],[41.94062,40.672341],[41.861192,40.603635],[41.776766,40.538515],[41.705704,40.464801],[41.620296,40.400559],[41.572757,40.316648],[41.529543,40.231404],[41.475679,40.149793],[41.408021,40.074455],[41.340386,39.999144]]}},{"type":"Feature","properties":{"average_dip":"(88.0,86,90)","average_rake":"(0,0,0)","catalog_id":"EUR_TRCS115","catalog_name":"SHARE","lower_seis_depth":"(20.0,,)","net_slip_rate":"(2.3,2.3,2.3)","slip_type":"Sinistral","upper_seis_depth":"(0.0,,)"},"geometry":{"type":"LineString","coordinates":[[41.08435,40.12328],[40.989406,40.072068],[40.892286,40.019014],[40.794706,39.966534],[40.697175,39.914082],[40.597956,39.863616],[40.506794,39.804942],[40.38916,39.81826]]}},{"type":"Feature","properties":{"average_dip":"(85.0,85,85)","average_rake":"(0,0,0)","catalog_id":"EUR_TRCS116","catalog_name":"SHARE","lower_seis_depth":"(10.0,,)","net_slip_rate":"(2.3,2.3,2.3)","slip_type":"Sinistral","upper_seis_depth":"(0.0,,)"},"geometry":{"type":"LineString","coordinates":[[42.83498,41.572348],[42.740619,41.508874],[42.646313,41.445437],[42.552058,41.382034]]}},{"type":"Feature","properties":{"average_dip":"(85.0,85,85)","average_rake":"(0,0,0)","catalog_id":"EUR_TRCS117","catalog_name":"SHARE","lower_seis_depth":"(20.0,,)","net_slip_rate":"(2.3,2.3,2.3)","slip_type":"Sinistral","upper_seis_depth":"(0.0,,)"},"geometry":{"type":"LineString","coordinates":[[42.739777,41.490212],[42.662862,41.430596],[42.585988,41.371011],[42.509148,41.311453],[42.432342,41.251921],[42.35557,41.192416]]}},{"type":"Feature","properties":{"average_dip":"(85.0,85,85)","average_rake":"(0,0,0)","catalog_id":"EUR_TRCS118","catalog_name":"SHARE","lower_seis_depth":"(20.0,,)","net_slip_rate":"(2.3,2.3,2.3)","slip_type":"Sinistral","upper_seis_depth":"(0.0,,)"},"geometry":{"type":"LineString","coordinates":[[42.809446,41.589092],[42.743381,41.534122],[42.660508,41.48883],[42.580701,41.440602]]}},{"type":"Feature","properties":{"average_dip":"(87.5,85,90)","average_rake":"(22,0,45)","catalog_id":"EUR_TRCS119","catalog_name":"SHARE","lower_seis_depth":"(20.0,,)","net_slip_rate":"(2.1,1.4169,2.8338)","slip_type":"Sinistral","upper_seis_depth":"(0.0,,)"},"geometry":{"type":"LineString","coordinates":[[42.571154,41.555583],[42.545241,41.520328],[42.503285,41.438592],[42.392334,41.411255],[42.294012,41.364065],[42.231414,41.290183],[42.125648,41.253447],[42.026455,41.207587],[41.939877,41.149086],[41.839101,41.105423],[41.738376,41.061781]]}},{"type":"Feature","properties":{"average_dip":"(87.5,85,90)","average_rake":"(0,0,0)","catalog_id":"EUR_TRCS120","catalog_name":"SHARE","lower_seis_depth":"(20.0,,)","net_slip_rate":"(2.3,2.3,2.3)","slip_type":"Sinistral","upper_seis_depth":"(0.0,,)"},"geometry":{"type":"LineString","coordinates":[[41.600146,40.971608],[41.56601,40.900744],[41.524507,40.814587],[41.457886,40.738021],[41.35514,40.689619],[41.251792,40.642054],[41.146309,40.597364],[41.049832,40.542252],[40.97345,40.471294],[40.857982,40.445051],[40.740559,40.424557],[40.625654,40.397116],[40.506145,40.386019],[40.385838,40.382798],[40.271239,40.35479],[40.156096,40.328222],[40.040871,40.301984],[39.926122,40.27467],[39.81139,40.247426],[39.694835,40.225259],[39.578316,40.203098]]}},{"type":"Feature","properties":{"average_dip":"(85.0,85,85)","average_rake":"(0,0,0)","catalog_id":"EUR_TRCS121","catalog_name":"SHARE","lower_seis_depth":"(20.0,,)","net_slip_rate":"(2.3,2.3,2.3)","slip_type":"Sinistral","upper_seis_depth":"(0.0,,)"},"geometry":{"type":"LineString","coordinates":[[41.640516,40.810836],[41.705812,40.871884],[41.77113,40.932952],[41.836471,40.994042]]}},{"type":"Feature","properties":{"average_dip":"(85.0,85,85)","average_rake":"(0,0,0)","catalog_id":"EUR_TRCS122","catalog_name":"SHARE","lower_seis_depth":"(20.0,,)","net_slip_rate":"(2.3,2.3,2.3)","slip_type":"Sinistral","upper_seis_depth":"(0.0,,)"},"geometry":{"type":"LineString","coordinates":[[40.30928,40.274497],[40.208662,40.254137],[40.096912,40.231524],[39.985197,40.208919],[39.874294,40.184197],[39.765307,40.155016],[39.656362,40.125846],[39.54739,40.096836],[39.435603,40.11868],[39.321204,40.107161],[39.210573,40.082165]]}},{"type":"Feature","properties":{"average_dip":"(85.0,85,85)","average_rake":"(0,0,0)","catalog_id":"EUR_TRCS123","catalog_name":"SHARE","lower_seis_depth":"(20.0,,)","net_slip_rate":"(2.3,2.3,2.3)","slip_type":"Sinistral","upper_seis_depth":"(0.0,,)"},"geometry":{"type":"LineString","coordinates":[[42.937939,40.991454],[42.997686,41.063651],[43.061853,41.141189],[43.12333,41.219984],[43.213388,41.281346]]}},{"type":"Feature","properties":{"average_dip":"(87.5,85,90)","average_rake":"(0,0,0)","catalog_id":"EUR_TRCS124","catalog_name":"SHARE","lower_seis_depth":"(20.0,,)","net_slip_rate":"(2.3,2.3,2.3)","slip_type":"Sinistral","upper_seis_depth":"(0.0,,)"},"geometry":{"type":"LineString","coordinates":[[42.831678,41.141016],[42.91685,41.174015],[43.012816,41.227253],[43.080103,41.301347]]}},{"type":"Feature","properties":{"average_dip":"(85.0,85,85)","average_rake":"(0,0,0)","catalog_id":"EUR_TRCS125","catalog_name":"SHARE","lower_seis_depth":"(20.0,,)","net_slip_rate":"(2.3,2.3,2.3)","slip_type":"Sinistral","upper_seis_depth":"(0.0,,)"},"geometry":{"type":"LineString","coordinates":[[42.634199,41.063489],[42.710874,41.137544],[42.78758,41.211629],[42.864318,41.285746]]}},{"type":"Feature","properties":{"average_dip":"(72.0,72,72)","average_rake":"(165,165,165)","catalog_id":"EUR_TRCS126","catalog_name":"SHARE","lower_seis_depth":"(20.0,,)","net_slip_rate":"None","slip_type":"Dextral","upper_seis_depth":"(0.0,,)"},"geometry":{"type":"LineString","coordinates":[[41.223996,39.273117],[41.300973,39.219661],[41.377913,39.166231],[41.454821,39.112823]]}},{"type":"Feature","properties":{"average_dip":"(72.0,72,72)","average_rake":"(165,165,165)","catalog_id":"EUR_TRCS127","catalog_name":"SHARE","lower_seis_depth":"(20.0,,)","net_slip_rate":"None","slip_type":"Dextral","upper_seis_depth":"(0.0,,)"},"geometry":{"type":"LineString","coordinates":[[41.224428,39.262897],[41.130743,39.317817]]}},{"type":"Feature","properties":{"average_dip":"(80.0,80,80)","average_rake":"(180,180,180)","catalog_id":"EUR_TRCS128","catalog_name":"SHARE","lower_seis_depth":"(20.0,,)","net_slip_rate":"(1.5,1.0,2.0)","slip_type":"Dextral","upper_seis_depth":"(0.0,,)"},"geometry":{"type":"LineString","coordinates":[[38.642876,37.305538],[38.538336,37.339435],[38.442007,37.395925],[38.345201,37.45198],[38.235,37.489434],[38.121427,37.520006],[38.007812,37.55059],[37.894156,37.581185],[37.780457,37.611791]]}},{"type":"Feature","properties":{"average_dip":"(48.0,40,56)","average_rake":"(97,65,129)","catalog_id":"EUR_TRCS129","catalog_name":"SHARE","lower_seis_depth":"(20.0,,)","net_slip_rate":"(5.3,4.6373,5.9915)","slip_type":"Reverse","upper_seis_depth":"(0.0,,)"},"geometry":{"type":"LineString","coordinates":[[44.4728,37.1013],[44.433895,37.138121],[44.362976,37.205241],[44.292032,37.272386],[44.22106,37.339555],[44.150062,37.40675],[44.079038,37.47397],[44.007988,37.541214],[43.936912,37.608483],[43.826292,37.604206],[43.736697,37.552661],[43.646597,37.501746],[43.536375,37.494591],[43.429757,37.517926],[43.323107,37.541267],[43.216427,37.564615],[43.109716,37.58797],[43.002974,37.611332],[42.8962,37.6347]]}},{"type":"Feature","properties":{"average_dip":"(52.5,40,65)","average_rake":"(104,85,123)","catalog_id":"EUR_TRCS130","catalog_name":"SHARE","lower_seis_depth":"(20.0,,)","net_slip_rate":"(5.1,4.6004,5.5361)","slip_type":"Reverse","upper_seis_depth":"(0.0,,)"},"geometry":{"type":"LineString","coordinates":[[42.9551,37.8942],[42.847531,37.888653],[42.737197,37.882959],[42.626879,37.877172],[42.51632,37.877263],[42.41535,37.912854],[42.314339,37.948459],[42.213287,37.984079],[42.112106,38.019559],[42.010808,38.054916],[41.909469,38.090288],[41.808089,38.125674],[41.702632,38.152801],[41.595923,38.176815],[41.489181,38.200836],[41.382407,38.224864],[41.2756,38.2489]]}},{"type":"Feature","properties":{"average_dip":"(55.0,45,65)","average_rake":"(127,124,131)","catalog_id":"EUR_TRCS131","catalog_name":"SHARE","lower_seis_depth":"(20.0,,)","net_slip_rate":"(4.8,4.4008,5.1391)","slip_type":"Dextral-Reverse","upper_seis_depth":"(0.0,,)"},"geometry":{"type":"LineString","coordinates":[[41.3329,38.3644],[41.243798,38.398531],[41.148677,38.434098],[41.052053,38.467166],[40.95232,38.494085],[40.84772,38.504957],[40.7439,38.5198]]}},{"type":"Feature","properties":{"average_dip":"(50.0,50,50)","average_rake":"(58,58,58)","catalog_id":"EUR_TRCS132","catalog_name":"SHARE","lower_seis_depth":"(20.0,,)","net_slip_rate":"None","slip_type":"Sinistral-Reverse","upper_seis_depth":"(0.0,,)"},"geometry":{"type":"LineString","coordinates":[[40.7471,38.5208],[40.623694,38.518553],[40.499443,38.512317],[40.378639,38.488799],[40.2581,38.4646]]}},{"type":"Feature","properties":{"average_dip":"(47.5,45,50)","average_rake":"(67,58,77)","catalog_id":"EUR_TRCS133","catalog_name":"SHARE","lower_seis_depth":"(20.0,,)","net_slip_rate":"(3.8,3.6249,4.062)","slip_type":"Sinistral-Reverse","upper_seis_depth":"(0.0,,)"},"geometry":{"type":"LineString","coordinates":[[40.1337,38.5866],[40.051579,38.554551],[39.946562,38.513567],[39.8517,38.459576],[39.790485,38.381295],[39.692869,38.330614],[39.590373,38.286344],[39.486074,38.244842],[39.377106,38.211661],[39.260447,38.21685],[39.143604,38.217738],[39.030825,38.193763],[38.930813,38.146368],[38.826067,38.105885],[38.719695,38.068218],[38.613908,38.029636],[38.508306,37.990831],[38.3922,37.983469],[38.275865,37.988084]]}},{"type":"Feature","properties":{"average_dip":"(87.5,85,90)","average_rake":"(180,180,180)","catalog_id":"EUR_TRCS134","catalog_name":"SHARE","lower_seis_depth":"(20.0,,)","net_slip_rate":"(2.0,1.0,3.0)","slip_type":"Dextral","upper_seis_depth":"(0.0,,)"},"geometry":{"type":"LineString","coordinates":[[41.128057,38.73886],[41.159832,38.711516],[41.249562,38.649836],[41.342473,38.591168],[41.461773,38.595227],[41.578437,38.575359],[41.686056,38.535007],[41.759946,38.461747],[41.87276,38.43167],[41.979539,38.390312]]}},{"type":"Feature","properties":{"average_dip":"(40.0,40,40)","average_rake":"(117,117,117)","catalog_id":"EUR_TRCS135","catalog_name":"SHARE","lower_seis_depth":"(20.0,,)","net_slip_rate":"(1.6,0.0001,3.1131)","slip_type":"Dextral-Reverse","upper_seis_depth":"(0.0,,)"},"geometry":{"type":"LineString","coordinates":[[43.502479,38.374529],[43.412028,38.333667],[43.301741,38.333335],[43.193483,38.349915]]}},{"type":"Feature","properties":{"average_dip":"(85.0,85,85)","average_rake":"(-16,-16,-16)","catalog_id":"EUR_TRCS136","catalog_name":"SHARE","lower_seis_depth":"(18.0,,)","net_slip_rate":"(2.1,1.0,3.1635)","slip_type":"Sinistral","upper_seis_depth":"(0.0,,)"},"geometry":{"type":"LineString","coordinates":[[35.249559,38.195854],[35.218299,38.138238],[35.174086,38.056749],[35.139986,37.972316],[35.11264,37.886375],[35.070806,37.804158],[35.021376,37.724634],[35.002909,37.637244],[34.968858,37.552846],[34.886902,37.492631],[34.831358,37.415776],[34.797846,37.331269],[34.764373,37.246761]]}},{"type":"Feature","properties":{"average_dip":"(87.5,85,90)","average_rake":"(-16,-16,-16)","catalog_id":"EUR_TRCS137","catalog_name":"SHARE","lower_seis_depth":"(20.0,,)","net_slip_rate":"(2.1,1.0,3.1635)","slip_type":"Sinistral","upper_seis_depth":"(0.0,,)"},"geometry":{"type":"LineString","coordinates":[[34.820949,37.491247],[34.748197,37.457916],[34.658865,37.392473],[34.555543,37.341752],[34.473346,37.270751],[34.372634,37.21701],[34.271971,37.163295]]}},{"type":"Feature","properties":{"average_dip":"(60.0,60,60)","average_rake":"(0,169,-169)","catalog_id":"EUR_TRCS138","catalog_name":"SHARE","lower_seis_depth":"(15.0,,)","net_slip_rate":"(1.5,1.0,2.0817)","slip_type":"Sinistral","upper_seis_depth":"(0.0,,)"},"geometry":{"type":"LineString","coordinates":[[33.195619,39.270082],[33.25221,39.226316],[33.334647,39.162563],[33.417045,39.098838],[33.446485,39.011527],[33.537837,38.955816],[33.60568,38.882605],[33.624351,38.793529],[33.68888,38.718602],[33.753388,38.6437],[33.817876,38.568822],[33.885629,38.495765],[33.961104,38.427547],[34.036548,38.359356],[34.108214,38.288752],[34.17743,38.216696],[34.24662,38.144666],[34.315785,38.072662],[34.377674,37.996703],[34.476418,37.951019],[34.57587,37.906384],[34.655156,37.841351],[34.757389,37.801048],[34.871561,37.79833],[34.982652,37.819366]]}},{"type":"Feature","properties":{"average_dip":"(85.0,85,85)","average_rake":"(180,180,180)","catalog_id":"EUR_TRCS139","catalog_name":"SHARE","lower_seis_depth":"(20.0,,)","net_slip_rate":"(4.0,3.0,5.0)","slip_type":"Dextral","upper_seis_depth":"(0.0,,)"},"geometry":{"type":"LineString","coordinates":[[40.552042,38.812422],[40.482984,38.883174],[40.404878,38.948178]]}},{"type":"Feature","properties":{"average_dip":"(85.0,85,85)","average_rake":"(180,180,180)","catalog_id":"EUR_TRCS140","catalog_name":"SHARE","lower_seis_depth":"(20.0,,)","net_slip_rate":"(4.0,3.0,5.0)","slip_type":"Dextral","upper_seis_depth":"(0.0,,)"},"geometry":{"type":"LineString","coordinates":[[40.450021,38.964588],[40.355221,38.979436],[40.253488,39.012158],[40.145771,39.03002],[40.046782,39.067606]]}},{"type":"Feature","properties":{"average_dip":"(85.0,85,85)","average_rake":"(180,180,180)","catalog_id":"EUR_TRCS141","catalog_name":"SHARE","lower_seis_depth":"(20.0,,)","net_slip_rate":"(3.0,1.0,5.0)","slip_type":"Dextral","upper_seis_depth":"(0.0,,)"},"geometry":{"type":"LineString","coordinates":[[40.119295,39.071187],[40.021817,39.078228],[39.918005,39.119669],[39.814193,39.161202],[39.702616,39.188148],[39.587086,39.20198],[39.470241,39.205153],[39.356869,39.22735]]}},{"type":"Feature","properties":{"average_dip":"(85.0,85,85)","average_rake":"(180,180,180)","catalog_id":"EUR_TRCS142","catalog_name":"SHARE","lower_seis_depth":"(20.0,,)","net_slip_rate":"(1.5,1.0,2.0)","slip_type":"Dextral","upper_seis_depth":"(0.0,,)"},"geometry":{"type":"LineString","coordinates":[[40.240246,38.906461],[40.174612,38.961472],[40.108958,39.016501]]}},{"type":"Feature","properties":{"average_dip":"(85.0,85,85)","average_rake":"(180,180,180)","catalog_id":"EUR_TRCS143","catalog_name":"SHARE","lower_seis_depth":"(20.0,,)","net_slip_rate":"(1.5,1.0,2.0)","slip_type":"Dextral","upper_seis_depth":"(0.0,,)"},"geometry":{"type":"LineString","coordinates":[[40.072506,39.022572],[40.136081,38.975772],[40.202307,38.92778]]}},{"type":"Feature","properties":{"average_dip":"(85.0,85,85)","average_rake":"(180,180,180)","catalog_id":"EUR_TRCS144","catalog_name":"SHARE","lower_seis_depth":"(20.0,,)","net_slip_rate":"(1.5,1.0,2.0)","slip_type":"Dextral","upper_seis_depth":"(0.0,,)"},"geometry":{"type":"LineString","coordinates":[[40.102565,38.990256],[40.148981,38.926864],[40.226754,38.885344]]}},{"type":"Feature","properties":{"average_dip":"(85.0,85,85)","average_rake":"(180,180,180)","catalog_id":"EUR_TRCS145","catalog_name":"SHARE","lower_seis_depth":"(20.0,,)","net_slip_rate":"(1.5,1.0,2.0)","slip_type":"Dextral","upper_seis_depth":"(0.0,,)"},"geometry":{"type":"LineString","coordinates":[[40.274203,38.929586],[40.148593,39.008996]]}},{"type":"Feature","properties":{"average_dip":"(84.0,84,84)","average_rake":"(180,180,180)","catalog_id":"EUR_TRCS146","catalog_name":"SHARE","lower_seis_depth":"(20.0,,)","net_slip_rate":"(3.0,1.0,5.0)","slip_type":"Dextral","upper_seis_depth":"(0.0,,)"},"geometry":{"type":"LineString","coordinates":[[40.550672,38.930031],[40.510142,38.996366],[40.428995,39.047216],[40.324837,39.051361]]}},{"type":"Feature","properties":{"average_dip":"(85.0,85,85)","average_rake":"(0,0,0)","catalog_id":"EUR_TRCS147","catalog_name":"SHARE","lower_seis_depth":"(20.0,,)","net_slip_rate":"(2.3,2.3,2.3)","slip_type":"Sinistral","upper_seis_depth":"(0.0,,)"},"geometry":{"type":"LineString","coordinates":[[40.385017,40.105586],[40.309929,40.065244],[40.215538,40.018593],[40.111944,39.985413],[40.003165,39.964217],[39.891598,39.954976],[39.779959,39.946382],[39.669417,39.931726],[39.563349,39.903785],[39.453768,39.88562],[39.341732,39.882898]]}},{"type":"Feature","properties":{"average_dip":"(84.0,84,84)","average_rake":"(-176,-176,-176)","catalog_id":"EUR_TRCS148","catalog_name":"SHARE","lower_seis_depth":"(15.0,,)","net_slip_rate":"(1.5,1.0,2.0101)","slip_type":"Dextral","upper_seis_depth":"(0.0,,)"},"geometry":{"type":"LineString","coordinates":[[33.178306,39.372912],[33.118769,39.422265],[33.059213,39.471634]]}},{"type":"Feature","properties":{"average_dip":"(60.0,60,60)","average_rake":"(-90,-90,-90)","catalog_id":"EUR_TRCS149","catalog_name":"SHARE","lower_seis_depth":"(20.0,,)","net_slip_rate":"(2.3,1.1547,3.4641)","slip_type":"Normal","upper_seis_depth":"(0.0,,)"},"geometry":{"type":"LineString","coordinates":[[40.861286,39.156736],[40.871647,39.255205],[40.79787,39.34109]]}},{"type":"Feature","properties":{"average_dip":"(85.0,85,85)","average_rake":"(180,180,180)","catalog_id":"EUR_TRCS150","catalog_name":"SHARE","lower_seis_depth":"(20.0,,)","net_slip_rate":"(3.0,1.0,5.0)","slip_type":"Dextral","upper_seis_depth":"(0.0,,)"},"geometry":{"type":"LineString","coordinates":[[40.773611,39.084276],[40.723462,39.197752]]}},{"type":"Feature","properties":{"average_dip":"(85.0,85,85)","average_rake":"(180,180,180)","catalog_id":"EUR_TRCS151","catalog_name":"SHARE","lower_seis_depth":"(20.0,,)","net_slip_rate":"(2.0,1.0,3.0)","slip_type":"Dextral","upper_seis_depth":"(0.0,,)"},"geometry":{"type":"LineString","coordinates":[[40.434182,38.656915],[40.520235,38.616441],[40.601626,38.570476],[40.69686,38.545709]]}},{"type":"Feature","properties":{"average_dip":"(85.0,85,85)","average_rake":"(0,0,0)","catalog_id":"EUR_TRCS152","catalog_name":"SHARE","lower_seis_depth":"(20.0,,)","net_slip_rate":"(1.5,1.0,2.0)","slip_type":"Sinistral","upper_seis_depth":"(0.0,,)"},"geometry":{"type":"LineString","coordinates":[[40.612882,39.173164],[40.543054,39.101757],[40.465657,39.03517]]}},{"type":"Feature","properties":{"average_dip":"(85.0,85,85)","average_rake":"(0,0,0)","catalog_id":"EUR_TRCS153","catalog_name":"SHARE","lower_seis_depth":"(20.0,,)","net_slip_rate":"(1.5,1.0,2.0)","slip_type":"Sinistral","upper_seis_depth":"(0.0,,)"},"geometry":{"type":"LineString","coordinates":[[40.517507,39.10865],[40.523958,39.167805]]}},{"type":"Feature","properties":{"average_dip":"(87.5,85,90)","average_rake":"(0,0,0)","catalog_id":"EUR_TRCS154","catalog_name":"SHARE","lower_seis_depth":"(20.0,,)","net_slip_rate":"(1.5,1.0,2.0)","slip_type":"Sinistral","upper_seis_depth":"(0.0,,)"},"geometry":{"type":"LineString","coordinates":[[40.689559,39.137268],[40.681313,39.067554],[40.622828,39.009328]]}},{"type":"Feature","properties":{"average_dip":"(75.0,70,80)","average_rake":"(0,0,0)","catalog_id":"EUR_TRCS155","catalog_name":"SHARE","lower_seis_depth":"(20.0,,)","net_slip_rate":"(1.5,1.0,2.0)","slip_type":"Sinistral","upper_seis_depth":"(0.0,,)"},"geometry":{"type":"LineString","coordinates":[[40.704929,39.337984],[40.640949,39.282982],[40.569816,39.219566],[40.493825,39.159679],[40.428645,39.092603]]}},{"type":"Feature","properties":{"average_dip":"(62.5,45,80)","average_rake":"(29,0,58)","catalog_id":"EUR_TRCS156","catalog_name":"SHARE","lower_seis_depth":"(20.0,,)","net_slip_rate":"(2.8,1.0,4.6904)","slip_type":"Sinistral-Reverse","upper_seis_depth":"(0.0,,)"},"geometry":{"type":"LineString","coordinates":[[40.498497,39.166092],[40.40875,39.129687],[40.301226,39.087321],[40.18141,39.077055]]}},{"type":"Feature","properties":{"average_dip":"(61.0,61,61)","average_rake":"(52,52,52)","catalog_id":"EUR_TRCS157","catalog_name":"SHARE","lower_seis_depth":"(15.0,,)","net_slip_rate":"(2.1,1.519,2.7348)","slip_type":"Sinistral-Reverse","upper_seis_depth":"(0.0,,)"},"geometry":{"type":"LineString","coordinates":[[39.737265,39.526599],[39.827896,39.545266]]}},{"type":"Feature","properties":{"average_dip":"(80.0,80,80)","average_rake":"(0,0,0)","catalog_id":"EUR_TRCS158","catalog_name":"SHARE","lower_seis_depth":"(15.0,,)","net_slip_rate":"(1.5,1.0,2.0)","slip_type":"Sinistral","upper_seis_depth":"(0.0,,)"},"geometry":{"type":"LineString","coordinates":[[39.6811,39.48208],[39.72825,39.51455]]}},{"type":"Feature","properties":{"average_dip":"(80.0,80,80)","average_rake":"(0,0,0)","catalog_id":"EUR_TRCS159","catalog_name":"SHARE","lower_seis_depth":"(15.0,,)","net_slip_rate":"(1.5,1.0,2.0)","slip_type":"Sinistral","upper_seis_depth":"(0.0,,)"},"geometry":{"type":"LineString","coordinates":[[39.55835,39.40202],[39.66821,39.47585]]}},{"type":"Feature","properties":{"average_dip":"(62.5,45,80)","average_rake":"(30,-16,76)","catalog_id":"EUR_TRCS160","catalog_name":"SHARE","lower_seis_depth":"(15.0,,)","net_slip_rate":"(2.1,1.0,3.1672)","slip_type":"Sinistral-Reverse","upper_seis_depth":"(0.0,,)"},"geometry":{"type":"LineString","coordinates":[[39.682123,39.529128],[39.582806,39.515569],[39.473348,39.479156],[39.361583,39.447301],[39.253071,39.409422],[39.146254,39.368863],[39.042072,39.324487],[38.937473,39.280797],[38.835953,39.23304]]}},{"type":"Feature","properties":{"average_dip":"(70.0,70,70)","average_rake":"(-11,-11,-11)","catalog_id":"EUR_TRCS161","catalog_name":"SHARE","lower_seis_depth":"(12.0,,)","net_slip_rate":"(1.5,1.0,2.0696)","slip_type":"Sinistral","upper_seis_depth":"(0.0,,)"},"geometry":{"type":"LineString","coordinates":[[39.296921,39.34274],[39.203653,39.3492],[39.112328,39.305554],[39.028974,39.253277]]}},{"type":"Feature","properties":{"average_dip":"(61.0,61,61)","average_rake":"(52,52,52)","catalog_id":"EUR_TRCS162","catalog_name":"SHARE","lower_seis_depth":"(20.0,,)","net_slip_rate":"(2.1,1.519,2.7348)","slip_type":"Sinistral-Reverse","upper_seis_depth":"(0.0,,)"},"geometry":{"type":"LineString","coordinates":[[39.396372,39.474551],[39.453127,39.52823]]}},{"type":"Feature","properties":{"average_dip":"(70.0,70,70)","average_rake":"(19,19,19)","catalog_id":"EUR_TRCS163","catalog_name":"SHARE","lower_seis_depth":"(20.0,,)","net_slip_rate":"(1.6,1.0,2.2655)","slip_type":"Sinistral","upper_seis_depth":"(0.0,,)"},"geometry":{"type":"LineString","coordinates":[[38.349398,38.968111],[38.453952,39.031662],[38.558563,39.095247],[38.663232,39.158867]]}},{"type":"Feature","properties":{"average_dip":"(85.0,85,85)","average_rake":"(16,16,16)","catalog_id":"EUR_TRCS164","catalog_name":"SHARE","lower_seis_depth":"(20.0,,)","net_slip_rate":"(2.1,1.0,3.1635)","slip_type":"Sinistral","upper_seis_depth":"(0.0,,)"},"geometry":{"type":"LineString","coordinates":[[38.383014,39.477716],[38.426519,39.430902],[38.409487,39.348745],[38.417501,39.265772],[38.400666,39.183594],[38.368787,39.104148],[38.328704,39.026981]]}},{"type":"Feature","properties":{"average_dip":"(87.5,85,90)","average_rake":"(1,-16,18)","catalog_id":"EUR_TRCS165","catalog_name":"SHARE","lower_seis_depth":"(20.0,,)","net_slip_rate":"(2.1,1.0,3.1635)","slip_type":"Sinistral","upper_seis_depth":"(0.0,,)"},"geometry":{"type":"LineString","coordinates":[[38.327007,39.094932],[38.300655,39.034812],[38.26909,38.94725],[38.230494,38.861419],[38.200766,38.773483],[38.169542,38.685872],[38.131679,38.599878],[38.071502,38.522064],[38.024514,38.4389],[37.975574,38.356448],[37.926644,38.274013],[37.87326,38.193325],[37.79202,38.128605],[37.696916,38.07695],[37.592881,38.03747],[37.494848,37.989473]]}},{"type":"Feature","properties":{"average_dip":"(62.5,45,80)","average_rake":"(-5,-11,0)","catalog_id":"EUR_TRCS166","catalog_name":"SHARE","lower_seis_depth":"(20.0,,)","net_slip_rate":"(2.0,1.0,3.0)","slip_type":"Sinistral","upper_seis_depth":"(0.0,,)"},"geometry":{"type":"LineString","coordinates":[[38.895973,39.232535],[38.783915,39.190144],[38.656466,39.170501],[38.526761,39.16471],[38.411318,39.118568]]}},{"type":"Feature","properties":{"average_dip":"(61.0,61,61)","average_rake":"(52,52,52)","catalog_id":"EUR_TRCS167","catalog_name":"SHARE","lower_seis_depth":"(15.0,,)","net_slip_rate":"(2.1,1.519,2.7348)","slip_type":"Sinistral-Reverse","upper_seis_depth":"(0.0,,)"},"geometry":{"type":"LineString","coordinates":[[39.464343,39.658309],[39.514379,39.72929]]}},{"type":"Feature","properties":{"average_dip":"(77.5,70,85)","average_rake":"(-22,-28,-16)","catalog_id":"EUR_TRCS168","catalog_name":"SHARE","lower_seis_depth":"(18.0,,)","net_slip_rate":"(2.1,1.0,3.1635)","slip_type":"Sinistral","upper_seis_depth":"(0.0,,)"},"geometry":{"type":"LineString","coordinates":[[35.993625,39.157061],[36.085002,39.212143],[36.183075,39.265918],[36.276868,39.324166],[36.345101,39.400837],[36.464423,39.413565],[36.573561,39.453015],[36.682749,39.492484],[36.798369,39.519005],[36.915012,39.54284],[37.031693,39.566683]]}},{"type":"Feature","properties":{"average_dip":"(72.5,70,75)","average_rake":"(-22,-28,-16)","catalog_id":"EUR_TRCS169","catalog_name":"SHARE","lower_seis_depth":"(18.0,,)","net_slip_rate":"(2.1,1.0,3.1736)","slip_type":"Sinistral","upper_seis_depth":"(0.0,,)"},"geometry":{"type":"LineString","coordinates":[[35.897741,39.015285],[35.985336,39.066264],[36.081076,39.121437],[36.19768,39.141044],[36.313581,39.163125],[36.426534,39.19311],[36.540623,39.220501],[36.652331,39.253357],[36.753232,39.303005],[36.856,39.350397],[36.958819,39.397813],[37.061018,39.44611],[37.156106,39.502483]]}},{"type":"Feature","properties":{"average_dip":"(80.0,75,85)","average_rake":"(-16,-16,-16)","catalog_id":"EUR_TRCS170","catalog_name":"SHARE","lower_seis_depth":"(18.0,,)","net_slip_rate":"(2.1,1.0,3.1736)","slip_type":"Sinistral","upper_seis_depth":"(0.0,,)"},"geometry":{"type":"LineString","coordinates":[[36.797487,39.315613],[36.872553,39.34009],[36.978638,39.374682],[37.086328,39.406271],[37.195166,39.435523],[37.304137,39.464584],[37.416025,39.486169],[37.523398,39.518734],[37.637993,39.508308],[37.752941,39.500637],[37.867038,39.513866],[37.978522,39.536895]]}},{"type":"Feature","properties":{"average_dip":"(87.5,85,90)","average_rake":"(-16,-16,-16)","catalog_id":"EUR_TRCS171","catalog_name":"SHARE","lower_seis_depth":"(18.0,,)","net_slip_rate":"(2.1,1.0,3.1635)","slip_type":"Sinistral","upper_seis_depth":"(0.0,,)"},"geometry":{"type":"LineString","coordinates":[[35.683728,39.375736],[35.760821,39.442036],[35.838779,39.50908],[35.916771,39.576153],[35.994796,39.643254],[36.068182,39.713438],[36.158521,39.770799],[36.260037,39.815877]]}},{"type":"Feature","properties":{"average_dip":"(85.0,85,85)","average_rake":"(-16,-16,-16)","catalog_id":"EUR_TRCS172","catalog_name":"SHARE","lower_seis_depth":"(18.0,,)","net_slip_rate":"(2.1,1.0,3.1635)","slip_type":"Sinistral","upper_seis_depth":"(0.0,,)"},"geometry":{"type":"LineString","coordinates":[[35.461623,39.42414],[35.385312,39.370912],[35.309036,39.317708],[35.232792,39.264526]]}},{"type":"Feature","properties":{"average_dip":"(84.0,84,84)","average_rake":"(-16,-16,-16)","catalog_id":"EUR_TRCS173","catalog_name":"SHARE","lower_seis_depth":"(18.0,,)","net_slip_rate":"(2.1,1.0,3.164)","slip_type":"Sinistral","upper_seis_depth":"(0.0,,)"},"geometry":{"type":"LineString","coordinates":[[36.059192,39.663238],[36.116834,39.69652],[36.215183,39.749875],[36.334426,39.762746],[36.433449,39.815462],[36.545957,39.848695],[36.661655,39.874801],[36.77452,39.907505],[36.892659,39.926444],[37.010927,39.945017],[37.129728,39.961598]]}},{"type":"Feature","properties":{"average_dip":"(84.0,84,84)","average_rake":"(-16,-16,-16)","catalog_id":"EUR_TRCS174","catalog_name":"SHARE","lower_seis_depth":"(18.0,,)","net_slip_rate":"(2.1,1.0,3.164)","slip_type":"Sinistral","upper_seis_depth":"(0.0,,)"},"geometry":{"type":"LineString","coordinates":[[36.397977,39.763886],[36.489396,39.790712],[36.577273,39.827298],[36.675973,39.839589]]}},{"type":"Feature","properties":{"average_dip":"(85.0,85,85)","average_rake":"(-16,-16,-16)","catalog_id":"EUR_TRCS175","catalog_name":"SHARE","lower_seis_depth":"(18.0,,)","net_slip_rate":"(2.1,1.0,3.1635)","slip_type":"Sinistral","upper_seis_depth":"(0.0,,)"},"geometry":{"type":"LineString","coordinates":[[36.236499,39.878689],[36.129485,39.840271],[36.023916,39.799392],[35.928393,39.745952]]}},{"type":"Feature","properties":{"average_dip":"(85.0,85,85)","average_rake":"(-16,-16,-16)","catalog_id":"EUR_TRCS176","catalog_name":"SHARE","lower_seis_depth":"(18.0,,)","net_slip_rate":"(2.1,1.0,3.1635)","slip_type":"Sinistral","upper_seis_depth":"(0.0,,)"},"geometry":{"type":"LineString","coordinates":[[35.869338,39.692266],[35.791838,39.676323]]}},{"type":"Feature","properties":{"average_dip":"(85.0,85,85)","average_rake":"(-16,-16,-16)","catalog_id":"EUR_TRCS177","catalog_name":"SHARE","lower_seis_depth":"(18.0,,)","net_slip_rate":"(2.1,1.0,3.1635)","slip_type":"Sinistral","upper_seis_depth":"(0.0,,)"},"geometry":{"type":"LineString","coordinates":[[35.832207,39.711562],[35.719192,39.656169],[35.594678,39.615638]]}},{"type":"Feature","properties":{"average_dip":"(87.5,85,90)","average_rake":"(-16,-16,-16)","catalog_id":"EUR_TRCS178","catalog_name":"SHARE","lower_seis_depth":"(18.0,,)","net_slip_rate":"(2.1,1.0,3.1635)","slip_type":"Sinistral","upper_seis_depth":"(0.0,,)"},"geometry":{"type":"LineString","coordinates":[[35.65987,39.699951],[35.575973,39.662884],[35.475049,39.625829],[35.417989,39.551809],[35.332471,39.496477],[35.260658,39.430605],[35.188873,39.364759],[35.117116,39.298939]]}},{"type":"Feature","properties":{"average_dip":"(70.0,70,70)","average_rake":"(-19,-19,-19)","catalog_id":"EUR_TRCS179","catalog_name":"SHARE","lower_seis_depth":"(18.0,,)","net_slip_rate":"(1.6,1.0,2.2655)","slip_type":"Sinistral","upper_seis_depth":"(0.0,,)"},"geometry":{"type":"LineString","coordinates":[[35.138286,38.044905],[35.128864,38.130115],[35.118606,38.222887],[35.099201,38.314751],[35.075528,38.406],[35.058905,38.498207],[35.121998,38.577176],[35.185112,38.656169],[35.273549,38.718668],[35.371226,38.772221],[35.468951,38.825801],[35.566725,38.879408],[35.664548,38.933042],[35.76242,38.986703]]}},{"type":"Feature","properties":{"average_dip":"(70.0,70,70)","average_rake":"(-19,-19,-19)","catalog_id":"EUR_TRCS180","catalog_name":"SHARE","lower_seis_depth":"(18.0,,)","net_slip_rate":"(1.6,1.0,2.2655)","slip_type":"Sinistral","upper_seis_depth":"(0.0,,)"},"geometry":{"type":"LineString","coordinates":[[35.495702,38.37582],[35.459582,38.301555],[35.423468,38.227303],[35.387358,38.153061],[35.351253,38.078828]]}},{"type":"Feature","properties":{"average_dip":"(80.0,80,80)","average_rake":"(0,0,0)","catalog_id":"EUR_TRCS181","catalog_name":"SHARE","lower_seis_depth":"(18.0,,)","net_slip_rate":"(2.0,1.0,3.0)","slip_type":"Sinistral","upper_seis_depth":"(0.0,,)"},"geometry":{"type":"LineString","coordinates":[[35.905607,38.968269],[35.827491,38.909799],[35.749414,38.851358],[35.67137,38.792943],[35.59336,38.734553]]}},{"type":"Feature","properties":{"average_dip":"(85.0,85,85)","average_rake":"(0,0,0)","catalog_id":"EUR_TRCS182","catalog_name":"SHARE","lower_seis_depth":"(18.0,,)","net_slip_rate":"(2.0,1.0,3.0)","slip_type":"Sinistral","upper_seis_depth":"(0.0,,)"},"geometry":{"type":"LineString","coordinates":[[35.153811,38.81755],[35.061431,38.788585],[34.969086,38.75963],[34.876773,38.730685]]}},{"type":"Feature","properties":{"average_dip":"(85.0,85,85)","average_rake":"(0,0,0)","catalog_id":"EUR_TRCS183","catalog_name":"SHARE","lower_seis_depth":"(18.0,,)","net_slip_rate":"(2.0,1.0,3.0)","slip_type":"Sinistral","upper_seis_depth":"(0.0,,)"},"geometry":{"type":"LineString","coordinates":[[35.107896,38.891168],[35.223079,38.886507],[35.33678,38.906441]]}},{"type":"Feature","properties":{"average_dip":"(87.5,85,90)","average_rake":"(0,0,0)","catalog_id":"EUR_TRCS184","catalog_name":"SHARE","lower_seis_depth":"(18.0,,)","net_slip_rate":"(2.0,1.0,3.0)","slip_type":"Sinistral","upper_seis_depth":"(0.0,,)"},"geometry":{"type":"LineString","coordinates":[[35.291444,38.812675],[35.378244,38.86903],[35.468422,38.927577],[35.560654,38.984225],[35.659497,39.033764],[35.756765,39.085228],[35.85171,39.139321],[35.948353,39.191657],[36.021668,39.263264],[36.103218,39.329371],[36.189811,39.391588],[36.276446,39.453834]]}},{"type":"Feature","properties":{"average_dip":"(87.5,85,90)","average_rake":"(-18,-37,0)","catalog_id":"EUR_TRCS185","catalog_name":"SHARE","lower_seis_depth":"(18.0,,)","net_slip_rate":"(1.5,0.0001,3.0)","slip_type":"Sinistral","upper_seis_depth":"(0.0,,)"},"geometry":{"type":"LineString","coordinates":[[36.359013,39.442152],[36.391066,39.506535],[36.436968,39.584556],[36.529128,39.632509],[36.622885,39.67866],[36.729805,39.702558],[36.837876,39.72328],[36.935893,39.764025],[37.028336,39.811929],[37.120824,39.859856]]}},{"type":"Feature","properties":{"average_dip":"(85.0,85,85)","average_rake":"(-45,-53,-37)","catalog_id":"EUR_TRCS186","catalog_name":"SHARE","lower_seis_depth":"(10.0,,)","net_slip_rate":"(1.1,0.0001,2.2429)","slip_type":"Sinistral-Normal","upper_seis_depth":"(0.0,,)"},"geometry":{"type":"LineString","coordinates":[[36.907694,39.705476],[37.036821,39.705285],[37.131381,39.776296],[37.223158,39.849509]]}},{"type":"Feature","properties":{"average_dip":"(60.0,60,60)","average_rake":"(54,54,54)","catalog_id":"EUR_TRCS187","catalog_name":"SHARE","lower_seis_depth":"(18.0,,)","net_slip_rate":"(0.6,0.0001,1.2583)","slip_type":"Sinistral-Reverse","upper_seis_depth":"(0.0,,)"},"geometry":{"type":"LineString","coordinates":[[37.065455,39.82753],[37.141952,39.853583],[37.248815,39.889978],[37.359605,39.918745],[37.476574,39.920539],[37.592616,39.932009],[37.709444,39.927022],[37.822483,39.903913],[37.939172,39.897802],[38.053497,39.878939],[38.167793,39.860081]]}},{"type":"Feature","properties":{"average_dip":"(85.0,85,85)","average_rake":"(0,0,0)","catalog_id":"EUR_TRCS188","catalog_name":"SHARE","lower_seis_depth":"(18.0,,)","net_slip_rate":"(1.0,0.0001,2.0)","slip_type":"Sinistral","upper_seis_depth":"(0.0,,)"},"geometry":{"type":"LineString","coordinates":[[35.68204,39.10037],[35.755213,39.16269],[35.828403,39.225025],[35.901622,39.287385],[35.974871,39.34977],[36.04815,39.41218]]}},{"type":"Feature","properties":{"average_dip":"(85.0,85,85)","average_rake":"(0,0,0)","catalog_id":"EUR_TRCS189","catalog_name":"SHARE","lower_seis_depth":"(18.0,,)","net_slip_rate":"(1.0,0.0001,2.0)","slip_type":"Sinistral","upper_seis_depth":"(0.0,,)"},"geometry":{"type":"LineString","coordinates":[[35.52989,39.0178],[35.38851,38.9531]]}},{"type":"Feature","properties":{"average_dip":"(85.0,85,85)","average_rake":"(180,180,180)","catalog_id":"EUR_TRCS190","catalog_name":"SHARE","lower_seis_depth":"(18.0,,)","net_slip_rate":"(1.0,0.0001,2.0)","slip_type":"Dextral","upper_seis_depth":"(0.0,,)"},"geometry":{"type":"LineString","coordinates":[[35.414718,39.096832],[35.310956,39.130727],[35.20716,39.164632],[35.103322,39.198552],[34.999441,39.232485],[34.895518,39.266432]]}},{"type":"Feature","properties":{"average_dip":"(80.0,80,80)","average_rake":"(-150,-150,-150)","catalog_id":"EUR_TRCS191","catalog_name":"SHARE","lower_seis_depth":"(16.0,,)","net_slip_rate":"(1.5,0.0001,3.0427)","slip_type":"Dextral-Normal","upper_seis_depth":"(0.0,,)"},"geometry":{"type":"LineString","coordinates":[[32.941432,38.658897],[32.834304,38.684492],[32.730399,38.721869],[32.635391,38.771687],[32.540338,38.82153],[32.445239,38.871396],[32.35347,38.924983],[32.256114,38.97231],[32.168804,39.030346],[32.07637,39.08345],[31.982171,39.134732],[31.887926,39.186038]]}},{"type":"Feature","properties":{"average_dip":"(70.0,70,70)","average_rake":"(-146,-146,-146)","catalog_id":"EUR_TRCS192","catalog_name":"SHARE","lower_seis_depth":"(10.0,,)","net_slip_rate":"(1.6,0.0001,3.1832)","slip_type":"Dextral-Normal","upper_seis_depth":"(0.0,,)"},"geometry":{"type":"LineString","coordinates":[[32.407887,38.86846],[32.309523,38.893277],[32.213273,38.932482],[32.169394,39.009827]]}},{"type":"Feature","properties":{"average_dip":"(70.0,70,70)","average_rake":"(-149,-149,-149)","catalog_id":"EUR_TRCS193","catalog_name":"SHARE","lower_seis_depth":"(16.0,,)","net_slip_rate":"(1.5,0.0001,3.0468)","slip_type":"Dextral-Normal","upper_seis_depth":"(0.0,,)"},"geometry":{"type":"LineString","coordinates":[[32.84538,38.76466],[32.813898,38.78541],[32.743172,38.85249],[32.656308,38.906932],[32.586013,38.974366],[32.495053,39.024757],[32.40405,39.075172],[32.321148,39.133465],[32.241429,39.194423],[32.161404,39.255194],[32.087319,39.320374],[32.02311,39.39159]]}},{"type":"Feature","properties":{"average_dip":"(80.0,80,80)","average_rake":"(180,180,180)","catalog_id":"EUR_TRCS194","catalog_name":"SHARE","lower_seis_depth":"(16.0,,)","net_slip_rate":"(1.5,0.0001,3.0)","slip_type":"Dextral","upper_seis_depth":"(0.0,,)"},"geometry":{"type":"LineString","coordinates":[[32.981385,38.845585],[32.953773,38.884548],[32.897083,38.964544],[32.802735,39.019011],[32.704134,39.068813],[32.623883,39.135643],[32.543201,39.202213],[32.45012,39.2583],[32.356992,39.314415],[32.263817,39.370558],[32.170596,39.42673],[32.077327,39.48293]]}},{"type":"Feature","properties":{"average_dip":"(70.0,70,70)","average_rake":"(-146,-146,-146)","catalog_id":"EUR_TRCS195","catalog_name":"SHARE","lower_seis_depth":"(15.0,,)","net_slip_rate":"(1.6,0.0001,3.1832)","slip_type":"Dextral-Normal","upper_seis_depth":"(0.0,,)"},"geometry":{"type":"LineString","coordinates":[[32.031138,39.252012],[31.936147,39.366239],[31.839818,39.411511],[31.763716,39.475839],[31.663601,39.516132],[31.609282,39.592539],[31.500543,39.616487],[31.395249,39.648362],[31.282118,39.650491],[31.168957,39.651318],[31.055835,39.648917],[30.948433,39.676416],[30.842699,39.707609]]}},{"type":"Feature","properties":{"average_dip":"(70.0,70,70)","average_rake":"(-146,-146,-146)","catalog_id":"EUR_TRCS196","catalog_name":"SHARE","lower_seis_depth":"(15.0,,)","net_slip_rate":"(1.6,0.0001,3.1832)","slip_type":"Dextral-Normal","upper_seis_depth":"(0.0,,)"},"geometry":{"type":"LineString","coordinates":[[31.797081,39.292367],[31.705834,39.338145],[31.602177,39.390148],[31.498465,39.442179],[31.384025,39.478505],[31.269242,39.514302],[31.15452,39.550324],[31.039747,39.586363],[30.924923,39.622417]]}},{"type":"Feature","properties":{"average_dip":"(65.0,60,70)","average_rake":"(-138,-146,-130)","catalog_id":"EUR_TRCS197","catalog_name":"SHARE","lower_seis_depth":"(15.0,,)","net_slip_rate":"(1.6,0.0001,3.1832)","slip_type":"Dextral-Normal","upper_seis_depth":"(0.0,,)"},"geometry":{"type":"LineString","coordinates":[[31.211465,39.875671],[31.093676,39.905952],[30.973006,39.936972],[30.85206,39.906584],[30.737855,39.8636]]}},{"type":"Feature","properties":{"average_dip":"(56.0,56,56)","average_rake":"(-137,-145,-130)","catalog_id":"EUR_TRCS198","catalog_name":"SHARE","lower_seis_depth":"(15.0,,)","net_slip_rate":"(1.6,0.0001,3.2334)","slip_type":"Dextral-Normal","upper_seis_depth":"(0.0,,)"},"geometry":{"type":"LineString","coordinates":[[30.727258,39.81731],[30.602254,39.851829],[30.471048,39.876612],[30.340215,39.850701]]}},{"type":"Feature","properties":{"average_dip":"(70.0,70,70)","average_rake":"(-146,-146,-146)","catalog_id":"EUR_TRCS199","catalog_name":"SHARE","lower_seis_depth":"(15.0,,)","net_slip_rate":"(1.6,0.0001,3.1832)","slip_type":"Dextral-Normal","upper_seis_depth":"(0.0,,)"},"geometry":{"type":"LineString","coordinates":[[30.712493,39.668302],[30.622471,39.700738],[30.524751,39.731559],[30.420987,39.746851],[30.322949,39.777199],[30.224873,39.807559]]}},{"type":"Feature","properties":{"average_dip":"(70.0,70,70)","average_rake":"(-146,-146,-146)","catalog_id":"EUR_TRCS200","catalog_name":"SHARE","lower_seis_depth":"(15.0,,)","net_slip_rate":"(1.6,0.0001,3.1832)","slip_type":"Dextral-Normal","upper_seis_depth":"(0.0,,)"},"geometry":{"type":"LineString","coordinates":[[29.979502,39.917039],[30.087517,39.898101],[30.195496,39.879168],[30.303447,39.860241]]}},{"type":"Feature","properties":{"average_dip":"(70.0,70,70)","average_rake":"(-146,-146,-146)","catalog_id":"EUR_TRCS201","catalog_name":"SHARE","lower_seis_depth":"(15.0,,)","net_slip_rate":"(1.6,0.0001,3.1832)","slip_type":"Dextral-Normal","upper_seis_depth":"(0.0,,)"},"geometry":{"type":"LineString","coordinates":[[30.077573,39.812599],[30.245842,39.814747]]}},{"type":"Feature","properties":{"average_dip":"(72.5,70,75)","average_rake":"(-144,-146,-142)","catalog_id":"EUR_TRCS202","catalog_name":"SHARE","lower_seis_depth":"(13.0,,)","net_slip_rate":"(1.6,0.0001,3.1736)","slip_type":"Dextral-Normal","upper_seis_depth":"(0.0,,)"},"geometry":{"type":"LineString","coordinates":[[30.06152,39.854308],[30.022866,39.860083],[29.915017,39.88797],[29.803175,39.904275],[29.696162,39.934157],[29.601781,39.983098],[29.502813,40.026477],[29.417571,40.084542],[29.32326,40.133793],[29.217282,40.16646]]}},{"type":"Feature","properties":{"average_dip":"(40.0,40,40)","average_rake":"(-68,-68,-68)","catalog_id":"EUR_TRCS203","catalog_name":"SHARE","lower_seis_depth":"(15.0,,)","net_slip_rate":"None","slip_type":"Normal","upper_seis_depth":"(0.0,,)"},"geometry":{"type":"LineString","coordinates":[[32.255204,37.749425],[32.170592,37.803361],[32.08563,37.85752],[32.00063,37.911704],[31.915592,37.965912],[31.830515,38.020144],[31.7454,38.074401],[31.660247,38.128681],[31.580278,38.187691],[31.512017,38.255219],[31.443732,38.322771],[31.375422,38.390347]]}},{"type":"Feature","properties":{"average_dip":"(40.0,40,40)","average_rake":"(-68,-68,-68)","catalog_id":"EUR_TRCS204","catalog_name":"SHARE","lower_seis_depth":"(15.0,,)","net_slip_rate":"None","slip_type":"Normal","upper_seis_depth":"(0.0,,)"},"geometry":{"type":"LineString","coordinates":[[31.366823,38.408083],[31.27861,38.476969],[31.186415,38.543464],[31.073959,38.586991]]}},{"type":"Feature","properties":{"average_dip":"(54.0,54,54)","average_rake":"(-51,-51,-51)","catalog_id":"EUR_TRCS205","catalog_name":"SHARE","lower_seis_depth":"(15.0,,)","net_slip_rate":"None","slip_type":"Sinistral-Normal","upper_seis_depth":"(0.0,,)"},"geometry":{"type":"LineString","coordinates":[[31.073317,38.585603],[30.936827,38.597362],[30.800322,38.609122]]}},{"type":"Feature","properties":{"average_dip":"(50.0,50,50)","average_rake":"(-140,-140,-140)","catalog_id":"EUR_TRCS206","catalog_name":"SHARE","lower_seis_depth":"(15.0,,)","net_slip_rate":"None","slip_type":"Dextral-Normal","upper_seis_depth":"(0.0,,)"},"geometry":{"type":"LineString","coordinates":[[30.334304,38.710069],[30.23504,38.7178],[30.12719,38.726199],[30.019032,38.73182],[29.920035,38.766316],[29.820998,38.800826]]}},{"type":"Feature","properties":{"average_dip":"(50.0,50,50)","average_rake":"(-140,-140,-140)","catalog_id":"EUR_TRCS207","catalog_name":"SHARE","lower_seis_depth":"(15.0,,)","net_slip_rate":"None","slip_type":"Dextral-Normal","upper_seis_depth":"(0.0,,)"},"geometry":{"type":"LineString","coordinates":[[29.770108,38.786571],[29.662036,38.815179],[29.562668,38.85958],[29.479808,38.921246]]}},{"type":"Feature","properties":{"average_dip":"(52.0,52,52)","average_rake":"(-90,-90,-90)","catalog_id":"EUR_TRCS208","catalog_name":"SHARE","lower_seis_depth":"(15.0,,)","net_slip_rate":"None","slip_type":"Normal","upper_seis_depth":"(0.0,,)"},"geometry":{"type":"LineString","coordinates":[[29.660965,38.995625],[29.558862,38.969123],[29.448206,38.940402],[29.33166,38.943985],[29.226594,38.983432],[29.12148,39.022897],[29.016318,39.062379],[28.911108,39.101879]]}},{"type":"Feature","properties":{"average_dip":"(56.0,56,56)","average_rake":"(-90,-90,-90)","catalog_id":"EUR_TRCS209","catalog_name":"SHARE","lower_seis_depth":"(15.0,,)","net_slip_rate":"None","slip_type":"Normal","upper_seis_depth":"(0.0,,)"},"geometry":{"type":"LineString","coordinates":[[28.420788,39.18864],[28.542098,39.168706],[28.663372,39.148778],[28.784612,39.128855],[28.90582,39.108938]]}},{"type":"Feature","properties":{"average_dip":"(50.0,50,50)","average_rake":"(-95,-95,-95)","catalog_id":"EUR_TRCS210","catalog_name":"SHARE","lower_seis_depth":"(15.0,,)","net_slip_rate":"(5.0,4.9605,5.0246)","slip_type":"Normal","upper_seis_depth":"(0.0,,)"},"geometry":{"type":"LineString","coordinates":[[28.023449,39.264565],[28.126545,39.225212],[28.229588,39.18588],[28.332585,39.146565]]}},{"type":"Feature","properties":{"average_dip":"(50.0,50,50)","average_rake":"(-90,-90,-90)","catalog_id":"EUR_TRCS211","catalog_name":"SHARE","lower_seis_depth":"(15.0,,)","net_slip_rate":"(0.7,0.0001,1.3054)","slip_type":"Normal","upper_seis_depth":"(0.0,,)"},"geometry":{"type":"LineString","coordinates":[[31.59987,38.38352],[31.632659,38.469687],[31.694125,38.567794]]}},{"type":"Feature","properties":{"average_dip":"(50.0,50,50)","average_rake":"(-104,-118,-90)","catalog_id":"EUR_TRCS212","catalog_name":"SHARE","lower_seis_depth":"(10.0,,)","net_slip_rate":"(0.7,0.0001,1.3092)","slip_type":"Normal","upper_seis_depth":"(0.0,,)"},"geometry":{"type":"LineString","coordinates":[[31.589861,38.67457],[31.510488,38.632086],[31.413677,38.596342],[31.328453,38.647001]]}},{"type":"Feature","properties":{"average_dip":"(50.0,50,50)","average_rake":"(-90,-90,-90)","catalog_id":"EUR_TRCS213","catalog_name":"SHARE","lower_seis_depth":"(10.0,,)","net_slip_rate":"(0.7,0.0001,1.3054)","slip_type":"Normal","upper_seis_depth":"(0.0,,)"},"geometry":{"type":"LineString","coordinates":[[31.328453,38.647001],[31.387913,38.717393],[31.438119,38.793447],[31.461093,38.877095],[31.484067,38.960748]]}},{"type":"Feature","properties":{"average_dip":"(70.0,70,70)","average_rake":"(-16,-16,-16)","catalog_id":"EUR_TRCS214","catalog_name":"SHARE","lower_seis_depth":"(20.0,,)","net_slip_rate":"(2.1,1.0,3.1832)","slip_type":"Sinistral","upper_seis_depth":"(0.0,,)"},"geometry":{"type":"LineString","coordinates":[[43.936689,38.403067],[43.939996,38.320136],[43.913501,38.235054],[43.849404,38.163399],[43.785329,38.091767]]}},{"type":"Feature","properties":{"average_dip":"(50.0,50,50)","average_rake":"(-90,-90,-90)","catalog_id":"EUR_TRCS215","catalog_name":"SHARE","lower_seis_depth":"(10.0,,)","net_slip_rate":"(0.7,0.0001,1.3054)","slip_type":"Normal","upper_seis_depth":"(0.0,,)"},"geometry":{"type":"LineString","coordinates":[[31.211038,38.718428],[31.277882,38.793003],[31.344749,38.867601]]}},{"type":"Feature","properties":{"average_dip":"(50.0,50,50)","average_rake":"(-104,-118,-90)","catalog_id":"EUR_TRCS216","catalog_name":"SHARE","lower_seis_depth":"(10.0,,)","net_slip_rate":"(0.7,0.0001,1.3092)","slip_type":"Normal","upper_seis_depth":"(0.0,,)"},"geometry":{"type":"LineString","coordinates":[[31.211038,38.718428],[31.099367,38.775564],[31.03033,38.869139]]}},{"type":"Feature","properties":{"average_dip":"(50.0,50,50)","average_rake":"(-90,-90,-90)","catalog_id":"EUR_TRCS217","catalog_name":"SHARE","lower_seis_depth":"(10.0,,)","net_slip_rate":"(0.7,0.0001,1.3054)","slip_type":"Normal","upper_seis_depth":"(0.0,,)"},"geometry":{"type":"LineString","coordinates":[[30.905416,39.016974],[30.923631,38.940202],[30.969484,38.861442],[31.014061,38.782256],[30.98967,38.697908]]}},{"type":"Feature","properties":{"average_dip":"(50.0,50,50)","average_rake":"(-125,-125,-125)","catalog_id":"EUR_TRCS218","catalog_name":"SHARE","lower_seis_depth":"(10.0,,)","net_slip_rate":"(0.7,0.0001,1.3979)","slip_type":"Dextral-Normal","upper_seis_depth":"(0.0,,)"},"geometry":{"type":"LineString","coordinates":[[30.980671,38.692439],[30.850874,38.730225]]}},{"type":"Feature","properties":{"average_dip":"(50.0,50,50)","average_rake":"(-125,-125,-125)","catalog_id":"EUR_TRCS219","catalog_name":"SHARE","lower_seis_depth":"(8.0,,)","net_slip_rate":"(0.7,0.0001,1.3979)","slip_type":"Dextral-Normal","upper_seis_depth":"(0.0,,)"},"geometry":{"type":"LineString","coordinates":[[30.826131,38.713168],[30.733577,38.736072],[30.62746,38.759655]]}},{"type":"Feature","properties":{"average_dip":"(50.0,50,50)","average_rake":"(-90,-90,-90)","catalog_id":"EUR_TRCS221","catalog_name":"SHARE","lower_seis_depth":"(10.0,,)","net_slip_rate":"(0.7,0.0001,1.3054)","slip_type":"Normal","upper_seis_depth":"(0.0,,)"},"geometry":{"type":"LineString","coordinates":[[30.621802,38.91532],[30.660984,38.858915]]}},{"type":"Feature","properties":{"average_dip":"(50.0,50,50)","average_rake":"(-90,-90,-90)","catalog_id":"EUR_TRCS222","catalog_name":"SHARE","lower_seis_depth":"(10.0,,)","net_slip_rate":"(0.7,0.0001,1.3054)","slip_type":"Normal","upper_seis_depth":"(0.0,,)"},"geometry":{"type":"LineString","coordinates":[[30.5068,38.923844],[30.586021,38.859753]]}},{"type":"Feature","properties":{"average_dip":"(50.0,50,50)","average_rake":"(-116,-116,-116)","catalog_id":"EUR_TRCS223","catalog_name":"SHARE","lower_seis_depth":"(12.0,,)","net_slip_rate":"None","slip_type":"Dextral-Normal","upper_seis_depth":"(0.0,,)"},"geometry":{"type":"LineString","coordinates":[[30.419456,38.818091],[30.485664,38.760445],[30.557618,38.706789],[30.635672,38.658654]]}},{"type":"Feature","properties":{"average_dip":"(50.0,50,50)","average_rake":"(-116,-116,-116)","catalog_id":"EUR_TRCS224","catalog_name":"SHARE","lower_seis_depth":"(12.0,,)","net_slip_rate":"None","slip_type":"Dextral-Normal","upper_seis_depth":"(0.0,,)"},"geometry":{"type":"LineString","coordinates":[[30.667973,38.706047],[30.795761,38.646038]]}},{"type":"Feature","properties":{"average_dip":"(50.0,50,50)","average_rake":"(-90,-90,-90)","catalog_id":"EUR_TRCS225","catalog_name":"SHARE","lower_seis_depth":"(8.0,,)","net_slip_rate":"(0.7,0.0001,1.3054)","slip_type":"Normal","upper_seis_depth":"(0.0,,)"},"geometry":{"type":"LineString","coordinates":[[30.363209,38.829651],[30.385959,38.88921]]}},{"type":"Feature","properties":{"average_dip":"(50.0,50,50)","average_rake":"(-125,-125,-125)","catalog_id":"EUR_TRCS226","catalog_name":"SHARE","lower_seis_depth":"(10.0,,)","net_slip_rate":"(0.7,0.0001,1.3979)","slip_type":"Dextral-Normal","upper_seis_depth":"(0.0,,)"},"geometry":{"type":"LineString","coordinates":[[30.352296,38.817961],[30.252069,38.831311],[30.146376,38.8847],[30.040627,38.938117]]}},{"type":"Feature","properties":{"average_dip":"(50.0,50,50)","average_rake":"(-125,-125,-125)","catalog_id":"EUR_TRCS227","catalog_name":"SHARE","lower_seis_depth":"(8.0,,)","net_slip_rate":"(0.7,0.0001,1.3979)","slip_type":"Dextral-Normal","upper_seis_depth":"(0.0,,)"},"geometry":{"type":"LineString","coordinates":[[29.949682,38.951456],[29.836486,38.972293],[29.723266,38.993133]]}},{"type":"Feature","properties":{"average_dip":"(50.0,50,50)","average_rake":"(-125,-125,-125)","catalog_id":"EUR_TRCS228","catalog_name":"SHARE","lower_seis_depth":"(8.0,,)","net_slip_rate":"(0.7,0.0001,1.3979)","slip_type":"Dextral-Normal","upper_seis_depth":"(0.0,,)"},"geometry":{"type":"LineString","coordinates":[[29.396042,39.078365],[29.51114,39.045934]]}},{"type":"Feature","properties":{"average_dip":"(50.0,50,50)","average_rake":"(-90,-90,-90)","catalog_id":"EUR_TRCS229","catalog_name":"SHARE","lower_seis_depth":"(8.0,,)","net_slip_rate":"(0.7,0.0001,1.3054)","slip_type":"Normal","upper_seis_depth":"(0.0,,)"},"geometry":{"type":"LineString","coordinates":[[29.319087,39.003421],[29.360585,39.043173]]}},{"type":"Feature","properties":{"average_dip":"(40.0,40,40)","average_rake":"(-56,-56,-56)","catalog_id":"EUR_TRCS230","catalog_name":"SHARE","lower_seis_depth":"(10.0,,)","net_slip_rate":"(0.8,0.0001,1.6341)","slip_type":"Sinistral-Normal","upper_seis_depth":"(0.0,,)"},"geometry":{"type":"LineString","coordinates":[[28.739669,39.163254],[28.81697,39.20113]]}},{"type":"Feature","properties":{"average_dip":"(40.0,40,40)","average_rake":"(-118,-118,-118)","catalog_id":"EUR_TRCS231","catalog_name":"SHARE","lower_seis_depth":"(10.0,,)","net_slip_rate":"(0.8,0.0001,1.5589)","slip_type":"Dextral-Normal","upper_seis_depth":"(0.0,,)"},"geometry":{"type":"LineString","coordinates":[[28.070327,39.336419],[28.164124,39.308296],[28.257883,39.280185],[28.351609,39.252083]]}},{"type":"Feature","properties":{"average_dip":"(70.0,70,70)","average_rake":"(-146,-146,-146)","catalog_id":"EUR_TRCS232","catalog_name":"SHARE","lower_seis_depth":"(15.0,,)","net_slip_rate":"(1.6,0.0001,3.1832)","slip_type":"Dextral-Normal","upper_seis_depth":"(0.0,,)"},"geometry":{"type":"LineString","coordinates":[[28.163514,39.668258],[28.162,39.598244],[28.157554,39.505115],[28.100308,39.423071],[28.052346,39.337573],[27.990121,39.257787],[27.957908,39.168002],[27.891994,39.090091],[27.823265,39.013696],[27.835222,38.92097],[27.753898,38.852578],[27.67261,38.784217]]}},{"type":"Feature","properties":{"average_dip":"(70.0,70,70)","average_rake":"(180,180,180)","catalog_id":"EUR_TRCS233","catalog_name":"SHARE","lower_seis_depth":"(15.0,,)","net_slip_rate":"(2.0,2.0,2.0)","slip_type":"Dextral","upper_seis_depth":"(0.0,,)"},"geometry":{"type":"LineString","coordinates":[[27.682032,39.43613],[27.780876,39.490672],[27.879745,39.545227],[27.978665,39.59981],[28.077637,39.654422],[28.17666,39.709063],[28.275736,39.763732],[28.374863,39.81843]]}},{"type":"Feature","properties":{"average_dip":"(70.0,70,70)","average_rake":"(-166,-166,-166)","catalog_id":"EUR_TRCS234","catalog_name":"SHARE","lower_seis_depth":"(15.0,,)","net_slip_rate":"(2.1,2.0,2.2655)","slip_type":"Dextral","upper_seis_depth":"(0.0,,)"},"geometry":{"type":"LineString","coordinates":[[27.867323,39.624878],[27.759243,39.622199],[27.651172,39.619521],[27.543105,39.616842]]}},{"type":"Feature","properties":{"average_dip":"(40.0,40,40)","average_rake":"(-60,-62,-59)","catalog_id":"EUR_TRCS235","catalog_name":"SHARE","lower_seis_depth":"(12.0,,)","net_slip_rate":"(0.8,0.0001,1.5844)","slip_type":"Sinistral-Normal","upper_seis_depth":"(0.0,,)"},"geometry":{"type":"LineString","coordinates":[[32.283761,37.732347],[32.340486,37.805786],[32.398204,37.880511],[32.455938,37.955257],[32.513688,38.030024],[32.59332,38.0911],[32.643876,38.169077],[32.694442,38.247072],[32.74502,38.325083],[32.795609,38.403111],[32.846209,38.481157],[32.89682,38.559219],[32.947442,38.637298],[32.998075,38.715395]]}},{"type":"Feature","properties":{"average_dip":"(55.0,55,55)","average_rake":"(-29,-29,-29)","catalog_id":"EUR_TRCS236","catalog_name":"SHARE","lower_seis_depth":"(12.0,,)","net_slip_rate":"(0.5,0.0001,1.0074)","slip_type":"Sinistral-Normal","upper_seis_depth":"(0.0,,)"},"geometry":{"type":"LineString","coordinates":[[33.08911,38.93714],[33.097215,39.022854],[33.105922,39.114937],[33.132687,39.204908],[33.165392,39.293698],[33.207492,39.380095],[33.249312,39.466588],[33.291139,39.553095],[33.333413,39.639488],[33.378304,39.725114],[33.423203,39.810755],[33.46811,39.89641]]}},{"type":"Feature","properties":{"average_dip":"(60.0,60,60)","average_rake":"(0,0,0)","catalog_id":"EUR_TRCS237","catalog_name":"SHARE","lower_seis_depth":"(12.0,,)","net_slip_rate":"(0.5,0.0001,1.0)","slip_type":"Sinistral","upper_seis_depth":"(0.0,,)"},"geometry":{"type":"LineString","coordinates":[[32.74757,39.81887],[32.743088,39.728205],[32.738607,39.637554],[32.734125,39.546903],[32.729644,39.456252],[32.725163,39.365601],[32.720681,39.27495],[32.7162,39.1843]]}},{"type":"Feature","properties":{"average_dip":"(70.0,70,70)","average_rake":"(-38,-38,-38)","catalog_id":"EUR_TRCS238","catalog_name":"SHARE","lower_seis_depth":"(15.0,,)","net_slip_rate":"(0.6,0.0001,1.1327)","slip_type":"Sinistral-Normal","upper_seis_depth":"(0.0,,)"},"geometry":{"type":"LineString","coordinates":[[32.917012,40.263043],[32.825159,40.202201],[32.732428,40.140777],[32.639745,40.079385],[32.565355,40.004888],[32.500909,39.925178],[32.436484,39.845494],[32.37208,39.765835]]}},{"type":"Feature","properties":{"average_dip":"(70.0,70,70)","average_rake":"(-38,-38,-38)","catalog_id":"EUR_TRCS239","catalog_name":"SHARE","lower_seis_depth":"(15.0,,)","net_slip_rate":"(0.6,0.0001,1.1327)","slip_type":"Sinistral-Normal","upper_seis_depth":"(0.0,,)"},"geometry":{"type":"LineString","coordinates":[[32.10681,39.60991],[32.168175,39.682962],[32.229542,39.756017],[32.290929,39.829095],[32.352334,39.902195],[32.413759,39.975318],[32.475203,40.048464],[32.536666,40.121633],[32.598148,40.194825],[32.65965,40.26804]]}},{"type":"Feature","properties":{"average_dip":"(80.0,80,80)","average_rake":"(0,0,0)","catalog_id":"EUR_TRCS240","catalog_name":"SHARE","lower_seis_depth":"(15.0,,)","net_slip_rate":"(0.5,0.0001,1.0)","slip_type":"Sinistral","upper_seis_depth":"(0.0,,)"},"geometry":{"type":"LineString","coordinates":[[32.789209,40.556526],[32.711939,40.493664],[32.633733,40.43004],[32.549135,40.371408],[32.449037,40.329349],[32.348986,40.287311],[32.248984,40.245292],[32.144885,40.209633],[32.037567,40.180167],[31.930291,40.150712],[31.823056,40.121268],[31.715862,40.091836],[31.60871,40.062415]]}},{"type":"Feature","properties":{"average_dip":"(70.0,70,70)","average_rake":"(-38,-38,-38)","catalog_id":"EUR_TRCS241","catalog_name":"SHARE","lower_seis_depth":"(15.0,,)","net_slip_rate":"(0.6,0.0001,1.1327)","slip_type":"Sinistral-Normal","upper_seis_depth":"(0.0,,)"},"geometry":{"type":"LineString","coordinates":[[32.265531,40.394681],[32.380231,40.388706],[32.494919,40.38273]]}},{"type":"Feature","properties":{"average_dip":"(70.0,70,70)","average_rake":"(-38,-38,-38)","catalog_id":"EUR_TRCS242","catalog_name":"SHARE","lower_seis_depth":"(15.0,,)","net_slip_rate":"(0.6,0.0001,1.1327)","slip_type":"Sinistral-Normal","upper_seis_depth":"(0.0,,)"},"geometry":{"type":"LineString","coordinates":[[31.994023,40.308773],[32.101983,40.295557],[32.20992,40.282346]]}},{"type":"Feature","properties":{"average_dip":"(87.0,84,90)","average_rake":"(-176,-176,-176)","catalog_id":"EUR_TRCS243","catalog_name":"SHARE","lower_seis_depth":"(12.0,,)","net_slip_rate":"(1.5,1.0,2.0101)","slip_type":"Dextral","upper_seis_depth":"(0.0,,)"},"geometry":{"type":"LineString","coordinates":[[32.31478,39.83104],[32.338933,39.754379],[32.377631,39.668742],[32.422076,39.584789],[32.467841,39.501276],[32.50433,39.4151]]}},{"type":"Feature","properties":{"average_dip":"(77.0,77,77)","average_rake":"(0,0,0)","catalog_id":"EUR_TRCS244","catalog_name":"SHARE","lower_seis_depth":"(12.0,,)","net_slip_rate":"(0.5,0.0001,1.0)","slip_type":"Sinistral","upper_seis_depth":"(0.0,,)"},"geometry":{"type":"LineString","coordinates":[[32.9755,40.00479],[33.017632,40.09253],[33.059768,40.180278],[33.10191,40.26804]]}},{"type":"Feature","properties":{"average_dip":"(70.0,70,70)","average_rake":"(-38,-38,-38)","catalog_id":"EUR_TRCS245","catalog_name":"SHARE","lower_seis_depth":"(15.0,,)","net_slip_rate":"(0.6,0.0001,1.1327)","slip_type":"Sinistral-Normal","upper_seis_depth":"(0.0,,)"},"geometry":{"type":"LineString","coordinates":[[33.439188,40.349504],[33.421428,40.280009],[33.397527,40.186486],[33.414787,40.092117],[33.447697,40.000224],[33.371864,39.924721]]}},{"type":"Feature","properties":{"average_dip":"(70.0,70,70)","average_rake":"(-38,-38,-38)","catalog_id":"EUR_TRCS246","catalog_name":"SHARE","lower_seis_depth":"(15.0,,)","net_slip_rate":"(0.6,0.0001,1.1327)","slip_type":"Sinistral-Normal","upper_seis_depth":"(0.0,,)"},"geometry":{"type":"LineString","coordinates":[[34.05095,40.38387],[33.958446,40.317855],[33.865996,40.251877],[33.773593,40.185934],[33.681238,40.120025],[33.58893,40.05415]]}},{"type":"Feature","properties":{"average_dip":"(87.0,87,87)","average_rake":"(174,174,174)","catalog_id":"EUR_TRCS247","catalog_name":"SHARE","lower_seis_depth":"(15.0,,)","net_slip_rate":"(1.5,1.0,2.0224)","slip_type":"Dextral","upper_seis_depth":"(0.0,,)"},"geometry":{"type":"LineString","coordinates":[[33.481616,39.774789],[33.557936,39.709573],[33.636127,39.642757],[33.718012,39.578679],[33.817086,39.531237],[33.912429,39.479523],[34.007725,39.427835],[34.095921,39.369177],[34.175062,39.303304],[34.254168,39.237459],[34.333241,39.171643],[34.41741,39.109806],[34.51939,39.067142],[34.626593,39.03316],[34.733751,38.999192],[34.840865,38.965237],[34.947935,38.931297]]}},{"type":"Feature","properties":{"average_dip":"(75.0,70,80)","average_rake":"(14,180,-151)","catalog_id":"EUR_TRCS248","catalog_name":"SHARE","lower_seis_depth":"(12.0,,)","net_slip_rate":"(0.5,0.0001,1.0056)","slip_type":"Sinistral","upper_seis_depth":"(0.0,,)"},"geometry":{"type":"LineString","coordinates":[[33.595633,39.753618],[33.620794,39.672611]]}},{"type":"Feature","properties":{"average_dip":"(66.0,66,66)","average_rake":"(-142,-142,-142)","catalog_id":"EUR_TRCS249","catalog_name":"SHARE","lower_seis_depth":"(15.0,,)","net_slip_rate":"(0.6,0.0001,1.14)","slip_type":"Dextral-Normal","upper_seis_depth":"(0.0,,)"},"geometry":{"type":"LineString","coordinates":[[33.266897,39.38977],[33.289669,39.319031],[33.312439,39.248296]]}},{"type":"Feature","properties":{"average_dip":"(70.0,70,70)","average_rake":"(-29,-29,-29)","catalog_id":"EUR_TRCS250","catalog_name":"SHARE","lower_seis_depth":"(15.0,,)","net_slip_rate":"(0.5,0.0001,1.0056)","slip_type":"Sinistral-Normal","upper_seis_depth":"(0.0,,)"},"geometry":{"type":"LineString","coordinates":[[33.472294,39.871665],[33.442228,39.791101],[33.412164,39.710544],[33.382103,39.629994],[33.352045,39.549452],[33.321989,39.468917],[33.291937,39.388389]]}},{"type":"Feature","properties":{"average_dip":"(66.0,66,66)","average_rake":"(-175,-175,-175)","catalog_id":"EUR_TRCS251","catalog_name":"SHARE","lower_seis_depth":"(15.0,,)","net_slip_rate":"(1.5,1.0,2.0119)","slip_type":"Dextral","upper_seis_depth":"(0.0,,)"},"geometry":{"type":"LineString","coordinates":[[33.19276,39.19917],[33.252805,39.132585],[33.322842,39.072]]}},{"type":"Feature","properties":{"average_dip":"(87.0,87,87)","average_rake":"(0,0,0)","catalog_id":"EUR_TRCS252","catalog_name":"SHARE","lower_seis_depth":"(15.0,,)","net_slip_rate":"(0.5,0.0001,1.0)","slip_type":"Sinistral","upper_seis_depth":"(0.0,,)"},"geometry":{"type":"LineString","coordinates":[[33.261547,39.645311],[33.228708,39.567603],[33.195874,39.489905],[33.163044,39.412215]]}},{"type":"Feature","properties":{"average_dip":"(87.0,87,87)","average_rake":"(-29,-29,-29)","catalog_id":"EUR_TRCS253","catalog_name":"SHARE","lower_seis_depth":"(12.0,,)","net_slip_rate":"(0.5,0.0001,1.005)","slip_type":"Sinistral-Normal","upper_seis_depth":"(0.0,,)"},"geometry":{"type":"LineString","coordinates":[[33.300306,39.922547],[33.28068,39.837071],[33.258898,39.751837],[33.194728,39.680366],[33.130316,39.609058],[33.065926,39.537773]]}},{"type":"Feature","properties":{"average_dip":"(80.0,80,80)","average_rake":"(0,0,0)","catalog_id":"EUR_TRCS254","catalog_name":"SHARE","lower_seis_depth":"(12.0,,)","net_slip_rate":"(0.5,0.0001,1.0)","slip_type":"Sinistral","upper_seis_depth":"(0.0,,)"},"geometry":{"type":"LineString","coordinates":[[32.53975,39.85157],[32.654614,39.900447],[32.76954,39.94935]]}},{"type":"Feature","properties":{"average_dip":"(50.0,50,50)","average_rake":"(-90,-90,-90)","catalog_id":"EUR_TRCS255","catalog_name":"SHARE","lower_seis_depth":"(15.0,,)","net_slip_rate":"(1.3,0.0001,2.6108)","slip_type":"Normal","upper_seis_depth":"(0.0,,)"},"geometry":{"type":"LineString","coordinates":[[31.765579,37.678654],[31.757553,37.686734],[31.689757,37.75498],[31.621937,37.823251],[31.554093,37.891545],[31.486225,37.959864],[31.418333,38.028208],[31.428105,38.114662],[31.328943,38.152739],[31.229739,38.190832],[31.219919,38.277284],[31.158627,38.349535],[31.109627,38.427368],[31.041498,38.495835]]}},{"type":"Feature","properties":{"average_dip":"(50.0,50,50)","average_rake":"(-90,-90,-90)","catalog_id":"EUR_TRCS256","catalog_name":"SHARE","lower_seis_depth":"(10.0,,)","net_slip_rate":"(1.3,0.0001,2.6108)","slip_type":"Normal","upper_seis_depth":"(0.0,,)"},"geometry":{"type":"LineString","coordinates":[[31.421781,37.689961],[31.417751,37.782239],[31.356851,37.863741],[31.286406,37.940342],[31.215936,38.016971],[31.145441,38.093627]]}},{"type":"Feature","properties":{"average_dip":"(50.0,50,50)","average_rake":"(-90,-90,-90)","catalog_id":"EUR_TRCS257","catalog_name":"SHARE","lower_seis_depth":"(10.0,,)","net_slip_rate":"(1.3,0.0001,2.6108)","slip_type":"Normal","upper_seis_depth":"(0.0,,)"},"geometry":{"type":"LineString","coordinates":[[31.55743,37.612239],[31.671539,37.640008],[31.784142,37.67516],[31.875486,37.738092]]}},{"type":"Feature","properties":{"average_dip":"(85.0,80,90)","average_rake":"(180,180,180)","catalog_id":"EUR_TRCS258","catalog_name":"SHARE","lower_seis_depth":"(10.0,,)","net_slip_rate":"(1.0,0.0001,2.0)","slip_type":"Dextral","upper_seis_depth":"(0.0,,)"},"geometry":{"type":"LineString","coordinates":[[31.650349,37.628359],[31.705878,37.554931],[31.764714,37.477151],[31.837983,37.407556],[31.921537,37.345757],[32.005039,37.283973],[32.102316,37.236718],[32.179374,37.169934],[32.246097,37.096463],[32.312798,37.023016],[32.379476,36.949593],[32.465963,36.890888],[32.555813,36.835575],[32.645622,36.780286],[32.73539,36.725023],[32.825117,36.669785]]}},{"type":"Feature","properties":{"average_dip":"(60.0,60,60)","average_rake":"(-57,-57,-57)","catalog_id":"EUR_TRCS259","catalog_name":"SHARE","lower_seis_depth":"(10.0,,)","net_slip_rate":"(0.9,0.0001,1.8028)","slip_type":"Sinistral-Normal","upper_seis_depth":"(0.0,,)"},"geometry":{"type":"LineString","coordinates":[[31.958262,37.67602],[31.914922,37.595298],[31.87159,37.514589]]}},{"type":"Feature","properties":{"average_dip":"(50.0,50,50)","average_rake":"(-90,-90,-90)","catalog_id":"EUR_TRCS260","catalog_name":"SHARE","lower_seis_depth":"(15.0,,)","net_slip_rate":"(0.7,0.0001,1.3054)","slip_type":"Normal","upper_seis_depth":"(0.0,,)"},"geometry":{"type":"LineString","coordinates":[[31.2298,37.667462],[31.23524,37.635481],[31.250546,37.545508],[31.275117,37.456839],[31.292028,37.367052],[31.282142,37.276604],[31.292397,37.186184],[31.279434,37.095988],[31.285689,37.005338]]}},{"type":"Feature","properties":{"average_dip":"(50.0,50,50)","average_rake":"(-90,-90,-90)","catalog_id":"EUR_TRCS261","catalog_name":"SHARE","lower_seis_depth":"(15.0,,)","net_slip_rate":"(0.7,0.0001,1.3054)","slip_type":"Normal","upper_seis_depth":"(0.0,,)"},"geometry":{"type":"LineString","coordinates":[[31.168064,37.750153],[31.101706,37.833077],[31.031104,37.921305],[30.985415,38.019247]]}},{"type":"Feature","properties":{"average_dip":"(50.0,50,50)","average_rake":"(-90,-90,-90)","catalog_id":"EUR_TRCS262","catalog_name":"SHARE","lower_seis_depth":"(15.0,,)","net_slip_rate":"(1.3,0.0001,2.6108)","slip_type":"Normal","upper_seis_depth":"(0.0,,)"},"geometry":{"type":"LineString","coordinates":[[30.95654,38.050289],[31.028529,38.086041],[31.134871,38.098521]]}},{"type":"Feature","properties":{"average_dip":"(50.0,50,50)","average_rake":"(-74,-90,-59)","catalog_id":"EUR_TRCS263","catalog_name":"SHARE","lower_seis_depth":"(15.0,,)","net_slip_rate":"(1.3,0.0001,2.6583)","slip_type":"Normal","upper_seis_depth":"(0.0,,)"},"geometry":{"type":"LineString","coordinates":[[30.602124,37.174724],[30.580096,37.099728],[30.550742,37.012381],[30.639958,36.956707]]}},{"type":"Feature","properties":{"average_dip":"(50.0,50,50)","average_rake":"(-59,-59,-59)","catalog_id":"EUR_TRCS264","catalog_name":"SHARE","lower_seis_depth":"(15.0,,)","net_slip_rate":"(1.3,0.0001,2.6583)","slip_type":"Sinistral-Normal","upper_seis_depth":"(0.0,,)"},"geometry":{"type":"LineString","coordinates":[[30.407273,36.763142],[30.504093,36.843152]]}},{"type":"Feature","properties":{"average_dip":"(50.0,50,50)","average_rake":"(-59,-59,-59)","catalog_id":"EUR_TRCS265","catalog_name":"SHARE","lower_seis_depth":"(15.0,,)","net_slip_rate":"(1.3,0.0001,2.6583)","slip_type":"Sinistral-Normal","upper_seis_depth":"(0.0,,)"},"geometry":{"type":"LineString","coordinates":[[30.313966,36.677352],[30.253907,36.613784],[30.193871,36.550239],[30.133853,36.486713]]}},{"type":"Feature","properties":{"average_dip":"(50.0,50,50)","average_rake":"(-74,-90,-59)","catalog_id":"EUR_TRCS266","catalog_name":"SHARE","lower_seis_depth":"(15.0,,)","net_slip_rate":"(1.3,0.0001,2.6583)","slip_type":"Normal","upper_seis_depth":"(0.0,,)"},"geometry":{"type":"LineString","coordinates":[[30.411257,37.293892],[30.400887,37.233136],[30.386761,37.150378],[30.365313,37.068628],[30.303624,37.001169],[30.249049,36.929937],[30.22717,36.84827],[30.258605,36.768634]]}},{"type":"Feature","properties":{"average_dip":"(50.0,50,50)","average_rake":"(-90,-90,-90)","catalog_id":"EUR_TRCS267","catalog_name":"SHARE","lower_seis_depth":"(15.0,,)","net_slip_rate":"(7.8,5.2216,10.4433)","slip_type":"Normal","upper_seis_depth":"(0.0,,)"},"geometry":{"type":"LineString","coordinates":[[29.181928,37.050112],[29.272959,37.014446]]}},{"type":"Feature","properties":{"average_dip":"(50.0,50,50)","average_rake":"(-78,-78,-78)","catalog_id":"EUR_TRCS268","catalog_name":"SHARE","lower_seis_depth":"(13.0,,)","net_slip_rate":"(7.4,5.2216,9.6177)","slip_type":"Normal","upper_seis_depth":"(0.0,,)"},"geometry":{"type":"LineString","coordinates":[[29.142908,37.131253],[29.209874,37.19315],[29.27787,37.255998],[29.326503,37.329377],[29.362743,37.40717]]}},{"type":"Feature","properties":{"average_dip":"(50.0,50,50)","average_rake":"(-80,-83,-78)","catalog_id":"EUR_TRCS269","catalog_name":"SHARE","lower_seis_depth":"(13.0,,)","net_slip_rate":"(7.9,5.2216,10.633)","slip_type":"Normal","upper_seis_depth":"(0.0,,)"},"geometry":{"type":"LineString","coordinates":[[29.365164,37.412735],[29.293809,37.46293],[29.290211,37.546365],[29.26995,37.628289]]}},{"type":"Feature","properties":{"average_dip":"(50.0,50,50)","average_rake":"(-100,-102,-98)","catalog_id":"EUR_TRCS270","catalog_name":"SHARE","lower_seis_depth":"(13.0,,)","net_slip_rate":"(7.4,5.2216,9.6177)","slip_type":"Normal","upper_seis_depth":"(0.0,,)"},"geometry":{"type":"LineString","coordinates":[[29.257801,37.629645],[29.14603,37.612652]]}},{"type":"Feature","properties":{"average_dip":"(50.0,50,50)","average_rake":"(-102,-102,-102)","catalog_id":"EUR_TRCS271","catalog_name":"SHARE","lower_seis_depth":"(15.0,,)","net_slip_rate":"(7.4,5.2216,9.6177)","slip_type":"Normal","upper_seis_depth":"(0.0,,)"},"geometry":{"type":"LineString","coordinates":[[29.145049,37.612877],[29.076734,37.569184],[29.028499,37.480449],[28.926962,37.427156],[28.834061,37.364785]]}},{"type":"Feature","properties":{"average_dip":"(50.0,50,50)","average_rake":"(-78,-78,-78)","catalog_id":"EUR_TRCS272","catalog_name":"SHARE","lower_seis_depth":"(4.0,,)","net_slip_rate":"(7.4,5.2216,9.6177)","slip_type":"Normal","upper_seis_depth":"(0.0,,)"},"geometry":{"type":"LineString","coordinates":[[29.311263,37.090833],[29.407731,37.200938]]}},{"type":"Feature","properties":{"average_dip":"(50.0,50,50)","average_rake":"(-78,-78,-78)","catalog_id":"EUR_TRCS273","catalog_name":"SHARE","lower_seis_depth":"(13.0,,)","net_slip_rate":"(7.4,5.2216,9.6177)","slip_type":"Normal","upper_seis_depth":"(0.0,,)"},"geometry":{"type":"LineString","coordinates":[[29.43827,37.142697],[29.416911,37.08703],[29.339023,37.032145],[29.277536,36.96533]]}},{"type":"Feature","properties":{"average_dip":"(50.0,50,50)","average_rake":"(-82,-82,-82)","catalog_id":"EUR_TRCS274","catalog_name":"SHARE","lower_seis_depth":"(13.0,,)","net_slip_rate":"(7.3,5.2216,9.3542)","slip_type":"Normal","upper_seis_depth":"(0.0,,)"},"geometry":{"type":"LineString","coordinates":[[29.422694,37.004095],[29.504263,37.044711],[29.585863,37.085342]]}},{"type":"Feature","properties":{"average_dip":"(50.0,50,50)","average_rake":"(-82,-82,-82)","catalog_id":"EUR_TRCS275","catalog_name":"SHARE","lower_seis_depth":"(13.0,,)","net_slip_rate":"(7.3,5.2216,9.3542)","slip_type":"Normal","upper_seis_depth":"(0.0,,)"},"geometry":{"type":"LineString","coordinates":[[29.96386,37.11299],[29.897918,37.169946],[29.796565,37.213077],[29.68784,37.18343]]}},{"type":"Feature","properties":{"average_dip":"(50.0,50,50)","average_rake":"(-90,-90,-90)","catalog_id":"EUR_TRCS276","catalog_name":"SHARE","lower_seis_depth":"(13.0,,)","net_slip_rate":"(7.8,5.2216,10.4433)","slip_type":"Normal","upper_seis_depth":"(0.0,,)"},"geometry":{"type":"LineString","coordinates":[[29.515506,37.220264],[29.45713,37.275562],[29.398735,37.330876]]}},{"type":"Feature","properties":{"average_dip":"(50.0,50,50)","average_rake":"(-90,-90,-90)","catalog_id":"EUR_TRCS277","catalog_name":"SHARE","lower_seis_depth":"(14.0,,)","net_slip_rate":"(3.9,2.6108,5.2216)","slip_type":"Normal","upper_seis_depth":"(0.0,,)"},"geometry":{"type":"LineString","coordinates":[[29.849568,38.713534],[29.760857,38.651074],[29.735363,38.557133],[29.717235,38.46216],[29.756356,38.371156]]}},{"type":"Feature","properties":{"average_dip":"(50.0,50,50)","average_rake":"(-90,-90,-90)","catalog_id":"EUR_TRCS278","catalog_name":"SHARE","lower_seis_depth":"(14.0,,)","net_slip_rate":"(2.6,0.0001,5.2216)","slip_type":"Normal","upper_seis_depth":"(0.0,,)"},"geometry":{"type":"LineString","coordinates":[[29.797329,38.363243],[29.834068,38.422507],[29.894841,38.486545],[29.936134,38.5595],[29.929232,38.639105]]}},{"type":"Feature","properties":{"average_dip":"(50.0,50,50)","average_rake":"(-90,-90,-90)","catalog_id":"EUR_TRCS279","catalog_name":"SHARE","lower_seis_depth":"(14.0,,)","net_slip_rate":"(1.3,0.0001,2.6108)","slip_type":"Normal","upper_seis_depth":"(0.0,,)"},"geometry":{"type":"LineString","coordinates":[[29.969467,37.013818],[29.881272,37.107249]]}},{"type":"Feature","properties":{"average_dip":"(50.0,50,50)","average_rake":"(-90,-90,-90)","catalog_id":"EUR_TRCS280","catalog_name":"SHARE","lower_seis_depth":"(8.0,,)","net_slip_rate":"(1.3,0.0001,2.6108)","slip_type":"Normal","upper_seis_depth":"(0.0,,)"},"geometry":{"type":"LineString","coordinates":[[29.828455,38.330998],[29.723032,38.320731],[29.654062,38.252142],[29.591893,38.179687],[29.518243,38.114264],[29.434568,38.056837],[29.351461,37.998963],[29.259613,37.950041]]}},{"type":"Feature","properties":{"average_dip":"(50.0,50,50)","average_rake":"(-90,-90,-90)","catalog_id":"EUR_TRCS281","catalog_name":"SHARE","lower_seis_depth":"(15.0,,)","net_slip_rate":"(1.3,0.0001,2.6108)","slip_type":"Normal","upper_seis_depth":"(0.0,,)"},"geometry":{"type":"LineString","coordinates":[[30.955852,38.578316],[30.92753,38.496153],[30.873588,38.414359],[30.767179,38.375373]]}},{"type":"Feature","properties":{"average_dip":"(50.0,50,50)","average_rake":"(-121,-121,-121)","catalog_id":"EUR_TRCS282","catalog_name":"SHARE","lower_seis_depth":"(14.0,,)","net_slip_rate":"(1.3,0.0001,2.6583)","slip_type":"Dextral-Normal","upper_seis_depth":"(0.0,,)"},"geometry":{"type":"LineString","coordinates":[[29.904771,36.414964],[29.83938,36.349108],[29.74892,36.286],[29.696206,36.199469],[29.58963,36.155942]]}},{"type":"Feature","properties":{"average_dip":"(50.0,50,50)","average_rake":"(-90,-90,-90)","catalog_id":"EUR_TRCS283","catalog_name":"SHARE","lower_seis_depth":"(5.0,,)","net_slip_rate":"(0.7,0.0001,1.3054)","slip_type":"Normal","upper_seis_depth":"(0.0,,)"},"geometry":{"type":"LineString","coordinates":[[30.869134,38.589295],[30.843238,38.518849],[30.787116,38.455949],[30.712205,38.406527]]}},{"type":"Feature","properties":{"average_dip":"(50.0,50,50)","average_rake":"(-90,-90,-90)","catalog_id":"EUR_TRCS284","catalog_name":"SHARE","lower_seis_depth":"(15.0,,)","net_slip_rate":"(1.3,0.0001,2.6108)","slip_type":"Normal","upper_seis_depth":"(0.0,,)"},"geometry":{"type":"LineString","coordinates":[[30.527961,36.805721],[30.509155,36.721133],[30.504995,36.631267],[30.485436,36.542719]]}},{"type":"Feature","properties":{"average_dip":"(50.0,50,50)","average_rake":"(-90,-90,-90)","catalog_id":"EUR_TRCS285","catalog_name":"SHARE","lower_seis_depth":"(15.0,,)","net_slip_rate":"(1.3,0.0001,2.6108)","slip_type":"Normal","upper_seis_depth":"(0.0,,)"},"geometry":{"type":"LineString","coordinates":[[30.49689,36.399567],[30.554709,36.494709],[30.612542,36.589873]]}},{"type":"Feature","properties":{"average_dip":"(50.0,50,50)","average_rake":"(-90,-90,-90)","catalog_id":"EUR_TRCS286","catalog_name":"SHARE","lower_seis_depth":"(15.0,,)","net_slip_rate":"(1.3,0.0001,2.6108)","slip_type":"Normal","upper_seis_depth":"(0.0,,)"},"geometry":{"type":"LineString","coordinates":[[30.420254,36.198675],[30.484816,36.265515],[30.549397,36.332374]]}},{"type":"Feature","properties":{"average_dip":"(50.0,50,50)","average_rake":"(-122,-122,-122)","catalog_id":"EUR_TRCS287","catalog_name":"SHARE","lower_seis_depth":"(8.0,,)","net_slip_rate":"(0.7,0.0001,1.3394)","slip_type":"Dextral-Normal","upper_seis_depth":"(0.0,,)"},"geometry":{"type":"LineString","coordinates":[[29.469877,36.270577],[29.585402,36.298599],[29.680107,36.363053],[29.764963,36.435926],[29.879157,36.475161]]}},{"type":"Feature","properties":{"average_dip":"(50.0,50,50)","average_rake":"(-121,-121,-121)","catalog_id":"EUR_TRCS288","catalog_name":"SHARE","lower_seis_depth":"(14.0,,)","net_slip_rate":"(1.3,0.0001,2.6583)","slip_type":"Dextral-Normal","upper_seis_depth":"(0.0,,)"},"geometry":{"type":"LineString","coordinates":[[29.896087,36.439081],[29.971956,36.47346],[30.058401,36.488529]]}},{"type":"Feature","properties":{"average_dip":"(60.0,60,60)","average_rake":"(-54,-54,-54)","catalog_id":"EUR_TRCS289","catalog_name":"SHARE","lower_seis_depth":"(14.0,,)","net_slip_rate":"(1.3,0.0001,2.5166)","slip_type":"Sinistral-Normal","upper_seis_depth":"(0.0,,)"},"geometry":{"type":"LineString","coordinates":[[29.225645,36.822685],[29.287815,36.780883],[29.345883,36.710548],[29.358369,36.62681],[29.337993,36.544078],[29.271125,36.479088],[29.250021,36.396482]]}},{"type":"Feature","properties":{"average_dip":"(50.0,50,50)","average_rake":"(-62,-62,-62)","catalog_id":"EUR_TRCS290","catalog_name":"SHARE","lower_seis_depth":"(14.0,,)","net_slip_rate":"(2.0,0.0001,3.9277)","slip_type":"Sinistral-Normal","upper_seis_depth":"(0.0,,)"},"geometry":{"type":"LineString","coordinates":[[31.065329,38.3635],[30.987986,38.309016],[30.920898,38.243944],[30.859389,38.175594],[30.789661,38.112343],[30.686082,38.093252],[30.580522,38.082992]]}},{"type":"Feature","properties":{"average_dip":"(50.0,50,50)","average_rake":"(-62,-62,-62)","catalog_id":"EUR_TRCS291","catalog_name":"SHARE","lower_seis_depth":"(14.0,,)","net_slip_rate":"(2.0,0.0001,3.9277)","slip_type":"Sinistral-Normal","upper_seis_depth":"(0.0,,)"},"geometry":{"type":"LineString","coordinates":[[30.54155,38.106338],[30.465,38.069983]]}},{"type":"Feature","properties":{"average_dip":"(50.0,50,50)","average_rake":"(-60,-60,-60)","catalog_id":"EUR_TRCS292","catalog_name":"SHARE","lower_seis_depth":"(8.0,,)","net_slip_rate":"(0.7,0.0001,1.3206)","slip_type":"Sinistral-Normal","upper_seis_depth":"(0.0,,)"},"geometry":{"type":"LineString","coordinates":[[30.87291,38.31573],[30.780312,38.250096],[30.681339,38.189867],[30.576272,38.136485],[30.452536,38.122343],[30.395801,38.034708]]}},{"type":"Feature","properties":{"average_dip":"(50.0,50,50)","average_rake":"(-90,-90,-90)","catalog_id":"EUR_TRCS293","catalog_name":"SHARE","lower_seis_depth":"(14.0,,)","net_slip_rate":"(1.3,0.0001,2.6108)","slip_type":"Normal","upper_seis_depth":"(0.0,,)"},"geometry":{"type":"LineString","coordinates":[[29.344876,36.631044],[29.224301,36.617053],[29.088621,36.618744]]}},{"type":"Feature","properties":{"average_dip":"(50.0,50,50)","average_rake":"(-90,-90,-90)","catalog_id":"EUR_TRCS294","catalog_name":"SHARE","lower_seis_depth":"(14.0,,)","net_slip_rate":"(1.3,0.0001,2.6108)","slip_type":"Normal","upper_seis_depth":"(0.0,,)"},"geometry":{"type":"LineString","coordinates":[[30.258532,37.312487],[30.228858,37.236525],[30.163229,37.167734],[30.176511,37.081985]]}},{"type":"Feature","properties":{"average_dip":"(50.0,50,50)","average_rake":"(-62,-62,-62)","catalog_id":"EUR_TRCS295","catalog_name":"SHARE","lower_seis_depth":"(14.0,,)","net_slip_rate":"(2.0,0.0001,3.9277)","slip_type":"Sinistral-Normal","upper_seis_depth":"(0.0,,)"},"geometry":{"type":"LineString","coordinates":[[30.852293,38.073008],[30.79638,37.999824],[30.786879,37.906508],[30.867744,37.838024]]}},{"type":"Feature","properties":{"average_dip":"(50.0,50,50)","average_rake":"(-90,-90,-90)","catalog_id":"EUR_TRCS297","catalog_name":"SHARE","lower_seis_depth":"(15.0,,)","net_slip_rate":"(0.7,0.0001,1.3054)","slip_type":"Normal","upper_seis_depth":"(0.0,,)"},"geometry":{"type":"LineString","coordinates":[[30.554402,38.620499],[30.556279,38.54821]]}},{"type":"Feature","properties":{"average_dip":"(50.0,50,50)","average_rake":"(-90,-90,-90)","catalog_id":"EUR_TRCS298","catalog_name":"SHARE","lower_seis_depth":"(8.0,,)","net_slip_rate":"(0.7,0.0001,1.3054)","slip_type":"Normal","upper_seis_depth":"(0.0,,)"},"geometry":{"type":"LineString","coordinates":[[30.522143,38.528919],[30.538979,38.446689]]}},{"type":"Feature","properties":{"average_dip":"(50.0,50,50)","average_rake":"(-90,-90,-90)","catalog_id":"EUR_TRCS299","catalog_name":"SHARE","lower_seis_depth":"(14.0,,)","net_slip_rate":"(0.7,0.0001,1.3054)","slip_type":"Normal","upper_seis_depth":"(0.0,,)"},"geometry":{"type":"LineString","coordinates":[[30.675119,38.618366],[30.642404,38.554349],[30.609694,38.490344]]}},{"type":"Feature","properties":{"average_dip":"(50.0,50,50)","average_rake":"(-90,-90,-90)","catalog_id":"EUR_TRCS300","catalog_name":"SHARE","lower_seis_depth":"(14.0,,)","net_slip_rate":"(0.7,0.0001,1.3054)","slip_type":"Normal","upper_seis_depth":"(0.0,,)"},"geometry":{"type":"LineString","coordinates":[[30.634872,38.4334],[30.576601,38.398729]]}},{"type":"Feature","properties":{"average_dip":"(50.0,50,50)","average_rake":"(-90,-90,-90)","catalog_id":"EUR_TRCS301","catalog_name":"SHARE","lower_seis_depth":"(4.0,,)","net_slip_rate":"(0.7,0.0001,1.3054)","slip_type":"Normal","upper_seis_depth":"(0.0,,)"},"geometry":{"type":"LineString","coordinates":[[30.562676,38.43778],[30.491986,38.400518]]}},{"type":"Feature","properties":{"average_dip":"(50.0,50,50)","average_rake":"(-90,-90,-90)","catalog_id":"EUR_TRCS302","catalog_name":"SHARE","lower_seis_depth":"(14.0,,)","net_slip_rate":"(3.9,2.6108,5.2216)","slip_type":"Normal","upper_seis_depth":"(0.0,,)"},"geometry":{"type":"LineString","coordinates":[[29.827317,38.197477],[29.758505,38.156856],[29.686393,38.080384],[29.616493,38.002691],[29.591296,37.909564]]}},{"type":"Feature","properties":{"average_dip":"(50.0,50,50)","average_rake":"(-71,-71,-71)","catalog_id":"EUR_TRCS303","catalog_name":"SHARE","lower_seis_depth":"(7.0,,)","net_slip_rate":"(2.0,0.1305,3.948)","slip_type":"Normal","upper_seis_depth":"(0.0,,)"},"geometry":{"type":"LineString","coordinates":[[30.058815,38.025045],[29.998867,37.971182],[29.906416,37.926936],[29.818363,37.877488],[29.727366,37.831551],[29.620531,37.843947],[29.526569,37.801952]]}},{"type":"Feature","properties":{"average_dip":"(55.0,50,60)","average_rake":"(-80,-90,-71)","catalog_id":"EUR_TRCS304","catalog_name":"SHARE","lower_seis_depth":"(14.0,,)","net_slip_rate":"(3.7,0.1155,7.1971)","slip_type":"Normal","upper_seis_depth":"(0.0,,)"},"geometry":{"type":"LineString","coordinates":[[30.11246,38.001467],[30.10267,37.977746],[30.09088,37.894124],[30.014909,37.835117],[29.913967,37.808262],[29.825417,37.761555],[29.723484,37.73741],[29.644904,37.680716]]}},{"type":"Feature","properties":{"average_dip":"(50.0,50,50)","average_rake":"(-87,-87,-87)","catalog_id":"EUR_TRCS305","catalog_name":"SHARE","lower_seis_depth":"(14.0,,)","net_slip_rate":"(5.6,3.9162,7.1971)","slip_type":"Normal","upper_seis_depth":"(0.0,,)"},"geometry":{"type":"LineString","coordinates":[[30.092101,37.813441],[30.135271,37.869763]]}},{"type":"Feature","properties":{"average_dip":"(50.0,50,50)","average_rake":"(-90,-90,-90)","catalog_id":"EUR_TRCS306","catalog_name":"SHARE","lower_seis_depth":"(14.0,,)","net_slip_rate":"(0.7,0.0001,1.3054)","slip_type":"Normal","upper_seis_depth":"(0.0,,)"},"geometry":{"type":"LineString","coordinates":[[29.866229,38.190123],[29.977166,38.13753],[29.922889,38.039558]]}},{"type":"Feature","properties":{"average_dip":"(50.0,50,50)","average_rake":"(-71,-71,-71)","catalog_id":"EUR_TRCS307","catalog_name":"SHARE","lower_seis_depth":"(4.0,,)","net_slip_rate":"(2.0,0.1305,3.948)","slip_type":"Normal","upper_seis_depth":"(0.0,,)"},"geometry":{"type":"LineString","coordinates":[[30.299482,37.883424],[30.187335,37.792608]]}},{"type":"Feature","properties":{"average_dip":"(50.0,50,50)","average_rake":"(-80,-90,-71)","catalog_id":"EUR_TRCS308","catalog_name":"SHARE","lower_seis_depth":"(4.0,,)","net_slip_rate":"(2.0,0.1305,3.948)","slip_type":"Normal","upper_seis_depth":"(0.0,,)"},"geometry":{"type":"LineString","coordinates":[[30.17706,37.888787],[30.133227,37.814039],[30.081052,37.725064],[30.028888,37.636108],[29.915107,37.59745]]}},{"type":"Feature","properties":{"average_dip":"(50.0,50,50)","average_rake":"(-88,-90,-87)","catalog_id":"EUR_TRCS309","catalog_name":"SHARE","lower_seis_depth":"(14.0,,)","net_slip_rate":"(4.3,1.3054,7.1971)","slip_type":"Normal","upper_seis_depth":"(0.0,,)"},"geometry":{"type":"LineString","coordinates":[[30.431774,37.844462],[30.378165,37.788899],[30.285108,37.72886],[30.183572,37.678226],[30.113129,37.601375],[30.020321,37.541323],[29.90348,37.562217]]}},{"type":"Feature","properties":{"average_dip":"(64.0,64,64)","average_rake":"(-130,-130,-130)","catalog_id":"EUR_TRCS310","catalog_name":"SHARE","lower_seis_depth":"(15.0,,)","net_slip_rate":"(1.3,0.0001,2.6836)","slip_type":"Dextral-Normal","upper_seis_depth":"(0.0,,)"},"geometry":{"type":"LineString","coordinates":[[29.60144,39.30574],[29.699039,39.266772],[29.796568,39.227833],[29.894054,39.18891],[29.991497,39.150004],[30.088899,39.111116],[30.186258,39.072244],[30.283574,39.033389],[30.380848,38.994551],[30.47808,38.95573]]}},{"type":"Feature","properties":{"average_dip":"(64.0,64,64)","average_rake":"(-130,-130,-130)","catalog_id":"EUR_TRCS311","catalog_name":"SHARE","lower_seis_depth":"(15.0,,)","net_slip_rate":"(1.3,0.0001,2.6836)","slip_type":"Dextral-Normal","upper_seis_depth":"(0.0,,)"},"geometry":{"type":"LineString","coordinates":[[30.148197,39.355612],[30.097045,39.372708],[29.991093,39.408118],[29.885096,39.443544],[29.779053,39.478985],[29.672965,39.514441],[29.574747,39.46739],[29.463033,39.490281],[29.351284,39.513179],[29.239501,39.536084],[29.127684,39.558996],[29.020832,39.593287],[28.910402,39.620125],[28.795141,39.628914],[28.679866,39.637704],[28.564576,39.646495],[28.449272,39.655287],[28.333953,39.66408],[28.218619,39.672874]]}},{"type":"Feature","properties":{"average_dip":"(50.0,50,50)","average_rake":"(-90,-90,-90)","catalog_id":"EUR_TRCS312","catalog_name":"SHARE","lower_seis_depth":"(4.0,,)","net_slip_rate":"(0.7,0.0001,1.3054)","slip_type":"Normal","upper_seis_depth":"(0.0,,)"},"geometry":{"type":"LineString","coordinates":[[29.296835,39.410178],[29.280276,39.33015],[29.263718,39.250127]]}},{"type":"Feature","properties":{"average_dip":"(50.0,50,50)","average_rake":"(-90,-90,-90)","catalog_id":"EUR_TRCS313","catalog_name":"SHARE","lower_seis_depth":"(14.0,,)","net_slip_rate":"(0.7,0.0001,1.3054)","slip_type":"Normal","upper_seis_depth":"(0.0,,)"},"geometry":{"type":"LineString","coordinates":[[29.27376,39.50028],[29.22033,39.434316],[29.164475,39.365359],[29.129221,39.288717],[29.13829,39.20767]]}},{"type":"Feature","properties":{"average_dip":"(50.0,50,50)","average_rake":"(-90,-90,-90)","catalog_id":"EUR_TRCS314","catalog_name":"SHARE","lower_seis_depth":"(15.0,,)","net_slip_rate":"(0.7,0.0001,1.3054)","slip_type":"Normal","upper_seis_depth":"(0.0,,)"},"geometry":{"type":"LineString","coordinates":[[31.979321,38.196943],[31.893724,38.25957],[31.854342,38.350648],[31.84465,38.446525]]}},{"type":"Feature","properties":{"average_dip":"(55.0,50,60)","average_rake":"(-74,-90,-59)","catalog_id":"EUR_TRCS315","catalog_name":"SHARE","lower_seis_depth":"(15.0,,)","net_slip_rate":"(0.7,0.0001,1.3054)","slip_type":"Normal","upper_seis_depth":"(0.0,,)"},"geometry":{"type":"LineString","coordinates":[[32.5393,38.17548],[32.425679,38.165417],[32.310872,38.155248],[32.196081,38.145081],[32.081306,38.134915],[31.965855,38.137418],[31.850911,38.146354],[31.735953,38.155291]]}},{"type":"Feature","properties":{"average_dip":"(75.0,75,75)","average_rake":"(-32,-32,-32)","catalog_id":"EUR_TRCS316","catalog_name":"SHARE","lower_seis_depth":"(13.0,,)","net_slip_rate":"(1.0,0.0001,2.0659)","slip_type":"Sinistral-Normal","upper_seis_depth":"(0.0,,)"},"geometry":{"type":"LineString","coordinates":[[27.57686,39.15672],[27.483529,39.121751],[27.390245,39.086799],[27.296999,39.051861],[27.20379,39.016938]]}},{"type":"Feature","properties":{"average_dip":"(75.0,75,75)","average_rake":"(-32,-32,-32)","catalog_id":"EUR_TRCS317","catalog_name":"SHARE","lower_seis_depth":"(13.0,,)","net_slip_rate":"(1.0,0.0001,2.0659)","slip_type":"Sinistral-Normal","upper_seis_depth":"(0.0,,)"},"geometry":{"type":"LineString","coordinates":[[26.979376,38.749623],[27.045446,38.835619],[27.111533,38.921638],[27.177641,39.007684],[27.24377,39.093757]]}},{"type":"Feature","properties":{"average_dip":"(75.0,75,75)","average_rake":"(-32,-32,-32)","catalog_id":"EUR_TRCS318","catalog_name":"SHARE","lower_seis_depth":"(8.0,,)","net_slip_rate":"(1.0,0.0001,2.0659)","slip_type":"Sinistral-Normal","upper_seis_depth":"(0.0,,)"},"geometry":{"type":"LineString","coordinates":[[27.24492,39.11508],[27.333537,39.175743],[27.42219,39.23643]]}},{"type":"Feature","properties":{"average_dip":"(80.0,80,80)","average_rake":"(-32,-32,-32)","catalog_id":"EUR_TRCS319","catalog_name":"SHARE","lower_seis_depth":"(10.0,,)","net_slip_rate":"(1.0,0.0001,2.0634)","slip_type":"Sinistral-Normal","upper_seis_depth":"(0.0,,)"},"geometry":{"type":"LineString","coordinates":[[27.120467,39.055238],[27.076998,38.982535],[27.033538,38.909847],[26.990085,38.837171],[26.94664,38.764509]]}},{"type":"Feature","properties":{"average_dip":"(50.0,50,50)","average_rake":"(-63,-63,-63)","catalog_id":"EUR_TRCS320","catalog_name":"SHARE","lower_seis_depth":"(4.0,,)","net_slip_rate":"None","slip_type":"Sinistral-Normal","upper_seis_depth":"(0.0,,)"},"geometry":{"type":"LineString","coordinates":[[28.784812,38.216861],[28.714129,38.283002]]}},{"type":"Feature","properties":{"average_dip":"(50.0,50,50)","average_rake":"(-70,-78,-63)","catalog_id":"EUR_TRCS321","catalog_name":"SHARE","lower_seis_depth":"(10.0,,)","net_slip_rate":"(2.3,2.1987,2.4023)","slip_type":"Normal","upper_seis_depth":"(0.0,,)"},"geometry":{"type":"LineString","coordinates":[[28.750271,38.363197],[28.649651,38.393122],[28.540522,38.425577],[28.450222,38.483586],[28.36197,38.543566],[28.259176,38.587218],[28.149671,38.6195],[28.045354,38.661059],[27.947205,38.711021]]}},{"type":"Feature","properties":{"average_dip":"(50.0,50,50)","average_rake":"(-69,-82,-57)","catalog_id":"EUR_TRCS322","catalog_name":"SHARE","lower_seis_depth":"(13.0,,)","net_slip_rate":"(5.7,5.4658,5.9588)","slip_type":"Normal","upper_seis_depth":"(0.0,,)"},"geometry":{"type":"LineString","coordinates":[[28.7529,38.202553],[28.687599,38.220223],[28.577192,38.244542],[28.528798,38.326214],[28.436481,38.379802],[28.333675,38.420071],[28.230712,38.460181],[28.116718,38.472285],[28.005537,38.495497],[27.890452,38.495724],[27.776504,38.483135],[27.679165,38.435143],[27.57414,38.39851],[27.464794,38.370822]]}},{"type":"Feature","properties":{"average_dip":"(50.0,50,50)","average_rake":"(-90,-90,-90)","catalog_id":"EUR_TRCS323","catalog_name":"SHARE","lower_seis_depth":"(10.0,,)","net_slip_rate":"(1.3,0.0001,2.6108)","slip_type":"Normal","upper_seis_depth":"(0.0,,)"},"geometry":{"type":"LineString","coordinates":[[27.4768,38.18346],[27.584788,38.191953],[27.692778,38.200446],[27.80078,38.20894]]}},{"type":"Feature","properties":{"average_dip":"(50.0,50,50)","average_rake":"(-90,-90,-90)","catalog_id":"EUR_TRCS324","catalog_name":"SHARE","lower_seis_depth":"(12.0,,)","net_slip_rate":"(1.3,0.0001,2.6108)","slip_type":"Normal","upper_seis_depth":"(0.0,,)"},"geometry":{"type":"LineString","coordinates":[[28.24853,38.06697],[28.133769,38.088982],[28.015687,38.108891],[27.896001,38.096218],[27.779284,38.071901],[27.662604,38.047592],[27.54596,38.02329]]}},{"type":"Feature","properties":{"average_dip":"(85.0,85,85)","average_rake":"(180,180,180)","catalog_id":"EUR_TRCS326","catalog_name":"SHARE","lower_seis_depth":"(12.0,,)","net_slip_rate":"(0.5,0.0001,1.0)","slip_type":"Dextral","upper_seis_depth":"(0.0,,)"},"geometry":{"type":"LineString","coordinates":[[27.249001,38.52026],[27.296741,38.617673]]}},{"type":"Feature","properties":{"average_dip":"(85.0,85,85)","average_rake":"(180,180,180)","catalog_id":"EUR_TRCS327","catalog_name":"SHARE","lower_seis_depth":"(12.0,,)","net_slip_rate":"(0.5,0.0001,1.0)","slip_type":"Dextral","upper_seis_depth":"(0.0,,)"},"geometry":{"type":"LineString","coordinates":[[27.33624,38.504955],[27.360626,38.603842]]}},{"type":"Feature","properties":{"average_dip":"(85.0,85,85)","average_rake":"(180,180,180)","catalog_id":"EUR_TRCS328","catalog_name":"SHARE","lower_seis_depth":"(12.0,,)","net_slip_rate":"(0.5,0.0001,1.0)","slip_type":"Dextral","upper_seis_depth":"(0.0,,)"},"geometry":{"type":"LineString","coordinates":[[27.285517,38.537215],[27.347685,38.58085]]}},{"type":"Feature","properties":{"average_dip":"(70.0,70,70)","average_rake":"(-142,-142,-142)","catalog_id":"EUR_TRCS329","catalog_name":"SHARE","lower_seis_depth":"(20.0,,)","net_slip_rate":"(0.6,0.0001,1.1327)","slip_type":"Dextral-Normal","upper_seis_depth":"(0.0,,)"},"geometry":{"type":"LineString","coordinates":[[36.111896,36.887322],[36.066846,36.954949],[36.021787,37.022589]]}},{"type":"Feature","properties":{"average_dip":"(50.0,50,50)","average_rake":"(-66,-66,-66)","catalog_id":"EUR_TRCS330","catalog_name":"SHARE","lower_seis_depth":"(13.0,,)","net_slip_rate":"None","slip_type":"Sinistral-Normal","upper_seis_depth":"(0.0,,)"},"geometry":{"type":"LineString","coordinates":[[29.18438,37.86004],[29.107107,37.924241],[29.027683,37.990228],[28.937772,38.047317],[28.825182,38.067747]]}},{"type":"Feature","properties":{"average_dip":"(50.0,50,50)","average_rake":"(-100,-122,-78)","catalog_id":"EUR_TRCS331","catalog_name":"SHARE","lower_seis_depth":"(13.0,,)","net_slip_rate":"(4.3,3.8276,4.8047)","slip_type":"Normal","upper_seis_depth":"(0.0,,)"},"geometry":{"type":"LineString","coordinates":[[28.887451,37.959753],[28.800142,37.973093],[28.690473,37.970302],[28.588151,37.939115],[28.478494,37.937472],[28.369557,37.927517],[28.262055,37.910496],[28.154577,37.89348],[28.047122,37.876467],[27.939692,37.859457],[27.830153,37.85781],[27.721902,37.871174],[27.613632,37.884541],[27.5201,37.92966]]}},{"type":"Feature","properties":{"average_dip":"(70.0,70,70)","average_rake":"(-28,-28,-28)","catalog_id":"EUR_TRCS332","catalog_name":"SHARE","lower_seis_depth":"(13.0,,)","net_slip_rate":"None","slip_type":"Sinistral-Normal","upper_seis_depth":"(0.0,,)"},"geometry":{"type":"LineString","coordinates":[[27.499435,37.847822],[27.368364,37.827087],[27.234838,37.834221]]}},{"type":"Feature","properties":{"average_dip":"(60.0,60,60)","average_rake":"(-73,-73,-73)","catalog_id":"EUR_TRCS333","catalog_name":"SHARE","lower_seis_depth":"(13.0,,)","net_slip_rate":"None","slip_type":"Normal","upper_seis_depth":"(0.0,,)"},"geometry":{"type":"LineString","coordinates":[[27.22918,37.71553],[27.35265,37.745372]]}},{"type":"Feature","properties":{"average_dip":"(50.0,50,50)","average_rake":"(-60,-60,-60)","catalog_id":"EUR_TRCS335","catalog_name":"SHARE","lower_seis_depth":"(13.0,,)","net_slip_rate":"None","slip_type":"Sinistral-Normal","upper_seis_depth":"(0.0,,)"},"geometry":{"type":"LineString","coordinates":[[29.327893,37.743866],[29.246244,37.751998],[29.141638,37.73512],[29.035683,37.745468],[28.945022,37.790092],[28.845733,37.821288],[28.745316,37.850238]]}},{"type":"Feature","properties":{"average_dip":"(50.0,50,50)","average_rake":"(-105,-127,-84)","catalog_id":"EUR_TRCS336","catalog_name":"SHARE","lower_seis_depth":"(6.0,,)","net_slip_rate":"(1.4,0.9138,1.9733)","slip_type":"Normal","upper_seis_depth":"(0.0,,)"},"geometry":{"type":"LineString","coordinates":[[28.840207,37.884995],[28.782793,37.921726],[28.672522,37.925283],[28.577298,37.88131],[28.468891,37.865301],[28.361152,37.846781],[28.253361,37.828543],[28.146591,37.806977],[28.036498,37.803391],[27.926515,37.798196],[27.826152,37.762323],[27.716149,37.758315],[27.607353,37.771817]]}},{"type":"Feature","properties":{"average_dip":"(60.0,50,70)","average_rake":"(-45,-62,-28)","catalog_id":"EUR_TRCS337","catalog_name":"SHARE","lower_seis_depth":"(12.0,,)","net_slip_rate":"(1.6,0.8455,2.2655)","slip_type":"Sinistral-Normal","upper_seis_depth":"(0.0,,)"},"geometry":{"type":"LineString","coordinates":[[27.595882,37.758404],[27.536851,37.689188],[27.479044,37.617994],[27.439889,37.539253],[27.343525,37.502897],[27.246581,37.467605],[27.149675,37.432326]]}},{"type":"Feature","properties":{"average_dip":"(60.0,60,60)","average_rake":"(-96,-96,-96)","catalog_id":"EUR_TRCS338","catalog_name":"SHARE","lower_seis_depth":"(12.0,,)","net_slip_rate":"None","slip_type":"Normal","upper_seis_depth":"(0.0,,)"},"geometry":{"type":"LineString","coordinates":[[27.31571,37.06819],[27.401984,37.033983],[27.48822,36.99979]]}},{"type":"Feature","properties":{"average_dip":"(70.0,70,70)","average_rake":"(-33,-33,-33)","catalog_id":"EUR_TRCS339","catalog_name":"SHARE","lower_seis_depth":"(25.0,,)","net_slip_rate":"(1.0,0.0001,2.0696)","slip_type":"Sinistral-Normal","upper_seis_depth":"(0.0,,)"},"geometry":{"type":"LineString","coordinates":[[35.91177,37.54642],[35.813342,37.497422],[35.714886,37.44841],[35.618351,37.397125],[35.526042,37.341218],[35.433776,37.285338],[35.341348,37.229697],[35.248851,37.174198],[35.156397,37.118726],[35.063987,37.06328],[34.97162,37.00786]]}},{"type":"Feature","properties":{"average_dip":"(80.0,80,80)","average_rake":"(4,4,4)","catalog_id":"EUR_TRCS340","catalog_name":"SHARE","lower_seis_depth":"(25.0,,)","net_slip_rate":"(1.5,1.0,2.0103)","slip_type":"Sinistral","upper_seis_depth":"(0.0,,)"},"geometry":{"type":"LineString","coordinates":[[36.230836,37.500596],[36.252994,37.595166],[36.302862,37.69169]]}},{"type":"Feature","properties":{"average_dip":"(80.0,80,80)","average_rake":"(4,4,4)","catalog_id":"EUR_TRCS341","catalog_name":"SHARE","lower_seis_depth":"(25.0,,)","net_slip_rate":"(1.5,1.0,2.0103)","slip_type":"Sinistral","upper_seis_depth":"(0.0,,)"},"geometry":{"type":"LineString","coordinates":[[36.38969,37.6456],[36.26955,37.568725]]}},{"type":"Feature","properties":{"average_dip":"(80.0,80,80)","average_rake":"(4,4,4)","catalog_id":"EUR_TRCS342","catalog_name":"SHARE","lower_seis_depth":"(25.0,,)","net_slip_rate":"(1.5,1.0,2.0103)","slip_type":"Sinistral","upper_seis_depth":"(0.0,,)"},"geometry":{"type":"LineString","coordinates":[[36.316554,37.342376],[36.210316,37.241499]]}},{"type":"Feature","properties":{"average_dip":"(85.0,80,90)","average_rake":"(4,4,4)","catalog_id":"EUR_TRCS343","catalog_name":"SHARE","lower_seis_depth":"(25.0,,)","net_slip_rate":"(1.5,1.0,2.0103)","slip_type":"Sinistral","upper_seis_depth":"(0.0,,)"},"geometry":{"type":"LineString","coordinates":[[36.176213,37.155639],[36.199566,37.219974],[36.240177,37.289196],[36.249845,37.365205]]}},{"type":"Feature","properties":{"average_dip":"(80.0,80,80)","average_rake":"(0,0,0)","catalog_id":"EUR_TRCS344","catalog_name":"SHARE","lower_seis_depth":"(24.0,,)","net_slip_rate":"(2.0,1.0,3.0)","slip_type":"Sinistral","upper_seis_depth":"(0.0,,)"},"geometry":{"type":"LineString","coordinates":[[36.567895,37.26381],[36.477105,37.235855],[36.38381,37.169962],[36.268867,37.131613],[36.153974,37.09328]]}},{"type":"Feature","properties":{"average_dip":"(80.0,80,80)","average_rake":"(-9,-9,-9)","catalog_id":"EUR_TRCS349","catalog_name":"SHARE","lower_seis_depth":"(20.0,,)","net_slip_rate":"(2.0,1.0,3.0427)","slip_type":"Sinistral","upper_seis_depth":"(0.0,,)"},"geometry":{"type":"LineString","coordinates":[[36.25605,36.67267],[36.162359,36.622029],[36.068415,36.571251],[35.975943,36.518834],[35.887886,36.461782],[35.799869,36.404755],[35.711891,36.347753]]}},{"type":"Feature","properties":{"average_dip":"(80.0,80,80)","average_rake":"(0,0,0)","catalog_id":"EUR_TRCS350","catalog_name":"SHARE","lower_seis_depth":"(25.0,,)","net_slip_rate":"(2.0,2.0,2.0)","slip_type":"Sinistral","upper_seis_depth":"(0.0,,)"},"geometry":{"type":"LineString","coordinates":[[36.124801,37.658554],[36.093302,37.576047],[36.059842,37.488401],[36.005555,37.4076],[35.97274,37.31982],[35.91491,37.240645],[35.856177,37.161922],[35.79746,37.08322]]}},{"type":"Feature","properties":{"average_dip":"(80.0,80,80)","average_rake":"(0,0,0)","catalog_id":"EUR_TRCS351","catalog_name":"SHARE","lower_seis_depth":"(30.0,,)","net_slip_rate":"(2.0,2.0,2.0)","slip_type":"Sinistral","upper_seis_depth":"(0.0,,)"},"geometry":{"type":"LineString","coordinates":[[35.792395,37.062334],[35.739885,36.994944],[35.678285,36.928377],[35.627776,36.856111],[35.565631,36.789933]]}},{"type":"Feature","properties":{"average_dip":"(50.0,50,50)","average_rake":"(-90,-90,-90)","catalog_id":"EUR_TRCS352","catalog_name":"SHARE","lower_seis_depth":"(13.0,,)","net_slip_rate":"(1.3,0.0001,2.6108)","slip_type":"Normal","upper_seis_depth":"(0.0,,)"},"geometry":{"type":"LineString","coordinates":[[27.192163,37.996194],[27.31041,37.98958]]}},{"type":"Feature","properties":{"average_dip":"(50.0,50,50)","average_rake":"(-90,-90,-90)","catalog_id":"EUR_TRCS353","catalog_name":"SHARE","lower_seis_depth":"(13.0,,)","net_slip_rate":"(0.7,0.0001,1.3054)","slip_type":"Normal","upper_seis_depth":"(0.0,,)"},"geometry":{"type":"LineString","coordinates":[[27.13731,37.99107],[27.050741,38.065707],[26.92431,38.08435]]}},{"type":"Feature","properties":{"average_dip":"(50.0,50,50)","average_rake":"(-90,-90,-90)","catalog_id":"EUR_TRCS354","catalog_name":"SHARE","lower_seis_depth":"(6.0,,)","net_slip_rate":"(0.7,0.0001,1.3054)","slip_type":"Normal","upper_seis_depth":"(0.0,,)"},"geometry":{"type":"LineString","coordinates":[[27.28937,38.43223],[27.162711,38.425037],[27.04117,38.390869],[26.91226,38.38547]]}},{"type":"Feature","properties":{"average_dip":"(60.0,60,60)","average_rake":"(-90,-90,-90)","catalog_id":"EUR_TRCS355","catalog_name":"SHARE","lower_seis_depth":"(13.0,,)","net_slip_rate":"(0.6,0.0001,1.1547)","slip_type":"Normal","upper_seis_depth":"(0.0,,)"},"geometry":{"type":"LineString","coordinates":[[27.14708,38.36756],[27.23514,38.36407]]}},{"type":"Feature","properties":{"average_dip":"(50.0,50,50)","average_rake":"(-90,-90,-90)","catalog_id":"EUR_TRCS356","catalog_name":"SHARE","lower_seis_depth":"(4.0,,)","net_slip_rate":"(0.7,0.0001,1.3054)","slip_type":"Normal","upper_seis_depth":"(0.0,,)"},"geometry":{"type":"LineString","coordinates":[[29.872611,37.141062],[29.806468,37.073872]]}},{"type":"Feature","properties":{"average_dip":"(50.0,50,50)","average_rake":"(-90,-90,-90)","catalog_id":"EUR_TRCS357","catalog_name":"SHARE","lower_seis_depth":"(8.0,,)","net_slip_rate":"(1.3,0.0001,2.6108)","slip_type":"Normal","upper_seis_depth":"(0.0,,)"},"geometry":{"type":"LineString","coordinates":[[29.812914,36.994493],[29.784249,37.061071]]}},{"type":"Feature","properties":{"average_dip":"(50.0,50,50)","average_rake":"(-90,-90,-90)","catalog_id":"EUR_TRCS358","catalog_name":"SHARE","lower_seis_depth":"(13.0,,)","net_slip_rate":"(1.3,0.0001,2.6108)","slip_type":"Normal","upper_seis_depth":"(0.0,,)"},"geometry":{"type":"LineString","coordinates":[[27.19653,38.07639],[27.101324,38.137328]]}},{"type":"Feature","properties":{"average_dip":"(85.0,85,85)","average_rake":"(180,180,180)","catalog_id":"EUR_TRCS359","catalog_name":"SHARE","lower_seis_depth":"(13.0,,)","net_slip_rate":"(1.0,0.0001,2.0)","slip_type":"Dextral","upper_seis_depth":"(0.0,,)"},"geometry":{"type":"LineString","coordinates":[[27.25684,38.18037],[27.206469,38.084825],[27.188525,37.977473]]}},{"type":"Feature","properties":{"average_dip":"(80.0,80,80)","average_rake":"(180,180,180)","catalog_id":"EUR_TRCS360","catalog_name":"SHARE","lower_seis_depth":"(13.0,,)","net_slip_rate":"(1.0,0.0001,2.0)","slip_type":"Dextral","upper_seis_depth":"(0.0,,)"},"geometry":{"type":"LineString","coordinates":[[27.11271,38.39758],[27.093112,38.322666],[27.037562,38.242893],[26.960003,38.175428],[26.904198,38.095811],[26.874916,38.007871]]}},{"type":"Feature","properties":{"average_dip":"(80.0,80,80)","average_rake":"(180,180,180)","catalog_id":"EUR_TRCS361","catalog_name":"SHARE","lower_seis_depth":"(13.0,,)","net_slip_rate":"(1.0,0.0001,2.0)","slip_type":"Dextral","upper_seis_depth":"(0.0,,)"},"geometry":{"type":"LineString","coordinates":[[26.937788,38.374244],[26.863094,38.299619],[26.821029,38.202873],[26.77897,38.10614]]}},{"type":"Feature","properties":{"average_dip":"(80.0,80,80)","average_rake":"(180,180,180)","catalog_id":"EUR_TRCS362","catalog_name":"SHARE","lower_seis_depth":"(13.0,,)","net_slip_rate":"(0.5,0.0001,1.0)","slip_type":"Dextral","upper_seis_depth":"(0.0,,)"},"geometry":{"type":"LineString","coordinates":[[27.298356,38.750303],[27.156954,38.766069],[27.0144,38.776113]]}},{"type":"Feature","properties":{"average_dip":"(80.0,80,80)","average_rake":"(0,0,0)","catalog_id":"EUR_TRCS363","catalog_name":"SHARE","lower_seis_depth":"(13.0,,)","net_slip_rate":"(1.0,0.0001,2.0)","slip_type":"Sinistral","upper_seis_depth":"(0.0,,)"},"geometry":{"type":"LineString","coordinates":[[26.91141,38.65505],[26.917836,38.740173],[26.900365,38.828223],[26.82455,38.894953]]}},{"type":"Feature","properties":{"average_dip":"(85.0,85,85)","average_rake":"(-125,-129,-121)","catalog_id":"EUR_TRCS364","catalog_name":"SHARE","lower_seis_depth":"(13.0,,)","net_slip_rate":"(0.3,0.0001,0.5847)","slip_type":"Dextral-Normal","upper_seis_depth":"(0.0,,)"},"geometry":{"type":"LineString","coordinates":[[27.45103,38.373432],[27.381751,38.327099],[27.288383,38.297481],[27.1896,38.28223]]}},{"type":"Feature","properties":{"average_dip":"(50.0,50,50)","average_rake":"(-90,-90,-90)","catalog_id":"EUR_TRCS365","catalog_name":"SHARE","lower_seis_depth":"(12.0,,)","net_slip_rate":"(1.3,0.0001,2.6108)","slip_type":"Normal","upper_seis_depth":"(0.0,,)"},"geometry":{"type":"LineString","coordinates":[[27.24299,38.46057],[27.136405,38.464924],[27.04366,38.5086]]}},{"type":"Feature","properties":{"average_dip":"(85.0,80,90)","average_rake":"(180,180,180)","catalog_id":"EUR_TRCS366","catalog_name":"SHARE","lower_seis_depth":"(13.0,,)","net_slip_rate":"(1.0,0.0001,2.0)","slip_type":"Dextral","upper_seis_depth":"(0.0,,)"},"geometry":{"type":"LineString","coordinates":[[27.0169,38.22989],[26.924105,38.220819],[26.830576,38.221073]]}},{"type":"Feature","properties":{"average_dip":"(85.0,85,85)","average_rake":"(180,180,180)","catalog_id":"EUR_TRCS367","catalog_name":"SHARE","lower_seis_depth":"(13.0,,)","net_slip_rate":"(1.0,0.0001,2.0)","slip_type":"Dextral","upper_seis_depth":"(0.0,,)"},"geometry":{"type":"LineString","coordinates":[[27.14583,38.20556],[27.096751,38.143678],[27.02757,38.07321]]}},{"type":"Feature","properties":{"average_dip":"(85.0,85,85)","average_rake":"(180,180,180)","catalog_id":"EUR_TRCS368","catalog_name":"SHARE","lower_seis_depth":"(13.0,,)","net_slip_rate":"(1.0,0.0001,2.0)","slip_type":"Dextral","upper_seis_depth":"(0.0,,)"},"geometry":{"type":"LineString","coordinates":[[26.61672,38.09306],[26.629853,38.189909],[26.623946,38.287901],[26.64517,38.38458]]}},{"type":"Feature","properties":{"average_dip":"(67.5,50,85)","average_rake":"(-123,-127,-119)","catalog_id":"EUR_TRCS369","catalog_name":"SHARE","lower_seis_depth":"(13.0,,)","net_slip_rate":"(0.8,0.0001,1.5792)","slip_type":"Dextral-Normal","upper_seis_depth":"(0.0,,)"},"geometry":{"type":"LineString","coordinates":[[27.502865,38.412137],[27.405731,38.428477],[27.32096,38.469922],[27.236155,38.511385]]}},{"type":"Feature","properties":{"average_dip":"(80.0,80,80)","average_rake":"(180,180,180)","catalog_id":"EUR_TRCS370","catalog_name":"SHARE","lower_seis_depth":"(13.0,,)","net_slip_rate":"(0.5,0.0001,1.0)","slip_type":"Dextral","upper_seis_depth":"(0.0,,)"},"geometry":{"type":"LineString","coordinates":[[27.156624,38.677188],[27.019294,38.755168]]}},{"type":"Feature","properties":{"average_dip":"(80.0,80,80)","average_rake":"(180,180,180)","catalog_id":"EUR_TRCS371","catalog_name":"SHARE","lower_seis_depth":"(13.0,,)","net_slip_rate":"(0.5,0.0001,1.0)","slip_type":"Dextral","upper_seis_depth":"(0.0,,)"},"geometry":{"type":"LineString","coordinates":[[27.06042,38.70517],[27.15961,38.65134]]}},{"type":"Feature","properties":{"average_dip":"(77.5,70,85)","average_rake":"(19,0,38)","catalog_id":"EUR_TRCS372","catalog_name":"SHARE","lower_seis_depth":"(20.0,,)","net_slip_rate":"(1.1,0.0001,2.2655)","slip_type":"Sinistral","upper_seis_depth":"(0.0,,)"},"geometry":{"type":"LineString","coordinates":[[37.382844,37.994238],[37.271365,38.012632],[37.155877,38.031688],[37.04036,38.050748],[36.924814,38.069813],[36.806856,38.065849],[36.689268,38.057557],[36.58081,38.020903],[36.490082,37.961512],[36.442298,37.876545]]}},{"type":"Feature","properties":{"average_dip":"(87.5,85,90)","average_rake":"(-178,-178,-178)","catalog_id":"EUR_TRCS373","catalog_name":"SHARE","lower_seis_depth":"(18.0,,)","net_slip_rate":"(2.0,1.0013,3.0004)","slip_type":"Dextral","upper_seis_depth":"(0.0,,)"},"geometry":{"type":"LineString","coordinates":[[33.57129,40.880126],[33.513196,40.829539],[33.417235,40.782356],[33.324444,40.731747],[33.212399,40.714692],[33.134921,40.651055],[33.027833,40.621093]]}},{"type":"Feature","properties":{"average_dip":"(85.0,85,85)","average_rake":"(-178,-178,-178)","catalog_id":"EUR_TRCS374","catalog_name":"SHARE","lower_seis_depth":"(18.0,,)","net_slip_rate":"(2.0,1.0013,3.0004)","slip_type":"Dextral","upper_seis_depth":"(0.0,,)"},"geometry":{"type":"LineString","coordinates":[[34.40374,41.098559],[34.309413,41.055645],[34.19824,41.019367],[34.090378,40.977876],[33.976514,40.946974],[33.857017,40.932832]]}},{"type":"Feature","properties":{"average_dip":"(70.0,70,70)","average_rake":"(-143,-145,-142)","catalog_id":"EUR_TRCS375","catalog_name":"SHARE","lower_seis_depth":"(18.0,,)","net_slip_rate":"(1.1,0.0001,2.2655)","slip_type":"Dextral-Normal","upper_seis_depth":"(0.0,,)"},"geometry":{"type":"LineString","coordinates":[[33.520923,40.719697],[33.573537,40.817079]]}},{"type":"Feature","properties":{"average_dip":"(77.5,70,85)","average_rake":"(-160,-178,-142)","catalog_id":"EUR_TRCS376","catalog_name":"SHARE","lower_seis_depth":"(18.0,,)","net_slip_rate":"(1.5,0.0001,3.0004)","slip_type":"Dextral","upper_seis_depth":"(0.0,,)"},"geometry":{"type":"LineString","coordinates":[[33.576484,40.818793],[33.663231,40.850489],[33.740665,40.90919],[33.835771,40.95055],[33.930922,40.991929],[34.023309,41.036805],[34.121197,41.074552]]}},{"type":"Feature","properties":{"average_dip":"(39.0,39,39)","average_rake":"(-60,-60,-60)","catalog_id":"EUR_TRCS377","catalog_name":"SHARE","lower_seis_depth":"(18.0,,)","net_slip_rate":"(3.5,1.8775,5.1696)","slip_type":"Sinistral-Normal","upper_seis_depth":"(0.0,,)"},"geometry":{"type":"LineString","coordinates":[[32.984518,40.561634],[32.998938,40.664807],[33.013358,40.76798]]}},{"type":"Feature","properties":{"average_dip":"(80.0,80,80)","average_rake":"(-178,-178,-178)","catalog_id":"EUR_TRCS378","catalog_name":"SHARE","lower_seis_depth":"(18.0,,)","net_slip_rate":"(2.0,1.0013,3.0004)","slip_type":"Dextral","upper_seis_depth":"(0.0,,)"},"geometry":{"type":"LineString","coordinates":[[33.221888,40.854984],[33.132787,40.815288],[33.020823,40.78973],[32.904017,40.785872],[32.790614,40.807462],[32.682028,40.840395],[32.566472,40.854373]]}},{"type":"Feature","properties":{"average_dip":"(80.0,80,80)","average_rake":"(-178,-178,-178)","catalog_id":"EUR_TRCS379","catalog_name":"SHARE","lower_seis_depth":"(18.0,,)","net_slip_rate":"(2.0,1.0013,3.0004)","slip_type":"Dextral","upper_seis_depth":"(0.0,,)"},"geometry":{"type":"LineString","coordinates":[[33.212374,40.824621],[33.313895,40.832381],[33.432469,40.849849],[33.546015,40.88113],[33.662869,40.904555],[33.72667,40.982203],[33.836083,41.021359]]}},{"type":"Feature","properties":{"average_dip":"(50.0,50,50)","average_rake":"(-90,-90,-90)","catalog_id":"EUR_TRCS380","catalog_name":"SHARE","lower_seis_depth":"(15.0,,)","net_slip_rate":"(1.3,0.0001,2.6108)","slip_type":"Normal","upper_seis_depth":"(0.0,,)"},"geometry":{"type":"LineString","coordinates":[[31.317912,37.674512],[31.350037,37.579313],[31.346301,37.477248],[31.3128,37.378665]]}},{"type":"Feature","properties":{"average_dip":"(60.0,60,60)","average_rake":"(-90,-90,-90)","catalog_id":"EUR_TRCS381","catalog_name":"SHARE","lower_seis_depth":"(8.0,,)","net_slip_rate":"(1.2,0.0001,2.3094)","slip_type":"Normal","upper_seis_depth":"(0.0,,)"},"geometry":{"type":"LineString","coordinates":[[31.373299,37.322447],[31.373192,37.452423]]}},{"type":"Feature","properties":{"average_dip":"(50.0,50,50)","average_rake":"(-90,-90,-90)","catalog_id":"EUR_TRCS382","catalog_name":"SHARE","lower_seis_depth":"(15.0,,)","net_slip_rate":"(1.3,0.0001,2.6108)","slip_type":"Normal","upper_seis_depth":"(0.0,,)"},"geometry":{"type":"LineString","coordinates":[[31.408128,37.283642],[31.408001,37.187692],[31.449791,37.093382],[31.465126,36.99411]]}},{"type":"Feature","properties":{"average_dip":"(60.0,60,60)","average_rake":"(-90,-90,-90)","catalog_id":"EUR_TRCS383","catalog_name":"SHARE","lower_seis_depth":"(8.0,,)","net_slip_rate":"(1.2,0.0001,2.3094)","slip_type":"Normal","upper_seis_depth":"(0.0,,)"},"geometry":{"type":"LineString","coordinates":[[31.507168,37.121592],[31.431639,37.230472]]}},{"type":"Feature","properties":{"average_dip":"(65.0,65,65)","average_rake":"(-51,-51,-51)","catalog_id":"EUR_TRCS384","catalog_name":"SHARE","lower_seis_depth":"(15.0,,)","net_slip_rate":"(1.0,0.0001,1.9337)","slip_type":"Sinistral-Normal","upper_seis_depth":"(0.0,,)"},"geometry":{"type":"LineString","coordinates":[[31.581077,37.063674],[31.509784,37.096768]]}},{"type":"Feature","properties":{"average_dip":"(65.0,65,65)","average_rake":"(-51,-51,-51)","catalog_id":"EUR_TRCS385","catalog_name":"SHARE","lower_seis_depth":"(15.0,,)","net_slip_rate":"(1.0,0.0001,1.9337)","slip_type":"Sinistral-Normal","upper_seis_depth":"(0.0,,)"},"geometry":{"type":"LineString","coordinates":[[31.581077,37.063674],[31.509784,37.096768]]}},{"type":"Feature","properties":{"average_dip":"(65.0,65,65)","average_rake":"(-51,-51,-51)","catalog_id":"EUR_TRCS386","catalog_name":"SHARE","lower_seis_depth":"(15.0,,)","net_slip_rate":"(1.0,0.0001,1.9337)","slip_type":"Sinistral-Normal","upper_seis_depth":"(0.0,,)"},"geometry":{"type":"LineString","coordinates":[[31.733197,36.778035],[31.652463,36.826869],[31.5717,36.87572],[31.490904,36.92459]]}},{"type":"Feature","properties":{"average_dip":"(50.0,50,50)","average_rake":"(-58,-58,-58)","catalog_id":"EUR_TRCS387","catalog_name":"SHARE","lower_seis_depth":"(8.0,,)","net_slip_rate":"(0.7,0.0001,1.3394)","slip_type":"Sinistral-Normal","upper_seis_depth":"(0.0,,)"},"geometry":{"type":"LineString","coordinates":[[26.60315,38.85743],[26.639251,38.78219],[26.679945,38.698585],[26.727139,38.617105],[26.76828,38.53366]]}},{"type":"Feature","properties":{"average_dip":"(60.0,60,60)","average_rake":"(-126,-126,-126)","catalog_id":"EUR_TRCS388","catalog_name":"SHARE","lower_seis_depth":"(13.0,,)","net_slip_rate":"(1.3,0.0001,2.5166)","slip_type":"Dextral-Normal","upper_seis_depth":"(0.0,,)"},"geometry":{"type":"LineString","coordinates":[[26.43397,38.78113],[26.49947,38.707266],[26.576905,38.632195],[26.627409,38.54426],[26.642047,38.448554],[26.656686,38.35285]]}},{"type":"Feature","properties":{"average_dip":"(80.0,80,80)","average_rake":"(-30,-32,-29)","catalog_id":"EUR_TRCS389","catalog_name":"SHARE","lower_seis_depth":"(13.0,,)","net_slip_rate":"(1.0,0.0001,2.0634)","slip_type":"Sinistral-Normal","upper_seis_depth":"(0.0,,)"},"geometry":{"type":"LineString","coordinates":[[26.58649,38.99072],[26.647932,38.900565],[26.727741,38.816099],[26.856414,38.785411]]}},{"type":"Feature","properties":{"average_dip":"(40.0,40,40)","average_rake":"(100,100,100)","catalog_id":"EUR_TRCS390","catalog_name":"SHARE","lower_seis_depth":"(30.0,,)","net_slip_rate":"(3.9,1.5557,6.3027)","slip_type":"Reverse","upper_seis_depth":"(1.0,,)"},"geometry":{"type":"LineString","coordinates":[[30.78887,37.66907],[30.813503,37.581754],[30.838266,37.493979],[30.863028,37.406209],[30.887788,37.318443],[30.911846,37.230559],[30.95914,37.148884],[31.006425,37.067225],[31.060808,36.988451],[31.129895,36.917442],[31.198958,36.846458],[31.267998,36.775499],[31.340484,36.706824],[31.415525,36.63998],[31.490544,36.573167],[31.565533,36.50638],[31.640493,36.439619],[31.715647,36.373048],[31.790901,36.306599],[31.866182,36.240218],[31.941435,36.173863],[32.016658,36.107533],[32.091853,36.041229],[32.167019,35.97495],[32.242156,35.908696],[32.317264,35.842468],[32.392343,35.776265]]}},{"type":"Feature","properties":{"average_dip":"(65.0,60,70)","average_rake":"(-56,-61,-51)","catalog_id":"EUR_TRCS391","catalog_name":"SHARE","lower_seis_depth":"(13.0,,)","net_slip_rate":"(9.0,4.9282,13.0128)","slip_type":"Sinistral-Normal","upper_seis_depth":"(0.0,,)"},"geometry":{"type":"LineString","coordinates":[[28.48211,37.097988],[28.383736,37.065655],[28.269286,37.050946],[28.155027,37.035429],[28.041698,37.054831],[27.927657,37.038303]]}},{"type":"Feature","properties":{"average_dip":"(70.0,70,70)","average_rake":"(-51,-51,-51)","catalog_id":"EUR_TRCS392","catalog_name":"SHARE","lower_seis_depth":"(13.0,,)","net_slip_rate":"None","slip_type":"Sinistral-Normal","upper_seis_depth":"(0.0,,)"},"geometry":{"type":"LineString","coordinates":[[27.767171,37.002331],[27.831248,37.055221],[27.895345,37.108128]]}},{"type":"Feature","properties":{"average_dip":"(60.0,60,60)","average_rake":"(-61,-61,-61)","catalog_id":"EUR_TRCS393","catalog_name":"SHARE","lower_seis_depth":"(13.0,,)","net_slip_rate":"(9.8,6.5064,13.0128)","slip_type":"Sinistral-Normal","upper_seis_depth":"(0.0,,)"},"geometry":{"type":"LineString","coordinates":[[27.748028,37.010324],[27.640845,36.99037],[27.510022,36.990547]]}},{"type":"Feature","properties":{"average_dip":"(60.0,60,60)","average_rake":"(-72,-72,-72)","catalog_id":"EUR_TRCS394","catalog_name":"SHARE","lower_seis_depth":"(13.0,,)","net_slip_rate":"(5.4,3.6056,7.2111)","slip_type":"Normal","upper_seis_depth":"(0.0,,)"},"geometry":{"type":"LineString","coordinates":[[27.653862,36.81425],[27.772547,36.81859],[27.891225,36.82293],[28.00991,36.82727]]}},{"type":"Feature","properties":{"average_dip":"(60.0,60,60)","average_rake":"(-72,-72,-72)","catalog_id":"EUR_TRCS395","catalog_name":"SHARE","lower_seis_depth":"(13.0,,)","net_slip_rate":"(5.4,3.6056,7.2111)","slip_type":"Normal","upper_seis_depth":"(0.0,,)"},"geometry":{"type":"LineString","coordinates":[[27.41208,36.78325],[27.5477,36.76362]]}},{"type":"Feature","properties":{"average_dip":"(80.0,80,80)","average_rake":"(-6,-6,-6)","catalog_id":"EUR_TRCS396","catalog_name":"SHARE","lower_seis_depth":"(13.0,,)","net_slip_rate":"(5.5,3.0,8.0642)","slip_type":"Sinistral","upper_seis_depth":"(0.0,,)"},"geometry":{"type":"LineString","coordinates":[[27.98008,37.12378],[27.908233,37.052475],[27.828103,36.983772],[27.748006,36.915098],[27.667942,36.846452],[27.587912,36.777835]]}},{"type":"Feature","properties":{"average_dip":"(80.0,80,80)","average_rake":"(-148,-148,-148)","catalog_id":"EUR_TRCS397","catalog_name":"SHARE","lower_seis_depth":"(13.0,,)","net_slip_rate":"(1.0,0.0001,2.0634)","slip_type":"Dextral-Normal","upper_seis_depth":"(0.0,,)"},"geometry":{"type":"LineString","coordinates":[[27.836241,37.154245],[27.728299,37.202843],[27.620312,37.25146]]}},{"type":"Feature","properties":{"average_dip":"(80.0,80,80)","average_rake":"(-148,-148,-148)","catalog_id":"EUR_TRCS398","catalog_name":"SHARE","lower_seis_depth":"(13.0,,)","net_slip_rate":"(1.0,0.0001,2.0634)","slip_type":"Dextral-Normal","upper_seis_depth":"(0.0,,)"},"geometry":{"type":"LineString","coordinates":[[27.690369,37.126352],[27.614185,37.194419]]}},{"type":"Feature","properties":{"average_dip":"(80.0,80,80)","average_rake":"(-146,-146,-146)","catalog_id":"EUR_TRCS399","catalog_name":"SHARE","lower_seis_depth":"(13.0,,)","net_slip_rate":"(1.1,0.0001,2.1226)","slip_type":"Dextral-Normal","upper_seis_depth":"(1.0,,)"},"geometry":{"type":"LineString","coordinates":[[25.76268,37.56996],[25.85714,37.628053],[25.951637,37.686169],[26.04618,37.744314],[26.14077,37.802487],[26.235407,37.860689],[26.33009,37.91892]]}},{"type":"Feature","properties":{"average_dip":"(34.0,30,38)","average_rake":"(90,90,90)","catalog_id":"EUR_TRCS407","catalog_name":"SHARE","lower_seis_depth":"(16.0,,)","net_slip_rate":"(1.0,0.0001,2.0)","slip_type":"Reverse","upper_seis_depth":"(1.5,,)"},"geometry":{"type":"LineString","coordinates":[[36.48336,41.58981],[36.434026,41.646399],[36.368604,41.72144],[36.30316,41.796508],[36.237692,41.871602],[36.172202,41.946722],[36.106689,42.021869],[36.041153,42.097041],[35.951592,42.157091],[35.835265,42.181267],[35.718898,42.205452],[35.602489,42.229646],[35.486039,42.253848],[35.369547,42.278059],[35.253013,42.302279],[35.136438,42.326507],[35.019822,42.350744],[34.903164,42.374989],[34.786464,42.399243],[34.669722,42.423506],[34.552938,42.447778],[34.43656,42.473202],[34.315605,42.4656],[34.194665,42.457998],[34.07374,42.450397],[33.952829,42.442797],[33.831932,42.435198],[33.71105,42.4276],[33.590108,42.420696],[33.469051,42.415131],[33.348005,42.409566],[33.22697,42.404002],[33.105945,42.398438],[32.984931,42.392875],[32.863928,42.387312],[32.762927,42.337831],[32.670041,42.280387],[32.57972,42.220821],[32.490651,42.1603],[32.386309,42.115228],[32.270165,42.090888],[32.154063,42.066556],[32.038002,42.042232],[31.921982,42.017918],[31.806003,41.993612],[31.690065,41.969314],[31.585724,41.92464],[31.488737,41.871663],[31.391802,41.818715],[31.294919,41.765796],[31.198088,41.712905],[31.101308,41.660042],[30.986177,41.635206],[30.870704,41.611398],[30.755271,41.587598],[30.639877,41.563807],[30.524356,41.540472],[30.408859,41.517184],[30.2934,41.493904],[30.17864,41.468877],[30.059295,41.473547],[29.939941,41.478218],[29.820579,41.482889],[29.701208,41.487561],[29.581828,41.492233],[29.46244,41.496905],[29.343043,41.501575],[29.223618,41.505904],[29.104185,41.510232],[28.984744,41.514561],[28.865295,41.51889],[28.745838,41.52322],[28.626373,41.52755],[28.5069,41.53188]]}},{"type":"Feature","properties":{"average_dip":"(30.0,30,30)","average_rake":"(90,90,90)","catalog_id":"EUR_TRCS408","catalog_name":"SHARE","lower_seis_depth":"(16.0,,)","net_slip_rate":"(1.0,0.0001,2.0)","slip_type":"Reverse","upper_seis_depth":"(1.0,,)"},"geometry":{"type":"LineString","coordinates":[[40.68169,41.16951],[40.770706,41.227235],[40.859752,41.284979],[40.948843,41.342753],[41.03798,41.400556],[41.127162,41.458389],[41.21639,41.516251],[41.305664,41.574143],[41.394984,41.632065],[41.48435,41.690017],[41.573762,41.747998],[41.66322,41.80601]]}},{"type":"Feature","properties":{"average_dip":"(30.0,30,30)","average_rake":"(90,90,90)","catalog_id":"EUR_TRCS409","catalog_name":"SHARE","lower_seis_depth":"(16.0,,)","net_slip_rate":"(1.0,0.0001,2.0)","slip_type":"Reverse","upper_seis_depth":"(1.5,,)"},"geometry":{"type":"LineString","coordinates":[[39.36704,41.26469],[39.487954,41.275261],[39.608848,41.28583],[39.729762,41.2964],[39.850695,41.306973],[39.971647,41.317547],[40.092618,41.328123],[40.213609,41.3387],[40.33462,41.349279],[40.45565,41.35986]]}},{"type":"Feature","properties":{"average_dip":"(30.0,30,30)","average_rake":"(90,90,90)","catalog_id":"EUR_TRCS410","catalog_name":"SHARE","lower_seis_depth":"(16.0,,)","net_slip_rate":"(1.0,0.0001,2.0)","slip_type":"Reverse","upper_seis_depth":"(2.0,,)"},"geometry":{"type":"LineString","coordinates":[[38.33793,41.28253],[38.454589,41.298134],[38.571261,41.31374],[38.68796,41.329349],[38.804686,41.344962],[38.921439,41.360579],[39.038219,41.376199],[39.155026,41.391823],[39.27186,41.40745]]}},{"type":"Feature","properties":{"average_dip":"(30.0,30,30)","average_rake":"(90,90,90)","catalog_id":"EUR_TRCS411","catalog_name":"SHARE","lower_seis_depth":"(16.0,,)","net_slip_rate":"(1.0,0.0001,2.0)","slip_type":"Reverse","upper_seis_depth":"(1.0,,)"},"geometry":{"type":"LineString","coordinates":[[37.04707,41.33607],[37.163687,41.338449],[37.28026,41.340828],[37.396838,41.343207],[37.51342,41.345586],[37.630006,41.347964],[37.746596,41.350343],[37.863191,41.352722],[37.97979,41.355102],[38.096393,41.357481],[38.213,41.35986]]}},{"type":"Feature","properties":{"average_dip":"(80.0,80,80)","average_rake":"(-148,-148,-148)","catalog_id":"EUR_TRCS412","catalog_name":"SHARE","lower_seis_depth":"(13.0,,)","net_slip_rate":"(1.0,0.0001,2.0634)","slip_type":"Dextral-Normal","upper_seis_depth":"(0.0,,)"},"geometry":{"type":"LineString","coordinates":[[28.10759,37.259375],[28.067921,37.358055]]}},{"type":"Feature","properties":{"average_dip":"(80.0,80,80)","average_rake":"(-148,-148,-148)","catalog_id":"EUR_TRCS413","catalog_name":"SHARE","lower_seis_depth":"(13.0,,)","net_slip_rate":"(1.0,0.0001,2.0634)","slip_type":"Dextral-Normal","upper_seis_depth":"(0.0,,)"},"geometry":{"type":"LineString","coordinates":[[28.096112,37.372517],[28.149421,37.285086],[28.256652,37.236843],[28.366093,37.191956]]}},{"type":"Feature","properties":{"average_dip":"(80.0,80,80)","average_rake":"(-148,-148,-148)","catalog_id":"EUR_TRCS414","catalog_name":"SHARE","lower_seis_depth":"(13.0,,)","net_slip_rate":"(1.0,0.0001,2.0634)","slip_type":"Dextral-Normal","upper_seis_depth":"(0.0,,)"},"geometry":{"type":"LineString","coordinates":[[28.54368,37.131547],[28.47295,37.17554],[28.402194,37.219549]]}},{"type":"Feature","properties":{"average_dip":"(80.0,80,80)","average_rake":"(-148,-148,-148)","catalog_id":"EUR_TRCS415","catalog_name":"SHARE","lower_seis_depth":"(13.0,,)","net_slip_rate":"(1.0,0.0001,2.0634)","slip_type":"Dextral-Normal","upper_seis_depth":"(0.0,,)"},"geometry":{"type":"LineString","coordinates":[[27.519413,37.436707],[27.611481,37.38943],[27.708873,37.347648],[27.815761,37.324959],[27.922619,37.302276]]}},{"type":"Feature","properties":{"average_dip":"(85.0,85,85)","average_rake":"(-148,-148,-148)","catalog_id":"EUR_TRCS416","catalog_name":"SHARE","lower_seis_depth":"(13.0,,)","net_slip_rate":"(1.0,0.0001,2.062)","slip_type":"Dextral-Normal","upper_seis_depth":"(0.0,,)"},"geometry":{"type":"LineString","coordinates":[[27.585544,38.812403],[27.606005,38.902081],[27.626467,38.99176],[27.646929,39.081443],[27.667392,39.171129]]}},{"type":"Feature","properties":{"average_dip":"(85.0,85,85)","average_rake":"(180,180,180)","catalog_id":"EUR_TRCS417","catalog_name":"SHARE","lower_seis_depth":"(18.0,,)","net_slip_rate":"(3.0,3.0,3.0)","slip_type":"Dextral","upper_seis_depth":"(0.0,,)"},"geometry":{"type":"LineString","coordinates":[[26.85807,39.76465],[26.939888,39.821412],[27.021741,39.878198],[27.10363,39.93501]]}},{"type":"Feature","properties":{"average_dip":"(85.0,85,85)","average_rake":"(180,180,180)","catalog_id":"EUR_TRCS418","catalog_name":"SHARE","lower_seis_depth":"(16.0,,)","net_slip_rate":"(0.5,0.0001,1.0)","slip_type":"Dextral","upper_seis_depth":"(0.0,,)"},"geometry":{"type":"LineString","coordinates":[[28.66066,41.09099],[28.628953,41.178412],[28.597254,41.265809],[28.565552,41.353215],[28.533848,41.440629],[28.50214,41.528051],[28.470429,41.615481],[28.438716,41.70292],[28.406999,41.790367],[28.375279,41.877822],[28.343557,41.965286],[28.311831,42.052758],[28.280102,42.140238],[28.248371,42.227727],[28.216636,42.315224],[28.184898,42.40273],[28.153157,42.490244],[28.121413,42.577765],[28.089667,42.665295],[28.057917,42.752832],[28.026165,42.840377],[27.99441,42.92793]]}},{"type":"Feature","properties":{"average_dip":"(60.0,50,70)","average_rake":"(-102,-142,-62)","catalog_id":"EUR_TRCS419","catalog_name":"SHARE","lower_seis_depth":"(14.0,,)","net_slip_rate":"(1.3,0.0001,2.6185)","slip_type":"Normal","upper_seis_depth":"(0.0,,)"},"geometry":{"type":"LineString","coordinates":[[29.916702,36.712633],[29.92438,36.654402],[29.973907,36.582231],[30.039228,36.518709],[30.126269,36.475201]]}},{"type":"Feature","properties":{"average_dip":"(50.0,50,50)","average_rake":"(-76,-90,-62)","catalog_id":"EUR_TRCS420","catalog_name":"SHARE","lower_seis_depth":"(14.0,,)","net_slip_rate":"(1.3,0.0001,2.6185)","slip_type":"Normal","upper_seis_depth":"(0.0,,)"},"geometry":{"type":"LineString","coordinates":[[30.063288,36.856691],[30.033297,36.786586],[30.034367,36.710149]]}},{"type":"Feature","properties":{"average_dip":"(50.0,50,50)","average_rake":"(-90,-90,-90)","catalog_id":"EUR_TRCS421","catalog_name":"SHARE","lower_seis_depth":"(14.0,,)","net_slip_rate":"(0.7,0.0001,1.3054)","slip_type":"Normal","upper_seis_depth":"(0.0,,)"},"geometry":{"type":"LineString","coordinates":[[30.874136,37.826948],[30.866587,37.731795],[30.865986,37.632807],[30.93032,37.54795]]}},{"type":"Feature","properties":{"average_dip":"(50.0,50,50)","average_rake":"(-90,-90,-90)","catalog_id":"EUR_TRCS422","catalog_name":"SHARE","lower_seis_depth":"(14.0,,)","net_slip_rate":"(2.6,1.3054,3.9162)","slip_type":"Normal","upper_seis_depth":"(0.0,,)"},"geometry":{"type":"LineString","coordinates":[[30.196385,38.049576],[30.134515,38.116819],[30.065964,38.180574],[29.990528,38.239375]]}},{"type":"Feature","properties":{"average_dip":"(50.0,50,50)","average_rake":"(-90,-90,-90)","catalog_id":"EUR_TRCS423","catalog_name":"SHARE","lower_seis_depth":"(14.0,,)","net_slip_rate":"(1.3,0.0001,2.6108)","slip_type":"Normal","upper_seis_depth":"(0.0,,)"},"geometry":{"type":"LineString","coordinates":[[30.26669,37.946464],[30.194726,38.00527]]}},{"type":"Feature","properties":{"average_dip":"(85.0,85,85)","average_rake":"(0,0,0)","catalog_id":"EUR_TRCS424","catalog_name":"SHARE","lower_seis_depth":"(20.0,,)","net_slip_rate":"(2.5,2.0,3.0)","slip_type":"Sinistral","upper_seis_depth":"(0.0,,)"},"geometry":{"type":"LineString","coordinates":[[42.724764,39.329681],[42.702548,39.232951],[42.680333,39.136228]]}},{"type":"Feature","properties":{"average_dip":"(75.0,75,75)","average_rake":"(142,142,142)","catalog_id":"EUR_TRCS425","catalog_name":"SHARE","lower_seis_depth":"(12.0,,)","net_slip_rate":"(1.1,0.0001,2.2521)","slip_type":"Dextral-Reverse","upper_seis_depth":"(0.0,,)"},"geometry":{"type":"LineString","coordinates":[[39.975214,39.504098],[39.898979,39.551945],[39.78003,39.573407],[39.660474,39.592899]]}},{"type":"Feature","properties":{"average_dip":"(85.0,85,85)","average_rake":"(0,0,0)","catalog_id":"EUR_TRCS426","catalog_name":"SHARE","lower_seis_depth":"(12.0,,)","net_slip_rate":"(2.0,1.0,3.0)","slip_type":"Sinistral","upper_seis_depth":"(0.0,,)"},"geometry":{"type":"LineString","coordinates":[[42.627566,39.085214],[42.733059,39.126635],[42.838594,39.168074],[42.944179,39.209532]]}},{"type":"Feature","properties":{"average_dip":"(70.0,70,70)","average_rake":"(-166,-166,-166)","catalog_id":"EUR_TRCS427","catalog_name":"SHARE","lower_seis_depth":"(12.0,,)","net_slip_rate":"(3.1,1.0,5.112)","slip_type":"Dextral","upper_seis_depth":"(0.0,,)"},"geometry":{"type":"LineString","coordinates":[[36.901523,40.529726],[36.790837,40.560005],[36.680126,40.59029],[36.569371,40.620587],[36.458571,40.650897],[36.347727,40.681219],[36.236838,40.711553],[36.125904,40.741899],[36.014925,40.772257]]}},{"type":"Feature","properties":{"average_dip":"(80.0,80,80)","average_rake":"(0,0,0)","catalog_id":"EUR_TRCS428","catalog_name":"SHARE","lower_seis_depth":"(20.0,,)","net_slip_rate":"(2.0,1.0,3.0)","slip_type":"Sinistral","upper_seis_depth":"(0.0,,)"},"geometry":{"type":"LineString","coordinates":[[43.715965,37.84421],[43.651983,37.78508],[43.600213,37.716518],[43.542628,37.650948]]}},{"type":"Feature","properties":{"average_dip":"(85.0,85,85)","average_rake":"(180,180,180)","catalog_id":"EUR_TRCS429","catalog_name":"SHARE","lower_seis_depth":"(20.0,,)","net_slip_rate":"(5.5,3.0,8.0)","slip_type":"Dextral","upper_seis_depth":"(0.0,,)"},"geometry":{"type":"LineString","coordinates":[[43.387218,40.160715],[43.498583,40.163662],[43.611001,40.166636],[43.718597,40.141616]]}},{"type":"Feature","properties":{"average_dip":"(85.0,85,85)","average_rake":"(180,180,180)","catalog_id":"EUR_TRCS430","catalog_name":"SHARE","lower_seis_depth":"(20.0,,)","net_slip_rate":"(6.5,5.0,8.0)","slip_type":"Dextral","upper_seis_depth":"(0.0,,)"},"geometry":{"type":"LineString","coordinates":[[44.020133,40.072101],[44.117259,40.033917],[44.224573,39.991727],[44.331835,39.949558],[44.439045,39.907409],[44.527645,39.844862],[44.622347,39.787901],[44.718118,39.732085],[44.813839,39.676298],[44.909512,39.620539]]}},{"type":"Feature","properties":{"average_dip":"(85.0,85,85)","average_rake":"(180,180,180)","catalog_id":"EUR_TRCS431","catalog_name":"SHARE","lower_seis_depth":"(20.0,,)","net_slip_rate":"(4.0,2.0,6.0)","slip_type":"Dextral","upper_seis_depth":"(0.0,,)"},"geometry":{"type":"LineString","coordinates":[[44.294314,38.964475],[44.230128,39.019974],[44.165921,39.075491]]}},{"type":"Feature","properties":{"average_dip":"(85.0,85,85)","average_rake":"(180,180,180)","catalog_id":"EUR_TRCS432","catalog_name":"SHARE","lower_seis_depth":"(20.0,,)","net_slip_rate":"(6.5,5.0,8.0)","slip_type":"Dextral","upper_seis_depth":"(0.0,,)"},"geometry":{"type":"LineString","coordinates":[[44.367157,37.026507],[44.253719,37.063327],[44.140237,37.100161]]}},{"type":"Feature","properties":{"average_dip":"(85.0,85,85)","average_rake":"(180,180,180)","catalog_id":"EUR_TRCS433","catalog_name":"SHARE","lower_seis_depth":"(20.0,,)","net_slip_rate":"(6.5,5.0,8.0)","slip_type":"Dextral","upper_seis_depth":"(0.0,,)"},"geometry":{"type":"LineString","coordinates":[[44.36925,37.025385],[44.30375,37.092575],[44.23823,37.159784]]}},{"type":"Feature","properties":{"average_dip":"(85.0,85,85)","average_rake":"(180,180,180)","catalog_id":"EUR_TRCS434","catalog_name":"SHARE","lower_seis_depth":"(20.0,,)","net_slip_rate":"(4.0,3.0,5.0)","slip_type":"Dextral","upper_seis_depth":"(0.0,,)"},"geometry":{"type":"LineString","coordinates":[[33.023288,40.57733],[33.023104,40.512465]]}},{"type":"Feature","properties":{"average_dip":"(60.0,60,60)","average_rake":"(-53,-53,-53)","catalog_id":"EUR_TRCS435","catalog_name":"SHARE","lower_seis_depth":"(10.0,,)","net_slip_rate":"(2.8,1.5275,4.0)","slip_type":"Sinistral-Normal","upper_seis_depth":"(0.0,,)"},"geometry":{"type":"LineString","coordinates":[[33.178195,40.550567],[33.131776,40.609104]]}},{"type":"Feature","properties":{"average_dip":"(85.0,85,85)","average_rake":"(-178,-178,-178)","catalog_id":"EUR_TRCS436","catalog_name":"SHARE","lower_seis_depth":"(18.0,,)","net_slip_rate":"(2.0,1.0013,3.0004)","slip_type":"Dextral","upper_seis_depth":"(0.0,,)"},"geometry":{"type":"LineString","coordinates":[[33.049848,40.520881],[33.126033,40.54452]]}},{"type":"Feature","properties":{"average_dip":"(85.0,85,85)","average_rake":"(180,180,180)","catalog_id":"EUR_TRCS437","catalog_name":"SHARE","lower_seis_depth":"(15.0,,)","net_slip_rate":"(1.5,1.0,2.0)","slip_type":"Dextral","upper_seis_depth":"(0.0,,)"},"geometry":{"type":"LineString","coordinates":[[33.425165,39.407397],[33.499392,39.363843],[33.593305,39.30874],[33.68717,39.253663],[33.780989,39.198614],[33.874761,39.143592],[33.970662,39.090904],[34.072351,39.045304],[34.175048,39.00118],[34.277696,38.957076],[34.372875,38.903877],[34.4801,38.86719],[34.579204,38.81867],[34.678261,38.770174]]}},{"type":"Feature","properties":{"average_dip":"(46.0,46,46)","average_rake":"(-90,-90,-90)","catalog_id":"EUR_TRCS438","catalog_name":"SHARE","lower_seis_depth":"(6.0,,)","net_slip_rate":"(0.7,0.0001,1.3902)","slip_type":"Normal","upper_seis_depth":"(0.0,,)"},"geometry":{"type":"LineString","coordinates":[[29.034874,39.085033],[28.970431,39.144229],[28.884265,39.201181]]}},{"type":"Feature","properties":{"average_dip":"(80.0,80,80)","average_rake":"(0,0,0)","catalog_id":"EUR_TRCS439","catalog_name":"SHARE","lower_seis_depth":"(18.0,,)","net_slip_rate":"(2.0,1.0,3.0)","slip_type":"Sinistral","upper_seis_depth":"(0.0,,)"},"geometry":{"type":"LineString","coordinates":[[33.498131,36.58278],[33.587478,36.634531],[33.67685,36.686297],[33.766262,36.738086],[33.855714,36.789898],[33.945206,36.841733],[34.034738,36.893591],[34.12431,36.945473],[34.213922,36.997378],[34.303575,37.049306],[34.393268,37.101258],[34.483002,37.153233]]}},{"type":"Feature","properties":{"average_dip":"(65.0,50,80)","average_rake":"(-90,-100,-80)","catalog_id":"EUR_TRCS901","catalog_name":"SHARE","lower_seis_depth":"(15.0,,)","net_slip_rate":"(0.9,0.6,1.1)","slip_type":"Normal","upper_seis_depth":"(0.0,,)"},"geometry":{"type":"LineString","coordinates":[[26.433029,40.010732],[26.418467,40.002232],[26.405771,40.000766],[26.377766,39.990508],[26.365818,39.98787],[26.351237,39.977175],[26.334398,39.971274],[26.318461,39.968914],[26.295908,39.968678],[26.274558,39.965137],[26.253208,39.961597],[26.239977,39.959472],[26.225048,39.958853],[26.205997,39.958764],[26.180137,39.960416],[26.169011,39.962305]]}},{"type":"Feature","properties":{"average_dip":"(62.5,45,80)","average_rake":"(-105,-120,-90)","catalog_id":"EUR_TRCS904","catalog_name":"SHARE","lower_seis_depth":"(15.0,,)","net_slip_rate":"(1.6,0.8,2.5)","slip_type":"Normal","upper_seis_depth":"(0.0,,)"},"geometry":{"type":"LineString","coordinates":[[25.662884,39.516132],[25.698085,39.527357],[25.733285,39.538582],[25.784985,39.5429],[25.836685,39.547217],[25.880686,39.540309],[25.924686,39.533401],[25.960986,39.518722],[25.997286,39.504044],[26.025886,39.489365],[26.054486,39.474686],[26.102886,39.453963]]}},{"type":"Feature","properties":{"average_dip":"(65.0,50,80)","average_rake":"(-75,-90,-60)","catalog_id":"EUR_TRCS905","catalog_name":"SHARE","lower_seis_depth":"(18.0,,)","net_slip_rate":"(0.8,0.7,1.0)","slip_type":"Normal","upper_seis_depth":"(0.0,,)"},"geometry":{"type":"LineString","coordinates":[[27.610302,38.505888],[27.593542,38.51837],[27.582799,38.531188],[27.567758,38.555139],[27.541114,38.577065],[27.505876,38.598991],[27.478802,38.610123],[27.459464,38.614171],[27.447861,38.613497],[27.435828,38.609786],[27.415631,38.607762],[27.379103,38.607762],[27.340856,38.614171],[27.304328,38.624629],[27.276825,38.636435]]}},{"type":"Feature","properties":{"average_dip":"(57.5,45,70)","average_rake":"(-90,-100,-80)","catalog_id":"EUR_TRCS907","catalog_name":"SHARE","lower_seis_depth":"(13.5,,)","net_slip_rate":"(0.8,0.5,1.0)","slip_type":"Normal","upper_seis_depth":"(0.0,,)"},"geometry":{"type":"LineString","coordinates":[[26.515915,38.432301],[26.492935,38.44723],[26.461239,38.463402],[26.431128,38.480818],[26.405771,38.49699],[26.385169,38.510052],[26.359019,38.52809]]}},{"type":"Feature","properties":{"average_dip":"(75.0,65,85)","average_rake":"(-125,-110,-140)","catalog_id":"EUR_TRCS912","catalog_name":"SHARE","lower_seis_depth":"(15.0,,)","net_slip_rate":"(0.8,0.5,1.0)","slip_type":"Dextral-Normal","upper_seis_depth":"(0.0,,)"},"geometry":{"type":"LineString","coordinates":[[27.519627,37.838987],[27.504157,37.831566],[27.487827,37.820771],[27.473216,37.794459],[27.456026,37.778942],[27.43368,37.772196],[27.411333,37.760726],[27.403598,37.753305],[27.398441,37.738463],[27.380392,37.707428],[27.355467,37.687188],[27.340856,37.672346],[27.305618,37.658853],[27.266082,37.646709],[27.236,37.634565],[27.206778,37.624445],[27.177556,37.622421],[27.146614,37.620397]]}},{"type":"Feature","properties":{"average_dip":"(62.5,50,75)","average_rake":"(-85,-100,-70)","catalog_id":"EUR_TRCS913","catalog_name":"SHARE","lower_seis_depth":"(14.5,,)","net_slip_rate":"(1.8,0.5,3.0)","slip_type":"Normal","upper_seis_depth":"(0.0,,)"},"geometry":{"type":"LineString","coordinates":[[27.391798,36.936121],[27.471934,36.951685],[27.529764,36.959467],[27.583464,36.96271],[27.641702,36.969429],[27.694344,36.976553],[27.742998,36.980656],[27.791652,36.984758],[27.884948,36.995077],[27.932145,37.000065],[27.979342,37.005052],[28.039246,37.010039],[28.09915,37.015026],[28.171762,37.023576],[28.24437,37.0364],[28.32969,37.049224]]}},{"type":"Feature","properties":{"average_dip":"(72.5,55,90)","average_rake":"(22,180,-135)","catalog_id":"EUR_TRCS996","catalog_name":"SHARE","lower_seis_depth":"(19.0,,)","net_slip_rate":"(27.7,26.5,28.8881)","slip_type":"Sinistral","upper_seis_depth":"(0.0,,)"},"geometry":{"type":"LineString","coordinates":[[28.026022,40.80224],[27.881072,40.811477],[27.710143,40.808178],[27.575641,40.803779],[27.501385,40.79608],[27.424327,40.777384],[27.336198,40.75212],[27.20682,40.715472],[27.136914,40.699998],[27.067007,40.682895],[26.987711,40.655205],[26.900067,40.616927],[26.84888,40.595414],[26.681833,40.532155],[26.585053,40.491599],[26.488272,40.451043],[26.321028,40.371284],[26.200499,40.315794],[26.085589,40.272354],[25.926659,40.247307],[25.773818,40.212031],[25.628512,40.161581],[25.524078,40.123521],[25.389534,40.092251],[25.251618,40.053514],[25.081501,40.006679],[25.005397,39.984839]]}},{"type":"Feature","properties":{"average_dip":"(55.0,40,70)","average_rake":"(60,30,90)","catalog_id":"EUR_TRCS997","catalog_name":"SHARE","lower_seis_depth":"(25.0,,)","net_slip_rate":"(0.8,0.19,1.5)","slip_type":"Sinistral-Reverse","upper_seis_depth":"(2.5,,)"},"geometry":{"type":"LineString","coordinates":[[36.07331,35.76788],[35.968438,35.64406],[35.863566,35.52024],[35.758694,35.39642],[35.659703,35.314018],[35.560712,35.231616],[35.420945,35.171891],[35.281178,35.112165],[35.077462,35.045332],[34.913834,35.003062],[34.749797,34.96779],[34.564385,34.94298],[34.452278,34.94279],[34.34017,34.942599],[34.16578,34.942302],[34.045806,34.970093],[33.925832,34.997883]]}},{"type":"Feature","properties":{"average_dip":"(60.0,40,80)","average_rake":"(70,40,100)","catalog_id":"EUR_TRCS998","catalog_name":"SHARE","lower_seis_depth":"(24.5,,)","net_slip_rate":"(1.7,0.36,3.0)","slip_type":"Reverse","upper_seis_depth":"(2.0,,)"},"geometry":{"type":"LineString","coordinates":[[34.949311,35.744973],[34.858932,35.657337],[34.768552,35.569701],[34.686301,35.520571],[34.604049,35.471441],[34.501446,35.415278],[34.398843,35.359114],[34.291321,35.32273],[34.183799,35.286346],[34.058892,35.256816],[33.933984,35.227286],[33.83421,35.22008],[33.734436,35.212875],[33.627225,35.213865],[33.549401,35.226213],[33.471576,35.238561]]}},{"type":"Feature","properties":{"average_dip":"(70.0,50,90)","average_rake":"(35,10,60)","catalog_id":"EUR_TRCS999","catalog_name":"SHARE","lower_seis_depth":"(25.0,,)","net_slip_rate":"(1.7,0.4,3.0)","slip_type":"Sinistral-Reverse","upper_seis_depth":"(2.0,,)"},"geometry":{"type":"LineString","coordinates":[[34.879748,35.865749],[34.942292,35.944967],[35.004836,36.024185],[35.079884,36.107572],[35.154932,36.190959],[35.225812,36.2806],[35.296692,36.370241],[35.37382,36.451543],[35.450948,36.532845],[35.519748,36.597469],[35.588548,36.662093],[35.688612,36.766329],[35.75784,36.824414],[35.827068,36.882498],[35.947108,36.962289],[36.055508,37.058181]]}}],"metadata":{"source":"GEM Global Active Faults","layer_id":"europe","feature_count":1128}}