{"type":"FeatureCollection","features":[{"type":"Feature","properties":{"average_dip":"(74.0,,)","catalog_id":"MX_2.0","catalog_name":"Villegas Mexico","dip_dir":"W","last_movement":"1887","name":"Teras","net_slip_rate":"(0.07,,)","reference":"Suter M. & Contreras J., 2002","slip_type":"Normal"},"geometry":{"type":"LineString","coordinates":[[-109.21274823452768,30.805490750814332],[-109.24514219869707,30.701970908794788],[-109.24443798208469,30.66535164495114],[-109.26345183061889,30.62239443159609]]}},{"type":"Feature","properties":{"average_dip":"(74.0,,)","catalog_id":"MX_3.0","catalog_name":"Villegas Mexico","dip_dir":"W","last_movement":"1887","name":"Otates","net_slip_rate":"(0.06,,)","reference":"Suter M. & Contreras J., 2002","slip_type":"Normal"},"geometry":{"type":"LineString","coordinates":[[-109.18387535342019,30.516761939739414],[-109.15570668892508,30.42239691368078],[-109.16486150488599,30.38577764983713],[-109.16274885504886,30.34704573615635]]}},{"type":"Feature","properties":{"average_dip":"(74.0,,)","catalog_id":"MX_4.0","catalog_name":"Villegas Mexico","dip_dir":"W","last_movement":"1887","name":"Pitaycachi","net_slip_rate":"(0.015,,)","reference":"Suter M. & Contreras J., 2002","slip_type":"Normal"},"geometry":{"type":"LineString","coordinates":[[-109.17331242454546,31.242808899090907],[-109.15852386181818,31.19280947272727],[-109.14162264727273,31.17802091],[-109.12683408454545,31.13576787363636],[-109.14232686454545,31.05689553909091],[-109.16134073090909,31.031543717272726],[-109.16274916545454,31.00478346090909],[-109.16627025181818,30.993515984545454],[-109.15500277545455,30.958305120909092],[-109.15570699272727,30.918164736363636],[-109.13880577818182,30.892108697272725],[-109.14443951636363,30.884362307272728],[-109.14443951636363,30.870277961818182],[-109.18176303181818,30.82239118727273]]}},{"type":"Feature","properties":{"average_dip":"(80.0,,)","catalog_id":"MX_5.0","catalog_name":"Villegas Mexico","dip_dir":"S","last_movement":"1912","name":"Acambay-Timadeje","net_slip_rate":"(0.17,,)","reference":"Langridge R. M., et al, 2000","slip_type":"Normal"},"geometry":{"type":"LineString","coordinates":[[-100.05088776830948,20.002033918293595],[-100.0207268359556,19.997289501968265],[-100.01462687210875,19.997289501968265],[-99.992599224884,19.991528425001793],[-99.96345495317127,19.98576734803532],[-99.9451550616307,19.982717366111896],[-99.93024403889396,19.98000627106885],[-99.91601078991796,19.98000627106885],[-99.90889416542997,19.981700705470754],[-99.90686084414769,19.987461782437226],[-99.90448863598502,19.98983399059989],[-99.8997442196597,19.990850651241033],[-99.88991650012865,19.987461782437226],[-99.87703879867419,19.983056252992277],[-99.86517775786086,19.98000627106885],[-99.86009445465515,19.978989610427707],[-99.85331671704753,19.975261854743522],[-99.84789452696144,19.972889646580857],[-99.83671125990888,19.973567420341617],[-99.82891686166012,19.9756007416239],[-99.82552799285632,19.977295176025805],[-99.82112246341137,19.97492296786314],[-99.81603916020566,19.97017855153781],[-99.80926142259804,19.964417474571338],[-99.79740038178473,19.96068971888715],[-99.78791154913407,19.960350832006768],[-99.7818115852872,19.96001194512639],[-99.77740605584226,19.961367492647913],[-99.77266163951693,19.964078587690956],[-99.73199521387124,19.933578768456695],[-99.7292841188282,19.9264621439687],[-99.71979528617754,19.919006632600322],[-99.71335643545031,19.911212234351567],[-99.70590092408193,19.905790044265476]]}},{"type":"Feature","properties":{"average_dip":"(60.0,,)","catalog_id":"MX_6.0","catalog_name":"Villegas Mexico","dip_dir":"N","name":"Pastores Este","net_slip_rate":"(0.03,,)","reference":"Langridge R. M., et al, 2013","slip_type":"Normal"},"geometry":{"type":"LineString","coordinates":[[-100.0468211257449,19.8580069941318],[-100.0346211980512,19.856990333490657],[-100.02343793099864,19.860040315414082],[-100.0081880213815,19.85834588101218],[-100.00005473625237,19.8580069941318],[-99.98412705287447,19.852923690926087],[-99.97200239144861,19.85436061622241],[-99.95331318977706,19.84965653144794],[-99.94784628044458,19.849147981742593],[-99.9342425758265,19.846096683510503],[-99.90906936541178,19.84380820983644],[-99.88402329242338,19.844825309247135],[-99.86914821354193,19.84317252270475],[-99.85579878377655,19.844698171820795],[-99.84651775165393,19.842536835573064],[-99.79197819169862,19.855973672849515],[-99.77164497887577,19.861056976055224],[-99.73335076139276,19.87359579062931]]}},{"type":"Feature","properties":{"average_dip":"(70.0,,)","catalog_id":"MX_8.0","catalog_name":"Villegas Mexico","dip_dir":"N","last_movement":"1979","name":"Venta de Bravo","net_slip_rate":"(0.2,,)","reference":"Suter, M., et al, 1992","slip_type":"Dextral"},"geometry":{"type":"LineString","coordinates":[[-100.38744475407165,19.847031661237786],[-100.36689166775243,19.846530366449514],[-100.35385800325732,19.847031661237786],[-100.34383210749185,19.851042019543975],[-100.33831786482084,19.85605496742671],[-100.3333049169381,19.858561441368078],[-100.32528420032573,19.858561441368078],[-100.31726348371335,19.856556262214983],[-100.31174924104234,19.855052377850164],[-100.30172334527686,19.855553672638436],[-100.29270003908793,19.85705755700326],[-100.28117025895764,19.859564030944625],[-100.26964047882736,19.859062736156353],[-100.25610551954396,19.856556262214983],[-100.24908739250813,19.85354849348534],[-100.23304595928337,19.855553672638436],[-100.21098898859934,19.856556262214983],[-100.1964514397394,19.85705755700326],[-100.1849216596091,19.855553672638436],[-100.17439446905536,19.854049788273617],[-100.16286468892507,19.855052377850164],[-100.15133490879478,19.85705755700326],[-100.14181030781758,19.85705755700326],[-100.13779994951139,19.858561441368078],[-100.12977923289901,19.859062736156353],[-100.11724686319216,19.85605496742671],[-100.11123132573289,19.85455108306189],[-100.10571708306188,19.85455108306189],[-100.10020284039086,19.855052377850164],[-100.09669377687295,19.85755885179153],[-100.09368600814331,19.858561441368078],[-100.08516399674266,19.858060146579806],[-100.07714328013029,19.856556262214983],[-100.06962385830617,19.85354849348534],[-100.05909666775243,19.851042019543975],[-100.05157724592833,19.84753295602606],[-100.0425539397394,19.84602907166124],[-100.03553581270357,19.843021302931596]]}},{"type":"Feature","properties":{"average_dip":"(70.0,,)","catalog_id":"MX_15.0","catalog_name":"Villegas Mexico","dip_dir":"NE","name":"Amargosa (Seccion I)","net_slip_rate":"(0.75,,)","reference":"Collins, E.W., & Raney, J.A., 1993","slip_type":"Normal"},"geometry":{"type":"LineString","coordinates":[[-106.04697992572875,31.314219350426807],[-106.04131901238904,31.310445408200337],[-106.03565809904933,31.304155504489554],[-106.03188415682285,31.299752571892004],[-106.02685223385423,31.29723661040769],[-106.01804636865914,31.28905973558367],[-106.00798252272187,31.284027812615044],[-105.99980564789786,31.28088286075965],[-105.99477372492923,31.27710891853318],[-105.98345189824983,31.270819014822397],[-105.9721300715704,31.264529111111614],[-105.96395319674639,31.25761021702975],[-105.95955026414885,31.25383627480328],[-105.95514733155129,31.246288390350337],[-105.94948641821159,31.23685353478416],[-105.9431965145008,31.22867665996014],[-105.93376165893463,31.218612814022887],[-105.92747175522385,31.20980694882779],[-105.91929488039982,31.198485122148377],[-105.91048901520473,31.18967925695328],[-105.8997961788964,31.17709944953171],[-105.88847435221697,31.162003680625826],[-105.86708867960031,31.13747305615377],[-105.8589118047763,31.126780219845436],[-105.85450887217874,31.12111930650573],[-105.84633199735472,31.10979747982632],[-105.832494209191,31.094072720549356],[-105.81928541139835,31.08149291312779],[-105.8029316617503,31.0695420960773],[-105.7890938735866,31.058220269397886],[-105.77777204690717,31.048785413831713],[-105.768337191341,31.04186651974985],[-105.7538704128062,31.032431664183672],[-105.74632252835326,31.028028731586122],[-105.73751666315816,31.023625798988572],[-105.73248474018953,31.019851856762102],[-105.72745281722091,31.014819933793476],[-105.72116291351011,31.006643058969455],[-105.71550200017042,30.999724164887592],[-105.7098410868307,30.994692241918965],[-105.70229320237776,30.98525738635279],[-105.6953743082959,30.979596473013082],[-105.69285834681159,30.974564550044455],[-105.6834234912454,30.967016665591515],[-105.67398863567924,30.959468781138575],[-105.66518277048414,30.95380786779887],[-105.65511892454688,30.947517964088085]]}},{"type":"Feature","properties":{"average_dip":"(70.0,,)","catalog_id":"MX_16.0","catalog_name":"Villegas Mexico","dip_dir":"NE","name":"Amargosa (Seccion II)","net_slip_rate":"(0.75,,)","reference":"Collins, E.W., & Raney, J.A., 1993","slip_type":"Normal"},"geometry":{"type":"LineString","coordinates":[[-105.63242302605953,30.926525666556913],[-105.63009965446082,30.922911532958924],[-105.62493660646369,30.919297399360936],[-105.61977355846656,30.91413435136381],[-105.617192034468,30.912585436964672],[-105.60764039567331,30.912843589364527],[-105.60505887167476,30.912585436964672],[-105.60273550007605,30.91129467496539],[-105.6006702808772,30.909487608166394],[-105.59370016608108,30.901226731370993],[-105.59008603248309,30.89812890257272],[-105.58621374648524,30.894772921374585]]}},{"type":"Feature","properties":{"average_dip":"(70.0,,)","catalog_id":"MX_17.0","catalog_name":"Villegas Mexico","dip_dir":"NE","name":"Amargosa (Seccion III)","net_slip_rate":"(0.75,,)","reference":"Collins, E.W., & Raney, J.A., 1993","slip_type":"Normal"},"geometry":{"type":"LineString","coordinates":[[-105.57537134569128,30.889868025777318],[-105.57330612649244,30.887544654178612],[-105.57020829769417,30.885221282579902],[-105.5676267736956,30.88418867298048],[-105.56323818289803,30.88263975858134],[-105.56117296369919,30.88083269178235],[-105.55859143970062,30.878251167783784],[-105.55704252530148,30.875927796185078],[-105.55549361090235,30.87360442458637]]}},{"type":"Feature","properties":{"average_dip":"(90.0,,)","catalog_id":"MX_20.0","catalog_name":"Villegas Mexico","last_movement":"1956","name":"San Miguel","net_slip_rate":"(1.0,,)","reference":"Cruz-Castillo M., 2002","slip_type":"Dextral"},"geometry":{"type":"LineString","coordinates":[[-116.32679819992141,32.072030273045236],[-116.27715461492521,32.04590207041566],[-116.25821166801876,32.03479758429809],[-116.24514756670398,32.02108027791756],[-116.23600269578363,32.016507842457386],[-116.23273667045493,32.00997579179999],[-116.21510013367995,31.995605280353722],[-116.20334244249665,31.991032844893546],[-116.18374629052447,31.979928358775975],[-116.15239244736897,31.964904642263967],[-116.12561103967366,31.947268105489],[-116.10666809276721,31.932897594042732],[-116.08968476105798,31.918527082596466],[-116.08641873572928,31.91068862180759],[-116.07531424961171,31.90023734075576],[-116.0602905330997,31.890439264769668],[-116.03612194566735,31.87345593306044],[-116.02632386968125,31.869536702666004],[-116.00803412784055,31.854512986153996],[-115.98713156573689,31.83622324431329],[-115.96818861883044,31.821852732867026],[-115.94728605672678,31.80225658089484]]}},{"type":"Feature","properties":{"average_dip":"(90.0,,)","catalog_id":"MX_21.0","catalog_name":"Villegas Mexico","name":"Calabazas","net_slip_rate":"(1.0,,)","reference":"Cruz-Castillo M., 2002","slip_type":"Dextral"},"geometry":{"type":"LineString","coordinates":[[-116.76248597876962,32.415616137624205],[-116.73505136600856,32.39536678058628],[-116.71545521403638,32.38622190966593],[-116.70239111272159,32.38295588433723],[-116.67365008982905,32.36989178302244],[-116.66254560371148,32.364666142496525],[-116.64360265680504,32.361400117167825],[-116.6279257352273,32.35290845131321],[-116.59591868700606,32.33984434999842],[-116.57240330463944,32.329393068946594],[-116.56325843371908,32.318941787894765],[-116.55476676786446,32.31045012204015],[-116.53647702602376,32.299998840988316],[-116.51296164365715,32.29216038019945]]}},{"type":"Feature","properties":{"average_dip":"(90.0,,)","catalog_id":"MX_22.0","catalog_name":"Villegas Mexico","last_movement":"1949","name":"Vallecitos","net_slip_rate":"(1.0,,)","reference":"Cruz-Castillo M., 2002","slip_type":"Dextral"},"geometry":{"type":"LineString","coordinates":[[-116.7788161054131,32.34898922091879],[-116.74223662173169,32.33853793986695],[-116.69651226712993,32.328086658815124],[-116.66254560371148,32.31632896763181],[-116.62727253016155,32.301958456185545],[-116.59069304648014,32.27844307381892],[-116.57632253503387,32.264072562372654],[-116.53974305135246,32.23925076987455],[-116.52014689938028,32.22357384829681],[-116.50708279806548,32.215735387507934],[-116.4561328029378,32.19352641527279],[-116.42085972938787,32.18176872408948],[-116.39995716728421,32.17131744303765],[-116.36599050386576,32.167398212643214],[-116.33724948097323,32.15694693159138],[-116.32287896952695,32.14388283027659],[-116.31242768847513,32.138657189750674],[-116.2954443567659,32.12689949856737],[-116.26670333387337,32.112528987121095],[-116.23012385019196,32.09685206554335],[-116.19877000703646,32.090320014885954],[-116.18048026519575,32.0811751439656],[-116.15565847269765,32.07072386291377],[-116.12691744980512,32.05896617173046],[-116.11385334849032,32.05243412107306]]}},{"type":"Feature","properties":{"average_dip":"(90.0,,)","catalog_id":"MX_23.0","catalog_name":"Villegas Mexico","name":"Tres Hermanas (Secci\u00f3n I)","net_slip_rate":"(1.0,,)","reference":"Cruz-Castillo M., 2002","slip_type":"Dextral"},"geometry":{"type":"LineString","coordinates":[[-116.33986189413683,31.991033074918573],[-116.34378112540719,31.96490486644952],[-116.32287855863194,31.930938195439744],[-116.30981445439741,31.898277934853425],[-116.29544393973944,31.85908562214984],[-116.28499265635182,31.83557023452769],[-116.27192855211729,31.79245869055375],[-116.26670291042348,31.75979842996743],[-116.25886444788276,31.740202273615637],[-116.2327362394137,31.715380475570036],[-116.19485033713357,31.690558677524432],[-116.15957725570034,31.674881752443],[-116.12952981596094,31.66573687947883],[-116.1164657117264,31.659204827361567],[-116.06029006351794,31.646140723127036],[-116.01848492996744,31.643527902280134]]}},{"type":"Feature","properties":{"average_dip":"(90.0,,)","catalog_id":"MX_24.0","catalog_name":"Villegas Mexico","name":"Tres Hermanas (Secci\u00f3n II)","net_slip_rate":"(1.0,,)","reference":"Cruz-Castillo M., 2002","slip_type":"Dextral"},"geometry":{"type":"LineString","coordinates":[[-116.45613242182412,31.92309973289903],[-116.40910164657983,31.876068957654727],[-116.37513497557006,31.84471510749186],[-116.35031317752446,31.822506130293164],[-116.31895932736158,31.80160356351792],[-116.30197599185671,31.785926638436486],[-116.26539650000002,31.757185609120526]]}},{"type":"Feature","properties":{"average_dip":"(90.0,,)","catalog_id":"MX_25.0","catalog_name":"Villegas Mexico","name":"Agua Blanca","net_slip_rate":"(4.0,,)","reference":"Cruz-Castillo M., 2002","slip_type":"Dextral"},"geometry":{"type":"LineString","coordinates":[[-116.6690773208469,31.70623560260587],[-116.58807987459282,31.669656110749187],[-116.51230807003256,31.631770208469057],[-116.43522985504885,31.584739433224758],[-116.33332984201954,31.540321478827362],[-116.29021829804559,31.512886859934852],[-116.24318752280129,31.48283942019544],[-116.1791734120521,31.46977531596091],[-116.1321426368078,31.452791980456023],[-116.08772468241041,31.44103428664495],[-116.04330672801301,31.439727876221497],[-116.00280800488598,31.434502234527685],[-115.95969646091203,31.429276592833872],[-115.90613363355047,31.421438130293158],[-115.84603875407164,31.41359966775244],[-115.80423362052115,31.407067615635178]]}},{"type":"Feature","properties":{"average_dip":"(90.0,,)","catalog_id":"MX_26.0","catalog_name":"Villegas Mexico","name":"Maximitos","net_slip_rate":"(4.0,,)","reference":"Cruz-Castillo M., 2002","slip_type":"Dextral"},"geometry":{"type":"LineString","coordinates":[[-116.65470680618893,31.639608671009775],[-116.6024503892508,31.601722768729644],[-116.55150038273615,31.579513791530946],[-116.51100165960911,31.569062508143325],[-116.4783413990228,31.56644968729642],[-116.43000421335503,31.555998403908795],[-116.3646836921824,31.55338558306189]]}},{"type":"Feature","properties":{"average_dip":"(90.0,,)","catalog_id":"MX_27.0","catalog_name":"Villegas Mexico","name":"Bah\u00eda Soledad","net_slip_rate":"(4.0,,)","reference":"Cruz-Castillo M., 2002","slip_type":"Dextral"},"geometry":{"type":"LineString","coordinates":[[-116.64556193322476,31.552079172638436],[-116.58938628501627,31.555998403908795],[-116.55541961400651,31.559917635179154],[-116.52537217426709,31.561224045602607],[-116.50969524918565,31.56644968729642]]}},{"type":"Feature","properties":{"average_dip":"(90.0,,)","catalog_id":"MX_28.0","catalog_name":"Villegas Mexico","last_movement":"1940","name":"Imperial","net_slip_rate":"(40.0,,)","reference":"Cruz-Castillo M., 2002","slip_type":"Dextral"},"geometry":{"type":"LineString","coordinates":[[-115.55101227320867,32.90562205766543],[-115.38582753166983,32.71683949590677],[-115.30910407003253,32.63901264495118],[-115.28297586156347,32.616803667752485],[-115.24117072801299,32.58414340716617],[-115.20981687785012,32.55409596742675],[-115.1797694381107,32.52535493811079],[-115.14188353583057,32.482243394136844]]}},{"type":"Feature","properties":{"average_dip":"(90.0,,)","catalog_id":"MX_29.0","catalog_name":"Villegas Mexico","last_movement":"1934","name":"Cerro Prieto","net_slip_rate":"(50.0,,)","reference":"Cruz-Castillo M., 2002","slip_type":"Dextral"},"geometry":{"type":"LineString","coordinates":[[-115.2934271449511,32.420842104234566],[-115.1797694381107,32.328086964169415],[-115.09877199185662,32.25623439087951],[-115.03345147068399,32.198752332247594],[-114.96290530781754,32.13343181107495],[-114.91195530130288,32.09293308794791],[-114.87406939902274,32.06419205863195],[-114.83487708631915,32.02891897719873],[-114.78523349022795,31.987113843648235],[-114.71991296905531,31.930938195439765],[-114.672882193811,31.883907420195463],[-114.61931936644945,31.834263824104255],[-114.59711038925074,31.804216384364842],[-114.57620782247551,31.76502407166126]]}},{"type":"Feature","properties":{"average_dip":"(0.0,,)","catalog_id":"MX_30.0","catalog_name":"Villegas Mexico","dip_dir":"SW","last_movement":"1982","name":"Laguna Salada","net_slip_rate":"(1.0,,)","reference":"Cruz-Castillo M., 2002","slip_type":"Dextral"},"geometry":{"type":"LineString","coordinates":[[-115.91604105473421,32.706515449560584],[-115.90719187215177,32.664481832294],[-115.8769571649951,32.6401465801923],[-115.79051631107488,32.5998203322476],[-115.75001758794784,32.578917765472355],[-115.7193169429967,32.5625876351792],[-115.6775118094462,32.53645942671014],[-115.64223872801298,32.50706519218245],[-115.62460218729636,32.49465429315965]]}},{"type":"Feature","properties":{"average_dip":"(60.0,,)","catalog_id":"MX_31.0","catalog_name":"Villegas Mexico","dip_dir":"NW","name":"Ca\u00f1on Rojo","net_slip_rate":"(1.0,,)","reference":"Cruz-Castillo M., 2002","slip_type":"Normal"},"geometry":{"type":"LineString","coordinates":[[-115.63766629153089,32.470485700325774],[-115.62460218729636,32.49465429315965]]}},{"type":"Feature","properties":{"average_dip":"(0.0,,)","catalog_id":"MX_32.0","catalog_name":"Villegas Mexico","dip_dir":"SW","name":"Chupamirtos","net_slip_rate":"(1.0,,)","reference":"Cruz-Castillo M., 2002","slip_type":"Normal"},"geometry":{"type":"LineString","coordinates":[[-115.63766629153089,32.470485700325774],[-115.61409987326029,32.45081048218538],[-115.59158024286646,32.425878034249344],[-115.5787118826414,32.41140112899616],[-115.56182215984602,32.39611995122891],[-115.54251961950844,32.384860136031996],[-115.48380772598165,32.35590632552563]]}},{"type":"Feature","properties":{"average_dip":"(0.0,,)","catalog_id":"MX_33.0","catalog_name":"Villegas Mexico","dip_dir":"NE","name":"Cucapah","net_slip_rate":"(1.0,,)","reference":"Cruz-Castillo M., 2002","slip_type":"Normal"},"geometry":{"type":"LineString","coordinates":[[-115.51195726397394,32.449201937157255],[-115.47576500084098,32.42426948922122],[-115.44841973536275,32.40898831145397],[-115.41866165234232,32.38727295357419],[-115.3840779342375,32.36636186820848],[-115.34547285356234,32.34464651032871]]}},{"type":"Feature","properties":{"average_dip":"(0.0,,)","catalog_id":"MX_34.0","catalog_name":"Villegas Mexico","dip_dir":"NE","name":"Pescadores","net_slip_rate":"(1.0,,)","reference":"Cruz-Castillo M., 2002","slip_type":"Normal"},"geometry":{"type":"LineString","coordinates":[[-115.53732675176269,32.440424746693886],[-115.52124130148137,32.42112220635631],[-115.50515585120006,32.40744957361719],[-115.47861485823589,32.38412567070929],[-115.45609522784204,32.36884449294204],[-115.42854054078973,32.34704113116636],[-115.41502571913789,32.33431238532402],[-115.38703399223287,32.312946063401036],[-115.34891458227038,32.28638389410547]]}},{"type":"Feature","properties":{"average_dip":"(0.0,,)","catalog_id":"MX_35.0","catalog_name":"Villegas Mexico","dip_dir":"NE","name":"Borregos","net_slip_rate":"(1.0,,)","reference":"Cruz-Castillo M., 2002","slip_type":"Normal"},"geometry":{"type":"LineString","coordinates":[[-115.61409987326029,32.49424119794493],[-115.59479733292271,32.46850447749483],[-115.57469052007107,32.44115921201659],[-115.55780079727569,32.41944385413682],[-115.48863336106604,32.37199177580694],[-115.45726673301748,32.34786360038497],[-115.43424394951141,32.33693829641695],[-115.40415816978827,32.31647996620522],[-115.3475969039088,32.287597617671025]]}},{"type":"Feature","properties":{"average_dip":"(0.0,,)","catalog_id":"MX_36.0","catalog_name":"Villegas Mexico","dip_dir":"ENE","name":"S.F. Sierra Ju\u00e1rez (Secci\u00f3n I)","net_slip_rate":"(0.0,,)","reference":"D\u00edaz-Torres J., et al, 2012","slip_type":"Normal"},"geometry":{"type":"LineString","coordinates":[[-115.98719923181817,32.61934116363637],[-115.95783930909089,32.566058340909095],[-115.94914007272725,32.54974727272728],[-115.92086755454544,32.517125136363646],[-115.90346908181816,32.48341559545455],[-115.86867213636361,32.44209422272728],[-115.85018625909089,32.419258727272734],[-115.83931221363635,32.38446178181819],[-115.82952557272725,32.355101859090915],[-115.8284381681818,32.33770338636364],[-115.83713740454543,32.31269308181819],[-115.84692404545453,32.29638201363637],[-115.85888549545453,32.28877018181819]]}},{"type":"Feature","properties":{"average_dip":"(0.0,,)","catalog_id":"MX_37.0","catalog_name":"Villegas Mexico","dip_dir":"ENE","name":"S.F. Sierra Ju\u00e1rez (Seccion II)","net_slip_rate":"(0.0,,)","reference":"D\u00edaz-Torres J., et al, 2012","slip_type":"Normal"},"geometry":{"type":"LineString","coordinates":[[-115.84801144999999,32.259410259090906],[-115.81321450454544,32.21265186363636],[-115.79907824545452,32.180029727272725],[-115.79581603181816,32.16154385],[-115.78929160454544,32.13870835454545],[-115.77406794090908,32.120222477272726],[-115.76101908636362,32.091949959090904],[-115.75558206363635,32.06802705909091],[-115.75558206363635,32.04519156363636],[-115.75231985,32.026705686363634],[-115.74144580454544,31.99517095454545],[-115.73600878181817,31.9821221]]}},{"type":"Feature","properties":{"average_dip":"(0.0,,)","catalog_id":"MX_38.0","catalog_name":"Villegas Mexico","dip_dir":"ENE","name":"San Pedro Martir","net_slip_rate":"(0.0,,)","reference":"D\u00edaz-Torres J., et al, 2012","slip_type":"Normal"},"geometry":{"type":"LineString","coordinates":[[-115.45939360925378,31.38624211926265],[-115.45786699244893,31.361816250384948],[-115.44260082440036,31.33128391428782],[-115.43038788996151,31.317544363044114],[-115.42733465635179,31.302278194995548],[-115.43038788996151,31.29311849416641],[-115.43802097398579,31.27632570931299],[-115.43802097398579,31.258006307654714],[-115.43802097398579,31.241213522801292],[-115.4410742075955,31.2305272051673],[-115.44412744120521,31.224420737947874],[-115.44412744120521,31.207627953094452],[-115.43954759079065,31.18778193463132],[-115.43496774037608,31.160302832143906],[-115.41970157232751,31.146563280900196],[-115.39527570344981,31.11908417841278],[-115.39069585303524,31.109924477583643],[-115.38764261942553,31.100764776754506],[-115.36321675054782,31.070232440657378],[-115.34947719930412,31.06107273982824],[-115.32505133042642,31.056492889413672],[-115.30673192876814,31.05801950621853],[-115.2945189943293,31.050386422194244],[-115.28841252710987,31.036646870950538],[-115.2838326766953,31.02290731970683],[-115.26551327503702,31.01374761887769],[-115.24566725657388,30.98779513319513],[-115.23192770533018,30.977108815561138],[-115.23498093893988,30.966422497927145],[-115.2380341725496,30.952682946683435],[-115.2380341725496,30.93436354502516],[-115.23345432213503,30.9084110593426],[-115.23040108852533,30.880931956855186],[-115.21971477089133,30.854979471172626],[-115.20750183645248,30.838186686319208],[-115.19986875242819,30.818340667856074],[-115.18765581798934,30.795441415783227],[-115.16933641633106,30.77406878051524],[-115.15865009869707,30.758802612466674],[-115.15254363147764,30.751169528442393],[-115.14033069703879,30.751169528442393],[-115.13575084662422,30.742009827613256],[-115.13575084662422,30.73132350997926],[-115.14033069703879,30.705371024296703],[-115.14338393064851,30.687051622638425],[-115.14185731384364,30.677891921809287],[-115.14338393064851,30.664152370565578],[-115.14033069703879,30.648886202517016],[-115.13727746342909,30.632093417663594],[-115.12506452899024,30.619880483224744],[-115.11437821135624,30.60919416559075],[-115.11437821135624,30.601561081566466],[-115.11590482816109,30.58782153032276],[-115.11437821135624,30.57102874546934],[-115.1052185105271,30.563395661445057]]}},{"type":"Feature","properties":{"average_dip":"(0.0,,)","catalog_id":"MX_40.0","catalog_name":"Villegas Mexico","dip_dir":"S","name":"San Mateo","net_slip_rate":"(0.055,,)","reference":"Sunye-Puchol I., et al, 2015","slip_type":"Normal"},"geometry":{"type":"LineString","coordinates":[[-100.00486025796742,19.924558011907692],[-99.98922734116704,19.926273819849197],[-99.97874184819115,19.927036401156535],[-99.96730312858111,19.928752209098043],[-99.95948667018091,19.928752209098043],[-99.94633214262936,19.927608337137038],[-99.9343214870388,19.926083174522365],[-99.92574244733127,19.924176721254025],[-99.91296921043339,19.919601233410003],[-99.898480165594,19.913881873604982],[-99.88856660859862,19.909878321741463]]}},{"type":"Feature","properties":{"average_dip":"(57.0,,)","catalog_id":"MX_41.0","catalog_name":"Villegas Mexico","dip_dir":"N","name":"Pastores Oeste","net_slip_rate":"(0.12,,)","reference":"Ortu\u00f1o M., et al., 2012","slip_type":"Normal"},"geometry":{"type":"LineString","coordinates":[[-100.02527297308387,19.860717487539272],[-100.03188411925339,19.863260236066015],[-100.0353168297645,19.865421572313743],[-100.0425636630657,19.86821859569316],[-100.04739488526651,19.870252794514553],[-100.05197183261465,19.872795543041295],[-100.05387889400971,19.874448329583675],[-100.05540454312576,19.874448329583675],[-100.05934580334221,19.876228253552394],[-100.06087145245824,19.876609665831406],[-100.06226996414796,19.876355390978734],[-100.063414200985,19.875465428994374],[-100.06468557524836,19.875084016715363],[-100.06595694951173,19.87432119215734],[-100.06786401090679,19.874448329583675],[-100.06977107230185,19.875846841273383],[-100.07205954597592,19.876991078110418],[-100.075110844208,19.87826245237379],[-100.07879782957177,19.878771002079137],[-100.0819762652302,19.87940668921082],[-100.08693462485735,19.87940668921082],[-100.09189298448449,19.878898139505473],[-100.09557996984827,19.87826245237379],[-100.10028405462275,19.87940668921082],[-100.10613237623424,19.88029665119518],[-100.10969222417168,19.88080520090053],[-100.11236211012476,19.882203712590236],[-100.11668478262023,19.88296653714826]]}},{"type":"Feature","properties":{"average_dip":"(25.0,,)","catalog_id":"MX_42.0","catalog_name":"Villegas Mexico","dip_dir":"SW","name":"Ca\u00f1ada David","net_slip_rate":"(0.0,,)","reference":"Spelz R.M. et al., 2008","slip_type":"Normal"},"geometry":{"type":"LineString","coordinates":[[-115.4294290098263,32.31944520711263],[-115.43655747956022,32.315168125272265],[-115.43940886745379,32.31089104343191],[-115.44012171442719,32.30518826764476],[-115.43584463258682,32.29948549185762],[-115.43299324469325,32.29449556304386],[-115.43513178561344,32.28879278725671],[-115.44012171442719,32.28594139936314],[-115.45010157205469,32.285228552389746],[-115.46079427665559,32.28594139936314],[-115.46507135849595,32.28594139936314],[-115.47362552217668,32.28166431752278],[-115.47861545099043,32.27524869476224],[-115.47647691007025,32.26384314318795],[-115.47433836915006,32.25172474464026],[-115.47790260401703,32.248873356746685],[-115.47790260401703,32.24317058095954],[-115.47291267520328,32.23746780517239],[-115.46649705244273,32.22820079451828],[-115.46221997060238,32.22035947781096],[-115.46150712362899,32.21037962018345],[-115.45794288876202,32.200399762555946],[-115.44582449021433,32.191845598875226],[-115.4294290098263,32.17830150638075],[-115.40447936575752,32.16475741388628],[-115.39948943694377,32.158341791125736],[-115.39236096720984,32.150500474418415],[-115.38309395655573,32.150500474418415],[-115.37240125195483,32.14265915771109],[-115.35671861854017,32.13695638192394],[-115.34388737301909,32.12982791219],[-115.33675890328516,32.12198659548268],[-115.33533320933837,32.114858125748746],[-115.33604605631176,32.11129389088178],[-115.34460021999249,32.10559111509463],[-115.35172868972641,32.09988833930748],[-115.3538672306466,32.09347271654695],[-115.35458007761999,32.08634424681301],[-115.34959014880624,32.07493869523872],[-115.34673876091266,32.06923591945157],[-115.33961029117873,32.066384531558],[-115.33747175025854,32.05996890879746],[-115.33818459723194,32.05284043906353],[-115.34174883209892,32.04642481630299],[-115.33604605631176,32.03145502986173],[-115.33747175025854,32.02575225407458],[-115.33319466841819,32.015772396447076],[-115.3217891168439,32.004366844872784],[-115.30824502434943,32.00365399789939],[-115.29042385001459,31.99937691605903],[-115.28115683936048,31.997951222112242]]}},{"type":"Feature","properties":{"average_dip":"(35.0,,)","catalog_id":"MX_43.0","catalog_name":"Villegas Mexico","dip_dir":"N","name":"S.F. Tenango B","net_slip_rate":"(0.4,,)","reference":"Norini G., et al., 2006","slip_type":"Dextral"},"geometry":{"type":"LineString","coordinates":[[-99.44004008363636,19.05235832909091],[-99.45869450636363,19.044482017272728],[-99.46988716,19.04033659],[-99.48232344181818,19.037849333636363],[-99.49517426636363,19.033703906363638],[-99.50761054818182,19.033703906363638],[-99.52502134272727,19.03909296181818],[-99.54782119272727,19.042409303636365]]}},{"type":"Feature","properties":{"average_dip":"(35.0,,)","catalog_id":"MX_44.0","catalog_name":"Villegas Mexico","dip_dir":"N","name":"S.F. Tenango I","net_slip_rate":"(0.4,,)","reference":"Norini G.,et al., 2006","slip_type":"Dextral"},"geometry":{"type":"LineString","coordinates":[[-99.58513003818182,19.079303606363638],[-99.59963903363635,19.08469266181818],[-99.61331894363636,19.088009003636365],[-99.63072973818181,19.090081717272728],[-99.6444096481818,19.089252631818184],[-99.65643138727272,19.08427811909091],[-99.67259855363636,19.07847452090909],[-99.6871075490909,19.080132691818182],[-99.70203108727272,19.08427811909091],[-99.71944188181817,19.08552174727273],[-99.73353633454545,19.092983516363635],[-99.74597261636363,19.09671440090909],[-99.76794338090909,19.10251799909091],[-99.78618326090908,19.10707796909091],[-99.79903408545454,19.112467024545456],[-99.8176885081818,19.122830592727272],[-99.83592838818181,19.136925045454547]]}},{"type":"Feature","properties":{"average_dip":"(70.0,,)","catalog_id":"MX_45.0","catalog_name":"Villegas Mexico","dip_dir":"SW","last_movement":"2010","name":"Indiviso","net_slip_rate":"(0.0,,)","reference":"Fletcher J., et al., 2014","slip_type":"Dextral"},"geometry":{"type":"LineString","coordinates":[[-115.34185766280135,32.28540211257107],[-115.31488758953317,32.26863693189085],[-115.27698370277791,32.24239577952182],[-114.89805099557992,31.95370338121053]]}},{"type":"Feature","properties":{"average_dip":"(0.0,,)","catalog_id":"MX_0.0","catalog_name":"Villegas Mexico","dip_dir":"NE","last_movement":"2010","name":"Paso Inferior-Superior","net_slip_rate":"(0.0,,)","reference":"Fletcher J., et al., 2014","slip_type":"Dextral"},"geometry":{"type":"LineString","coordinates":[[-115.62879101603853,32.49314649732778],[-115.65215181837904,32.51046571285608],[-115.6759153931737,32.53100710801756],[-115.69887342306005,32.546312461275136],[-115.71256768650105,32.56282613189515],[-115.73391462657081,32.58699247914395],[-115.7528449319157,32.61639486829666]]}},{"type":"Feature","properties":{"average_dip":"(70.0,,)","catalog_id":"MX_8.0","catalog_name":"Villegas Mexico","dip_dir":"W, SW","name":"Monta\u00f1as Indio Oeste","net_slip_rate":"(0.2,,)","reference":"Collins E.W., & Raney J.A., 1993","slip_type":"Normal"},"geometry":{"type":"LineString","coordinates":[[-105.02502972719866,30.67822859446254],[-105.02790810016282,30.656161068403907],[-105.03270538843644,30.63313408469055],[-105.03462430374589,30.622580050488594],[-105.03462430374589,30.610107100977196],[-105.02407026954393,30.59091794788273],[-105.01831352361559,30.577485540716605],[-105.01543515065143,30.562134218241034],[-105.01159732003252,30.546782895765464],[-105.00967840472308,30.524715369706833],[-105.00200274348529,30.497850555374583],[-104.9895297939739,30.471945198697057],[-104.96746226791527,30.433566892508132],[-104.96266497964164,30.42109394299673],[-104.95402986074913,30.406702078175883],[-104.94251636889246,30.393269671009758],[-104.93292179234523,30.380796721498356],[-104.92620558876217,30.368323771986955]]}},{"type":"Feature","properties":{"catalog_id":"MX_10.0","catalog_name":"Villegas Mexico","dip_dir":"E, NE","name":"Loreto","net_slip_rate":"(0.06,,)","reference":"Dorsey R. J., et al, 1994","slip_type":"Normal"},"geometry":{"type":"LineString","coordinates":[[-111.56189215614985,26.250097983451987],[-111.55726157618234,26.24392387682863],[-111.55494628619859,26.241608586844873],[-111.55456040453463,26.238907415197154],[-111.55456040453463,26.236978006877358],[-111.55494628619859,26.23196154524588],[-111.55494628619859,26.228488610270244],[-111.55224511455086,26.22077097699105],[-111.55070158789502,26.216526278687493],[-111.54838629791126,26.211895698719978],[-111.54568512626355,26.20958040873622],[-111.53796749298435,26.204178065440782],[-111.53758161132039,26.202248657120986],[-111.53063574136912,26.19491690550575],[-111.52330398975388,26.18449810057884],[-111.52291810808993,26.17986752061132],[-111.52176046309805,26.177166348963606],[-111.52137458143409,26.174465177315888],[-111.52176046309805,26.17099224234025],[-111.52021693644221,26.166747544036692],[-111.52021693644221,26.162502845733137],[-111.51790164645845,26.152855804134145],[-111.51712988313054,26.14899698749455],[-111.51211342149905,26.14552405251891],[-111.50478166988383,26.14243699920723],[-111.49899344492442,26.139349945895553],[-111.493591101629,26.135877010919916],[-111.48625935001375,26.125072324329047],[-111.48085700671832,26.12005586269757],[-111.47506878175892,26.113881756074214],[-111.47506878175892,26.112338229418377],[-111.46889467513557,26.10770764945086],[-111.46156292352033,26.098446489515826],[-111.45654646188886,26.095745317868108],[-111.45153000025738,26.09227238289247],[-111.44651353862591,26.089185329580793],[-111.43995355033859,26.08455474961328],[-111.4341653253792,26.0814676963016],[-111.42799121875585,26.077608879662005],[-111.41911594048477,26.075293589678246],[-111.41255595219745,26.072978299694487],[-111.40753949056598,26.07182065470261],[-111.40213714727054,26.06911948305489],[-111.39827833063094,26.065260666415295],[-111.39480539565531,26.061787731439658],[-111.3921042240076,26.058314796464018],[-111.38593011738423,26.055999506480262],[-111.38091365575276,26.052140689840666],[-111.37859836576901,26.049825399856907],[-111.37551131245732,26.049439518192948],[-111.3728101408096,26.04673834654523],[-111.36933720583397,26.04635246488127],[-111.36354898087457,26.04249364824167],[-111.36007604589894,26.037477186610197],[-111.35698899258726,26.0336183699706],[-111.34849959598014,26.028216026675164]]}},{"type":"Feature","properties":{"average_dip":"(70.0,,)","catalog_id":"MX_2.0","catalog_name":"Villegas Mexico","dip_dir":"E o SE","name":"San Juan de los Planes","net_slip_rate":"(1.0,,)","reference":"Coyan M. M. et al, 2013","slip_type":"Normal"},"geometry":{"type":"LineString","coordinates":[[-109.98960381989451,24.125869196832415],[-110.00173057994277,24.112445443631024],[-110.02707707146007,24.081306411186894],[-110.04935846428283,24.059025018364135],[-110.06151195127705,24.03775641612423],[-110.07062706652273,24.01648781388432],[-110.06860148535702,23.995219211644415],[-110.06860148535702,23.97496339998736],[-110.06353753244275,23.929059111025953],[-110.06252474185992,23.911157593267635],[-110.06151195127705,23.8969785251077],[-110.0609416644951,23.890175029315962],[-110.06276355374592,23.86831235830619],[-110.0444455415432,23.770868329286696]]}},{"type":"Feature","properties":{"catalog_id":"MX_11.0","catalog_name":"Villegas Mexico","dip_dir":"NE","name":"Saltito","net_slip_rate":"(0.8,,)","reference":"Coyan M. M., et al, 2013","slip_type":"Normal"},"geometry":{"type":"LineString","coordinates":[[-110.21023128816559,24.329787050706805],[-110.18396871986073,24.268968471474484],[-110.17913087833088,24.245470384043813],[-110.16116175264861,24.235103580765575],[-110.11623893844292,24.227501258361535]]}},{"type":"Feature","properties":{"catalog_id":"MX_12.0","catalog_name":"Villegas Mexico","dip_dir":"NE","name":"El Carrizal","net_slip_rate":"(0.25,,)","reference":"Maloney S. J., 2009","slip_type":"Normal"},"geometry":{"type":"LineString","coordinates":[[-110.6281564118547,24.32247738507284],[-110.60539671996698,24.263302186164754],[-110.59174090483434,24.214748176804274],[-110.56898121294661,24.152538352311158],[-110.50828870124602,24.070603461515347],[-110.47187319422565,24.012945575399776],[-110.46125200467804,23.996255134682112],[-110.44911350233792,23.968943504416842],[-110.36869592433463,23.883973988036],[-110.35807473478702,23.858179670563246],[-110.34290160686187,23.838454604260548],[-110.3262111661442,23.824798789127914],[-110.31103803821905,23.764106277427313],[-110.30496878704899,23.711000329689288],[-110.29131297191637,23.657894381951262],[-110.27158790561367,23.61389231096833],[-110.2351723985933,23.559269050437788],[-110.19723957878043,23.522853543417426],[-110.16992794851517,23.501611164322217]]}},{"type":"Feature","properties":{"catalog_id":"MX_13.0","catalog_name":"Villegas Mexico","dip_dir":"W","name":"La Gata","net_slip_rate":"(0.63,,)","reference":"Coyan, M. M. et al, 2013","slip_type":"Normal"},"geometry":{"type":"LineString","coordinates":[[-109.86191345163462,24.03873989287253],[-109.86950001559718,23.9143202438863],[-109.89529433306994,23.86273160894079],[-109.89377702027743,23.79596984607013],[-109.90136358424,23.786865969315038]]}},{"type":"Feature","properties":{"catalog_id":"MX_14.0","catalog_name":"Villegas Mexico","dip_dir":"E","name":"San Jos\u00e9 del Cabo","net_slip_rate":"(0.65,,)","reference":"Coyan M. M., et al, 2013","slip_type":"Normal"},"geometry":{"type":"LineString","coordinates":[[-109.81032481668912,23.89762980316864],[-109.80577287831157,23.853627732185707],[-109.80122093993403,23.82783341471295],[-109.77390930966875,23.75500240067223],[-109.75266693057354,23.704931078519234],[-109.75114961778102,23.62451350051594],[-109.75721886895109,23.58658068070306],[-109.78149587363133,23.527405481794975],[-109.8088075038966,23.4591264061318],[-109.82398063182175,23.418158960733894],[-109.82701525740679,23.357466449033293],[-109.82549794461427,23.311947065257844],[-109.8088075038966,23.23456411283958],[-109.79211706317894,23.181458165101553],[-109.76632274570618,23.13290415574107],[-109.73142455147834,23.067659705662926],[-109.7071475467981,23.034278824227595],[-109.698043670043,23.02365763467999]]}},{"type":"Feature","properties":{"average_dip":"(65.0,,)","catalog_id":"MX_nan","catalog_name":"Villegas Mexico","dip_dir":"SW","name":"Z.F. Zacoalco S (Seccion K)\n","net_slip_rate":"(0.2,,)","reference":"Pacheco et al.,1999","slip_type":"Normal"},"geometry":{"type":"LineString","coordinates":[[-103.68969066819572,20.158142562691133],[-103.68525657033639,20.15104800611621],[-103.6806007675841,20.145283678899084],[-103.67661007951071,20.141514695718655],[-103.67461473547401,20.13796741743119],[-103.67151086697248,20.134641844036697],[-103.66796358868501,20.130429451070338],[-103.66552483486238,20.126217058103975],[-103.66308608103975,20.12222637003058],[-103.66042562232415,20.11757056727829],[-103.6582085733945,20.11424499388379],[-103.65399618042814,20.11003260091743],[-103.6502271972477,20.106707027522937],[-103.6502271972477,20.106707027522937]]}},{"type":"Feature","properties":{"average_dip":"(65.0,,)","catalog_id":"MX_nan","catalog_name":"Villegas Mexico","dip_dir":"SW","name":"Z.F. Zacoalco S (Seccion L)\n","net_slip_rate":"(0.2,,)","reference":"Pacheco et al., 1999","slip_type":"Normal"},"geometry":{"type":"LineString","coordinates":[[-103.72006423853212,20.196497509174314],[-103.71407820642202,20.189402952599387],[-103.71075263302752,20.185412264525993],[-103.70676194495412,20.182973510703363],[-103.70476660091744,20.179647937308868],[-103.69722863455658,20.173883610091742],[-103.68880384862385,20.167010758409788],[-103.68215270183487,20.160581316513763],[-103.67771860397553,20.155703808868502],[-103.67394962079511,20.150604596330275],[-103.67084575229357,20.146392203363913],[-103.66508142507645,20.14107128593272],[-103.66508142507645,20.14107128593272]]}},{"type":"Feature","properties":{"average_dip":"(65.0,,)","catalog_id":"MX_nan","catalog_name":"Villegas Mexico","dip_dir":"SW","name":"Z.F. Zacoalco S (Seccion M)\n","net_slip_rate":"(2.0,,)","reference":"Pacheco et al., 1999","slip_type":"Normal"},"geometry":{"type":"LineString","coordinates":[[-103.64623650917432,20.134198434250763],[-103.64246752599388,20.1319813853211],[-103.63736831345565,20.12643876299694],[-103.6318256911315,20.12111784556575],[-103.62938693730887,20.118679091743118],[-103.62384431498471,20.11491010856269],[-103.62007533180429,20.111806240061163],[-103.61763657798166,20.109810896024463],[-103.6120939556575,20.10582020795107],[-103.6120939556575,20.10582020795107]]}},{"type":"Feature","properties":{"average_dip":"(65.0,,)","catalog_id":"MX_nan","catalog_name":"Villegas Mexico","dip_dir":"SW","name":"Z.F. Zacoalco S (Seccion N)\n","net_slip_rate":"(0.2,,)","reference":"Pacheco et al., 1999","slip_type":"Normal"},"geometry":{"type":"LineString","coordinates":[[-103.66995893272171,20.191398296636084],[-103.66574653975535,20.187407608562687],[-103.65843027828747,20.174105314984708],[-103.65000549235474,20.16058131651376],[-103.64379775535168,20.149717776758408],[-103.63847683792049,20.142401515290516],[-103.6331559204893,20.135750368501526],[-103.62872182262997,20.130429451070334],[-103.62428772477064,20.124886828746174],[-103.61586293883792,20.11712715749235],[-103.61054202140673,20.11247135474006],[-103.6074381529052,20.10870237155963],[-103.59923507186545,20.102051224770637],[-103.59923507186545,20.102051224770637]]}},{"type":"Feature","properties":{"average_dip":"(65.0,,)","catalog_id":"MX_nan","catalog_name":"Villegas Mexico","dip_dir":"SW","name":"Z.F. Zacoalco S (Seccin O)\n","net_slip_rate":"(0.2,,)","reference":"Pacheco et al., 1999","slip_type":"Normal"},"geometry":{"type":"LineString","coordinates":[[-103.68592168501529,20.22842301376146],[-103.67904883333333,20.218446293577976],[-103.674614735474,20.21401219571865],[-103.67151086697247,20.20957809785932],[-103.66508142507645,20.2018184266055],[-103.66042562232415,20.19561068960244],[-103.65710004892966,20.190068067278283],[-103.65155742660549,20.178982822629962],[-103.64579309938837,20.16811928287461],[-103.64158070642202,20.160581316513756],[-103.63470785474006,20.15548210397553],[-103.6291652324159,20.150382891437303],[-103.62029703669724,20.144175154434244],[-103.61253736544342,20.139297646788986],[-103.60632962844036,20.135528663608557],[-103.6034474648318,20.134420139143725],[-103.58770641743119,20.121561255351676],[-103.58149868042813,20.113579879204885],[-103.58149868042813,20.113579879204885]]}},{"type":"Feature","properties":{"average_dip":"(65.0,,)","catalog_id":"MX_nan","catalog_name":"Villegas Mexico","dip_dir":"SW","name":"Z.F. Zacoalco S (Seccion P)\n","net_slip_rate":"(0.2,,)","reference":"Pacheco et al., 1999","slip_type":"Normal"},"geometry":{"type":"LineString","coordinates":[[-103.64490627981651,20.1774308883792],[-103.64180241131498,20.173883610091735],[-103.63492955963302,20.16767587308868],[-103.63226910091743,20.165902233944948],[-103.62960864220183,20.162576660550453],[-103.62606136391436,20.159916201834857],[-103.61475441437308,20.154595284403662],[-103.60854667737003,20.149496071865435],[-103.6041125795107,20.14550538379204],[-103.6014521207951,20.143510039755345],[-103.59546608868501,20.136193778287456],[-103.59546608868501,20.136193778287456]]}},{"type":"Feature","properties":{"average_dip":"(65.0,,)","catalog_id":"MX_nan","catalog_name":"Villegas Mexico","dip_dir":"SW","name":"Z.F. Zacoalco S (Seccion Q)\n","net_slip_rate":"(0.2,,)","reference":"Pacheco et al., 1999","slip_type":"Normal"},"geometry":{"type":"LineString","coordinates":[[-103.64667991896025,20.197827738532105],[-103.63803342813455,20.189181247706415],[-103.62805670795106,20.17986964220183],[-103.61941021712538,20.172109970948007],[-103.61209395565749,20.166567348623847],[-103.60721644801222,20.163241775229352],[-103.60300405504587,20.161689840978585],[-103.59967848165137,20.161024726299686],[-103.59901336697247,20.15614721865443],[-103.59568779357798,20.1517131207951],[-103.59302733486238,20.147722432721707],[-103.58881494189602,20.142844925076446],[-103.58659789296635,20.140627876146784],[-103.58415913914372,20.135085253822623],[-103.57728628746176,20.1279906972477],[-103.57728628746176,20.1279906972477]]}},{"type":"Feature","properties":{"average_dip":"(65.0,,)","catalog_id":"MX_nan","catalog_name":"Villegas Mexico","dip_dir":"SW","name":"Z.F. Zacoalco S (Seccion R)\n","net_slip_rate":"(0.2,,)","reference":"Pacheco et al., 1999","slip_type":"Normal"},"geometry":{"type":"LineString","coordinates":[[-103.6488969678899,20.22664937461773],[-103.64601480428134,20.223767211009168],[-103.64424116513761,20.219776522935774],[-103.63847683792048,20.213568785932715],[-103.63470785474006,20.20846957339449],[-103.62739159327216,20.2011533119266],[-103.62428772477064,20.19871455810397],[-103.61807998776757,20.190954886850147],[-103.61630634862385,20.18962465749235],[-103.61298077522935,20.187629313455652],[-103.61032031651375,20.185412264525986],[-103.60788156269112,20.18275180581039],[-103.6061079235474,20.18053475688073],[-103.60389087461773,20.17654406880733],[-103.602117235474,20.17299679051987],[-103.60123041590214,20.171001446483174],[-103.59790484250765,20.16878439755351],[-103.59524438379204,20.163685185015282],[-103.59524438379204,20.163685185015282]]}},{"type":"Feature","properties":{"average_dip":"(65.0,,)","catalog_id":"MX_nan","catalog_name":"Villegas Mexico","dip_dir":"SW","name":"Z.F. Zacoalco S (Seccion S)\n","net_slip_rate":"(0.2,,)","reference":"Pacheco et al., 1999","slip_type":"Normal"},"geometry":{"type":"LineString","coordinates":[[-103.69294375895763,20.244783325732897],[-103.68975575814329,20.242185695439737],[-103.6836159047231,20.23828925],[-103.67995560749182,20.235337397394137],[-103.67617723615632,20.232385544788272],[-103.67346153175892,20.229787914495112],[-103.67145427198693,20.227898728827363],[-103.6686204934853,20.225655320846904],[-103.66708553013027,20.224356505700325],[-103.66460597394133,20.221640801302932],[-103.66129989902277,20.21821665228013],[-103.65846612052114,20.216445540716613],[-103.65397930456022,20.213729836319217],[-103.65031900732896,20.21042376140065],[-103.64583219136804,20.207589982899023],[-103.63945618973938,20.20333931514658],[-103.63945618973938,20.20333931514658]]}},{"type":"Feature","properties":{"average_dip":"(65.0,,)","catalog_id":"MX_nan","catalog_name":"Villegas Mexico","dip_dir":"SW","name":"Z.F. Zacoalco S (Seccion T)\n","net_slip_rate":"(0.2,,)","reference":"Pacheco et al., 1999","slip_type":"Normal"},"geometry":{"type":"LineString","coordinates":[[-103.68172671905533,20.245491770358306],[-103.67842064413676,20.2447833257329],[-103.67452419869703,20.244074881107494],[-103.6713361978827,20.243366436482084],[-103.66850241938106,20.24242184364821],[-103.66578671498367,20.241713399022803],[-103.66271678827357,20.241241102605866],[-103.6587022687296,20.239942287459286],[-103.65598656433221,20.238643472312706],[-103.65409737866445,20.237580805374595],[-103.65268048941364,20.236400064332248],[-103.65268048941364,20.236400064332248]]}},{"type":"Feature","properties":{"average_dip":"(65.0,,)","catalog_id":"MX_nan","catalog_name":"Villegas Mexico","dip_dir":"SW","name":"Z.F. Zacoalco S (Seccion U)\n","net_slip_rate":"(0.2,,)","reference":"Pacheco et al., 1999","slip_type":"Normal"},"geometry":{"type":"LineString","coordinates":[[-103.65681308306183,20.253048513029324],[-103.65256241530939,20.248325548859942],[-103.64831174755695,20.245491770358313],[-103.64169959771982,20.239588065146588],[-103.63933811563513,20.235573545602612],[-103.63603204071656,20.230378285016293],[-103.63248981758952,20.227308358306196],[-103.62800300162861,20.223293838762224],[-103.62233544462535,20.21880702280131],[-103.61950166612372,20.21620939250815],[-103.61784862866445,20.213375614006523],[-103.61312566449506,20.208416501628673],[-103.60887499674261,20.202748944625416],[-103.60533277361559,20.197553684039097],[-103.60297129153089,20.19353916449512],[-103.6006098094462,20.18858005211727],[-103.59777603094457,20.18362093973942],[-103.59399765960906,20.177953382736163],[-103.59092773289896,20.172521973941375],[-103.58856625081428,20.1685074543974],[-103.58549632410418,20.164729083061896],[-103.58266254560255,20.161895304560268],[-103.58266254560255,20.161895304560268]]}},{"type":"Feature","properties":{"average_dip":"(65.0,,)","catalog_id":"MX_nan","catalog_name":"Villegas Mexico","dip_dir":"SW","name":"Z.F. Zacoalco S (Seccion V)\n","net_slip_rate":"(0.2,,)","reference":"Pacheco et al., 1999","slip_type":"Normal"},"geometry":{"type":"LineString","coordinates":[[-103.5883420253981,20.183597863367265],[-103.58604361873066,20.180724855032956],[-103.58374521206322,20.178617982254465],[-103.58202140706263,20.175553440031205],[-103.57914839872832,20.171148160585272],[-103.57627539039402,20.167125948917242],[-103.57397698372658,20.16386987280503],[-103.57129550928123,20.159081525581186],[-103.56899710261378,20.155059313913156],[-103.56669869594633,20.150845568356175],[-103.56574102650157,20.14854716168873],[-103.56286801816726,20.14509955168756],[-103.56018654372191,20.141077340019535],[-103.55807967094341,20.13724666224046],[-103.55405745927538,20.13322445057243],[-103.55405745927538,20.13322445057243]]}},{"type":"Feature","properties":{"average_dip":"(65.0,,)","catalog_id":"MX_nan","catalog_name":"Villegas Mexico","dip_dir":"SW","name":"Z.F. Zacoalco S (Seccion W)\n","net_slip_rate":"(0.2,,)","reference":"Pacheco et al., 1999","slip_type":"Normal"},"geometry":{"type":"LineString","coordinates":[[-103.58202140706263,20.197005235594023],[-103.5779991953946,20.188769278369012],[-103.57474311928239,20.183214795589354],[-103.57091244150331,20.176511109475975],[-103.56976323816959,20.173446567252714],[-103.56459182316785,20.165976745583517],[-103.55942040816609,20.15793232224746],[-103.5548235948312,20.15122863613408],[-103.55156751871898,20.14605722113233],[-103.55156751871898,20.14605722113233]]}},{"type":"Feature","properties":{"average_dip":"(65.0,,)","catalog_id":"MX_nan","catalog_name":"Villegas Mexico","dip_dir":"SW","name":"Z.F. Zacoalco S (Seccion X)\n","net_slip_rate":"(0.2,,)","reference":"Pacheco et al., 1999","slip_type":"Normal"},"geometry":{"type":"LineString","coordinates":[[-103.59226847012164,20.21721206087864],[-103.58939546178733,20.21290254837718],[-103.58728858900884,20.211466044210027],[-103.58594785178616,20.209071870598105],[-103.58384097900768,20.205528493652462],[-103.58163833928471,20.202751252262633],[-103.58058490289547,20.201218981151005],[-103.5787653309504,20.199686710039373],[-103.57713729289429,20.198824807539083],[-103.57493465317133,20.196526400871637],[-103.57493465317133,20.196526400871637]]}},{"type":"Feature","properties":{"average_dip":"(65.0,,)","catalog_id":"MX_nan","catalog_name":"Villegas Mexico","dip_dir":"SW","name":"Z.F. Zacoalco S (Seccion Y)","net_slip_rate":"(0.2,,)","reference":"Pacheco et al., 1999","slip_type":"Normal"},"geometry":{"type":"LineString","coordinates":[[-103.57790342845011,20.206677696986183],[-103.58451134761903,20.213381383099566],[-103.58633091956408,20.21663745921178],[-103.59140656762136,20.22180887421353],[-103.59140656762136,20.22180887421353]]}},{"type":"Feature","properties":{"average_dip":"(65.0,,)","catalog_id":"MX_nan","catalog_name":"Villegas Mexico","dip_dir":"SW","name":"Z.F. Zacoalco S (Seccion Z)\n","net_slip_rate":"(0.2,,)","reference":"Pacheco et al., 1999","slip_type":"Normal"},"geometry":{"type":"LineString","coordinates":[[-103.58479864845245,20.223436912269637],[-103.59504571151147,20.227171823104232],[-103.59878062234607,20.22765065782662],[-103.60356896956992,20.22975753060511],[-103.60356896956992,20.22975753060511]]}},{"type":"Feature","properties":{"average_dip":"(60.0,,)","catalog_id":"MX_nan","catalog_name":"Villegas Mexico","dip_dir":"S, SW","name":"Amatl\u00e1n de las Ca\u00f1as","net_slip_rate":"(0.75,,)","reference":"Nu\u00f1ez-Cordu et al., 2002","slip_type":"Normal"},"geometry":{"type":"LineString","coordinates":[[-104.67930937571468,20.968334429918553],[-104.64379140378128,20.95818643793758],[-104.62856941580982,20.95226677594868],[-104.61334742783836,20.94634711395978],[-104.5930514438764,20.939581785972464],[-104.57106412791764,20.94042745197088],[-104.5507681439557,20.943810115964535],[-104.52878082799691,20.94634711395978],[-104.51271317402704,20.948884111955024],[-104.49664552005717,20.948884111955024],[-104.48311486408254,20.942964449966123],[-104.46873854210949,20.929433793991493],[-104.45859055012852,20.916748804015274],[-104.45013389014437,20.9006811500454],[-104.44336856215706,20.889687492066013],[-104.4399858981634,20.882076498080284],[-104.43914023216499,20.874465504094555],[-104.43152923817925,20.86600884411041],[-104.42899224018402,20.862626180116752],[-104.42053558019987,20.85586085212944],[-104.41123325421731,20.848249858143706],[-104.40700492422523,20.847404192145294],[-104.39601126624585,20.82964520617859],[-104.39178293625378,20.82372554418969],[-104.39009160425695,20.8127318862103],[-104.38670894026329,20.801738228230914],[-104.37909794627757,20.789898904253114],[-104.37064128629342,20.77975091227214],[-104.36472162430452,20.774676916281653],[-104.36472162430452,20.774676916281653]]}},{"type":"Feature","properties":{"average_dip":"(60.0,,)","catalog_id":"MX_nan","catalog_name":"Villegas Mexico","dip_dir":"NE","name":"Tepuzhuac\u00e1n","net_slip_rate":"(0.64,,)","reference":"Nu\u00f1ez-Cordu et al., 2002","slip_type":"Normal"},"geometry":{"type":"LineString","coordinates":[[-104.50510235342021,20.885036784201958],[-104.45901354967428,20.82626298859935]]}},{"type":"Feature","properties":{"average_dip":"(70.0,,)","catalog_id":"MX_nan","catalog_name":"Villegas Mexico","dip_dir":"S","name":"Ameca","net_slip_rate":"(0.2,,)","reference":"Nu\u00f1ez-Cordu et al., 2002","slip_type":"Normal"},"geometry":{"type":"LineString","coordinates":[[-104.06324180374597,20.611886626221494],[-103.97698385912057,20.580596979641687],[-103.95922487052121,20.586516642508137],[-103.9520367084691,20.587362308631917],[-103.94062021579808,20.583133978013024],[-103.90975340228016,20.588207974755694],[-103.8771952565147,20.582288311889247],[-103.86028193403912,20.575100149837127],[-103.86028193403912,20.575100149837127]]}},{"type":"Feature","properties":{"average_dip":"(79.0,,)","catalog_id":"MX_nan","catalog_name":"Villegas Mexico","dip_dir":"NW","name":"Tepehuaje\n","net_slip_rate":"(0.2,,)","reference":"Moore et al., 1994","slip_type":"Normal"},"geometry":{"type":"LineString","coordinates":[[-103.43858922101055,21.03559101724722],[-103.4325502660268,21.03678291625717],[-103.42857726932696,21.038372114937104],[-103.42404805308917,21.04210673183494],[-103.42214101467324,21.04218619176894],[-103.41578421995351,21.043854850382868],[-103.41061932424374,21.046079728534774],[-103.40720254708188,21.049099206026646],[-103.40052791262616,21.05299274279248],[-103.39456841757642,21.058713858040235],[-103.39091326061258,21.063719833882022],[-103.39091326061258,21.063719833882022]]}},{"type":"Feature","properties":{"average_dip":"(45.0,,)","catalog_id":"MX_nan","catalog_name":"Villegas Mexico","dip_dir":"S","name":"Aljibes Mediograben A\n","net_slip_rate":"(0.07,,)","reference":"Suter et al., 1995b","slip_type":"Normal"},"geometry":{"type":"LineString","coordinates":[[-99.56435003596559,20.665914633183903],[-99.53169889078966,20.663808107688684],[-99.51168689858504,20.66064831944585],[-99.48219554165195,20.65959505669824],[-99.44743787098079,20.6753939979124],[-99.44743787098079,20.6753939979124]]}},{"type":"Feature","properties":{"average_dip":"(65.0,,)","catalog_id":"MX_nan","catalog_name":"Villegas Mexico","dip_dir":"S","name":"Aljibes Mediograben B\n","net_slip_rate":"(0.07,,)","reference":"Suter et al., 1995b","slip_type":"Normal"},"geometry":{"type":"LineString","coordinates":[[-99.61280012235568,20.67434073516479],[-99.60332075762717,20.669074421426735],[-99.59278813015108,20.662754844941073],[-99.58225550267497,20.656435268455407],[-99.56435003596559,20.649062429222134],[-99.55171088299426,20.6459026409793],[-99.54433804376097,20.64484937823169],[-99.53064562804204,20.649062429222134],[-99.52011300056593,20.648009166474523],[-99.50220753385655,20.6459026409793],[-99.48746185539,20.64379611548408],[-99.4674498631854,20.6459026409793],[-99.45375744746646,20.648009166474523],[-99.45375744746646,20.648009166474523]]}},{"type":"Feature","properties":{"average_dip":"(70.0,,)","catalog_id":"MX_nan","catalog_name":"Villegas Mexico","dip_dir":"S","name":"Aljibes Mediograben C\n","net_slip_rate":"(7.0,,)","reference":"Suter et al., 1995b","slip_type":"Normal"},"geometry":{"type":"LineString","coordinates":[[-99.62175320118732,20.631156918205804],[-99.59489500659629,20.631156918205804],[-99.56909007453825,20.632736812005277],[-99.55276450527704,20.631683549472296],[-99.54539166754616,20.631683549472296],[-99.52695957321899,20.62799713060686],[-99.5153736853562,20.625890605540896],[-99.51063400395778,20.62325744920844],[-99.5032611662269,20.622730817941953],[-99.5032611662269,20.622730817941953]]}},{"type":"Feature","properties":{"average_dip":"(75.0,,)","catalog_id":"MX_nan","catalog_name":"Villegas Mexico","dip_dir":"S","name":"Aljibes Mediograben D\n","net_slip_rate":"(0.7,,)","reference":"Suter et al., 1995b","slip_type":"Normal"},"geometry":{"type":"LineString","coordinates":[[-99.61596025725592,20.62325744920844],[-99.59858142546173,20.62325744920844],[-99.59068195646437,20.625363974274407],[-99.5711965996042,20.626417236807388],[-99.54644493007915,20.625363974274407],[-99.5374921985488,20.623784080474934],[-99.52485304815302,20.62220418667546],[-99.5143204228232,20.619571030343007],[-99.5143204228232,20.619571030343007]]}},{"type":"Feature","properties":{"catalog_id":"MX_nan","catalog_name":"Villegas Mexico","dip_dir":"S","name":"Aljibes Mediograben E\n","net_slip_rate":"(0.7,,)","reference":"Suter et al., 1995b","slip_type":"Normal"},"geometry":{"type":"LineString","coordinates":[[-99.71128051649075,20.584286735488128],[-99.68652884696569,20.59218620448549],[-99.67072990897097,20.596399254617413],[-99.6628304399736,20.599032410949867],[-99.65809075857518,20.602192198548813],[-99.65545760224273,20.602192198548813],[-99.63913203298152,20.604825354881267],[-99.62965267018468,20.605351986147756],[-99.61648688852242,20.60587861741425],[-99.6059542631926,20.60745851121372],[-99.59331511279682,20.60903840501319],[-99.58857543139841,20.610091667546175],[-99.58541564379946,20.609565036279683],[-99.57277649340368,20.611144930079156],[-99.57277649340368,20.611144930079156]]}},{"type":"Feature","properties":{"average_dip":"(80.0,,)","catalog_id":"MX_nan","catalog_name":"Villegas Mexico","dip_dir":"S","name":"SN Cerro el Fraile \n","net_slip_rate":"(0.2,,)","reference":"Suter et al., 1995b","slip_type":"Normal"},"geometry":{"type":"LineString","coordinates":[[-99.06299742744062,20.6027188298153],[-99.00664788192611,20.60219219854881],[-98.99716851912927,20.60324546108179],[-98.99716851912927,20.60324546108179]]}},{"type":"Feature","properties":{"average_dip":"(65.0,,)","catalog_id":"MX_nan","catalog_name":"Villegas Mexico","dip_dir":"N","name":"SN Reservorio Debodhe\n","net_slip_rate":"(0.2,,)","reference":"Suter et al., 1995b","slip_type":"Normal"},"geometry":{"type":"LineString","coordinates":[[-99.12461328562004,20.497392576517147],[-99.10934097889181,20.489493107519785],[-99.0982817222955,20.48528005738786],[-99.09196214709762,20.482120269788915],[-99.08511594063323,20.47843385092348],[-99.07247679023746,20.475800694591026],[-99.06141753364115,20.473167538258572],[-99.04403870184696,20.4715876444591],[-99.0245533449868,20.469481119393137],[-99.0245533449868,20.469481119393137]]}},{"type":"Feature","properties":{"average_dip":"(70.0,,)","catalog_id":"MX_nan","catalog_name":"Villegas Mexico","dip_dir":"N","name":"SN Cerro Guadril","net_slip_rate":"(0.2,,)","reference":"Suter et al., 1995b","slip_type":"Normal"},"geometry":{"type":"LineString","coordinates":[[-99.13093286081794,20.458421862796833],[-99.11882034168865,20.458421862796833],[-99.10407466622691,20.455262075197886],[-99.09406867216357,20.454735443931398],[-99.0872224656992,20.45157565633245],[-99.07458331530341,20.44578271240105],[-99.06510395250659,20.44262292480211],[-99.05351806464378,20.439989768469655],[-99.04930501451186,20.439989768469655],[-99.04456533311344,20.437883243403693],[-99.04456533311344,20.437883243403693]]}},{"type":"Feature","properties":{"average_dip":"(90.0,,)","catalog_id":"MX_nan","catalog_name":"Villegas Mexico","last_movement":"1902","name":"Concordia","reference":"Guzm\u00e1n-Speziale, 2010","slip_type":"Dextral"},"geometry":{"type":"LineString","coordinates":[[-92.8487293958785,16.334952963616722],[-92.70575085553043,16.239633936718008],[-92.53829851097862,16.132722055196474],[-92.37857473617537,16.03869112325585],[-92.19824144204266,15.936931621566677],[-92.06685575631741,15.864798303913593]]}},{"type":"Feature","properties":{"catalog_id":"MX_2.0","catalog_name":"Villegas Mexico","dip_dir":"SW","name":"SN Rio Casas Grandes","net_slip_rate":"(0.2,,)","reference":"Nakata, J.K., et al, 1982","slip_type":"Normal"},"geometry":{"type":"LineString","coordinates":[[-107.99907242712095,31.583498927822173],[-107.97367980618893,31.578420198697067],[-107.95641290065147,31.574865247557003],[-107.9381303900939,31.571310520416763]]}},{"type":"Feature","properties":{"catalog_id":"MX_3.0","catalog_name":"Villegas Mexico","dip_dir":"NNE","name":"SN Cerro La Rosina y el Fresal","net_slip_rate":"(0.2,,)","reference":"Nakata, J.K., et al, 1982","slip_type":"Normal"},"geometry":{"type":"LineString","coordinates":[[-107.53592950814863,31.325863169656976],[-107.52825385747859,31.303315945813754],[-107.52105793497543,31.282687634638037],[-107.51482146880603,31.25966068262794],[-107.51194309980477,31.243829653120994],[-107.507145818136,31.222241885611524]]}},{"type":"Feature","properties":{"catalog_id":"MX_4.0","catalog_name":"Villegas Mexico","dip_dir":"NW","name":"SN Sierra El Malpais","net_slip_rate":"(0.2,,)","reference":"Nakata, J.K., et al, 1982","slip_type":"Normal"},"geometry":{"type":"LineString","coordinates":[[-107.4088015439262,31.218883788443385],[-107.38529486374922,31.209768953272718],[-107.36994356240915,31.205451399770826],[-107.35747063007035,31.204012215270193],[-107.34835579489967,31.202573030769564],[-107.33492340622712,31.19825547726767],[-107.31477482321829,31.190579826597634],[-107.30470053171386,31.187221729429496],[-107.29414651204257,31.183383904094477],[-107.28023439520314,31.173789340756937],[-107.26344390936244,31.16323532108564],[-107.24473451085423,31.154120485914977],[-107.21307245184033,31.13972864090866]]}},{"type":"Feature","properties":{"catalog_id":"MX_5.0","catalog_name":"Villegas Mexico","dip_dir":"NE","name":"SN El Barreal y Ahumada","net_slip_rate":"(0.2,,)","reference":"Nakata, J.K., et al, 1982","slip_type":"Normal"},"geometry":{"type":"LineString","coordinates":[[-107.26872097545454,31.385349021818186],[-107.21211305,31.32298435818182],[-107.18428881545454,31.295160123636368],[-107.15262675545455,31.268295345454547],[-107.13631599727272,31.24143056727273],[-107.12672143363636,31.21744415818182],[-107.11616741363636,31.17522807818182],[-107.10753230636364,31.14356601818182],[-107.09601883,31.10902558909091],[-107.08546481,31.075444616363637],[-107.05188383727273,31.001566476363635],[-107.03749199181817,30.967026047272725],[-107.02789742818182,30.928647792727272],[-107.02310014636363,30.90753975272727]]}},{"type":"Feature","properties":{"catalog_id":"MX_6.0","catalog_name":"Villegas Mexico","dip_dir":"W, SW","name":"Sierra El Camello (parte Sur)","net_slip_rate":"(0.2,,)","reference":"Nakata, J.K., et al, 1982","slip_type":"Normal"},"geometry":{"type":"LineString","coordinates":[[-107.41279715357838,32.03051030266529],[-107.41279715357838,32.05844154078004],[-107.41279715357838,32.03184036162313],[-107.42343762524114,32.02386000787607],[-107.41678733045191,32.0012490055927],[-107.41811738940976,31.987948416014245],[-107.40747691774699,31.98129812122502],[-107.38619597442147,31.971987708520103],[-107.38353585650579,31.936076116658285],[-107.3782156206744,31.913465114374915],[-107.37156532588517,31.902824642712154],[-107.36491503109595,31.893514230007238],[-107.37023526692734,31.88420381730232],[-107.38752603337932,31.864252932934644],[-107.39550638712639,31.84696216648266],[-107.39550638712639,31.817700869410064],[-107.40481679983131,31.80573033878946],[-107.41545727149406,31.792429749211006],[-107.41811738940976,31.776469041716865],[-107.41167997363637,31.753780265454555],[-107.39824758454546,31.7288344],[-107.36370715545455,31.6942939709091],[-107.30422086090908,31.671267018181826],[-107.26968043181817,31.64824006545455],[-107.25816695545454,31.627132025454554],[-107.25432913,31.598348334545463],[-107.2408967409091,31.571483556363642],[-107.19676174818181,31.544618778181825],[-107.16030240636363,31.535024214545462],[-107.12384306454545,31.523510738181823],[-107.10081611181818,31.502402698181825],[-107.06819459545454,31.460186618181822],[-107.01446503909091,31.404538149090914],[-106.97033004636363,31.356565330909095],[-106.93578961727272,31.329700552727274],[-106.90124918818181,31.28364664727273],[-106.8667087590909,31.23567382909091],[-106.83984398090908,31.19345774909091],[-106.78611442454545,31.147403843636365],[-106.7611685590909,31.11670124],[-106.74581725727272,31.078322985454545],[-106.73622269363635,31.03802581818182],[-106.72854704272726,31.001566476363635],[-106.73430378090907,30.97853952363636],[-106.72854704272726,30.957431483636363],[-106.72662813,30.932485618181815]]}},{"type":"Feature","properties":{"catalog_id":"MX_7.0","catalog_name":"Villegas Mexico","dip_dir":"NE","name":"SN Cuenca Mesilla","net_slip_rate":"(0.2,,)","reference":"Nakata J.K., et al, 1982","slip_type":"Normal"},"geometry":{"type":"LineString","coordinates":[[-106.78035717752442,31.776807250814336],[-106.78035717752442,31.76049648452769],[-106.77651935016287,31.748023545602607],[-106.77172206596092,31.73651006351792],[-106.76788423859935,31.72019929723127],[-106.76116804071661,31.701969617263845],[-106.74869510179153,31.668388627850163],[-106.73718161970683,31.651118404723128],[-106.71703302605863,31.63001035423453],[-106.69496551872965,31.602186105863193],[-106.67577638192182,31.575321314332246],[-106.65946561563517,31.54749706596091],[-106.65274941775245,31.528307929153094],[-106.64123593566775,31.507199878664494],[-106.63260082410423,31.49184856921824],[-106.62684408306188,31.48033508713355],[-106.62588462622149,31.474578346091203],[-106.62300625570032,31.47074051872964],[-106.62300625570032,31.462105407166124]]}},{"type":"Feature","properties":{"catalog_id":"MX_8.0","catalog_name":"Villegas Mexico","dip_dir":"E","name":"Mont. Este Franklin (parte sur)","net_slip_rate":"(0.2,,)","reference":"Collins E., et al, 1996","slip_type":"Normal"},"geometry":{"type":"LineString","coordinates":[[-106.46380468949093,31.818130461843413],[-106.46516143458325,31.814060226566415],[-106.47194516004491,31.80754785012322],[-106.47248785808185,31.80212086975389],[-106.47330190513725,31.79289500312603],[-106.48524126194978,31.762775262076246],[-106.49039689330064,31.748393764097525],[-106.49060121172639,31.72883440879479],[-106.48772284120521,31.711564185667754],[-106.48196610016286,31.693334505700328],[-106.4781282728013,31.67414536889251],[-106.47620935912052,31.659753516286646],[-106.47620935912052,31.59930773534202]]}},{"type":"Feature","properties":{"catalog_id":"MX_9.0","catalog_name":"Villegas Mexico","dip_dir":"SW","name":"Sierra El Presidio (parte Suroeste)","net_slip_rate":"(0.2,,)","reference":"Collins E., et al, 1996","slip_type":"Normal"},"geometry":{"type":"LineString","coordinates":[[-106.50115532899022,31.487051397394136],[-106.4339932931596,31.416051530944625],[-106.40233119055374,31.385348885993487],[-106.38218257980455,31.373835394136808],[-106.3591555960912,31.351767868078177],[-106.34380427361562,31.32874088436482],[-106.33229078175894,31.305713900651465],[-106.32077728990227,31.287484205211726],[-106.31022325570031,31.268295052117264]]}},{"type":"Feature","properties":{"catalog_id":"MX_10.0","catalog_name":"Villegas Mexico","dip_dir":"S","name":"SN Andocutin y Santa Clara","net_slip_rate":"(0.2,,)","reference":"Pasquar\u00e9, G., et al, 1991","slip_type":"Normal"},"geometry":{"type":"LineString","coordinates":[[-100.8651794324903,19.958067874756026],[-100.85715871361629,19.960073054474528],[-100.85465223896816,19.960073054474528],[-100.84713281502377,19.958067874756026],[-100.84061598093862,19.95606269503752],[-100.83409914685349,19.955561400107896],[-100.83209396713498,19.954558810248642],[-100.82056418375359,19.954558810248642],[-100.81254346487957,19.95606269503752],[-100.80452274600556,19.9575665798264],[-100.79600073220192,19.958569169685653],[-100.7879800133279,19.960073054474528],[-100.77745281980576,19.96358211898191]]}},{"type":"Feature","properties":{"catalog_id":"MX_11.0","catalog_name":"Villegas Mexico","dip_dir":"S","name":"SN Bordo de Enmedio y Chumbacua","net_slip_rate":"(0.2,,)","reference":"Pasquar\u00e9, G., et al, 1991","slip_type":"Normal"},"geometry":{"type":"LineString","coordinates":[[-100.78497214495114,19.944532864820847],[-100.7949980407166,19.942026390879477],[-100.80402134690553,19.938517327361563],[-100.81555112703583,19.93701344299674]]}},{"type":"Feature","properties":{"catalog_id":"MX_12.0","catalog_name":"Villegas Mexico","dip_dir":"S","name":"SN Tzintzimeo y San Nicolas","net_slip_rate":"(1.0,,)","reference":"Pasquar\u00e9, G., et al, 1991","slip_type":"Dextral"},"geometry":{"type":"LineString","coordinates":[[-100.81254335830619,19.89390209120521],[-100.82708090716612,19.894904680781757],[-100.83861068729641,19.895907270358304],[-100.84863658306188,19.89640856514658],[-100.85364953094462,19.89690985993485],[-100.86367542671009,19.895405975570032],[-100.87219743811075,19.89390209120521],[-100.87971685993485,19.89390209120521],[-100.88974275570031,19.894904680781757],[-100.89726217752442,19.894403385993485],[-100.90127253583061,19.89390209120521],[-100.90879195765471,19.88989173289902],[-100.91781526384364,19.887385258957654],[-100.92533468566775,19.88287360586319],[-100.93335540228013,19.880367131921822],[-100.93886964495113,19.878863247557003],[-100.94187741368077,19.879364542345275],[-100.94739165635178,19.88187101628664],[-100.9509007198697,19.882372311074917],[-100.95591366775244,19.88136972149837],[-100.96142791042344,19.878863247557003],[-100.96644085830619,19.87735936319218],[-100.97095251140064,19.873850299674267]]}},{"type":"Feature","properties":{"catalog_id":"MX_13.0","catalog_name":"Villegas Mexico","dip_dir":"N","name":"SN Balneario Atzimba","net_slip_rate":"(0.2,,)","reference":"Pasquar\u00e9, G., et al, 1991","slip_type":"Normal"},"geometry":{"type":"LineString","coordinates":[[-100.81304439576547,19.87986626384365],[-100.81705475407166,19.881370148208468],[-100.8255767654723,19.881370148208468],[-100.83560266123779,19.880868853420196],[-100.84211949348534,19.880367558631924],[-100.84713244136807,19.879364969055377],[-100.85264668403909,19.87836237947883]]}},{"type":"Feature","properties":{"catalog_id":"MX_14.0","catalog_name":"Villegas Mexico","dip_dir":"N","name":"SN Cerro Palo Dulce y Chehuayito","net_slip_rate":"(0.2,,)","reference":"Pasquar\u00e9, G., et al, 1991","slip_type":"Normal"},"geometry":{"type":"LineString","coordinates":[[-101.07522157003257,19.899918055374595],[-101.08324228664495,19.89741158143323],[-101.09076170846906,19.895907697068406],[-101.09878242508144,19.894403812703587],[-101.105299257329,19.89390251791531],[-101.11382126872964,19.895406402280134],[-101.12184198534202,19.89741158143323],[-101.12835881758957,19.900920644951142]]}},{"type":"Feature","properties":{"catalog_id":"MX_15.0","catalog_name":"Villegas Mexico","dip_dir":"NW","name":"SN La Quemada y Rio Grande","net_slip_rate":"(0.2,,)","reference":"Pasquar\u00e9, G., et al, 1991","slip_type":"Dextral"},"geometry":{"type":"LineString","coordinates":[[-101.21257599348532,19.708423167752443],[-101.22210059446252,19.70391151465798],[-101.23112390065144,19.69689338762215]]}},{"type":"Feature","properties":{"average_dip":"(65.0,,)","catalog_id":"MX_16.0","catalog_name":"Villegas Mexico","dip_dir":"NW","name":"SN Rio Chiquito","net_slip_rate":"(0.2,,)","reference":"Pasquar\u00e9, G., et al, 1991","slip_type":"Dextral"},"geometry":{"type":"LineString","coordinates":[[-101.20806434039085,19.699901156351793],[-101.19352679153091,19.70641798859935],[-101.18249830618889,19.710929641693813]]}},{"type":"Feature","properties":{"catalog_id":"MX_17.0","catalog_name":"Villegas Mexico","dip_dir":"NW","name":"SN Querendaro y Volc\u00e1n Cerro Mozo","net_slip_rate":"(1.0,,)","reference":"Pasquar\u00e9, G., et al, 1991","slip_type":"Dextral"},"geometry":{"type":"LineString","coordinates":[[-100.90377870684038,19.800912236156353],[-100.87771137785016,19.802416120521173],[-100.86066735504886,19.802416120521173],[-100.84412462703582,19.806426478827362],[-100.82908578338763,19.809434247557004],[-100.81354564495113,19.816452374592835],[-100.80351974918567,19.823971796416938],[-100.79549903257329,19.831491218241045],[-100.78246536807818,19.83750675570033],[-100.76692522964169,19.84051452442997],[-100.74687343811075,19.841517114006514],[-100.73684754234527,19.84051452442997],[-100.72632035179153,19.83750675570033]]}},{"type":"Feature","properties":{"average_dip":"(75.0,,)","catalog_id":"MX_18.0","catalog_name":"Villegas Mexico","dip_dir":"S","name":"SN Presa Laguna Larga y Cerro Pizcuaro","net_slip_rate":"(0.2,,)","reference":"Pasquar\u00e9, G., et al, 1991","slip_type":"Normal"},"geometry":{"type":"LineString","coordinates":[[-100.67568957817589,19.804421299674267],[-100.65864555537459,19.80341871009772],[-100.64861965960912,19.80341871009772],[-100.64009764820847,19.80341871009772],[-100.63207693159609,19.804922594462543],[-100.62606139413681,19.806927773615637],[-100.6185419723127,19.81043683713355]]}},{"type":"Feature","properties":{"average_dip":"(45.0,,)","catalog_id":"MX_19.0","catalog_name":"Villegas Mexico","dip_dir":"N","name":"SN Laguna Larga","net_slip_rate":"(1.0,,)","reference":"Ferrari, L., et al, 1991","slip_type":"Normal"},"geometry":{"type":"LineString","coordinates":[[-100.68671788110748,19.792390464169383],[-100.67017515309446,19.78938269543974],[-100.65262983550488,19.78938269543974],[-100.64511041368077,19.78938269543974],[-100.63007157003257,19.788380105863194],[-100.62004567426709,19.788881400651466],[-100.61403013680781,19.78938269543974],[-100.6065107149837,19.788881400651466],[-100.59848999837133,19.787377516286647],[-100.58846410260585,19.78386845276873]]}},{"type":"Feature","properties":{"catalog_id":"MX_20.0","catalog_name":"Villegas Mexico","dip_dir":"N","name":"SN Los Tejamaniles y Mesa Guadalupe","net_slip_rate":"(0.2,,)","reference":"Ferrari, L., et al, 1991","slip_type":"Normal"},"geometry":{"type":"LineString","coordinates":[[-100.6656635,19.77384255700326],[-100.65563760423453,19.773341262214984],[-100.64761688762215,19.773341262214984],[-100.64210264495114,19.772839967426712],[-100.63558581270358,19.770333493485342],[-100.62856768566775,19.768328314332248],[-100.61954437947882,19.768328314332248]]}},{"type":"Feature","properties":{"catalog_id":"MX_21.0","catalog_name":"Villegas Mexico","dip_dir":"S","name":"SN Puriatzicuaro y Santa Rita","net_slip_rate":"(0.2,,)","reference":"Pasquar\u00e9, G., et al, 1991","slip_type":"Normal"},"geometry":{"type":"LineString","coordinates":[[-100.54886167589576,19.884127475570033],[-100.53332153745927,19.88513006514658],[-100.51978657817588,19.884628770358304],[-100.50474773452768,19.883124885993485]]}},{"type":"Feature","properties":{"catalog_id":"MX_22.0","catalog_name":"Villegas Mexico","dip_dir":"SW","name":"SN Laguna Pachones y Cerro las cuevas","net_slip_rate":"(0.2,,)","reference":"Aranda-Gomez J.J. & Henry C.D., 1992","slip_type":"Normal"},"geometry":{"type":"LineString","coordinates":[[-104.65741923701287,24.39545320145751],[-104.65618862395321,24.390530749218875],[-104.65454780654034,24.3868389100399],[-104.6516763760678,24.384377683920583],[-104.6496253543017,24.382736866507706],[-104.64921514994847,24.37781441426907],[-104.64511310641629,24.372481757677217],[-104.64388249335663,24.370430735911118],[-104.64101106288409,24.36632869237892],[-104.64101106288409,24.363867466259606],[-104.63444779323258,24.35935521837419],[-104.63116615840681,24.356483787901656],[-104.6287049322875,24.35238174436946],[-104.62747431922784,24.34992051825014],[-104.62747431922784,24.347459292130825],[-104.62788452358106,24.345408270364725],[-104.62788452358106,24.343767452951848],[-104.6246028887553,24.341306226832533],[-104.62173145828277,24.338845000713214],[-104.62091104957634,24.335153161534237],[-104.61927023216346,24.334332752827798],[-104.61557839298447,24.33351234412136],[-104.61311716686517,24.331461322355263],[-104.61229675815872,24.330230709295606],[-104.61270696251194,24.32612866576341],[-104.61270696251194,24.321616417877994],[-104.61065594074584,24.319155191758675],[-104.60860491897975,24.318744987405456],[-104.60532328415398,24.318744987405456],[-104.6012212406218,24.31669396563936],[-104.59958042320892,24.314642943873263],[-104.59383756226384,24.311361309047506],[-104.58317224908014,24.30725926551531],[-104.5782497968415,24.303567426336333],[-104.57291714024964,24.29700415668482],[-104.56963550542389,24.296183747978382],[-104.56799468801101,24.29085109138653],[-104.5675844836578,24.28756945656077],[-104.56553346189169,24.285928639147894],[-104.56184162271272,24.284698026088236],[-104.5614314183595,24.283877617381798],[-104.56184162271272,24.28100618690926],[-104.56266203141915,24.277724552083505],[-104.56225182706594,24.274442917257748],[-104.56020080529984,24.27116128243199],[-104.5573293748273,24.265828625840136],[-104.55404774000155,24.262546991014382],[-104.55363753564832,24.26131637795472],[-104.55363753564832,24.258034743128967],[-104.55117630952901,24.255573517009648],[-104.54789467470326,24.253112290890332],[-104.54174160940497,24.248600043004917],[-104.53435793104701,24.24490820382594],[-104.5277946613955,24.240395955940524],[-104.5236926178633,24.240395955940524],[-104.5195905743311,24.239985751587305],[-104.51630893950535,24.23670411676155],[-104.51384771338603,24.233012277582574],[-104.51384771338603,24.23055105146326],[-104.51179669161994,24.22850002969716],[-104.50974566985384,24.226859212284282],[-104.50564362632164,24.226449007931063],[-104.50195178714267,24.223167373105305]]}},{"type":"Feature","properties":{"catalog_id":"MX_23.0","catalog_name":"Villegas Mexico","dip_dir":"SW","name":"SN Mesa la Gongora y Maar La Bre\u00f1a","net_slip_rate":"(0.2,,)","reference":"Aranda-Gomez, J.J. y Henry, C.D., 1992","slip_type":"Normal"},"geometry":{"type":"LineString","coordinates":[[-104.5298456831616,24.400375653696145],[-104.52410282221652,24.393402179691414],[-104.5216415960972,24.387659318746337],[-104.51918036997789,24.384787888273802],[-104.5154885307989,24.381916457801264],[-104.51343750903281,24.379865436035168],[-104.51261710032638,24.37781441426907],[-104.51261710032638,24.37576339250297],[-104.51384771338603,24.372481757677217],[-104.51097628291349,24.367559305438583],[-104.50605383067486,24.36222664884673]]}},{"type":"Feature","properties":{"catalog_id":"MX_24.0","catalog_name":"Villegas Mexico","dip_dir":"SW","name":"SN San Buenaventura y Juan Antonio Dom\u00ednguez","net_slip_rate":"(0.2,,)","reference":"Aranda-Gomez, J.J. y Henry, C.D., 1992","slip_type":"Normal"},"geometry":{"type":"LineString","coordinates":[[-104.51630915909091,24.34335725],[-104.51384793181818,24.339665409090912],[-104.51384793181818,24.33597356818182],[-104.51138670454546,24.332691931818182],[-104.50687445454545,24.3298205],[-104.50318261363637,24.326538863636365],[-104.50236220454545,24.32243681818182],[-104.50154179545454,24.318334772727273],[-104.49990097727273,24.314642931818184],[-104.49990097727273,24.3117715],[-104.50400302272728,24.310130681818183],[-104.5011315909091,24.30602863636364],[-104.49784995454546,24.301106181818184],[-104.49374790909091,24.29536331818182],[-104.49333770454545,24.29290209090909],[-104.49251729545455,24.291261272727272],[-104.48841525,24.288800045454547],[-104.48841525,24.28551840909091],[-104.48841525,24.28018575],[-104.48800504545454,24.272391863636365],[-104.48718463636364,24.266238795454544],[-104.48595402272727,24.260906136363637],[-104.48349279545454,24.256804090909093],[-104.47651931818181,24.25393265909091],[-104.47159686363636,24.24942040909091],[-104.46913563636363,24.245728568181818],[-104.46626420454545,24.242036727272726],[-104.46339277272727,24.23752447727273],[-104.46298256818181,24.23342243181818],[-104.46298256818181,24.229730590909092],[-104.46216215909091,24.226448954545454],[-104.45806011363636,24.227679568181816]]}},{"type":"Feature","properties":{"catalog_id":"MX_25.0","catalog_name":"Villegas Mexico","dip_dir":"SW","name":"SN Cerro Las Tunas y Cerro Las Escobas","net_slip_rate":"(0.2,,)","reference":"Yamamoto, J., 1993","slip_type":"Normal"},"geometry":{"type":"LineString","coordinates":[[-104.51384793181818,24.407759363636366],[-104.51056629545454,24.395863431818185],[-104.50933568181819,24.39012056818182],[-104.50646425,24.38478790909091],[-104.5011315909091,24.37576340909091]]}},{"type":"Feature","properties":{"catalog_id":"MX_26.0","catalog_name":"Villegas Mexico","dip_dir":"SW","name":"SN Cerro Cerro Ojo de Venado y Cerro Venado","net_slip_rate":"(0.2,,)","reference":"Yamamoto, J., 1993","slip_type":"Normal"},"geometry":{"type":"LineString","coordinates":[[-104.46318767045454,24.39832465909091],[-104.46154685227272,24.394222613636366],[-104.4599060340909,24.391146079545457],[-104.45867542045454,24.389505261363638],[-104.45847031818181,24.386838931818183],[-104.45662439772727,24.38478790909091],[-104.45559888636363,24.381711375],[-104.454573375,24.379250147727273],[-104.45293255681817,24.376994022727274],[-104.45129173863636,24.373097079545456]]}},{"type":"Feature","properties":{"catalog_id":"MX_27.0","catalog_name":"Villegas Mexico","dip_dir":"NE","name":"SN Cerro Ojo de Venado y Cerro Pe\u00f1oncito","net_slip_rate":"(0.2,,)","reference":"Yamamoto, J., 1993","slip_type":"Normal"},"geometry":{"type":"LineString","coordinates":[[-104.44513867045454,24.37801953409091],[-104.44575397727272,24.379045045454546],[-104.4486254090909,24.384993011363637],[-104.4508815340909,24.38806954545455],[-104.45436827272727,24.39852976136364],[-104.45641929545454,24.403452215909095],[-104.45580398863636,24.40673385227273],[-104.45847031818181,24.40837467045455],[-104.45047132954545,24.403452215909095],[-104.45026622727272,24.40078588636364],[-104.44965092045454,24.399760375],[-104.4486254090909,24.39832465909091],[-104.44718969318181,24.394427715909092],[-104.44493356818181,24.39012056818182],[-104.44329275,24.386018522727277],[-104.44226723863636,24.383762397727274],[-104.4418570340909,24.38048076136364],[-104.4418570340909,24.37637871590909]]}},{"type":"Feature","properties":{"catalog_id":"MX_28.0","catalog_name":"Villegas Mexico","dip_dir":"NE","name":"SN Cerro Las Minas y Cerro la Chicharronera","net_slip_rate":"(0.2,,)","reference":"Yamamoto, J., 1993","slip_type":"Normal"},"geometry":{"type":"LineString","coordinates":[[-104.45580421909091,24.434422750909093],[-104.45231747272727,24.425603333636367],[-104.45129195909091,24.42293699818182],[-104.4490358290909,24.417399224545456],[-104.44534398,24.408990012727273],[-104.44431846636364,24.40488795818182],[-104.44411336363636,24.40345223909091],[-104.44267764454545,24.399350184545455]]}},{"type":"Feature","properties":{"catalog_id":"MX_29.0","catalog_name":"Villegas Mexico","dip_dir":"SW","name":"SN La Sanjuanera y Los Baluartes","net_slip_rate":"(0.2,,)","reference":"Aranda-Gomez, J.J. & Henry, C.D., 1992","slip_type":"Normal"},"geometry":{"type":"LineString","coordinates":[[-104.35017631454545,24.335358133636362],[-104.34812528727272,24.327769332727268],[-104.34607426,24.32346217545454],[-104.3452538490909,24.321616250909088],[-104.34463854090909,24.32079584],[-104.34258751363636,24.32038563454545],[-104.34238241090908,24.31443765545454],[-104.34197220545454,24.311566217272723],[-104.341562,24.30910498454545],[-104.33951097272727,24.307874368181814],[-104.33828035636363,24.30684885454545],[-104.33725484272726,24.305823340909086],[-104.33663953454544,24.304182519090904],[-104.33458850727271,24.29167125272727],[-104.3339731990909,24.28469776],[-104.33356299363635,24.28244163],[-104.33335789090908,24.279570191818177],[-104.33110176090908,24.276698753636357],[-104.32884563090909,24.274647726363632],[-104.32699970636362,24.272596699090904],[-104.32576909,24.267469130909085]]}},{"type":"Feature","properties":{"catalog_id":"MX_30.0","catalog_name":"Villegas Mexico","dip_dir":"SW","name":"SN Cerro el Obispo y San Diego","net_slip_rate":"(0.2,,)","reference":"Aranda-Gomez, J.J. & Henry, C.D., 1992","slip_type":"Normal"},"geometry":{"type":"LineString","coordinates":[[-104.23265243454547,24.21106606],[-104.22690955818183,24.20368236181819],[-104.22526873636365,24.20040071818182],[-104.22362791454546,24.19752928],[-104.21788503818183,24.19260681454546],[-104.20639928545455,24.180710856363643],[-104.20557887454547,24.17455777454546],[-104.19983599818183,24.169635309090914]]}},{"type":"Feature","properties":{"catalog_id":"MX_31.0","catalog_name":"Villegas Mexico","dip_dir":"SW","name":"SN Cerro San Diego y San Diego del Ojo","net_slip_rate":"(0.2,,)","reference":"Yamamoto, J., 1993","slip_type":"Normal"},"geometry":{"type":"LineString","coordinates":[[-104.23060140727274,24.174147569090916],[-104.22567894181819,24.168814898181825],[-104.2248585309091,24.165533254545462],[-104.22198709272729,24.161841405454553],[-104.21993606545456,24.15855976181819],[-104.21870544909092,24.15691894],[-104.21255236727274,24.1532270909091],[-104.20598908,24.1532270909091],[-104.20188702545455,24.151586269090917],[-104.19942579272728,24.149125036363642],[-104.19696456000001,24.14379236545455],[-104.19573394363637,24.139280105454553]]}},{"type":"Feature","properties":{"catalog_id":"MX_32.0","catalog_name":"Villegas Mexico","dip_dir":"SW","name":"SN Monte Redondo y San Rafael  Secci\u00f3n A","net_slip_rate":"(0.2,,)","reference":"Yamamoto, J., 1993","slip_type":"Normal"},"geometry":{"type":"LineString","coordinates":[[-104.46072756188923,24.20327242019544],[-104.46113776872963,24.201221385993485],[-104.46072756188923,24.197529524429967],[-104.4574459071661,24.19301724918567],[-104.45498466612376,24.188094767100978],[-104.4533438387622,24.177019182410422]]}},{"type":"Feature","properties":{"catalog_id":"MX_33.0","catalog_name":"Villegas Mexico","dip_dir":"SW","name":"SN Monte Redondo y San Rafael  Secci\u00f3n B","net_slip_rate":"(0.2,,)","reference":"Yamamoto, J., 1993","slip_type":"Normal"},"geometry":{"type":"LineString","coordinates":[[-104.44472949511399,24.158970081433225],[-104.44267846091203,24.154868013029315],[-104.4402172198697,24.15199656514658],[-104.435294737785,24.149535324104235],[-104.43570494462539,24.146253669381107],[-104.43365391042343,24.140100566775242],[-104.43283349674266,24.138049532573287],[-104.42914163517914,24.131076016286645],[-104.42873142833875,24.12943518892508],[-104.42914163517914,24.126973947882735],[-104.42955184201954,24.124512706840388],[-104.4303722557003,24.122871879478826],[-104.42914163517914,24.120410638436482],[-104.42832122149835,24.118359604234527],[-104.42873142833875,24.117128983713354],[-104.4307824625407,24.11589836319218]]}},{"type":"Feature","properties":{"catalog_id":"MX_34.0","catalog_name":"Villegas Mexico","dip_dir":"SW","name":"SN Monte Redondo y San Rafael  Secci\u00f3n C","net_slip_rate":"(0.2,,)","reference":"Yamamoto, J., 1993","slip_type":"Normal"},"geometry":{"type":"LineString","coordinates":[[-104.42709060097718,24.0880042980456],[-104.4172456368078,24.076108299674264],[-104.41355377524428,24.069134783387618],[-104.41068232736154,24.0654429218241],[-104.40904149999999,24.062981680781757],[-104.40740067263842,24.062161267100972],[-104.40699046579803,24.06011023289902],[-104.40699046579803,24.05600816449511],[-104.40329860423451,24.049855061889247],[-104.40042715635177,24.048214234527684],[-104.39673529478826,24.04616320032573],[-104.39427405374592,24.040830511400646],[-104.39222301954396,24.03713864983713],[-104.39099239902278,24.034267201954393]]}},{"type":"Feature","properties":{"catalog_id":"MX_35.0","catalog_name":"Villegas Mexico","dip_dir":"SW, W","name":"Robledo Oeste (parte sur)","net_slip_rate":"(0.2,,)","reference":"Mack, G.H., et al, 1993","slip_type":"Normal"},"geometry":{"type":"LineString","coordinates":[[-107.12614941062961,31.846406531103685],[-107.12318602194178,31.845089469464646],[-107.12121042948321,31.822040890781466],[-107.12417381817106,31.81578484799603],[-107.14853945849327,31.784504634068856],[-107.1489961677513,31.779042852230464],[-107.1473894059695,31.77341918599416],[-107.1441758824059,31.761368472630657],[-107.15220969131491,31.69227771601324],[-107.15220969131491,31.683440526213335],[-107.15140631042401,31.676210098195234],[-107.1489961677513,31.668979670177134],[-107.1457826441877,31.660142480377232],[-107.13614207349691,31.632827530086622],[-107.12810826458791,31.62158019761402],[-107.1240913601334,31.61515315048682],[-107.1200744556789,31.602299056232415],[-107.1120406467699,31.58944496197801],[-107.09998993340639,31.575787486832706],[-107.0823155538066,31.5557029645602]]}},{"type":"Feature","properties":{"catalog_id":"MX_36.0","catalog_name":"Villegas Mexico","dip_dir":"NE","name":"SN Abanicos de la Zona de falla Monte Riley","net_slip_rate":"(0.2,,)","reference":"Mack G.H., et al, 1993","slip_type":"Normal"},"geometry":{"type":"LineString","coordinates":[[-107.05259046084328,31.783059756684963],[-107.04937693727969,31.775829328666862],[-107.04857355638879,31.768598900648758],[-107.04294989015249,31.754138044612557],[-107.03491608124348,31.735660284121852],[-107.02527551055267,31.717182523631145],[-107.01081465451647,31.69227771601324],[-107.00278084560748,31.681030383540637],[-106.99956732204387,31.674603336413433],[-106.98912337046217,31.65692895681363],[-106.97867941888046,31.635237672759324]]}},{"type":"Feature","properties":{"catalog_id":"MX_37.0","catalog_name":"Villegas Mexico","dip_dir":"SW","name":"Zona de Falla Monte Riley (parte sur) seccion A","net_slip_rate":"(0.2,,)","reference":"Seager W.R., & Mack G.H., 1994","slip_type":"Normal"},"geometry":{"type":"LineString","coordinates":[[-107.01660584151023,31.796170540029948],[-107.01660584151023,31.791099690253162],[-107.01752025704376,31.787691414173683],[-107.01776964309835,31.78420000940934],[-107.01535891123726,31.773143894322253],[-107.01242141629827,31.76779551975786],[-107.00519098828018,31.756548187285258],[-106.99876394115297,31.751727901939855],[-106.98590984689856,31.73083999877645],[-106.97626927620776,31.713969000067546],[-106.96502194373517,31.700311524922242],[-106.95618475393526,31.68263714532244],[-106.94734756413536,31.669783051068034],[-106.93851037433545,31.65532219503183],[-106.92886980364464,31.644878243450126]]}},{"type":"Feature","properties":{"catalog_id":"MX_38.0","catalog_name":"Villegas Mexico","dip_dir":"SW","name":"Zona de Falla Monte Riley (parte sur) seccion B","net_slip_rate":"(0.2,,)","reference":"Seager W.R., & Mack G.H., 1994","slip_type":"Normal"},"geometry":{"type":"LineString","coordinates":[[-107.01552516860698,31.795671767920755],[-106.99931507505825,31.780874862014727],[-106.98975527629874,31.768904331394122],[-106.96662870551695,31.742087331249053],[-106.94011713611725,31.707541952940343],[-106.92886980364464,31.68986757334054],[-106.91922923295385,31.672193193740732],[-106.90958866226305,31.65933909948633],[-106.90396499602674,31.651305290577326]]}},{"type":"Feature","properties":{"average_dip":"(70.0,,)","catalog_id":"MX_39.0","catalog_name":"Villegas Mexico","dip_dir":"W","name":"Ixtapa secci\u00f3n A","net_slip_rate":"(0.2,,)","reference":"Ferrari, L., et al, 1994","slip_type":"Normal"},"geometry":{"type":"LineString","coordinates":[[-105.18324470223516,20.74003165210599],[-105.1669489364428,20.759819367710996],[-105.15181715392131,20.772623183690705],[-105.1459972375669,20.785426999670413],[-105.14134130448338,20.808706665088064],[-105.13784935467073,20.838970230131014]]}},{"type":"Feature","properties":{"average_dip":"(70.0,,)","catalog_id":"MX_40.0","catalog_name":"Villegas Mexico","dip_dir":"W","name":"Ixtapa secci\u00f3n B","net_slip_rate":"(0.2,,)","reference":"Ferrari, L., et al, 1994","slip_type":"Normal"},"geometry":{"type":"LineString","coordinates":[[-105.2274760665287,20.685324438374508],[-105.22398411671604,20.69114435472892],[-105.21816420036163,20.698128254354216],[-105.21467225054899,20.705112153979513],[-105.20768835092369,20.710932070333925],[-105.1937205516731,20.715588003417455],[-105.18324470223516,20.721407919771867]]}},{"type":"Feature","properties":{"average_dip":"(70.0,,)","catalog_id":"MX_44.0","catalog_name":"Villegas Mexico","dip_dir":"SE","name":"Techaluta","net_slip_rate":"(0.55,,)","reference":"Michaud F., et al, 1993","slip_type":"Normal"},"geometry":{"type":"LineString","coordinates":[[-103.6572621693811,19.999737723127033],[-103.64795029967426,20.013705527687296],[-103.61885070684039,20.036985201954398],[-103.60139095114006,20.04746105537459],[-103.58509517915309,20.05910089250814],[-103.57229135830619,20.0835445504886],[-103.56065152117263,20.105660241042344],[-103.54668371661238,20.131267882736157]]}},{"type":"Feature","properties":{"average_dip":"(65.0,,)","catalog_id":"MX_46.0","catalog_name":"Villegas Mexico","dip_dir":"NE","name":"Z.F. Plan de Barrancas (Hostotipaquillo A)","net_slip_rate":"(0.2,,)","reference":"Michaud F., et al, 1993","slip_type":"Normal"},"geometry":{"type":"LineString","coordinates":[[-104.12780292752441,21.03364650732899],[-104.11325313110748,21.026953600977198],[-104.10335926954396,21.021133682410422]]}},{"type":"Feature","properties":{"average_dip":"(65.0,,)","catalog_id":"MX_47.0","catalog_name":"Villegas Mexico","dip_dir":"NE","name":"Z.F. Plan de Barrancas (Hostotipaquillo B)","net_slip_rate":"(0.2,,)","reference":"Michaud F., et al, 1993","slip_type":"Normal"},"geometry":{"type":"LineString","coordinates":[[-104.105978232899,21.03510148697068],[-104.09346540798045,21.024334637622147],[-104.08589951384363,21.01967870276873],[-104.0803705912052,21.016186751628663],[-104.07338668892507,21.01211280863192],[-104.069894737785,21.010366833061887],[-104.05214398615634,20.99989097964169]]}},{"type":"Feature","properties":{"average_dip":"(65.0,,)","catalog_id":"MX_48.0","catalog_name":"Villegas Mexico","dip_dir":"NE","name":"Z.F. Plan de Barrancas (Hostotipaquillo C)","net_slip_rate":"(0.2,,)","reference":"Michaud F., et al, 1993","slip_type":"Normal"},"geometry":{"type":"LineString","coordinates":[[-104.09812134283386,21.035683478827362],[-104.08153457491855,21.026080613192182],[-104.06640278664493,21.02142467833876],[-104.05970988029314,21.017932727198694],[-104.0480700431596,21.01153081677524],[-104.04166813273613,21.00687488192182],[-104.02828232003256,21.00018197557003]]}},{"type":"Feature","properties":{"average_dip":"(65.0,,)","catalog_id":"MX_49.0","catalog_name":"Villegas Mexico","dip_dir":"NE","name":"Z.F. Plan de Barrancas (Hostotipaquillo D)","net_slip_rate":"(0.2,,)","reference":"Michaud F., et al, 1993","slip_type":"Normal"},"geometry":{"type":"LineString","coordinates":[[-104.00005549818181,20.97864834],[-103.99074361454545,20.972828412727274],[-103.98463269090908,20.969336456363635],[-103.9759028,20.962352543636364],[-103.97008287272728,20.95798759818182],[-103.96484493818181,20.955077634545454],[-103.95727903272727,20.951876674545453],[-103.95087711272727,20.9498397],[-103.94651216727272,20.948675714545455]]}},{"type":"Feature","properties":{"average_dip":"(65.0,,)","catalog_id":"MX_50.0","catalog_name":"Villegas Mexico","dip_dir":"NE","name":"Z.F. Plan de Barrancas (Hostotipaquillo E)","net_slip_rate":"(0.2,,)","reference":"Michaud F., et al, 1993","slip_type":"Normal"},"geometry":{"type":"LineString","coordinates":[[-104.00034649454545,20.971955423636363],[-103.99801852363636,20.969627452727273],[-103.98783365090908,20.96322553272727],[-103.97415682181818,20.95304066]]}},{"type":"Feature","properties":{"average_dip":"(65.0,,)","catalog_id":"MX_51.0","catalog_name":"Villegas Mexico","dip_dir":"NE","name":"Z.F. Plan de Barrancas (Hostotipaquillo F)","net_slip_rate":"(0.2,,)","reference":"Michaud F., et al, 1993","slip_type":"Normal"},"geometry":{"type":"LineString","coordinates":[[-104.00092848727272,20.958278594545455],[-103.98696066181817,20.947220732727274],[-103.98434169454545,20.946347743636363],[-103.9782307709091,20.941400805454546],[-103.97357482909091,20.939072834545453]]}},{"type":"Feature","properties":{"average_dip":"(65.0,,)","catalog_id":"MX_52.0","catalog_name":"Villegas Mexico","dip_dir":"NE","name":"Z.F. Plan de Barrancas (Hostotipaquillo G)","net_slip_rate":"(0.2,,)","reference":"Michaud F., et al, 1993","slip_type":"Normal"},"geometry":{"type":"LineString","coordinates":[[-103.99714553454545,20.942273794545454],[-103.98783365090908,20.93441689272727],[-103.97997674909091,20.930051947272727]]}},{"type":"Feature","properties":{"average_dip":"(65.0,,)","catalog_id":"MX_53.0","catalog_name":"Villegas Mexico","dip_dir":"NE","name":"Z.F. Plan de Barrancas (Hostotipaquillo H)","net_slip_rate":"(0.2,,)","reference":"Michaud F., et al, 1993","slip_type":"Normal"},"geometry":{"type":"LineString","coordinates":[[-103.99889151272727,20.934125896363636],[-103.99336258181818,20.93034294363636],[-103.99103461090908,20.927723976363634],[-103.98463269090908,20.922777038181817],[-103.98201372363636,20.92161305272727],[-103.97968575272726,20.919576078181816],[-103.96775490181818,20.915502129090907]]}},{"type":"Feature","properties":{"average_dip":"(65.0,,)","catalog_id":"MX_54.0","catalog_name":"Villegas Mexico","dip_dir":"NE","name":"Z.F. Plan de Barrancas (Hostotipaquillo I)","net_slip_rate":"(0.2,,)","reference":"Michaud F., et al, 1993","slip_type":"Normal"},"geometry":{"type":"LineString","coordinates":[[-103.97008287272728,20.944310769090908],[-103.96571792727272,20.94023682],[-103.96222597090909,20.938199845454545],[-103.9575700290909,20.936453867272725],[-103.95291408727272,20.93441689272727],[-103.9479671490909,20.93296191090909],[-103.93894626181817,20.931797925454546],[-103.93312633454545,20.93063394],[-103.92759740363636,20.928596965454545],[-103.92352345454545,20.92655999090909],[-103.91886751272726,20.92335903090909]]}},{"type":"Feature","properties":{"average_dip":"(65.0,,)","catalog_id":"MX_55.0","catalog_name":"Villegas Mexico","dip_dir":"NE","name":"Z.F. Plan de Barrancas (Hostotipaquillo J)","net_slip_rate":"(0.2,,)","reference":"Michaud F., et al, 1993","slip_type":"Normal"},"geometry":{"type":"LineString","coordinates":[[-103.93894626181817,20.927723976363634],[-103.93603629818182,20.92510500909091],[-103.93108935999999,20.922777038181817],[-103.92876138909091,20.921322056363636],[-103.92672441454545,20.92015807090909],[-103.92381445090909,20.918994085454543],[-103.91974050181818,20.9178301]]}},{"type":"Feature","properties":{"average_dip":"(65.0,,)","catalog_id":"MX_56.0","catalog_name":"Villegas Mexico","dip_dir":"NE","name":"Z.F. Plan de Barrancas (Magdalena-Tequila A)","net_slip_rate":"(0.2,,)","reference":"Harris, J.M. & Carmichael I, S.E., 1984","slip_type":"Normal"},"geometry":{"type":"LineString","coordinates":[[-103.92788826710098,20.902989032573288],[-103.92003135504886,20.893095143322476],[-103.91741238436482,20.890767169381107]]}},{"type":"Feature","properties":{"average_dip":"(65.0,,)","catalog_id":"MX_57.0","catalog_name":"Villegas Mexico","dip_dir":"NE","name":"Z.F. Plan de Barrancas (Magdalena-Tequila B)","net_slip_rate":"(0.2,,)","reference":"Harris, J.M. & Carmichael I, S.E., 1984","slip_type":"Normal"},"geometry":{"type":"LineString","coordinates":[[-103.94476607817589,20.899206074918567],[-103.93603617589577,20.888148198697067],[-103.9316712247557,20.88058228338762],[-103.92032235179153,20.86661443973941],[-103.91624839739414,20.86283148208469],[-103.91333842996742,20.85992151465798]]}},{"type":"Feature","properties":{"average_dip":"(65.0,,)","catalog_id":"MX_58.0","catalog_name":"Villegas Mexico","dip_dir":"NE","name":"Z.F. Plan de Barrancas (Magdalena-Tequila C)","net_slip_rate":"(0.2,,)","slip_type":"Normal"},"geometry":{"type":"LineString","coordinates":[[-103.9657178436482,20.890767169381107],[-103.95989790879479,20.884365241042346],[-103.95465996742671,20.879127299674266],[-103.94942202605863,20.87505334527687]]}},{"type":"Feature","properties":{"average_dip":"(65.0,,)","catalog_id":"MX_59.0","catalog_name":"Villegas Mexico","dip_dir":"NE","name":"Z.F. Plan de Barrancas (Magdalena-Tequila D)","net_slip_rate":"(0.2,,)","reference":"Harris, J.M. & Carmichael I, S.E., 1984","slip_type":"Normal"},"geometry":{"type":"LineString","coordinates":[[-103.98230465798045,20.89164015960912],[-103.97619372638437,20.88349225081433],[-103.96135289250815,20.873016368078176],[-103.94796704234528,20.861376498371335]]}},{"type":"Feature","properties":{"average_dip":"(65.0,,)","catalog_id":"MX_60.0","catalog_name":"Villegas Mexico","dip_dir":"NE","name":"Z.F. Plan de Barrancas (Magdalena-Tequila E)","net_slip_rate":"(0.2,,)","reference":"Harris, J.M. & Carmichael I, S.E., 1984","slip_type":"Normal"},"geometry":{"type":"LineString","coordinates":[[-103.95902491856677,20.85963051791531],[-103.95553295765473,20.85730254397394],[-103.94185611074919,20.844207690553745],[-103.9406921237785,20.84246171009772],[-103.93720016286645,20.84013373615635],[-103.93399919869707,20.83693277198697]]}},{"type":"Feature","properties":{"average_dip":"(65.0,,)","catalog_id":"MX_61.0","catalog_name":"Villegas Mexico","dip_dir":"NE","name":"Z.F. Plan de Barrancas (Magdalena-Tequila F)","net_slip_rate":"(0.2,,)","reference":"Harris, J.M. & Carmichael I, S.E., 1984","slip_type":"Normal"},"geometry":{"type":"LineString","coordinates":[[-103.87609084690554,20.829657853420194],[-103.86677895114006,20.81714499348534]]}},{"type":"Feature","properties":{"average_dip":"(65.0,,)","catalog_id":"MX_62.0","catalog_name":"Villegas Mexico","dip_dir":"NE","name":"Z.F. Plan de Barrancas (Magdalena-Tequila G)","net_slip_rate":"(0.2,,)","reference":"Harris, J.M. & Carmichael I, S.E., 1984","slip_type":"Normal"},"geometry":{"type":"LineString","coordinates":[[-103.91217444299674,20.85410157980456],[-103.88860370684039,20.829948850162864],[-103.88103779153094,20.82267393159609],[-103.87376287296416,20.815981006514654],[-103.87085290553746,20.81394402931596]]}},{"type":"Feature","properties":{"average_dip":"(65.0,,)","catalog_id":"MX_63.0","catalog_name":"Villegas Mexico","dip_dir":"NE","name":"Z.F. Plan de Barrancas (Magdalena-Tequila H)","net_slip_rate":"(0.2,,)","reference":"Harris, J.M. & Carmichael I, S.E., 1984","slip_type":"Normal"},"geometry":{"type":"LineString","coordinates":[[-103.92032235179153,20.84857264169381],[-103.9124654397394,20.84275270684039],[-103.90693650162866,20.83780576221498],[-103.90286254723127,20.83198582736156],[-103.89820659934853,20.826747885993484],[-103.89122267752442,20.81947296742671],[-103.88773071661238,20.815690009771984],[-103.88365676221498,20.811907052117263]]}},{"type":"Feature","properties":{"average_dip":"(65.0,,)","catalog_id":"MX_64.0","catalog_name":"Villegas Mexico","dip_dir":"SW","name":"S.F. Villa Corona (Villa Corona)","net_slip_rate":"(0.15,,)","reference":"Allan, J. F., 1986","slip_type":"Normal"},"geometry":{"type":"LineString","coordinates":[[-103.64638381471072,20.406383501867055],[-103.65700163743833,20.416635192776468],[-103.663958141984,20.425422356413108],[-103.67347756925702,20.437504706413485],[-103.67787115107534,20.442996683686385],[-103.68080020562088,20.446291870050125],[-103.68702444653017,20.44922092459567],[-103.69471321471224,20.45141771550483],[-103.69983906016694,20.451783847323025],[-103.70313424653068,20.45251611095941],[-103.70972461925815,20.45654356095954],[-103.71485046471287,20.46240167005063]]}},{"type":"Feature","properties":{"average_dip":"(65.0,,)","catalog_id":"MX_65.0","catalog_name":"Villegas Mexico","dip_dir":"SW","name":"S.F. Villa Corona (Sierra de Ahuisculco)","net_slip_rate":"(0.3,,)","reference":"Allan, J. F., 1986","slip_type":"Normal"},"geometry":{"type":"LineString","coordinates":[[-103.68080020562088,20.41041095186718],[-103.68372926016643,20.414072270049115],[-103.6859260510756,20.4148045336855],[-103.6914180283485,20.422859433685755],[-103.69581161016681,20.431646597322395],[-103.69800840107597,20.43530791550433],[-103.70057132380332,20.437870838231678],[-103.70313424653068,20.440799892777225],[-103.70533103743983,20.442264420049998],[-103.70862622380358,20.442996683686385],[-103.7122875419855,20.443362815504578],[-103.71558272834925,20.443362815504578],[-103.72180696925854,20.448854792777478],[-103.72400376016769,20.45434677005038],[-103.72656668289505,20.46093714277786],[-103.73059413289518,20.46862591095992],[-103.73315705562253,20.47338562459643],[-103.7349877147135,20.475216283687395],[-103.73901516471362,20.477413074596555],[-103.74340874653194,20.479609865505715],[-103.75073138289581,20.48656637005139],[-103.75585722835051,20.49315674277887],[-103.75951854653245,20.501211642779122],[-103.762447601078,20.508534279142985],[-103.76574278744172,20.519518233688785]]}},{"type":"Feature","properties":{"average_dip":"(65.0,,)","catalog_id":"MX_66.0","catalog_name":"Villegas Mexico","dip_dir":"SW, S","name":"Z.F. Villa Corona (Buenavista)","net_slip_rate":"(0.23,,)","reference":"Ferrari L.\u00a0& Rosas-Elguera J., 2000","slip_type":"Normal"},"geometry":{"type":"LineString","coordinates":[[-103.7562233601687,20.514758520052272],[-103.75951854653245,20.520250497325172],[-103.76098307380522,20.525742474598072],[-103.76574278744172,20.532698979143746],[-103.76903797380547,20.537092560962066],[-103.77416381926018,20.539655483689415],[-103.78295098289682,20.542584538234962],[-103.79137201471526,20.54661198823509],[-103.80125757380648,20.551371701871602],[-103.81297379198867,20.555765283689922],[-103.82029642835253,20.557229810962696],[-103.8279851965346,20.560524997326436],[-103.83640622835304,20.562355656417402]]}},{"type":"Feature","properties":{"average_dip":"(70.0,,)","catalog_id":"MX_67.0","catalog_name":"Villegas Mexico","dip_dir":"SW","name":"Z.F. Villa Corona (El Timbal A)","net_slip_rate":"(0.15,,)","reference":"Ferrari, L., & Rosas-Elguera, J., 2000","slip_type":"Normal"},"geometry":{"type":"LineString","coordinates":[[-103.78734456471514,20.502676170051895],[-103.77928966471488,20.491326083687902],[-103.77269929198741,20.48436957914223]]}},{"type":"Feature","properties":{"average_dip":"(70.0,,)","catalog_id":"MX_68.0","catalog_name":"Villegas Mexico","dip_dir":"SW","name":"Z.F. Villa Corona (El Timbal B)","net_slip_rate":"(0.15,,)","reference":"Ferrari, L., & Rosas-Elguera, J., 2000","slip_type":"Normal"},"geometry":{"type":"LineString","coordinates":[[-103.77434688516927,20.48171512346033],[-103.77123476471462,20.476406212096524],[-103.76601738630536,20.47054810300543],[-103.7613492056234,20.46514765868708],[-103.75970161244153,20.46313393368702],[-103.75649795903234,20.458923417777793]]}},{"type":"Feature","properties":{"average_dip":"(70.0,,)","catalog_id":"MX_69.0","catalog_name":"Villegas Mexico","dip_dir":"SW","name":"Z.F. Villa Corona (El Timbal C)","net_slip_rate":"(0.15,,)","reference":"Ferrari, L., & Rosas-Elguera, J., 2000","slip_type":"Normal"},"geometry":{"type":"LineString","coordinates":[[-103.79512486585173,20.494712803006195],[-103.78340864766955,20.481898189369428],[-103.77828280221485,20.47457555300556],[-103.77352308857833,20.46798518027808],[-103.76912950676001,20.462127071186988],[-103.76217300221433,20.455536698459504]]}},{"type":"Feature","properties":{"average_dip":"(70.0,,)","catalog_id":"MX_70.0","catalog_name":"Villegas Mexico","dip_dir":"SW","name":"Z.F. Villa Corona (El Timbal D)","net_slip_rate":"(0.15,,)","reference":"Ferrari, L., & Rosas-Elguera, J., 2000","slip_type":"Normal"},"geometry":{"type":"LineString","coordinates":[[-103.70084592266696,20.426063087094942],[-103.69828299993961,20.420388043912943],[-103.69462168175767,20.41434686891275],[-103.68986196812115,20.40574277118521],[-103.68418692493916,20.39842013482134],[-103.67777961812078,20.389999103002893],[-103.67247070675697,20.383408730275413],[-103.66752792721137,20.37626915982064],[-103.66276821357485,20.37022798482045]]}},{"type":"Feature","properties":{"average_dip":"(70.0,,)","catalog_id":"MX_71.0","catalog_name":"Villegas Mexico","dip_dir":"SW","name":"Z.F. Villa Corona (El Timbal E)","net_slip_rate":"(0.15,,)","reference":"Ferrari, L., & Rosas-Elguera, J., 2000","slip_type":"Normal"},"geometry":{"type":"LineString","coordinates":[[-103.7034088453943,20.422035637094815],[-103.70084592266696,20.41562833027643],[-103.69700153857593,20.409221023458045],[-103.69572007721224,20.406475034821597],[-103.69388941812129,20.40391211209424]]}},{"type":"Feature","properties":{"average_dip":"(70.0,,)","catalog_id":"MX_72.0","catalog_name":"Villegas Mexico","dip_dir":"SW","name":"Z.F. Villa Corona (El Timbal F)","net_slip_rate":"(0.15,,)","reference":"Ferrari, L., & Rosas-Elguera, J., 2000","slip_type":"Normal"},"geometry":{"type":"LineString","coordinates":[[-103.74350027948648,20.461944005277893],[-103.73855749994088,20.4559028302777],[-103.7317840613043,20.44382048027732],[-103.72336302948585,20.433751855277002],[-103.71805411812204,20.428259878004102],[-103.71311133857644,20.422035637094815],[-103.70780242721263,20.41672672573101],[-103.70194431812153,20.408488759821658],[-103.69755073630321,20.40391211209424],[-103.69590314312134,20.402081453003273]]}},{"type":"Feature","properties":{"average_dip":"(70.0,,)","catalog_id":"MX_73.0","catalog_name":"Villegas Mexico","dip_dir":"SW","name":"Z.F. Villa Corona (El Timbal G)","net_slip_rate":"(0.15,,)","reference":"Ferrari, L., & Rosas-Elguera, J., 2000","slip_type":"Normal"},"geometry":{"type":"LineString","coordinates":[[-103.74350027948648,20.432470393913324],[-103.73965589539546,20.42789374618591],[-103.73727603857719,20.42551388936765],[-103.73489618175894,20.42350016436759],[-103.7316009953952,20.42112030754933],[-103.72793967721327,20.418008187094685],[-103.72391222721313,20.41398073709456],[-103.7206170408494,20.410868616639917],[-103.71823718403114,20.407573430276177],[-103.71677265675837,20.404644375730626],[-103.7151250635765,20.402630650730565]]}},{"type":"Feature","properties":{"catalog_id":"MX_75.0","catalog_name":"Villegas Mexico","dip_dir":"NW","name":"SN Huaniqueo de Morales y Cerro La Leonera","net_slip_rate":"(0.2,,)","reference":"Pasquar\u00e9, G.et al, 1991","slip_type":"Normal"},"geometry":{"type":"LineString","coordinates":[[-101.48174374672354,19.90203275394361],[-101.4741686686527,19.90801307873639],[-101.46659359058184,19.913594715209644],[-101.46101195410859,19.916784221765795],[-101.45543031763532,19.92037241664146],[-101.44785523956448,19.923561923197607],[-101.44107753813266,19.926352741434236],[-101.4331037717423,19.929143559670866],[-101.42433262871289,19.931137001268457]]}},{"type":"Feature","properties":{"catalog_id":"MX_76.0","catalog_name":"Villegas Mexico","dip_dir":"NW","name":"SN Cerro las Huertas y Barranca el Terreno","net_slip_rate":"(0.2,,)","reference":"Pasquar\u00e9, G., et al, 1991","slip_type":"Normal"},"geometry":{"type":"LineString","coordinates":[[-101.46978309713799,19.93073831294894],[-101.45622769427436,19.939110767658825],[-101.43948278485459,19.949476663966305],[-101.4311103301447,19.954659612120043],[-101.42473131703241,19.95824780699571],[-101.41316935576637,19.962234690190893]]}},{"type":"Feature","properties":{"catalog_id":"MX_77.0","catalog_name":"Villegas Mexico","dip_dir":"N","name":"SN El Cuatro y Volc\u00e1n Cerro las Ventanas","net_slip_rate":"(0.2,,)","reference":"Pasquar\u00e9, G., et al, 1991","slip_type":"Normal"},"geometry":{"type":"LineString","coordinates":[[-101.36373200414609,19.96901239162271],[-101.38486248508056,19.96622157338608],[-101.39164018651238,19.96582288506656],[-101.41994705719819,19.962633378510414],[-101.43908409653507,19.961836001871376],[-101.44905130452302,19.96143731355186],[-101.46460014898425,19.96103862523234],[-101.4745673569722,19.96063993691282],[-101.4853319415992,19.95824780699571],[-101.49928603278235,19.954260923800526],[-101.50367160429705,19.952267482202934],[-101.5092532407703,19.949476663966305],[-101.51363881228501,19.94788191068823],[-101.51882176043875,19.947084534049193],[-101.5263968385096,19.946685845729675],[-101.54234437129034,19.947483222368714],[-101.55510239751493,19.94788191068823],[-101.56307616390531,19.947084534049193],[-101.56985386533711,19.94548978077112],[-101.5758341901299,19.944293715812567],[-101.5806184499641,19.941502897575937],[-101.58779483971544,19.938712079339307]]}},{"type":"Feature","properties":{"catalog_id":"MX_78.0","catalog_name":"Villegas Mexico","dip_dir":"N","name":"SN Cerro El Varal y Cerecuaro","net_slip_rate":"(0.2,,)","reference":"Pasquar\u00e9, G., et al, 1991","slip_type":"Normal"},"geometry":{"type":"LineString","coordinates":[[-101.40718891454544,20.032005323636366],[-101.39801906545453,20.039580416363638],[-101.37090820727272,20.049946332727274],[-101.35934622363635,20.053534534545456],[-101.3565554,20.055926669090912]]}},{"type":"Feature","properties":{"catalog_id":"MX_79.0","catalog_name":"Villegas Mexico","dip_dir":"SE","name":"SN Rincon Don Pedro y Arroyo Colorado","net_slip_rate":"(0.2,,)","reference":"Pasquar\u00e9, G., et al, 1991","slip_type":"Dextral"},"geometry":{"type":"LineString","coordinates":[[-101.45064602545453,20.053933223636363],[-101.43709059636363,20.058717492727276],[-101.43031288181817,20.062305694545454],[-101.42752205818181,20.06390045090909],[-101.42034565454544,20.06908340909091],[-101.41157449454545,20.074266367272728],[-101.40439809090908,20.07785456909091],[-101.39562693090909,20.080645392727273],[-101.38924790545454,20.08263883818182],[-101.38167281272726,20.084233594545456]]}},{"type":"Feature","properties":{"catalog_id":"MX_80.0","catalog_name":"Villegas Mexico","dip_dir":"NW","name":"SN Aragon y Moral","net_slip_rate":"(0.2,,)","reference":"Pasquar\u00e9, G., et al, 1991","slip_type":"Normal"},"geometry":{"type":"LineString","coordinates":[[-101.34539210545454,20.089815241818183],[-101.33741832363636,20.093802132727273],[-101.33263405454545,20.097390334545455],[-101.32784978545453,20.09978246909091],[-101.31708518,20.103370670909094],[-101.31070615454544,20.106560183636365],[-101.30233368363636,20.109749696363636],[-101.29794810363636,20.114135276363637],[-101.29396121272727,20.118919545454546],[-101.28877825454545,20.127690705454548]]}},{"type":"Feature","properties":{"catalog_id":"MX_81.0","catalog_name":"Villegas Mexico","dip_dir":"N","name":"SN Cerro Blanco y Carretera Federal 43","net_slip_rate":"(0.2,,)","reference":"Pasquar\u00e9, G., et al, 1991","slip_type":"Normal"},"geometry":{"type":"LineString","coordinates":[[-101.23934089454546,20.02562644727273],[-101.23256318,20.027221203636365],[-101.22458939818182,20.02961333818182],[-101.22020381818183,20.032005472727278],[-101.21502086000001,20.03519498545455],[-101.21183134727274,20.03758712],[-101.20904052363638,20.039979254545457],[-101.2062497,20.0419727],[-101.20306018727273,20.0419727],[-101.19707985090909,20.040776632727276],[-101.19309296,20.040776632727276],[-101.18870738000001,20.041574010909095],[-101.18591655636364,20.04277007818182],[-101.18232835454546,20.045162212727277],[-101.1795375309091,20.04675696909091],[-101.17555064000001,20.047155658181822],[-101.17036768181819,20.043966145454547]]}},{"type":"Feature","properties":{"catalog_id":"MX_82.0","catalog_name":"Villegas Mexico","dip_dir":"N","name":"SN El Cerro y Rancho Seco","net_slip_rate":"(0.2,,)","reference":"Pasquar\u00e9, G., et al, 1991","slip_type":"Normal"},"geometry":{"type":"LineString","coordinates":[[-101.21183134727274,20.02203824545455],[-101.20904052363638,20.023633001818187],[-101.19787722909092,20.024829069090913],[-101.18033490909092,20.02522775818182],[-101.16438734545456,20.02562644727273]]}},{"type":"Feature","properties":{"catalog_id":"MX_83.0","catalog_name":"Villegas Mexico","dip_dir":"S","name":"SN El Comal y La Joyita","net_slip_rate":"(0.2,,)","reference":"Pasquar\u00e9, G., et al, 1991","slip_type":"Normal"},"geometry":{"type":"LineString","coordinates":[[-101.12332236909091,20.11812231636364],[-101.11734203272728,20.122109207272732],[-101.10617873818182,20.12729216545455],[-101.09461675454546,20.130481678181823],[-101.07986525818183,20.13606332545455],[-101.06391769454547,20.142043661818185],[-101.05275440000001,20.14722662],[-101.03880028181818,20.151213510909095],[-101.01208811272728,20.159585981818186]]}},{"type":"Feature","properties":{"catalog_id":"MX_84.0","catalog_name":"Villegas Mexico","dip_dir":"S","name":"SN El Aguacate y Volc\u00e1n Blanco","net_slip_rate":"(0.2,,)","reference":"Pasquar\u00e1, G., et al, 1991","slip_type":"Normal"},"geometry":{"type":"LineString","coordinates":[[-101.1312961509091,20.090612769090914],[-101.11893678909091,20.093403592727277],[-101.10737480545455,20.09619441636364],[-101.09501544363637,20.10018130727273],[-101.08504821636365,20.10416819818182],[-101.08026394727273,20.106560332727277],[-101.06830327454546,20.110945912727274]]}},{"type":"Feature","properties":{"catalog_id":"MX_85.0","catalog_name":"Villegas Mexico","dip_dir":"N","name":"SN Pusandero y Las Canas (secci\u00f3n A)","net_slip_rate":"(0.2,,)","reference":"Pasquar\u00e9, G., et al, 1991","slip_type":"Normal"},"geometry":{"type":"LineString","coordinates":[[-101.00570942363636,20.090214307272728],[-101.01328451636364,20.08981561818182],[-101.01767009636363,20.088619550909094],[-101.0244478109091,20.088220861818183],[-101.03042814727273,20.087822172727275],[-101.03919930727272,20.088619550909094],[-101.04517964363636,20.088220861818183],[-101.04836915636363,20.087423483636364],[-101.05674162727273,20.087024794545457],[-101.06312065272726,20.086227416363638],[-101.07109443454546,20.083436592727274],[-101.07747346,20.082240525454548],[-101.08185904,20.08064576909091],[-101.08943413272728,20.079449701818184],[-101.09820529272727,20.079449701818184],[-101.10936858727273,20.07626018909091]]}},{"type":"Feature","properties":{"catalog_id":"MX_86.0","catalog_name":"Villegas Mexico","dip_dir":"N","name":"SN Pusandero y Las Canas (secci\u00f3n B)","net_slip_rate":"(0.2,,)","reference":"Pasquar\u00e9, G., et al, 1991","slip_type":"Normal"},"geometry":{"type":"LineString","coordinates":[[-101.08544724181817,20.074266743636365],[-101.08225772909091,20.0758615],[-101.07986559454545,20.07705756727273],[-101.07508132545455,20.07705756727273],[-101.07189181272727,20.07626018909091],[-101.06949967818181,20.075064121818183],[-101.06431672,20.0758615],[-101.05634293818181,20.07705756727273],[-101.04517964363636,20.078652323636366]]}},{"type":"Feature","properties":{"catalog_id":"MX_87.0","catalog_name":"Villegas Mexico","dip_dir":"N","name":"SN Cerro Ceja de Palomas y Los Nietos","net_slip_rate":"(0.2,,)","reference":"Pasquar\u00e9, G., et al, 1991","slip_type":"Normal"},"geometry":{"type":"LineString","coordinates":[[-100.98736972545454,20.130880594545456],[-100.98138938909091,20.13287404],[-100.97341560727273,20.13407010727273],[-100.96344838,20.13486748545455]]}},{"type":"Feature","properties":{"catalog_id":"MX_88.0","catalog_name":"Villegas Mexico","dip_dir":"N","name":"SN Arroyo la Mora y Obrajuelo","net_slip_rate":"(0.2,,)","reference":"Pasquar\u00e9, G., et al, 1991","slip_type":"Normal"},"geometry":{"type":"LineString","coordinates":[[-100.89766478363636,20.100181130909093],[-100.89208313636362,20.100181130909093],[-100.8865014890909,20.10177588727273],[-100.88052115272727,20.102971954545456],[-100.87773032909091,20.10177588727273],[-100.8733447490909,20.10097850909091],[-100.86656703454545,20.10137719818182],[-100.8601880090909,20.103370643636364],[-100.85380898363636,20.10656015636364]]}},{"type":"Feature","properties":{"catalog_id":"MX_89.0","catalog_name":"Villegas Mexico","dip_dir":"N","name":"SN Cutero y Cerro La Tortuga (secci\u00f3n A)","net_slip_rate":"(0.2,,)","reference":"Pasquar\u00e9, G., et al, 1991","slip_type":"Normal"},"geometry":{"type":"LineString","coordinates":[[-100.87852770727272,19.99931279090909],[-100.86935785818181,20.005691816363637],[-100.8645735890909,20.00888132909091],[-100.85779587454545,20.010476085454545],[-100.85380898363636,20.01326690909091],[-100.84503782363636,20.016456421818184],[-100.8382601090909,20.01844986727273],[-100.83307715090909,20.01844986727273],[-100.82709681454544,20.01805117818182],[-100.81992041090908,20.0172538],[-100.81314269636363,20.0172538],[-100.80676367090908,20.01765248909091],[-100.7983912,20.018848556363636],[-100.79241086363636,20.02203806909091],[-100.79081610727272,20.02363282545455]]}},{"type":"Feature","properties":{"catalog_id":"MX_90.0","catalog_name":"Villegas Mexico","dip_dir":"N","name":"SN Cutero y Cerro La Tortuga (secci\u00f3n B)","net_slip_rate":"(0.2,,)","reference":"Pasquar\u00e9, G., et al, 1991","slip_type":"Normal"},"geometry":{"type":"LineString","coordinates":[[-100.86616834545454,20.007286572727274],[-100.86098538727272,20.00409706],[-100.85261291636363,20.003299681818184],[-100.85022078181818,20.003299681818184],[-100.84144962181817,20.00529312727273],[-100.83227977272726,20.006887883636367],[-100.81712958727272,20.00768526181818],[-100.80995318363635,20.00768526181818]]}},{"type":"Feature","properties":{"catalog_id":"MX_92.0","catalog_name":"Villegas Mexico","dip_dir":"NE","name":"Sierra el Presidio (parte Noreste)","net_slip_rate":"(0.2,,)","reference":"Collins E.W., & Raney J., 1991","slip_type":"Normal"},"geometry":{"type":"LineString","coordinates":[[-106.34189845408949,31.36210529560516],[-106.32617777853037,31.344812552490115],[-106.3073129678594,31.31808740403959],[-106.29788056252391,31.300794660924545],[-106.29002022474435,31.28507398536541],[-106.28215988696479,31.274069512474018],[-106.26172300873792,31.253632634247143],[-106.25071853584652,31.241056093799838],[-106.23028165761966,31.21904714801705]]}},{"type":"Feature","properties":{"catalog_id":"MX_93.0","catalog_name":"Villegas Mexico","dip_dir":"SW","name":"Sierra de Guadalupe (parte suroeste)","net_slip_rate":"(0.2,,)","reference":"Collins E.W., & Raney J., 1991","slip_type":"Normal"},"geometry":{"type":"LineString","coordinates":[[-106.26643921140565,31.34638462004603],[-106.24757440073469,31.314943268927763],[-106.22399338739599,31.300794660924545],[-106.21613304961643,31.2835019178095],[-106.17211515805086,31.239484026243925]]}},{"type":"Feature","properties":{"average_dip":"(75.0,,)","catalog_id":"MX_94.0","catalog_name":"Villegas Mexico","dip_dir":"SW","name":"Caballo (seccion sur)","net_slip_rate":"(0.2,,)","reference":"Collins E.W.,& Raney J.A., 1993","slip_type":"Normal"},"geometry":{"type":"LineString","coordinates":[[-105.28389698895982,30.779261249250304],[-105.29215034362838,30.791051755919657],[-105.29765258007407,30.801270195033094],[-105.30354783340874,30.810309583479594]]}},{"type":"Feature","properties":{"catalog_id":"MX_95.0","catalog_name":"Villegas Mexico","dip_dir":"E","name":"SN Margen Oeste de Presido Bolson (seccion A)","net_slip_rate":"(0.2,,)","reference":"Henry C.D., 1998","slip_type":"Normal"},"geometry":{"type":"LineString","coordinates":[[-104.74939352545456,30.25929947454548],[-104.74467731818184,30.237290507272753],[-104.74467731818184,30.218425678181845],[-104.7368169727273,30.202704987272753],[-104.73524490363639,30.130389809090936],[-104.74310524909093,30.1068087727273],[-104.74782145636365,30.07536739090912],[-104.74624938727274,30.00934048909094],[-104.74153318000002,29.984187383636392],[-104.74153318000002,29.960606347272755],[-104.74467731818184,29.94331358727276],[-104.7368169727273,29.90243979090912],[-104.73210076545456,29.866282201818212]]}},{"type":"Feature","properties":{"catalog_id":"MX_96.0","catalog_name":"Villegas Mexico","dip_dir":"E","name":"SN Margen Oeste de Presido Bolson (seccion B)","net_slip_rate":"(0.2,,)","reference":"Henry C.D., 1998","slip_type":"Normal"},"geometry":{"type":"LineString","coordinates":[[-104.76039800909093,29.86942634000003],[-104.74310524909093,29.845845303636395],[-104.72581248909093,29.841129096363666],[-104.69437110727274,29.817548060000032],[-104.68808283090911,29.808115645454578],[-104.66921800181821,29.795539092727303],[-104.66135765636366,29.78610667818185],[-104.65035317272729,29.76566978000003],[-104.64406489636366,29.757809434545486],[-104.62991627454548,29.746804950909123],[-104.61262351454548,29.73737253636367],[-104.58589834000003,29.727940121818214],[-104.57803799454548,29.710647361818214],[-104.57646592545457,29.698070809090943],[-104.57489385636366,29.68392218727276],[-104.56860558000002,29.66977356545458],[-104.55917316545457,29.65405287454549],[-104.55288488909093,29.639904252727305],[-104.54974075090911,29.61632321636367],[-104.53873626727275,29.569161143636396],[-104.52615971454547,29.520427001818216]]}},{"type":"Feature","properties":{"catalog_id":"MX_97.0","catalog_name":"Villegas Mexico","dip_dir":"SW","name":"SN Oeste de la Sierra El Peguis","net_slip_rate":"(0.2,,)","reference":"Henry, C.D., 1998","slip_type":"Normal"},"geometry":{"type":"LineString","coordinates":[[-104.85629422363638,29.672917703636397],[-104.84686180909092,29.643048390909126],[-104.83271318727274,29.608462870909126],[-104.81699249636365,29.58173769636367],[-104.80284387454547,29.562872867272763],[-104.79341146000002,29.5518683836364],[-104.78712318363638,29.536147692727308],[-104.77926283818184,29.523571140000033],[-104.76668628545457,29.5172828636364],[-104.74467731818184,29.510994587272762]]}},{"type":"Feature","properties":{"catalog_id":"MX_98.0","catalog_name":"Villegas Mexico","dip_dir":"NE","name":"Z.F. Redford Bolson (Secci\u00f3n A)","net_slip_rate":"(0.2,,)","reference":"Henry C.D., 1998","slip_type":"Normal"},"geometry":{"type":"LineString","coordinates":[[-104.32129406579806,29.520964721989934],[-104.31361294646138,29.503682203482384],[-104.30913229351496,29.49216052447735],[-104.30081108090022,29.479358658916198],[-104.29184977500742,29.463356326964764],[-104.28032809600238,29.4447936219011],[-104.27520734977793,29.440312968954693],[-104.26752623044123,29.43455212945218],[-104.26112529766066,29.42879128994966],[-104.22720035392362,29.387825320153983],[-104.21055792869413,29.372463081480603],[-104.20735746230383,29.367342335256144],[-104.17151223873262,29.340458417577732],[-104.16511130595204,29.33277729824104],[-104.15422972022506,29.325096178904353],[-104.14142785466392,29.319335339401835],[-104.12350524287831,29.313574499899318],[-104.09662132519989,29.311654220065147],[-104.08061899324846,29.31037403350903],[-104.0710175940776,29.307813660396803],[-104.06333647474091,29.304613194006514]]}},{"type":"Feature","properties":{"catalog_id":"MX_99.0","catalog_name":"Villegas Mexico","dip_dir":"NE","name":"Z.F. Redford Bolson (Secci\u00f3n B)","net_slip_rate":"(0.2,,)","reference":"Henry C.D., 1998","slip_type":"Normal"},"geometry":{"type":"LineString","coordinates":[[-104.053094982292,29.314854686455433],[-104.03709265034055,29.303973100728456],[-104.02365069150135,29.296291981391768],[-104.01468938560855,29.291811328445366],[-104.00060733349127,29.287330675498964]]}},{"type":"Feature","properties":{"catalog_id":"MX_100.0","catalog_name":"Villegas Mexico","dip_dir":"NE","name":"Z.F. Redford Bolson (Secci\u00f3n C)","net_slip_rate":"(0.2,,)","reference":"Henry C.D., 1998","slip_type":"Normal"},"geometry":{"type":"LineString","coordinates":[[-104.15743018661536,29.364781962143915],[-104.1523094403909,29.3635017755878],[-104.14590850761032,29.357740936085282],[-104.1222250563222,29.35134000330471],[-104.11582412354161,29.346859350358308],[-104.10750291092687,29.342378697411906],[-104.10046188486824,29.33661785790939]]}},{"type":"Feature","properties":{"catalog_id":"MX_101.0","catalog_name":"Villegas Mexico","dip_dir":"NE","name":"Z.F. Redford Bolson (Secci\u00f3n E)","net_slip_rate":"(0.2,,)","reference":"Henry C.D., 1998","slip_type":"Normal"},"geometry":{"type":"LineString","coordinates":[[-104.14398822777615,29.371822988202545],[-104.13950757482975,29.367342335256144],[-104.13438682860529,29.364141868865858],[-104.12734580254666,29.36158149575363],[-104.12734580254666,29.35326028313888]]}},{"type":"Feature","properties":{"catalog_id":"MX_102.0","catalog_name":"Villegas Mexico","dip_dir":"NE","name":"Z.F. Redford Bolson (Secci\u00f3n D)","net_slip_rate":"(0.2,,)","reference":"Henry, C.D., 1998","slip_type":"Normal"},"geometry":{"type":"LineString","coordinates":[[-104.12414533615636,29.35134000330471],[-104.12414533615636,29.349419723470536],[-104.12158496304413,29.347499443636366],[-104.11806445001481,29.343018790689964],[-104.11486398362453,29.33821809110453],[-104.11390384370745,29.33277729824104]]}},{"type":"Feature","properties":{"catalog_id":"MX_103.0","catalog_name":"Villegas Mexico","dip_dir":"E","name":"Z.F. Redford Bolson (Secci\u00f3n F)","net_slip_rate":"(0.2,,)","reference":"Henry C.D., 1998","slip_type":"Normal"},"geometry":{"type":"LineString","coordinates":[[-104.2137583950844,29.483519265223578],[-104.21183811525023,29.479678705555234],[-104.21183811525023,29.47295772613563],[-104.21279825516731,29.469117166467285],[-104.21343834844538,29.461756093769623],[-104.21535862827955,29.453114834515848],[-104.21887914130886,29.440633015593725],[-104.22175956106013,29.428471243310632],[-104.22335979425526,29.4169495643056],[-104.22560012072847,29.406067978578623],[-104.22752040056264,29.3891055067101]]}},{"type":"Feature","properties":{"average_dip":"(70.0,,)","catalog_id":"MX_104.0","catalog_name":"Villegas Mexico","dip_dir":"SW","name":"Santa Rosa Cinco Minas (Seccion A)","net_slip_rate":"(0.45,,)","reference":"Ferrari, L., & Rosas-Elguera, J., 2000","slip_type":"Dextral"},"geometry":{"type":"LineString","coordinates":[[-104.00250030303735,21.10515413140684],[-103.96465378508962,21.072244115800128],[-103.93503477104359,21.04591610331476],[-103.89225175075485,21.017942590049053]]}},{"type":"Feature","properties":{"average_dip":"(70.0,,)","catalog_id":"MX_105.0","catalog_name":"Villegas Mexico","dip_dir":"SW","name":"Santa Rosa Cinco Minas (Seccion B)","net_slip_rate":"(0.45,,)","reference":"Ferrari, L., & Rosas-Elguera, J., 2000","slip_type":"Dextral"},"geometry":{"type":"LineString","coordinates":[[-103.84617772890546,20.99984208146536],[-103.78200319847237,20.970223067419315],[-103.76719369144935,20.96199556351764],[-103.69150065555391,20.934022050251933]]}},{"type":"Feature","properties":{"average_dip":"(70.0,,)","catalog_id":"MX_106.0","catalog_name":"Villegas Mexico","dip_dir":"SW","name":"Santa Rosa Cinco Minas (Seccion C)","net_slip_rate":"(0.45,,)","reference":"Ferrari, L., & Rosas-Elguera, J., 2000","slip_type":"Dextral"},"geometry":{"type":"LineString","coordinates":[[-103.85440523280714,20.981741572881667],[-103.80010370705605,20.958704561956967],[-103.76883919222968,20.947186056494616],[-103.74744768208532,20.94224955415361],[-103.71618316725895,20.932376549471595],[-103.66188164150786,20.909339538546895]]}},{"type":"Feature","properties":{"average_dip":"(70.0,,)","catalog_id":"MX_107.0","catalog_name":"Villegas Mexico","dip_dir":"SW","name":"San Marcos","net_slip_rate":"(0.4,,)","reference":"Ferrari, L., & Rosas-Elguera, J., 2000","slip_type":"Normal"},"geometry":{"type":"LineString","coordinates":[[-103.58618860561242,20.40910730132485],[-103.56973359780906,20.392652293521493],[-103.57302459936973,20.38607029040015],[-103.55492409078605,20.369615282596794],[-103.5434055853237,20.349869273232766],[-103.53188707986135,20.3284777630884],[-103.52201407517933,20.31366825606538],[-103.51707757283832,20.287340243580008],[-103.51214107049732,20.26101223109464],[-103.50720456815631,20.247848224851953]]}},{"type":"Feature","properties":{"catalog_id":"MX_111.0","catalog_name":"Villegas Mexico","dip_dir":"N","name":"SN Huaniqueo de Morales y Cerro La Encinera","net_slip_rate":"(0.2,,)","reference":"Ortega-Gutierrez, F. et al, 1992","slip_type":"Normal"},"geometry":{"type":"LineString","coordinates":[[-101.49148478853765,19.885830947490753],[-101.4760079274285,19.888855161730472],[-101.46853633930684,19.889566741551583],[-101.46231001587212,19.89045621632797],[-101.45555000757157,19.891701481014913],[-101.45270368828713,19.89205727092547]]}},{"type":"Feature","properties":{"catalog_id":"MX_112.0","catalog_name":"Villegas Mexico","dip_dir":"N","name":"SN Reservorio El Casco","net_slip_rate":"(0.2,,)","reference":"Ortega-Gutierrez F. et al, 1992","slip_type":"Normal"},"geometry":{"type":"LineString","coordinates":[[-101.47227213336767,19.893658325522967],[-101.46907002417267,19.895970959941575],[-101.46711317966462,19.897572014539076],[-101.4631994906485,19.899706754002406],[-101.45786264199018,19.90166359851046],[-101.45092473873436,19.904332022839625],[-101.44629946989714,19.90557728752657],[-101.44131841114937,19.907000447168787],[-101.43526998266992,19.908067816900456],[-101.42957734410103,19.909490976542674],[-101.42495207526382,19.910558346274343],[-101.41783627705271,19.91126992609545]]}},{"type":"Feature","properties":{"catalog_id":"MX_113.0","catalog_name":"Villegas Mexico","dip_dir":"N","name":"SN Pamaseo y las Pe\u00f1as (Secci\u00f3n A)","net_slip_rate":"(0.2,,)","reference":"Ortega-Gutierrez, F. et al, 1992","slip_type":"Normal"},"geometry":{"type":"LineString","coordinates":[[-101.23631928714953,20.09597063710206],[-101.24947090116328,20.092463540031726],[-101.25144364326533,20.092463540031726],[-101.26086896664185,20.088737249394498]]}},{"type":"Feature","properties":{"catalog_id":"MX_114.0","catalog_name":"Villegas Mexico","dip_dir":"N","name":"SN Pamaseo y las Pe\u00f1as (Secci\u00f3n B)","net_slip_rate":"(0.2,,)","reference":"Ortega-Gutierrez, F. et al, 1992","slip_type":"Normal"},"geometry":{"type":"LineString","coordinates":[[-101.25780025670531,20.09553224996827],[-101.26349928944461,20.093997895],[-101.26700638651494,20.092682733598625],[-101.26941751575079,20.09092918506346],[-101.27248622568733,20.089614023662083],[-101.27533574205698,20.088298862260707],[-101.27884283912731,20.086326120158645],[-101.28015800052869,20.085668539457956],[-101.28191154906385,20.084134184489688],[-101.28629542040177,20.08128466812004],[-101.2895833239052,20.07865434531729],[-101.29221364670795,20.076681603215228]]}},{"type":"Feature","properties":{"average_dip":"(75.0,,)","catalog_id":"MX_115.0","catalog_name":"Villegas Mexico","dip_dir":"N","name":"SN Taimeo el Chico y cerro Zacatanal","net_slip_rate":"(0.2,,)","reference":"Ortega-Gutierrez, F. et al, 1992","slip_type":"Normal"},"geometry":{"type":"LineString","coordinates":[[-100.71544990388738,19.826476693100627],[-100.71323566775293,19.826919540327516],[-100.71146427884537,19.826476693100627],[-100.69463608422357,19.82669811671407],[-100.6873291049799,19.82669811671407],[-100.684893445232,19.826476693100627],[-100.68223636187066,19.82581242226029],[-100.68024354934965,19.824926727806513],[-100.67714361876143,19.823598186125846],[-100.67470795901355,19.822712491672068],[-100.67094375758498,19.822269644445175],[-100.66740097976987,19.821826797218286],[-100.66518674363542,19.821826797218286],[-100.66009400052619,19.822269644445175]]}},{"type":"Feature","properties":{"catalog_id":"MX_123.0","catalog_name":"Villegas Mexico","dip_dir":"SW","name":"SN Lagunetas y Rancho las Pampas","net_slip_rate":"(0.2,,)","reference":"Noyola-Medrano, M.C., 1995","slip_type":"Normal"},"geometry":{"type":"LineString","coordinates":[[-104.70284856315457,27.671273686386318],[-104.69669969500622,27.66102557280572],[-104.69328365714601,27.650094251653083],[-104.68986761928582,27.639162930500447],[-104.68713478899765,27.623449156343533],[-104.68576837385358,27.609785004902736],[-104.6844019587095,27.591338400457662],[-104.67893629813318,27.579040664160946],[-104.67210422241278,27.564693305148108],[-104.6673217694085,27.548979530991193],[-104.66458893912035,27.535315379550397],[-104.6639057315483,27.52370085082572],[-104.65980648611607,27.510719906956965],[-104.65297441039567,27.503204623664526],[-104.65092478767954,27.49705575551617]]}},{"type":"Feature","properties":{"catalog_id":"MX_124.0","catalog_name":"Villegas Mexico","dip_dir":"NE","name":"El Milagro (Secci\u00f3n A)","net_slip_rate":"(0.2,,)","reference":"Noyola-Medrano M.C., 1995","slip_type":"Normal"},"geometry":{"type":"LineString","coordinates":[[-104.51086723541138,27.775804444908406],[-104.50745119755119,27.76487312375577],[-104.50266874454691,27.76009067075149],[-104.4937870461104,27.738911236018257],[-104.4903710082502,27.73139595272582],[-104.48968780067815,27.723197461861343],[-104.48968780067815,27.716365386140943],[-104.49173742339427,27.708166895276467],[-104.49173742339427,27.685621045399152],[-104.4903710082502,27.682205007538954],[-104.48968780067815,27.667174440954078],[-104.4903710082502,27.6623919879498],[-104.48558855524591,27.65692632737348],[-104.48422214010183,27.6521438743692],[-104.47807327195348,27.645311798648805],[-104.47055798866104,27.63438047749617],[-104.47055798866104,27.62618198663169],[-104.46919157351697,27.616617080623133],[-104.46850836594493,27.605685759470497],[-104.46782515837288,27.59680406103398],[-104.46440912051268,27.585872739881342],[-104.46030987508044,27.574258211156664]]}},{"type":"Feature","properties":{"catalog_id":"MX_125.0","catalog_name":"Villegas Mexico","dip_dir":"NE","name":"El Milagro (Secci\u00f3n B)","net_slip_rate":"(0.2,,)","reference":"Noyola-Medrano M.C., 1995","slip_type":"Normal"},"geometry":{"type":"LineString","coordinates":[[-104.47739006438144,27.569475758152386],[-104.47124119623308,27.55786122942771],[-104.46304270536861,27.543513870414873],[-104.46030987508044,27.542147455270793]]}},{"type":"Feature","properties":{"catalog_id":"MX_126.0","catalog_name":"Villegas Mexico","dip_dir":"NE","name":"El Milagro (Secci\u00f3n C)","net_slip_rate":"(0.2,,)","reference":"Noyola-Medrano, M.C., 1995","slip_type":"Normal"},"geometry":{"type":"LineString","coordinates":[[-104.45621062964821,27.516868775105323],[-104.44732893121169,27.499105378232287]]}},{"type":"Feature","properties":{"catalog_id":"MX_127.0","catalog_name":"Villegas Mexico","dip_dir":"NE","name":"El Milagro (Secci\u00f3n D)","net_slip_rate":"(0.2,,)","reference":"Noyola-Medrano M.C., 1995","slip_type":"Normal"},"geometry":{"type":"LineString","coordinates":[[-104.44869534635576,27.52438405839776],[-104.44186327063537,27.514819152389205]]}},{"type":"Feature","properties":{"catalog_id":"MX_128.0","catalog_name":"Villegas Mexico","dip_dir":"NE","name":"SN Cerro Lamojino y Laguna El Flaco","net_slip_rate":"(0.2,,)","reference":"Noyola-Medrano M.C., 1995","slip_type":"Normal"},"geometry":{"type":"LineString","coordinates":[[-104.48900415635178,27.682888355048863],[-104.479439237785,27.671957019543974],[-104.47533998697068,27.661708892508145],[-104.47397357003257,27.656243224755702],[-104.46987431921823,27.65077755700326],[-104.46440865146579,27.647361514657984],[-104.45347731596091,27.63438055374593],[-104.44391239739413,27.622082801302934],[-104.43093143648207,27.607052214983714],[-104.41453443322474,27.59133842019544],[-104.40428630618892,27.584506335504887],[-104.39130534527686,27.572891791530946],[-104.3817404267101,27.56469328990228]]}},{"type":"Feature","properties":{"catalog_id":"MX_129.0","catalog_name":"Villegas Mexico","dip_dir":"NE","name":"San Francisco (Secci\u00f3n A)","net_slip_rate":"(0.2,,)","reference":"Noyola-Medrano M.C., 1995","slip_type":"Normal"},"geometry":{"type":"LineString","coordinates":[[-104.46235902605862,27.80586587947883],[-104.45689335830617,27.793568127035833],[-104.45006127361563,27.78332],[-104.44527881433224,27.782636791530948],[-104.43776352117263,27.773071872964174],[-104.43024822801303,27.762823745928344],[-104.42478256026058,27.753258827361567],[-104.41795047557002,27.741644283387625],[-104.41590085016286,27.735495407166127],[-104.41453443322474,27.730029739413684],[-104.41385122475569,27.723880863192186],[-104.40975197394135,27.714999153094464],[-104.40360309771987,27.702701400651467],[-104.39745422149836,27.697235732899024],[-104.39198855374592,27.689720439739418],[-104.38857251140064,27.682888355048863],[-104.38515646905536,27.678105895765473],[-104.38379005211725,27.67400664495114]]}},{"type":"Feature","properties":{"catalog_id":"MX_130.0","catalog_name":"Villegas Mexico","dip_dir":"NE","name":"San Francisco (Secci\u00f3n B)","net_slip_rate":"(0.2,,)","reference":"Noyola-Medrano M.C., 1995","slip_type":"Normal"},"geometry":{"type":"LineString","coordinates":[[-104.36124417263842,27.669224185667755],[-104.3585113387622,27.66102568403909],[-104.3571449218241,27.655560016286646],[-104.35236246254071,27.652827182410427],[-104.34826321172638,27.65077755700326],[-104.34621358631921,27.643945472312705],[-104.34348075244299,27.636430179153095],[-104.34211433550487,27.62891488599349],[-104.34074791856676,27.618666758957655],[-104.3400647100977,27.605685798045602],[-104.33596545928337,27.599536921824104],[-104.32776695765472,27.590655211726386],[-104.32571733224755,27.585189543973943],[-104.32230128990227,27.579040667752444],[-104.31751883061888,27.57630783387622],[-104.31136995439738,27.57220858306189],[-104.30590428664495,27.56879254071661],[-104.30385466123778,27.565376498371336],[-104.30317145276872,27.555811579804562],[-104.30590428664495,27.548979495114008],[-104.31136995439738,27.538731368078174],[-104.31546920521171,27.530532866449512],[-104.31751883061888,27.526433615635177],[-104.32298449837133,27.520967947882735],[-104.3264005407166,27.516185488599348],[-104.32776695765472,27.512086237785017],[-104.32776695765472,27.50388773615635],[-104.32708374918566,27.495006026058633],[-104.32366770684038,27.486807524429967],[-104.32161808143321,27.477242605863193],[-104.32161808143321,27.46836089576547],[-104.31820203908794,27.46289522801303],[-104.31683562214982,27.454696726384363]]}},{"type":"Feature","properties":{"catalog_id":"MX_131.0","catalog_name":"Villegas Mexico","dip_dir":"SW","name":"El Carret\u00f3n","net_slip_rate":"(0.2,,)","reference":"Noyola-Medrano, M.C.,1995","slip_type":"Normal"},"geometry":{"type":"LineString","coordinates":[[-104.38925548371336,27.73276293811075],[-104.3639767703583,27.686304762214984],[-104.35919431107493,27.68083909446254],[-104.3550950602606,27.681522302931597],[-104.3489461840391,27.677423052117266],[-104.34484693322476,27.67332380130293],[-104.34006447394137,27.666491716612377],[-104.33596522312705,27.65761000651466],[-104.33254918078177,27.649411504885993],[-104.32913313843649,27.643262628664495],[-104.32708351302932,27.637796960912052],[-104.32503388762215,27.63369771009772],[-104.32298426221499,27.62618241693811],[-104.32298426221499,27.61593428990228],[-104.32298426221499,27.605686162866448],[-104.32298426221499,27.601586912052117],[-104.31751859446254,27.594754827361562],[-104.31136971824105,27.5865563257329],[-104.30317121661238,27.574941781758955],[-104.298388757329,27.568109697068405],[-104.29565592345277,27.56127761237785]]}},{"type":"Feature","properties":{"catalog_id":"MX_132.0","catalog_name":"Villegas Mexico","dip_dir":"NE","name":"SN Sierra El Diablo","net_slip_rate":"(0.2,,)","reference":"Noyola-Medrano M.C., 1995","slip_type":"Normal"},"geometry":{"type":"LineString","coordinates":[[-104.20068994625407,27.560594403908794],[-104.18702577687297,27.546930234527686],[-104.18019369218241,27.53463248208469],[-104.1726783990228,27.530533231270358],[-104.15491497882736,27.487491097719868],[-104.15149893648208,27.482025429967425],[-104.13851797557004,27.468361260586317],[-104.12895305700326,27.459479550488595],[-104.11802172149838,27.445132172638434],[-104.11255605374593,27.430101586319214],[-104.10709038599349,27.421219876221496],[-104.1023079267101,27.412338166123774],[-104.09957509283387,27.402773247557],[-104.0961590504886,27.393208328990223],[-104.09205979967427,27.38774266123778],[-104.08727734039088,27.38637624429967],[-104.08454450651466,27.38364341042345],[-104.08112846416938,27.37612811726384]]}},{"type":"Feature","properties":{"catalog_id":"MX_133.0","catalog_name":"Villegas Mexico","dip_dir":"SW","name":"SN Cerro Parapeto y Rancho El Alamito","net_slip_rate":"(0.2,,)","reference":"Noyola-Medrano, M.C., 1995","slip_type":"Normal"},"geometry":{"type":"LineString","coordinates":[[-104.43682556944033,27.978419687000297],[-104.43274992037311,27.974823526058632],[-104.4286742713059,27.96930941261475],[-104.42627683067812,27.96691197198697]]}},{"type":"Feature","properties":{"catalog_id":"MX_134.0","catalog_name":"Villegas Mexico","dip_dir":"SW","name":"SN Falla en campo Volcanico Camargo","net_slip_rate":"(0.2,,)","reference":"Noyola-Medrano M.C., 1995","slip_type":"Normal"},"geometry":{"type":"LineString","coordinates":[[-104.43562684912644,27.988249193574177],[-104.429633247557,27.980337639502515],[-104.42483836630144,27.975542758246963]]}},{"type":"Feature","properties":{"average_dip":"(65.0,,)","catalog_id":"MX_135.0","catalog_name":"Villegas Mexico","dip_dir":"SW","name":"Z.F. Zacoalco (Secci\u00f3n A)","net_slip_rate":"(0.2,,)","reference":"Ferrari, L., & Rosas-Elguera, J., 2000","slip_type":"Normal"},"geometry":{"type":"LineString","coordinates":[[-103.80561989317728,20.359156082685885],[-103.79764913817014,20.351716711345897],[-103.79499221983443,20.349059793010188],[-103.79233530149872,20.345871491007333],[-103.79020976683016,20.342151805337338],[-103.7870214648273,20.338432119667345],[-103.7806448608216,20.33418105033021]]}},{"type":"Feature","properties":{"average_dip":"(65.0,,)","catalog_id":"MX_137.0","catalog_name":"Villegas Mexico","dip_dir":"SW","name":"Z.F. Zacoalco (Secci\u00f3n B)","net_slip_rate":"(0.2,,)","reference":"Ferrari, L., & Rosas-Elguera, J., 2000","slip_type":"Normal"},"geometry":{"type":"LineString","coordinates":[[-103.80349435850871,20.364469919357305],[-103.79844621367087,20.359156082685885],[-103.79578929533515,20.35596778068303],[-103.78941269132946,20.35012256034447],[-103.78489593015875,20.34560579917376],[-103.78277039549018,20.34454303183948],[-103.77825363431947,20.338697811500914]]}},{"type":"Feature","properties":{"average_dip":"(65.0,,)","catalog_id":"MX_138.0","catalog_name":"Villegas Mexico","dip_dir":"SW","name":"Z.F. Zacoalco (Secci\u00f3n C)","net_slip_rate":"(0.2,,)","reference":"Ferrari, L., & Rosas-Elguera, J., 2000","slip_type":"Normal"},"geometry":{"type":"LineString","coordinates":[[-103.7817076281559,20.37616036003443],[-103.77639379148448,20.369783756028724],[-103.77347118131519,20.367923913193728],[-103.76736026914305,20.359687466353027],[-103.76071797330378,20.349325484843757]]}},{"type":"Feature","properties":{"average_dip":"(65.0,,)","catalog_id":"MX_139.0","catalog_name":"Villegas Mexico","dip_dir":"SW","name":"Z.F. Zacoalco (Secci\u00f3n D)","net_slip_rate":"(0.2,,)","reference":"Ferrari, L., & Rosas-Elguera, J., 2000","slip_type":"Normal"},"geometry":{"type":"LineString","coordinates":[[-103.77559671598377,20.380942813038708],[-103.77240841398091,20.375363284533716],[-103.76895442014448,20.370580831529438],[-103.76815734464377,20.36845529686087],[-103.7660318099752,20.3663297621923],[-103.7641719671402,20.36367284385659],[-103.76257781613879,20.36048454185374],[-103.76071797330378,20.35782762351803],[-103.75885813046878,20.355170705182317],[-103.75460706113165,20.351185327678753]]}},{"type":"Feature","properties":{"average_dip":"(65.0,,)","catalog_id":"MX_140.0","catalog_name":"Villegas Mexico","dip_dir":"SW","name":"Z.F. Zacoalco (Secci\u00f3n E)","net_slip_rate":"(0.2,,)","reference":"Ferrari, L., & Rosas-Elguera, J., 2000","slip_type":"Normal"},"geometry":{"type":"LineString","coordinates":[[-103.7678916528102,20.39103910271441],[-103.76364058347306,20.387319417044413],[-103.7615150488045,20.38386542320799],[-103.75806105496807,20.379348662037284],[-103.75646690396664,20.37669174370157],[-103.75354429379736,20.371909290697293],[-103.7514187591288,20.36872098869444],[-103.74929322446023,20.366064070358732],[-103.74610492245738,20.363938535690163],[-103.74371369595524,20.36101592552088]]}},{"type":"Feature","properties":{"average_dip":"(65.0,,)","catalog_id":"MX_141.0","catalog_name":"Villegas Mexico","dip_dir":"SW","name":"Z.F. Zacoalco (Secci\u00f3n G)","net_slip_rate":"(0.2,,)","reference":"Ferrari, L., & Rosas-Elguera, J., 2000","slip_type":"Normal"},"geometry":{"type":"LineString","coordinates":[[-103.78117624448875,20.270680702106727],[-103.77533102415019,20.26563255726888],[-103.77054857114591,20.262444255266026],[-103.76656319364234,20.258990261429602],[-103.76337489163949,20.256599034927465],[-103.75992089780307,20.252347965590328],[-103.75752967130093,20.25048812275533],[-103.75620121213308,20.24809689625319],[-103.7495589162938,20.2425173677482]]}},{"type":"Feature","properties":{"average_dip":"(65.0,,)","catalog_id":"MX_142.0","catalog_name":"Villegas Mexico","dip_dir":"SW","name":"Z.F. Zacoalco (Secci\u00f3n H)","net_slip_rate":"(0.2,,)","reference":"Ferrari, L., & Rosas-Elguera, J., 2000","slip_type":"Normal"},"geometry":{"type":"LineString","coordinates":[[-103.77400256498234,20.285559444786706],[-103.77001718747877,20.282902526450997],[-103.76762596097663,20.280511299948856],[-103.76629750180878,20.27812007344672],[-103.76284350797235,20.274666079610295],[-103.75832674680164,20.27147777760744],[-103.75513844479879,20.26882085927173],[-103.75248152646309,20.26589824910245],[-103.73654001644881,20.254739192092465]]}},{"type":"Feature","properties":{"average_dip":"(65.0,,)","catalog_id":"MX_143.0","catalog_name":"Villegas Mexico","dip_dir":"SW","name":"Z.F. Zacoalco (Secci\u00f3n I)","net_slip_rate":"(0.2,,)","reference":"Ferrari, L., & Rosas-Elguera, J., 2000","slip_type":"Normal"},"geometry":{"type":"LineString","coordinates":[[-103.72670941860669,20.290076205957416],[-103.72458388393812,20.28848205495599],[-103.71422190242885,20.28316821828457],[-103.70784529842315,20.279448532614573],[-103.69243517207603,20.270149318439586],[-103.68526149256961,20.265366865435308],[-103.67968196406461,20.261647179765312],[-103.67675935389533,20.260850104264602],[-103.67543089472748,20.259255953263175],[-103.66958567438891,20.25580195942675]]}},{"type":"Feature","properties":{"average_dip":"(65.0,,)","catalog_id":"MX_144.0","catalog_name":"Villegas Mexico","dip_dir":"SW","name":"Z.F. Zacoalco (Secci\u00f3n I)","net_slip_rate":"(0.2,,)","slip_type":"Normal"},"geometry":{"type":"LineString","coordinates":[[-103.71873866359955,20.29459296712812],[-103.71555036159671,20.29193604879241],[-103.70439130458672,20.28635652028742],[-103.70226576991816,20.284762369285993],[-103.69801470058101,20.282636834617424],[-103.69402932307746,20.278385765280287]]}},{"type":"Feature","properties":{"average_dip":"(65.0,,)","catalog_id":"MX_145.0","catalog_name":"Villegas Mexico","dip_dir":"SW","name":"Z.F. Zacoalco (Secci\u00f3n J)","net_slip_rate":"(0.2,,)","reference":"Ferrari, L., & Rosas-Elguera, J., 2000","slip_type":"Normal"},"geometry":{"type":"LineString","coordinates":[[-103.73839985928382,20.32195922598594],[-103.73361740627954,20.31930230765023],[-103.72883495327525,20.31664538931452],[-103.7256466512724,20.313988470978806],[-103.72405250027097,20.31212862814381],[-103.7211298901017,20.308408942473815],[-103.7118306759267,20.300969571133827],[-103.707313914756,20.296984193630262],[-103.7027971535853,20.293795891627408],[-103.70014023524959,20.292467432459553],[-103.69668624141316,20.28954482229027],[-103.69376363124388,20.287153595788133],[-103.69216948024246,20.285559444786706]]}},{"type":"Feature","properties":{"average_dip":"(75.0,,)","catalog_id":"MX_162.0","catalog_name":"Villegas Mexico","dip_dir":"NE","name":"Atotonilco-Zocoalco","net_slip_rate":"(0.2,,)","reference":"Ferrari, L., & Rosas-Elguera, J., 2000","slip_type":"Normal"},"geometry":{"type":"LineString","coordinates":[[-103.67729034201955,20.3812086335505],[-103.67543049674268,20.376691866449523],[-103.67357065146581,20.373503560260595],[-103.67171080618893,20.36925248534203],[-103.67038234527688,20.366064179153103],[-103.66958526872965,20.36314156514659],[-103.66799111563519,20.358890490228024],[-103.66400573289903,20.35012264820848],[-103.66241157980457,20.347200034201965],[-103.66028604234528,20.34401172801304],[-103.65922327361564,20.341886190553755],[-103.65736342833877,20.33843219218242],[-103.6531123534202,20.33311834853421],[-103.6454072801303,20.31956804723128],[-103.6403591286645,20.312394358306197],[-103.6353109771987,20.303360824104242],[-103.63185697882737,20.296984211726393],[-103.62866867263844,20.291404675895773],[-103.62441759771987,20.28343391042346],[-103.62282344462541,20.279714219869717],[-103.62096359934854,20.27652591368079],[-103.61724390879479,20.270946377850173],[-103.61272714169381,20.262975612377858],[-103.60874175895766,20.254473462540727],[-103.60422499185668,20.248096850162874],[-103.60103668566775,20.242517314332257],[-103.59758268729642,20.237734855048867],[-103.59306592019544,20.23295239576548],[-103.586955,20.22657578338763]]}},{"type":"Feature","properties":{"average_dip":"(60.0,,)","catalog_id":"MX_163.0","catalog_name":"Villegas Mexico","dip_dir":"N","name":"Pajacuaran","net_slip_rate":"(0.2,,)","reference":"D\u00edaz E.C. & Mooser F., 1972","slip_type":"Normal"},"geometry":{"type":"LineString","coordinates":[[-102.64410882154606,20.117620950623127],[-102.61838985205638,20.117620950623127],[-102.60553036731154,20.116702415998496],[-102.58532260556966,20.115783881373865],[-102.57797432857261,20.114865346749234],[-102.55776656683072,20.11302827749997],[-102.55225535908293,20.110272673626074],[-102.54123294358736,20.10659853512755],[-102.5366402704642,20.105680000502918],[-102.5219437164701,20.10659853512755],[-102.51367690484842,20.10751706975218],[-102.50357302397748,20.11210974287534],[-102.49898035085432,20.11210974287534],[-102.48060965836169,20.11302827749997],[-102.45397215424738,20.110272673626074],[-102.43927560025328,20.102924396629025]]}},{"type":"Feature","properties":{"average_dip":"(77.0,,)","catalog_id":"MX_169.0","catalog_name":"Villegas Mexico","dip_dir":"N","name":"Morelia","net_slip_rate":"(0.2,,)","reference":"Ferrari, L., et al, 1991","slip_type":"Dextral"},"geometry":{"type":"LineString","coordinates":[[-101.22852223935104,19.676421327091735],[-101.20452729931235,19.67857471914649],[-101.19591373109331,19.67949760145567],[-101.19006880980184,19.679189974019277],[-101.18299337876479,19.6779594642737],[-101.17930184952807,19.677651836837306],[-101.17038065387266,19.67857471914649],[-101.1586908112897,19.679805228892064],[-101.15284588999822,19.680728111201244],[-101.15038487050707,19.681650993510424],[-101.14177130228805,19.682573875819603],[-101.11931449943133,19.684112013001574],[-101.10639414710279,19.684419640437966]]}},{"type":"Feature","properties":{"catalog_id":"MX_170.0","catalog_name":"Villegas Mexico","dip_dir":"N","name":"SN Tunguitiro y Zipiajo","net_slip_rate":"(0.2,,)","reference":"Suter, M., et al, 1995","slip_type":"Normal"},"geometry":{"type":"LineString","coordinates":[[-101.6091673584864,19.787019198889755],[-101.60012785520328,19.784759323068975],[-101.58939344505457,19.78419435411378],[-101.58261381759223,19.784759323068975],[-101.56961953162275,19.787019198889755],[-101.55662524565325,19.78984404366573],[-101.54645580445974,19.791538950531315],[-101.5391112080422,19.792668888441707],[-101.53402648744544,19.793233857396903]]}},{"type":"Feature","properties":{"catalog_id":"MX_171.0","catalog_name":"Villegas Mexico","dip_dir":"NW","name":"SN San Pedro Puruatiro y Chucandiro (Secci\u00f3n A)","net_slip_rate":"(0.2,,)","reference":"Suter, M., et al 1995","slip_type":"Normal"},"geometry":{"type":"LineString","coordinates":[[-101.46001555431488,19.8288269015742],[-101.44589133043499,19.835041560081347],[-101.43459195133109,19.839561311722907],[-101.43063716864472,19.842386156498883],[-101.42498747909278,19.843516094409274],[-101.41877282058563,19.84521100127486],[-101.4102982862577,19.84973075291642],[-101.39617406237782,19.857640318289153],[-101.39052437282587,19.862160069930717],[-101.38374474536353,19.864984914706692],[-101.37809505581157,19.867244790527472],[-101.3752702110356,19.867244790527472],[-101.36623070775248,19.872894480079424],[-101.34702176327583,19.879674107541767],[-101.34080710476869,19.882498952317743],[-101.33628735312713,19.884758828138523]]}},{"type":"Feature","properties":{"catalog_id":"MX_172.0","catalog_name":"Villegas Mexico","dip_dir":"NW","name":"SN San Pedro Puruatiro y Chucandiro (Secci\u00f3n B)","net_slip_rate":"(0.2,,)","reference":"Suter, M., et al, 1995","slip_type":"Normal"},"geometry":{"type":"LineString","coordinates":[[-101.39052437282587,19.861030132020325],[-101.37866002476676,19.862160069930717],[-101.37301033521481,19.863290007841105],[-101.36453580088688,19.86611485261708],[-101.35945108029013,19.868374728437864],[-101.35606126655895,19.870069635303448],[-101.35210648387259,19.870634604258644],[-101.34702176327583,19.872329511124228],[-101.33685232208232,19.875154355900204],[-101.33233257044076,19.87684926276579],[-101.32329306715764,19.879674107541767],[-101.31538350178491,19.88306392127294],[-101.31199368805373,19.883628890228135],[-101.3052140605914,19.88645373500411]]}},{"type":"Feature","properties":{"catalog_id":"MX_173.0","catalog_name":"Villegas Mexico","dip_dir":"NW","name":"SN El Santo y San Sebastian (Secci\u00f3n A)","net_slip_rate":"(0.2,,)","reference":"Suter, M., et al, 1995","slip_type":"Normal"},"geometry":{"type":"LineString","coordinates":[[-101.37075045939403,19.823742180977444],[-101.35945108029013,19.8288269015742],[-101.35380139073818,19.83221671530537],[-101.3498466080518,19.83617149799174],[-101.34476188745505,19.838996342767715],[-101.33233257044076,19.84408106336447],[-101.31820834656088,19.850295721871618],[-101.31312362596412,19.850860690826813],[-101.30803890536737,19.85425050455798],[-101.30069430894983,19.85594541142357],[-101.29504461939787,19.857640318289153]]}},{"type":"Feature","properties":{"catalog_id":"MX_174.0","catalog_name":"Villegas Mexico","dip_dir":"NW","name":"SN El Santo y San Sebastian (Secci\u00f3n B)","net_slip_rate":"(0.2,,)","reference":"Suter, M., et al, 1995","slip_type":"Normal"},"geometry":{"type":"LineString","coordinates":[[-101.29560958835307,19.851143175304408],[-101.29363219700988,19.8522731132148],[-101.28685256954755,19.85453298903558],[-101.28120287999559,19.85651038037876],[-101.27527070596604,19.85877025619954]]}},{"type":"Feature","properties":{"catalog_id":"MX_175.0","catalog_name":"Villegas Mexico","dip_dir":"NW","name":"SN El Santo y San Sebastian (Secci\u00f3n C)","net_slip_rate":"(0.2,,)","reference":"Suter, M., et al, 1995","slip_type":"Normal"},"geometry":{"type":"LineString","coordinates":[[-101.30041182447223,19.84492851679726],[-101.28911244536833,19.849165783961226],[-101.28741753850274,19.84944826843882],[-101.28515766268195,19.851143175304408],[-101.27498822148844,19.855662926945968]]}},{"type":"Feature","properties":{"catalog_id":"MX_176.0","catalog_name":"Villegas Mexico","dip_dir":"NW","name":"SN El Santo y San Sebastian (Secci\u00f3n D)","net_slip_rate":"(0.2,,)","reference":"Suter, M., et al, 1995","slip_type":"Normal"},"geometry":{"type":"LineString","coordinates":[[-101.27555319044365,19.864702430229094],[-101.27046846984689,19.866962306049874],[-101.26397132686213,19.86865721291546],[-101.25832163731019,19.870352119781046],[-101.25351940119103,19.872329511124228],[-101.25012958745985,19.87345944903462],[-101.2441974134303,19.875154355900204],[-101.24758722716147,19.87345944903462],[-101.24984710298226,19.871199573213836],[-101.25210697880304,19.867244790527472],[-101.25464933910142,19.864419945751496],[-101.25549679253422,19.861877585453115],[-101.25747418387739,19.859617709632335],[-101.26001654417577,19.85792280276675],[-101.26255890447415,19.856227895901164],[-101.26481878029493,19.85425050455798],[-101.2687735629813,19.85312056664759],[-101.27159840775727,19.851708144259604],[-101.27470573701085,19.850295721871614],[-101.27809555074202,19.84860081500603],[-101.2803554265628,19.846905908140442]]}},{"type":"Feature","properties":{"catalog_id":"MX_177.0","catalog_name":"Villegas Mexico","dip_dir":"NW","name":"SN El Santo y San Sebastian (Secci\u00f3n E)","net_slip_rate":"(0.2,,)","reference":"Suter, M., et al, 1995","slip_type":"Normal"},"geometry":{"type":"LineString","coordinates":[[-101.24871716507187,19.85905274067714],[-101.24334995999752,19.862160069930713],[-101.23996014626634,19.863572492318703],[-101.2337454877592,19.865832368139483],[-101.23120312746082,19.866962306049874],[-101.22753082925205,19.86865721291546],[-101.2213161707449,19.870352119781046],[-101.21651393462574,19.872329511124228],[-101.21368908984977,19.872894480079424],[-101.210016791641,19.87345944903462],[-101.20747443134262,19.87430690246741],[-101.20521455552183,19.874871871422606],[-101.20351964865625,19.874871871422606],[-101.20012983492508,19.876566778288193],[-101.19448014537312,19.879674107541767],[-101.19024287820916,19.88165149888495],[-101.18770051791078,19.881933983362547],[-101.1857231265676,19.88362889022813],[-101.18289828179162,19.88645373500411],[-101.18007343701565,19.8875836729145],[-101.17809604567246,19.88871361082489],[-101.17668362328448,19.891538455600866],[-101.17555368537408,19.892668393511258]]}},{"type":"Feature","properties":{"catalog_id":"MX_178.0","catalog_name":"Villegas Mexico","dip_dir":"N","name":"SN Reservorio El Tablon","net_slip_rate":"(0.2,,)","reference":"Suter, M., et al, 1995","slip_type":"Normal"},"geometry":{"type":"LineString","coordinates":[[-101.53807084339162,20.012442839228918],[-101.51874274182626,20.01216672349227],[-101.51598158445977,20.012718954965568],[-101.51322042709329,20.014099533648807],[-101.50907869104357,20.015480112332046],[-101.50714588088704,20.016032343805342],[-101.49941464026088,20.016308459541992],[-101.49389232552792,20.016308459541992],[-101.4903028209515,20.01686069101529],[-101.48726554784837,20.017136806751935],[-101.47566868690915,20.01768903822523],[-101.47345976101596,20.018241269698528],[-101.47097471938613,20.018793501171825],[-101.46904190922959,20.019621848381767]]}},{"type":"Feature","properties":{"catalog_id":"MX_179.0","catalog_name":"Villegas Mexico","dip_dir":"N","name":"SN La Tinaja del Coyote y Leona","net_slip_rate":"(0.2,,)","reference":"Suter, M., et al, 1995","slip_type":"Normal"},"geometry":{"type":"LineString","coordinates":[[-101.05808432106049,20.127054532211595],[-101.0537755300566,20.128711759520783],[-101.0501296299764,20.13003754136813],[-101.04515794804884,20.131694768677313],[-101.03952337519762,20.133020550524662],[-101.0348831387319,20.134014886910172],[-101.02991145680434,20.13434633237201],[-101.02261965664393,20.13434633237201],[-101.01532785648351,20.134014886910172]]}},{"type":"Feature","properties":{"catalog_id":"MX_180.0","catalog_name":"Villegas Mexico","dip_dir":"S","name":"SN Puerto Las Cabras y San Francisco Rancho Viejo","net_slip_rate":"(0.2,,)","reference":"Suter, M., et al, 1992","slip_type":"Normal"},"geometry":{"type":"LineString","coordinates":[[-100.98052608299062,19.996465020247815],[-100.9758858465249,19.99447634747679],[-100.96859404636449,19.991824783782096],[-100.9632909189751,19.99016755647291],[-100.95533622789101,19.988178883701888],[-100.94937020957795,19.986853101854543],[-100.94572430949773,19.986190210930868],[-100.94141551849386,19.98585876546903],[-100.9364438365663,19.987184547316378],[-100.92948348186772,19.9891732200874],[-100.92186023624548,19.992156229243932],[-100.91688855431792,19.99348201109128],[-100.91423699062322,19.993813456553116],[-100.91191687239036,19.99348201109128],[-100.9069451904628,19.992819120167606],[-100.90363073584443,19.992156229243932],[-100.89998483576423,19.991824783782096],[-100.89269303560381,19.993150565629445],[-100.88473834451973,19.995470683862305],[-100.8738006442791,20.00044236578986],[-100.86684028958052,20.003093929484553]]}},{"type":"Feature","properties":{"catalog_id":"MX_181.0","catalog_name":"Villegas Mexico","dip_dir":"N","name":"SN Cerro Quinceo","net_slip_rate":"(1.0,,)","reference":"Suter, M., et al, 1995","slip_type":"Normal"},"geometry":{"type":"LineString","coordinates":[[-101.23046892936475,19.75562972736638],[-101.21268483262719,19.7657234038931],[-101.20787831999542,19.768607311472167],[-101.2016298535741,19.770529916524875],[-101.19297813083692,19.77197187031441],[-101.18240380304701,19.772452521577588],[-101.1655810088358,19.772933172840762],[-101.15116147094048,19.772933172840762]]}},{"type":"Feature","properties":{"catalog_id":"MX_182.0","catalog_name":"Villegas Mexico","dip_dir":"N","name":"Cointzio (Secci\u00f3n A)","net_slip_rate":"(1.0,,)","reference":"Martinez-Reyes, J., & Nieto-Samaniego A.F., 1991","slip_type":"Normal"},"geometry":{"type":"LineString","coordinates":[[-101.3251572282107,19.627776491361193],[-101.31698615673668,19.63017974767708],[-101.30977638778901,19.633544306519322],[-101.30208596757818,19.636428214098387],[-101.29487619863052,19.637870167887918],[-101.28766642968286,19.639312121677452],[-101.2804566607352,19.64123472673016]]}},{"type":"Feature","properties":{"catalog_id":"MX_183.0","catalog_name":"Villegas Mexico","dip_dir":"N","name":"Cointzio (Secci\u00f3n B)","net_slip_rate":"(1.0,,)","reference":"Martinez-Reyes, J., & Nieto-Samaniego A.F., 1991","slip_type":"Normal"},"geometry":{"type":"LineString","coordinates":[[-101.28670512715651,19.63426528341409],[-101.27877438131408,19.636908865361566],[-101.27468884557707,19.637149190993153],[-101.27060330984007,19.637389516624744],[-101.26747907662941,19.63762984225633],[-101.25305953873409,19.638350819151096],[-101.2484933517339,19.63811049351951],[-101.24272553657578,19.637389516624744],[-101.23936097773353,19.636908865361566],[-101.23335283694381,19.635707237203622],[-101.2292673012068,19.635226585940444],[-101.22686404489092,19.635226585940444],[-101.22566241673297,19.63594756283521],[-101.22373981168026,19.637149190993153],[-101.22205753225914,19.63787016788792],[-101.2186929734169,19.638831470414274],[-101.21196385573242,19.639312121677452]]}},{"type":"Feature","properties":{"catalog_id":"MX_184.0","catalog_name":"Villegas Mexico","dip_dir":"NW","name":"SN Miguel Hidalgo y El Venado","net_slip_rate":"(0.2,,)","reference":"Suter, M., et al, 1995","slip_type":"Dextral"},"geometry":{"type":"LineString","coordinates":[[-101.10574015960911,19.78086437133551],[-101.09516582736155,19.7842289315961],[-101.08747540390878,19.788074143322483],[-101.0826688892508,19.790477400651472],[-101.07930432899022,19.79191935504887],[-101.07401716286644,19.792400006514665],[-101.06680739087946,19.79384196091206],[-101.0567137100977,19.79624521824105],[-101.05142654397392,19.797687172638444],[-101.04565872638435,19.79864847557004],[-101.04037156026057,19.801051732899033],[-101.0331617882736,19.805377596091216],[-101.02643266775242,19.81114541368079],[-101.02402941042344,19.81402932247558],[-101.01970354723125,19.81691323127037]]}},{"type":"Feature","properties":{"catalog_id":"MX_185.0","catalog_name":"Villegas Mexico","dip_dir":"W","name":"SN Sierra Los Pilares","net_slip_rate":"(0.2,,)","reference":"Henry C.D., et al, 1985","slip_type":"Normal"},"geometry":{"type":"LineString","coordinates":[[-105.02783983025152,30.53978787327318],[-105.02858021905811,30.53559233670256],[-105.02919720973026,30.5328775777451],[-105.02969080226798,30.53028621692207],[-105.02981420040241,30.52855864304005],[-105.02956740413354,30.52460990273829],[-105.02808662652039,30.52189514378083],[-105.02796322838596,30.52115475497425],[-105.02796322838596,30.520661162436532],[-105.02882701532697,30.516835820269204],[-105.02919720973026,30.5156018389249],[-105.02858021905811,30.513627468774022],[-105.02808662652039,30.512640283698584],[-105.02623565450394,30.511159506085423],[-105.02537186756292,30.508197950859103],[-105.0252484694285,30.507334163918095],[-105.02574206196621,30.503015229213045],[-105.02623565450394,30.500917460927734],[-105.02709944144495,30.497955905701414],[-105.02796322838596,30.495611341147246],[-105.02870361719253,30.493883767265224],[-105.02907381159582,30.492773184055356],[-105.02944400599911,30.490675415770045],[-105.02969080226798,30.488701045619166],[-105.02932060786469,30.484011916510827],[-105.02858021905811,30.48154395382223],[-105.02783983025152,30.477225019117178]]}},{"type":"Feature","properties":{"catalog_id":"MX_186.0","catalog_name":"Villegas Mexico","dip_dir":"N","name":"Mesa Tascotal","net_slip_rate":"(0.2,,)","reference":"Henry C.D., et al, 1985","slip_type":"Normal"},"geometry":{"type":"LineString","coordinates":[[-104.52672000633135,29.517557727655195],[-104.52301806229843,29.518791708999494],[-104.51931611826554,29.519285301537213],[-104.50006600929446,29.519532097806074],[-104.48106269659225,29.519532097806074],[-104.46600812419179,29.519778894074935],[-104.43417140550885,29.520272486612654],[-104.42429955475446,29.520519282881512],[-104.41492129653777,29.521506467956954],[-104.40677701966538,29.522246856763534],[-104.40036031667503,29.522493653032395],[-104.3907352621895,29.522493653032395],[-104.3850589480057,29.522740449301253],[-104.37691467113333,29.523234041838975],[-104.36951078306754,29.523234041838975],[-104.36383446888375,29.523727634376694],[-104.34976708155874,29.524221226914413]]}},{"type":"Feature","properties":{"average_dip":"(82.0,,)","catalog_id":"MX_187.0","catalog_name":"Villegas Mexico","dip_dir":"NE","name":"Z.F. Bedford-Latijas","net_slip_rate":"(0.2,,)","reference":"Henry C.D., et al, 1985","slip_type":"Dextral"},"geometry":{"type":"LineString","coordinates":[[-104.12592286570273,29.29346671553033],[-104.12222092166984,29.29346671553033],[-104.11531062614176,29.29371351179919],[-104.11136188584,29.29371351179919],[-104.10864712688254,29.29297312299261],[-104.1039579977742,29.29124554911059],[-104.1002560537413,29.29001156776629],[-104.09581372090182,29.288530790153132],[-104.08989061044919,29.28630962373339],[-104.0854482776097,29.284335253582512],[-104.08199312984566,29.28285447596935],[-104.07977196342593,29.28112690208733],[-104.07705720446846,29.27989292074303],[-104.07360205670443,29.27865893939873],[-104.06891292759609,29.27767175432329],[-104.06150903953028,29.27643777297899],[-104.05558592907765,29.274710199096972],[-104.04670126339869,29.27174864387065],[-104.03288067234253,29.266319125955732],[-104.02374921039471,29.261876793116254],[-104.01659211859777,29.257187664007912],[-104.00968182306968,29.252498534899573],[-104.00252473127276,29.248302998328953],[-104.00005676858414,29.246328628178073]]}},{"type":"Feature","properties":{"catalog_id":"MX_191.0","catalog_name":"Villegas Mexico","dip_dir":"N","name":"SN Sur de Tlacotepec","net_slip_rate":"(0.2,,)","reference":"Suter, M., et al, 1992","slip_type":"Normal"},"geometry":{"type":"LineString","coordinates":[[-100.16280190828265,19.83901232281172],[-100.13998299148702,19.83738240018346],[-100.10738453892182,19.836295785097956],[-100.08239239195518,19.8357524775552],[-100.0682663958436,19.83031940212767],[-100.05740024498853,19.8265162493284],[-100.04599078659072,19.82488632670014]]}},{"type":"Feature","properties":{"catalog_id":"MX_192.0","catalog_name":"Villegas Mexico","dip_dir":"N","name":"SN Zaragoza y Santiago","net_slip_rate":"(0.2,,)","reference":"Suter et al, 1995a","slip_type":"Normal"},"geometry":{"type":"LineString","coordinates":[[-100.23451850392605,19.87921708097545],[-100.22528227569926,19.881390311146465],[-100.20083343627536,19.880847003603712],[-100.19594366839058,19.87921708097545]]}},{"type":"Feature","properties":{"catalog_id":"MX_193.0","catalog_name":"Villegas Mexico","dip_dir":"N","name":"SN Carretera Maravatio-El Oro y el Jaguey","net_slip_rate":"(0.2,,)","reference":"Suter, M., et al, 1992","slip_type":"Normal"},"geometry":{"type":"LineString","coordinates":[[-100.41435330057733,19.865634392406623],[-100.37740838767013,19.86183123960735],[-100.36708554435782,19.85422493400881]]}},{"type":"Feature","properties":{"catalog_id":"MX_194.0","catalog_name":"Villegas Mexico","dip_dir":"N","name":"SN Cerro El Pelon y Cerro EL Zorrillo","net_slip_rate":"(0.2,,)","reference":"Suter et al, 1995a","slip_type":"Normal"},"geometry":{"type":"LineString","coordinates":[[-100.23995157935359,19.965059672730444],[-100.22854212095577,19.965059672730444],[-100.21169958713043,19.96397305764494],[-100.2002901287326,19.9656029802732],[-100.18942397787754,19.966146287815953],[-100.17638459685146,19.966146287815953]]}},{"type":"Feature","properties":{"catalog_id":"MX_195.0","catalog_name":"Villegas Mexico","dip_dir":"N","name":"SN Cerro EL Zorrillo y Volcan Altamirano","net_slip_rate":"(0.2,,)","reference":"Suter et al, 1995a","slip_type":"Normal"},"geometry":{"type":"LineString","coordinates":[[-100.19431374576233,19.970492748157977],[-100.18616413262103,19.972122670786238],[-100.15954206302612,19.973209285871743],[-100.13617983868774,19.973209285871743],[-100.1285735330892,19.97266597832899],[-100.11281761434935,19.972122670786238],[-100.09923492578052,19.96886282552972]]}},{"type":"Feature","properties":{"catalog_id":"MX_196.0","catalog_name":"Villegas Mexico","dip_dir":"N","name":"SN Juanacatlan y El Calvario","net_slip_rate":"(0.2,,)","reference":"Suter et al, 1995a","slip_type":"Normal"},"geometry":{"type":"LineString","coordinates":[[-100.07641600898489,19.930831297536997],[-100.06174670533056,19.927028144737726],[-100.04381755641971,19.916705301425417],[-100.02860494522263,19.912902148626145],[-100.02425848488059,19.90855568828412],[-100.00632933596974,19.907469073198616]]}},{"type":"Feature","properties":{"catalog_id":"MX_197.0","catalog_name":"Villegas Mexico","dip_dir":"N","name":"SN San Pedro el Alto (Secci\u00f3n A)","net_slip_rate":"(0.2,,)","reference":"Suter, M., et al, 1995","slip_type":"Normal"},"geometry":{"type":"LineString","coordinates":[[-100.04762070921898,19.911272225997887],[-100.02208525470958,19.904209227942097],[-100.0090458736835,19.90149269022833],[-99.99437657002917,19.90149269022833]]}},{"type":"Feature","properties":{"catalog_id":"MX_198.0","catalog_name":"Villegas Mexico","dip_dir":"N","name":"SN San Pedro el Alto (Secci\u00f3n B)","net_slip_rate":"(0.2,,)","reference":"Suter et al, 1995a","slip_type":"Normal"},"geometry":{"type":"LineString","coordinates":[[-99.98731357197339,19.89768953742906],[-99.97481749849005,19.896059614800798],[-99.96232142500673,19.894972999715293],[-99.95308519677994,19.891713154458774],[-99.94439227609588,19.892256462001527]]}},{"type":"Feature","properties":{"catalog_id":"MX_199.0","catalog_name":"Villegas Mexico","dip_dir":"SW","name":"Epitacio Huerta","net_slip_rate":"(0.2,,)","reference":"Aguirre-D\u00edaz, G., 1993a","slip_type":"Normal"},"geometry":{"type":"LineString","coordinates":[[-100.34372332001944,20.20031183874255],[-100.3372036295064,20.184555920002712],[-100.3290540163651,20.16662677109186],[-100.32199101830932,20.152500774980275],[-100.30840832974049,20.137831471325942],[-100.29808548642818,20.129681858184647],[-100.28939256574412,20.1302251657274],[-100.27798310734632,20.12316216767161],[-100.2665736489485,20.125878705385375],[-100.25570749809343,20.121532245043348],[-100.23777834918258,20.119359014872337],[-100.21767597010071,20.11501255453031],[-100.20680981924565,20.113382631902052],[-100.19485705330509,20.112296016816547],[-100.18453420999278,20.108492864017272],[-100.17801451947973,20.104146403675248]]}}],"metadata":{"source":"GEM Global Active Faults","layer_id":"mexico","feature_count":228}}