{"type":"FeatureCollection","features":[{"type":"Feature","properties":{"average_dip":"(60.0,50.0,70.0)","average_rake":"(-85,-100.0,-70.0)","catalog_id":"ME_AF37","catalog_name":"EMME","epistemic_quality":"3","lower_seis_depth":"(26.0,,)","net_slip_rate":"(3.0,2.0,4.0)","slip_type":"Normal","upper_seis_depth":"(0.0,,)"},"geometry":{"type":"LineString","coordinates":[[71.358293,38.268548],[71.120977,38.007058],[70.885821,37.606235],[70.751717,37.104214],[70.83409,36.909478],[70.847856,36.577452],[70.738398,36.348598],[70.314917,35.841118],[69.517884,35.30739]]}},{"type":"Feature","properties":{"average_dip":"(70.0,60.0,80.0)","average_rake":"(-45,-60.0,-30.0)","catalog_id":"ME_AS38","catalog_name":"EMME","epistemic_quality":"3","lower_seis_depth":"(25.0,,)","net_slip_rate":"(3.0,2.0,4.0)","slip_type":"Sinistral-Normal","upper_seis_depth":"(0.0,,)"},"geometry":{"type":"LineString","coordinates":[[70.99623,38.901821],[70.286344,38.318535],[70.179799,37.934425],[70.226019,37.426665],[70.36018,36.969167],[70.320771,36.864913],[70.2024,36.534723],[69.92951,36.255218],[69.674167,36.1415],[69.466068,36.131446]]}},{"type":"Feature","properties":{"average_dip":"(80.0,70.0,90.0)","average_rake":"(-85,-100.0,-70.0)","catalog_id":"ME_AS39","catalog_name":"EMME","epistemic_quality":"3","lower_seis_depth":"(30.0,,)","net_slip_rate":"(1.5,1.0,2.0)","slip_type":"Normal","upper_seis_depth":"(5.0,,)"},"geometry":{"type":"LineString","coordinates":[[71.808908,35.912193],[71.789186,35.849502],[71.751035,35.705565],[71.709651,35.584349],[71.634321,35.442121],[71.548905,35.331099],[71.45115,35.181546],[71.339329,35.001713],[71.235466,34.899454],[71.107619,34.807267],[70.954356,34.719099],[70.768943,34.63129],[70.589385,34.569997],[70.468595,34.554214],[70.360068,34.564249]]}},{"type":"Feature","properties":{"average_dip":"(70.0,60.0,80.0)","average_rake":"(170,160.0,180.0)","catalog_id":"ME_AF06","catalog_name":"EMME","epistemic_quality":"3","lower_seis_depth":"(26.0,,)","net_slip_rate":"(1.9,0.75,3.0)","slip_type":"Dextral","upper_seis_depth":"(0.0,,)"},"geometry":{"type":"LineString","coordinates":[[65.571382,34.361014],[66.091041,34.439756],[66.831551,34.515628],[67.250737,34.632584],[67.746779,34.743349],[68.684867,34.944801],[68.843904,35.006242],[68.990394,35.039216],[69.086576,35.075254]]}},{"type":"Feature","properties":{"average_dip":"(70.0,60.0,80.0)","average_rake":"(70,60.0,80.0)","catalog_id":"ME_AF01","catalog_name":"EMME","epistemic_quality":"3","lower_seis_depth":"(26.0,,)","net_slip_rate":"(1.1,0.2,2.0)","slip_type":"Reverse","upper_seis_depth":"(0.0,,)"},"geometry":{"type":"LineString","coordinates":[[69.510918,35.300136],[69.457928,35.269948],[69.397719,35.249269],[69.317942,35.220007],[69.212037,35.154984],[69.121619,35.082209]]}},{"type":"Feature","properties":{"average_dip":"(70.0,60.0,80.0)","average_rake":"(170,160.0,180.0)","catalog_id":"ME_AF24","catalog_name":"EMME","epistemic_quality":"3","lower_seis_depth":"(30.0,,)","net_slip_rate":"(0.5,0.1,0.8)","slip_type":"Dextral","upper_seis_depth":"(0.0,,)"},"geometry":{"type":"LineString","coordinates":[[62.055877,34.653562],[62.170643,34.61177],[62.260439,34.595023],[62.440505,34.579843],[62.669974,34.572117],[62.850125,34.561896],[63.068128,34.532885],[63.300791,34.490662],[63.516232,34.465908],[63.781948,34.464113],[63.972018,34.463316],[64.156947,34.508438],[64.357474,34.524873],[64.599188,34.53458]]}},{"type":"Feature","properties":{"average_dip":"(70.0,60.0,80.0)","average_rake":"(170,160.0,180.0)","catalog_id":"ME_AF23","catalog_name":"EMME","epistemic_quality":"3","lower_seis_depth":"(30.0,,)","net_slip_rate":"(1.9,0.75,3.0)","slip_type":"Dextral","upper_seis_depth":"(0.0,,)"},"geometry":{"type":"LineString","coordinates":[[63.171811,34.404879],[63.403925,34.373308],[64.063945,34.342219],[64.857761,34.316767],[65.293892,34.351287],[65.414054,34.364496],[65.498659,34.36809],[65.565217,34.360827]]}},{"type":"Feature","properties":{"average_dip":"(70.0,60.0,80.0)","average_rake":"(-87,-100.0,-75.0)","catalog_id":"ME_AF25","catalog_name":"EMME","epistemic_quality":"3","lower_seis_depth":"(30.0,,)","net_slip_rate":"(1.5,0.5,2.5)","slip_type":"Normal","upper_seis_depth":"(0.0,,)"},"geometry":{"type":"LineString","coordinates":[[61.357186,34.471029],[61.183228,34.554535],[60.962188,34.617472],[60.884087,34.626669],[60.839347,34.633755],[60.821528,34.649138],[60.726493,34.649415],[60.697246,34.656262],[60.386845,34.766379],[60.026016,34.939496],[59.815677,35.048841]]}},{"type":"Feature","properties":{"average_dip":"(70.0,60.0,80.0)","average_rake":"(-87,-100.0,-75.0)","catalog_id":"ME_AF26","catalog_name":"EMME","epistemic_quality":"3","lower_seis_depth":"(30.0,,)","net_slip_rate":"(0.8,0.1,1.5)","slip_type":"Normal","upper_seis_depth":"(0.0,,)"},"geometry":{"type":"LineString","coordinates":[[61.984122,34.648304],[61.927456,34.708037],[61.766532,34.772366],[61.593272,34.879265],[61.37704,34.950664],[61.10576,35.139299]]}},{"type":"Feature","properties":{"average_dip":"(70.0,60.0,80.0)","average_rake":"(-45,-60.0,-30.0)","catalog_id":"ME_AF11","catalog_name":"EMME","epistemic_quality":"3","lower_seis_depth":"(30.0,,)","net_slip_rate":"(2.5,1.0,4.0)","slip_type":"Sinistral-Normal","upper_seis_depth":"(0.0,,)"},"geometry":{"type":"LineString","coordinates":[[68.059983,32.954497],[68.229527,33.033588],[68.620159,33.242532],[69.096566,33.450881],[69.361656,33.694129]]}},{"type":"Feature","properties":{"average_dip":"(70.0,60.0,80.0)","average_rake":"(-87,-100.0,-75.0)","catalog_id":"ME_AF29","catalog_name":"EMME","epistemic_quality":"3","lower_seis_depth":"(30.0,,)","net_slip_rate":"(1.9,0.75,3.0)","slip_type":"Normal","upper_seis_depth":"(0.0,,)"},"geometry":{"type":"LineString","coordinates":[[61.467964,34.424387],[61.790869,34.376681],[61.967351,34.422455],[62.10497,34.449148],[62.367065,34.394666],[62.648622,34.350587],[62.845794,34.323517],[62.96957,34.382608],[63.080466,34.405941],[63.127933,34.407258],[63.166311,34.405059]]}},{"type":"Feature","properties":{"average_dip":"(70.0,60.0,80.0)","average_rake":"(-87,-100.0,-75.0)","catalog_id":"ME_AF27","catalog_name":"EMME","epistemic_quality":"3","lower_seis_depth":"(30.0,,)","net_slip_rate":"(0.8,0.1,1.5)","slip_type":"Normal","upper_seis_depth":"(0.0,,)"},"geometry":{"type":"LineString","coordinates":[[59.986654,35.68656],[60.144448,35.587186],[60.54277,35.415061],[60.866433,35.304812],[61.073819,35.164195]]}},{"type":"Feature","properties":{"average_dip":"(70.0,60.0,80.0)","average_rake":"(-87,-100.0,-75.0)","catalog_id":"ME_AF28","catalog_name":"EMME","epistemic_quality":"3","lower_seis_depth":"(30.0,,)","net_slip_rate":"(0.8,0.1,1.5)","slip_type":"Normal","upper_seis_depth":"(0.0,,)"},"geometry":{"type":"LineString","coordinates":[[60.453983,35.974828],[60.723549,35.84071],[60.806049,35.787135],[60.86095,35.751976],[60.92639,35.722596],[61.074599,35.581883],[61.148528,35.455712],[61.306669,35.350014],[61.421712,35.258203],[61.476607,35.18432]]}},{"type":"Feature","properties":{"average_dip":"(70.0,60.0,80.0)","average_rake":"(-45,-60.0,-30.0)","catalog_id":"ME_AF22","catalog_name":"EMME","epistemic_quality":"3","lower_seis_depth":"(30.0,,)","net_slip_rate":"(3.4,1.0,5.8)","slip_type":"Sinistral-Normal","upper_seis_depth":"(0.0,,)"},"geometry":{"type":"LineString","coordinates":[[66.787356,31.498965],[66.944905,31.740471],[67.585704,32.517541],[67.765355,32.762376],[67.993725,32.944626]]}},{"type":"Feature","properties":{"average_dip":"(70.0,60.0,80.0)","average_rake":"(-45,-60.0,-30.0)","catalog_id":"ME_AF09","catalog_name":"EMME","epistemic_quality":"3","lower_seis_depth":"(26.0,,)","net_slip_rate":"(3.5,1.0,6.0)","slip_type":"Sinistral-Normal","upper_seis_depth":"(0.0,,)"},"geometry":{"type":"LineString","coordinates":[[68.04479,32.994244],[68.228893,33.205996],[68.347215,33.439783],[68.521893,33.632487],[68.613821,33.804986],[68.660827,33.890278],[68.734268,34.056527],[68.875004,34.271712]]}},{"type":"Feature","properties":{"average_dip":"(70.0,60.0,80.0)","average_rake":"(-45,-60.0,-30.0)","catalog_id":"ME_AF14","catalog_name":"EMME","epistemic_quality":"3","lower_seis_depth":"(30.0,,)","net_slip_rate":"(2.2,1.0,3.5)","slip_type":"Sinistral-Normal","upper_seis_depth":"(0.0,,)"},"geometry":{"type":"LineString","coordinates":[[67.39438,32.114439],[67.843485,32.4557],[67.913245,32.552388],[68.383921,32.909566]]}},{"type":"Feature","properties":{"average_dip":"(70.0,60.0,80.0)","average_rake":"(-45,-60.0,-30.0)","catalog_id":"ME_AF19","catalog_name":"EMME","epistemic_quality":"3","lower_seis_depth":"(30.0,,)","net_slip_rate":"(2.2,1.0,3.5)","slip_type":"Sinistral-Normal","upper_seis_depth":"(0.0,,)"},"geometry":{"type":"LineString","coordinates":[[66.611053,31.969823],[66.915344,32.128486],[67.243539,32.32906],[67.621066,32.667075]]}},{"type":"Feature","properties":{"average_dip":"(70.0,60.0,80.0)","average_rake":"(-45,-60.0,-30.0)","catalog_id":"ME_AF10","catalog_name":"EMME","epistemic_quality":"3","lower_seis_depth":"(26.0,,)","net_slip_rate":"(3.5,1.0,6.0)","slip_type":"Sinistral-Normal","upper_seis_depth":"(0.0,,)"},"geometry":{"type":"LineString","coordinates":[[68.866852,34.291704],[68.913938,34.356599],[68.971574,34.501296],[69.086537,34.859358],[69.099365,35.078262]]}},{"type":"Feature","properties":{"average_dip":"(70.0,60.0,80.0)","average_rake":"(-87,-100.0,-75.0)","catalog_id":"ME_AF02","catalog_name":"EMME","epistemic_quality":"3","lower_seis_depth":"(26.0,,)","net_slip_rate":"(1.1,0.2,2.0)","slip_type":"Normal","upper_seis_depth":"(0.0,,)"},"geometry":{"type":"LineString","coordinates":[[69.70418,34.478525],[69.700727,34.626575],[69.679326,34.750842],[69.672396,34.830731],[69.606875,34.935074],[69.463807,35.075454],[69.415817,35.118832],[69.339735,35.154976],[69.281304,35.159752]]}},{"type":"Feature","properties":{"average_dip":"(67.5,55.0,80.0)","average_rake":"(37,30.0,45.0)","catalog_id":"ME_PK91s10","catalog_name":"EMME","epistemic_quality":"3","lower_seis_depth":"(25.0,,)","net_slip_rate":"(0.6,0.15,1.0)","slip_type":"Sinistral-Reverse","upper_seis_depth":"(5.0,,)"},"geometry":{"type":"LineString","coordinates":[[72.588524,36.215787],[72.346125,36.059659],[72.032401,35.827392],[71.899534,35.689173],[71.811715,35.594036]]}},{"type":"Feature","properties":{"average_dip":"(70.0,60.0,80.0)","average_rake":"(0,0.0,0.0)","catalog_id":"ME_PK21s1s1","catalog_name":"EMME","epistemic_quality":"3","lower_seis_depth":"(25.0,,)","net_slip_rate":"(0.6,0.15,1.0)","slip_type":"Sinistral","upper_seis_depth":"(5.0,,)"},"geometry":{"type":"LineString","coordinates":[[73.105517,35.33958],[72.905386,35.145217],[72.800545,35.077686]]}},{"type":"Feature","properties":{"average_dip":"(65.0,50.0,80.0)","average_rake":"(85,80.0,90.0)","catalog_id":"ME_PK31s1s4","catalog_name":"EMME","epistemic_quality":"3","lower_seis_depth":"(25.0,,)","net_slip_rate":"(0.6,0.15,1.0)","slip_type":"Reverse","upper_seis_depth":"(5.0,,)"},"geometry":{"type":"LineString","coordinates":[[72.786911,35.07512],[72.702681,35.006171],[72.666763,34.917147],[72.598217,34.833598]]}},{"type":"Feature","properties":{"average_dip":"(65.0,50.0,80.0)","average_rake":"(85,80.0,90.0)","catalog_id":"ME_PK41s1s1","catalog_name":"EMME","epistemic_quality":"3","lower_seis_depth":"(25.0,,)","net_slip_rate":"(0.6,0.15,1.0)","slip_type":"Reverse","upper_seis_depth":"(5.0,,)"},"geometry":{"type":"LineString","coordinates":[[73.726026,34.65445],[73.764054,34.688283],[73.824856,34.72836],[73.943534,34.730042],[74.012946,34.727321],[74.080842,34.714594],[74.115028,34.710636],[74.133099,34.720111]]}},{"type":"Feature","properties":{"average_dip":"(55.0,50.0,60.0)","average_rake":"(104,100.0,108.0)","catalog_id":"ME_PK56s2s1","catalog_name":"EMME","epistemic_quality":"3","lower_seis_depth":"(25.0,,)","net_slip_rate":"(0.6,0.15,1.0)","slip_type":"Reverse","upper_seis_depth":"(5.0,,)"},"geometry":{"type":"LineString","coordinates":[[73.750172,34.053988],[73.728946,34.108773],[73.679055,34.14452],[73.673578,34.184765],[73.472338,34.395293]]}},{"type":"Feature","properties":{"average_dip":"(55.0,50.0,60.0)","average_rake":"(104,100.0,108.0)","catalog_id":"ME_PK56s2s3","catalog_name":"EMME","epistemic_quality":"3","lower_seis_depth":"(25.0,,)","net_slip_rate":"(0.8,0.5,1.0)","slip_type":"Reverse","upper_seis_depth":"(5.0,,)"},"geometry":{"type":"LineString","coordinates":[[73.45775,34.387047],[73.399971,34.42925],[73.343394,34.589292]]}},{"type":"Feature","properties":{"average_dip":"(65.0,50.0,80.0)","average_rake":"(85,80.0,90.0)","catalog_id":"ME_PK56s1s8","catalog_name":"EMME","epistemic_quality":"3","lower_seis_depth":"(25.0,,)","net_slip_rate":"(0.6,0.15,1.0)","slip_type":"Reverse","upper_seis_depth":"(5.0,,)"},"geometry":{"type":"LineString","coordinates":[[74.109898,34.086819],[73.826889,34.196062],[73.751724,34.261188]]}},{"type":"Feature","properties":{"average_dip":"(65.0,50.0,80.0)","average_rake":"(85,80.0,90.0)","catalog_id":"ME_PK65s1s1","catalog_name":"EMME","epistemic_quality":"3","lower_seis_depth":"(25.0,,)","net_slip_rate":"(0.6,0.15,1.0)","slip_type":"Reverse","upper_seis_depth":"(5.0,,)"},"geometry":{"type":"LineString","coordinates":[[73.620543,34.046691],[73.589823,33.946314],[73.551264,33.850831],[73.508424,33.754449],[73.442572,33.693884],[73.368365,33.603647],[73.274706,33.524846],[73.201673,33.489362]]}},{"type":"Feature","properties":{"average_dip":"(65.0,50.0,80.0)","average_rake":"(85,80.0,90.0)","catalog_id":"ME_PK74s1s1","catalog_name":"EMME","epistemic_quality":"3","lower_seis_depth":"(25.0,,)","net_slip_rate":"(1.5,1.0,2.0)","slip_type":"Reverse","upper_seis_depth":"(5.0,,)"},"geometry":{"type":"LineString","coordinates":[[69.91885,32.109138],[69.954392,32.321944],[70.066381,32.570274],[70.204206,32.821108],[70.224625,32.871212],[70.272884,32.988896],[70.365559,33.147043],[70.479815,33.241593],[70.530371,33.314588]]}},{"type":"Feature","properties":{"average_dip":"(65.0,50.0,80.0)","average_rake":"(85,80.0,90.0)","catalog_id":"ME_PK97s1s4","catalog_name":"EMME","epistemic_quality":"3","lower_seis_depth":"(25.0,,)","net_slip_rate":"(1.5,1.0,2.0)","slip_type":"Reverse","upper_seis_depth":"(5.0,,)"},"geometry":{"type":"LineString","coordinates":[[69.635349,32.824683],[69.525404,32.625009],[69.385859,32.522371],[69.310257,32.347828],[69.319406,32.29569],[69.319406,32.109966]]}},{"type":"Feature","properties":{"average_dip":"(65.0,50.0,80.0)","average_rake":"(-87,-100.0,-75.0)","catalog_id":"ME_PK100s1s1","catalog_name":"EMME","epistemic_quality":"3","lower_seis_depth":"(24.0,,)","net_slip_rate":"(2.0,1.0,3.0)","slip_type":"Normal","upper_seis_depth":"(5.0,,)"},"geometry":{"type":"LineString","coordinates":[[72.609927,31.242753],[72.171324,31.406978],[71.767399,31.59191],[71.303277,31.888348],[71.034792,32.108878]]}},{"type":"Feature","properties":{"average_dip":"(65.0,50.0,80.0)","average_rake":"(85,80.0,90.0)","catalog_id":"ME_PK105s5s2","catalog_name":"EMME","epistemic_quality":"3","lower_seis_depth":"(25.0,,)","net_slip_rate":"(2.0,1.0,3.0)","slip_type":"Reverse","upper_seis_depth":"(5.0,,)"},"geometry":{"type":"LineString","coordinates":[[68.558736,30.419849],[68.45043,30.466506],[68.110117,30.540938],[67.436764,30.610877]]}},{"type":"Feature","properties":{"average_dip":"(65.0,50.0,80.0)","average_rake":"(85,80.0,90.0)","catalog_id":"ME_PK106s1s1","catalog_name":"EMME","epistemic_quality":"3","lower_seis_depth":"(25.0,,)","net_slip_rate":"(2.0,1.0,3.0)","slip_type":"Reverse","upper_seis_depth":"(5.0,,)"},"geometry":{"type":"LineString","coordinates":[[69.807218,31.134843],[69.740892,30.95795],[69.649401,30.80743],[69.577911,30.706151],[69.418215,30.585343]]}},{"type":"Feature","properties":{"average_dip":"(65.0,50.0,80.0)","average_rake":"(85,80.0,90.0)","catalog_id":"ME_PK146s1s1","catalog_name":"EMME","epistemic_quality":"3","lower_seis_depth":"(25.0,,)","net_slip_rate":"(1.5,1.0,2.0)","slip_type":"Reverse","upper_seis_depth":"(3.0,,)"},"geometry":{"type":"LineString","coordinates":[[67.29084,28.898833],[67.347829,29.152194],[67.33066,29.240241],[67.370036,29.370378],[67.378654,29.704574]]}},{"type":"Feature","properties":{"average_dip":"(65.0,50.0,80.0)","average_rake":"(-87,-100.0,-75.0)","catalog_id":"ME_PK166s1s1","catalog_name":"EMME","epistemic_quality":"3","lower_seis_depth":"(24.0,,)","net_slip_rate":"(1.5,1.0,2.0)","slip_type":"Normal","upper_seis_depth":"(5.0,,)"},"geometry":{"type":"LineString","coordinates":[[70.413001,26.29996],[70.300844,26.451876],[70.224175,26.521771],[70.146974,26.602079],[70.070298,26.671974],[69.858434,26.934582],[69.700233,27.168092],[69.423044,27.480194],[69.133192,27.833518],[68.889826,28.094834],[68.554287,28.51933]]}},{"type":"Feature","properties":{"average_dip":"(65.0,50.0,80.0)","average_rake":"(-87,-100.0,-75.0)","catalog_id":"ME_PK171s1s1","catalog_name":"EMME","epistemic_quality":"3","lower_seis_depth":"(22.0,,)","net_slip_rate":"(1.6,0.15,3.0)","slip_type":"Normal","upper_seis_depth":"(0.0,,)"},"geometry":{"type":"LineString","coordinates":[[71.136929,23.471406],[70.159937,23.499454],[68.87179,23.959796]]}},{"type":"Feature","properties":{"average_dip":"(65.0,50.0,80.0)","average_rake":"(85,80.0,90.0)","catalog_id":"ME_PK180s1s1","catalog_name":"EMME","epistemic_quality":"3","lower_seis_depth":"(23.0,,)","net_slip_rate":"(2.0,1.0,3.0)","slip_type":"Reverse","upper_seis_depth":"(3.0,,)"},"geometry":{"type":"LineString","coordinates":[[66.531322,27.680745],[66.601141,27.524383],[66.60665,27.149817],[66.683525,26.871272],[66.728715,26.80032],[66.771085,26.469879],[67.026217,25.828475],[67.043618,25.686797],[67.031542,25.532805],[66.984661,25.206245],[66.827997,24.911694]]}},{"type":"Feature","properties":{"average_dip":"(65.0,50.0,80.0)","average_rake":"(85,80.0,90.0)","catalog_id":"ME_PK214s1s2","catalog_name":"EMME","epistemic_quality":"3","lower_seis_depth":"(25.0,,)","net_slip_rate":"(1.5,1.0,2.0)","slip_type":"Reverse","upper_seis_depth":"(0.0,,)"},"geometry":{"type":"LineString","coordinates":[[65.188815,27.051122],[65.159914,27.009879],[65.082512,26.951112],[64.920486,26.848015],[64.842055,26.802654],[64.765001,26.769666],[64.686573,26.742178],[64.608145,26.717439]]}},{"type":"Feature","properties":{"average_dip":"(55.0,30.0,80.0)","average_rake":"(85,80.0,90.0)","catalog_id":"ME_PK4s1s1","catalog_name":"EMME","epistemic_quality":"3","lower_seis_depth":"(25.0,,)","net_slip_rate":"(0.6,0.15,1.0)","slip_type":"Reverse","upper_seis_depth":"(5.0,,)"},"geometry":{"type":"LineString","coordinates":[[73.851643,36.656962],[73.36832,36.712678],[72.987241,36.615118]]}},{"type":"Feature","properties":{"average_dip":"(65.0,55.0,75.0)","average_rake":"(37,30.0,45.0)","catalog_id":"ME_PK4s1s5678","catalog_name":"EMME","epistemic_quality":"3","lower_seis_depth":"(25.0,,)","net_slip_rate":"(0.6,0.15,1.0)","slip_type":"Sinistral-Reverse","upper_seis_depth":"(5.0,,)"},"geometry":{"type":"LineString","coordinates":[[72.909449,36.584128],[72.654721,36.388971],[72.508655,36.277064],[72.402932,36.20284]]}},{"type":"Feature","properties":{"average_dip":"(65.0,50.0,80.0)","average_rake":"(85,80.0,90.0)","catalog_id":"ME_PK102","catalog_name":"EMME","epistemic_quality":"3","lower_seis_depth":"(25.0,,)","net_slip_rate":"(2.0,1.0,3.0)","slip_type":"Reverse","upper_seis_depth":"(5.0,,)"},"geometry":{"type":"LineString","coordinates":[[69.356149,32.021879],[69.43212,31.85907],[69.437524,31.789883],[69.419622,31.676493],[69.366467,31.605371],[69.282448,31.543077],[69.248451,31.487612],[69.187829,31.257523],[69.088178,31.15725],[68.948239,30.941569],[68.848365,30.863603],[68.662058,30.780733],[68.503398,30.749221],[68.418557,30.756828],[68.285833,30.797762],[68.135021,30.803393],[68.003911,30.851039],[67.883234,30.858558],[67.629251,30.793108],[67.303953,30.653454]]}},{"type":"Feature","properties":{"average_dip":"(80.0,70.0,90.0)","average_rake":"(60,50.0,70.0)","catalog_id":"ME_PK211","catalog_name":"EMME","epistemic_quality":"3","lower_seis_depth":"(26.0,,)","net_slip_rate":"(1.6,0.3,3.0)","slip_type":"Sinistral-Reverse","upper_seis_depth":"(5.0,,)"},"geometry":{"type":"LineString","coordinates":[[73.028813,36.849939],[72.844905,36.807686],[72.693137,36.745931],[72.573052,36.671001],[72.468475,36.531539],[72.317894,36.438703],[71.984984,36.283497],[71.918263,36.161293],[71.628961,35.975363]]}},{"type":"Feature","properties":{"average_dip":"(45.5,50.0,41.0)","average_rake":"(85,80.0,90.0)","catalog_id":"ME_PK212","catalog_name":"EMME","epistemic_quality":"3","lower_seis_depth":"(25.0,,)","net_slip_rate":"(0.6,0.15,1.0)","slip_type":"Reverse","upper_seis_depth":"(5.0,,)"},"geometry":{"type":"LineString","coordinates":[[73.746282,36.812242],[73.373734,36.859241],[73.231264,36.802592],[73.095053,36.811772],[72.94774,36.771262],[72.786525,36.692033]]}},{"type":"Feature","properties":{"average_dip":"(46.5,50.0,43.0)","average_rake":"(85,80.0,90.0)","catalog_id":"ME_PK213","catalog_name":"EMME","epistemic_quality":"3","lower_seis_depth":"(25.0,,)","net_slip_rate":"(1.5,1.0,2.0)","slip_type":"Reverse","upper_seis_depth":"(5.0,,)"},"geometry":{"type":"LineString","coordinates":[[71.10468,33.126739],[71.100141,33.118337],[71.035625,33.109516],[70.946107,33.10795],[70.918425,33.119114],[70.791739,33.10002],[70.783256,33.091982],[70.7366,33.082268],[70.714389,33.045762],[70.665612,33.035155],[70.616053,33.031135],[70.525306,33.044194]]}},{"type":"Feature","properties":{"average_dip":"(62.5,50.0,75.0)","average_rake":"(85,80.0,90.0)","catalog_id":"ME_PK7214","catalog_name":"EMME","epistemic_quality":"3","lower_seis_depth":"(25.0,,)","net_slip_rate":"(1.5,1.0,2.0)","slip_type":"Reverse","upper_seis_depth":"(5.0,,)"},"geometry":{"type":"LineString","coordinates":[[71.516126,33.167046],[71.346421,33.149427],[71.308493,33.136584],[71.238508,33.140382],[71.163178,33.12791],[71.128422,33.127465]]}},{"type":"Feature","properties":{"average_dip":"(67.5,55.0,80.0)","average_rake":"(37,30.0,45.0)","catalog_id":"ME_PK10","catalog_name":"EMME","epistemic_quality":"3","lower_seis_depth":"(25.0,,)","net_slip_rate":"(0.6,0.15,1.0)","slip_type":"Sinistral-Reverse","upper_seis_depth":"(5.0,,)"},"geometry":{"type":"LineString","coordinates":[[72.768493,36.675719],[72.561678,36.450309],[72.109582,36.133219],[71.947368,36.09046],[71.867175,36.037048],[71.819579,35.961854]]}},{"type":"Feature","properties":{"average_dip":"(65.0,50.0,80.0)","average_rake":"(82,75.0,90.0)","catalog_id":"ME_PK12","catalog_name":"EMME","epistemic_quality":"3","lower_seis_depth":"(25.0,,)","net_slip_rate":"(0.6,0.15,1.0)","slip_type":"Reverse","upper_seis_depth":"(5.0,,)"},"geometry":{"type":"LineString","coordinates":[[73.790596,36.421793],[73.435839,36.44554],[73.06446,36.398804],[72.827521,36.293244],[72.659642,36.251773]]}},{"type":"Feature","properties":{"average_dip":"(65.0,50.0,80.0)","average_rake":"(82,75.0,90.0)","catalog_id":"ME_PK12","catalog_name":"EMME","epistemic_quality":"3","lower_seis_depth":"(25.0,,)","net_slip_rate":"(0.6,0.15,1.0)","slip_type":"Reverse","upper_seis_depth":"(5.0,,)"},"geometry":{"type":"LineString","coordinates":[[72.590643,35.530757],[72.422133,35.511652],[72.278826,35.473608],[72.190473,35.43218],[71.760942,35.265728],[71.702926,35.233376]]}},{"type":"Feature","properties":{"average_dip":"(65.0,50.0,80.0)","average_rake":"(87,85.0,90.0)","catalog_id":"ME_PK13","catalog_name":"EMME","epistemic_quality":"3","lower_seis_depth":"(25.0,,)","net_slip_rate":"(0.6,0.15,1.0)","slip_type":"Reverse","upper_seis_depth":"(5.0,,)"},"geometry":{"type":"LineString","coordinates":[[72.597266,35.494802],[72.453913,35.460283],[72.325398,35.400677],[72.183357,35.352909],[71.599035,35.070585]]}},{"type":"Feature","properties":{"average_dip":"(70.0,60.0,80.0)","average_rake":"(120,105.0,135.0)","catalog_id":"ME_PK20","catalog_name":"EMME","epistemic_quality":"3","lower_seis_depth":"(25.0,,)","net_slip_rate":"(0.6,0.15,1.0)","slip_type":"Dextral-Reverse","upper_seis_depth":"(5.0,,)"},"geometry":{"type":"LineString","coordinates":[[72.113586,34.730331],[71.944455,34.721671],[71.790913,34.753936],[71.644828,34.729297],[71.57409,34.732795],[71.144876,34.646764]]}},{"type":"Feature","properties":{"average_dip":"(55.0,50.0,60.0)","average_rake":"(85,80.0,90.0)","catalog_id":"ME_PK22s1s23","catalog_name":"EMME","epistemic_quality":"3","lower_seis_depth":"(25.0,,)","net_slip_rate":"(0.6,0.15,1.0)","slip_type":"Reverse","upper_seis_depth":"(5.0,,)"},"geometry":{"type":"LineString","coordinates":[[71.012727,34.452869],[71.688241,34.470137],[71.796547,34.483179],[71.938884,34.551027]]}},{"type":"Feature","properties":{"average_dip":"(65.0,50.0,80.0)","average_rake":"(85,80.0,90.0)","catalog_id":"ME_PK31","catalog_name":"EMME","epistemic_quality":"3","lower_seis_depth":"(25.0,,)","net_slip_rate":"(0.6,0.15,1.0)","slip_type":"Reverse","upper_seis_depth":"(5.0,,)"},"geometry":{"type":"LineString","coordinates":[[72.577711,34.830421],[72.488332,34.798883],[72.421478,34.789934],[72.341944,34.748269],[72.226898,34.746406],[72.136953,34.715182]]}},{"type":"Feature","properties":{"average_dip":"(65.0,50.0,80.0)","average_rake":"(85,80.0,90.0)","catalog_id":"ME_PK22","catalog_name":"EMME","epistemic_quality":"3","lower_seis_depth":"(25.0,,)","net_slip_rate":"(0.6,0.15,1.0)","slip_type":"Reverse","upper_seis_depth":"(5.0,,)"},"geometry":{"type":"LineString","coordinates":[[72.742843,35.10549],[72.602383,34.948664],[72.467266,34.864347],[72.339648,34.807869],[72.244733,34.774714]]}},{"type":"Feature","properties":{"average_dip":"(65.0,50.0,80.0)","average_rake":"(85,80.0,90.0)","catalog_id":"ME_PK22","catalog_name":"EMME","epistemic_quality":"3","lower_seis_depth":"(25.0,,)","net_slip_rate":"(0.6,0.15,1.0)","slip_type":"Reverse","upper_seis_depth":"(5.0,,)"},"geometry":{"type":"LineString","coordinates":[[74.264209,35.181362],[74.11305,35.143938],[74.025084,35.142652],[73.884531,35.121203],[73.408144,34.874198],[73.358306,34.832575],[73.274327,34.827148],[73.161023,34.830733],[73.06838,34.834624]]}},{"type":"Feature","properties":{"average_dip":"(52.5,45.0,60.0)","average_rake":"(85,80.0,90.0)","catalog_id":"ME_PK42","catalog_name":"EMME","epistemic_quality":"3","lower_seis_depth":"(25.0,,)","net_slip_rate":"(0.6,0.15,1.0)","slip_type":"Reverse","upper_seis_depth":"(5.0,,)"},"geometry":{"type":"LineString","coordinates":[[73.351714,34.408731],[73.305262,34.538166],[73.298846,34.601737],[73.324984,34.665832],[73.365256,34.729483],[73.411118,34.800171],[73.467621,34.839828],[73.537273,34.873011]]}},{"type":"Feature","properties":{"average_dip":"(65.0,50.0,80.0)","average_rake":"(85,80.0,90.0)","catalog_id":"ME_PK56","catalog_name":"EMME","epistemic_quality":"3","lower_seis_depth":"(25.0,,)","net_slip_rate":"(1.5,1.0,2.0)","slip_type":"Reverse","upper_seis_depth":"(5.0,,)"},"geometry":{"type":"LineString","coordinates":[[73.491617,34.001277],[73.386374,33.87101],[73.239113,33.764347],[73.165941,33.706859],[73.018627,33.644097],[72.869999,33.630768],[72.74165,33.619566],[72.591356,33.596939],[72.452319,33.615062],[72.323957,33.649639],[72.112404,33.715165],[71.90018,33.707036],[71.686991,33.641047],[71.533494,33.609666],[71.346675,33.605462],[71.224771,33.598987],[71.149671,33.584147]]}},{"type":"Feature","properties":{"average_dip":"(55.0,50.0,60.0)","average_rake":"(85,80.0,90.0)","catalog_id":"ME_PK62s1s1","catalog_name":"EMME","epistemic_quality":"3","lower_seis_depth":"(25.0,,)","net_slip_rate":"(1.5,1.0,2.0)","slip_type":"Reverse","upper_seis_depth":"(5.0,,)"},"geometry":{"type":"LineString","coordinates":[[73.19128,33.583926],[72.997866,33.506298],[72.913386,33.501245],[72.752234,33.433693],[72.518344,33.398434],[72.082131,33.469004]]}},{"type":"Feature","properties":{"average_dip":"(65.0,50.0,80.0)","average_rake":"(85,80.0,90.0)","catalog_id":"ME_PK64","catalog_name":"EMME","epistemic_quality":"3","lower_seis_depth":"(25.0,,)","net_slip_rate":"(1.5,1.0,2.0)","slip_type":"Reverse","upper_seis_depth":"(5.0,,)"},"geometry":{"type":"LineString","coordinates":[[72.568736,33.330834],[72.534099,33.296472],[72.418913,33.268994],[72.288044,33.293929],[72.185236,33.300331],[72.044677,33.334901],[71.306958,33.327467]]}},{"type":"Feature","properties":{"average_dip":"(65.0,50.0,80.0)","average_rake":"(85,80.0,90.0)","catalog_id":"ME_PK45","catalog_name":"EMME","epistemic_quality":"3","lower_seis_depth":"(25.0,,)","net_slip_rate":"(0.6,0.15,1.0)","slip_type":"Reverse","upper_seis_depth":"(5.0,,)"},"geometry":{"type":"LineString","coordinates":[[72.86411,34.05231],[72.80179,33.983167],[72.743855,33.918891],[72.619955,33.866421],[72.357559,33.874878],[72.2239,33.914031],[72.097235,33.927673],[71.943311,33.917057],[71.841611,33.872795]]}},{"type":"Feature","properties":{"average_dip":"(65.0,50.0,80.0)","average_rake":"(85,80.0,90.0)","catalog_id":"ME_PK53","catalog_name":"EMME","epistemic_quality":"3","lower_seis_depth":"(25.0,,)","net_slip_rate":"(1.5,1.0,2.0)","slip_type":"Reverse","upper_seis_depth":"(5.0,,)"},"geometry":{"type":"LineString","coordinates":[[73.389433,34.337735],[73.401336,34.174376],[73.3559,34.074601],[73.235293,33.963677],[73.047957,33.843617],[72.871967,33.800105],[72.736197,33.779421],[72.612367,33.760452],[72.449109,33.7823],[72.245419,33.826754],[72.085037,33.849136],[71.970543,33.823082],[71.842699,33.786708],[71.721372,33.710717]]}},{"type":"Feature","properties":{"average_dip":"(65.0,50.0,80.0)","average_rake":"(177,175.0,180.0)","catalog_id":"ME_PK80","catalog_name":"EMME","epistemic_quality":"3","lower_seis_depth":"(25.0,,)","net_slip_rate":"(1.5,1.0,2.0)","slip_type":"Dextral","upper_seis_depth":"(5.0,,)"},"geometry":{"type":"LineString","coordinates":[[71.644481,32.702225],[71.596025,32.923068],[71.541749,32.982173],[71.532815,33.051007]]}},{"type":"Feature","properties":{"average_dip":"(67.5,55.0,80.0)","average_rake":"(120,105.0,135.0)","catalog_id":"ME_PK94s2s9","catalog_name":"EMME","epistemic_quality":"3","lower_seis_depth":"(25.0,,)","net_slip_rate":"(1.5,1.0,2.0)","slip_type":"Dextral-Reverse","upper_seis_depth":"(5.0,,)"},"geometry":{"type":"LineString","coordinates":[[72.1197,32.389305],[71.973053,32.413597],[71.849184,32.501669],[71.721416,32.738511]]}},{"type":"Feature","properties":{"average_dip":"(65.0,50.0,80.0)","average_rake":"(85,80.0,90.0)","catalog_id":"ME_PK94s2s3","catalog_name":"EMME","epistemic_quality":"3","lower_seis_depth":"(25.0,,)","net_slip_rate":"(1.5,1.0,2.0)","slip_type":"Reverse","upper_seis_depth":"(5.0,,)"},"geometry":{"type":"LineString","coordinates":[[73.511298,32.816795],[73.35631,32.716669],[73.266579,32.719853],[73.136466,32.729015],[73.068644,32.657139],[72.955276,32.627195],[72.768314,32.655517],[72.611276,32.582684],[72.341258,32.526512],[72.272889,32.439326],[72.13418,32.389652]]}},{"type":"Feature","properties":{"average_dip":"(65.0,50.0,80.0)","average_rake":"(85,80.0,90.0)","catalog_id":"ME_PK95","catalog_name":"EMME","epistemic_quality":"3","lower_seis_depth":"(25.0,,)","net_slip_rate":"(1.5,1.0,2.0)","slip_type":"Reverse","upper_seis_depth":"(5.0,,)"},"geometry":{"type":"LineString","coordinates":[[74.053373,32.977396],[73.822186,32.816003],[73.440472,32.626136],[73.220081,32.518679],[72.953071,32.493483],[72.753321,32.51474]]}},{"type":"Feature","properties":{"average_dip":"(65.0,50.0,80.0)","average_rake":"(85,80.0,90.0)","catalog_id":"ME_PK61","catalog_name":"EMME","epistemic_quality":"3","lower_seis_depth":"(25.0,,)","net_slip_rate":"(1.5,1.0,2.0)","slip_type":"Reverse","upper_seis_depth":"(5.0,,)"},"geometry":{"type":"LineString","coordinates":[[71.158866,33.513466],[71.036823,33.487297],[70.848982,33.442477],[70.733564,33.42297],[70.667611,33.410838],[70.58861,33.379344],[70.543173,33.338597]]}},{"type":"Feature","properties":{"average_dip":"(65.0,50.0,80.0)","average_rake":"(85,80.0,90.0)","catalog_id":"ME_PK59","catalog_name":"EMME","epistemic_quality":"3","lower_seis_depth":"(25.0,,)","net_slip_rate":"(1.5,1.0,2.0)","slip_type":"Reverse","upper_seis_depth":"(5.0,,)"},"geometry":{"type":"LineString","coordinates":[[71.115051,33.574219],[71.024132,33.553669],[70.951135,33.552974],[70.855102,33.568591],[70.789611,33.586431],[70.606501,33.60026],[70.515027,33.653529],[70.443452,33.740856],[70.371857,33.795027],[70.270417,33.844717]]}},{"type":"Feature","properties":{"average_dip":"(70.0,60.0,80.0)","average_rake":"(30,15.0,45.0)","catalog_id":"ME_PK112","catalog_name":"EMME","epistemic_quality":"3","lower_seis_depth":"(25.0,,)","net_slip_rate":"(2.0,1.0,3.0)","slip_type":"Sinistral-Reverse","upper_seis_depth":"(5.0,,)"},"geometry":{"type":"LineString","coordinates":[[70.497666,30.821313],[70.552988,30.621831],[70.568692,30.498595],[70.570339,30.441785],[70.54344,30.338254],[70.478031,30.171034],[70.424533,30.085164],[70.333632,30.008304],[70.24405,29.966221]]}},{"type":"Feature","properties":{"average_dip":"(65.0,50.0,80.0)","average_rake":"(85,80.0,90.0)","catalog_id":"ME_PK108","catalog_name":"EMME","epistemic_quality":"3","lower_seis_depth":"(25.0,,)","net_slip_rate":"(2.0,1.0,3.0)","slip_type":"Reverse","upper_seis_depth":"(5.0,,)"},"geometry":{"type":"LineString","coordinates":[[69.955094,31.919648],[69.963229,31.803907],[69.950578,31.787037],[69.937132,31.576188],[69.896184,31.480887],[69.880335,31.330602],[69.835521,31.16458]]}},{"type":"Feature","properties":{"average_dip":"(65.0,50.0,80.0)","average_rake":"(85,80.0,90.0)","catalog_id":"ME_PK105","catalog_name":"EMME","epistemic_quality":"3","lower_seis_depth":"(25.0,,)","net_slip_rate":"(2.0,1.0,3.0)","slip_type":"Reverse","upper_seis_depth":"(5.0,,)"},"geometry":{"type":"LineString","coordinates":[[69.616704,30.960883],[69.543514,30.90914],[69.479535,30.860914],[69.411002,30.812683],[69.388874,30.797092],[69.332347,30.755729],[69.31317,30.744467],[69.261307,30.713995],[69.230631,30.695953],[69.129901,30.632246],[69.026503,30.570646],[68.938372,30.521468],[68.927703,30.515507],[68.8765,30.488111],[68.824176,30.460078],[68.797087,30.449948],[68.777483,30.441782],[68.707089,30.422236],[68.658921,30.408416]]}},{"type":"Feature","properties":{"average_dip":"(65.0,50.0,80.0)","average_rake":"(85,80.0,90.0)","catalog_id":"ME_PK121","catalog_name":"EMME","epistemic_quality":"3","lower_seis_depth":"(25.0,,)","net_slip_rate":"(2.0,1.0,3.0)","slip_type":"Reverse","upper_seis_depth":"(5.0,,)"},"geometry":{"type":"LineString","coordinates":[[69.684351,30.51797],[69.556362,30.277392],[69.28732,30.063371],[68.919411,30.065687],[68.742295,29.994908],[68.521908,29.977298],[68.116736,30.077559]]}},{"type":"Feature","properties":{"average_dip":"(65.0,50.0,80.0)","average_rake":"(85,80.0,90.0)","catalog_id":"ME_PK117","catalog_name":"EMME","epistemic_quality":"3","lower_seis_depth":"(25.0,,)","net_slip_rate":"(2.0,1.0,3.0)","slip_type":"Reverse","upper_seis_depth":"(5.0,,)"},"geometry":{"type":"LineString","coordinates":[[68.553596,29.612729],[69.087156,29.691048],[69.365807,29.785242],[69.545441,29.89923],[69.625982,30.088967]]}},{"type":"Feature","properties":{"average_dip":"(65.0,50.0,80.0)","average_rake":"(85,80.0,90.0)","catalog_id":"ME_PK114","catalog_name":"EMME","epistemic_quality":"3","lower_seis_depth":"(25.0,,)","net_slip_rate":"(2.0,1.0,3.0)","slip_type":"Reverse","upper_seis_depth":"(5.0,,)"},"geometry":{"type":"LineString","coordinates":[[68.10741,29.365377],[68.476305,29.201683],[68.694038,29.204262],[68.878639,29.094117],[69.309101,29.015111],[69.728856,29.252132],[69.928321,29.425253],[69.972352,29.515228]]}},{"type":"Feature","properties":{"average_dip":"(65.0,50.0,80.0)","average_rake":"(85,80.0,90.0)","catalog_id":"ME_PK144","catalog_name":"EMME","epistemic_quality":"3","lower_seis_depth":"(25.0,,)","net_slip_rate":"(2.0,1.0,3.0)","slip_type":"Reverse","upper_seis_depth":"(3.0,,)"},"geometry":{"type":"LineString","coordinates":[[66.960432,29.377403],[67.195604,29.739006],[67.198617,29.818507],[67.140986,29.993267],[67.196106,30.053257],[67.225456,30.137479]]}},{"type":"Feature","properties":{"average_dip":"(67.5,55.0,80.0)","average_rake":"(0,0.0,0.0)","catalog_id":"ME_PK175","catalog_name":"EMME","epistemic_quality":"3","lower_seis_depth":"(25.0,,)","net_slip_rate":"(3.0,1.0,5.0)","slip_type":"Sinistral","upper_seis_depth":"(0.0,,)"},"geometry":{"type":"LineString","coordinates":[[66.248201,29.135248],[66.407528,29.699752],[66.656566,30.249514],[66.788768,30.463865],[66.933143,30.720654]]}},{"type":"Feature","properties":{"average_dip":"(67.5,55.0,80.0)","average_rake":"(37,30.0,45.0)","catalog_id":"ME_PK149","catalog_name":"EMME","epistemic_quality":"3","lower_seis_depth":"(25.0,,)","net_slip_rate":"(1.8,1.0,2.5)","slip_type":"Sinistral-Reverse","upper_seis_depth":"(0.0,,)"},"geometry":{"type":"LineString","coordinates":[[66.243929,28.965037],[66.406767,29.274089],[66.565582,29.832199],[66.708231,30.001388]]}},{"type":"Feature","properties":{"average_dip":"(70.0,60.0,80.0)","average_rake":"(30,15.0,45.0)","catalog_id":"ME_PK157","catalog_name":"EMME","epistemic_quality":"3","lower_seis_depth":"(25.0,,)","net_slip_rate":"(1.5,1.0,2.0)","slip_type":"Sinistral-Reverse","upper_seis_depth":"(3.0,,)"},"geometry":{"type":"LineString","coordinates":[[67.396875,28.110415],[67.359273,28.294106],[67.322399,28.686931],[67.365438,28.810728],[67.450798,28.91735],[67.489503,29.082462],[67.536933,29.250467]]}},{"type":"Feature","properties":{"average_dip":"(67.5,55.0,80.0)","average_rake":"(37,30.0,45.0)","catalog_id":"ME_PK189","catalog_name":"EMME","epistemic_quality":"3","lower_seis_depth":"(23.0,,)","net_slip_rate":"(3.0,1.0,5.0)","slip_type":"Sinistral-Reverse","upper_seis_depth":"(0.0,,)"},"geometry":{"type":"LineString","coordinates":[[66.088205,25.756605],[66.165829,25.980607],[66.167132,26.124879],[66.094335,26.474507],[66.073929,26.87089],[66.16929,27.949606]]}},{"type":"Feature","properties":{"average_dip":"(65.0,50.0,80.0)","average_rake":"(-87,-100.0,-75.0)","catalog_id":"ME_PK170","catalog_name":"EMME","epistemic_quality":"3","lower_seis_depth":"(23.0,,)","net_slip_rate":"(1.6,0.15,3.0)","slip_type":"Normal","upper_seis_depth":"(0.0,,)"},"geometry":{"type":"LineString","coordinates":[[66.745601,24.843144],[67.321435,24.779506],[68.109595,24.421395],[69.132708,24.321508],[69.668811,24.333038],[70.459494,24.394906],[71.468706,24.639046]]}},{"type":"Feature","properties":{"average_dip":"(65.0,50.0,80.0)","average_rake":"(-87,-100.0,-75.0)","catalog_id":"ME_PK167","catalog_name":"EMME","epistemic_quality":"3","lower_seis_depth":"(24.0,,)","net_slip_rate":"(2.0,1.0,3.0)","slip_type":"Normal","upper_seis_depth":"(0.0,,)"},"geometry":{"type":"LineString","coordinates":[[68.239183,28.381573],[68.258365,28.204929],[68.3289,27.910089],[68.440238,27.690256],[68.586866,27.466385],[68.744884,27.222087],[68.945037,26.968991],[69.275195,26.616596],[69.48188,26.383356],[69.638585,26.187341],[69.838508,25.970661],[70.005886,25.74812]]}},{"type":"Feature","properties":{"average_dip":"(67.5,55.0,80.0)","average_rake":"(0,0.0,0.0)","catalog_id":"ME_PK175","catalog_name":"EMME","epistemic_quality":"3","lower_seis_depth":"(25.0,,)","net_slip_rate":"(3.0,1.0,5.0)","slip_type":"Sinistral","upper_seis_depth":"(0.0,,)"},"geometry":{"type":"LineString","coordinates":[[65.927367,26.647619],[65.858847,26.922116],[65.901347,27.816047],[66.077523,28.756071],[66.13694,28.947256],[66.248201,29.135248]]}},{"type":"Feature","properties":{"average_dip":"(65.0,50.0,80.0)","average_rake":"(85,80.0,90.0)","catalog_id":"ME_PK203","catalog_name":"EMME","epistemic_quality":"3","lower_seis_depth":"(16.0,,)","net_slip_rate":"(1.5,1.0,2.0)","slip_type":"Reverse","upper_seis_depth":"(3.0,,)"},"geometry":{"type":"LineString","coordinates":[[65.769335,26.898424],[65.690735,26.585839],[65.594833,26.39257],[65.474454,26.229775],[65.332541,26.098203],[65.179296,26.025412],[64.955949,25.971079],[64.790742,25.933953],[64.560512,25.845653],[64.17401,25.776983],[64.073542,25.723829],[63.87745,25.694401],[63.737065,25.645004],[63.610923,25.574235],[63.44249,25.523211],[63.238487,25.520779],[62.925259,25.5594],[62.3374,25.562187],[61.94433,25.458691]]}},{"type":"Feature","properties":{"average_dip":"(67.5,55.0,80.0)","average_rake":"(37,30.0,45.0)","catalog_id":"ME_PK209","catalog_name":"EMME","epistemic_quality":"3","lower_seis_depth":"(25.0,,)","net_slip_rate":"(6.0,4.0,8.0)","slip_type":"Sinistral-Reverse","upper_seis_depth":"(0.0,,)"},"geometry":{"type":"LineString","coordinates":[[65.670809,27.786014],[65.68007,28.086645],[65.761119,28.428426],[65.902092,29.106738],[66.09649,29.898789],[66.221798,30.265149],[66.5158,30.811395],[66.721529,31.453885]]}},{"type":"Feature","properties":{"average_dip":"(65.0,50.0,80.0)","average_rake":"(85,80.0,90.0)","catalog_id":"ME_PK91","catalog_name":"EMME","epistemic_quality":"3","lower_seis_depth":"(25.0,,)","net_slip_rate":"(1.5,1.0,2.0)","slip_type":"Reverse","upper_seis_depth":"(5.0,,)"},"geometry":{"type":"LineString","coordinates":[[73.566599,33.201543],[73.424707,33.051807],[73.258497,32.984307],[73.143653,32.890432],[73.038831,32.800125],[72.906304,32.741419],[72.761784,32.744681]]}},{"type":"Feature","properties":{"average_dip":"(65.0,50.0,80.0)","average_rake":"(85,80.0,90.0)","catalog_id":"ME_PK41","catalog_name":"EMME","epistemic_quality":"3","lower_seis_depth":"(25.0,,)","net_slip_rate":"(0.5,0.1,0.8)","slip_type":"Reverse","upper_seis_depth":"(5.0,,)"},"geometry":{"type":"LineString","coordinates":[[73.55526,34.898878],[73.631736,34.870198],[73.653281,34.774608],[73.641129,34.709025],[73.639881,34.663456],[73.683138,34.642139]]}},{"type":"Feature","properties":{"average_dip":"(65.0,50.0,80.0)","average_rake":"(85,80.0,90.0)","catalog_id":"ME_PK56s1s9","catalog_name":"EMME","epistemic_quality":"3","lower_seis_depth":"(25.0,,)","net_slip_rate":"(0.6,0.15,1.0)","slip_type":"Reverse","upper_seis_depth":"(5.0,,)"},"geometry":{"type":"LineString","coordinates":[[73.751724,34.261188],[73.70504,34.445078],[73.537876,34.563038],[73.499604,34.647809]]}},{"type":"Feature","properties":{"average_dip":"(67.5,55.0,80.0)","average_rake":"(37,30.0,45.0)","catalog_id":"ME_PK56s1s12","catalog_name":"EMME","epistemic_quality":"3","lower_seis_depth":"(25.0,,)","net_slip_rate":"(0.6,0.1,1.0)","slip_type":"Sinistral-Reverse","upper_seis_depth":"(5.0,,)"},"geometry":{"type":"LineString","coordinates":[[73.49812,34.648526],[73.433002,34.665694],[73.38403,34.649191],[73.344869,34.591456]]}},{"type":"Feature","properties":{"average_dip":"(65.0,50.0,80.0)","average_rake":"(85,80.0,90.0)","catalog_id":"ME_PK24","catalog_name":"EMME","epistemic_quality":"3","lower_seis_depth":"(25.0,,)","net_slip_rate":"(0.5,0.15,0.8)","slip_type":"Reverse","upper_seis_depth":"(5.0,,)"},"geometry":{"type":"LineString","coordinates":[[73.990304,35.217481],[73.919207,35.206524],[73.80709,35.184393],[73.58705,35.084802],[73.394047,35.036975],[73.218393,35.054256],[73.061672,35.036326]]}},{"type":"Feature","properties":{"average_dip":"(80.0,70.0,90.0)","average_rake":"(60,50.0,70.0)","catalog_id":"ME_PK211","catalog_name":"EMME","epistemic_quality":"3","lower_seis_depth":"(26.0,,)","net_slip_rate":"(1.5,1.0,2.0)","slip_type":"Sinistral-Reverse","upper_seis_depth":"(3.0,,)"},"geometry":{"type":"LineString","coordinates":[[65.829105,27.804125],[65.673895,27.227334],[65.346978,26.778743],[64.944424,26.432889],[64.39503,26.163302],[63.980365,26.080794],[63.492191,26.078658],[63.119044,26.101846],[62.718147,26.112907],[62.238967,26.140783]]}},{"type":"Feature","properties":{"average_dip":"(80.0,70.0,90.0)","average_rake":"(60,50.0,70.0)","catalog_id":"ME_PK215","catalog_name":"EMME","epistemic_quality":"3","lower_seis_depth":"(26.0,,)","net_slip_rate":"(1.5,1.0,2.0)","slip_type":"Sinistral-Reverse","upper_seis_depth":"(0.0,,)"},"geometry":{"type":"LineString","coordinates":[[64.642978,26.659927],[64.50403,26.606403],[63.696016,26.422881],[63.313112,26.388007],[63.047736,26.420768],[62.69279,26.404949],[62.415256,26.43303]]}},{"type":"Feature","properties":{"average_dip":"(80.0,70.0,90.0)","average_rake":"(60,50.0,70.0)","catalog_id":"ME_PK219","catalog_name":"EMME","epistemic_quality":"3","lower_seis_depth":"(26.0,,)","net_slip_rate":"(1.5,1.0,2.0)","slip_type":"Sinistral-Reverse","upper_seis_depth":"(3.0,,)"},"geometry":{"type":"LineString","coordinates":[[65.525773,27.639019],[65.507131,27.61901],[65.475836,27.586535],[65.429926,27.540239],[65.367223,27.481972],[65.290966,27.412761],[65.224046,27.356246],[65.096219,27.260652],[64.989968,27.199497],[64.876558,27.120565],[64.873733,27.118596],[64.761435,27.081333],[64.559844,26.978219],[64.383452,26.928951],[64.30717,26.912155],[64.185433,26.885256],[64.073079,26.86033],[63.810775,26.812195],[63.698426,26.809925],[63.525161,26.806247],[63.490889,26.806687]]}},{"type":"Feature","properties":{"average_dip":"(80.0,70.0,90.0)","average_rake":"(60,50.0,70.0)","catalog_id":"ME_PK160","catalog_name":"EMME","epistemic_quality":"3","lower_seis_depth":"(23.0,,)","net_slip_rate":"(1.5,1.0,2.0)","slip_type":"Sinistral-Reverse","upper_seis_depth":"(3.0,,)"},"geometry":{"type":"LineString","coordinates":[[67.429803,25.824346],[67.254744,26.218603],[67.160554,26.569875],[67.144489,26.72824],[67.174259,27.120876],[67.139449,27.316566]]}},{"type":"Feature","properties":{"average_dip":"(80.0,70.0,90.0)","average_rake":"(60,50.0,70.0)","catalog_id":"ME_PK156","catalog_name":"EMME","epistemic_quality":"3","lower_seis_depth":"(25.5,,)","net_slip_rate":"(1.5,1.0,2.0)","slip_type":"Sinistral-Reverse","upper_seis_depth":"(3.0,,)"},"geometry":{"type":"LineString","coordinates":[[67.183511,27.561715],[67.034448,27.983873],[67.058221,28.082237],[67.020018,28.312333],[67.068482,28.427988],[67.157278,28.485374]]}},{"type":"Feature","properties":{"average_dip":"(45.0,35.0,55.0)","average_rake":"(-65,-80.0,-50.0)","catalog_id":"ME_BGCS001","catalog_name":"EMME","epistemic_quality":"1","lower_seis_depth":"(15.0,,)","net_slip_rate":"(0.2,0.1,0.4)","slip_type":"Sinistral-Normal","upper_seis_depth":"(0.0,,)"},"geometry":{"type":"LineString","coordinates":[[26.347992,41.844493],[26.234177,41.8739],[26.125047,41.902193],[26.005671,41.918555],[25.836114,41.940147],[25.66722,41.951433],[25.535414,41.980385],[25.399301,42.01196],[25.321679,42.035602],[25.222163,42.066631],[25.136581,42.094706],[25.043035,42.131646],[24.953471,42.162676],[24.823725,42.217394],[24.704361,42.259503],[24.603849,42.299272]]}},{"type":"Feature","properties":{"average_dip":"(47.5,40.0,55.0)","average_rake":"(-75,-90.0,-60.0)","catalog_id":"ME_BGCS006","catalog_name":"EMME","epistemic_quality":"1","lower_seis_depth":"(15.0,,)","net_slip_rate":"(0.2,0.1,0.4)","slip_type":"Normal","upper_seis_depth":"(1.0,,)"},"geometry":{"type":"LineString","coordinates":[[26.176791,41.711203],[26.123651,41.72388],[26.081451,41.735404],[26.018933,41.745777],[25.970481,41.748081],[25.911091,41.746929],[25.839195,41.743472],[25.782929,41.751539],[25.725474,41.76539],[25.68577,41.783446],[25.646065,41.801502],[25.593322,41.820711],[25.540579,41.83992],[25.48883,41.854696],[25.437081,41.869472]]}},{"type":"Feature","properties":{"average_dip":"(62.5,50.0,75.0)","average_rake":"(-80,-90.0,-70.0)","catalog_id":"ME_BGCS007","catalog_name":"EMME","epistemic_quality":"1","lower_seis_depth":"(15.0,,)","net_slip_rate":"(0.2,0.1,0.4)","slip_type":"Normal","upper_seis_depth":"(1.0,,)"},"geometry":{"type":"LineString","coordinates":[[26.591698,41.834274],[26.566001,41.858706],[26.540305,41.883137],[26.514608,41.907569],[26.49794,41.926667],[26.481271,41.945765],[26.462867,41.971057],[26.444463,41.996348],[26.425364,42.018027],[26.406265,42.039706],[26.379482,42.069341],[26.352698,42.098976],[26.330866,42.11657],[26.309034,42.134164],[26.27061,42.160391]]}},{"type":"Feature","properties":{"average_dip":"(50.0,40.0,60.0)","average_rake":"(-75,-90.0,-60.0)","catalog_id":"ME_BGCS008","catalog_name":"EMME","epistemic_quality":"1","lower_seis_depth":"(15.0,,)","net_slip_rate":"(0.2,0.1,0.4)","slip_type":"Normal","upper_seis_depth":"(0.0,,)"},"geometry":{"type":"LineString","coordinates":[[27.185063,42.175242],[27.154662,42.178525],[27.12426,42.181808],[27.078714,42.187625],[27.033168,42.193441],[26.984481,42.199839],[26.935794,42.206238],[26.891643,42.207446],[26.847491,42.208653],[26.812661,42.210869],[26.777831,42.213085],[26.742176,42.213809],[26.706521,42.214532]]}},{"type":"Feature","properties":{"average_dip":"(50.0,40.0,60.0)","average_rake":"(-90,-100.0,-80.0)","catalog_id":"ME_BGCS009","catalog_name":"EMME","epistemic_quality":"1","lower_seis_depth":"(15.0,,)","net_slip_rate":"(0.2,0.1,0.4)","slip_type":"Normal","upper_seis_depth":"(1.0,,)"},"geometry":{"type":"LineString","coordinates":[[27.387615,42.326723],[27.328223,42.324418],[27.289151,42.325571],[27.248515,42.327876],[27.200063,42.332486],[27.162437,42.335697],[27.120709,42.332181],[27.078981,42.328665],[27.042069,42.326322],[27.005157,42.323978],[26.952567,42.321893],[26.899977,42.319808]]}},{"type":"Feature","properties":{"average_dip":"(50.0,40.0,60.0)","average_rake":"(-90,-100.0,-80.0)","catalog_id":"ME_BGCS044","catalog_name":"EMME","epistemic_quality":"1","lower_seis_depth":"(15.0,,)","net_slip_rate":"(0.2,0.1,0.3)","slip_type":"Normal","upper_seis_depth":"(1.0,,)"},"geometry":{"type":"LineString","coordinates":[[27.720706,42.628591],[27.674422,42.624585],[27.620271,42.623564],[27.570958,42.616573],[27.532838,42.61457],[27.497339,42.607764],[27.441591,42.603024],[27.394219,42.599055],[27.347671,42.598355],[27.295073,42.595124],[27.26434,42.591964],[27.233607,42.588803],[27.192868,42.58143]]}},{"type":"Feature","properties":{"average_dip":"(55.0,35.0,75.0)","average_rake":"(-115,-160.0,-70.0)","catalog_id":"ME_GRCS150","catalog_name":"EMME","epistemic_quality":"1","lower_seis_depth":"(14.0,,)","net_slip_rate":"(0.3,0.2,0.5)","slip_type":"Dextral-Normal","upper_seis_depth":"(0.0,,)"},"geometry":{"type":"LineString","coordinates":[[24.479029,40.94717],[24.536421,40.966303],[24.563718,40.977452],[24.600179,40.988512],[24.642136,41.005872],[24.669696,41.018896],[24.697504,41.039627],[24.732261,41.064727],[24.762167,41.089367],[24.787028,41.10597],[24.815387,41.120258],[24.848474,41.133553],[24.872523,41.142523],[24.895239,41.147025],[24.916664,41.148406],[24.930547,41.149095],[24.945815,41.147831],[24.956765,41.144722],[24.9724,41.14184],[25.000681,41.139563],[25.017327,41.140125],[25.033268,41.137556],[25.039714,41.13518],[25.055369,41.131161],[25.074362,41.127232],[25.091676,41.123979],[25.112214,41.120659],[25.13001,41.120284],[25.144873,41.120867],[25.158567,41.121921],[25.168193,41.125307],[25.185599,41.130319],[25.197584,41.133202],[25.207721,41.134328],[25.216603,41.133686],[25.224281,41.13262],[25.234943,41.131937],[25.251065,41.134275],[25.28464,41.142506],[25.305744,41.150561],[25.349548,41.161686],[25.376025,41.170056],[25.391658,41.174632],[25.407814,41.177398],[25.42091,41.177989],[25.435676,41.175845],[25.454503,41.171359],[25.479725,41.163574],[25.512679,41.155323],[25.566469,41.142816],[25.603306,41.134447],[25.644498,41.125049],[25.689884,41.112959],[25.743292,41.1],[25.786962,41.091728],[25.826633,41.086023]]}},{"type":"Feature","properties":{"average_dip":"(60.0,45.0,75.0)","average_rake":"(-105,-130.0,-80.0)","catalog_id":"ME_GRCS160","catalog_name":"EMME","epistemic_quality":"1","lower_seis_depth":"(14.0,,)","net_slip_rate":"(0.6,0.4,0.7)","slip_type":"Normal","upper_seis_depth":"(0.0,,)"},"geometry":{"type":"LineString","coordinates":[[26.129644,40.847688],[26.075288,40.845883],[26.043484,40.846334],[26.009367,40.847237],[25.977563,40.847237],[25.93882,40.849945],[25.898921,40.851299],[25.872755,40.851635],[25.848035,40.85087],[25.818977,40.851089],[25.795541,40.850947],[25.772571,40.849996],[25.732671,40.847154],[25.703369,40.847658],[25.664393,40.855469],[25.632694,40.862169],[25.605403,40.864925],[25.593815,40.864103],[25.582228,40.861225],[25.568007,40.856292],[25.557473,40.856292],[25.531755,40.86396],[25.499536,40.875203]]}},{"type":"Feature","properties":{"average_dip":"(62.5,45.0,80.0)","average_rake":"(-105,-120.0,-90.0)","catalog_id":"ME_GRCS170","catalog_name":"EMME","epistemic_quality":"1","lower_seis_depth":"(14.0,,)","net_slip_rate":"(0.3,0.3,0.3)","slip_type":"Normal","upper_seis_depth":"(0.0,,)"},"geometry":{"type":"LineString","coordinates":[[26.121717,41.542607],[26.165257,41.551238],[26.208797,41.559869],[26.238586,41.566811],[26.289786,41.574118],[26.328418,41.58033],[26.367051,41.586541],[26.40708,41.592752],[26.447109,41.598963],[26.481553,41.604809],[26.515996,41.610655],[26.574329,41.619393]]}},{"type":"Feature","properties":{"average_dip":"(60.0,45.0,75.0)","average_rake":"(-105,-120.0,-90.0)","catalog_id":"ME_GRCS288","catalog_name":"EMME","epistemic_quality":"1","lower_seis_depth":"(13.0,,)","net_slip_rate":"(0.6,0.1,1.0)","slip_type":"Normal","upper_seis_depth":"(0.0,,)"},"geometry":{"type":"LineString","coordinates":[[25.45941,40.51949],[25.494261,40.512209],[25.529112,40.504927],[25.572344,40.495336],[25.615575,40.485746],[25.667735,40.473573],[25.719895,40.461401],[25.754833,40.453726],[25.78977,40.44605]]}},{"type":"Feature","properties":{"average_dip":"(35.0,25.0,45.0)","average_rake":"(97,80.0,115.0)","catalog_id":"ME_GRCS696","catalog_name":"EMME","epistemic_quality":"1","lower_seis_depth":"(17.5,,)","net_slip_rate":"(0.8,0.19,1.5)","slip_type":"Reverse","upper_seis_depth":"(3.0,,)"},"geometry":{"type":"LineString","coordinates":[[33.267769,35.315199],[33.3608,35.215628],[33.453831,35.116056],[33.558411,35.038296],[33.693461,34.924002],[33.860104,34.843802],[33.996454,34.784546],[34.127832,34.739278],[34.304884,34.694089],[34.487577,34.694399],[34.656381,34.719181],[34.842203,34.736994],[35.013726,34.786276],[35.114225,34.807443],[35.214723,34.828609]]}},{"type":"Feature","properties":{"average_dip":"(35.0,25.0,45.0)","average_rake":"(115,90.0,140.0)","catalog_id":"ME_GRCS697","catalog_name":"EMME","epistemic_quality":"1","lower_seis_depth":"(17.5,,)","net_slip_rate":"(0.8,0.14,1.5)","slip_type":"Dextral-Reverse","upper_seis_depth":"(3.0,,)"},"geometry":{"type":"LineString","coordinates":[[32.384275,34.819359],[32.449311,34.744901],[32.526364,34.681116],[32.599393,34.642891],[32.695423,34.600443],[32.771105,34.560092],[32.846537,34.524001],[32.946178,34.460426],[33.083818,34.400833],[33.221827,34.375501],[33.339487,34.352265],[33.446162,34.343925],[33.568879,34.320697],[33.696277,34.30387],[33.826827,34.276395]]}},{"type":"Feature","properties":{"average_dip":"(35.0,25.0,45.0)","average_rake":"(97,80.0,115.0)","catalog_id":"ME_GRCS698","catalog_name":"EMME","epistemic_quality":"1","lower_seis_depth":"(17.5,,)","net_slip_rate":"(0.8,0.14,1.5)","slip_type":"Reverse","upper_seis_depth":"(3.0,,)"},"geometry":{"type":"LineString","coordinates":[[33.40675,34.844534],[33.446344,34.811057],[33.485938,34.777579],[33.533649,34.752141],[33.58136,34.726703],[33.642292,34.693229],[33.703224,34.659754],[33.753729,34.641036],[33.804234,34.622318],[33.853953,34.61703],[33.903672,34.611742],[33.963975,34.589012],[34.034365,34.575023],[34.079665,34.556991],[34.124965,34.538958],[34.18044,34.519878],[34.235914,34.500797],[34.297975,34.498772],[34.360036,34.496747]]}},{"type":"Feature","properties":{"average_dip":"(80.0,70.0,90.0)","average_rake":"(145,120.0,170.0)","catalog_id":"ME_GRCS699","catalog_name":"EMME","epistemic_quality":"1","lower_seis_depth":"(17.5,,)","net_slip_rate":"(6.0,2.0,10.0)","slip_type":"Dextral-Reverse","upper_seis_depth":"(3.5,,)"},"geometry":{"type":"LineString","coordinates":[[32.857252,35.730917],[32.800937,35.664334],[32.744622,35.597752],[32.665413,35.461145],[32.573954,35.321018],[32.50027,35.205514],[32.426585,35.09001],[32.34571,34.959909],[32.271421,34.846864],[32.190796,34.712503],[32.084516,34.58449],[32.022403,34.522599],[31.96029,34.460708],[31.862502,34.360406]]}},{"type":"Feature","properties":{"average_dip":"(80.0,70.0,90.0)","average_rake":"(-110,-130.0,-90.0)","catalog_id":"ME_GRCS778","catalog_name":"EMME","epistemic_quality":"1","lower_seis_depth":"(12.0,,)","net_slip_rate":"(1.8,0.5,3.0)","slip_type":"Normal","upper_seis_depth":"(1.0,,)"},"geometry":{"type":"LineString","coordinates":[[26.930792,35.857427],[26.935298,35.881304],[26.939805,35.905181],[26.940941,35.930354],[26.942078,35.955527],[26.936922,35.982001],[26.931832,36.00997],[26.928779,36.042733],[26.930906,36.073014],[26.930472,36.103968],[26.93285,36.133829],[26.92776,36.163396]]}},{"type":"Feature","properties":{"average_dip":"(60.0,50.0,70.0)","average_rake":"(-90,-110.0,-70.0)","catalog_id":"ME_GRCS779","catalog_name":"EMME","epistemic_quality":"1","lower_seis_depth":"(12.0,,)","net_slip_rate":"(0.6,0.1,1.0)","slip_type":"Normal","upper_seis_depth":"(0.5,,)"},"geometry":{"type":"LineString","coordinates":[[27.187706,36.246905],[27.14495,36.245707],[27.102194,36.244508],[27.068091,36.24251],[27.033988,36.240512],[27.002431,36.237316],[26.970873,36.23412],[26.932189,36.227727],[26.882307,36.218138],[26.844641,36.210946]]}},{"type":"Feature","properties":{"average_dip":"(80.0,70.0,90.0)","average_rake":"(-110,-130.0,-90.0)","catalog_id":"ME_GRCS780","catalog_name":"EMME","epistemic_quality":"1","lower_seis_depth":"(12.0,,)","net_slip_rate":"(1.8,0.5,3.0)","slip_type":"Normal","upper_seis_depth":"(2.0,,)"},"geometry":{"type":"LineString","coordinates":[[27.052554,35.618795],[27.077405,35.660766],[27.094585,35.701436],[27.109981,35.741474],[27.115071,35.787822],[27.12635,35.842034],[27.137467,35.890905],[27.144324,35.936507],[27.14636,35.982855],[27.16163,36.033197],[27.175882,36.073951],[27.184013,36.103908],[27.188335,36.135756],[27.192439,36.157802],[27.197529,36.178578]]}},{"type":"Feature","properties":{"average_dip":"(80.0,70.0,90.0)","average_rake":"(-2,173.0,-177.0)","catalog_id":"ME_GRCS831","catalog_name":"EMME","epistemic_quality":"1","lower_seis_depth":"(15.0,,)","net_slip_rate":"(1.2,0.8,1.6)","slip_type":"Dextral","upper_seis_depth":"(0.0,,)"},"geometry":{"type":"LineString","coordinates":[[25.382807,39.742699],[25.309649,39.694763],[25.236493,39.646826],[25.163335,39.59889],[25.090178,39.550953],[25.01702,39.503018],[24.980441,39.47905],[24.943862,39.455081],[24.907284,39.431113],[24.870706,39.407145],[24.834127,39.383177],[24.797548,39.359208],[24.76097,39.33524],[24.724391,39.311272],[24.687812,39.287304],[24.651233,39.263335]]}},{"type":"Feature","properties":{"average_dip":"(62.5,50.0,75.0)","average_rake":"(-110,-130.0,-90.0)","catalog_id":"ME_GRCS838","catalog_name":"EMME","epistemic_quality":"1","lower_seis_depth":"(14.0,,)","net_slip_rate":"(0.6,0.1,1.0)","slip_type":"Normal","upper_seis_depth":"(0.5,,)"},"geometry":{"type":"LineString","coordinates":[[25.147126,39.310941],[25.106419,39.304101],[25.065712,39.29726],[25.027198,39.293362],[24.988683,39.289464],[24.943803,39.288621],[24.898922,39.287778],[24.853538,39.289041],[24.808153,39.290305],[24.76618,39.294219],[24.724206,39.298132]]}},{"type":"Feature","properties":{"average_dip":"(80.0,70.0,90.0)","average_rake":"(20,180.0,-140.0)","catalog_id":"ME_GRCS840","catalog_name":"EMME","epistemic_quality":"1","lower_seis_depth":"(18.0,,)","net_slip_rate":"(0.8,0.7,0.9)","slip_type":"Dextral","upper_seis_depth":"(0.5,,)"},"geometry":{"type":"LineString","coordinates":[[25.335447,39.356552],[25.296293,39.318799],[25.25714,39.281046],[25.211437,39.239191],[25.165734,39.197335],[25.129532,39.162468],[25.088654,39.1226],[25.046536,39.080787],[25.023,39.05745],[25.006896,39.038003],[24.999464,39.017582],[24.990792,39.004941],[24.956107,38.97577],[24.906556,38.933957],[24.868155,38.902841],[24.830992,38.874642]]}},{"type":"Feature","properties":{"average_dip":"(80.0,70.0,90.0)","average_rake":"(15,180.0,-150.0)","catalog_id":"ME_GRCS845","catalog_name":"EMME","epistemic_quality":"1","lower_seis_depth":"(17.0,,)","net_slip_rate":"(0.8,0.6,0.9)","slip_type":"Dextral","upper_seis_depth":"(0.0,,)"},"geometry":{"type":"LineString","coordinates":[[25.155874,39.054646],[25.174948,39.073896],[25.194022,39.093145],[25.223994,39.123089],[25.253966,39.153033],[25.289388,39.182977],[25.32481,39.212921],[25.360232,39.242865],[25.383394,39.267462],[25.406556,39.292059],[25.425628,39.30917],[25.4447,39.326281]]}},{"type":"Feature","properties":{"average_dip":"(80.0,70.0,90.0)","average_rake":"(15,180.0,-150.0)","catalog_id":"ME_GRCS850","catalog_name":"EMME","epistemic_quality":"1","lower_seis_depth":"(15.0,,)","net_slip_rate":"(1.2,0.5,2.0)","slip_type":"Dextral","upper_seis_depth":"(0.0,,)"},"geometry":{"type":"LineString","coordinates":[[26.354506,39.379322],[26.333096,39.35704],[26.311687,39.325208],[26.291296,39.288602],[26.277023,39.254383],[26.265808,39.22096],[26.239301,39.183557],[26.215343,39.160082],[26.191384,39.136606],[26.162838,39.111539],[26.134291,39.086471],[26.09453,39.05066],[26.058929,39.019602],[26.020851,38.989712],[26.001716,38.97414]]}},{"type":"Feature","properties":{"average_dip":"(85.0,80.0,90.0)","average_rake":"(10,180.0,-160.0)","catalog_id":"ME_GRCS853","catalog_name":"EMME","epistemic_quality":"1","lower_seis_depth":"(16.0,,)","net_slip_rate":"(1.2,0.5,2.0)","slip_type":"Dextral","upper_seis_depth":"(0.5,,)"},"geometry":{"type":"LineString","coordinates":[[25.4319,38.600364],[25.462522,38.619594],[25.493144,38.638823],[25.523766,38.658053],[25.55643,38.679687],[25.589094,38.701321],[25.619512,38.721398],[25.64993,38.741475],[25.671981,38.757576],[25.694031,38.773677],[25.72121,38.791389],[25.748389,38.809101],[25.777619,38.826813],[25.806849,38.844524],[25.832707,38.859829],[25.858566,38.875134]]}},{"type":"Feature","properties":{"average_dip":"(67.5,55.0,80.0)","average_rake":"(-95,-110.0,-80.0)","catalog_id":"ME_GRCS855","catalog_name":"EMME","epistemic_quality":"1","lower_seis_depth":"(14.5,,)","net_slip_rate":"(1.0,0.5,1.5)","slip_type":"Normal","upper_seis_depth":"(1.0,,)"},"geometry":{"type":"LineString","coordinates":[[26.325897,38.925736],[26.362546,38.943905],[26.397265,38.954504],[26.427163,38.962832],[26.458989,38.968131],[26.484065,38.970402],[26.510104,38.974944],[26.551575,38.988571],[26.592081,38.999927],[26.640303,39.017339]]}},{"type":"Feature","properties":{"average_dip":"(67.5,55.0,80.0)","average_rake":"(-15,-30.0,0.0)","catalog_id":"ME_GRCS865","catalog_name":"EMME","epistemic_quality":"1","lower_seis_depth":"(15.0,,)","net_slip_rate":"(0.8,0.5,1.0)","slip_type":"Sinistral","upper_seis_depth":"(0.5,,)"},"geometry":{"type":"LineString","coordinates":[[25.185846,38.832204],[25.200832,38.808677],[25.215818,38.785149],[25.225355,38.756275],[25.234892,38.7274],[25.254799,38.707951],[25.274706,38.688501],[25.296142,38.671675],[25.317578,38.654848],[25.340034,38.628407],[25.36249,38.601966],[25.386988,38.562705],[25.411486,38.523444],[25.430818,38.494952],[25.45015,38.466459]]}},{"type":"Feature","properties":{"average_dip":"(60.0,45.0,75.0)","average_rake":"(-90,-100.0,-80.0)","catalog_id":"ME_GRCS868","catalog_name":"EMME","epistemic_quality":"1","lower_seis_depth":"(15.0,,)","net_slip_rate":"(0.8,0.5,1.0)","slip_type":"Normal","upper_seis_depth":"(0.5,,)"},"geometry":{"type":"LineString","coordinates":[[25.466498,38.457903],[25.520994,38.469667],[25.57549,38.481431],[25.631348,38.491056],[25.687206,38.500681],[25.72944,38.511375],[25.771674,38.522069]]}},{"type":"Feature","properties":{"average_dip":"(60.0,50.0,70.0)","average_rake":"(-105,-110.0,-100.0)","catalog_id":"ME_GRCS880","catalog_name":"EMME","epistemic_quality":"1","lower_seis_depth":"(14.5,,)","net_slip_rate":"(2.9,2.2,3.6)","slip_type":"Normal","upper_seis_depth":"(1.0,,)"},"geometry":{"type":"LineString","coordinates":[[26.461514,38.70668],[26.405219,38.689556],[26.357367,38.676299],[26.305294,38.663042],[26.273628,38.657518],[26.241961,38.651994],[26.202554,38.645918],[26.163147,38.639842],[26.128666,38.635147],[26.094185,38.630451],[26.062519,38.628518],[26.030852,38.626585],[25.978779,38.623271],[25.943594,38.618852],[25.887298,38.613328],[25.832965,38.609079]]}},{"type":"Feature","properties":{"average_dip":"(57.5,45.0,70.0)","average_rake":"(-90,-100.0,-80.0)","catalog_id":"ME_GRCS900","catalog_name":"EMME","epistemic_quality":"1","lower_seis_depth":"(15.0,,)","net_slip_rate":"(2.0,1.0,3.0)","slip_type":"Normal","upper_seis_depth":"(1.0,,)"},"geometry":{"type":"LineString","coordinates":[[26.645623,38.061437],[26.604688,38.070877],[26.54189,38.079955],[26.479092,38.089032],[26.421101,38.097262],[26.363109,38.105492],[26.305118,38.113722],[26.266974,38.11808],[26.22883,38.122437],[26.188826,38.119895],[26.148821,38.117353],[26.09207,38.111544],[26.059508,38.105372],[26.026946,38.099199],[25.966473,38.085401]]}},{"type":"Feature","properties":{"average_dip":"(62.5,50.0,75.0)","average_rake":"(-25,-40.0,-10.0)","catalog_id":"ME_GRCS905","catalog_name":"EMME","epistemic_quality":"1","lower_seis_depth":"(14.5,,)","net_slip_rate":"(0.6,0.1,1.0)","slip_type":"Sinistral-Normal","upper_seis_depth":"(0.5,,)"},"geometry":{"type":"LineString","coordinates":[[25.711729,37.970243],[25.740339,37.946716],[25.768949,37.923188],[25.789385,37.898591],[25.809821,37.873994],[25.837069,37.854745],[25.864317,37.835495],[25.887477,37.816246],[25.910637,37.796996],[25.940611,37.763844],[25.970585,37.730691]]}},{"type":"Feature","properties":{"average_dip":"(72.5,60.0,85.0)","average_rake":"(-125,-150.0,-100.0)","catalog_id":"ME_GRCS907","catalog_name":"EMME","epistemic_quality":"1","lower_seis_depth":"(15.0,,)","net_slip_rate":"(1.2,0.5,2.0)","slip_type":"Dextral-Normal","upper_seis_depth":"(0.5,,)"},"geometry":{"type":"LineString","coordinates":[[26.35037,37.718428],[26.318509,37.70854],[26.286648,37.698652],[26.249906,37.686976],[26.213163,37.675302],[26.177915,37.662508],[26.138307,37.655528],[26.111633,37.650452],[26.086575,37.651721],[26.052626,37.644107],[26.016252,37.628879],[25.97422,37.605403],[25.947546,37.587003],[25.920871,37.568602],[25.895005,37.551154],[25.869139,37.533705]]}},{"type":"Feature","properties":{"average_dip":"(77.5,70.0,85.0)","average_rake":"(-135,-160.0,-110.0)","catalog_id":"ME_GRCS910","catalog_name":"EMME","epistemic_quality":"1","lower_seis_depth":"(15.0,,)","net_slip_rate":"(0.6,0.1,1.0)","slip_type":"Dextral-Normal","upper_seis_depth":"(0.5,,)"},"geometry":{"type":"LineString","coordinates":[[26.619546,37.798168],[26.595386,37.76523],[26.562276,37.736197],[26.529166,37.707164],[26.495106,37.675081],[26.461046,37.642998],[26.422898,37.610915],[26.38475,37.578832],[26.360227,37.553879],[26.335705,37.528925],[26.311182,37.503972],[26.274398,37.46975],[26.237614,37.435528]]}},{"type":"Feature","properties":{"average_dip":"(57.5,45.0,70.0)","average_rake":"(-90,-100.0,-80.0)","catalog_id":"ME_GRCS912","catalog_name":"EMME","epistemic_quality":"1","lower_seis_depth":"(15.0,,)","net_slip_rate":"(1.1,0.1,2.0)","slip_type":"Normal","upper_seis_depth":"(0.5,,)"},"geometry":{"type":"LineString","coordinates":[[26.599439,37.821218],[26.647994,37.823428],[26.696549,37.825637],[26.741586,37.82619],[26.786622,37.826742],[26.827437,37.825085],[26.868251,37.823428],[26.906954,37.820666],[26.945657,37.817904],[26.987879,37.81238],[27.030101,37.806856],[27.064582,37.799123],[27.099063,37.79139]]}},{"type":"Feature","properties":{"average_dip":"(62.5,50.0,75.0)","average_rake":"(-95,-100.0,-90.0)","catalog_id":"ME_GRCS915","catalog_name":"EMME","epistemic_quality":"1","lower_seis_depth":"(15.0,,)","net_slip_rate":"(3.0,3.0,3.0)","slip_type":"Normal","upper_seis_depth":"(1.0,,)"},"geometry":{"type":"LineString","coordinates":[[26.586475,37.708246],[26.607892,37.709441],[26.628544,37.707649],[26.649961,37.708844],[26.667553,37.712426],[26.688205,37.717202],[26.705032,37.718993],[26.724154,37.722575],[26.744806,37.723172],[26.779991,37.71959],[26.808292,37.716605],[26.835828,37.713023],[26.869483,37.704664],[26.918436,37.695709],[26.95668,37.686156]]}},{"type":"Feature","properties":{"average_dip":"(60.0,50.0,70.0)","average_rake":"(-90,-100.0,-80.0)","catalog_id":"ME_GRCS960","catalog_name":"EMME","epistemic_quality":"1","lower_seis_depth":"(15.5,,)","net_slip_rate":"(2.4,2.4,2.4)","slip_type":"Normal","upper_seis_depth":"(0.5,,)"},"geometry":{"type":"LineString","coordinates":[[26.164444,36.859068],[26.206266,36.878714],[26.248089,36.89836],[26.289911,36.918006],[26.321004,36.929197],[26.352097,36.940387],[26.385582,36.944118],[26.419067,36.947848],[26.457336,36.961525],[26.495604,36.975203],[26.533873,36.98888],[26.580114,37.012505],[26.626356,37.036129],[26.672597,37.059754]]}},{"type":"Feature","properties":{"average_dip":"(62.5,45.0,80.0)","average_rake":"(-90,-100.0,-80.0)","catalog_id":"ME_GRCS965","catalog_name":"EMME","epistemic_quality":"1","lower_seis_depth":"(14.5,,)","net_slip_rate":"(3.0,3.0,3.0)","slip_type":"Normal","upper_seis_depth":"(0.0,,)"},"geometry":{"type":"LineString","coordinates":[[27.377805,36.857044],[27.339879,36.84667],[27.301953,36.836295],[27.264027,36.825921],[27.212311,36.812388],[27.174385,36.793444],[27.139907,36.766379],[27.096809,36.745405],[27.053711,36.72443],[27.027852,36.702778],[27.001993,36.681127],[26.982168,36.660829],[26.962343,36.640531]]}},{"type":"Feature","properties":{"average_dip":"(62.5,50.0,75.0)","average_rake":"(-72,-90.0,-55.0)","catalog_id":"ME_GRCS981","catalog_name":"EMME","epistemic_quality":"1","lower_seis_depth":"(12.0,,)","net_slip_rate":"(0.6,0.1,1.0)","slip_type":"Normal","upper_seis_depth":"(1.0,,)"},"geometry":{"type":"LineString","coordinates":[[26.542169,36.160334],[26.578441,36.153936],[26.614713,36.147537],[26.668127,36.138761],[26.707051,36.136811],[26.745975,36.13486],[26.784899,36.13291],[26.822316,36.131824],[26.859734,36.130738],[26.897151,36.129652]]}},{"type":"Feature","properties":{"average_dip":"(82.5,75.0,90.0)","average_rake":"(17,180.0,-145.0)","catalog_id":"ME_GRCS999","catalog_name":"EMME","epistemic_quality":"1","lower_seis_depth":"(16.0,,)","net_slip_rate":"(4.0,1.0,7.0)","slip_type":"Dextral","upper_seis_depth":"(0.0,,)"},"geometry":{"type":"LineString","coordinates":[[25.451359,40.042083],[25.421157,40.02456],[25.393581,40.010645],[25.366004,39.996729],[25.334489,39.977144],[25.312822,39.960137],[25.291155,39.943129],[25.247821,39.913236],[25.224841,39.892621],[25.201861,39.872005],[25.175583,39.851516],[25.149304,39.831027],[25.10521,39.797214],[25.061116,39.7634],[25.020831,39.732507],[24.980545,39.701614],[24.94026,39.670721]]}},{"type":"Feature","properties":{"average_dip":"(85.0,85.0,85.0)","average_rake":"(167,167.0,167.0)","catalog_id":"ME_TRCS001","catalog_name":"EMME","epistemic_quality":"1","lower_seis_depth":"(18.0,,)","net_slip_rate":"(13.5,1.0,25.9613)","slip_type":"Dextral","upper_seis_depth":"(2.0,,)"},"geometry":{"type":"LineString","coordinates":[[40.548075,39.414054],[40.58753,39.401824],[40.626984,39.389593],[40.666439,39.377363],[40.708778,39.380242],[40.751117,39.38312],[40.793456,39.385999],[40.835915,39.384521],[40.878375,39.383042],[40.920834,39.381564],[40.960256,39.369306],[40.999679,39.357048],[41.039101,39.34479],[41.08461,39.331295],[41.130119,39.317799]]}},{"type":"Feature","properties":{"average_dip":"(87.0,84.0,90.0)","average_rake":"(167,167.0,167.0)","catalog_id":"ME_TRCS002","catalog_name":"EMME","epistemic_quality":"1","lower_seis_depth":"(18.0,,)","net_slip_rate":"None","slip_type":"Dextral","upper_seis_depth":"(2.0,,)"},"geometry":{"type":"LineString","coordinates":[[39.722414,39.673095],[39.751902,39.63995],[39.816805,39.610606],[39.874207,39.598975],[39.9315,39.58908],[39.988792,39.574436],[40.045345,39.558227],[40.101897,39.542017],[40.159898,39.529266],[40.217898,39.516515],[40.275715,39.503337],[40.333532,39.490158],[40.389356,39.472638],[40.44518,39.455118],[40.496867,39.438896],[40.548554,39.422673]]}},{"type":"Feature","properties":{"average_dip":"(87.5,85.0,90.0)","average_rake":"(-178,-179.0,-178.0)","catalog_id":"ME_TRCS003","catalog_name":"EMME","epistemic_quality":"1","lower_seis_depth":"(15.0,,)","net_slip_rate":"(22.4,19.0,25.7031)","slip_type":"Dextral","upper_seis_depth":"(0.0,,)"},"geometry":{"type":"LineString","coordinates":[[36.383168,40.5492],[36.501654,40.539536],[36.619704,40.551919],[36.733923,40.526127],[36.852773,40.519924],[36.970443,40.505879],[37.063686,40.449582],[37.177293,40.422691],[37.290858,40.39581],[37.404382,40.368939],[37.517864,40.342077],[37.631305,40.315226],[37.744705,40.288384],[37.858031,40.261471],[37.969491,40.230445],[38.080907,40.199432],[38.192278,40.168431],[38.300621,40.131792],[38.406965,40.091972],[38.513259,40.05217],[38.627004,40.027333],[38.740498,40.001947],[38.853953,39.97657],[38.967121,39.95056],[39.07863,39.920735],[39.190097,39.890921],[39.305347,39.861744],[39.401788,39.824181],[39.498067,39.779541],[39.603051,39.738466],[39.70868,39.698482]]}},{"type":"Feature","properties":{"average_dip":"(85.0,85.0,85.0)","average_rake":"(-178,-178.0,-178.0)","catalog_id":"ME_TRCS004","catalog_name":"EMME","epistemic_quality":"1","lower_seis_depth":"(15.0,,)","net_slip_rate":"(2.0,1.0013,3.0004)","slip_type":"Dextral","upper_seis_depth":"(0.0,,)"},"geometry":{"type":"LineString","coordinates":[[34.093737,39.927279],[34.195029,39.971676],[34.296371,40.016095],[34.397763,40.060535],[34.499205,40.104997],[34.600697,40.149481],[34.702239,40.193987],[34.80903,40.230732],[34.917194,40.265157],[35.025405,40.299597],[35.133663,40.334052],[35.241969,40.368521],[35.350322,40.403006],[35.458722,40.437506],[35.567169,40.472021],[35.675664,40.506551],[35.808357,40.5505],[35.952481,40.574541],[36.160471,40.57198],[36.349519,40.551773]]}},{"type":"Feature","properties":{"average_dip":"(71.0,71.0,71.0)","average_rake":"(180,180.0,180.0)","catalog_id":"ME_TRCS005","catalog_name":"EMME","epistemic_quality":"1","lower_seis_depth":"(18.0,,)","net_slip_rate":"None","slip_type":"Dextral","upper_seis_depth":"(0.0,,)"},"geometry":{"type":"LineString","coordinates":[[36.658349,40.712533],[36.714021,40.689035],[36.769692,40.665537],[36.825334,40.642052],[36.880976,40.618566],[36.94022,40.600941],[36.999465,40.583316],[37.062442,40.576527],[37.125419,40.569737],[37.187727,40.560082],[37.250035,40.550427],[37.303153,40.529069],[37.356271,40.50771]]}},{"type":"Feature","properties":{"average_dip":"(73.0,73.0,73.0)","average_rake":"(180,180.0,180.0)","catalog_id":"ME_TRCS006","catalog_name":"EMME","epistemic_quality":"1","lower_seis_depth":"(18.0,,)","net_slip_rate":"(25.0,24.2,25.8008)","slip_type":"Dextral","upper_seis_depth":"(0.0,,)"},"geometry":{"type":"LineString","coordinates":[[33.197441,40.91307],[33.305157,40.921891],[33.390931,40.961141],[33.524344,40.992093],[33.639476,41.010604],[33.75464,41.02912],[33.870245,41.046116],[33.986965,41.058141],[34.103706,41.070169],[34.220468,41.082199],[34.337251,41.094232],[34.448466,41.123731],[34.5663,41.120169],[34.682705,41.106],[34.799328,41.119099],[34.916743,41.110915],[35.034143,41.102731],[35.151799,41.097154],[35.269657,41.095301],[35.387511,41.093448],[35.499727,41.066298],[35.605887,41.027802],[35.71664,40.997666],[35.824856,40.962766],[35.927033,40.918779],[36.042527,40.902231],[36.152647,40.871229],[36.258325,40.832465],[36.367177,40.799211],[36.4782,40.770479],[36.58918,40.741757],[36.650778,40.725816]]}},{"type":"Feature","properties":{"average_dip":"(70.0,70.0,70.0)","average_rake":"(-177,-177.0,-177.0)","catalog_id":"ME_TRCS007","catalog_name":"EMME","epistemic_quality":"1","lower_seis_depth":"(16.0,,)","net_slip_rate":"None","slip_type":"Dextral","upper_seis_depth":"(0.0,,)"},"geometry":{"type":"LineString","coordinates":[[31.541616,40.684775],[31.589189,40.685763],[31.684143,40.697325],[31.791679,40.731199],[31.906345,40.746794],[32.01929,40.768522],[32.131657,40.792008],[32.24592,40.80961],[32.361163,40.823206],[32.475774,40.839675],[32.589225,40.860331],[32.704469,40.874345],[32.817286,40.897083],[32.932094,40.913271],[33.047776,40.925548],[33.161175,40.946835],[33.386673,41.011299],[33.483599,41.01925]]}},{"type":"Feature","properties":{"average_dip":"(78.0,78.0,78.0)","average_rake":"(180,180.0,180.0)","catalog_id":"ME_TRCS008","catalog_name":"EMME","epistemic_quality":"1","lower_seis_depth":"(18.0,,)","net_slip_rate":"(12.0,12.0,12.0)","slip_type":"Dextral","upper_seis_depth":"(0.0,,)"},"geometry":{"type":"LineString","coordinates":[[31.150511,40.594456],[31.175449,40.594729],[31.217643,40.603333],[31.268702,40.615481],[31.31976,40.627628],[31.368303,40.644751],[31.416846,40.661874],[31.463199,40.678224],[31.509552,40.694574]]}},{"type":"Feature","properties":{"average_dip":"(89.0,89.0,89.0)","average_rake":"(8,180.0,-163.0)","catalog_id":"ME_TRCS009","catalog_name":"EMME","epistemic_quality":"1","lower_seis_depth":"(18.0,,)","net_slip_rate":"(12.6,12.0,13.1899)","slip_type":"Dextral","upper_seis_depth":"(0.0,,)"},"geometry":{"type":"LineString","coordinates":[[30.417031,40.645341],[30.476308,40.633956],[30.535585,40.622571],[30.594843,40.61119],[30.654101,40.599809],[30.71334,40.588431],[30.772579,40.577053],[30.833562,40.574299],[30.894545,40.571544],[30.955598,40.573192],[31.016651,40.57484],[31.075674,40.585074],[31.134696,40.595308]]}},{"type":"Feature","properties":{"average_dip":"(64.0,64.0,64.0)","average_rake":"(-142,-171.0,-114.0)","catalog_id":"ME_TRCS010","catalog_name":"EMME","epistemic_quality":"1","lower_seis_depth":"(18.0,,)","net_slip_rate":"(19.3,12.1979,26.4108)","slip_type":"Dextral-Normal","upper_seis_depth":"(0.0,,)"},"geometry":{"type":"LineString","coordinates":[[30.943611,40.7546],[31.002434,40.754272],[31.061257,40.753943],[31.118674,40.76366],[31.176091,40.773377],[31.234925,40.774197],[31.293759,40.775016],[31.351207,40.765398],[31.408655,40.75578],[31.447892,40.74414],[31.487129,40.7325]]}},{"type":"Feature","properties":{"average_dip":"(84.0,83.0,85.0)","average_rake":"(26,180.0,-127.0)","catalog_id":"ME_TRCS012","catalog_name":"EMME","epistemic_quality":"1","lower_seis_depth":"(18.0,,)","net_slip_rate":"(10.7,1.4195,20.0489)","slip_type":"Dextral-Normal","upper_seis_depth":"(0.0,,)"},"geometry":{"type":"LineString","coordinates":[[29.3275,40.7259],[29.44555,40.72737],[29.563603,40.72884],[29.681251,40.736457],[29.791993,40.705459],[29.909753,40.71155],[30.026666,40.723943],[30.144715,40.725274],[30.262779,40.725372],[30.379942,40.714397],[30.497906,40.711151],[30.611161,40.685999],[30.728272,40.696986],[30.836032,40.733514],[30.923536,40.755293]]}},{"type":"Feature","properties":{"average_dip":"(56.5,35.0,78.0)","average_rake":"(12,180.0,-156.0)","catalog_id":"ME_TRCS013","catalog_name":"EMME","epistemic_quality":"1","lower_seis_depth":"(15.0,,)","net_slip_rate":"(21.4,15.0,27.9)","slip_type":"Dextral","upper_seis_depth":"(0.5,,)"},"geometry":{"type":"LineString","coordinates":[[28.0563,40.7968],[28.116661,40.807777],[28.177022,40.818754],[28.237518,40.829367],[28.298014,40.839979],[28.35958,40.846214],[28.421145,40.852448],[28.482832,40.858031],[28.544518,40.863614],[28.606536,40.866479],[28.668554,40.869343],[28.730577,40.872208],[28.7926,40.875073],[28.853591,40.866096],[28.914582,40.857118],[28.967916,40.833045],[29.02125,40.808972],[29.074556,40.784913],[29.127861,40.760853],[29.2279,40.7157]]}},{"type":"Feature","properties":{"average_dip":"(62.0,58.0,66.0)","average_rake":"(-156,-171.0,-142.0)","catalog_id":"ME_TRCS014","catalog_name":"EMME","epistemic_quality":"1","lower_seis_depth":"(18.0,,)","net_slip_rate":"(0.8,0.7,1.0)","slip_type":"Dextral-Normal","upper_seis_depth":"(0.0,,)"},"geometry":{"type":"LineString","coordinates":[[28.7511,40.7298],[28.806491,40.719904],[28.861882,40.710007],[28.898384,40.67693],[28.934885,40.643852],[28.991113,40.650216],[29.04734,40.656579],[29.103262,40.664388],[29.159184,40.672196],[29.215207,40.67964],[29.271229,40.687084],[29.326984,40.69565],[29.382739,40.704215],[29.42012,40.709958],[29.4575,40.7157]]}},{"type":"Feature","properties":{"average_dip":"(85.0,80.0,90.0)","average_rake":"(-146,-166.0,-126.0)","catalog_id":"ME_TRCS015","catalog_name":"EMME","epistemic_quality":"1","lower_seis_depth":"(18.0,,)","net_slip_rate":"(0.8,0.7,1.0)","slip_type":"Dextral-Normal","upper_seis_depth":"(0.0,,)"},"geometry":{"type":"LineString","coordinates":[[28.2957,40.7189],[28.345701,40.691778],[28.395702,40.664655],[28.445676,40.637548],[28.495651,40.61044],[28.545598,40.583347],[28.595546,40.556254],[28.654718,40.54396],[28.713889,40.531665],[28.769515,40.55133],[28.82514,40.570995],[28.880792,40.59067],[28.936444,40.610345],[28.986022,40.627873],[29.0356,40.6454]]}},{"type":"Feature","properties":{"average_dip":"(70.0,70.0,70.0)","average_rake":"(-143,-147.0,-140.0)","catalog_id":"ME_TRCS018","catalog_name":"EMME","epistemic_quality":"1","lower_seis_depth":"(18.0,,)","net_slip_rate":"(4.0,1.0,7.0)","slip_type":"Dextral-Normal","upper_seis_depth":"(0.5,,)"},"geometry":{"type":"LineString","coordinates":[[25.800556,40.245041],[25.829802,40.281409],[25.859048,40.317778],[25.89593,40.349879],[25.932812,40.38198],[25.981325,40.40333],[26.029838,40.424681],[26.076999,40.445437],[26.124159,40.466192]]}},{"type":"Feature","properties":{"average_dip":"(70.0,70.0,70.0)","average_rake":"(-174,-174.0,-174.0)","catalog_id":"ME_TRCS019","catalog_name":"EMME","epistemic_quality":"1","lower_seis_depth":"(18.0,,)","net_slip_rate":"(4.0,1.0,7.0)","slip_type":"Dextral","upper_seis_depth":"(0.5,,)"},"geometry":{"type":"LineString","coordinates":[[25.24364,40.13174],[25.297164,40.148294],[25.350688,40.164848],[25.404234,40.181409],[25.45778,40.197969],[25.511111,40.214976],[25.564442,40.231983],[25.619418,40.245658],[25.674394,40.259333],[25.728197,40.272717],[25.782,40.2861]]}},{"type":"Feature","properties":{"average_dip":"(75.0,65.0,85.0)","average_rake":"(17,180.0,-145.0)","catalog_id":"ME_TRCS022","catalog_name":"EMME","epistemic_quality":"1","lower_seis_depth":"(18.0,,)","net_slip_rate":"(6.4,4.8589,8.0)","slip_type":"Dextral","upper_seis_depth":"(0.0,,)"},"geometry":{"type":"LineString","coordinates":[[29.050486,40.424473],[29.169665,40.419589],[29.288836,40.414705],[29.40615,40.398109],[29.523769,40.382936],[29.642851,40.388236],[29.760863,40.401554],[29.878859,40.415078],[29.996691,40.42953],[30.114548,40.443985],[30.226439,40.475729],[30.342462,40.497385],[30.45852,40.519048],[30.574613,40.540718],[30.61799,40.556235],[30.680509,40.570695]]}},{"type":"Feature","properties":{"average_dip":"(85.0,85.0,85.0)","average_rake":"(17,180.0,-146.0)","catalog_id":"ME_TRCS023","catalog_name":"EMME","epistemic_quality":"1","lower_seis_depth":"(18.0,,)","net_slip_rate":"(5.3,5.3,5.388)","slip_type":"Dextral","upper_seis_depth":"(0.0,,)"},"geometry":{"type":"LineString","coordinates":[[27.957,40.4104],[28.013158,40.418471],[28.069315,40.426542],[28.125486,40.434615],[28.181656,40.442688],[28.23784,40.450763],[28.294023,40.458838],[28.350306,40.466558],[28.406589,40.474277],[28.463631,40.471099],[28.520673,40.467921],[28.577581,40.46362],[28.634488,40.459319],[28.691439,40.455416],[28.74839,40.451512],[28.804653,40.443785],[28.860915,40.436058],[28.914221,40.420367],[28.967527,40.404676],[29.0782,40.3946]]}},{"type":"Feature","properties":{"average_dip":"(67.0,49.0,85.0)","average_rake":"(180,180.0,180.0)","catalog_id":"ME_TRCS024","catalog_name":"EMME","epistemic_quality":"1","lower_seis_depth":"(18.0,,)","net_slip_rate":"(3.0,3.0,3.0)","slip_type":"Dextral","upper_seis_depth":"(0.0,,)"},"geometry":{"type":"LineString","coordinates":[[27.466,40.2715],[27.50564,40.270746],[27.545279,40.269991],[27.584919,40.269237],[27.622189,40.279586],[27.659459,40.289935],[27.696729,40.300284],[27.732543,40.313312],[27.768357,40.326339],[27.804171,40.339367],[27.857136,40.358634],[27.9101,40.3779]]}},{"type":"Feature","properties":{"average_dip":"(85.0,85.0,85.0)","average_rake":"(180,180.0,180.0)","catalog_id":"ME_TRCS025","catalog_name":"EMME","epistemic_quality":"1","lower_seis_depth":"(18.0,,)","net_slip_rate":"(3.0,3.0,3.0)","slip_type":"Dextral","upper_seis_depth":"(0.0,,)"},"geometry":{"type":"LineString","coordinates":[[27.2535,40.0667],[27.289802,40.084905],[27.326104,40.103109],[27.362406,40.121314],[27.399073,40.13912],[27.435741,40.156925],[27.472408,40.174731],[27.513054,40.186504],[27.5537,40.198277],[27.594346,40.21005],[27.634797,40.221767],[27.675249,40.233483],[27.7157,40.2452]]}},{"type":"Feature","properties":{"average_dip":"(85.0,85.0,85.0)","average_rake":"(7,180.0,-166.0)","catalog_id":"ME_TRCS027","catalog_name":"EMME","epistemic_quality":"1","lower_seis_depth":"(18.0,,)","net_slip_rate":"(3.6,3.0,4.124)","slip_type":"Dextral","upper_seis_depth":"(0.0,,)"},"geometry":{"type":"LineString","coordinates":[[26.139,39.7089],[26.194701,39.722835],[26.250402,39.736769],[26.306123,39.750709],[26.361844,39.764648],[26.417586,39.778593],[26.473328,39.792538],[26.52909,39.806488],[26.584852,39.820438],[26.626539,39.852145],[26.668225,39.883852],[26.718764,39.906798],[26.769303,39.929745],[26.822187,39.949392],[26.87507,39.969038],[26.930317,39.984456],[26.985564,39.999874],[27.038368,40.019731],[27.091172,40.039588],[27.1755,40.072]]}},{"type":"Feature","properties":{"average_dip":"(85.0,85.0,85.0)","average_rake":"(180,180.0,180.0)","catalog_id":"ME_TRCS028","catalog_name":"EMME","epistemic_quality":"1","lower_seis_depth":"(18.0,,)","net_slip_rate":"(3.4,3.4,3.4)","slip_type":"Dextral","upper_seis_depth":"(0.0,,)"},"geometry":{"type":"LineString","coordinates":[[29.447457,40.160877],[29.484755,40.173017],[29.522053,40.185158],[29.559351,40.197298],[29.596184,40.210274],[29.633016,40.22325],[29.669849,40.236226],[29.70493,40.251807],[29.74001,40.267387],[29.775091,40.282968],[29.810215,40.298524],[29.84534,40.314079],[29.880464,40.329635],[29.924709,40.351971],[29.968954,40.374307]]}},{"type":"Feature","properties":{"average_dip":"(50.0,50.0,50.0)","average_rake":"(-104,-104.0,-104.0)","catalog_id":"ME_TRCS029","catalog_name":"EMME","epistemic_quality":"1","lower_seis_depth":"(18.0,,)","net_slip_rate":"None","slip_type":"Normal","upper_seis_depth":"(0.0,,)"},"geometry":{"type":"LineString","coordinates":[[29.21268,40.170228],[29.168249,40.170312],[29.123817,40.170397],[29.079386,40.170481],[29.034955,40.170565],[28.990523,40.17065],[28.946092,40.170734],[28.901658,40.170818],[28.857223,40.170903],[28.812789,40.170987]]}},{"type":"Feature","properties":{"average_dip":"(40.0,40.0,40.0)","average_rake":"(-108,-108.0,-108.0)","catalog_id":"ME_TRCS030","catalog_name":"EMME","epistemic_quality":"1","lower_seis_depth":"(18.0,,)","net_slip_rate":"None","slip_type":"Normal","upper_seis_depth":"(1.0,,)"},"geometry":{"type":"LineString","coordinates":[[27.790159,40.115418],[27.820272,40.111046],[27.875743,40.102991],[27.931202,40.094939],[27.986661,40.086886],[28.042292,40.079618],[28.097923,40.07235],[28.153098,40.063315],[28.208273,40.05428],[28.263434,40.045247],[28.318595,40.036214],[28.373598,40.027207],[28.4286,40.0182]]}},{"type":"Feature","properties":{"average_dip":"(68.0,60.0,76.0)","average_rake":"(19,180.0,-142.0)","catalog_id":"ME_TRCS031","catalog_name":"EMME","epistemic_quality":"1","lower_seis_depth":"(18.0,,)","net_slip_rate":"(3.6,3.0,4.1306)","slip_type":"Dextral","upper_seis_depth":"(1.0,,)"},"geometry":{"type":"LineString","coordinates":[[27.04728,39.87995],[27.105238,39.890693],[27.163195,39.901436],[27.222531,39.906045],[27.281866,39.910654],[27.332976,39.934259],[27.384085,39.957864],[27.435221,39.981481],[27.486356,40.005097],[27.530259,40.03613],[27.574162,40.067163],[27.631869,40.079137],[27.689575,40.091111],[27.738078,40.101176],[27.763786,40.113361],[27.780415,40.117302]]}},{"type":"Feature","properties":{"average_dip":"(80.0,80.0,80.0)","average_rake":"(180,180.0,180.0)","catalog_id":"ME_TRCS032","catalog_name":"EMME","epistemic_quality":"1","lower_seis_depth":"(18.0,,)","net_slip_rate":"(2.0,2.0,2.0)","slip_type":"Dextral","upper_seis_depth":"(1.0,,)"},"geometry":{"type":"LineString","coordinates":[[27.4576,39.8971],[27.411085,39.873682],[27.36457,39.850263],[27.318077,39.826856],[27.271584,39.803448],[27.225113,39.780052],[27.178642,39.756656],[27.132194,39.733271],[27.085745,39.709886],[27.039319,39.686512],[26.931661,39.622815],[26.92086,39.616424],[26.848457,39.573586]]}},{"type":"Feature","properties":{"average_dip":"(60.0,60.0,60.0)","average_rake":"(-134,-164.0,-105.0)","catalog_id":"ME_TRCS033","catalog_name":"EMME","epistemic_quality":"1","lower_seis_depth":"(18.0,,)","net_slip_rate":"(3.9,3.6638,4.1633)","slip_type":"Dextral-Normal","upper_seis_depth":"(1.0,,)"},"geometry":{"type":"LineString","coordinates":[[25.4386,39.2214],[25.544532,39.261536],[25.649615,39.303083],[25.761956,39.331158],[25.873721,39.360678],[25.979516,39.401357],[26.084466,39.443416],[26.201428,39.457006],[26.312081,39.489347],[26.426623,39.512373],[26.538683,39.541885],[26.650786,39.571408],[26.761756,39.60347],[26.872464,39.63618]]}},{"type":"Feature","properties":{"average_dip":"(85.0,85.0,85.0)","average_rake":"(180,180.0,180.0)","catalog_id":"ME_TRCS038","catalog_name":"EMME","epistemic_quality":"1","lower_seis_depth":"(18.0,,)","net_slip_rate":"(5.3,5.3,5.3)","slip_type":"Dextral","upper_seis_depth":"(0.0,,)"},"geometry":{"type":"LineString","coordinates":[[29.215426,40.403475],[29.164676,40.394548],[29.113925,40.385621],[29.063187,40.376697],[29.01245,40.367772],[28.961725,40.35885],[28.911,40.349927]]}},{"type":"Feature","properties":{"average_dip":"(85.0,85.0,85.0)","average_rake":"(180,180.0,180.0)","catalog_id":"ME_TRCS039","catalog_name":"EMME","epistemic_quality":"1","lower_seis_depth":"(18.0,,)","net_slip_rate":"(3.4,3.4,3.4)","slip_type":"Dextral","upper_seis_depth":"(0.0,,)"},"geometry":{"type":"LineString","coordinates":[[29.586795,40.314221],[29.536795,40.290469],[29.486794,40.266716],[29.436818,40.242974],[29.386841,40.219232]]}},{"type":"Feature","properties":{"average_dip":"(85.0,85.0,85.0)","average_rake":"(180,180.0,180.0)","catalog_id":"ME_TRCS040","catalog_name":"EMME","epistemic_quality":"1","lower_seis_depth":"(18.0,,)","net_slip_rate":"(3.4,3.4,3.4)","slip_type":"Dextral","upper_seis_depth":"(0.0,,)"},"geometry":{"type":"LineString","coordinates":[[28.803114,40.190994],[28.765251,40.172123],[28.727388,40.153252],[28.689525,40.134381],[28.651684,40.115521],[28.613843,40.096662],[28.576002,40.077802],[28.538182,40.058952],[28.500363,40.040103],[28.462543,40.021253]]}},{"type":"Feature","properties":{"average_dip":"(50.0,50.0,50.0)","average_rake":"(-111,-111.0,-111.0)","catalog_id":"ME_TRCS041","catalog_name":"EMME","epistemic_quality":"1","lower_seis_depth":"(18.0,,)","net_slip_rate":"None","slip_type":"Normal","upper_seis_depth":"(0.0,,)"},"geometry":{"type":"LineString","coordinates":[[29.431945,40.192324],[29.38061,40.197191],[29.329274,40.202058],[29.27793,40.206926],[29.226585,40.211794]]}},{"type":"Feature","properties":{"average_dip":"(50.0,50.0,50.0)","average_rake":"(-111,-111.0,-111.0)","catalog_id":"ME_TRCS042","catalog_name":"EMME","epistemic_quality":"1","lower_seis_depth":"(18.0,,)","net_slip_rate":"None","slip_type":"Normal","upper_seis_depth":"(0.0,,)"},"geometry":{"type":"LineString","coordinates":[[29.348241,40.221132],[29.300641,40.232921],[29.25304,40.24471],[29.205424,40.256503],[29.157808,40.268295]]}},{"type":"Feature","properties":{"average_dip":"(80.0,80.0,80.0)","average_rake":"(-161,-161.0,-161.0)","catalog_id":"ME_TRCS044","catalog_name":"EMME","epistemic_quality":"1","lower_seis_depth":"(18.0,,)","net_slip_rate":"None","slip_type":"Dextral","upper_seis_depth":"(0.0,,)"},"geometry":{"type":"LineString","coordinates":[[29.573587,40.122883],[29.517912,40.132037],[29.462237,40.141191],[29.406548,40.150347],[29.350858,40.159504],[29.295151,40.168663],[29.239443,40.177823]]}},{"type":"Feature","properties":{"average_dip":"(86.0,86.0,86.0)","average_rake":"(0,0.0,0.0)","catalog_id":"ME_TRCS045","catalog_name":"EMME","epistemic_quality":"1","lower_seis_depth":"(20.0,,)","net_slip_rate":"(8.1,8.1,8.1)","slip_type":"Sinistral","upper_seis_depth":"(2.0,,)"},"geometry":{"type":"LineString","coordinates":[[40.89713,39.160715],[40.935945,39.186885],[40.97476,39.213054],[41.013592,39.239234],[41.052423,39.265415],[41.091271,39.291607],[41.130119,39.317799]]}},{"type":"Feature","properties":{"average_dip":"(86.0,86.0,86.0)","average_rake":"(0,0.0,0.0)","catalog_id":"ME_TRCS046","catalog_name":"EMME","epistemic_quality":"1","lower_seis_depth":"(20.0,,)","net_slip_rate":"(8.1,8.1,8.1)","slip_type":"Sinistral","upper_seis_depth":"(2.0,,)"},"geometry":{"type":"LineString","coordinates":[[40.531954,38.853486],[40.572524,38.881981],[40.613094,38.910476],[40.648184,38.943103],[40.683273,38.975729],[40.728294,38.999919],[40.773314,39.024108],[40.80101,39.060807],[40.828705,39.097505],[40.864341,39.124217],[40.899976,39.150928]]}},{"type":"Feature","properties":{"average_dip":"(69.5,53.0,86.0)","average_rake":"(26,0.0,53.0)","catalog_id":"ME_TRCS047","catalog_name":"EMME","epistemic_quality":"1","lower_seis_depth":"(20.0,,)","net_slip_rate":"(4.1,0.1,8.1)","slip_type":"Sinistral-Reverse","upper_seis_depth":"(0.0,,)"},"geometry":{"type":"LineString","coordinates":[[40.063362,38.737644],[40.123171,38.732065],[40.182979,38.726486],[40.242767,38.720826],[40.302554,38.715165],[40.362647,38.712142],[40.422739,38.709118],[40.479662,38.724474],[40.536584,38.739829],[40.588178,38.764109],[40.639772,38.788388],[40.679807,38.807228],[40.719843,38.826068]]}},{"type":"Feature","properties":{"average_dip":"(80.0,80.0,80.0)","average_rake":"(0,0.0,0.0)","catalog_id":"ME_TRCS049","catalog_name":"EMME","epistemic_quality":"1","lower_seis_depth":"(20.0,,)","net_slip_rate":"(10.0,10.0,10.0)","slip_type":"Sinistral","upper_seis_depth":"(0.0,,)"},"geometry":{"type":"LineString","coordinates":[[39.591964,38.557105],[39.633588,38.565903],[39.675213,38.574701],[39.716837,38.583499],[39.754814,38.599491],[39.792791,38.615484],[39.830768,38.631476],[39.867995,38.648545],[39.905223,38.665613],[39.94245,38.682682],[39.978247,38.699384],[40.014043,38.716087],[40.04984,38.732789]]}},{"type":"Feature","properties":{"average_dip":"(83.0,83.0,83.0)","average_rake":"(0,0.0,0.0)","catalog_id":"ME_TRCS051","catalog_name":"EMME","epistemic_quality":"1","lower_seis_depth":"(20.0,,)","net_slip_rate":"(10.0,10.0,10.0)","slip_type":"Sinistral","upper_seis_depth":"(0.0,,)"},"geometry":{"type":"LineString","coordinates":[[39.180743,38.38943],[39.231924,38.40826],[39.283104,38.42709],[39.334307,38.445928],[39.385509,38.464766],[39.436734,38.483612],[39.487958,38.502458],[39.539204,38.521312],[39.571246,38.532972],[39.601845,38.544303]]}},{"type":"Feature","properties":{"average_dip":"(85.0,80.0,90.0)","average_rake":"(0,0.0,0.0)","catalog_id":"ME_TRCS052","catalog_name":"EMME","epistemic_quality":"1","lower_seis_depth":"(20.0,,)","net_slip_rate":"(5.5,1.0,10.0)","slip_type":"Sinistral","upper_seis_depth":"(0.0,,)"},"geometry":{"type":"LineString","coordinates":[[38.522641,38.08495],[38.766909,38.198474],[38.798919,38.21852],[38.83093,38.238567],[38.863602,38.257973],[38.896273,38.277378],[38.928945,38.296784],[38.965974,38.310586],[39.003003,38.324387],[39.040032,38.338189],[39.095567,38.3473],[39.151101,38.356411]]}},{"type":"Feature","properties":{"average_dip":"(85.0,80.0,90.0)","average_rake":"(0,0.0,0.0)","catalog_id":"ME_TRCS054","catalog_name":"EMME","epistemic_quality":"1","lower_seis_depth":"(20.0,,)","net_slip_rate":"(5.5,1.0,9.9)","slip_type":"Sinistral","upper_seis_depth":"(0.0,,)"},"geometry":{"type":"LineString","coordinates":[[37.866327,37.883326],[37.909675,37.880462],[37.967995,37.893588],[38.016651,37.929307],[38.095176,37.952655],[38.156933,37.947853],[38.192477,37.961915]]}},{"type":"Feature","properties":{"average_dip":"(80.0,80.0,80.0)","average_rake":"(0,0.0,0.0)","catalog_id":"ME_TRCS055","catalog_name":"EMME","epistemic_quality":"1","lower_seis_depth":"(20.0,,)","net_slip_rate":"(9.9,9.9,9.9)","slip_type":"Sinistral","upper_seis_depth":"(0.0,,)"},"geometry":{"type":"LineString","coordinates":[[36.982937,37.465012],[37.03861,37.481945],[37.094282,37.498878],[37.149977,37.515818],[37.205671,37.532758],[37.258803,37.554304],[37.311934,37.57585],[37.362233,37.60135],[37.412532,37.62685],[37.456301,37.659065],[37.500071,37.691279],[37.543316,37.723107],[37.586561,37.754935]]}},{"type":"Feature","properties":{"average_dip":"(80.0,80.0,80.0)","average_rake":"(-40,-40.0,-40.0)","catalog_id":"ME_TRCS056","catalog_name":"EMME","epistemic_quality":"1","lower_seis_depth":"(18.0,,)","net_slip_rate":"(6.8,6.5,7.1)","slip_type":"Sinistral-Normal","upper_seis_depth":"(0.0,,)"},"geometry":{"type":"LineString","coordinates":[[36.358333,36.570569],[36.418277,36.644569],[36.473138,36.721091],[36.515785,36.802477],[36.560409,36.883198],[36.596277,36.966679],[36.627468,37.051358],[36.674217,37.131363],[36.741986,37.20118],[36.78878,37.281203],[36.835583,37.361241],[36.882394,37.441294],[36.89442,37.461859]]}},{"type":"Feature","properties":{"average_dip":"(40.5,38.0,43.0)","average_rake":"(-50,-52.0,-49.0)","catalog_id":"ME_TRCS057","catalog_name":"EMME","epistemic_quality":"1","lower_seis_depth":"(17.5,,)","net_slip_rate":"(2.7,1.0,4.4219)","slip_type":"Sinistral-Normal","upper_seis_depth":"(0.0,,)"},"geometry":{"type":"LineString","coordinates":[[35.902475,35.942201],[35.935704,35.973085],[35.968932,36.003969],[36.004555,36.033073],[36.040177,36.062177],[36.076986,36.090322],[36.113794,36.118467],[36.138949,36.154025],[36.164104,36.189582],[36.184604,36.21834],[36.205103,36.247098]]}},{"type":"Feature","properties":{"average_dip":"(69.0,58.0,80.0)","average_rake":"(-27,-29.0,-25.0)","catalog_id":"ME_TRCS059","catalog_name":"EMME","epistemic_quality":"1","lower_seis_depth":"(18.0,,)","net_slip_rate":"(3.0,1.0,4.9043)","slip_type":"Sinistral-Normal","upper_seis_depth":"(0.0,,)"},"geometry":{"type":"LineString","coordinates":[[36.791919,36.782253],[36.749223,36.752326],[36.706526,36.722398],[36.66922,36.688178],[36.631914,36.653958],[36.619183,36.609668],[36.606452,36.565378],[36.593722,36.521091],[36.580992,36.476804],[36.568263,36.43252]]}},{"type":"Feature","properties":{"average_dip":"(80.0,80.0,80.0)","average_rake":"(180,180.0,180.0)","catalog_id":"ME_TRCS060","catalog_name":"EMME","epistemic_quality":"1","lower_seis_depth":"(18.0,,)","net_slip_rate":"(1.0,0.5,1.5)","slip_type":"Dextral","upper_seis_depth":"(0.0,,)"},"geometry":{"type":"LineString","coordinates":[[36.7555,36.2157],[36.717855,36.221666],[36.68021,36.227632],[36.642565,36.233598],[36.60491,36.239565],[36.567255,36.245533],[36.5296,36.2515]]}},{"type":"Feature","properties":{"average_dip":"(85.0,80.0,90.0)","average_rake":"(0,0.0,0.0)","catalog_id":"ME_TRCS062","catalog_name":"EMME","epistemic_quality":"1","lower_seis_depth":"(20.0,,)","net_slip_rate":"(5.5,1.0,9.9)","slip_type":"Sinistral","upper_seis_depth":"(0.0,,)"},"geometry":{"type":"LineString","coordinates":[[37.644122,37.806106],[37.688647,37.827082],[37.733171,37.848057],[37.770968,37.876105],[37.808764,37.904154],[37.856188,37.920806],[37.903612,37.937458],[37.942318,37.948582],[37.981024,37.959706]]}},{"type":"Feature","properties":{"average_dip":"(80.0,80.0,80.0)","average_rake":"(-40,-40.0,-40.0)","catalog_id":"ME_TRCS064","catalog_name":"EMME","epistemic_quality":"1","lower_seis_depth":"(18.0,,)","net_slip_rate":"(6.8,6.5,7.1)","slip_type":"Sinistral-Normal","upper_seis_depth":"(0.0,,)"},"geometry":{"type":"LineString","coordinates":[[35.90824,36.072221],[35.943741,36.105209],[35.979242,36.138197],[36.014756,36.171197],[36.05027,36.204197],[36.085797,36.237209],[36.121324,36.270221],[36.156864,36.303245],[36.192403,36.336269],[36.227956,36.369305],[36.263508,36.40234],[36.279281,36.444171],[36.295054,36.486003],[36.331463,36.51848],[36.367872,36.550956]]}},{"type":"Feature","properties":{"average_dip":"(58.0,58.0,58.0)","average_rake":"(-29,-29.0,-29.0)","catalog_id":"ME_TRCS065","catalog_name":"EMME","epistemic_quality":"1","lower_seis_depth":"(18.0,,)","net_slip_rate":"(3.0,1.0,4.9043)","slip_type":"Sinistral-Normal","upper_seis_depth":"(0.0,,)"},"geometry":{"type":"LineString","coordinates":[[37.061982,37.050842],[37.026584,37.04008],[36.991185,37.029317],[36.955787,37.018555],[36.920402,37.007797],[36.885016,36.997038],[36.849631,36.98628],[36.814259,36.975526],[36.778887,36.964771],[36.743515,36.954017],[36.708153,36.943266],[36.672792,36.932514],[36.63743,36.921763]]}},{"type":"Feature","properties":{"average_dip":"(58.0,58.0,58.0)","average_rake":"(-29,-29.0,-29.0)","catalog_id":"ME_TRCS066","catalog_name":"EMME","epistemic_quality":"1","lower_seis_depth":"(18.0,,)","net_slip_rate":"(3.0,1.0,4.9043)","slip_type":"Sinistral-Normal","upper_seis_depth":"(0.0,,)"},"geometry":{"type":"LineString","coordinates":[[37.025482,36.854785],[36.977893,36.840967],[36.930305,36.827148],[36.882731,36.813333],[36.835157,36.799518]]}},{"type":"Feature","properties":{"average_dip":"(80.0,80.0,80.0)","average_rake":"(168,157.0,180.0)","catalog_id":"ME_TRCS068","catalog_name":"EMME","epistemic_quality":"1","lower_seis_depth":"(20.0,,)","net_slip_rate":"(1.8,0.5,3.0)","slip_type":"Dextral","upper_seis_depth":"(0.0,,)"},"geometry":{"type":"LineString","coordinates":[[42.215052,39.782894],[42.273218,39.766662],[42.331384,39.750429],[42.38998,39.735202],[42.448576,39.719974],[42.508892,39.709516],[42.569207,39.699058],[42.626236,39.680728],[42.683264,39.662397],[42.734037,39.635315],[42.791856,39.61366],[42.846578,39.583628],[42.898658,39.554953],[42.979608,39.484319],[43.013885,39.447499]]}},{"type":"Feature","properties":{"average_dip":"(80.0,80.0,80.0)","average_rake":"(157,157.0,157.0)","catalog_id":"ME_TRCS070","catalog_name":"EMME","epistemic_quality":"1","lower_seis_depth":"(20.0,,)","net_slip_rate":"(1.8,0.5,3.0)","slip_type":"Dextral-Reverse","upper_seis_depth":"(0.0,,)"},"geometry":{"type":"LineString","coordinates":[[43.051907,39.392888],[43.060511,39.351844],[43.108033,39.31352],[43.184719,39.264733],[43.262239,39.229286]]}},{"type":"Feature","properties":{"average_dip":"(55.0,55.0,55.0)","average_rake":"(31,18.0,45.0)","catalog_id":"ME_TRCS071","catalog_name":"EMME","epistemic_quality":"1","lower_seis_depth":"(18.0,,)","net_slip_rate":"(3.4,3.0,3.868)","slip_type":"Sinistral-Reverse","upper_seis_depth":"(0.0,,)"},"geometry":{"type":"LineString","coordinates":[[36.8201,37.5968],[36.873426,37.60047],[36.926753,37.60414],[36.980085,37.607811],[37.033416,37.611481],[37.086653,37.615976],[37.139889,37.620471],[37.183494,37.640836],[37.2271,37.6612]]}},{"type":"Feature","properties":{"average_dip":"(49.0,49.0,49.0)","average_rake":"(33,19.0,47.0)","catalog_id":"ME_TRCS073","catalog_name":"EMME","epistemic_quality":"1","lower_seis_depth":"(20.0,,)","net_slip_rate":"(2.5,1.0,4.0028)","slip_type":"Sinistral-Reverse","upper_seis_depth":"(0.0,,)"},"geometry":{"type":"LineString","coordinates":[[37.478246,37.967678],[37.5316,37.964803],[37.583633,37.970606],[37.629773,37.984945],[37.674591,38.007963],[37.727655,38.013412],[37.780719,38.01886],[37.834185,38.020721],[37.887651,38.022583],[37.940487,38.015886],[37.993323,38.009189],[38.04447,37.999436],[38.098257,37.993847],[38.147005,37.993845],[38.174798,37.996892],[38.190469,37.998007]]}},{"type":"Feature","properties":{"average_dip":"(78.0,78.0,78.0)","average_rake":"(180,180.0,180.0)","catalog_id":"ME_TRCS074","catalog_name":"EMME","epistemic_quality":"1","lower_seis_depth":"(20.0,,)","net_slip_rate":"(1.8,0.5,3.0)","slip_type":"Dextral","upper_seis_depth":"(0.0,,)"},"geometry":{"type":"LineString","coordinates":[[41.505929,39.865817],[41.658725,39.879436],[41.755104,39.84376],[41.866826,39.820191],[42.010192,39.773647],[42.05206,39.712038],[42.155943,39.668413],[42.27403,39.662905],[42.385469,39.6324],[42.488991,39.592961],[42.534089,39.550585]]}},{"type":"Feature","properties":{"average_dip":"(85.0,85.0,85.0)","average_rake":"(0,0.0,0.0)","catalog_id":"ME_TRCS075","catalog_name":"EMME","epistemic_quality":"1","lower_seis_depth":"(20.0,,)","net_slip_rate":"(1.0,0.5,1.5)","slip_type":"Sinistral","upper_seis_depth":"(0.0,,)"},"geometry":{"type":"LineString","coordinates":[[41.8572,39.9352],[41.914277,39.950054],[41.971353,39.964908],[42.028452,39.979769],[42.08555,39.994629],[42.142671,40.009495],[42.199792,40.02436],[42.256935,40.039232],[42.314078,40.054103],[42.371244,40.06898],[42.428409,40.083858],[42.485597,40.098742],[42.542785,40.113625],[42.599996,40.128514],[42.657206,40.143403],[42.714453,40.158302],[42.7717,40.1732]]}},{"type":"Feature","properties":{"average_dip":"(85.0,85.0,85.0)","average_rake":"(0,0.0,0.0)","catalog_id":"ME_TRCS076","catalog_name":"EMME","epistemic_quality":"1","lower_seis_depth":"(20.0,,)","net_slip_rate":"(1.0,0.5,1.5)","slip_type":"Sinistral","upper_seis_depth":"(2.0,,)"},"geometry":{"type":"LineString","coordinates":[[42.905,40.2602],[42.848381,40.245856],[42.791762,40.231511],[42.735411,40.216613],[42.67906,40.201716],[42.623901,40.184464],[42.568741,40.167212],[42.511497,40.154593],[42.454252,40.141974],[42.400171,40.122914],[42.346089,40.103854],[42.290608,40.08737],[42.235126,40.070886],[42.180813,40.055393],[42.1265,40.0399]]}},{"type":"Feature","properties":{"average_dip":"(90.0,90.0,90.0)","average_rake":"(0,0.0,0.0)","catalog_id":"ME_TRCS077","catalog_name":"EMME","epistemic_quality":"1","lower_seis_depth":"(15.0,,)","net_slip_rate":"(2.5,2.0,3.0)","slip_type":"Sinistral","upper_seis_depth":"(0.0,,)"},"geometry":{"type":"LineString","coordinates":[[43.14452,40.197469],[43.089784,40.175304],[43.035048,40.15314],[42.98034,40.130987],[42.925632,40.108833],[42.871495,40.085925],[42.817357,40.063016],[42.76119,40.043233],[42.705023,40.02345],[42.648618,40.004122],[42.592213,39.984794],[42.535835,39.965475],[42.479456,39.946156],[42.430098,39.917744],[42.380739,39.889332],[42.322767,39.873182],[42.264794,39.857031],[42.210258,39.841838],[42.155721,39.826644]]}},{"type":"Feature","properties":{"average_dip":"(87.5,85.0,90.0)","average_rake":"(0,0.0,0.0)","catalog_id":"ME_TRCS078","catalog_name":"EMME","epistemic_quality":"1","lower_seis_depth":"(15.0,,)","net_slip_rate":"(2.0,1.0,3.0)","slip_type":"Sinistral","upper_seis_depth":"(1.0,,)"},"geometry":{"type":"LineString","coordinates":[[43.859425,40.848413],[43.832081,40.809344],[43.804736,40.770274],[43.777399,40.731215],[43.750061,40.692155],[43.722731,40.653105],[43.6954,40.614056],[43.664752,40.576469],[43.634104,40.538881],[43.559414,40.493465],[43.381898,40.36241],[43.34269,40.349727],[43.250985,40.305122],[43.188265,40.241081]]}},{"type":"Feature","properties":{"average_dip":"(85.0,85.0,85.0)","average_rake":"(0,0.0,0.0)","catalog_id":"ME_TRCS079","catalog_name":"EMME","epistemic_quality":"1","lower_seis_depth":"(15.0,,)","net_slip_rate":"(2.5,2.0,3.0)","slip_type":"Sinistral","upper_seis_depth":"(1.0,,)"},"geometry":{"type":"LineString","coordinates":[[43.098806,40.161968],[43.156808,40.161698],[43.224338,40.15182],[43.301256,40.122773],[43.450746,40.098169],[43.60493,40.06398],[43.686333,40.011005]]}},{"type":"Feature","properties":{"average_dip":"(85.0,85.0,85.0)","average_rake":"(0,0.0,0.0)","catalog_id":"ME_TRCS080","catalog_name":"EMME","epistemic_quality":"1","lower_seis_depth":"(20.0,,)","net_slip_rate":"(0.8,0.5,1.0)","slip_type":"Sinistral","upper_seis_depth":"(2.0,,)"},"geometry":{"type":"LineString","coordinates":[[42.611344,39.19202],[42.609085,39.157485],[42.606825,39.12295],[42.604566,39.088415],[42.585445,39.05813],[42.566323,39.027845],[42.547202,38.99756]]}},{"type":"Feature","properties":{"average_dip":"(87.5,85.0,90.0)","average_rake":"(0,0.0,0.0)","catalog_id":"ME_TRCS081","catalog_name":"EMME","epistemic_quality":"1","lower_seis_depth":"(20.0,,)","net_slip_rate":"(1.8,0.5,3.0)","slip_type":"Sinistral","upper_seis_depth":"(1.0,,)"},"geometry":{"type":"LineString","coordinates":[[42.34124,39.456558],[42.314563,39.417337],[42.287886,39.378115],[42.234967,39.361114],[42.182049,39.344113],[42.125416,39.337443],[42.068783,39.330772],[42.012161,39.324103],[41.955538,39.317433],[41.899561,39.308098],[41.843584,39.298763],[41.799249,39.270745],[41.754913,39.242726],[41.708152,39.217219],[41.66139,39.191712],[41.609594,39.185996],[41.557797,39.180279]]}},{"type":"Feature","properties":{"average_dip":"(81.0,81.0,81.0)","average_rake":"(8,8.0,8.0)","catalog_id":"ME_TRCS082","catalog_name":"EMME","epistemic_quality":"1","lower_seis_depth":"(20.0,,)","net_slip_rate":"(0.8,0.5,1.0)","slip_type":"Sinistral","upper_seis_depth":"(0.0,,)"},"geometry":{"type":"LineString","coordinates":[[42.128922,40.189764],[42.163642,40.225995],[42.202241,40.259887],[42.240839,40.293778],[42.279649,40.327553],[42.318459,40.361328],[42.360376,40.392902],[42.402293,40.424476],[42.443704,40.456464],[42.485116,40.488452],[42.53634,40.510801],[42.587565,40.533149],[42.638212,40.55629],[42.68886,40.57943],[42.739534,40.602582],[42.790207,40.625734],[42.832871,40.645227]]}},{"type":"Feature","properties":{"average_dip":"(81.0,81.0,81.0)","average_rake":"(8,8.0,8.0)","catalog_id":"ME_TRCS083","catalog_name":"EMME","epistemic_quality":"1","lower_seis_depth":"(20.0,,)","net_slip_rate":"(1.5,1.0,2.0)","slip_type":"Sinistral","upper_seis_depth":"(2.0,,)"},"geometry":{"type":"LineString","coordinates":[[41.744862,39.974508],[41.812105,39.990997],[41.880002,40.044878],[41.919156,40.075724],[41.961941,40.103633],[42.004726,40.131542],[42.043938,40.160297],[42.08315,40.189052]]}},{"type":"Feature","properties":{"average_dip":"(80.0,70.0,90.0)","average_rake":"(0,0.0,0.0)","catalog_id":"ME_TRCS084","catalog_name":"EMME","epistemic_quality":"1","lower_seis_depth":"(20.0,,)","net_slip_rate":"(2.5,2.0,3.0)","slip_type":"Sinistral","upper_seis_depth":"(2.0,,)"},"geometry":{"type":"LineString","coordinates":[[41.0576,39.758],[41.151624,39.810025],[41.245695,39.862076],[41.339813,39.914153],[41.433978,39.966256],[41.496766,40.041182],[41.550372,40.120206],[41.603991,40.199249],[41.661197,40.276839],[41.718584,40.354379],[41.781837,40.429255],[41.865807,40.491268],[41.944475,40.557234],[42.032744,40.608489],[42.084585,40.654084]]}},{"type":"Feature","properties":{"average_dip":"(81.0,81.0,81.0)","average_rake":"(0,0.0,0.0)","catalog_id":"ME_TRCS085","catalog_name":"EMME","epistemic_quality":"1","lower_seis_depth":"(20.0,,)","net_slip_rate":"(1.0,0.5,1.5)","slip_type":"Sinistral","upper_seis_depth":"(0.0,,)"},"geometry":{"type":"LineString","coordinates":[[41.928086,40.486685],[41.981258,40.513367],[42.03443,40.540048],[42.073881,40.578104],[42.113332,40.616159],[42.14807,40.6568],[42.182807,40.697441],[42.227943,40.731739],[42.273078,40.766036],[42.318237,40.800351],[42.363395,40.834666],[42.399109,40.861805],[42.434823,40.888943]]}},{"type":"Feature","properties":{"average_dip":"(81.0,81.0,81.0)","average_rake":"(0,0.0,0.0)","catalog_id":"ME_TRCS086","catalog_name":"EMME","epistemic_quality":"1","lower_seis_depth":"(20.0,,)","net_slip_rate":"(0.6,0.25,1.0)","slip_type":"Sinistral","upper_seis_depth":"(2.0,,)"},"geometry":{"type":"LineString","coordinates":[[41.785071,40.195347],[41.821332,40.226472],[41.857593,40.257597],[41.885652,40.293336],[41.913711,40.329075],[41.930921,40.368614],[41.94813,40.408152],[41.968153,40.445309],[41.994339,40.479785],[42.026847,40.511597]]}},{"type":"Feature","properties":{"average_dip":"(81.0,81.0,81.0)","average_rake":"(0,0.0,0.0)","catalog_id":"ME_TRCS087","catalog_name":"EMME","epistemic_quality":"1","lower_seis_depth":"(20.0,,)","net_slip_rate":"(0.5,0.25,0.75)","slip_type":"Sinistral","upper_seis_depth":"(2.0,,)"},"geometry":{"type":"LineString","coordinates":[[41.889979,40.370997],[41.848508,40.348827],[41.807038,40.326657],[41.765585,40.304497],[41.724132,40.282337]]}},{"type":"Feature","properties":{"average_dip":"(90.0,90.0,90.0)","average_rake":"(180,180.0,180.0)","catalog_id":"ME_TRCS088","catalog_name":"EMME","epistemic_quality":"1","lower_seis_depth":"(20.0,,)","net_slip_rate":"(1.8,0.5,3.0)","slip_type":"Dextral","upper_seis_depth":"(1.0,,)"},"geometry":{"type":"LineString","coordinates":[[41.862477,39.160525],[41.917053,39.164294],[41.971629,39.168062],[42.026211,39.171831],[42.080792,39.1756],[42.133846,39.164989],[42.1869,39.154378],[42.241586,39.151872],[42.296271,39.149367],[42.35104,39.150224],[42.405809,39.151081],[42.459631,39.151924],[42.513453,39.152767]]}},{"type":"Feature","properties":{"average_dip":"(83.5,77.0,90.0)","average_rake":"(1,0.0,3.0)","catalog_id":"ME_TRCS089","catalog_name":"EMME","epistemic_quality":"1","lower_seis_depth":"(20.0,,)","net_slip_rate":"(1.5,1.0,2.0)","slip_type":"Sinistral","upper_seis_depth":"(0.0,,)"},"geometry":{"type":"LineString","coordinates":[[43.028981,40.859036],[43.042919,40.891176],[43.056856,40.923315],[43.070794,40.955455],[43.092236,40.985153],[43.113679,41.014852],[43.135121,41.04455],[43.173463,41.058691],[43.211806,41.072833],[43.250148,41.086974]]}},{"type":"Feature","properties":{"average_dip":"(85.0,85.0,85.0)","average_rake":"(180,180.0,180.0)","catalog_id":"ME_TRCS090","catalog_name":"EMME","epistemic_quality":"1","lower_seis_depth":"(20.0,,)","net_slip_rate":"(1.0,0.7,1.3)","slip_type":"Dextral","upper_seis_depth":"(1.0,,)"},"geometry":{"type":"LineString","coordinates":[[44.090583,39.405821],[43.9772,39.477785],[43.921597,39.519558],[43.834125,39.584655],[43.721402,39.619911],[43.633499,39.684762],[43.533749,39.738596],[43.421349,39.722113],[43.325297,39.825494],[43.251959,39.925552],[43.149731,40.051479]]}},{"type":"Feature","properties":{"average_dip":"(85.0,85.0,85.0)","average_rake":"(180,180.0,180.0)","catalog_id":"ME_TRCS091","catalog_name":"EMME","epistemic_quality":"1","lower_seis_depth":"(20.0,,)","net_slip_rate":"(0.8,0.7,1.0)","slip_type":"Dextral","upper_seis_depth":"(2.0,,)"},"geometry":{"type":"LineString","coordinates":[[43.399131,39.982765],[43.494049,39.839764],[43.54406,39.781745],[43.607074,39.746979]]}},{"type":"Feature","properties":{"average_dip":"(85.0,85.0,85.0)","average_rake":"(180,180.0,180.0)","catalog_id":"ME_TRCS092","catalog_name":"EMME","epistemic_quality":"1","lower_seis_depth":"(20.0,,)","net_slip_rate":"(0.8,0.7,1.0)","slip_type":"Dextral","upper_seis_depth":"(2.0,,)"},"geometry":{"type":"LineString","coordinates":[[43.777118,39.706469],[43.730494,39.713533],[43.683869,39.720596],[43.637234,39.727662],[43.590598,39.734727]]}},{"type":"Feature","properties":{"average_dip":"(50.0,50.0,50.0)","average_rake":"(158,158.0,158.0)","catalog_id":"ME_TRCS093","catalog_name":"EMME","epistemic_quality":"1","lower_seis_depth":"(20.0,,)","net_slip_rate":"(0.8,0.7,1.0)","slip_type":"Dextral","upper_seis_depth":"(1.0,,)"},"geometry":{"type":"LineString","coordinates":[[44.641608,39.158904],[44.254794,39.420648],[44.212172,39.450333],[44.175294,39.484322],[44.138415,39.51831],[44.09456,39.546975],[44.050705,39.575639],[44.000998,39.597961],[43.951291,39.620282],[43.905183,39.64683],[43.859075,39.673378],[43.819755,39.696327],[43.780435,39.719276]]}},{"type":"Feature","properties":{"average_dip":"(85.0,85.0,85.0)","average_rake":"(180,180.0,180.0)","catalog_id":"ME_TRCS094","catalog_name":"EMME","epistemic_quality":"1","lower_seis_depth":"(20.0,,)","net_slip_rate":"(0.8,0.7,1.0)","slip_type":"Dextral","upper_seis_depth":"(1.0,,)"},"geometry":{"type":"LineString","coordinates":[[44.0482,39.8254],[44.019132,39.862738],[43.990063,39.900075],[43.95546,39.934541],[43.920857,39.969007],[43.889933,40.005489],[43.859009,40.041971],[43.828568,40.077884],[43.798126,40.113797]]}},{"type":"Feature","properties":{"average_dip":"(85.0,85.0,85.0)","average_rake":"(180,180.0,180.0)","catalog_id":"ME_TRCS095","catalog_name":"EMME","epistemic_quality":"1","lower_seis_depth":"(20.0,,)","net_slip_rate":"(0.8,0.7,1.0)","slip_type":"Dextral","upper_seis_depth":"(2.0,,)"},"geometry":{"type":"LineString","coordinates":[[43.9461,39.8452],[43.980599,39.818797],[44.015097,39.792393],[44.049584,39.765999],[44.08407,39.739605]]}},{"type":"Feature","properties":{"average_dip":"(85.0,85.0,85.0)","average_rake":"(180,180.0,180.0)","catalog_id":"ME_TRCS096","catalog_name":"EMME","epistemic_quality":"1","lower_seis_depth":"(20.0,,)","net_slip_rate":"(0.8,0.7,1.0)","slip_type":"Dextral","upper_seis_depth":"(1.0,,)"},"geometry":{"type":"LineString","coordinates":[[44.559329,39.295667],[44.456499,39.383625],[44.415798,39.41385],[44.37511,39.444115],[44.334421,39.474379],[44.30197,39.510107],[44.269518,39.545834],[44.237144,39.58162],[44.204769,39.617406],[44.172385,39.653203],[44.14,39.689]]}},{"type":"Feature","properties":{"average_dip":"(85.0,85.0,85.0)","average_rake":"(180,180.0,180.0)","catalog_id":"ME_TRCS097","catalog_name":"EMME","epistemic_quality":"1","lower_seis_depth":"(20.0,,)","net_slip_rate":"(1.8,0.5,3.0)","slip_type":"Dextral","upper_seis_depth":"(2.0,,)"},"geometry":{"type":"LineString","coordinates":[[43.324218,39.214764],[43.353396,39.182489],[43.382566,39.150224],[43.411735,39.117959],[43.440895,39.085704],[43.470055,39.053448],[43.499207,39.021202],[43.550944,38.986132]]}},{"type":"Feature","properties":{"average_dip":"(85.0,85.0,85.0)","average_rake":"(180,180.0,180.0)","catalog_id":"ME_TRCS098","catalog_name":"EMME","epistemic_quality":"1","lower_seis_depth":"(20.0,,)","net_slip_rate":"(1.8,0.5,3.0)","slip_type":"Dextral","upper_seis_depth":"(2.0,,)"},"geometry":{"type":"LineString","coordinates":[[43.90756,38.690629],[43.787449,38.820694],[43.763323,38.846305],[43.739198,38.871915],[43.716359,38.898245],[43.69352,38.924576],[43.670681,38.950906],[43.642545,38.973944],[43.603117,38.982865]]}},{"type":"Feature","properties":{"average_dip":"(85.0,85.0,85.0)","average_rake":"(180,180.0,180.0)","catalog_id":"ME_TRCS099","catalog_name":"EMME","epistemic_quality":"1","lower_seis_depth":"(20.0,,)","net_slip_rate":"(0.8,0.7,1.0)","slip_type":"Dextral","upper_seis_depth":"(2.0,,)"},"geometry":{"type":"LineString","coordinates":[[44.284536,38.73073],[44.257986,38.765828],[44.231435,38.800926],[44.193403,38.828901],[44.15537,38.856876],[44.123292,38.889079],[44.091214,38.921282],[44.048306,38.944667],[44.005399,38.968053],[43.960707,38.992412]]}},{"type":"Feature","properties":{"average_dip":"(85.0,85.0,85.0)","average_rake":"(0,0.0,0.0)","catalog_id":"ME_TRCS100","catalog_name":"EMME","epistemic_quality":"1","lower_seis_depth":"(20.0,,)","net_slip_rate":"(1.0,0.5,1.5)","slip_type":"Sinistral","upper_seis_depth":"(2.0,,)"},"geometry":{"type":"LineString","coordinates":[[42.73366,38.798674],[42.772955,38.828182],[42.81225,38.85769],[42.858059,38.880845],[42.903868,38.904],[42.948578,38.925826],[42.993287,38.947651]]}},{"type":"Feature","properties":{"average_dip":"(85.0,85.0,85.0)","average_rake":"(0,0.0,0.0)","catalog_id":"ME_TRCS101","catalog_name":"EMME","epistemic_quality":"1","lower_seis_depth":"(20.0,,)","net_slip_rate":"(1.0,0.5,1.5)","slip_type":"Sinistral","upper_seis_depth":"(2.0,,)"},"geometry":{"type":"LineString","coordinates":[[43.153987,39.128802],[43.126223,39.088865],[43.070169,39.061144],[43.037433,39.036541],[43.004696,39.011937],[42.971977,38.987346]]}},{"type":"Feature","properties":{"average_dip":"(87.5,85.0,90.0)","average_rake":"(180,180.0,180.0)","catalog_id":"ME_TRCS103","catalog_name":"EMME","epistemic_quality":"1","lower_seis_depth":"(20.0,,)","net_slip_rate":"(2.0,1.0,3.0)","slip_type":"Dextral","upper_seis_depth":"(0.0,,)"},"geometry":{"type":"LineString","coordinates":[[44.033494,37.633959],[44.090275,37.589253],[44.167026,37.527588],[44.262151,37.485046],[44.357548,37.442961],[44.44919,37.39598],[44.531666,37.339341],[44.611568,37.28047],[44.692161,37.222254],[44.75994,37.154514],[44.840436,37.09633],[44.924766,37.041766],[45.038494,36.912597],[45.082007,36.811299],[45.090558,36.693894]]}},{"type":"Feature","properties":{"average_dip":"(85.0,85.0,85.0)","average_rake":"(180,180.0,180.0)","catalog_id":"ME_TRCS104","catalog_name":"EMME","epistemic_quality":"1","lower_seis_depth":"(10.0,,)","net_slip_rate":"(0.6,0.25,1.0)","slip_type":"Dextral","upper_seis_depth":"(3.0,,)"},"geometry":{"type":"LineString","coordinates":[[44.682895,37.444019],[44.575603,37.459065],[44.518961,37.47084],[44.474109,37.47662],[44.410309,37.498937],[44.367145,37.524843],[44.323163,37.549899]]}},{"type":"Feature","properties":{"average_dip":"(85.0,85.0,85.0)","average_rake":"(180,180.0,180.0)","catalog_id":"ME_TRCS105","catalog_name":"EMME","epistemic_quality":"1","lower_seis_depth":"(20.0,,)","net_slip_rate":"(0.6,0.25,1.0)","slip_type":"Dextral","upper_seis_depth":"(3.0,,)"},"geometry":{"type":"LineString","coordinates":[[44.002809,37.693977],[43.950089,37.702742],[43.895608,37.691995],[43.841996,37.706339],[43.791906,37.729039],[43.73916,37.737808],[43.686413,37.746576]]}},{"type":"Feature","properties":{"average_dip":"(70.0,70.0,70.0)","average_rake":"(-8,-16.0,0.0)","catalog_id":"ME_TRCS106","catalog_name":"EMME","epistemic_quality":"1","lower_seis_depth":"(20.0,,)","net_slip_rate":"(2.1,1.0,3.1832)","slip_type":"Dextral","upper_seis_depth":"(0.0,,)"},"geometry":{"type":"LineString","coordinates":[[43.871616,37.797949],[43.895316,37.838056],[43.919021,37.878171],[43.942726,37.918286],[43.966435,37.958409],[43.990144,37.998532],[44.013346,38.038847],[44.036548,38.079161],[44.074472,38.111855],[44.112395,38.144548],[44.152277,38.175794],[44.192158,38.207041],[44.230061,38.239797],[44.267964,38.272553],[44.306377,38.304968],[44.344789,38.337382],[44.384269,38.369022],[44.423748,38.400662],[44.49186,38.465155]]}},{"type":"Feature","properties":{"average_dip":"(70.0,70.0,70.0)","average_rake":"(111,111.0,111.0)","catalog_id":"ME_TRCS107","catalog_name":"EMME","epistemic_quality":"1","lower_seis_depth":"(20.0,,)","net_slip_rate":"(2.1,1.0642,3.0542)","slip_type":"Reverse","upper_seis_depth":"(1.0,,)"},"geometry":{"type":"LineString","coordinates":[[42.426813,38.525881],[42.53485,38.506925],[42.64286,38.487974],[42.753502,38.485868],[42.85906,38.511947],[42.936427,38.450005],[42.921037,38.364214],[43.011243,38.266689],[43.1208,38.277045]]}},{"type":"Feature","properties":{"average_dip":"(68.0,68.0,68.0)","average_rake":"(156,156.0,156.0)","catalog_id":"ME_TRCS108","catalog_name":"EMME","epistemic_quality":"1","lower_seis_depth":"(20.0,,)","net_slip_rate":"(1.8,1.0,2.5724)","slip_type":"Dextral-Reverse","upper_seis_depth":"(2.0,,)"},"geometry":{"type":"LineString","coordinates":[[43.073594,38.540464],[43.031182,38.554552],[42.988771,38.568641],[42.946359,38.582729],[42.903926,38.596825],[42.861493,38.61092],[42.81906,38.625016]]}},{"type":"Feature","properties":{"average_dip":"(68.0,68.0,68.0)","average_rake":"(156,156.0,156.0)","catalog_id":"ME_TRCS109","catalog_name":"EMME","epistemic_quality":"1","lower_seis_depth":"(20.0,,)","net_slip_rate":"(1.2,0.5,2.0)","slip_type":"Dextral-Reverse","upper_seis_depth":"(2.0,,)"},"geometry":{"type":"LineString","coordinates":[[42.819535,38.731125],[42.766583,38.723719],[42.713631,38.716312],[42.660688,38.708907],[42.607745,38.701501]]}},{"type":"Feature","properties":{"average_dip":"(34.5,29.0,40.0)","average_rake":"(90,90.0,90.0)","catalog_id":"ME_TRCS112","catalog_name":"EMME","epistemic_quality":"1","lower_seis_depth":"(20.0,,)","net_slip_rate":"(1.6,0.25,3.0)","slip_type":"Reverse","upper_seis_depth":"(1.0,,)"},"geometry":{"type":"LineString","coordinates":[[41.245293,38.920058],[41.3187,38.907072],[41.34055,38.895289],[41.410266,38.874102],[41.477622,38.880538],[41.546393,38.866572],[41.616678,38.852535],[41.658392,38.82308],[41.696987,38.811715],[41.741633,38.780927],[41.772091,38.762762],[41.813049,38.742913],[41.858741,38.744376],[41.901118,38.723264],[41.932805,38.701453],[41.953332,38.692124],[42.00191,38.68563]]}},{"type":"Feature","properties":{"average_dip":"(69.0,69.0,69.0)","average_rake":"(8,8.0,8.0)","catalog_id":"ME_TRCS113","catalog_name":"EMME","epistemic_quality":"1","lower_seis_depth":"(20.0,,)","net_slip_rate":"(1.5,1.0,2.0)","slip_type":"Sinistral","upper_seis_depth":"(0.0,,)"},"geometry":{"type":"LineString","coordinates":[[42.141778,40.374559],[42.175275,40.412187],[42.208772,40.449815],[42.242281,40.487457],[42.275789,40.525099],[42.30931,40.562754],[42.34283,40.600409],[42.372503,40.639897],[42.402176,40.679385],[42.455917,40.699543],[42.509657,40.7197],[42.550044,40.753321],[42.59043,40.786941],[42.633037,40.818983],[42.675644,40.851025],[42.735548,40.902955]]}},{"type":"Feature","properties":{"average_dip":"(85.0,85.0,85.0)","average_rake":"(0,0.0,0.0)","catalog_id":"ME_TRCS114","catalog_name":"EMME","epistemic_quality":"1","lower_seis_depth":"(20.0,,)","net_slip_rate":"(1.0,0.5,1.5)","slip_type":"Sinistral","upper_seis_depth":"(0.0,,)"},"geometry":{"type":"LineString","coordinates":[[41.340386,39.999144],[41.408021,40.074455],[41.475679,40.149793],[41.529543,40.231404],[41.572757,40.316648],[41.620296,40.400559],[41.705704,40.464801],[41.776766,40.538515],[41.861192,40.603635],[41.94062,40.672341],[42.03251,40.731505],[42.125438,40.789806],[42.192494,40.865825],[42.270116,40.935907],[42.36154,40.995807],[42.455648,41.053367],[42.54594,41.114373],[42.662374,41.225774]]}},{"type":"Feature","properties":{"average_dip":"(88.0,86.0,90.0)","average_rake":"(0,0.0,0.0)","catalog_id":"ME_TRCS115","catalog_name":"EMME","epistemic_quality":"1","lower_seis_depth":"(20.0,,)","net_slip_rate":"(1.5,0.7,2.3)","slip_type":"Sinistral","upper_seis_depth":"(0.0,,)"},"geometry":{"type":"LineString","coordinates":[[40.323205,39.784713],[40.439508,39.786193],[40.506794,39.804942],[40.552375,39.834279],[40.597956,39.863616],[40.647566,39.888849],[40.697175,39.914082],[40.745941,39.940308],[40.794706,39.966534],[40.843496,39.992774],[40.892286,40.019014],[40.940846,40.045541],[40.992229,40.063599],[41.045347,40.086382],[41.105523,40.113399]]}},{"type":"Feature","properties":{"average_dip":"(85.0,85.0,85.0)","average_rake":"(0,0.0,0.0)","catalog_id":"ME_TRCS116","catalog_name":"EMME","epistemic_quality":"1","lower_seis_depth":"(10.0,,)","net_slip_rate":"(0.6,0.1,1.0)","slip_type":"Sinistral","upper_seis_depth":"(3.0,,)"},"geometry":{"type":"LineString","coordinates":[[42.552058,41.382034],[42.583476,41.403168],[42.614895,41.424303],[42.646313,41.445437],[42.677748,41.466583],[42.709184,41.487728],[42.740619,41.508874],[42.772073,41.530032],[42.803526,41.55119]]}},{"type":"Feature","properties":{"average_dip":"(85.0,85.0,85.0)","average_rake":"(0,0.0,0.0)","catalog_id":"ME_TRCS117","catalog_name":"EMME","epistemic_quality":"1","lower_seis_depth":"(20.0,,)","net_slip_rate":"(0.6,0.1,1.0)","slip_type":"Sinistral","upper_seis_depth":"(1.0,,)"},"geometry":{"type":"LineString","coordinates":[[42.35557,41.192416],[42.393956,41.222169],[42.432342,41.251921],[42.470745,41.281687],[42.509148,41.311453],[42.547568,41.341232],[42.585988,41.371011],[42.624425,41.400804],[42.662862,41.430596],[42.70132,41.460404],[42.739777,41.490212]]}},{"type":"Feature","properties":{"average_dip":"(85.0,85.0,85.0)","average_rake":"(0,0.0,0.0)","catalog_id":"ME_TRCS118","catalog_name":"EMME","epistemic_quality":"1","lower_seis_depth":"(20.0,,)","net_slip_rate":"(0.6,0.1,1.0)","slip_type":"Sinistral","upper_seis_depth":"(1.0,,)"},"geometry":{"type":"LineString","coordinates":[[42.580701,41.440602],[42.620605,41.464716],[42.660508,41.48883],[42.701944,41.511476],[42.743381,41.534122],[42.776414,41.561607],[42.809446,41.589092]]}},{"type":"Feature","properties":{"average_dip":"(87.5,85.0,90.0)","average_rake":"(22,0.0,45.0)","catalog_id":"ME_TRCS119","catalog_name":"EMME","epistemic_quality":"1","lower_seis_depth":"(20.0,,)","net_slip_rate":"(1.5,1.0,2.0)","slip_type":"Sinistral-Reverse","upper_seis_depth":"(3.0,,)"},"geometry":{"type":"LineString","coordinates":[[41.738376,41.061781],[41.788739,41.083602],[41.839101,41.105423],[41.889489,41.127255],[41.939877,41.149086],[41.983166,41.178337],[42.026455,41.207587],[42.076052,41.230517],[42.125648,41.253447],[42.178531,41.271815],[42.231414,41.290183],[42.262713,41.327124],[42.294012,41.364065],[42.343173,41.38766],[42.392334,41.411255],[42.44781,41.424924],[42.503285,41.438592],[42.524263,41.47946],[42.545241,41.520328],[42.571101,41.555512]]}},{"type":"Feature","properties":{"average_dip":"(87.5,85.0,90.0)","average_rake":"(0,0.0,0.0)","catalog_id":"ME_TRCS120","catalog_name":"EMME","epistemic_quality":"1","lower_seis_depth":"(20.0,,)","net_slip_rate":"(2.3,2.3,2.3)","slip_type":"Sinistral","upper_seis_depth":"(0.0,,)"},"geometry":{"type":"LineString","coordinates":[[39.578316,40.203098],[39.694835,40.225259],[39.81139,40.247426],[39.926122,40.27467],[40.040871,40.301984],[40.156096,40.328222],[40.271239,40.35479],[40.385838,40.382798],[40.506145,40.386019],[40.625654,40.397116],[40.740559,40.424557],[40.857982,40.445051],[40.97345,40.471294],[41.049832,40.542252],[41.146309,40.597364],[41.251792,40.642054],[41.35514,40.689619],[41.457886,40.738021],[41.524507,40.814587],[41.56601,40.900744],[41.600146,40.971608]]}},{"type":"Feature","properties":{"average_dip":"(85.0,85.0,85.0)","average_rake":"(0,0.0,0.0)","catalog_id":"ME_TRCS121","catalog_name":"EMME","epistemic_quality":"1","lower_seis_depth":"(20.0,,)","net_slip_rate":"(1.3,0.25,2.3)","slip_type":"Sinistral","upper_seis_depth":"(2.0,,)"},"geometry":{"type":"LineString","coordinates":[[41.836471,40.994042],[41.803801,40.963497],[41.77113,40.932952],[41.738471,40.902418],[41.705812,40.871884],[41.673164,40.84136],[41.640516,40.810836]]}},{"type":"Feature","properties":{"average_dip":"(85.0,85.0,85.0)","average_rake":"(0,0.0,0.0)","catalog_id":"ME_TRCS122","catalog_name":"EMME","epistemic_quality":"1","lower_seis_depth":"(20.0,,)","net_slip_rate":"(0.8,0.5,1.0)","slip_type":"Sinistral","upper_seis_depth":"(1.0,,)"},"geometry":{"type":"LineString","coordinates":[[39.321204,40.107161],[39.378404,40.112921],[39.435603,40.11868],[39.491497,40.107758],[39.54739,40.096836],[39.601876,40.111341],[39.656362,40.125846],[39.710835,40.140431],[39.765307,40.155016],[39.819801,40.169607],[39.874294,40.184197],[39.929745,40.196558],[39.985197,40.208919],[40.041055,40.220222],[40.096912,40.231524],[40.152787,40.242831],[40.208662,40.254137],[40.30928,40.274497]]}},{"type":"Feature","properties":{"average_dip":"(85.0,85.0,85.0)","average_rake":"(0,0.0,0.0)","catalog_id":"ME_TRCS123","catalog_name":"EMME","epistemic_quality":"1","lower_seis_depth":"(20.0,,)","net_slip_rate":"(1.0,0.5,1.5)","slip_type":"Sinistral","upper_seis_depth":"(1.0,,)"},"geometry":{"type":"LineString","coordinates":[[43.2037,41.287306],[43.183369,41.260892],[43.143661,41.246398],[43.12333,41.219984],[43.102838,41.193719],[43.082345,41.167454],[43.061853,41.141189],[43.040464,41.115343],[43.019075,41.089497],[42.975669,41.066971],[42.945796,41.038182]]}},{"type":"Feature","properties":{"average_dip":"(87.5,85.0,90.0)","average_rake":"(0,0.0,0.0)","catalog_id":"ME_TRCS124","catalog_name":"EMME","epistemic_quality":"1","lower_seis_depth":"(20.0,,)","net_slip_rate":"(1.5,1.0,2.0)","slip_type":"Sinistral","upper_seis_depth":"(0.0,,)"},"geometry":{"type":"LineString","coordinates":[[43.080103,41.301347],[43.04646,41.2643],[43.012816,41.227253],[42.964833,41.200634],[42.91685,41.174015],[42.874264,41.157516],[42.831678,41.141016]]}},{"type":"Feature","properties":{"average_dip":"(85.0,85.0,85.0)","average_rake":"(0,0.0,0.0)","catalog_id":"ME_TRCS125","catalog_name":"EMME","epistemic_quality":"1","lower_seis_depth":"(20.0,,)","net_slip_rate":"(0.8,0.5,1.0)","slip_type":"Sinistral","upper_seis_depth":"(1.0,,)"},"geometry":{"type":"LineString","coordinates":[[42.864318,41.285746],[42.838739,41.26104],[42.813159,41.236335],[42.78758,41.211629],[42.762011,41.186934],[42.736443,41.162239],[42.710874,41.137544],[42.685316,41.112859],[42.659757,41.088174],[42.634199,41.063489]]}},{"type":"Feature","properties":{"average_dip":"(72.0,72.0,72.0)","average_rake":"(165,165.0,165.0)","catalog_id":"ME_TRCS126","catalog_name":"EMME","epistemic_quality":"1","lower_seis_depth":"(20.0,,)","net_slip_rate":"(2.6,0.25,5.0)","slip_type":"Dextral","upper_seis_depth":"(5.0,,)"},"geometry":{"type":"LineString","coordinates":[[41.454821,39.112823],[41.416367,39.139527],[41.377913,39.166231],[41.339443,39.192946],[41.300973,39.219661],[41.262485,39.246389],[41.223996,39.273117]]}},{"type":"Feature","properties":{"average_dip":"(80.0,80.0,80.0)","average_rake":"(180,180.0,180.0)","catalog_id":"ME_TRCS128","catalog_name":"EMME","epistemic_quality":"1","lower_seis_depth":"(20.0,,)","net_slip_rate":"(1.5,1.0,2.0)","slip_type":"Dextral","upper_seis_depth":"(1.0,,)"},"geometry":{"type":"LineString","coordinates":[[37.780457,37.611791],[37.837307,37.596488],[37.894156,37.581185],[37.950984,37.565888],[38.007812,37.55059],[38.06462,37.535298],[38.121427,37.520006],[38.178214,37.50472],[38.235,37.489434],[38.290101,37.470707],[38.345201,37.45198],[38.393604,37.423953],[38.442007,37.395925],[38.490172,37.36768],[38.538336,37.339435],[38.590606,37.322487],[38.642876,37.305538]]}},{"type":"Feature","properties":{"average_dip":"(48.0,40.0,56.0)","average_rake":"(97,65.0,129.0)","catalog_id":"ME_TRCS129","catalog_name":"EMME","epistemic_quality":"1","lower_seis_depth":"(20.0,,)","net_slip_rate":"(3.7,3.3,4.1)","slip_type":"Reverse","upper_seis_depth":"(0.0,,)"},"geometry":{"type":"LineString","coordinates":[[42.9031,37.679223],[43.389314,37.522314],[43.646597,37.501746],[43.826292,37.604206],[43.904326,37.591039],[44.024467,37.501511],[44.153701,37.404562],[44.238684,37.339663],[44.330462,37.269994],[44.329782,37.150948]]}},{"type":"Feature","properties":{"average_dip":"(52.5,40.0,65.0)","average_rake":"(104,85.0,123.0)","catalog_id":"ME_TRCS130","catalog_name":"EMME","epistemic_quality":"1","lower_seis_depth":"(20.0,,)","net_slip_rate":"(3.7,3.3,4.1)","slip_type":"Reverse","upper_seis_depth":"(1.0,,)"},"geometry":{"type":"LineString","coordinates":[[41.398774,38.321121],[41.808089,38.125674],[42.51632,37.877263],[42.859114,37.707164]]}},{"type":"Feature","properties":{"average_dip":"(55.0,45.0,65.0)","average_rake":"(127,124.0,131.0)","catalog_id":"ME_TRCS131","catalog_name":"EMME","epistemic_quality":"1","lower_seis_depth":"(20.0,,)","net_slip_rate":"(4.8,4.4008,5.1391)","slip_type":"Dextral-Reverse","upper_seis_depth":"(1.0,,)"},"geometry":{"type":"LineString","coordinates":[[40.7439,38.5198],[40.79581,38.512379],[40.84772,38.504957],[40.90002,38.499521],[40.95232,38.494085],[41.002187,38.480626],[41.052053,38.467166],[41.100365,38.450632],[41.148677,38.434098],[41.196237,38.416315],[41.243798,38.398531],[41.288349,38.381466],[41.3329,38.3644]]}},{"type":"Feature","properties":{"average_dip":"(50.0,50.0,50.0)","average_rake":"(58,58.0,58.0)","catalog_id":"ME_TRCS132","catalog_name":"EMME","epistemic_quality":"1","lower_seis_depth":"(20.0,,)","net_slip_rate":"None","slip_type":"Sinistral-Reverse","upper_seis_depth":"(0.0,,)"},"geometry":{"type":"LineString","coordinates":[[40.2581,38.4646],[40.29828,38.472666],[40.338459,38.480733],[40.378639,38.488799],[40.418907,38.496638],[40.459175,38.504478],[40.499443,38.512317],[40.54086,38.514396],[40.582277,38.516474],[40.623694,38.518553],[40.664829,38.519302],[40.705965,38.520051],[40.7471,38.5208]]}},{"type":"Feature","properties":{"average_dip":"(47.5,45.0,50.0)","average_rake":"(67,58.0,77.0)","catalog_id":"ME_TRCS133","catalog_name":"EMME","epistemic_quality":"1","lower_seis_depth":"(20.0,,)","net_slip_rate":"(2.5,1.0,4.062)","slip_type":"Reverse","upper_seis_depth":"(0.0,,)"},"geometry":{"type":"LineString","coordinates":[[38.223023,37.995719],[38.273898,37.983139],[38.3922,37.983469],[38.508306,37.990831],[38.613908,38.029636],[38.719695,38.068218],[38.826067,38.105885],[38.930813,38.146368],[39.030825,38.193763],[39.143604,38.217738],[39.260447,38.21685],[39.377106,38.211661],[39.486074,38.244842],[39.590373,38.286344],[39.692869,38.330614],[39.790485,38.381295],[39.8517,38.459576],[39.946562,38.513567],[40.051579,38.554551],[40.1337,38.5866]]}},{"type":"Feature","properties":{"average_dip":"(87.5,85.0,90.0)","average_rake":"(180,180.0,180.0)","catalog_id":"ME_TRCS134","catalog_name":"EMME","epistemic_quality":"1","lower_seis_depth":"(20.0,,)","net_slip_rate":"(2.0,1.0,3.0)","slip_type":"Dextral","upper_seis_depth":"(1.0,,)"},"geometry":{"type":"LineString","coordinates":[[41.853973,38.493382],[41.775646,38.501811],[41.745943,38.510371],[41.687767,38.523844],[41.636403,38.54657],[41.579835,38.561165],[41.519956,38.572325],[41.465281,38.591616],[41.408902,38.608594],[41.385446,38.638396],[41.344677,38.660629],[41.287069,38.681254],[41.230315,38.712605],[41.132694,38.745857],[40.965552,38.840961]]}},{"type":"Feature","properties":{"average_dip":"(40.0,40.0,40.0)","average_rake":"(117,117.0,117.0)","catalog_id":"ME_TRCS135","catalog_name":"EMME","epistemic_quality":"1","lower_seis_depth":"(20.0,,)","net_slip_rate":"(1.6,0.0001,3.1131)","slip_type":"Dextral-Reverse","upper_seis_depth":"(2.0,,)"},"geometry":{"type":"LineString","coordinates":[[43.193483,38.349915],[43.247612,38.341625],[43.301741,38.333335],[43.356885,38.333501],[43.412028,38.333667],[43.457254,38.354098],[43.502479,38.374529]]}},{"type":"Feature","properties":{"average_dip":"(85.0,85.0,85.0)","average_rake":"(-16,-16.0,-16.0)","catalog_id":"ME_TRCS136","catalog_name":"EMME","epistemic_quality":"1","lower_seis_depth":"(18.0,,)","net_slip_rate":"(0.6,0.1,1.0)","slip_type":"Sinistral","upper_seis_depth":"(0.0,,)"},"geometry":{"type":"LineString","coordinates":[[34.764373,37.246761],[34.797846,37.331269],[34.831358,37.415776],[34.886902,37.492631],[34.968858,37.552846],[35.002909,37.637244],[35.021376,37.724634],[35.070806,37.804158],[35.11264,37.886375],[35.139986,37.972316],[35.174086,38.056749],[35.218299,38.138238],[35.249559,38.195854]]}},{"type":"Feature","properties":{"average_dip":"(87.5,85.0,90.0)","average_rake":"(-16,-16.0,-16.0)","catalog_id":"ME_TRCS137","catalog_name":"EMME","epistemic_quality":"1","lower_seis_depth":"(20.0,,)","net_slip_rate":"(0.3,0.2,0.4)","slip_type":"Sinistral","upper_seis_depth":"(0.0,,)"},"geometry":{"type":"LineString","coordinates":[[34.271971,37.163295],[34.322303,37.190153],[34.372634,37.21701],[34.42299,37.243881],[34.473346,37.270751],[34.514444,37.306252],[34.555543,37.341752],[34.607204,37.367113],[34.658865,37.392473],[34.703531,37.425195],[34.748197,37.457916],[34.784573,37.474582],[34.820949,37.491247]]}},{"type":"Feature","properties":{"average_dip":"(60.0,60.0,60.0)","average_rake":"(0,169.0,-169.0)","catalog_id":"ME_TRCS138","catalog_name":"EMME","epistemic_quality":"1","lower_seis_depth":"(15.0,,)","net_slip_rate":"(0.9,0.25,1.5)","slip_type":"Dextral","upper_seis_depth":"(1.0,,)"},"geometry":{"type":"LineString","coordinates":[[34.982652,37.819366],[34.871561,37.79833],[34.757389,37.801048],[34.655156,37.841351],[34.57587,37.906384],[34.476418,37.951019],[34.377674,37.996703],[34.315785,38.072662],[34.24662,38.144666],[34.17743,38.216696],[34.108214,38.288752],[34.036548,38.359356],[33.961104,38.427547],[33.885629,38.495765],[33.817876,38.568822],[33.753388,38.6437],[33.68888,38.718602],[33.624351,38.793529],[33.60568,38.882605],[33.537837,38.955816],[33.446485,39.011527],[33.417045,39.098838],[33.334647,39.162563]]}},{"type":"Feature","properties":{"average_dip":"(85.0,85.0,85.0)","average_rake":"(180,180.0,180.0)","catalog_id":"ME_TRCS139","catalog_name":"EMME","epistemic_quality":"1","lower_seis_depth":"(20.0,,)","net_slip_rate":"(1.2,0.5,2.0)","slip_type":"Dextral","upper_seis_depth":"(0.0,,)"},"geometry":{"type":"LineString","coordinates":[[40.404878,38.948178],[40.443931,38.915676],[40.482984,38.883174],[40.517513,38.847798],[40.552042,38.812422]]}},{"type":"Feature","properties":{"average_dip":"(85.0,85.0,85.0)","average_rake":"(180,180.0,180.0)","catalog_id":"ME_TRCS140","catalog_name":"EMME","epistemic_quality":"1","lower_seis_depth":"(20.0,,)","net_slip_rate":"(2.6,0.25,5.0)","slip_type":"Dextral","upper_seis_depth":"(0.0,,)"},"geometry":{"type":"LineString","coordinates":[[40.096277,39.048813],[40.145771,39.03002],[40.19963,39.021089],[40.253488,39.012158],[40.304355,38.995797],[40.355221,38.979436],[40.402621,38.972012],[40.450021,38.964588]]}},{"type":"Feature","properties":{"average_dip":"(85.0,85.0,85.0)","average_rake":"(180,180.0,180.0)","catalog_id":"ME_TRCS141","catalog_name":"EMME","epistemic_quality":"1","lower_seis_depth":"(20.0,,)","net_slip_rate":"(2.6,0.25,5.0)","slip_type":"Dextral","upper_seis_depth":"(0.0,,)"},"geometry":{"type":"LineString","coordinates":[[39.356869,39.22735],[39.413555,39.216252],[39.470241,39.205153],[39.528664,39.203567],[39.587086,39.20198],[39.644851,39.195064],[39.702616,39.188148],[39.758405,39.174675],[39.814193,39.161202],[39.866099,39.140436],[39.918005,39.119669],[39.969911,39.098949],[40.021817,39.078228],[40.070556,39.074708],[40.119295,39.071187]]}},{"type":"Feature","properties":{"average_dip":"(84.0,84.0,84.0)","average_rake":"(180,180.0,180.0)","catalog_id":"ME_TRCS146","catalog_name":"EMME","epistemic_quality":"1","lower_seis_depth":"(20.0,,)","net_slip_rate":"(1.2,0.5,2.0)","slip_type":"Dextral","upper_seis_depth":"(2.0,,)"},"geometry":{"type":"LineString","coordinates":[[40.32836,39.063671],[40.377797,39.051341],[40.426353,39.038324],[40.465166,39.017686],[40.503977,38.992259],[40.541856,38.964569],[40.590303,38.938251]]}},{"type":"Feature","properties":{"average_dip":"(85.0,85.0,85.0)","average_rake":"(0,0.0,0.0)","catalog_id":"ME_TRCS147","catalog_name":"EMME","epistemic_quality":"1","lower_seis_depth":"(20.0,,)","net_slip_rate":"(2.3,2.3,2.3)","slip_type":"Sinistral","upper_seis_depth":"(0.0,,)"},"geometry":{"type":"LineString","coordinates":[[39.39775,39.884259],[39.453768,39.88562],[39.508559,39.894703],[39.563349,39.903785],[39.616383,39.917756],[39.669417,39.931726],[39.724688,39.939054],[39.779959,39.946382],[39.835779,39.950679],[39.891598,39.954976],[39.947382,39.959597],[40.003165,39.964217],[40.057555,39.974815],[40.111944,39.985413],[40.163741,40.002003],[40.215538,40.018593],[40.262733,40.041919],[40.309929,40.065244],[40.385017,40.105586]]}},{"type":"Feature","properties":{"average_dip":"(60.0,60.0,60.0)","average_rake":"(-90,-90.0,-90.0)","catalog_id":"ME_TRCS149","catalog_name":"EMME","epistemic_quality":"1","lower_seis_depth":"(20.0,,)","net_slip_rate":"(1.3,0.55,2.0)","slip_type":"Normal","upper_seis_depth":"(2.0,,)"},"geometry":{"type":"LineString","coordinates":[[40.79787,39.34109],[40.822462,39.312462],[40.847055,39.283833],[40.871647,39.255205],[40.868193,39.222382],[40.86474,39.189559],[40.861286,39.156736]]}},{"type":"Feature","properties":{"average_dip":"(85.0,85.0,85.0)","average_rake":"(180,180.0,180.0)","catalog_id":"ME_TRCS151","catalog_name":"EMME","epistemic_quality":"1","lower_seis_depth":"(20.0,,)","net_slip_rate":"(1.6,0.25,3.0)","slip_type":"Dextral","upper_seis_depth":"(0.0,,)"},"geometry":{"type":"LineString","coordinates":[[40.69686,38.545709],[40.649243,38.558093],[40.601626,38.570476],[40.560931,38.593459],[40.520235,38.616441],[40.477209,38.636678],[40.434182,38.656915]]}},{"type":"Feature","properties":{"average_dip":"(85.0,85.0,85.0)","average_rake":"(0,0.0,0.0)","catalog_id":"ME_TRCS152","catalog_name":"EMME","epistemic_quality":"1","lower_seis_depth":"(20.0,,)","net_slip_rate":"(1.0,0.5,1.5)","slip_type":"Sinistral","upper_seis_depth":"(2.0,,)"},"geometry":{"type":"LineString","coordinates":[[40.490265,39.056155],[40.525697,39.076729],[40.5501,39.099023],[40.579729,39.134729],[40.624552,39.158578],[40.671889,39.16497]]}},{"type":"Feature","properties":{"average_dip":"(75.0,70.0,80.0)","average_rake":"(0,0.0,0.0)","catalog_id":"ME_TRCS155","catalog_name":"EMME","epistemic_quality":"1","lower_seis_depth":"(20.0,,)","net_slip_rate":"(1.0,0.5,1.5)","slip_type":"Sinistral","upper_seis_depth":"(2.0,,)"},"geometry":{"type":"LineString","coordinates":[[40.504739,39.170643],[40.531821,39.189623],[40.569816,39.219566],[40.605383,39.251274],[40.640949,39.282982],[40.672939,39.310483],[40.704929,39.337984]]}},{"type":"Feature","properties":{"average_dip":"(62.5,45.0,80.0)","average_rake":"(29,0.0,58.0)","catalog_id":"ME_TRCS156","catalog_name":"EMME","epistemic_quality":"1","lower_seis_depth":"(20.0,,)","net_slip_rate":"(1.2,0.5,2.0)","slip_type":"Sinistral-Reverse","upper_seis_depth":"(2.0,,)"},"geometry":{"type":"LineString","coordinates":[[40.18141,39.077055],[40.221349,39.080477],[40.261287,39.083899],[40.301226,39.087321],[40.337067,39.101443],[40.372909,39.115565],[40.40875,39.129687],[40.453624,39.14789],[40.498497,39.166092]]}},{"type":"Feature","properties":{"average_dip":"(62.5,45.0,80.0)","average_rake":"(30,-16.0,76.0)","catalog_id":"ME_TRCS160","catalog_name":"EMME","epistemic_quality":"1","lower_seis_depth":"(15.0,,)","net_slip_rate":"(2.1,1.0,3.1672)","slip_type":"Dextral-Normal","upper_seis_depth":"(0.0,,)"},"geometry":{"type":"LineString","coordinates":[[38.872622,39.272602],[38.937473,39.280797],[38.989773,39.302642],[39.042072,39.324487],[39.094163,39.346675],[39.146254,39.368863],[39.199663,39.389143],[39.253071,39.409422],[39.307327,39.428362],[39.361583,39.447301],[39.417466,39.463229],[39.473348,39.479156],[39.528077,39.497363],[39.582806,39.515569],[39.632465,39.522349],[39.685009,39.528092],[39.724307,39.542487],[39.759184,39.548146]]}},{"type":"Feature","properties":{"average_dip":"(70.0,70.0,70.0)","average_rake":"(-11,-11.0,-11.0)","catalog_id":"ME_TRCS161","catalog_name":"EMME","epistemic_quality":"1","lower_seis_depth":"(12.0,,)","net_slip_rate":"(1.5,1.0,2.0696)","slip_type":"Sinistral","upper_seis_depth":"(2.0,,)"},"geometry":{"type":"LineString","coordinates":[[39.028974,39.253277],[39.070651,39.279416],[39.112328,39.305554],[39.157991,39.327377],[39.203653,39.3492],[39.250287,39.34597],[39.296921,39.34274]]}},{"type":"Feature","properties":{"average_dip":"(70.0,70.0,70.0)","average_rake":"(19,19.0,19.0)","catalog_id":"ME_TRCS163","catalog_name":"EMME","epistemic_quality":"1","lower_seis_depth":"(20.0,,)","net_slip_rate":"(1.6,1.0,2.2655)","slip_type":"Sinistral","upper_seis_depth":"(2.0,,)"},"geometry":{"type":"LineString","coordinates":[[38.616351,39.120554],[38.563847,39.084309],[38.523693,39.074052],[38.488822,39.052857],[38.460998,39.02961],[38.435834,39.005687],[38.409789,38.983134],[38.356444,38.979751]]}},{"type":"Feature","properties":{"average_dip":"(85.0,85.0,85.0)","average_rake":"(16,16.0,16.0)","catalog_id":"ME_TRCS164","catalog_name":"EMME","epistemic_quality":"1","lower_seis_depth":"(20.0,,)","net_slip_rate":"(2.1,1.0,3.1635)","slip_type":"Sinistral","upper_seis_depth":"(0.0,,)"},"geometry":{"type":"LineString","coordinates":[[38.384727,39.143871],[38.400666,39.183594],[38.409084,39.224683],[38.417501,39.265772],[38.413494,39.307259],[38.409487,39.348745],[38.418003,39.389824],[38.426519,39.430902],[38.404767,39.454309],[38.383014,39.477716]]}},{"type":"Feature","properties":{"average_dip":"(87.5,85.0,90.0)","average_rake":"(1,-16.0,18.0)","catalog_id":"ME_TRCS165","catalog_name":"EMME","epistemic_quality":"1","lower_seis_depth":"(20.0,,)","net_slip_rate":"(2.1,1.0,3.1635)","slip_type":"Dextral","upper_seis_depth":"(0.0,,)"},"geometry":{"type":"LineString","coordinates":[[37.494848,37.989473],[37.592881,38.03747],[37.696916,38.07695],[37.79202,38.128605],[37.87326,38.193325],[37.926644,38.274013],[37.975574,38.356448],[38.024514,38.4389],[38.071502,38.522064],[38.131679,38.599878],[38.169542,38.685872],[38.200766,38.773483],[38.230494,38.861419],[38.26909,38.94725],[38.308581,39.030707],[38.385133,39.09835]]}},{"type":"Feature","properties":{"average_dip":"(62.5,45.0,80.0)","average_rake":"(-5,-11.0,0.0)","catalog_id":"ME_TRCS166","catalog_name":"EMME","epistemic_quality":"1","lower_seis_depth":"(20.0,,)","net_slip_rate":"(2.0,1.0,3.0)","slip_type":"Dextral","upper_seis_depth":"(2.0,,)"},"geometry":{"type":"LineString","coordinates":[[38.411318,39.118568],[38.449799,39.133949],[38.48828,39.149329],[38.526761,39.16471],[38.569996,39.16664],[38.613231,39.168571],[38.656466,39.170501],[38.698949,39.177049],[38.741432,39.183596],[38.783915,39.190144],[38.821268,39.204274],[38.85862,39.218405],[38.958503,39.230488]]}},{"type":"Feature","properties":{"average_dip":"(77.5,70.0,85.0)","average_rake":"(-22,-28.0,-16.0)","catalog_id":"ME_TRCS168","catalog_name":"EMME","epistemic_quality":"1","lower_seis_depth":"(18.0,,)","net_slip_rate":"(0.3,0.2,0.4)","slip_type":"Sinistral","upper_seis_depth":"(0.0,,)"},"geometry":{"type":"LineString","coordinates":[[37.031693,39.566683],[36.973353,39.554762],[36.915012,39.54284],[36.856691,39.530923],[36.798369,39.519005],[36.740559,39.505745],[36.682749,39.492484],[36.628155,39.47275],[36.573561,39.453015],[36.518992,39.43329],[36.464423,39.413565],[36.417092,39.388144],[36.364476,39.369525],[36.318031,39.34752],[36.276868,39.324166],[36.229972,39.295042],[36.183075,39.265918],[36.134039,39.239031],[36.085002,39.212143],[35.993625,39.157061]]}},{"type":"Feature","properties":{"average_dip":"(72.5,70.0,75.0)","average_rake":"(-22,-28.0,-16.0)","catalog_id":"ME_TRCS169","catalog_name":"EMME","epistemic_quality":"1","lower_seis_depth":"(18.0,,)","net_slip_rate":"(0.3,0.2,0.4)","slip_type":"Sinistral","upper_seis_depth":"(0.0,,)"},"geometry":{"type":"LineString","coordinates":[[37.043366,39.39373],[36.856,39.350397],[36.753232,39.303005],[36.652331,39.253357],[36.540623,39.220501],[36.426534,39.19311],[36.313581,39.163125],[36.19768,39.141044],[36.081076,39.121437],[35.985336,39.066264],[35.897741,39.015285]]}},{"type":"Feature","properties":{"average_dip":"(80.0,75.0,85.0)","average_rake":"(-16,-16.0,-16.0)","catalog_id":"ME_TRCS170","catalog_name":"EMME","epistemic_quality":"1","lower_seis_depth":"(18.0,,)","net_slip_rate":"(0.3,0.2,0.4)","slip_type":"Sinistral","upper_seis_depth":"(0.0,,)"},"geometry":{"type":"LineString","coordinates":[[37.978522,39.536895],[37.867038,39.513866],[37.752941,39.500637],[37.637993,39.508308],[37.523398,39.518734],[37.416025,39.486169],[37.304137,39.464584],[37.195166,39.435523],[37.086328,39.406271]]}},{"type":"Feature","properties":{"average_dip":"(87.5,85.0,90.0)","average_rake":"(-16,-16.0,-16.0)","catalog_id":"ME_TRCS171","catalog_name":"EMME","epistemic_quality":"1","lower_seis_depth":"(18.0,,)","net_slip_rate":"(0.3,0.2,0.4)","slip_type":"Sinistral","upper_seis_depth":"(0.0,,)"},"geometry":{"type":"LineString","coordinates":[[36.260037,39.815877],[36.209279,39.793338],[36.158521,39.770799],[36.113352,39.742119],[36.068182,39.713438],[36.031489,39.678346],[35.994796,39.643254],[35.955783,39.609703],[35.916771,39.576153],[35.877775,39.542616],[35.838779,39.50908],[35.7998,39.475558],[35.760821,39.442036],[35.722275,39.408886],[35.683728,39.375736]]}},{"type":"Feature","properties":{"average_dip":"(85.0,85.0,85.0)","average_rake":"(-16,-16.0,-16.0)","catalog_id":"ME_TRCS172","catalog_name":"EMME","epistemic_quality":"1","lower_seis_depth":"(18.0,,)","net_slip_rate":"(0.3,0.2,0.4)","slip_type":"Sinistral","upper_seis_depth":"(2.0,,)"},"geometry":{"type":"LineString","coordinates":[[35.232792,39.264526],[35.270914,39.291117],[35.309036,39.317708],[35.347174,39.34431],[35.385312,39.370912],[35.423468,39.397526],[35.461623,39.42414]]}},{"type":"Feature","properties":{"average_dip":"(84.0,84.0,84.0)","average_rake":"(-16,-16.0,-16.0)","catalog_id":"ME_TRCS173","catalog_name":"EMME","epistemic_quality":"1","lower_seis_depth":"(18.0,,)","net_slip_rate":"(0.3,0.2,0.4)","slip_type":"Sinistral","upper_seis_depth":"(0.0,,)"},"geometry":{"type":"LineString","coordinates":[[37.129728,39.961598],[37.070328,39.953308],[37.010927,39.945017],[36.951793,39.935731],[36.892659,39.926444],[36.83359,39.916974],[36.77452,39.907505],[36.718088,39.891153],[36.661655,39.874801],[36.603806,39.861748],[36.545957,39.848695],[36.489703,39.832078],[36.433449,39.815462],[36.383938,39.789104],[36.334426,39.762746],[36.274805,39.756311],[36.215183,39.749875],[36.166009,39.723198],[36.116834,39.69652],[36.059192,39.663238]]}},{"type":"Feature","properties":{"average_dip":"(84.0,84.0,84.0)","average_rake":"(-16,-16.0,-16.0)","catalog_id":"ME_TRCS174","catalog_name":"EMME","epistemic_quality":"1","lower_seis_depth":"(18.0,,)","net_slip_rate":"(0.3,0.2,0.4)","slip_type":"Sinistral","upper_seis_depth":"(2.0,,)"},"geometry":{"type":"LineString","coordinates":[[36.675973,39.839589],[36.626623,39.833444],[36.577273,39.827298],[36.533334,39.809005],[36.489396,39.790712],[36.443687,39.777299],[36.397977,39.763886]]}},{"type":"Feature","properties":{"average_dip":"(85.0,85.0,85.0)","average_rake":"(-16,-16.0,-16.0)","catalog_id":"ME_TRCS175","catalog_name":"EMME","epistemic_quality":"1","lower_seis_depth":"(18.0,,)","net_slip_rate":"(0.3,0.2,0.4)","slip_type":"Sinistral","upper_seis_depth":"(2.0,,)"},"geometry":{"type":"LineString","coordinates":[[35.928393,39.745952],[35.960234,39.763765],[35.992075,39.781579],[36.023916,39.799392],[36.059106,39.813018],[36.094295,39.826645],[36.129485,39.840271],[36.165156,39.853077],[36.200828,39.865883],[36.236499,39.878689]]}},{"type":"Feature","properties":{"average_dip":"(85.0,85.0,85.0)","average_rake":"(-16,-16.0,-16.0)","catalog_id":"ME_TRCS177","catalog_name":"EMME","epistemic_quality":"1","lower_seis_depth":"(18.0,,)","net_slip_rate":"(0.3,0.2,0.4)","slip_type":"Sinistral","upper_seis_depth":"(2.0,,)"},"geometry":{"type":"LineString","coordinates":[[35.594678,39.615638],[35.636183,39.629148],[35.677687,39.642659],[35.719192,39.656169],[35.756864,39.674633],[35.794535,39.693098],[35.832207,39.711562]]}},{"type":"Feature","properties":{"average_dip":"(87.5,85.0,90.0)","average_rake":"(-16,-16.0,-16.0)","catalog_id":"ME_TRCS178","catalog_name":"EMME","epistemic_quality":"1","lower_seis_depth":"(18.0,,)","net_slip_rate":"(0.3,0.2,0.4)","slip_type":"Sinistral","upper_seis_depth":"(2.0,,)"},"geometry":{"type":"LineString","coordinates":[[35.117116,39.298939],[35.152995,39.331849],[35.188873,39.364759],[35.224766,39.397682],[35.260658,39.430605],[35.296565,39.463541],[35.332471,39.496477],[35.37523,39.524143],[35.417989,39.551809],[35.446519,39.588819],[35.475049,39.625829],[35.525511,39.644357],[35.575973,39.662884],[35.617921,39.681417],[35.65987,39.699951]]}},{"type":"Feature","properties":{"average_dip":"(70.0,70.0,70.0)","average_rake":"(-19,-19.0,-19.0)","catalog_id":"ME_TRCS179","catalog_name":"EMME","epistemic_quality":"1","lower_seis_depth":"(18.0,,)","net_slip_rate":"(1.0,1.0,1.0)","slip_type":"Sinistral","upper_seis_depth":"(0.0,,)"},"geometry":{"type":"LineString","coordinates":[[35.76242,38.986703],[35.664548,38.933042],[35.566725,38.879408],[35.468951,38.825801],[35.371226,38.772221],[35.273549,38.718668],[35.185112,38.656169],[35.121998,38.577176],[35.058905,38.498207],[35.075528,38.406],[35.099201,38.314751],[35.118606,38.222887],[35.128864,38.130115],[35.138286,38.044905]]}},{"type":"Feature","properties":{"average_dip":"(70.0,70.0,70.0)","average_rake":"(-19,-19.0,-19.0)","catalog_id":"ME_TRCS180","catalog_name":"EMME","epistemic_quality":"1","lower_seis_depth":"(18.0,,)","net_slip_rate":"(0.3,0.2,0.4)","slip_type":"Sinistral","upper_seis_depth":"(0.0,,)"},"geometry":{"type":"LineString","coordinates":[[35.351253,38.078828],[35.369305,38.115945],[35.387358,38.153061],[35.405413,38.190182],[35.423468,38.227303],[35.441525,38.264429],[35.459582,38.301555],[35.477642,38.338688],[35.495702,38.37582]]}},{"type":"Feature","properties":{"average_dip":"(80.0,80.0,80.0)","average_rake":"(0,0.0,0.0)","catalog_id":"ME_TRCS181","catalog_name":"EMME","epistemic_quality":"1","lower_seis_depth":"(18.0,,)","net_slip_rate":"(0.3,0.2,0.4)","slip_type":"Sinistral","upper_seis_depth":"(0.0,,)"},"geometry":{"type":"LineString","coordinates":[[35.59336,38.734553],[35.632365,38.763748],[35.67137,38.792943],[35.710392,38.822151],[35.749414,38.851358],[35.788453,38.880579],[35.827491,38.909799],[35.866549,38.939034],[35.905607,38.968269]]}},{"type":"Feature","properties":{"average_dip":"(85.0,85.0,85.0)","average_rake":"(0,0.0,0.0)","catalog_id":"ME_TRCS182","catalog_name":"EMME","epistemic_quality":"1","lower_seis_depth":"(18.0,,)","net_slip_rate":"(0.3,0.2,0.4)","slip_type":"Sinistral","upper_seis_depth":"(2.0,,)"},"geometry":{"type":"LineString","coordinates":[[34.876773,38.730685],[34.922929,38.745158],[34.969086,38.75963],[35.015259,38.774108],[35.061431,38.788585],[35.107621,38.803068],[35.153811,38.81755]]}},{"type":"Feature","properties":{"average_dip":"(85.0,85.0,85.0)","average_rake":"(0,0.0,0.0)","catalog_id":"ME_TRCS183","catalog_name":"EMME","epistemic_quality":"1","lower_seis_depth":"(18.0,,)","net_slip_rate":"(0.3,0.2,0.4)","slip_type":"Sinistral","upper_seis_depth":"(2.0,,)"},"geometry":{"type":"LineString","coordinates":[[35.33678,38.906441],[35.29888,38.899796],[35.260979,38.893152],[35.223079,38.886507],[35.165488,38.888838],[35.107896,38.891168]]}},{"type":"Feature","properties":{"average_dip":"(87.5,85.0,90.0)","average_rake":"(0,0.0,0.0)","catalog_id":"ME_TRCS184","catalog_name":"EMME","epistemic_quality":"1","lower_seis_depth":"(18.0,,)","net_slip_rate":"(1.0,1.0,1.0)","slip_type":"Sinistral","upper_seis_depth":"(0.0,,)"},"geometry":{"type":"LineString","coordinates":[[36.276446,39.453834],[36.189811,39.391588],[36.103218,39.329371],[36.021668,39.263264],[35.948353,39.191657],[35.85171,39.139321],[35.756765,39.085228],[35.659497,39.033764],[35.560654,38.984225],[35.468422,38.927577],[35.378244,38.86903],[35.291444,38.812675]]}},{"type":"Feature","properties":{"average_dip":"(87.5,85.0,90.0)","average_rake":"(-18,-37.0,0.0)","catalog_id":"ME_TRCS185","catalog_name":"EMME","epistemic_quality":"1","lower_seis_depth":"(18.0,,)","net_slip_rate":"(1.0,1.0,1.0)","slip_type":"Dextral","upper_seis_depth":"(0.0,,)"},"geometry":{"type":"LineString","coordinates":[[37.135356,39.851743],[37.076782,39.832512],[37.028336,39.811929],[36.982115,39.787977],[36.935893,39.764025],[36.886885,39.743652],[36.837876,39.72328],[36.783841,39.712919],[36.729805,39.702558],[36.676345,39.690609],[36.622885,39.67866],[36.576007,39.655585],[36.529128,39.632509],[36.483048,39.608532],[36.436968,39.584556],[36.414017,39.545546],[36.364645,39.511971],[36.302648,39.47615]]}},{"type":"Feature","properties":{"average_dip":"(85.0,85.0,85.0)","average_rake":"(-45,-53.0,-37.0)","catalog_id":"ME_TRCS186","catalog_name":"EMME","epistemic_quality":"1","lower_seis_depth":"(10.0,,)","net_slip_rate":"(0.3,0.2,0.4)","slip_type":"Sinistral-Normal","upper_seis_depth":"(2.0,,)"},"geometry":{"type":"LineString","coordinates":[[37.261909,39.841395],[37.19785,39.818341],[37.161973,39.8007],[37.131381,39.776296],[37.099861,39.752626],[37.068341,39.728955],[37.036821,39.705285],[37.006109,39.683664],[36.961304,39.6661],[36.856587,39.62445],[36.773828,39.580693]]}},{"type":"Feature","properties":{"average_dip":"(60.0,60.0,60.0)","average_rake":"(54,54.0,54.0)","catalog_id":"ME_TRCS187","catalog_name":"EMME","epistemic_quality":"1","lower_seis_depth":"(18.0,,)","net_slip_rate":"(1.0,1.0,1.0)","slip_type":"Sinistral-Reverse","upper_seis_depth":"(0.0,,)"},"geometry":{"type":"LineString","coordinates":[[38.167793,39.860081],[38.110645,39.86951],[38.053497,39.878939],[37.996335,39.888371],[37.939172,39.897802],[37.880827,39.900858],[37.822483,39.903913],[37.765964,39.915468],[37.709444,39.927022],[37.65103,39.929516],[37.592616,39.932009],[37.534595,39.926274],[37.476574,39.920539],[37.41809,39.919642],[37.359605,39.918745],[37.30421,39.904362],[37.248815,39.889978],[37.195384,39.871781],[37.141952,39.853583]]}},{"type":"Feature","properties":{"average_dip":"(85.0,85.0,85.0)","average_rake":"(0,0.0,0.0)","catalog_id":"ME_TRCS188","catalog_name":"EMME","epistemic_quality":"1","lower_seis_depth":"(18.0,,)","net_slip_rate":"(0.2,0.1,0.3)","slip_type":"Sinistral","upper_seis_depth":"(0.0,,)"},"geometry":{"type":"LineString","coordinates":[[36.04815,39.41218],[36.011511,39.380975],[35.974871,39.34977],[35.938247,39.318578],[35.901622,39.287385],[35.865013,39.256205],[35.828403,39.225025],[35.791808,39.193858],[35.755213,39.16269],[35.718627,39.13153],[35.68204,39.10037]]}},{"type":"Feature","properties":{"average_dip":"(85.0,85.0,85.0)","average_rake":"(180,180.0,180.0)","catalog_id":"ME_TRCS190","catalog_name":"EMME","epistemic_quality":"1","lower_seis_depth":"(18.0,,)","net_slip_rate":"(0.3,0.2,0.4)","slip_type":"Dextral","upper_seis_depth":"(0.0,,)"},"geometry":{"type":"LineString","coordinates":[[34.895518,39.266432],[34.94748,39.249459],[34.999441,39.232485],[35.051382,39.215519],[35.103322,39.198552],[35.155241,39.181592],[35.20716,39.164632],[35.259058,39.147679],[35.310956,39.130727],[35.362837,39.11378],[35.414718,39.096832]]}},{"type":"Feature","properties":{"average_dip":"(80.0,80.0,80.0)","average_rake":"(-150,-150.0,-150.0)","catalog_id":"ME_TRCS191","catalog_name":"EMME","epistemic_quality":"1","lower_seis_depth":"(16.0,,)","net_slip_rate":"(1.5,0.0001,3.0427)","slip_type":"Dextral-Normal","upper_seis_depth":"(1.0,,)"},"geometry":{"type":"LineString","coordinates":[[31.887926,39.186038],[31.982171,39.134732],[32.07637,39.08345],[32.168804,39.030346],[32.256114,38.97231],[32.35347,38.924983],[32.445239,38.871396],[32.540338,38.82153],[32.635391,38.771687],[32.730399,38.721869],[32.834304,38.684492],[32.941432,38.658897]]}},{"type":"Feature","properties":{"average_dip":"(70.0,70.0,70.0)","average_rake":"(-146,-146.0,-146.0)","catalog_id":"ME_TRCS192","catalog_name":"EMME","epistemic_quality":"1","lower_seis_depth":"(10.0,,)","net_slip_rate":"(1.6,0.0001,3.1832)","slip_type":"Dextral-Normal","upper_seis_depth":"(1.0,,)"},"geometry":{"type":"LineString","coordinates":[[32.169394,39.009827],[32.191334,38.971155],[32.213273,38.932482],[32.261398,38.91288],[32.309523,38.893277],[32.358705,38.880869],[32.407887,38.86846]]}},{"type":"Feature","properties":{"average_dip":"(70.0,70.0,70.0)","average_rake":"(-149,-149.0,-149.0)","catalog_id":"ME_TRCS193","catalog_name":"EMME","epistemic_quality":"1","lower_seis_depth":"(16.0,,)","net_slip_rate":"(1.5,0.0001,3.0468)","slip_type":"Dextral-Normal","upper_seis_depth":"(1.0,,)"},"geometry":{"type":"LineString","coordinates":[[32.02311,39.39159],[32.087319,39.320374],[32.161404,39.255194],[32.241429,39.194423],[32.321148,39.133465],[32.40405,39.075172],[32.495053,39.024757],[32.586013,38.974366],[32.656308,38.906932],[32.743172,38.85249],[32.813898,38.78541],[32.84538,38.76466]]}},{"type":"Feature","properties":{"average_dip":"(80.0,80.0,80.0)","average_rake":"(180,180.0,180.0)","catalog_id":"ME_TRCS194","catalog_name":"EMME","epistemic_quality":"1","lower_seis_depth":"(16.0,,)","net_slip_rate":"(1.5,0.0001,3.0)","slip_type":"Dextral","upper_seis_depth":"(1.0,,)"},"geometry":{"type":"LineString","coordinates":[[32.077327,39.48293],[32.170596,39.42673],[32.263817,39.370558],[32.356992,39.314415],[32.45012,39.2583],[32.543201,39.202213],[32.623883,39.135643],[32.704134,39.068813],[32.802735,39.019011],[32.897083,38.964544],[32.953773,38.884548],[32.981385,38.845585]]}},{"type":"Feature","properties":{"average_dip":"(70.0,70.0,70.0)","average_rake":"(-146,-146.0,-146.0)","catalog_id":"ME_TRCS195","catalog_name":"EMME","epistemic_quality":"1","lower_seis_depth":"(15.0,,)","net_slip_rate":"(1.6,0.0001,3.1832)","slip_type":"Dextral-Normal","upper_seis_depth":"(1.0,,)"},"geometry":{"type":"LineString","coordinates":[[30.842699,39.707609],[30.948433,39.676416],[31.055835,39.648917],[31.168957,39.651318],[31.282118,39.650491],[31.395249,39.648362],[31.500543,39.616487],[31.609282,39.592539],[31.663601,39.516132],[31.763716,39.475839],[31.839818,39.411511],[31.936147,39.366239],[31.983643,39.309126],[32.031138,39.252012]]}},{"type":"Feature","properties":{"average_dip":"(70.0,70.0,70.0)","average_rake":"(-146,-146.0,-146.0)","catalog_id":"ME_TRCS196","catalog_name":"EMME","epistemic_quality":"1","lower_seis_depth":"(15.0,,)","net_slip_rate":"(1.6,0.0001,3.1832)","slip_type":"Dextral-Normal","upper_seis_depth":"(1.0,,)"},"geometry":{"type":"LineString","coordinates":[[30.924923,39.622417],[30.982335,39.60439],[31.039747,39.586363],[31.097134,39.568344],[31.15452,39.550324],[31.211881,39.532313],[31.269242,39.514302],[31.326634,39.496404],[31.384025,39.478505],[31.441245,39.460342],[31.498465,39.442179],[31.550321,39.416164],[31.602177,39.390148],[31.654006,39.364147],[31.705834,39.338145],[31.751458,39.315256],[31.797081,39.292367]]}},{"type":"Feature","properties":{"average_dip":"(65.0,60.0,70.0)","average_rake":"(-138,-146.0,-130.0)","catalog_id":"ME_TRCS197","catalog_name":"EMME","epistemic_quality":"1","lower_seis_depth":"(15.0,,)","net_slip_rate":"(1.6,0.0001,3.1832)","slip_type":"Dextral-Normal","upper_seis_depth":"(0.0,,)"},"geometry":{"type":"LineString","coordinates":[[30.737855,39.8636],[30.775923,39.877928],[30.813992,39.892256],[30.85206,39.906584],[30.892375,39.916713],[30.932691,39.926843],[30.973006,39.936972],[31.013229,39.926632],[31.053453,39.916292],[31.093676,39.905952],[31.132939,39.895858],[31.172202,39.885765],[31.211465,39.875671]]}},{"type":"Feature","properties":{"average_dip":"(56.0,56.0,56.0)","average_rake":"(-137,-145.0,-130.0)","catalog_id":"ME_TRCS198","catalog_name":"EMME","epistemic_quality":"1","lower_seis_depth":"(15.0,,)","net_slip_rate":"(1.6,0.0001,3.2334)","slip_type":"Dextral-Normal","upper_seis_depth":"(0.0,,)"},"geometry":{"type":"LineString","coordinates":[[30.340215,39.850701],[30.383826,39.859338],[30.427437,39.867975],[30.471048,39.876612],[30.514783,39.868351],[30.558519,39.86009],[30.602254,39.851829],[30.643922,39.840323],[30.68559,39.828816],[30.727258,39.81731]]}},{"type":"Feature","properties":{"average_dip":"(70.0,70.0,70.0)","average_rake":"(-146,-146.0,-146.0)","catalog_id":"ME_TRCS199","catalog_name":"EMME","epistemic_quality":"1","lower_seis_depth":"(15.0,,)","net_slip_rate":"(1.6,0.0001,3.1832)","slip_type":"Dextral-Normal","upper_seis_depth":"(0.0,,)"},"geometry":{"type":"LineString","coordinates":[[30.224873,39.807559],[30.273911,39.792379],[30.322949,39.777199],[30.371968,39.762025],[30.420987,39.746851],[30.472869,39.739205],[30.524751,39.731559],[30.573611,39.716149],[30.622471,39.700738],[30.667482,39.68452],[30.712493,39.668302]]}},{"type":"Feature","properties":{"average_dip":"(70.0,70.0,70.0)","average_rake":"(-146,-146.0,-146.0)","catalog_id":"ME_TRCS200","catalog_name":"EMME","epistemic_quality":"1","lower_seis_depth":"(15.0,,)","net_slip_rate":"(1.6,0.0001,3.1832)","slip_type":"Dextral-Normal","upper_seis_depth":"(0.0,,)"},"geometry":{"type":"LineString","coordinates":[[30.303447,39.860241],[30.249472,39.869705],[30.195496,39.879168],[30.141507,39.888634],[30.087517,39.898101],[30.03351,39.90757],[29.979502,39.917039]]}},{"type":"Feature","properties":{"average_dip":"(72.5,70.0,75.0)","average_rake":"(-144,-146.0,-142.0)","catalog_id":"ME_TRCS202","catalog_name":"EMME","epistemic_quality":"1","lower_seis_depth":"(13.0,,)","net_slip_rate":"(1.6,0.0001,3.1736)","slip_type":"Dextral-Normal","upper_seis_depth":"(0.0,,)"},"geometry":{"type":"LineString","coordinates":[[29.217282,40.16646],[29.270271,40.150127],[29.32326,40.133793],[29.370416,40.109168],[29.417571,40.084542],[29.460192,40.05551],[29.502813,40.026477],[29.552297,40.004788],[29.601781,39.983098],[29.648972,39.958628],[29.696162,39.934157],[29.749669,39.919216],[29.803175,39.904275],[29.859096,39.896123],[29.915017,39.88797],[29.968942,39.874027],[30.022866,39.860083],[30.06152,39.854308]]}},{"type":"Feature","properties":{"average_dip":"(40.0,40.0,40.0)","average_rake":"(-68,-68.0,-68.0)","catalog_id":"ME_TRCS203","catalog_name":"EMME","epistemic_quality":"1","lower_seis_depth":"(15.0,,)","net_slip_rate":"None","slip_type":"Normal","upper_seis_depth":"(1.0,,)"},"geometry":{"type":"LineString","coordinates":[[31.375422,38.390347],[31.443732,38.322771],[31.512017,38.255219],[31.580278,38.187691],[31.660247,38.128681],[31.7454,38.074401],[31.830515,38.020144],[31.915592,37.965912],[32.00063,37.911704],[32.08563,37.85752],[32.170592,37.803361],[32.255204,37.749425]]}},{"type":"Feature","properties":{"average_dip":"(40.0,40.0,40.0)","average_rake":"(-68,-68.0,-68.0)","catalog_id":"ME_TRCS204","catalog_name":"EMME","epistemic_quality":"1","lower_seis_depth":"(15.0,,)","net_slip_rate":"None","slip_type":"Normal","upper_seis_depth":"(1.0,,)"},"geometry":{"type":"LineString","coordinates":[[31.073959,38.586991],[31.111444,38.572482],[31.14893,38.557973],[31.186415,38.543464],[31.217147,38.521299],[31.247878,38.499134],[31.27861,38.476969],[31.308014,38.454007],[31.337419,38.431045],[31.366823,38.408083]]}},{"type":"Feature","properties":{"average_dip":"(54.0,54.0,54.0)","average_rake":"(-51,-51.0,-51.0)","catalog_id":"ME_TRCS205","catalog_name":"EMME","epistemic_quality":"1","lower_seis_depth":"(15.0,,)","net_slip_rate":"None","slip_type":"Sinistral-Normal","upper_seis_depth":"(1.0,,)"},"geometry":{"type":"LineString","coordinates":[[30.800322,38.609122],[30.845824,38.605202],[30.891325,38.601282],[30.936827,38.597362],[30.982324,38.593442],[31.051624,38.587376]]}},{"type":"Feature","properties":{"average_dip":"(80.0,70.0,90.0)","average_rake":"(-140,-140.0,-140.0)","catalog_id":"ME_TRCS206","catalog_name":"EMME","epistemic_quality":"1","lower_seis_depth":"(15.0,,)","net_slip_rate":"None","slip_type":"Dextral-Normal","upper_seis_depth":"(1.0,,)"},"geometry":{"type":"LineString","coordinates":[[29.820998,38.800826],[29.870517,38.783571],[29.920035,38.766316],[29.969533,38.749068],[30.019032,38.73182],[30.073111,38.72901],[30.12719,38.726199],[30.181115,38.721999],[30.23504,38.7178],[30.284672,38.713934],[30.334304,38.710069]]}},{"type":"Feature","properties":{"average_dip":"(80.0,70.0,90.0)","average_rake":"(-140,-140.0,-140.0)","catalog_id":"ME_TRCS207","catalog_name":"EMME","epistemic_quality":"1","lower_seis_depth":"(15.0,,)","net_slip_rate":"None","slip_type":"Dextral-Normal","upper_seis_depth":"(1.0,,)"},"geometry":{"type":"LineString","coordinates":[[29.479808,38.921246],[29.521238,38.890413],[29.562668,38.85958],[29.612352,38.83738],[29.662036,38.815179],[29.716072,38.800875],[29.770108,38.786571]]}},{"type":"Feature","properties":{"average_dip":"(52.0,52.0,52.0)","average_rake":"(-90,-90.0,-90.0)","catalog_id":"ME_TRCS208","catalog_name":"EMME","epistemic_quality":"1","lower_seis_depth":"(15.0,,)","net_slip_rate":"None","slip_type":"Normal","upper_seis_depth":"(0.0,,)"},"geometry":{"type":"LineString","coordinates":[[28.911108,39.101879],[28.963713,39.082129],[29.016318,39.062379],[29.068899,39.042638],[29.12148,39.022897],[29.174037,39.003165],[29.226594,38.983432],[29.279127,38.963708],[29.33166,38.943985],[29.389933,38.942194],[29.448206,38.940402],[29.503534,38.954763],[29.558862,38.969123],[29.609914,38.982374],[29.660965,38.995625]]}},{"type":"Feature","properties":{"average_dip":"(56.0,56.0,56.0)","average_rake":"(-90,-90.0,-90.0)","catalog_id":"ME_TRCS209","catalog_name":"EMME","epistemic_quality":"1","lower_seis_depth":"(15.0,,)","net_slip_rate":"None","slip_type":"Normal","upper_seis_depth":"(1.0,,)"},"geometry":{"type":"LineString","coordinates":[[28.90582,39.108938],[28.865417,39.115577],[28.825015,39.122216],[28.784612,39.128855],[28.744199,39.135496],[28.703785,39.142137],[28.663372,39.148778],[28.622947,39.155421],[28.582523,39.162063],[28.542098,39.168706],[28.501661,39.175351],[28.461225,39.181995],[28.420788,39.18864]]}},{"type":"Feature","properties":{"average_dip":"(50.0,50.0,50.0)","average_rake":"(-95,-95.0,-95.0)","catalog_id":"ME_TRCS210","catalog_name":"EMME","epistemic_quality":"1","lower_seis_depth":"(15.0,,)","net_slip_rate":"(5.0,4.9605,5.0246)","slip_type":"Normal","upper_seis_depth":"(1.0,,)"},"geometry":{"type":"LineString","coordinates":[[28.332585,39.146565],[28.281087,39.166223],[28.229588,39.18588],[28.178067,39.205546],[28.126545,39.225212],[28.074997,39.244889],[28.023449,39.264565]]}},{"type":"Feature","properties":{"average_dip":"(50.0,50.0,50.0)","average_rake":"(-90,-90.0,-90.0)","catalog_id":"ME_TRCS211","catalog_name":"EMME","epistemic_quality":"1","lower_seis_depth":"(15.0,,)","net_slip_rate":"(0.7,0.0001,1.3054)","slip_type":"Normal","upper_seis_depth":"(0.0,,)"},"geometry":{"type":"LineString","coordinates":[[31.694125,38.567794],[31.673636,38.535092],[31.653148,38.502389],[31.632659,38.469687],[31.616265,38.426604],[31.59987,38.38352]]}},{"type":"Feature","properties":{"average_dip":"(50.0,50.0,50.0)","average_rake":"(-104,-118.0,-90.0)","catalog_id":"ME_TRCS212","catalog_name":"EMME","epistemic_quality":"1","lower_seis_depth":"(10.0,,)","net_slip_rate":"(0.7,0.0001,1.3092)","slip_type":"Normal","upper_seis_depth":"(0.0,,)"},"geometry":{"type":"LineString","coordinates":[[31.40086,38.594195],[31.462998,38.610637],[31.510488,38.632086],[31.550174,38.653328],[31.593265,38.675033],[31.623736,38.703156]]}},{"type":"Feature","properties":{"average_dip":"(50.0,50.0,50.0)","average_rake":"(-90,-90.0,-90.0)","catalog_id":"ME_TRCS213","catalog_name":"EMME","epistemic_quality":"1","lower_seis_depth":"(10.0,,)","net_slip_rate":"(0.7,0.0001,1.3054)","slip_type":"Normal","upper_seis_depth":"(0.0,,)"},"geometry":{"type":"LineString","coordinates":[[31.484067,38.960748],[31.47258,38.918921],[31.461093,38.877095],[31.449606,38.835271],[31.438119,38.793447],[31.413016,38.75542],[31.387913,38.717393],[31.375777,38.703026],[31.321562,38.634297]]}},{"type":"Feature","properties":{"average_dip":"(70.0,70.0,70.0)","average_rake":"(-16,-16.0,-16.0)","catalog_id":"ME_TRCS214","catalog_name":"EMME","epistemic_quality":"1","lower_seis_depth":"(20.0,,)","net_slip_rate":"(2.1,1.0,3.1832)","slip_type":"Sinistral","upper_seis_depth":"(2.0,,)"},"geometry":{"type":"LineString","coordinates":[[43.785329,38.091767],[43.817367,38.127583],[43.849404,38.163399],[43.881452,38.199226],[43.913501,38.235054],[43.926749,38.277595],[43.939996,38.320136],[43.938343,38.361602],[43.936689,38.403067]]}},{"type":"Feature","properties":{"average_dip":"(50.0,50.0,50.0)","average_rake":"(-90,-90.0,-90.0)","catalog_id":"ME_TRCS215","catalog_name":"EMME","epistemic_quality":"1","lower_seis_depth":"(10.0,,)","net_slip_rate":"(0.7,0.0001,1.3054)","slip_type":"Normal","upper_seis_depth":"(0.0,,)"},"geometry":{"type":"LineString","coordinates":[[31.344749,38.867601],[31.32246,38.842735],[31.300171,38.817869],[31.277882,38.793003],[31.255601,38.768145],[31.233319,38.743286],[31.211038,38.718428]]}},{"type":"Feature","properties":{"average_dip":"(50.0,50.0,50.0)","average_rake":"(-104,-118.0,-90.0)","catalog_id":"ME_TRCS216","catalog_name":"EMME","epistemic_quality":"1","lower_seis_depth":"(10.0,,)","net_slip_rate":"(0.7,0.0001,1.3092)","slip_type":"Normal","upper_seis_depth":"(1.0,,)"},"geometry":{"type":"LineString","coordinates":[[31.03033,38.869139],[31.053342,38.837947],[31.076355,38.806756],[31.099367,38.775564],[31.136591,38.756519],[31.173814,38.737473],[31.211038,38.718428]]}},{"type":"Feature","properties":{"average_dip":"(50.0,50.0,50.0)","average_rake":"(-90,-90.0,-90.0)","catalog_id":"ME_TRCS217","catalog_name":"EMME","epistemic_quality":"1","lower_seis_depth":"(10.0,,)","net_slip_rate":"(0.7,0.0001,1.3054)","slip_type":"Normal","upper_seis_depth":"(1.0,,)"},"geometry":{"type":"LineString","coordinates":[[30.98967,38.697908],[31.001866,38.740082],[31.014061,38.782256],[30.991773,38.821849],[30.969484,38.861442],[30.946558,38.900822],[30.923631,38.940202],[30.914524,38.978588],[30.905416,39.016974]]}},{"type":"Feature","properties":{"average_dip":"(50.0,50.0,50.0)","average_rake":"(-116,-116.0,-116.0)","catalog_id":"ME_TRCS223","catalog_name":"EMME","epistemic_quality":"1","lower_seis_depth":"(12.0,,)","net_slip_rate":"None","slip_type":"Dextral-Normal","upper_seis_depth":"(1.0,,)"},"geometry":{"type":"LineString","coordinates":[[30.635672,38.658654],[30.596645,38.682722],[30.557618,38.706789],[30.521641,38.733617],[30.485664,38.760445],[30.45256,38.789268],[30.419456,38.818091]]}},{"type":"Feature","properties":{"average_dip":"(50.0,50.0,50.0)","average_rake":"(-125,-125.0,-125.0)","catalog_id":"ME_TRCS226","catalog_name":"EMME","epistemic_quality":"1","lower_seis_depth":"(10.0,,)","net_slip_rate":"(0.7,0.0001,1.3979)","slip_type":"Dextral-Normal","upper_seis_depth":"(1.0,,)"},"geometry":{"type":"LineString","coordinates":[[30.040627,38.938117],[30.075877,38.920311],[30.111126,38.902506],[30.146376,38.8847],[30.181607,38.866904],[30.216838,38.849107],[30.252069,38.831311],[30.302183,38.824636],[30.352296,38.817961]]}},{"type":"Feature","properties":{"average_dip":"(40.0,40.0,40.0)","average_rake":"(-118,-118.0,-118.0)","catalog_id":"ME_TRCS231","catalog_name":"EMME","epistemic_quality":"1","lower_seis_depth":"(10.0,,)","net_slip_rate":"(0.8,0.0001,1.5589)","slip_type":"Dextral-Normal","upper_seis_depth":"(1.0,,)"},"geometry":{"type":"LineString","coordinates":[[28.351609,39.252083],[28.304746,39.266134],[28.257883,39.280185],[28.211004,39.294241],[28.164124,39.308296],[28.117226,39.322357],[28.070327,39.336419]]}},{"type":"Feature","properties":{"average_dip":"(70.0,70.0,70.0)","average_rake":"(-146,-146.0,-146.0)","catalog_id":"ME_TRCS232","catalog_name":"EMME","epistemic_quality":"1","lower_seis_depth":"(15.0,,)","net_slip_rate":"(1.6,0.0001,3.1832)","slip_type":"Dextral-Normal","upper_seis_depth":"(1.0,,)"},"geometry":{"type":"LineString","coordinates":[[27.67261,38.784217],[27.753898,38.852578],[27.835222,38.92097],[27.823265,39.013696],[27.891994,39.090091],[27.957908,39.168002],[27.990121,39.257787],[28.052346,39.337573],[28.100308,39.423071],[28.157554,39.505115],[28.162,39.598244]]}},{"type":"Feature","properties":{"average_dip":"(70.0,70.0,70.0)","average_rake":"(180,180.0,180.0)","catalog_id":"ME_TRCS233","catalog_name":"EMME","epistemic_quality":"1","lower_seis_depth":"(15.0,,)","net_slip_rate":"(2.0,2.0,2.0)","slip_type":"Dextral","upper_seis_depth":"(1.0,,)"},"geometry":{"type":"LineString","coordinates":[[28.374863,39.81843],[28.3253,39.791081],[28.275736,39.763732],[28.226198,39.736397],[28.17666,39.709063],[28.127148,39.681743],[28.077637,39.654422],[28.028151,39.627116],[27.978665,39.59981],[27.929205,39.572519],[27.879745,39.545227],[27.830311,39.51795],[27.780876,39.490672],[27.731454,39.463401],[27.682032,39.43613]]}},{"type":"Feature","properties":{"average_dip":"(70.0,70.0,70.0)","average_rake":"(-166,-166.0,-166.0)","catalog_id":"ME_TRCS234","catalog_name":"EMME","epistemic_quality":"1","lower_seis_depth":"(15.0,,)","net_slip_rate":"(2.1,2.0,2.2655)","slip_type":"Dextral","upper_seis_depth":"(1.0,,)"},"geometry":{"type":"LineString","coordinates":[[27.543105,39.616842],[27.597139,39.618182],[27.651172,39.619521],[27.705208,39.62086],[27.759243,39.622199],[27.813283,39.623539],[27.867323,39.624878]]}},{"type":"Feature","properties":{"average_dip":"(40.0,40.0,40.0)","average_rake":"(-60,-62.0,-59.0)","catalog_id":"ME_TRCS235","catalog_name":"EMME","epistemic_quality":"1","lower_seis_depth":"(12.0,,)","net_slip_rate":"(0.8,0.0001,1.5844)","slip_type":"Sinistral-Normal","upper_seis_depth":"(1.0,,)"},"geometry":{"type":"LineString","coordinates":[[32.89682,38.559219],[32.846209,38.481157],[32.795609,38.403111],[32.74502,38.325083],[32.694442,38.247072],[32.643876,38.169077],[32.59332,38.0911],[32.513688,38.030024],[32.455938,37.955257],[32.398204,37.880511],[32.340486,37.805786]]}},{"type":"Feature","properties":{"average_dip":"(55.0,55.0,55.0)","average_rake":"(-29,-29.0,-29.0)","catalog_id":"ME_TRCS236","catalog_name":"EMME","epistemic_quality":"1","lower_seis_depth":"(12.0,,)","net_slip_rate":"(0.5,0.0001,1.0074)","slip_type":"Sinistral-Normal","upper_seis_depth":"(1.0,,)"},"geometry":{"type":"LineString","coordinates":[[33.512145,39.935588],[33.428849,39.870153],[33.403828,39.814814],[33.362451,39.731888],[33.333413,39.639488],[33.291139,39.553095],[33.249312,39.466588],[33.207492,39.380095],[33.165392,39.293698],[33.132687,39.204908],[33.105922,39.114937],[33.097215,39.022854],[33.08911,38.93714]]}},{"type":"Feature","properties":{"average_dip":"(60.0,60.0,60.0)","average_rake":"(0,0.0,0.0)","catalog_id":"ME_TRCS237","catalog_name":"EMME","epistemic_quality":"1","lower_seis_depth":"(12.0,,)","net_slip_rate":"(0.5,0.0001,1.0)","slip_type":"Sinistral","upper_seis_depth":"(1.0,,)"},"geometry":{"type":"LineString","coordinates":[[32.7162,39.1843],[32.718441,39.229625],[32.720681,39.27495],[32.722922,39.320275],[32.725163,39.365601],[32.727404,39.410927],[32.729644,39.456252],[32.731885,39.501577],[32.734125,39.546903],[32.736366,39.592229],[32.738607,39.637554],[32.740848,39.68288],[32.743088,39.728205],[32.745329,39.773538],[32.74757,39.81887]]}},{"type":"Feature","properties":{"average_dip":"(70.0,70.0,70.0)","average_rake":"(-38,-38.0,-38.0)","catalog_id":"ME_TRCS238","catalog_name":"EMME","epistemic_quality":"1","lower_seis_depth":"(15.0,,)","net_slip_rate":"(0.6,0.0001,1.1327)","slip_type":"Sinistral-Normal","upper_seis_depth":"(1.0,,)"},"geometry":{"type":"LineString","coordinates":[[32.37208,39.765835],[32.404282,39.805665],[32.436484,39.845494],[32.468697,39.885336],[32.500909,39.925178],[32.533132,39.965033],[32.565355,40.004888],[32.60255,40.042137],[32.639745,40.079385],[32.686087,40.110081],[32.732428,40.140777],[32.778794,40.171489],[32.825159,40.202201],[32.871086,40.232622],[32.917012,40.263043]]}},{"type":"Feature","properties":{"average_dip":"(70.0,70.0,70.0)","average_rake":"(-38,-38.0,-38.0)","catalog_id":"ME_TRCS239","catalog_name":"EMME","epistemic_quality":"1","lower_seis_depth":"(15.0,,)","net_slip_rate":"(0.6,0.0001,1.1327)","slip_type":"Sinistral-Normal","upper_seis_depth":"(1.0,,)"},"geometry":{"type":"LineString","coordinates":[[32.65965,40.26804],[32.628899,40.231433],[32.598148,40.194825],[32.567407,40.158229],[32.536666,40.121633],[32.505934,40.085049],[32.475203,40.048464],[32.444481,40.011891],[32.413759,39.975318],[32.383047,39.938757],[32.352334,39.902195],[32.321631,39.865645],[32.290929,39.829095],[32.260236,39.792556],[32.229542,39.756017],[32.198859,39.71949],[32.168175,39.682962],[32.137493,39.646436],[32.10681,39.60991]]}},{"type":"Feature","properties":{"average_dip":"(80.0,80.0,80.0)","average_rake":"(0,0.0,0.0)","catalog_id":"ME_TRCS240","catalog_name":"EMME","epistemic_quality":"1","lower_seis_depth":"(15.0,,)","net_slip_rate":"(0.5,0.0001,1.0)","slip_type":"Sinistral","upper_seis_depth":"(1.0,,)"},"geometry":{"type":"LineString","coordinates":[[31.60871,40.062415],[31.715862,40.091836],[31.823056,40.121268],[31.930291,40.150712],[32.037567,40.180167],[32.144885,40.209633],[32.248984,40.245292],[32.348986,40.287311],[32.449037,40.329349],[32.549135,40.371408],[32.633733,40.43004],[32.711939,40.493664],[32.789209,40.556526]]}},{"type":"Feature","properties":{"average_dip":"(70.0,70.0,70.0)","average_rake":"(-38,-38.0,-38.0)","catalog_id":"ME_TRCS241","catalog_name":"EMME","epistemic_quality":"1","lower_seis_depth":"(15.0,,)","net_slip_rate":"(0.6,0.0001,1.1327)","slip_type":"Sinistral-Normal","upper_seis_depth":"(1.0,,)"},"geometry":{"type":"LineString","coordinates":[[32.494919,40.38273],[32.437575,40.385718],[32.380231,40.388706],[32.322881,40.391694],[32.265531,40.394681]]}},{"type":"Feature","properties":{"average_dip":"(87.0,84.0,90.0)","average_rake":"(-176,-176.0,-176.0)","catalog_id":"ME_TRCS243","catalog_name":"EMME","epistemic_quality":"1","lower_seis_depth":"(12.0,,)","net_slip_rate":"(1.5,1.0,2.0101)","slip_type":"Dextral","upper_seis_depth":"(1.0,,)"},"geometry":{"type":"LineString","coordinates":[[32.50433,39.4151],[32.492167,39.443825],[32.480004,39.472551],[32.467841,39.501276],[32.452586,39.529114],[32.437331,39.556951],[32.422076,39.584789],[32.407261,39.612773],[32.392446,39.640758],[32.377631,39.668742],[32.364732,39.697288],[32.351832,39.725833],[32.338933,39.754379],[32.326856,39.79271],[32.31478,39.83104]]}},{"type":"Feature","properties":{"average_dip":"(77.0,77.0,77.0)","average_rake":"(0,0.0,0.0)","catalog_id":"ME_TRCS244","catalog_name":"EMME","epistemic_quality":"1","lower_seis_depth":"(12.0,,)","net_slip_rate":"(0.5,0.0001,1.0)","slip_type":"Sinistral","upper_seis_depth":"(1.0,,)"},"geometry":{"type":"LineString","coordinates":[[33.10191,40.26804],[33.087863,40.238786],[33.073815,40.209532],[33.059768,40.180278],[33.045723,40.151029],[33.031677,40.121779],[33.017632,40.09253],[33.003588,40.063283],[32.989544,40.034037],[32.9755,40.00479]]}},{"type":"Feature","properties":{"average_dip":"(70.0,70.0,70.0)","average_rake":"(-38,-38.0,-38.0)","catalog_id":"ME_TRCS245","catalog_name":"EMME","epistemic_quality":"1","lower_seis_depth":"(15.0,,)","net_slip_rate":"(0.6,0.0001,1.1327)","slip_type":"Sinistral-Normal","upper_seis_depth":"(1.0,,)"},"geometry":{"type":"LineString","coordinates":[[33.371864,39.924721],[33.397142,39.949889],[33.422419,39.975056],[33.421276,40.002923],[33.436727,40.030855],[33.425757,40.061486],[33.414787,40.092117],[33.409034,40.123573],[33.40328,40.15503],[33.397527,40.186486],[33.405494,40.21766],[33.413461,40.248835],[33.421428,40.280009],[33.430308,40.314757],[33.439188,40.349504]]}},{"type":"Feature","properties":{"average_dip":"(70.0,70.0,70.0)","average_rake":"(-38,-38.0,-38.0)","catalog_id":"ME_TRCS246","catalog_name":"EMME","epistemic_quality":"1","lower_seis_depth":"(15.0,,)","net_slip_rate":"(0.6,0.0001,1.1327)","slip_type":"Sinistral-Normal","upper_seis_depth":"(1.0,,)"},"geometry":{"type":"LineString","coordinates":[[33.558986,39.963761],[33.635084,40.087087],[33.681238,40.120025],[33.727416,40.15298],[33.773593,40.185934],[33.819795,40.218906],[33.865996,40.251877],[33.912221,40.284866],[33.958446,40.317855],[33.989281,40.33986],[34.020115,40.361865],[34.05095,40.38387]]}},{"type":"Feature","properties":{"average_dip":"(87.0,87.0,87.0)","average_rake":"(174,174.0,174.0)","catalog_id":"ME_TRCS247","catalog_name":"EMME","epistemic_quality":"1","lower_seis_depth":"(15.0,,)","net_slip_rate":"(0.9,0.25,1.5)","slip_type":"Dextral","upper_seis_depth":"(1.0,,)"},"geometry":{"type":"LineString","coordinates":[[34.947935,38.931297],[34.840865,38.965237],[34.733751,38.999192],[34.626593,39.03316],[34.51939,39.067142],[34.41741,39.109806],[34.333241,39.171643],[34.254168,39.237459],[34.175062,39.303304],[34.095921,39.369177],[34.007725,39.427835],[33.912429,39.479523],[33.817086,39.531237],[33.718012,39.578679],[33.636127,39.642757],[33.557936,39.709573],[33.481616,39.774789]]}},{"type":"Feature","properties":{"average_dip":"(70.0,70.0,70.0)","average_rake":"(-29,-29.0,-29.0)","catalog_id":"ME_TRCS250","catalog_name":"EMME","epistemic_quality":"1","lower_seis_depth":"(15.0,,)","net_slip_rate":"(0.5,0.0001,1.0056)","slip_type":"Sinistral-Normal","upper_seis_depth":"(1.0,,)"},"geometry":{"type":"LineString","coordinates":[[33.337017,39.509185],[33.352045,39.549452],[33.367074,39.589723],[33.382103,39.629994],[33.397133,39.670269],[33.412164,39.710544],[33.427196,39.750823]]}},{"type":"Feature","properties":{"average_dip":"(87.0,87.0,87.0)","average_rake":"(0,0.0,0.0)","catalog_id":"ME_TRCS252","catalog_name":"EMME","epistemic_quality":"1","lower_seis_depth":"(15.0,,)","net_slip_rate":"(0.5,0.0001,1.0)","slip_type":"Sinistral","upper_seis_depth":"(1.0,,)"},"geometry":{"type":"LineString","coordinates":[[33.148953,39.429903],[33.179459,39.45106],[33.195874,39.489905],[33.212291,39.528754],[33.228708,39.567603],[33.245127,39.606457],[33.261547,39.645311]]}},{"type":"Feature","properties":{"average_dip":"(87.0,87.0,87.0)","average_rake":"(-29,-29.0,-29.0)","catalog_id":"ME_TRCS253","catalog_name":"EMME","epistemic_quality":"1","lower_seis_depth":"(12.0,,)","net_slip_rate":"(0.5,0.0001,1.005)","slip_type":"Sinistral-Normal","upper_seis_depth":"(1.0,,)"},"geometry":{"type":"LineString","coordinates":[[33.065926,39.537773],[33.098121,39.573415],[33.130316,39.609058],[33.162522,39.644712],[33.194728,39.680366],[33.226813,39.716102],[33.258898,39.751837],[33.269789,39.794454],[33.28068,39.837071],[33.290493,39.879809],[33.300306,39.922547]]}},{"type":"Feature","properties":{"average_dip":"(80.0,80.0,80.0)","average_rake":"(0,0.0,0.0)","catalog_id":"ME_TRCS254","catalog_name":"EMME","epistemic_quality":"1","lower_seis_depth":"(12.0,,)","net_slip_rate":"(0.5,0.0001,1.0)","slip_type":"Sinistral","upper_seis_depth":"(1.0,,)"},"geometry":{"type":"LineString","coordinates":[[32.76954,39.94935],[32.731231,39.933049],[32.692923,39.916748],[32.654614,39.900447],[32.616326,39.884155],[32.578038,39.867862],[32.53975,39.85157]]}},{"type":"Feature","properties":{"average_dip":"(50.0,50.0,50.0)","average_rake":"(-90,-90.0,-90.0)","catalog_id":"ME_TRCS255","catalog_name":"EMME","epistemic_quality":"1","lower_seis_depth":"(15.0,,)","net_slip_rate":"(1.3,0.0001,2.6108)","slip_type":"Normal","upper_seis_depth":"(1.0,,)"},"geometry":{"type":"LineString","coordinates":[[31.079415,38.468238],[31.121098,38.435302],[31.158627,38.349535],[31.219919,38.277284],[31.307241,38.212287],[31.36329,38.161049],[31.428105,38.114662],[31.461487,38.031677],[31.486225,37.959864],[31.554093,37.891545],[31.621937,37.823251],[31.689757,37.75498],[31.730204,37.714265]]}},{"type":"Feature","properties":{"average_dip":"(50.0,50.0,50.0)","average_rake":"(-90,-90.0,-90.0)","catalog_id":"ME_TRCS256","catalog_name":"EMME","epistemic_quality":"1","lower_seis_depth":"(10.0,,)","net_slip_rate":"(1.3,0.0001,2.6108)","slip_type":"Normal","upper_seis_depth":"(1.0,,)"},"geometry":{"type":"LineString","coordinates":[[31.145441,38.093627],[31.168939,38.068075],[31.192438,38.042523],[31.215936,38.016971],[31.239426,37.991428],[31.262916,37.965885],[31.286406,37.940342],[31.309888,37.914808],[31.333369,37.889275],[31.356851,37.863741],[31.377151,37.836574],[31.397451,37.809406],[31.417751,37.782239],[31.44971,37.724955],[31.457009,37.659288]]}},{"type":"Feature","properties":{"average_dip":"(50.0,50.0,50.0)","average_rake":"(-90,-90.0,-90.0)","catalog_id":"ME_TRCS257","catalog_name":"EMME","epistemic_quality":"1","lower_seis_depth":"(10.0,,)","net_slip_rate":"(1.3,0.0001,2.6108)","slip_type":"Normal","upper_seis_depth":"(1.0,,)"},"geometry":{"type":"LineString","coordinates":[[31.81459,37.696137],[31.784142,37.67516],[31.746608,37.663443],[31.709073,37.651725],[31.671539,37.640008],[31.633503,37.630752],[31.595466,37.621495],[31.55743,37.612239]]}},{"type":"Feature","properties":{"average_dip":"(85.0,80.0,90.0)","average_rake":"(180,180.0,180.0)","catalog_id":"ME_TRCS258","catalog_name":"EMME","epistemic_quality":"1","lower_seis_depth":"(10.0,,)","net_slip_rate":"(1.0,0.0001,2.0)","slip_type":"Dextral","upper_seis_depth":"(1.0,,)"},"geometry":{"type":"LineString","coordinates":[[32.825117,36.669785],[32.73539,36.725023],[32.645622,36.780286],[32.555813,36.835575],[32.465963,36.890888],[32.379476,36.949593],[32.312798,37.023016],[32.246097,37.096463],[32.179374,37.169934],[32.102316,37.236718],[32.005039,37.283973],[31.921537,37.345757],[31.837983,37.407556],[31.764714,37.477151],[31.705878,37.554931],[31.681653,37.586964]]}},{"type":"Feature","properties":{"average_dip":"(50.0,50.0,50.0)","average_rake":"(-90,-90.0,-90.0)","catalog_id":"ME_TRCS260","catalog_name":"EMME","epistemic_quality":"1","lower_seis_depth":"(15.0,,)","net_slip_rate":"(0.7,0.0001,1.3054)","slip_type":"Normal","upper_seis_depth":"(1.0,,)"},"geometry":{"type":"LineString","coordinates":[[31.285689,37.005338],[31.282562,37.050663],[31.279434,37.095988],[31.285916,37.141086],[31.292397,37.186184],[31.28727,37.231394],[31.282142,37.276604],[31.287085,37.321828],[31.292028,37.367052],[31.283573,37.411946],[31.275117,37.456839],[31.262832,37.501174],[31.250546,37.545508],[31.242893,37.590495],[31.23524,37.635481],[31.2298,37.667462]]}},{"type":"Feature","properties":{"average_dip":"(50.0,50.0,50.0)","average_rake":"(-90,-90.0,-90.0)","catalog_id":"ME_TRCS261","catalog_name":"EMME","epistemic_quality":"1","lower_seis_depth":"(15.0,,)","net_slip_rate":"(0.7,0.0001,1.3054)","slip_type":"Normal","upper_seis_depth":"(1.0,,)"},"geometry":{"type":"LineString","coordinates":[[30.985415,38.019247],[31.000645,37.9866],[31.015874,37.953952],[31.031104,37.921305],[31.054638,37.891896],[31.078172,37.862486],[31.101706,37.833077],[31.123825,37.805436],[31.145945,37.777794],[31.168064,37.750153]]}},{"type":"Feature","properties":{"average_dip":"(50.0,50.0,50.0)","average_rake":"(-74,-90.0,-59.0)","catalog_id":"ME_TRCS263","catalog_name":"EMME","epistemic_quality":"1","lower_seis_depth":"(15.0,,)","net_slip_rate":"(1.5,1.0,2.0)","slip_type":"Normal","upper_seis_depth":"(1.0,,)"},"geometry":{"type":"LineString","coordinates":[[30.634674,36.913764],[30.608458,36.942188],[30.587381,36.960427],[30.569032,36.980457],[30.545458,37.012381],[30.542913,37.046417],[30.551816,37.079044],[30.55984,37.107454],[30.575257,37.147055],[30.597324,37.18436],[30.59915,37.187448],[30.621499,37.225233]]}},{"type":"Feature","properties":{"average_dip":"(50.0,50.0,50.0)","average_rake":"(-59,-59.0,-59.0)","catalog_id":"ME_TRCS265","catalog_name":"EMME","epistemic_quality":"1","lower_seis_depth":"(15.0,,)","net_slip_rate":"(1.5,1.0,2.0)","slip_type":"Sinistral-Normal","upper_seis_depth":"(1.0,,)"},"geometry":{"type":"LineString","coordinates":[[30.133853,36.486713],[30.163862,36.518476],[30.193871,36.550239],[30.223889,36.582012],[30.253907,36.613784],[30.283937,36.645568],[30.313966,36.677352]]}},{"type":"Feature","properties":{"average_dip":"(50.0,50.0,50.0)","average_rake":"(-74,-90.0,-59.0)","catalog_id":"ME_TRCS266","catalog_name":"EMME","epistemic_quality":"1","lower_seis_depth":"(15.0,,)","net_slip_rate":"(1.5,1.0,2.0)","slip_type":"Normal","upper_seis_depth":"(1.0,,)"},"geometry":{"type":"LineString","coordinates":[[30.258605,36.768634],[30.242888,36.808452],[30.22717,36.84827],[30.23811,36.889104],[30.249049,36.929937],[30.276337,36.965553],[30.303624,37.001169],[30.334469,37.034899],[30.365313,37.068628],[30.376037,37.109503],[30.386761,37.150378],[30.393824,37.191757],[30.400887,37.233136],[30.406072,37.263514],[30.411257,37.293892]]}},{"type":"Feature","properties":{"average_dip":"(50.0,50.0,50.0)","average_rake":"(-78,-78.0,-78.0)","catalog_id":"ME_TRCS268","catalog_name":"EMME","epistemic_quality":"1","lower_seis_depth":"(13.0,,)","net_slip_rate":"(7.4,5.2216,9.6177)","slip_type":"Normal","upper_seis_depth":"(1.0,,)"},"geometry":{"type":"LineString","coordinates":[[29.362743,37.40717],[29.344623,37.368274],[29.326503,37.329377],[29.302186,37.292688],[29.27787,37.255998],[29.243872,37.224574],[29.209874,37.19315],[29.176391,37.162202],[29.142908,37.131253]]}},{"type":"Feature","properties":{"average_dip":"(50.0,50.0,50.0)","average_rake":"(-80,-83.0,-78.0)","catalog_id":"ME_TRCS269","catalog_name":"EMME","epistemic_quality":"1","lower_seis_depth":"(13.0,,)","net_slip_rate":"(7.9,5.2216,10.633)","slip_type":"Normal","upper_seis_depth":"(1.0,,)"},"geometry":{"type":"LineString","coordinates":[[29.26995,37.628289],[29.280081,37.587327],[29.290211,37.546365],[29.29201,37.504648],[29.293809,37.46293],[29.329487,37.437833],[29.365164,37.412735]]}},{"type":"Feature","properties":{"average_dip":"(50.0,50.0,50.0)","average_rake":"(-102,-102.0,-102.0)","catalog_id":"ME_TRCS271","catalog_name":"EMME","epistemic_quality":"1","lower_seis_depth":"(15.0,,)","net_slip_rate":"(7.4,5.2216,9.6177)","slip_type":"Normal","upper_seis_depth":"(1.0,,)"},"geometry":{"type":"LineString","coordinates":[[28.834061,37.364785],[28.865028,37.385575],[28.895995,37.406366],[28.926962,37.427156],[28.960808,37.44492],[28.994653,37.462685],[29.028499,37.480449],[29.044577,37.510027],[29.060656,37.539606],[29.076734,37.569184],[29.110892,37.591031],[29.145049,37.612877]]}},{"type":"Feature","properties":{"average_dip":"(50.0,50.0,50.0)","average_rake":"(-78,-78.0,-78.0)","catalog_id":"ME_TRCS273","catalog_name":"EMME","epistemic_quality":"1","lower_seis_depth":"(13.0,,)","net_slip_rate":"(7.4,5.2216,9.6177)","slip_type":"Normal","upper_seis_depth":"(1.0,,)"},"geometry":{"type":"LineString","coordinates":[[29.277536,36.96533],[29.30828,36.998738],[29.339023,37.032145],[29.377967,37.059588],[29.416911,37.08703],[29.427591,37.114864],[29.43827,37.142697]]}},{"type":"Feature","properties":{"average_dip":"(50.0,50.0,50.0)","average_rake":"(-82,-82.0,-82.0)","catalog_id":"ME_TRCS274","catalog_name":"EMME","epistemic_quality":"1","lower_seis_depth":"(13.0,,)","net_slip_rate":"(7.3,5.2216,9.3542)","slip_type":"Normal","upper_seis_depth":"(1.0,,)"},"geometry":{"type":"LineString","coordinates":[[29.585863,37.085342],[29.545063,37.065027],[29.504263,37.044711],[29.463479,37.024403],[29.422694,37.004095]]}},{"type":"Feature","properties":{"average_dip":"(50.0,50.0,50.0)","average_rake":"(-82,-82.0,-82.0)","catalog_id":"ME_TRCS275","catalog_name":"EMME","epistemic_quality":"1","lower_seis_depth":"(13.0,,)","net_slip_rate":"(5.5,4.0,7.0)","slip_type":"Normal","upper_seis_depth":"(1.0,,)"},"geometry":{"type":"LineString","coordinates":[[29.68784,37.18343],[29.724082,37.193312],[29.760323,37.203195],[29.796565,37.213077],[29.830349,37.1987],[29.864134,37.184323],[29.897918,37.169946],[29.930889,37.141468],[29.96386,37.11299]]}},{"type":"Feature","properties":{"average_dip":"(50.0,50.0,50.0)","average_rake":"(-90,-90.0,-90.0)","catalog_id":"ME_TRCS277","catalog_name":"EMME","epistemic_quality":"1","lower_seis_depth":"(14.0,,)","net_slip_rate":"(3.9,2.6108,5.2216)","slip_type":"Normal","upper_seis_depth":"(1.0,,)"},"geometry":{"type":"LineString","coordinates":[[29.756356,38.371156],[29.743316,38.401491],[29.730275,38.431825],[29.717235,38.46216],[29.723278,38.493818],[29.72932,38.525475],[29.735363,38.557133],[29.743861,38.588447],[29.752359,38.61976],[29.760857,38.651074],[29.790427,38.671894],[29.819998,38.692714],[29.849568,38.713534]]}},{"type":"Feature","properties":{"average_dip":"(50.0,50.0,50.0)","average_rake":"(-90,-90.0,-90.0)","catalog_id":"ME_TRCS278","catalog_name":"EMME","epistemic_quality":"1","lower_seis_depth":"(14.0,,)","net_slip_rate":"(2.6,0.0001,5.2216)","slip_type":"Normal","upper_seis_depth":"(1.0,,)"},"geometry":{"type":"LineString","coordinates":[[29.929232,38.639105],[29.932683,38.599303],[29.936134,38.5595],[29.915487,38.523022],[29.894841,38.486545],[29.864455,38.454526],[29.834068,38.422507],[29.815699,38.392875],[29.797329,38.363243]]}},{"type":"Feature","properties":{"average_dip":"(50.0,50.0,50.0)","average_rake":"(-90,-90.0,-90.0)","catalog_id":"ME_TRCS280","catalog_name":"EMME","epistemic_quality":"1","lower_seis_depth":"(8.0,,)","net_slip_rate":"(1.3,0.0001,2.6108)","slip_type":"Normal","upper_seis_depth":"(1.0,,)"},"geometry":{"type":"LineString","coordinates":[[29.259613,37.950041],[29.305537,37.974502],[29.351461,37.998963],[29.393015,38.0279],[29.434568,38.056837],[29.476406,38.085551],[29.518243,38.114264],[29.555068,38.146976],[29.591893,38.179687],[29.622977,38.215915],[29.654062,38.252142],[29.688547,38.286437],[29.723032,38.320731],[29.775744,38.325865],[29.828455,38.330998]]}},{"type":"Feature","properties":{"average_dip":"(50.0,50.0,50.0)","average_rake":"(-90,-90.0,-90.0)","catalog_id":"ME_TRCS281","catalog_name":"EMME","epistemic_quality":"1","lower_seis_depth":"(15.0,,)","net_slip_rate":"(1.3,0.0001,2.6108)","slip_type":"Normal","upper_seis_depth":"(1.0,,)"},"geometry":{"type":"LineString","coordinates":[[30.767179,38.375373],[30.802649,38.388368],[30.838118,38.401364],[30.873588,38.414359],[30.907133,38.431584],[30.918149,38.450578],[30.917789,38.468888],[30.92753,38.496153],[30.941691,38.537235],[30.955852,38.578316]]}},{"type":"Feature","properties":{"average_dip":"(50.0,50.0,50.0)","average_rake":"(-121,-121.0,-121.0)","catalog_id":"ME_TRCS282","catalog_name":"EMME","epistemic_quality":"1","lower_seis_depth":"(14.0,,)","net_slip_rate":"(1.3,0.0001,2.6583)","slip_type":"Dextral-Normal","upper_seis_depth":"(1.0,,)"},"geometry":{"type":"LineString","coordinates":[[29.58963,36.155942],[29.625155,36.170451],[29.660681,36.18496],[29.696206,36.199469],[29.713777,36.228313],[29.731349,36.257156],[29.74892,36.286],[29.779073,36.307036],[29.809227,36.328072],[29.83938,36.349108],[29.872076,36.382036],[29.904771,36.414964]]}},{"type":"Feature","properties":{"average_dip":"(50.0,50.0,50.0)","average_rake":"(-90,-90.0,-90.0)","catalog_id":"ME_TRCS284","catalog_name":"EMME","epistemic_quality":"1","lower_seis_depth":"(15.0,,)","net_slip_rate":"(1.5,1.0,2.0)","slip_type":"Normal","upper_seis_depth":"(1.0,,)"},"geometry":{"type":"LineString","coordinates":[[30.485436,36.542719],[30.495216,36.586993],[30.504995,36.631267],[30.507075,36.6762],[30.509155,36.721133],[30.518558,36.763427],[30.527961,36.805721]]}},{"type":"Feature","properties":{"average_dip":"(50.0,50.0,50.0)","average_rake":"(-90,-90.0,-90.0)","catalog_id":"ME_TRCS285","catalog_name":"EMME","epistemic_quality":"1","lower_seis_depth":"(15.0,,)","net_slip_rate":"(1.5,1.0,2.0)","slip_type":"Normal","upper_seis_depth":"(1.0,,)"},"geometry":{"type":"LineString","coordinates":[[30.612542,36.589873],[30.593264,36.558152],[30.573987,36.52643],[30.554709,36.494709],[30.535436,36.462995],[30.516163,36.431281],[30.49689,36.399567]]}},{"type":"Feature","properties":{"average_dip":"(50.0,50.0,50.0)","average_rake":"(-90,-90.0,-90.0)","catalog_id":"ME_TRCS286","catalog_name":"EMME","epistemic_quality":"1","lower_seis_depth":"(15.0,,)","net_slip_rate":"(1.5,1.0,2.0)","slip_type":"Normal","upper_seis_depth":"(1.0,,)"},"geometry":{"type":"LineString","coordinates":[[30.549397,36.332374],[30.517106,36.298945],[30.484816,36.265515],[30.452535,36.232095],[30.420254,36.198675]]}},{"type":"Feature","properties":{"average_dip":"(50.0,50.0,50.0)","average_rake":"(-122,-122.0,-122.0)","catalog_id":"ME_TRCS287","catalog_name":"EMME","epistemic_quality":"1","lower_seis_depth":"(8.0,,)","net_slip_rate":"(0.7,0.0001,1.3394)","slip_type":"Dextral-Normal","upper_seis_depth":"(1.0,,)"},"geometry":{"type":"LineString","coordinates":[[29.879157,36.475161],[29.841092,36.462083],[29.803028,36.449004],[29.764963,36.435926],[29.736678,36.411635],[29.708392,36.387344],[29.680107,36.363053],[29.648539,36.341568],[29.61697,36.320084],[29.585402,36.298599],[29.546894,36.289258],[29.508385,36.279918],[29.469877,36.270577]]}},{"type":"Feature","properties":{"average_dip":"(60.0,60.0,60.0)","average_rake":"(-54,-54.0,-54.0)","catalog_id":"ME_TRCS289","catalog_name":"EMME","epistemic_quality":"1","lower_seis_depth":"(14.0,,)","net_slip_rate":"(1.3,0.0001,2.5166)","slip_type":"Sinistral-Normal","upper_seis_depth":"(0.0,,)"},"geometry":{"type":"LineString","coordinates":[[29.250021,36.396482],[29.260573,36.437785],[29.271125,36.479088],[29.304559,36.511583],[29.337993,36.544078],[29.348181,36.585444],[29.358369,36.62681],[29.352126,36.668679],[29.345883,36.710548],[29.316849,36.745716],[29.287815,36.780883],[29.25673,36.801784],[29.225645,36.822685]]}},{"type":"Feature","properties":{"average_dip":"(50.0,50.0,50.0)","average_rake":"(-62,-62.0,-62.0)","catalog_id":"ME_TRCS290","catalog_name":"EMME","epistemic_quality":"1","lower_seis_depth":"(14.0,,)","net_slip_rate":"(2.0,0.0001,3.9277)","slip_type":"Sinistral-Normal","upper_seis_depth":"(1.0,,)"},"geometry":{"type":"LineString","coordinates":[[30.580522,38.082992],[30.633302,38.088122],[30.686082,38.093252],[30.737871,38.102798],[30.789661,38.112343],[30.824525,38.143969],[30.859389,38.175594],[30.890144,38.209769],[30.920898,38.243944],[30.954442,38.27648],[30.987986,38.309016],[31.026658,38.336258],[31.065329,38.3635]]}},{"type":"Feature","properties":{"average_dip":"(50.0,50.0,50.0)","average_rake":"(-60,-60.0,-60.0)","catalog_id":"ME_TRCS292","catalog_name":"EMME","epistemic_quality":"1","lower_seis_depth":"(8.0,,)","net_slip_rate":"(0.7,0.0001,1.3206)","slip_type":"Sinistral-Normal","upper_seis_depth":"(1.0,,)"},"geometry":{"type":"LineString","coordinates":[[30.395801,38.034708],[30.414713,38.06392],[30.433624,38.093131],[30.452536,38.122343],[30.493781,38.127057],[30.535027,38.131771],[30.576272,38.136485],[30.611294,38.154279],[30.646317,38.172073],[30.681339,38.189867],[30.71433,38.209943],[30.747321,38.23002],[30.780312,38.250096],[30.826611,38.282913],[30.87291,38.31573]]}},{"type":"Feature","properties":{"average_dip":"(50.0,50.0,50.0)","average_rake":"(-90,-90.0,-90.0)","catalog_id":"ME_TRCS293","catalog_name":"EMME","epistemic_quality":"1","lower_seis_depth":"(14.0,,)","net_slip_rate":"(1.3,0.0001,2.6108)","slip_type":"Normal","upper_seis_depth":"(0.0,,)"},"geometry":{"type":"LineString","coordinates":[[29.088621,36.618744],[29.133848,36.612525],[29.179074,36.613375],[29.224301,36.617053],[29.264493,36.621717],[29.313491,36.636981]]}},{"type":"Feature","properties":{"average_dip":"(50.0,50.0,50.0)","average_rake":"(-90,-90.0,-90.0)","catalog_id":"ME_TRCS294","catalog_name":"EMME","epistemic_quality":"1","lower_seis_depth":"(14.0,,)","net_slip_rate":"(1.5,1.0,2.0)","slip_type":"Normal","upper_seis_depth":"(1.0,,)"},"geometry":{"type":"LineString","coordinates":[[30.176511,37.081985],[30.16987,37.12486],[30.163229,37.167734],[30.196044,37.20213],[30.228858,37.236525],[30.243695,37.274506],[30.258532,37.312487]]}},{"type":"Feature","properties":{"average_dip":"(50.0,50.0,50.0)","average_rake":"(-62,-62.0,-62.0)","catalog_id":"ME_TRCS295","catalog_name":"EMME","epistemic_quality":"1","lower_seis_depth":"(14.0,,)","net_slip_rate":"(2.0,0.0001,3.9277)","slip_type":"Sinistral-Normal","upper_seis_depth":"(1.0,,)"},"geometry":{"type":"LineString","coordinates":[[30.867744,37.838024],[30.840789,37.860852],[30.813834,37.88368],[30.786879,37.906508],[30.771551,37.936918],[30.772381,37.955485],[30.775599,37.982603],[30.79638,37.999824],[30.824337,38.036416],[30.852293,38.073008]]}},{"type":"Feature","properties":{"average_dip":"(50.0,50.0,50.0)","average_rake":"(-90,-90.0,-90.0)","catalog_id":"ME_TRCS302","catalog_name":"EMME","epistemic_quality":"1","lower_seis_depth":"(14.0,,)","net_slip_rate":"(3.9,2.6108,5.2216)","slip_type":"Normal","upper_seis_depth":"(1.0,,)"},"geometry":{"type":"LineString","coordinates":[[29.591296,37.909564],[29.599695,37.940606],[29.608094,37.971649],[29.616493,38.002691],[29.639793,38.028589],[29.663093,38.054486],[29.686393,38.080384],[29.71043,38.105875],[29.734468,38.131365],[29.758505,38.156856],[29.792911,38.177167],[29.827317,38.197477]]}},{"type":"Feature","properties":{"average_dip":"(50.0,50.0,50.0)","average_rake":"(-71,-71.0,-71.0)","catalog_id":"ME_TRCS303","catalog_name":"EMME","epistemic_quality":"1","lower_seis_depth":"(7.0,,)","net_slip_rate":"(2.0,0.1305,3.948)","slip_type":"Normal","upper_seis_depth":"(1.0,,)"},"geometry":{"type":"LineString","coordinates":[[29.526569,37.801952],[29.57355,37.82295],[29.620531,37.843947],[29.673949,37.837749],[29.727366,37.831551],[29.772865,37.854519],[29.818363,37.877488],[29.86239,37.902212],[29.906416,37.926936],[29.952642,37.949059],[29.998867,37.971182],[30.028841,37.998114],[30.058815,38.025045]]}},{"type":"Feature","properties":{"average_dip":"(55.0,50.0,60.0)","average_rake":"(-80,-90.0,-71.0)","catalog_id":"ME_TRCS304","catalog_name":"EMME","epistemic_quality":"1","lower_seis_depth":"(14.0,,)","net_slip_rate":"(3.7,0.1155,7.1971)","slip_type":"Normal","upper_seis_depth":"(1.0,,)"},"geometry":{"type":"LineString","coordinates":[[29.644904,37.680716],[29.684194,37.709063],[29.723484,37.73741],[29.774451,37.749483],[29.825417,37.761555],[29.869692,37.784909],[29.913967,37.808262],[29.964438,37.82169],[30.014909,37.835117],[30.052895,37.864621],[30.09088,37.894124],[30.096775,37.935935],[30.10267,37.977746],[30.11246,38.001467]]}},{"type":"Feature","properties":{"average_dip":"(50.0,50.0,50.0)","average_rake":"(-90,-90.0,-90.0)","catalog_id":"ME_TRCS306","catalog_name":"EMME","epistemic_quality":"1","lower_seis_depth":"(14.0,,)","net_slip_rate":"(0.7,0.0001,1.3054)","slip_type":"Normal","upper_seis_depth":"(1.0,,)"},"geometry":{"type":"LineString","coordinates":[[30.046746,38.127448],[29.995004,38.128631],[29.940187,38.155061],[29.903208,38.172592],[29.866229,38.190123]]}},{"type":"Feature","properties":{"average_dip":"(50.0,50.0,50.0)","average_rake":"(-88,-90.0,-87.0)","catalog_id":"ME_TRCS309","catalog_name":"EMME","epistemic_quality":"1","lower_seis_depth":"(14.0,,)","net_slip_rate":"(4.3,1.3054,7.1971)","slip_type":"Normal","upper_seis_depth":"(1.0,,)"},"geometry":{"type":"LineString","coordinates":[[29.90348,37.562217],[29.961901,37.55177],[30.020321,37.541323],[30.066725,37.571349],[30.113129,37.601375],[30.148351,37.639801],[30.183572,37.678226],[30.23434,37.703543],[30.285108,37.72886],[30.331637,37.75888],[30.378165,37.788899],[30.40497,37.816681],[30.431774,37.844462]]}},{"type":"Feature","properties":{"average_dip":"(64.0,64.0,64.0)","average_rake":"(-130,-130.0,-130.0)","catalog_id":"ME_TRCS310","catalog_name":"EMME","epistemic_quality":"1","lower_seis_depth":"(15.0,,)","net_slip_rate":"(1.3,0.0001,2.6836)","slip_type":"Dextral-Normal","upper_seis_depth":"(1.0,,)"},"geometry":{"type":"LineString","coordinates":[[30.47808,38.95573],[30.429464,38.975141],[30.380848,38.994551],[30.332211,39.01397],[30.283574,39.033389],[30.234916,39.052817],[30.186258,39.072244],[30.137579,39.09168],[30.088899,39.111116],[30.040198,39.13056],[29.991497,39.150004],[29.942776,39.169457],[29.894054,39.18891],[29.845311,39.208372],[29.796568,39.227833],[29.747804,39.247303],[29.699039,39.266772],[29.650239,39.286256],[29.60144,39.30574]]}},{"type":"Feature","properties":{"average_dip":"(64.0,64.0,64.0)","average_rake":"(-130,-130.0,-130.0)","catalog_id":"ME_TRCS311","catalog_name":"EMME","epistemic_quality":"1","lower_seis_depth":"(15.0,,)","net_slip_rate":"(1.3,0.0001,2.6836)","slip_type":"Dextral-Normal","upper_seis_depth":"(1.0,,)"},"geometry":{"type":"LineString","coordinates":[[28.218619,39.672874],[28.333953,39.66408],[28.449272,39.655287],[28.564576,39.646495],[28.679866,39.637704],[28.795141,39.628914],[28.910402,39.620125],[29.020832,39.593287],[29.127684,39.558996],[29.239501,39.536084],[29.351284,39.513179],[29.463033,39.490281],[29.574747,39.46739],[29.672965,39.514441],[29.779053,39.478985],[29.885096,39.443544],[29.991093,39.408118],[30.097045,39.372708],[30.148197,39.355612]]}},{"type":"Feature","properties":{"average_dip":"(50.0,50.0,50.0)","average_rake":"(-90,-90.0,-90.0)","catalog_id":"ME_TRCS313","catalog_name":"EMME","epistemic_quality":"1","lower_seis_depth":"(14.0,,)","net_slip_rate":"(0.7,0.0001,1.3054)","slip_type":"Normal","upper_seis_depth":"(1.0,,)"},"geometry":{"type":"LineString","coordinates":[[29.13829,39.20767],[29.133756,39.248194],[29.129221,39.288717],[29.146848,39.327038],[29.164475,39.365359],[29.192403,39.399838],[29.22033,39.434316],[29.247045,39.467298]]}},{"type":"Feature","properties":{"average_dip":"(50.0,50.0,50.0)","average_rake":"(-90,-90.0,-90.0)","catalog_id":"ME_TRCS314","catalog_name":"EMME","epistemic_quality":"1","lower_seis_depth":"(15.0,,)","net_slip_rate":"(0.7,0.0001,1.3054)","slip_type":"Normal","upper_seis_depth":"(0.0,,)"},"geometry":{"type":"LineString","coordinates":[[31.84465,38.446525],[31.847881,38.414566],[31.851111,38.382607],[31.854342,38.350648],[31.867469,38.320289],[31.880597,38.289929],[31.893724,38.25957],[31.922256,38.238694],[31.950789,38.217819],[31.979321,38.196943]]}},{"type":"Feature","properties":{"average_dip":"(55.0,50.0,60.0)","average_rake":"(-74,-90.0,-59.0)","catalog_id":"ME_TRCS315","catalog_name":"EMME","epistemic_quality":"1","lower_seis_depth":"(15.0,,)","net_slip_rate":"(0.7,0.0001,1.3054)","slip_type":"Normal","upper_seis_depth":"(0.0,,)"},"geometry":{"type":"LineString","coordinates":[[31.735953,38.155291],[31.793432,38.150823],[31.850911,38.146354],[31.908383,38.141886],[31.965855,38.137418],[32.023581,38.136167],[32.081306,38.134915],[32.138694,38.139998],[32.196081,38.145081],[32.253477,38.150165],[32.310872,38.155248],[32.368276,38.160332],[32.425679,38.165417],[32.48249,38.170449],[32.5393,38.17548]]}},{"type":"Feature","properties":{"average_dip":"(75.0,75.0,75.0)","average_rake":"(-32,-32.0,-32.0)","catalog_id":"ME_TRCS316","catalog_name":"EMME","epistemic_quality":"1","lower_seis_depth":"(13.0,,)","net_slip_rate":"(1.0,0.0001,2.0659)","slip_type":"Sinistral-Normal","upper_seis_depth":"(1.0,,)"},"geometry":{"type":"LineString","coordinates":[[27.250395,39.0344],[27.296999,39.051861],[27.343622,39.06933],[27.390245,39.086799],[27.436887,39.104275],[27.483529,39.121751],[27.530195,39.139236],[27.57686,39.15672]]}},{"type":"Feature","properties":{"average_dip":"(75.0,75.0,75.0)","average_rake":"(-32,-32.0,-32.0)","catalog_id":"ME_TRCS317","catalog_name":"EMME","epistemic_quality":"1","lower_seis_depth":"(13.0,,)","net_slip_rate":"(1.0,0.0001,2.0659)","slip_type":"Sinistral-Normal","upper_seis_depth":"(1.0,,)"},"geometry":{"type":"LineString","coordinates":[[27.24377,39.093757],[27.221727,39.065066],[27.199684,39.036375],[27.177641,39.007684],[27.155605,38.979002],[27.133569,38.95032],[27.111533,38.921638],[27.089504,38.892965],[27.067475,38.864292],[27.045446,38.835619],[27.023423,38.806954],[27.001399,38.778288],[26.979376,38.749623]]}},{"type":"Feature","properties":{"average_dip":"(80.0,80.0,80.0)","average_rake":"(-32,-32.0,-32.0)","catalog_id":"ME_TRCS319","catalog_name":"EMME","epistemic_quality":"1","lower_seis_depth":"(10.0,,)","net_slip_rate":"(1.0,0.0001,2.0634)","slip_type":"Sinistral-Normal","upper_seis_depth":"(1.0,,)"},"geometry":{"type":"LineString","coordinates":[[26.94664,38.764509],[26.968362,38.80084],[26.990085,38.837171],[27.011812,38.873509],[27.033538,38.909847],[27.055268,38.946191],[27.076998,38.982535],[27.098733,39.018887],[27.120467,39.055238]]}},{"type":"Feature","properties":{"average_dip":"(50.0,50.0,50.0)","average_rake":"(-70,-78.0,-63.0)","catalog_id":"ME_TRCS321","catalog_name":"EMME","epistemic_quality":"1","lower_seis_depth":"(10.0,,)","net_slip_rate":"(2.3,2.1987,2.4023)","slip_type":"Normal","upper_seis_depth":"(1.0,,)"},"geometry":{"type":"LineString","coordinates":[[27.947205,38.711021],[27.99628,38.68604],[28.045354,38.661059],[28.097513,38.64028],[28.149671,38.6195],[28.204424,38.603359],[28.259176,38.587218],[28.310573,38.565392],[28.36197,38.543566],[28.406096,38.513576],[28.450222,38.483586],[28.495372,38.454582],[28.540522,38.425577],[28.595087,38.40935],[28.649651,38.393122],[28.699961,38.378159],[28.750271,38.363197]]}},{"type":"Feature","properties":{"average_dip":"(50.0,50.0,50.0)","average_rake":"(-69,-82.0,-57.0)","catalog_id":"ME_TRCS322","catalog_name":"EMME","epistemic_quality":"1","lower_seis_depth":"(13.0,,)","net_slip_rate":"(5.7,5.4658,5.9588)","slip_type":"Normal","upper_seis_depth":"(1.0,,)"},"geometry":{"type":"LineString","coordinates":[[27.464794,38.370822],[27.57414,38.39851],[27.679165,38.435143],[27.776504,38.483135],[27.890452,38.495724],[28.005537,38.495497],[28.116718,38.472285],[28.230712,38.460181],[28.333675,38.420071],[28.436481,38.379802],[28.528798,38.326214],[28.577192,38.244542],[28.687599,38.220223],[28.7529,38.202553]]}},{"type":"Feature","properties":{"average_dip":"(50.0,50.0,50.0)","average_rake":"(-90,-90.0,-90.0)","catalog_id":"ME_TRCS323","catalog_name":"EMME","epistemic_quality":"1","lower_seis_depth":"(10.0,,)","net_slip_rate":"(1.3,0.0001,2.6108)","slip_type":"Normal","upper_seis_depth":"(1.0,,)"},"geometry":{"type":"LineString","coordinates":[[27.80078,38.20894],[27.746779,38.204693],[27.692778,38.200446],[27.638783,38.1962],[27.584788,38.191953],[27.530794,38.187707],[27.4768,38.18346]]}},{"type":"Feature","properties":{"average_dip":"(50.0,50.0,50.0)","average_rake":"(-90,-90.0,-90.0)","catalog_id":"ME_TRCS324","catalog_name":"EMME","epistemic_quality":"1","lower_seis_depth":"(12.0,,)","net_slip_rate":"(1.3,0.0001,2.6108)","slip_type":"Normal","upper_seis_depth":"(1.0,,)"},"geometry":{"type":"LineString","coordinates":[[27.54596,38.02329],[27.604282,38.035441],[27.662604,38.047592],[27.720944,38.059747],[27.779284,38.071901],[27.837643,38.084059],[27.896001,38.096218],[27.955844,38.102555],[28.015687,38.108891],[28.074728,38.098937],[28.133769,38.088982],[28.19115,38.077976],[28.24853,38.06697]]}},{"type":"Feature","properties":{"average_dip":"(50.0,50.0,50.0)","average_rake":"(-66,-66.0,-66.0)","catalog_id":"ME_TRCS330","catalog_name":"EMME","epistemic_quality":"1","lower_seis_depth":"(13.0,,)","net_slip_rate":"None","slip_type":"Sinistral-Normal","upper_seis_depth":"(0.0,,)"},"geometry":{"type":"LineString","coordinates":[[28.825182,38.067747],[28.862712,38.060937],[28.900242,38.054127],[28.937772,38.047317],[28.967742,38.028287],[28.997713,38.009258],[29.027683,37.990228],[29.054158,37.968232],[29.080632,37.946237],[29.107107,37.924241],[29.145744,37.892141],[29.18438,37.86004]]}},{"type":"Feature","properties":{"average_dip":"(50.0,50.0,50.0)","average_rake":"(-100,-122.0,-78.0)","catalog_id":"ME_TRCS331","catalog_name":"EMME","epistemic_quality":"1","lower_seis_depth":"(13.0,,)","net_slip_rate":"(4.3,3.8276,4.8047)","slip_type":"Normal","upper_seis_depth":"(1.0,,)"},"geometry":{"type":"LineString","coordinates":[[27.5201,37.92966],[27.613632,37.884541],[27.721902,37.871174],[27.830153,37.85781],[27.939692,37.859457],[28.047122,37.876467],[28.154577,37.89348],[28.262055,37.910496],[28.369557,37.927517],[28.478494,37.937472],[28.588151,37.939115],[28.690473,37.970302],[28.800142,37.973093],[28.887451,37.959753]]}},{"type":"Feature","properties":{"average_dip":"(70.0,70.0,70.0)","average_rake":"(-28,-28.0,-28.0)","catalog_id":"ME_TRCS332","catalog_name":"EMME","epistemic_quality":"1","lower_seis_depth":"(13.0,,)","net_slip_rate":"None","slip_type":"Sinistral-Normal","upper_seis_depth":"(1.0,,)"},"geometry":{"type":"LineString","coordinates":[[27.234838,37.834221],[27.279347,37.831843],[27.323855,37.829465],[27.368364,37.827087],[27.412054,37.833999],[27.455745,37.84091],[27.499435,37.847822]]}},{"type":"Feature","properties":{"average_dip":"(50.0,50.0,50.0)","average_rake":"(-60,-60.0,-60.0)","catalog_id":"ME_TRCS335","catalog_name":"EMME","epistemic_quality":"1","lower_seis_depth":"(13.0,,)","net_slip_rate":"None","slip_type":"Sinistral-Normal","upper_seis_depth":"(0.0,,)"},"geometry":{"type":"LineString","coordinates":[[28.745316,37.850238],[28.795525,37.835763],[28.845733,37.821288],[28.895378,37.80569],[28.945022,37.790092],[28.990353,37.76778],[29.035683,37.745468],[29.088661,37.740294],[29.141638,37.73512],[29.193941,37.743559],[29.246244,37.751998],[29.287069,37.747932],[29.327893,37.743866]]}},{"type":"Feature","properties":{"average_dip":"(60.0,50.0,70.0)","average_rake":"(-45,-62.0,-28.0)","catalog_id":"ME_TRCS337","catalog_name":"EMME","epistemic_quality":"1","lower_seis_depth":"(12.0,,)","net_slip_rate":"(1.6,0.8455,2.2655)","slip_type":"Sinistral-Normal","upper_seis_depth":"(1.0,,)"},"geometry":{"type":"LineString","coordinates":[[27.149675,37.432326],[27.198128,37.449966],[27.246581,37.467605],[27.295053,37.485251],[27.343525,37.502897],[27.391707,37.521075],[27.439889,37.539253],[27.459466,37.578624],[27.479044,37.617994],[27.507948,37.653591],[27.536851,37.689188],[27.566367,37.723796],[27.595882,37.758404]]}},{"type":"Feature","properties":{"average_dip":"(70.0,70.0,70.0)","average_rake":"(-33,-33.0,-33.0)","catalog_id":"ME_TRCS339","catalog_name":"EMME","epistemic_quality":"1","lower_seis_depth":"(25.0,,)","net_slip_rate":"(1.0,1.0,1.0)","slip_type":"Sinistral-Normal","upper_seis_depth":"(0.0,,)"},"geometry":{"type":"LineString","coordinates":[[34.97162,37.00786],[35.017804,37.03557],[35.063987,37.06328],[35.110192,37.091003],[35.156397,37.118726],[35.202624,37.146462],[35.248851,37.174198],[35.2951,37.201948],[35.341348,37.229697],[35.387562,37.257518],[35.433776,37.285338],[35.479909,37.313278],[35.526042,37.341218],[35.572197,37.369172],[35.618351,37.397125],[35.666619,37.422768],[35.714886,37.44841],[35.764114,37.472916],[35.813342,37.497422],[35.91177,37.54642]]}},{"type":"Feature","properties":{"average_dip":"(80.0,80.0,80.0)","average_rake":"(4,4.0,4.0)","catalog_id":"ME_TRCS340","catalog_name":"EMME","epistemic_quality":"1","lower_seis_depth":"(25.0,,)","net_slip_rate":"(0.6,0.25,1.0)","slip_type":"Sinistral","upper_seis_depth":"(2.0,,)"},"geometry":{"type":"LineString","coordinates":[[36.302862,37.69169],[36.286239,37.659515],[36.269617,37.627341],[36.252994,37.595166],[36.245608,37.563643],[36.238222,37.532119],[36.230836,37.500596]]}},{"type":"Feature","properties":{"average_dip":"(85.0,80.0,90.0)","average_rake":"(4,4.0,4.0)","catalog_id":"ME_TRCS343","catalog_name":"EMME","epistemic_quality":"1","lower_seis_depth":"(25.0,,)","net_slip_rate":"(0.6,0.25,1.0)","slip_type":"Sinistral","upper_seis_depth":"(2.0,,)"},"geometry":{"type":"LineString","coordinates":[[36.232906,37.464014],[36.245011,37.327201],[36.240177,37.289196],[36.219872,37.254585],[36.199566,37.219974],[36.18789,37.187807],[36.176213,37.155639]]}},{"type":"Feature","properties":{"average_dip":"(80.0,80.0,80.0)","average_rake":"(0,0.0,0.0)","catalog_id":"ME_TRCS344","catalog_name":"EMME","epistemic_quality":"1","lower_seis_depth":"(24.0,,)","net_slip_rate":"(2.5,2.0,3.0)","slip_type":"Sinistral","upper_seis_depth":"(0.0,,)"},"geometry":{"type":"LineString","coordinates":[[36.153974,37.09328],[36.192272,37.106058],[36.230569,37.118835],[36.268867,37.131613],[36.307181,37.144396],[36.345496,37.157179],[36.38381,37.169962],[36.414908,37.191926],[36.446007,37.213891],[36.477105,37.235855],[36.5225,37.249833],[36.567895,37.26381]]}},{"type":"Feature","properties":{"average_dip":"(80.0,80.0,80.0)","average_rake":"(-9,-9.0,-9.0)","catalog_id":"ME_TRCS349","catalog_name":"EMME","epistemic_quality":"1","lower_seis_depth":"(20.0,,)","net_slip_rate":"(2.0,1.0,3.0427)","slip_type":"Sinistral","upper_seis_depth":"(0.0,,)"},"geometry":{"type":"LineString","coordinates":[[35.711891,36.347753],[35.75588,36.376254],[35.799869,36.404755],[35.843878,36.433269],[35.887886,36.461782],[35.931915,36.490308],[35.975943,36.518834],[36.022179,36.545042],[36.068415,36.571251],[36.115387,36.59664],[36.162359,36.622029],[36.209205,36.64735],[36.25605,36.67267]]}},{"type":"Feature","properties":{"average_dip":"(80.0,80.0,80.0)","average_rake":"(0,0.0,0.0)","catalog_id":"ME_TRCS350","catalog_name":"EMME","epistemic_quality":"1","lower_seis_depth":"(25.0,,)","net_slip_rate":"(2.0,2.0,2.0)","slip_type":"Sinistral","upper_seis_depth":"(0.0,,)"},"geometry":{"type":"LineString","coordinates":[[35.79746,37.08322],[35.826819,37.122571],[35.856177,37.161922],[35.885544,37.201284],[35.91491,37.240645],[35.943825,37.280233],[35.97274,37.31982],[35.989148,37.36371],[36.005555,37.4076],[36.032699,37.448001],[36.059842,37.488401],[36.076572,37.532224],[36.093302,37.576047],[36.109052,37.617301],[36.124801,37.658554]]}},{"type":"Feature","properties":{"average_dip":"(80.0,80.0,80.0)","average_rake":"(0,0.0,0.0)","catalog_id":"ME_TRCS351","catalog_name":"EMME","epistemic_quality":"1","lower_seis_depth":"(30.0,,)","net_slip_rate":"(2.0,2.0,2.0)","slip_type":"Sinistral","upper_seis_depth":"(3.0,,)"},"geometry":{"type":"LineString","coordinates":[[35.565631,36.789933],[35.596704,36.823022],[35.627776,36.856111],[35.653031,36.892244],[35.678285,36.928377],[35.709085,36.96166],[35.739885,36.994944],[35.76614,37.028639],[35.792395,37.062334]]}},{"type":"Feature","properties":{"average_dip":"(50.0,50.0,50.0)","average_rake":"(-90,-90.0,-90.0)","catalog_id":"ME_TRCS353","catalog_name":"EMME","epistemic_quality":"1","lower_seis_depth":"(13.0,,)","net_slip_rate":"(0.7,0.0001,1.3054)","slip_type":"Normal","upper_seis_depth":"(1.0,,)"},"geometry":{"type":"LineString","coordinates":[[26.92431,38.08435],[26.966454,38.078136],[27.008597,38.071921],[27.050741,38.065707],[27.079597,38.040828],[27.108454,38.015949],[27.13731,37.99107]]}},{"type":"Feature","properties":{"average_dip":"(85.0,85.0,85.0)","average_rake":"(180,180.0,180.0)","catalog_id":"ME_TRCS359","catalog_name":"EMME","epistemic_quality":"1","lower_seis_depth":"(13.0,,)","net_slip_rate":"(1.0,0.0001,2.0)","slip_type":"Dextral","upper_seis_depth":"(1.0,,)"},"geometry":{"type":"LineString","coordinates":[[27.188525,37.977473],[27.194506,38.013257],[27.200488,38.049041],[27.206469,38.084825],[27.223259,38.116673],[27.24005,38.148522],[27.25684,38.18037]]}},{"type":"Feature","properties":{"average_dip":"(80.0,80.0,80.0)","average_rake":"(180,180.0,180.0)","catalog_id":"ME_TRCS360","catalog_name":"EMME","epistemic_quality":"1","lower_seis_depth":"(13.0,,)","net_slip_rate":"(1.0,0.0001,2.0)","slip_type":"Dextral","upper_seis_depth":"(1.0,,)"},"geometry":{"type":"LineString","coordinates":[[26.874916,38.007871],[26.884677,38.037184],[26.894437,38.066498],[26.904198,38.095811],[26.9228,38.12235],[26.941401,38.148889],[26.960003,38.175428],[26.985856,38.197916],[27.011709,38.220405],[27.037562,38.242893],[27.056079,38.269484],[27.074595,38.296075],[27.093112,38.322666],[27.102911,38.360123],[27.11271,38.39758]]}},{"type":"Feature","properties":{"average_dip":"(80.0,80.0,80.0)","average_rake":"(180,180.0,180.0)","catalog_id":"ME_TRCS361","catalog_name":"EMME","epistemic_quality":"1","lower_seis_depth":"(13.0,,)","net_slip_rate":"(1.0,0.0001,2.0)","slip_type":"Dextral","upper_seis_depth":"(1.0,,)"},"geometry":{"type":"LineString","coordinates":[[26.77897,38.10614],[26.79299,38.138384],[26.807009,38.170629],[26.821029,38.202873],[26.835051,38.235122],[26.849072,38.26737],[26.863094,38.299619],[26.887992,38.324494],[26.91289,38.349369],[26.937788,38.374244]]}},{"type":"Feature","properties":{"average_dip":"(80.0,80.0,80.0)","average_rake":"(180,180.0,180.0)","catalog_id":"ME_TRCS362","catalog_name":"EMME","epistemic_quality":"1","lower_seis_depth":"(13.0,,)","net_slip_rate":"(0.5,0.0001,1.0)","slip_type":"Dextral","upper_seis_depth":"(1.0,,)"},"geometry":{"type":"LineString","coordinates":[[27.061918,38.772765],[27.109436,38.769417],[27.156954,38.766069],[27.204088,38.760814],[27.251222,38.755558],[27.298356,38.750303]]}},{"type":"Feature","properties":{"average_dip":"(80.0,80.0,80.0)","average_rake":"(0,0.0,0.0)","catalog_id":"ME_TRCS363","catalog_name":"EMME","epistemic_quality":"1","lower_seis_depth":"(13.0,,)","net_slip_rate":"(1.0,0.0001,2.0)","slip_type":"Sinistral","upper_seis_depth":"(1.0,,)"},"geometry":{"type":"LineString","coordinates":[[26.82455,38.894953],[26.862457,38.861588],[26.900365,38.828223],[26.909101,38.784198],[26.917836,38.740173],[26.914623,38.697612],[26.91141,38.65505]]}},{"type":"Feature","properties":{"average_dip":"(85.0,85.0,85.0)","average_rake":"(-125,-129.0,-121.0)","catalog_id":"ME_TRCS364","catalog_name":"EMME","epistemic_quality":"1","lower_seis_depth":"(13.0,,)","net_slip_rate":"(0.3,0.0001,0.5847)","slip_type":"Dextral-Normal","upper_seis_depth":"(1.0,,)"},"geometry":{"type":"LineString","coordinates":[[27.1896,38.28223],[27.238991,38.289856],[27.288383,38.297481],[27.335067,38.31229],[27.381751,38.327099],[27.416391,38.350266],[27.45103,38.373432]]}},{"type":"Feature","properties":{"average_dip":"(50.0,50.0,50.0)","average_rake":"(-90,-90.0,-90.0)","catalog_id":"ME_TRCS365","catalog_name":"EMME","epistemic_quality":"1","lower_seis_depth":"(12.0,,)","net_slip_rate":"(1.3,0.0001,2.6108)","slip_type":"Normal","upper_seis_depth":"(1.0,,)"},"geometry":{"type":"LineString","coordinates":[[27.04366,38.5086],[27.090033,38.486762],[27.136405,38.464924],[27.189698,38.462747],[27.24299,38.46057]]}},{"type":"Feature","properties":{"average_dip":"(85.0,85.0,85.0)","average_rake":"(180,180.0,180.0)","catalog_id":"ME_TRCS368","catalog_name":"EMME","epistemic_quality":"1","lower_seis_depth":"(13.0,,)","net_slip_rate":"(1.0,0.0001,2.0)","slip_type":"Dextral","upper_seis_depth":"(1.0,,)"},"geometry":{"type":"LineString","coordinates":[[26.638095,38.352354],[26.631021,38.320127],[26.623946,38.287901],[26.625915,38.255237],[26.627884,38.222573],[26.629853,38.189909],[26.625475,38.157626],[26.621098,38.125343],[26.61672,38.09306]]}},{"type":"Feature","properties":{"average_dip":"(67.5,50.0,85.0)","average_rake":"(-123,-127.0,-119.0)","catalog_id":"ME_TRCS369","catalog_name":"EMME","epistemic_quality":"1","lower_seis_depth":"(13.0,,)","net_slip_rate":"(0.8,0.0001,1.5792)","slip_type":"Dextral-Normal","upper_seis_depth":"(1.0,,)"},"geometry":{"type":"LineString","coordinates":[[27.236155,38.511385],[27.278557,38.490653],[27.32096,38.469922],[27.363346,38.4492],[27.405731,38.428477],[27.454298,38.420307],[27.502865,38.412137]]}},{"type":"Feature","properties":{"average_dip":"(77.5,70.0,85.0)","average_rake":"(19,0.0,38.0)","catalog_id":"ME_TRCS372","catalog_name":"EMME","epistemic_quality":"1","lower_seis_depth":"(20.0,,)","net_slip_rate":"(1.1,0.0001,2.2655)","slip_type":"Sinistral","upper_seis_depth":"(0.0,,)"},"geometry":{"type":"LineString","coordinates":[[36.442298,37.876545],[36.46619,37.919028],[36.490082,37.961512],[36.535446,37.991208],[36.58081,38.020903],[36.635039,38.03923],[36.689268,38.057557],[36.748062,38.061703],[36.806856,38.065849],[36.865835,38.067831],[36.924814,38.069813],[36.982587,38.060281],[37.04036,38.050748],[37.098119,38.041218],[37.155877,38.031688],[37.213621,38.02216],[37.271365,38.012632],[37.327105,38.003435],[37.382844,37.994238]]}},{"type":"Feature","properties":{"average_dip":"(87.5,85.0,90.0)","average_rake":"(-178,-178.0,-178.0)","catalog_id":"ME_TRCS373","catalog_name":"EMME","epistemic_quality":"1","lower_seis_depth":"(18.0,,)","net_slip_rate":"(2.0,1.0013,3.0004)","slip_type":"Dextral","upper_seis_depth":"(0.0,,)"},"geometry":{"type":"LineString","coordinates":[[33.027833,40.621093],[33.081377,40.636074],[33.134921,40.651055],[33.17366,40.682874],[33.212399,40.714692],[33.268422,40.72322],[33.324444,40.731747],[33.37084,40.757052],[33.417235,40.782356],[33.465216,40.805948],[33.523764,40.820209]]}},{"type":"Feature","properties":{"average_dip":"(85.0,85.0,85.0)","average_rake":"(-178,-178.0,-178.0)","catalog_id":"ME_TRCS374","catalog_name":"EMME","epistemic_quality":"1","lower_seis_depth":"(18.0,,)","net_slip_rate":"(2.0,1.0013,3.0004)","slip_type":"Dextral","upper_seis_depth":"(0.0,,)"},"geometry":{"type":"LineString","coordinates":[[33.857017,40.932832],[33.896849,40.937546],[33.936682,40.94226],[33.976514,40.946974],[34.014469,40.957275],[34.052423,40.967575],[34.090378,40.977876],[34.126332,40.991706],[34.162286,41.005537],[34.19824,41.019367],[34.235298,41.03146],[34.272355,41.043552],[34.309413,41.055645],[34.395121,41.067555],[34.464022,41.065151]]}},{"type":"Feature","properties":{"average_dip":"(77.5,70.0,85.0)","average_rake":"(-160,-178.0,-142.0)","catalog_id":"ME_TRCS376","catalog_name":"EMME","epistemic_quality":"1","lower_seis_depth":"(18.0,,)","net_slip_rate":"(1.5,0.0001,3.0004)","slip_type":"Dextral","upper_seis_depth":"(0.0,,)"},"geometry":{"type":"LineString","coordinates":[[34.023309,41.036805],[33.977116,41.014367],[33.930922,40.991929],[33.883347,40.971239],[33.835771,40.95055],[33.788218,40.92987],[33.740665,40.90919],[33.701948,40.87984],[33.663231,40.850489],[33.619858,40.834641],[33.557989,40.822125]]}},{"type":"Feature","properties":{"average_dip":"(39.0,39.0,39.0)","average_rake":"(-60,-60.0,-60.0)","catalog_id":"ME_TRCS377","catalog_name":"EMME","epistemic_quality":"1","lower_seis_depth":"(18.0,,)","net_slip_rate":"(3.5,1.8775,5.1696)","slip_type":"Sinistral-Normal","upper_seis_depth":"(1.0,,)"},"geometry":{"type":"LineString","coordinates":[[33.008551,40.733589],[33.003745,40.699198],[32.998938,40.664807],[32.994131,40.630416],[32.989325,40.596025],[32.962472,40.542649],[32.921108,40.510762]]}},{"type":"Feature","properties":{"average_dip":"(80.0,80.0,80.0)","average_rake":"(-178,-178.0,-178.0)","catalog_id":"ME_TRCS378","catalog_name":"EMME","epistemic_quality":"1","lower_seis_depth":"(18.0,,)","net_slip_rate":"(2.0,1.0013,3.0004)","slip_type":"Dextral","upper_seis_depth":"(0.0,,)"},"geometry":{"type":"LineString","coordinates":[[32.694047,40.817264],[32.774761,40.818127],[32.847316,40.796667],[32.904017,40.785872],[32.96242,40.787801],[33.020823,40.78973],[33.076805,40.802509],[33.132787,40.815288],[33.177338,40.835136],[33.221888,40.854984]]}},{"type":"Feature","properties":{"average_dip":"(80.0,80.0,80.0)","average_rake":"(-178,-178.0,-178.0)","catalog_id":"ME_TRCS379","catalog_name":"EMME","epistemic_quality":"1","lower_seis_depth":"(18.0,,)","net_slip_rate":"(2.0,1.0013,3.0004)","slip_type":"Dextral","upper_seis_depth":"(0.0,,)"},"geometry":{"type":"LineString","coordinates":[[33.836083,41.021359],[33.781377,41.001781],[33.72667,40.982203],[33.69477,40.943379],[33.662869,40.904555],[33.604442,40.892843],[33.546015,40.88113],[33.489242,40.865489],[33.432469,40.849849],[33.373182,40.841115],[33.313895,40.832381],[33.263135,40.828501]]}},{"type":"Feature","properties":{"average_dip":"(50.0,50.0,50.0)","average_rake":"(-90,-90.0,-90.0)","catalog_id":"ME_TRCS380","catalog_name":"EMME","epistemic_quality":"1","lower_seis_depth":"(15.0,,)","net_slip_rate":"(1.3,0.0001,2.6108)","slip_type":"Normal","upper_seis_depth":"(1.0,,)"},"geometry":{"type":"LineString","coordinates":[[31.3128,37.378665],[31.323967,37.411526],[31.335134,37.444387],[31.346301,37.477248],[31.347546,37.51127],[31.348792,37.545291],[31.350037,37.579313],[31.339329,37.611046],[31.32862,37.642779],[31.317912,37.674512]]}},{"type":"Feature","properties":{"average_dip":"(50.0,50.0,50.0)","average_rake":"(-90,-90.0,-90.0)","catalog_id":"ME_TRCS382","catalog_name":"EMME","epistemic_quality":"1","lower_seis_depth":"(15.0,,)","net_slip_rate":"(1.3,0.0001,2.6108)","slip_type":"Normal","upper_seis_depth":"(1.0,,)"},"geometry":{"type":"LineString","coordinates":[[31.465126,36.99411],[31.460014,37.027201],[31.454903,37.060291],[31.449791,37.093382],[31.435861,37.124819],[31.421931,37.156255],[31.408001,37.187692],[31.408043,37.219675],[31.408086,37.251659],[31.408128,37.283642]]}},{"type":"Feature","properties":{"average_dip":"(65.0,65.0,65.0)","average_rake":"(-51,-51.0,-51.0)","catalog_id":"ME_TRCS386","catalog_name":"EMME","epistemic_quality":"1","lower_seis_depth":"(15.0,,)","net_slip_rate":"(1.0,0.0001,1.9337)","slip_type":"Sinistral-Normal","upper_seis_depth":"(1.0,,)"},"geometry":{"type":"LineString","coordinates":[[31.490904,36.92459],[31.531302,36.900155],[31.5717,36.87572],[31.612082,36.851295],[31.652463,36.826869],[31.69283,36.802452],[31.733197,36.778035]]}},{"type":"Feature","properties":{"average_dip":"(50.0,50.0,50.0)","average_rake":"(-58,-58.0,-58.0)","catalog_id":"ME_TRCS387","catalog_name":"EMME","epistemic_quality":"1","lower_seis_depth":"(8.0,,)","net_slip_rate":"(0.7,0.0001,1.3394)","slip_type":"Sinistral-Normal","upper_seis_depth":"(1.0,,)"},"geometry":{"type":"LineString","coordinates":[[26.76828,38.53366],[26.74771,38.575383],[26.727139,38.617105],[26.703542,38.657845],[26.679945,38.698585],[26.659598,38.740388],[26.639251,38.78219],[26.621201,38.81981],[26.60315,38.85743]]}},{"type":"Feature","properties":{"average_dip":"(60.0,60.0,60.0)","average_rake":"(-126,-126.0,-126.0)","catalog_id":"ME_TRCS388","catalog_name":"EMME","epistemic_quality":"1","lower_seis_depth":"(13.0,,)","net_slip_rate":"(1.3,0.0001,2.5166)","slip_type":"Dextral-Normal","upper_seis_depth":"(1.0,,)"},"geometry":{"type":"LineString","coordinates":[[26.656686,38.35285],[26.651806,38.384751],[26.646927,38.416653],[26.642047,38.448554],[26.637168,38.480456],[26.632288,38.512358],[26.627409,38.54426],[26.610574,38.573572],[26.59374,38.602883],[26.576905,38.632195],[26.551093,38.657219],[26.525282,38.682242],[26.49947,38.707266],[26.46672,38.744198],[26.43397,38.78113]]}},{"type":"Feature","properties":{"average_dip":"(80.0,80.0,80.0)","average_rake":"(-30,-32.0,-29.0)","catalog_id":"ME_TRCS389","catalog_name":"EMME","epistemic_quality":"1","lower_seis_depth":"(13.0,,)","net_slip_rate":"(1.0,0.0001,2.0634)","slip_type":"Sinistral-Normal","upper_seis_depth":"(1.0,,)"},"geometry":{"type":"LineString","coordinates":[[26.856414,38.785411],[26.813523,38.79564],[26.770632,38.80587],[26.727741,38.816099],[26.701138,38.844254],[26.674535,38.87241],[26.647932,38.900565],[26.627451,38.930617],[26.606971,38.960668]]}},{"type":"Feature","properties":{"average_dip":"(40.0,40.0,40.0)","average_rake":"(100,100.0,100.0)","catalog_id":"ME_TRCS390","catalog_name":"EMME","epistemic_quality":"1","lower_seis_depth":"(17.5,,)","net_slip_rate":"(2.3,1.5557,3.0)","slip_type":"Reverse","upper_seis_depth":"(1.0,,)"},"geometry":{"type":"LineString","coordinates":[[32.392343,35.776265],[32.317264,35.842468],[32.242156,35.908696],[32.167019,35.97495],[32.091853,36.041229],[32.016658,36.107533],[31.941435,36.173863],[31.866182,36.240218],[31.790901,36.306599],[31.715647,36.373048],[31.640493,36.439619],[31.565533,36.50638],[31.490544,36.573167],[31.415525,36.63998],[31.340484,36.706824],[31.267998,36.775499],[31.198958,36.846458],[31.129895,36.917442],[31.060808,36.988451],[31.006425,37.067225],[30.95914,37.148884],[30.911846,37.230559],[30.887788,37.318443],[30.863028,37.406209],[30.838266,37.493979],[30.813503,37.581754],[30.787668,37.621988],[30.756284,37.671859]]}},{"type":"Feature","properties":{"average_dip":"(65.0,60.0,70.0)","average_rake":"(-56,-61.0,-51.0)","catalog_id":"ME_TRCS391","catalog_name":"EMME","epistemic_quality":"1","lower_seis_depth":"(13.0,,)","net_slip_rate":"(9.0,4.9282,13.0128)","slip_type":"Sinistral-Normal","upper_seis_depth":"(1.0,,)"},"geometry":{"type":"LineString","coordinates":[[27.927657,37.038303],[27.965671,37.043812],[28.003684,37.049322],[28.041698,37.054831],[28.079474,37.048364],[28.117251,37.041896],[28.155027,37.035429],[28.193113,37.040601],[28.2312,37.045774],[28.269286,37.050946],[28.307436,37.055849],[28.345586,37.060752],[28.383736,37.065655],[28.432923,37.081822],[28.48211,37.097988]]}},{"type":"Feature","properties":{"average_dip":"(60.0,60.0,60.0)","average_rake":"(-61,-61.0,-61.0)","catalog_id":"ME_TRCS393","catalog_name":"EMME","epistemic_quality":"1","lower_seis_depth":"(13.0,,)","net_slip_rate":"(9.8,6.5064,13.0128)","slip_type":"Sinistral-Normal","upper_seis_depth":"(0.0,,)"},"geometry":{"type":"LineString","coordinates":[[27.510022,36.990547],[27.55363,36.990488],[27.597237,36.990429],[27.640845,36.99037],[27.694437,37.000347],[27.768791,37.004661],[27.855473,37.026497]]}},{"type":"Feature","properties":{"average_dip":"(60.0,60.0,60.0)","average_rake":"(-72,-72.0,-72.0)","catalog_id":"ME_TRCS394","catalog_name":"EMME","epistemic_quality":"1","lower_seis_depth":"(13.0,,)","net_slip_rate":"(5.4,3.6056,7.2111)","slip_type":"Normal","upper_seis_depth":"(0.0,,)"},"geometry":{"type":"LineString","coordinates":[[28.00991,36.82727],[27.970348,36.825823],[27.930787,36.824377],[27.891225,36.82293],[27.851666,36.821483],[27.812106,36.820037],[27.772547,36.81859],[27.732985,36.817143],[27.693424,36.815697],[27.592599,36.800923],[27.532325,36.803673]]}},{"type":"Feature","properties":{"average_dip":"(80.0,80.0,80.0)","average_rake":"(-6,-6.0,-6.0)","catalog_id":"ME_TRCS396","catalog_name":"EMME","epistemic_quality":"1","lower_seis_depth":"(13.0,,)","net_slip_rate":"(5.5,3.0,8.0642)","slip_type":"Sinistral","upper_seis_depth":"(10.0,,)"},"geometry":{"type":"LineString","coordinates":[[27.667942,36.846452],[27.69463,36.869334],[27.733648,36.886581],[27.76562,36.903127],[27.789677,36.933765],[27.807569,36.952436],[27.837791,36.981661],[27.854813,37.006673],[27.881523,37.029574],[27.908233,37.052475],[27.944157,37.088128],[27.98008,37.12378]]}},{"type":"Feature","properties":{"average_dip":"(80.0,80.0,80.0)","average_rake":"(-148,-148.0,-148.0)","catalog_id":"ME_TRCS397","catalog_name":"EMME","epistemic_quality":"1","lower_seis_depth":"(13.0,,)","net_slip_rate":"(1.0,0.0001,2.0634)","slip_type":"Dextral-Normal","upper_seis_depth":"(1.0,,)"},"geometry":{"type":"LineString","coordinates":[[27.620312,37.25146],[27.656308,37.235254],[27.692303,37.219049],[27.728299,37.202843],[27.76428,37.186644],[27.80026,37.170444],[27.836241,37.154245]]}},{"type":"Feature","properties":{"average_dip":"(80.0,80.0,80.0)","average_rake":"(-146,-146.0,-146.0)","catalog_id":"ME_TRCS399","catalog_name":"EMME","epistemic_quality":"1","lower_seis_depth":"(13.0,,)","net_slip_rate":"(1.1,0.0001,2.1226)","slip_type":"Dextral-Normal","upper_seis_depth":"(1.0,,)"},"geometry":{"type":"LineString","coordinates":[[26.33009,37.91892],[26.282748,37.889805],[26.235407,37.860689],[26.188089,37.831588],[26.14077,37.802487],[26.093475,37.773401],[26.04618,37.744314],[25.998909,37.715242],[25.951637,37.686169],[25.904389,37.657111],[25.85714,37.628053],[25.80991,37.599007],[25.76268,37.56996]]}},{"type":"Feature","properties":{"average_dip":"(34.0,30.0,38.0)","average_rake":"(90,90.0,90.0)","catalog_id":"ME_TRCS407","catalog_name":"EMME","epistemic_quality":"1","lower_seis_depth":"(16.0,,)","net_slip_rate":"(1.0,0.0001,2.0)","slip_type":"Reverse","upper_seis_depth":"(1.5,,)"},"geometry":{"type":"LineString","coordinates":[[28.5069,41.53188],[28.626373,41.52755],[28.745838,41.52322],[28.865295,41.51889],[28.984744,41.514561],[29.104185,41.510232],[29.223618,41.505904],[29.343043,41.501575],[29.46244,41.496905],[29.581828,41.492233],[29.701208,41.487561],[29.820579,41.482889],[29.939941,41.478218],[30.059295,41.473547],[30.17864,41.468877],[30.2934,41.493904],[30.408859,41.517184],[30.524356,41.540472],[30.639877,41.563807],[30.755271,41.587598],[30.870704,41.611398],[30.986177,41.635206],[31.101308,41.660042],[31.198088,41.712905],[31.294919,41.765796],[31.391802,41.818715],[31.488737,41.871663],[31.585724,41.92464],[31.690065,41.969314],[31.806003,41.993612],[31.921982,42.017918],[32.038002,42.042232],[32.154063,42.066556],[32.270165,42.090888],[32.386309,42.115228],[32.490651,42.1603],[32.57972,42.220821],[32.670041,42.280387],[32.762927,42.337831],[32.863928,42.387312],[32.984931,42.392875],[33.105945,42.398438],[33.22697,42.404002],[33.348005,42.409566],[33.469051,42.415131],[33.590108,42.420696],[33.71105,42.4276],[33.831932,42.435198],[33.952829,42.442797],[34.07374,42.450397],[34.194665,42.457998],[34.315605,42.4656],[34.43656,42.473202],[34.552938,42.447778],[34.669722,42.423506],[34.786464,42.399243],[34.903164,42.374989],[35.019822,42.350744],[35.136438,42.326507],[35.253013,42.302279],[35.369547,42.278059],[35.486039,42.253848],[35.602489,42.229646],[35.718898,42.205452],[35.835265,42.181267],[35.951592,42.157091],[36.041153,42.097041],[36.106689,42.021869],[36.172202,41.946722],[36.237692,41.871602],[36.30316,41.796508],[36.368604,41.72144],[36.434026,41.646399],[36.48336,41.58981]]}},{"type":"Feature","properties":{"average_dip":"(30.0,30.0,30.0)","average_rake":"(90,90.0,90.0)","catalog_id":"ME_TRCS408","catalog_name":"EMME","epistemic_quality":"1","lower_seis_depth":"(16.0,,)","net_slip_rate":"(1.0,0.0001,2.0)","slip_type":"Reverse","upper_seis_depth":"(1.0,,)"},"geometry":{"type":"LineString","coordinates":[[41.66322,41.80601],[41.573762,41.747998],[41.48435,41.690017],[41.394984,41.632065],[41.305664,41.574143],[41.21639,41.516251],[41.127162,41.458389],[41.03798,41.400556],[40.948843,41.342753],[40.859752,41.284979],[40.770706,41.227235],[40.68169,41.16951]]}},{"type":"Feature","properties":{"average_dip":"(30.0,30.0,30.0)","average_rake":"(90,90.0,90.0)","catalog_id":"ME_TRCS409","catalog_name":"EMME","epistemic_quality":"1","lower_seis_depth":"(16.0,,)","net_slip_rate":"(1.0,0.0001,2.0)","slip_type":"Reverse","upper_seis_depth":"(1.5,,)"},"geometry":{"type":"LineString","coordinates":[[40.45565,41.35986],[40.395135,41.35457],[40.33462,41.349279],[40.274114,41.34399],[40.213609,41.3387],[40.153114,41.333412],[40.092618,41.328123],[40.032133,41.322835],[39.971647,41.317547],[39.911171,41.31226],[39.850695,41.306973],[39.790229,41.301687],[39.729762,41.2964],[39.669305,41.291115],[39.608848,41.28583],[39.548401,41.280546],[39.487954,41.275261],[39.427497,41.269976],[39.36704,41.26469]]}},{"type":"Feature","properties":{"average_dip":"(30.0,30.0,30.0)","average_rake":"(90,90.0,90.0)","catalog_id":"ME_TRCS410","catalog_name":"EMME","epistemic_quality":"1","lower_seis_depth":"(16.0,,)","net_slip_rate":"(1.0,0.0001,2.0)","slip_type":"Reverse","upper_seis_depth":"(2.0,,)"},"geometry":{"type":"LineString","coordinates":[[39.27186,41.40745],[39.213443,41.399637],[39.155026,41.391823],[39.096622,41.384011],[39.038219,41.376199],[38.979829,41.368389],[38.921439,41.360579],[38.863063,41.352771],[38.804686,41.344962],[38.746323,41.337156],[38.68796,41.329349],[38.629611,41.321545],[38.571261,41.31374],[38.512925,41.305937],[38.454589,41.298134],[38.39626,41.290332],[38.33793,41.28253]]}},{"type":"Feature","properties":{"average_dip":"(30.0,30.0,30.0)","average_rake":"(90,90.0,90.0)","catalog_id":"ME_TRCS411","catalog_name":"EMME","epistemic_quality":"1","lower_seis_depth":"(16.0,,)","net_slip_rate":"(1.0,0.0001,2.0)","slip_type":"Reverse","upper_seis_depth":"(1.0,,)"},"geometry":{"type":"LineString","coordinates":[[38.213,41.35986],[38.096393,41.357481],[37.97979,41.355102],[37.863191,41.352722],[37.746596,41.350343],[37.630006,41.347964],[37.51342,41.345586],[37.396838,41.343207],[37.28026,41.340828],[37.163687,41.338449],[37.105379,41.33726],[37.04707,41.33607]]}},{"type":"Feature","properties":{"average_dip":"(80.0,80.0,80.0)","average_rake":"(-148,-148.0,-148.0)","catalog_id":"ME_TRCS413","catalog_name":"EMME","epistemic_quality":"1","lower_seis_depth":"(13.0,,)","net_slip_rate":"(1.0,0.0001,2.0634)","slip_type":"Dextral-Normal","upper_seis_depth":"(1.0,,)"},"geometry":{"type":"LineString","coordinates":[[28.366093,37.191956],[28.349127,37.198915],[28.329613,37.206918],[28.293132,37.221881],[28.256652,37.236843],[28.220908,37.252924],[28.185165,37.269005],[28.149421,37.285086],[28.131651,37.31423],[28.113882,37.343373],[28.096112,37.372517]]}},{"type":"Feature","properties":{"average_dip":"(80.0,80.0,80.0)","average_rake":"(-148,-148.0,-148.0)","catalog_id":"ME_TRCS415","catalog_name":"EMME","epistemic_quality":"1","lower_seis_depth":"(13.0,,)","net_slip_rate":"(1.0,0.0001,2.0634)","slip_type":"Dextral-Normal","upper_seis_depth":"(1.0,,)"},"geometry":{"type":"LineString","coordinates":[[27.922619,37.302276],[27.86919,37.313618],[27.815761,37.324959],[27.762317,37.336304],[27.708873,37.347648],[27.660177,37.368539],[27.611481,37.38943],[27.565447,37.413068],[27.519413,37.436707]]}},{"type":"Feature","properties":{"average_dip":"(85.0,85.0,85.0)","average_rake":"(-148,-148.0,-148.0)","catalog_id":"ME_TRCS416","catalog_name":"EMME","epistemic_quality":"1","lower_seis_depth":"(13.0,,)","net_slip_rate":"(1.0,0.0001,2.062)","slip_type":"Dextral-Normal","upper_seis_depth":"(1.0,,)"},"geometry":{"type":"LineString","coordinates":[[27.667392,39.171129],[27.660571,39.141234],[27.65375,39.111338],[27.646929,39.081443],[27.640108,39.051549],[27.633288,39.021654],[27.626467,38.99176],[27.619646,38.961867],[27.612826,38.931974],[27.606005,38.902081],[27.599185,38.872188],[27.592364,38.842296],[27.585544,38.812403]]}},{"type":"Feature","properties":{"average_dip":"(85.0,85.0,85.0)","average_rake":"(180,180.0,180.0)","catalog_id":"ME_TRCS417","catalog_name":"EMME","epistemic_quality":"1","lower_seis_depth":"(18.0,,)","net_slip_rate":"(3.0,3.0,3.0)","slip_type":"Dextral","upper_seis_depth":"(1.0,,)"},"geometry":{"type":"LineString","coordinates":[[27.10363,39.93501],[27.062686,39.906604],[27.021741,39.878198],[26.980815,39.849805],[26.939888,39.821412],[26.898979,39.793031],[26.85807,39.76465]]}},{"type":"Feature","properties":{"average_dip":"(85.0,85.0,85.0)","average_rake":"(180,180.0,180.0)","catalog_id":"ME_TRCS418","catalog_name":"EMME","epistemic_quality":"1","lower_seis_depth":"(16.0,,)","net_slip_rate":"(0.5,0.0001,1.0)","slip_type":"Dextral","upper_seis_depth":"(0.0,,)"},"geometry":{"type":"LineString","coordinates":[[27.99441,42.92793],[28.026165,42.840377],[28.057917,42.752832],[28.089667,42.665295],[28.121413,42.577765],[28.153157,42.490244],[28.184898,42.40273],[28.216636,42.315224],[28.248371,42.227727],[28.280102,42.140238],[28.311831,42.052758],[28.343557,41.965286],[28.375279,41.877822],[28.406999,41.790367],[28.438716,41.70292],[28.470429,41.615481],[28.50214,41.528051],[28.533848,41.440629],[28.565552,41.353215],[28.597254,41.265809],[28.628953,41.178412],[28.66066,41.09099]]}},{"type":"Feature","properties":{"average_dip":"(60.0,50.0,70.0)","average_rake":"(-102,-142.0,-62.0)","catalog_id":"ME_TRCS419","catalog_name":"EMME","epistemic_quality":"1","lower_seis_depth":"(14.0,,)","net_slip_rate":"(1.5,1.0,2.0)","slip_type":"Normal","upper_seis_depth":"(1.0,,)"},"geometry":{"type":"LineString","coordinates":[[30.126269,36.475201],[30.082749,36.496955],[30.039228,36.518709],[30.006568,36.55047],[29.973907,36.582231],[29.949144,36.618317],[29.92438,36.654402],[29.920541,36.683517],[29.916702,36.712633]]}},{"type":"Feature","properties":{"average_dip":"(50.0,50.0,50.0)","average_rake":"(-76,-90.0,-62.0)","catalog_id":"ME_TRCS420","catalog_name":"EMME","epistemic_quality":"1","lower_seis_depth":"(14.0,,)","net_slip_rate":"(1.5,1.0,2.0)","slip_type":"Normal","upper_seis_depth":"(1.0,,)"},"geometry":{"type":"LineString","coordinates":[[30.034367,36.710149],[30.033832,36.748368],[30.033297,36.786586],[30.048293,36.821639],[30.063288,36.856691]]}},{"type":"Feature","properties":{"average_dip":"(50.0,50.0,50.0)","average_rake":"(-90,-90.0,-90.0)","catalog_id":"ME_TRCS421","catalog_name":"EMME","epistemic_quality":"1","lower_seis_depth":"(14.0,,)","net_slip_rate":"(0.7,0.0001,1.3054)","slip_type":"Normal","upper_seis_depth":"(1.0,,)"},"geometry":{"type":"LineString","coordinates":[[30.93032,37.54795],[30.908875,37.576236],[30.887431,37.604521],[30.865986,37.632807],[30.866186,37.665803],[30.866387,37.698799],[30.866587,37.731795],[30.869103,37.763513],[30.87162,37.79523],[30.874136,37.826948]]}},{"type":"Feature","properties":{"average_dip":"(50.0,50.0,50.0)","average_rake":"(-90,-90.0,-90.0)","catalog_id":"ME_TRCS422","catalog_name":"EMME","epistemic_quality":"1","lower_seis_depth":"(14.0,,)","net_slip_rate":"(2.6,1.3054,3.9162)","slip_type":"Normal","upper_seis_depth":"(1.0,,)"},"geometry":{"type":"LineString","coordinates":[[29.990528,38.239375],[30.028246,38.209975],[30.065964,38.180574],[30.10024,38.148697],[30.134515,38.116819],[30.16545,38.083198],[30.196385,38.049576]]}},{"type":"Feature","properties":{"average_dip":"(85.0,85.0,85.0)","average_rake":"(0,0.0,0.0)","catalog_id":"ME_TRCS424","catalog_name":"EMME","epistemic_quality":"1","lower_seis_depth":"(20.0,,)","net_slip_rate":"(0.8,0.5,1.0)","slip_type":"Sinistral","upper_seis_depth":"(2.0,,)"},"geometry":{"type":"LineString","coordinates":[[42.680333,39.136228],[42.687738,39.168469],[42.695143,39.20071],[42.702548,39.232951],[42.709953,39.265194],[42.717359,39.297438],[42.724764,39.329681]]}},{"type":"Feature","properties":{"average_dip":"(75.0,75.0,75.0)","average_rake":"(142,142.0,142.0)","catalog_id":"ME_TRCS425","catalog_name":"EMME","epistemic_quality":"1","lower_seis_depth":"(12.0,,)","net_slip_rate":"(1.1,0.0001,2.2521)","slip_type":"Dextral-Reverse","upper_seis_depth":"(2.0,,)"},"geometry":{"type":"LineString","coordinates":[[39.671042,39.602739],[39.703849,39.587759],[39.740178,39.579904],[39.78003,39.573407],[39.81968,39.566253],[39.858448,39.553667],[39.896337,39.541758],[39.899222,39.540786],[39.936656,39.524286],[39.975214,39.504098]]}},{"type":"Feature","properties":{"average_dip":"(85.0,85.0,85.0)","average_rake":"(0,0.0,0.0)","catalog_id":"ME_TRCS426","catalog_name":"EMME","epistemic_quality":"1","lower_seis_depth":"(12.0,,)","net_slip_rate":"(0.8,0.5,1.0)","slip_type":"Sinistral","upper_seis_depth":"(2.0,,)"},"geometry":{"type":"LineString","coordinates":[[42.944179,39.209532],[42.908984,39.195713],[42.873789,39.181893],[42.838594,39.168074],[42.803416,39.154261],[42.768237,39.140448],[42.733059,39.126635]]}},{"type":"Feature","properties":{"average_dip":"(70.0,70.0,70.0)","average_rake":"(-166,-166.0,-166.0)","catalog_id":"ME_TRCS427","catalog_name":"EMME","epistemic_quality":"1","lower_seis_depth":"(12.0,,)","net_slip_rate":"(3.1,1.0,5.112)","slip_type":"Dextral","upper_seis_depth":"(0.0,,)"},"geometry":{"type":"LineString","coordinates":[[35.784182,40.844251],[35.925053,40.785085],[36.070415,40.757078],[36.125904,40.741899],[36.181371,40.726726],[36.236838,40.711553],[36.292283,40.696386],[36.347727,40.681219],[36.403149,40.666058],[36.458571,40.650897],[36.513971,40.635742],[36.569371,40.620587],[36.624748,40.605439],[36.680126,40.59029]]}},{"type":"Feature","properties":{"average_dip":"(80.0,80.0,80.0)","average_rake":"(0,0.0,0.0)","catalog_id":"ME_TRCS428","catalog_name":"EMME","epistemic_quality":"1","lower_seis_depth":"(20.0,,)","net_slip_rate":"(2.0,1.0,3.0)","slip_type":"Sinistral","upper_seis_depth":"(0.0,,)"},"geometry":{"type":"LineString","coordinates":[[43.542628,37.650948],[43.571421,37.683733],[43.600213,37.716518],[43.626098,37.750799],[43.665193,37.796911]]}},{"type":"Feature","properties":{"average_dip":"(85.0,85.0,85.0)","average_rake":"(180,180.0,180.0)","catalog_id":"ME_TRCS429","catalog_name":"EMME","epistemic_quality":"1","lower_seis_depth":"(20.0,,)","net_slip_rate":"(0.8,0.7,1.0)","slip_type":"Dextral","upper_seis_depth":"(2.0,,)"},"geometry":{"type":"LineString","coordinates":[[44.236864,39.974967],[44.078473,40.052208],[43.722118,40.144716],[43.554792,40.165149],[43.498583,40.163662],[43.442901,40.162189],[43.387218,40.160715]]}},{"type":"Feature","properties":{"average_dip":"(85.0,85.0,85.0)","average_rake":"(180,180.0,180.0)","catalog_id":"ME_TRCS430","catalog_name":"EMME","epistemic_quality":"1","lower_seis_depth":"(20.0,,)","net_slip_rate":"(0.8,0.5,1.0)","slip_type":"Dextral","upper_seis_depth":"(1.0,,)"},"geometry":{"type":"LineString","coordinates":[[45.778261,38.483527],[45.6279,38.685087],[45.62575,38.730844],[45.611557,38.787614],[45.609868,38.865551],[45.586079,38.967196],[45.525524,39.088304],[45.462807,39.155347],[45.393602,39.200763],[45.222752,39.321871],[45.105969,39.419191],[45.0173,39.531649],[44.856624,39.655798],[44.77752,39.704948],[44.694096,39.838956]]}},{"type":"Feature","properties":{"average_dip":"(85.0,85.0,85.0)","average_rake":"(180,180.0,180.0)","catalog_id":"ME_TRCS437","catalog_name":"EMME","epistemic_quality":"1","lower_seis_depth":"(15.0,,)","net_slip_rate":"(0.8,0.25,1.25)","slip_type":"Dextral","upper_seis_depth":"(2.0,,)"},"geometry":{"type":"LineString","coordinates":[[34.678261,38.770174],[34.579204,38.81867],[34.4801,38.86719],[34.372875,38.903877],[34.277696,38.957076],[34.175048,39.00118],[34.072351,39.045304],[33.970662,39.090904],[33.874761,39.143592],[33.780989,39.198614],[33.68717,39.253663],[33.593305,39.30874],[33.499392,39.363843],[33.425165,39.407397]]}},{"type":"Feature","properties":{"average_dip":"(80.0,80.0,80.0)","average_rake":"(0,0.0,0.0)","catalog_id":"ME_TRCS439","catalog_name":"EMME","epistemic_quality":"1","lower_seis_depth":"(18.0,,)","net_slip_rate":"(0.3,0.2,0.4)","slip_type":"Sinistral","upper_seis_depth":"(0.0,,)"},"geometry":{"type":"LineString","coordinates":[[34.483002,37.153233],[34.393268,37.101258],[34.303575,37.049306],[34.213922,36.997378],[34.12431,36.945473],[34.034738,36.893591],[33.945206,36.841733],[33.855714,36.789898],[33.766262,36.738086],[33.67685,36.686297],[33.587478,36.634531],[33.498131,36.58278]]}},{"type":"Feature","properties":{"average_dip":"(65.0,50.0,80.0)","average_rake":"(-90,-100.0,-80.0)","catalog_id":"ME_TRCS901","catalog_name":"EMME","epistemic_quality":"1","lower_seis_depth":"(15.0,,)","net_slip_rate":"(0.9,0.6,1.1)","slip_type":"Normal","upper_seis_depth":"(0.0,,)"},"geometry":{"type":"LineString","coordinates":[[26.169011,39.962305],[26.180137,39.960416],[26.205997,39.958764],[26.225048,39.958853],[26.239977,39.959472],[26.253208,39.961597],[26.274558,39.965137],[26.295908,39.968678],[26.318461,39.968914],[26.334398,39.971274],[26.351237,39.977175],[26.365818,39.98787],[26.377766,39.990508],[26.405771,40.000766],[26.418467,40.002232],[26.433029,40.010732]]}},{"type":"Feature","properties":{"average_dip":"(62.5,45.0,80.0)","average_rake":"(-105,-120.0,-90.0)","catalog_id":"ME_TRCS904","catalog_name":"EMME","epistemic_quality":"1","lower_seis_depth":"(15.0,,)","net_slip_rate":"(1.6,0.8,2.5)","slip_type":"Normal","upper_seis_depth":"(0.0,,)"},"geometry":{"type":"LineString","coordinates":[[26.054486,39.474686],[26.025886,39.489365],[25.997286,39.504044],[25.960986,39.518722],[25.924686,39.533401],[25.880686,39.540309],[25.836685,39.547217],[25.784985,39.5429],[25.733285,39.538582],[25.698085,39.527357],[25.662884,39.516132]]}},{"type":"Feature","properties":{"average_dip":"(65.0,50.0,80.0)","average_rake":"(-75,-90.0,-60.0)","catalog_id":"ME_TRCS905","catalog_name":"EMME","epistemic_quality":"1","lower_seis_depth":"(18.0,,)","net_slip_rate":"(0.8,0.7,1.0)","slip_type":"Normal","upper_seis_depth":"(1.0,,)"},"geometry":{"type":"LineString","coordinates":[[27.276825,38.636435],[27.304328,38.624629],[27.340856,38.614171],[27.379103,38.607762],[27.415631,38.607762],[27.435828,38.609786],[27.447861,38.613497],[27.459464,38.614171],[27.478802,38.610123],[27.505876,38.598991],[27.541114,38.577065],[27.567758,38.555139],[27.582799,38.531188],[27.593542,38.51837],[27.610302,38.505888]]}},{"type":"Feature","properties":{"average_dip":"(57.5,45.0,70.0)","average_rake":"(-90,-100.0,-80.0)","catalog_id":"ME_TRCS907","catalog_name":"EMME","epistemic_quality":"1","lower_seis_depth":"(13.5,,)","net_slip_rate":"(0.8,0.5,1.0)","slip_type":"Normal","upper_seis_depth":"(1.0,,)"},"geometry":{"type":"LineString","coordinates":[[26.359019,38.52809],[26.385169,38.510052],[26.405771,38.49699],[26.431128,38.480818],[26.461239,38.463402],[26.492935,38.44723],[26.515915,38.432301]]}},{"type":"Feature","properties":{"average_dip":"(75.0,65.0,85.0)","average_rake":"(-125,-110.0,-140.0)","catalog_id":"ME_TRCS912","catalog_name":"EMME","epistemic_quality":"1","lower_seis_depth":"(15.0,,)","net_slip_rate":"(0.8,0.5,1.0)","slip_type":"Dextral-Normal","upper_seis_depth":"(1.0,,)"},"geometry":{"type":"LineString","coordinates":[[27.146614,37.620397],[27.177556,37.622421],[27.206778,37.624445],[27.236,37.634565],[27.266082,37.646709],[27.305618,37.658853],[27.340856,37.672346],[27.355467,37.687188],[27.380392,37.707428],[27.398441,37.738463],[27.403598,37.753305],[27.411333,37.760726],[27.43368,37.772196],[27.456026,37.778942],[27.473216,37.794459],[27.487827,37.820771],[27.504157,37.831566],[27.519627,37.838987]]}},{"type":"Feature","properties":{"average_dip":"(62.5,50.0,75.0)","average_rake":"(-85,-100.0,-70.0)","catalog_id":"ME_TRCS913","catalog_name":"EMME","epistemic_quality":"1","lower_seis_depth":"(14.5,,)","net_slip_rate":"(1.8,0.5,3.0)","slip_type":"Normal","upper_seis_depth":"(0.0,,)"},"geometry":{"type":"LineString","coordinates":[[27.791652,36.974908],[27.747401,36.970806],[27.696986,36.965998],[27.644344,36.961688],[27.585225,36.955672],[27.533287,36.941167],[27.465911,36.935386],[27.391798,36.936121]]}},{"type":"Feature","properties":{"average_dip":"(72.5,55.0,90.0)","average_rake":"(22,180.0,-135.0)","catalog_id":"ME_TRCS996","catalog_name":"EMME","epistemic_quality":"1","lower_seis_depth":"(19.0,,)","net_slip_rate":"(21.9,15.0,28.8881)","slip_type":"Dextral-Normal","upper_seis_depth":"(0.0,,)"},"geometry":{"type":"LineString","coordinates":[[25.005397,39.984839],[25.081501,40.006679],[25.251618,40.053514],[25.389534,40.092251],[25.524078,40.123521],[25.628512,40.161581],[25.773818,40.212031],[25.926659,40.247307],[26.085589,40.272354],[26.200499,40.315794],[26.321028,40.371284],[26.488272,40.451043],[26.585053,40.491599],[26.681833,40.532155],[26.84888,40.595414],[26.900067,40.616927],[26.987711,40.655205],[27.067007,40.682895],[27.136914,40.699998],[27.20682,40.715472],[27.336198,40.75212],[27.424327,40.777384],[27.501385,40.79608],[27.575641,40.803779],[27.710143,40.808178],[27.881072,40.811477],[28.026022,40.80224]]}},{"type":"Feature","properties":{"average_dip":"(55.0,40.0,70.0)","average_rake":"(60,30.0,90.0)","catalog_id":"ME_TRCS997","catalog_name":"EMME","epistemic_quality":"1","lower_seis_depth":"(17.5,,)","net_slip_rate":"(0.8,0.19,1.5)","slip_type":"Sinistral-Reverse","upper_seis_depth":"(2.5,,)"},"geometry":{"type":"LineString","coordinates":[[33.925832,34.997883],[34.045806,34.970093],[34.16578,34.942302],[34.34017,34.942599],[34.452278,34.94279],[34.564385,34.94298],[34.749797,34.96779],[34.913834,35.003062],[35.077462,35.045332],[35.281178,35.112165],[35.420945,35.171891],[35.560712,35.231616],[35.659703,35.314018],[35.758694,35.39642],[35.863566,35.52024],[35.968438,35.64406],[36.07331,35.76788]]}},{"type":"Feature","properties":{"average_dip":"(60.0,40.0,80.0)","average_rake":"(70,40.0,100.0)","catalog_id":"ME_TRCS998","catalog_name":"EMME","epistemic_quality":"1","lower_seis_depth":"(17.5,,)","net_slip_rate":"(1.7,0.36,3.0)","slip_type":"Reverse","upper_seis_depth":"(2.0,,)"},"geometry":{"type":"LineString","coordinates":[[33.471576,35.238561],[33.549401,35.226213],[33.627225,35.213865],[33.734436,35.212875],[33.83421,35.22008],[33.933984,35.227286],[34.058892,35.256816],[34.183799,35.286346],[34.291321,35.32273],[34.398843,35.359114],[34.501446,35.415278],[34.604049,35.471441],[34.686301,35.520571],[34.768552,35.569701],[34.858932,35.657337],[34.949311,35.744973]]}},{"type":"Feature","properties":{"average_dip":"(70.0,50.0,90.0)","average_rake":"(35,10.0,60.0)","catalog_id":"ME_TRCS999","catalog_name":"EMME","epistemic_quality":"1","lower_seis_depth":"(17.5,,)","net_slip_rate":"(1.7,0.4,3.0)","slip_type":"Sinistral-Reverse","upper_seis_depth":"(2.0,,)"},"geometry":{"type":"LineString","coordinates":[[36.055508,37.058181],[35.947108,36.962289],[35.827068,36.882498],[35.75784,36.824414],[35.688612,36.766329],[35.588548,36.662093],[35.519748,36.597469],[35.450948,36.532845],[35.37382,36.451543],[35.296692,36.370241],[35.225812,36.2806],[35.154932,36.190959],[35.079884,36.107572],[35.004836,36.024185],[34.942292,35.944967],[34.879748,35.865749]]}},{"type":"Feature","properties":{"average_dip":"(40.0,40.0,40.0)","average_rake":"(95,80.0,110.0)","catalog_id":"ME_G17s3s1","catalog_name":"EMME","epistemic_quality":"1","lower_seis_depth":"(15.0,,)","net_slip_rate":"(1.0,1.0,1.0)","slip_type":"Reverse","upper_seis_depth":"(3.0,,)"},"geometry":{"type":"LineString","coordinates":[[43.896118,41.993592],[43.975649,41.980335],[44.066506,41.982686],[44.188602,41.972635],[44.272279,41.952717],[44.341707,41.95306],[44.374492,41.953223],[44.514415,41.880654],[44.667876,41.839096]]}},{"type":"Feature","properties":{"average_dip":"(77.5,75.0,80.0)","average_rake":"(0,170.0,-170.0)","catalog_id":"ME_G24s1s1","catalog_name":"EMME","epistemic_quality":"1","lower_seis_depth":"(15.0,,)","net_slip_rate":"(0.1,0.09,0.1)","slip_type":"Dextral","upper_seis_depth":"(3.0,,)"},"geometry":{"type":"LineString","coordinates":[[45.209302,41.425062],[44.720537,41.798275]]}},{"type":"Feature","properties":{"average_dip":"(40.0,40.0,40.0)","average_rake":"(95,80.0,110.0)","catalog_id":"ME_G17s4s1","catalog_name":"EMME","epistemic_quality":"1","lower_seis_depth":"(15.0,,)","net_slip_rate":"(1.0,1.0,1.0)","slip_type":"Reverse","upper_seis_depth":"(3.0,,)"},"geometry":{"type":"LineString","coordinates":[[44.667876,41.839096],[44.758842,41.831134],[44.878925,41.837283],[45.006478,41.820604],[45.135676,41.788145]]}},{"type":"Feature","properties":{"average_dip":"(65.0,60.0,70.0)","average_rake":"(90,80.0,100.0)","catalog_id":"ME_G12s1s1","catalog_name":"EMME","epistemic_quality":"1","lower_seis_depth":"(17.0,,)","net_slip_rate":"None","slip_type":"Reverse","upper_seis_depth":"(1.0,,)"},"geometry":{"type":"LineString","coordinates":[[41.784793,42.953214],[41.849164,42.937339],[41.912558,42.94033],[41.992012,42.931091],[42.079842,42.925796],[42.12999,42.918232],[42.164288,42.919088]]}},{"type":"Feature","properties":{"average_dip":"(65.0,60.0,70.0)","average_rake":"(90,80.0,100.0)","catalog_id":"ME_G27s1s1","catalog_name":"EMME","epistemic_quality":"1","lower_seis_depth":"(15.0,,)","net_slip_rate":"None","slip_type":"Reverse","upper_seis_depth":"(3.0,,)"},"geometry":{"type":"LineString","coordinates":[[44.159901,41.385025],[44.201339,41.380982],[44.28547,41.391178],[44.393954,41.395877],[44.491849,41.387885],[44.572674,41.38675],[44.857979,41.38934],[44.918007,41.383554],[45.05392,41.323793]]}},{"type":"Feature","properties":{"average_dip":"(85.0,80.0,90.0)","average_rake":"(180,180.0,180.0)","catalog_id":"ME_G35s1s2","catalog_name":"EMME","epistemic_quality":"1","lower_seis_depth":"(31.5,,)","net_slip_rate":"(0.1,0.1,0.11)","slip_type":"Dextral","upper_seis_depth":"(12.0,,)"},"geometry":{"type":"LineString","coordinates":[[43.912075,41.404302],[43.95649,41.370409],[43.999477,41.322616]]}},{"type":"Feature","properties":{"average_dip":"(85.0,80.0,90.0)","average_rake":"(0,0.0,0.0)","catalog_id":"ME_G33s1s1","catalog_name":"EMME","epistemic_quality":"1","lower_seis_depth":"(15.0,,)","net_slip_rate":"(0.8,0.1,1.5)","slip_type":"Sinistral","upper_seis_depth":"(1.0,,)"},"geometry":{"type":"LineString","coordinates":[[43.600123,41.625292],[43.486299,41.507291],[43.297426,41.350347],[43.247398,41.277746]]}},{"type":"Feature","properties":{"average_dip":"(85.0,80.0,90.0)","average_rake":"(0,0.0,0.0)","catalog_id":"ME_G32s1s1","catalog_name":"EMME","epistemic_quality":"1","lower_seis_depth":"(15.0,,)","net_slip_rate":"(0.8,0.1,1.5)","slip_type":"Sinistral","upper_seis_depth":"(1.0,,)"},"geometry":{"type":"LineString","coordinates":[[43.578557,41.629057],[43.46177,41.571136],[43.279215,41.473848],[43.169122,41.387522],[43.080626,41.303467]]}},{"type":"Feature","properties":{"average_dip":"(85.0,80.0,90.0)","average_rake":"(180,180.0,180.0)","catalog_id":"ME_G34s1s1","catalog_name":"EMME","epistemic_quality":"1","lower_seis_depth":"(31.5,,)","net_slip_rate":"(0.1,0.1,0.11)","slip_type":"Dextral","upper_seis_depth":"(12.0,,)"},"geometry":{"type":"LineString","coordinates":[[43.59296,41.281982],[43.669521,41.235392],[43.695572,41.219907],[43.722988,41.206615],[43.822336,41.153912]]}},{"type":"Feature","properties":{"average_dip":"(85.0,80.0,90.0)","average_rake":"(180,180.0,180.0)","catalog_id":"ME_G35s1s1","catalog_name":"EMME","epistemic_quality":"1","lower_seis_depth":"(31.5,,)","net_slip_rate":"(0.1,0.1,0.11)","slip_type":"Dextral","upper_seis_depth":"(12.0,,)"},"geometry":{"type":"LineString","coordinates":[[44.003473,41.451359],[44.010667,41.383179],[43.999477,41.322616],[44.006157,41.268393]]}},{"type":"Feature","properties":{"average_dip":"(65.0,60.0,70.0)","average_rake":"(90,80.0,100.0)","catalog_id":"ME_G13s5s1","catalog_name":"EMME","epistemic_quality":"1","lower_seis_depth":"(17.0,,)","net_slip_rate":"(0.2,0.1,0.32)","slip_type":"Reverse","upper_seis_depth":"(0.0,,)"},"geometry":{"type":"LineString","coordinates":[[43.459434,42.497897],[43.521397,42.469094],[43.55325,42.452397],[43.577181,42.440948],[43.602237,42.433149],[43.629965,42.424448],[43.657846,42.41901],[43.690041,42.410607],[43.714487,42.397492],[43.73631,42.388869],[43.754087,42.389795],[43.772197,42.388383],[43.79148,42.384807],[43.815552,42.386256],[43.844318,42.394967]]}},{"type":"Feature","properties":{"average_dip":"(70.0,70.0,70.0)","average_rake":"(15,0.0,30.0)","catalog_id":"ME_G22s3s1","catalog_name":"EMME","epistemic_quality":"1","lower_seis_depth":"(15.0,,)","net_slip_rate":"(0.2,0.1,0.32)","slip_type":"Sinistral","upper_seis_depth":"(3.0,,)"},"geometry":{"type":"LineString","coordinates":[[43.338756,41.69093],[43.217261,41.676236],[43.11568,41.658114],[42.993039,41.623408],[42.88433,41.595873],[42.857193,41.581162],[42.832424,41.567734]]}},{"type":"Feature","properties":{"average_dip":"(85.0,80.0,90.0)","average_rake":"(165,150.0,180.0)","catalog_id":"ME_G29s1s1","catalog_name":"EMME","epistemic_quality":"1","lower_seis_depth":"(12.0,,)","net_slip_rate":"(0.1,0.1,0.11)","slip_type":"Dextral","upper_seis_depth":"(3.0,,)"},"geometry":{"type":"LineString","coordinates":[[44.345406,41.241725],[44.322198,41.255518],[44.298869,41.279752],[44.285969,41.285432],[44.214385,41.316065],[44.123447,41.386089],[44.024723,41.44694],[43.949762,41.509009],[43.88692,41.563053]]}},{"type":"Feature","properties":{"average_dip":"(65.0,60.0,70.0)","average_rake":"(90,80.0,100.0)","catalog_id":"ME_G25s1s1","catalog_name":"EMME","epistemic_quality":"1","lower_seis_depth":"(15.0,,)","net_slip_rate":"(0.1,0.07,0.1)","slip_type":"Reverse","upper_seis_depth":"(3.0,,)"},"geometry":{"type":"LineString","coordinates":[[43.889713,41.650619],[44.01068,41.645679],[44.11009,41.644476],[44.803255,41.596167]]}},{"type":"Feature","properties":{"average_dip":"(60.0,60.0,60.0)","average_rake":"(90,80.0,100.0)","catalog_id":"ME_G8s2s3","catalog_name":"EMME","epistemic_quality":"1","lower_seis_depth":"(17.0,,)","net_slip_rate":"(0.4,0.1,0.65)","slip_type":"Reverse","upper_seis_depth":"(3.0,,)"},"geometry":{"type":"LineString","coordinates":[[45.844479,41.869611],[45.885719,41.848351],[45.966473,41.823876],[46.066382,41.796102],[46.196445,41.738827]]}},{"type":"Feature","properties":{"average_dip":"(85.0,80.0,90.0)","average_rake":"(180,180.0,180.0)","catalog_id":"ME_G30s1s1","catalog_name":"EMME","epistemic_quality":"1","lower_seis_depth":"(30.0,,)","net_slip_rate":"(0.1,0.1,0.11)","slip_type":"Dextral","upper_seis_depth":"(0.0,,)"},"geometry":{"type":"LineString","coordinates":[[43.788333,41.602583],[43.862981,41.508701],[43.92545,41.337442],[43.923357,41.247009],[43.957309,41.180508]]}},{"type":"Feature","properties":{"average_dip":"(65.0,60.0,70.0)","average_rake":"(90,80.0,100.0)","catalog_id":"ME_G1s1s4","catalog_name":"EMME","epistemic_quality":"1","lower_seis_depth":"(17.0,,)","net_slip_rate":"(0.7,0.68,0.76)","slip_type":"Reverse","upper_seis_depth":"(3.0,,)"},"geometry":{"type":"LineString","coordinates":[[42.366499,43.052026],[42.338806,43.065157],[42.266972,43.084885],[42.193217,43.09993],[42.143656,43.087992],[42.06888,43.079979],[41.999036,43.099589],[41.946674,43.102793],[41.928538,43.13138],[41.89616,43.151927],[41.802011,43.153922],[41.692429,43.170695],[41.600987,43.198614],[41.502412,43.240011],[41.381445,43.303567],[41.336615,43.317438],[41.278057,43.315545],[41.080482,43.390027],[41.044797,43.390326],[41.002916,43.420998],[40.940297,43.415728],[40.9,43.421938],[40.851219,43.459955],[40.774202,43.480079],[40.694606,43.506174],[40.61428,43.541364]]}},{"type":"Feature","properties":{"average_dip":"(65.0,60.0,70.0)","average_rake":"(90,80.0,100.0)","catalog_id":"ME_G10s1s3","catalog_name":"EMME","epistemic_quality":"1","lower_seis_depth":"(17.0,,)","net_slip_rate":"None","slip_type":"Reverse","upper_seis_depth":"(3.0,,)"},"geometry":{"type":"LineString","coordinates":[[43.49053,42.628661],[43.437327,42.640286],[43.339439,42.65536],[43.271406,42.697538],[43.217813,42.719337],[43.121921,42.754819],[43.034424,42.786252],[42.933361,42.802979],[42.857655,42.811869],[42.75167,42.807779],[42.641742,42.834355],[42.579603,42.851564],[42.530577,42.889586],[42.419044,42.948812],[42.378149,42.989006],[42.275422,43.031841],[42.187692,43.050279]]}},{"type":"Feature","properties":{"average_dip":"(65.0,60.0,70.0)","average_rake":"(90,80.0,100.0)","catalog_id":"ME_G11s2s1","catalog_name":"EMME","epistemic_quality":"1","lower_seis_depth":"(17.0,,)","net_slip_rate":"None","slip_type":"Reverse","upper_seis_depth":"(3.0,,)"},"geometry":{"type":"LineString","coordinates":[[42.020474,43.062515],[41.972209,43.069736],[41.8477,43.081511],[41.772838,43.081314],[41.709474,43.083913],[41.63921,43.080895],[41.584278,43.089006],[41.556199,43.09206],[41.506335,43.104183],[41.484881,43.107421],[41.461817,43.115476],[41.428809,43.111527],[41.384904,43.112094],[41.352769,43.115943],[41.320105,43.128532],[41.282177,43.139966],[41.255946,43.155668],[41.215215,43.168935],[41.174406,43.18316],[41.14204,43.189863],[41.101449,43.200173],[41.070271,43.208844]]}},{"type":"Feature","properties":{"average_dip":"(65.0,60.0,70.0)","average_rake":"(90,80.0,100.0)","catalog_id":"ME_G12s2s2","catalog_name":"EMME","epistemic_quality":"1","lower_seis_depth":"(17.0,,)","net_slip_rate":"None","slip_type":"Reverse","upper_seis_depth":"(3.0,,)"},"geometry":{"type":"LineString","coordinates":[[42.53004,42.764684],[42.416947,42.782012],[42.373553,42.797351],[42.336468,42.81282],[42.334284,42.814136],[42.304264,42.824893],[42.209952,42.843623],[42.091398,42.870989],[42.024166,42.88442],[41.996281,42.903515],[41.953165,42.909371],[41.897719,42.908766],[41.8642,42.909745]]}},{"type":"Feature","properties":{"average_dip":"(65.0,60.0,70.0)","average_rake":"(90,80.0,100.0)","catalog_id":"ME_G13s2s1","catalog_name":"EMME","epistemic_quality":"1","lower_seis_depth":"(17.0,,)","net_slip_rate":"(0.4,0.35,0.4)","slip_type":"Reverse","upper_seis_depth":"(3.0,,)"},"geometry":{"type":"LineString","coordinates":[[42.62505,42.636828],[42.558679,42.633094],[42.4333,42.639706],[42.356165,42.628596],[42.314784,42.63348],[42.028803,42.752698],[41.820435,42.793868],[41.751532,42.805963],[41.691185,42.835803]]}},{"type":"Feature","properties":{"average_dip":"(65.0,60.0,70.0)","average_rake":"(90,80.0,100.0)","catalog_id":"ME_G13s3s1","catalog_name":"EMME","epistemic_quality":"1","lower_seis_depth":"(17.0,,)","net_slip_rate":"(0.4,0.37,0.41)","slip_type":"Reverse","upper_seis_depth":"(3.0,,)"},"geometry":{"type":"LineString","coordinates":[[43.229291,42.533162],[43.206239,42.536229],[43.178836,42.546407],[43.107209,42.561618],[43.032533,42.572053],[43.00513,42.58795],[42.981066,42.598053],[42.944452,42.604418],[42.685144,42.639228]]}},{"type":"Feature","properties":{"average_dip":"(60.0,60.0,60.0)","average_rake":"(90,80.0,100.0)","catalog_id":"ME_G13s4s3","catalog_name":"EMME","epistemic_quality":"1","lower_seis_depth":"(17.0,,)","net_slip_rate":"(0.4,0.37,0.41)","slip_type":"Reverse","upper_seis_depth":"(3.0,,)"},"geometry":{"type":"LineString","coordinates":[[43.88058,42.435068],[43.813764,42.423764],[43.742795,42.420668],[43.638067,42.446369],[43.569736,42.465417],[43.519987,42.498699],[43.472195,42.514443],[43.273312,42.521008],[43.244412,42.522727]]}},{"type":"Feature","properties":{"average_dip":"(77.5,75.0,80.0)","average_rake":"(0,170.0,-170.0)","catalog_id":"ME_G14s1s1","catalog_name":"EMME","epistemic_quality":"1","lower_seis_depth":"(15.0,,)","net_slip_rate":"(0.1,0.1,0.1)","slip_type":"Dextral","upper_seis_depth":"(3.0,,)"},"geometry":{"type":"LineString","coordinates":[[41.725427,42.792943],[41.783731,42.724418],[41.828567,42.610345],[41.808077,42.570904],[41.788684,42.431686],[41.80226,42.381494]]}},{"type":"Feature","properties":{"average_dip":"(60.0,60.0,60.0)","average_rake":"(95,80.0,110.0)","catalog_id":"ME_G14s2s1","catalog_name":"EMME","epistemic_quality":"1","lower_seis_depth":"(15.0,,)","net_slip_rate":"(0.1,0.1,0.1)","slip_type":"Reverse","upper_seis_depth":"(3.0,,)"},"geometry":{"type":"LineString","coordinates":[[41.80226,42.381494],[41.897568,42.330198],[42.004257,42.327822],[42.024338,42.314113],[42.02976,42.295919],[42.035174,42.276395]]}},{"type":"Feature","properties":{"average_dip":"(85.0,80.0,90.0)","average_rake":"(0,0.0,0.0)","catalog_id":"ME_G14s3s3","catalog_name":"EMME","epistemic_quality":"1","lower_seis_depth":"(15.0,,)","net_slip_rate":"(0.1,0.1,0.1)","slip_type":"Sinistral","upper_seis_depth":"(3.0,,)"},"geometry":{"type":"LineString","coordinates":[[42.055842,42.274813],[42.143284,42.299655],[42.193219,42.350229],[42.263358,42.417786],[42.389677,42.467614],[42.472189,42.542786],[42.601859,42.583551],[42.634058,42.615594]]}},{"type":"Feature","properties":{"average_dip":"(65.0,45.0,85.0)","average_rake":"(95,80.0,110.0)","catalog_id":"ME_G15s1s1","catalog_name":"EMME","epistemic_quality":"1","lower_seis_depth":"(15.0,,)","net_slip_rate":"None","slip_type":"Reverse","upper_seis_depth":"(3.0,,)"},"geometry":{"type":"LineString","coordinates":[[43.571885,42.356499],[43.558314,42.345721],[43.534703,42.340686],[43.497544,42.343584],[43.477512,42.347566],[43.423931,42.350617],[43.370606,42.352608],[43.308017,42.349044],[43.247152,42.348129],[43.211878,42.328987],[43.179896,42.320513],[43.160872,42.297626],[43.107574,42.284802],[43.068357,42.280163],[43.018294,42.279308],[43.003655,42.289682],[42.969382,42.298379],[42.893236,42.274422],[42.861193,42.269843],[42.828837,42.274548],[42.792947,42.277848],[42.762887,42.267967],[42.746991,42.262342],[42.725498,42.263246]]}},{"type":"Feature","properties":{"average_dip":"(65.0,60.0,70.0)","average_rake":"(95,80.0,110.0)","catalog_id":"ME_G15s2s2","catalog_name":"EMME","epistemic_quality":"1","lower_seis_depth":"(15.0,,)","net_slip_rate":"None","slip_type":"Reverse","upper_seis_depth":"(0.0,,)"},"geometry":{"type":"LineString","coordinates":[[43.99777,42.333237],[43.895659,42.336284],[43.847225,42.341121],[43.753761,42.358742],[43.696264,42.367402],[43.665788,42.368379],[43.617461,42.366478],[43.594154,42.365203],[43.579869,42.361153]]}},{"type":"Feature","properties":{"average_dip":"(40.0,40.0,40.0)","average_rake":"(95,80.0,110.0)","catalog_id":"ME_G16s1s2","catalog_name":"EMME","epistemic_quality":"1","lower_seis_depth":"(15.0,,)","net_slip_rate":"(1.0,1.0,1.0)","slip_type":"Reverse","upper_seis_depth":"(3.0,,)"},"geometry":{"type":"LineString","coordinates":[[44.680353,41.870828],[44.624689,41.874034],[44.492172,41.948699],[44.415346,41.983227],[44.285967,42.005453],[44.18321,42.018316]]}},{"type":"Feature","properties":{"average_dip":"(40.0,40.0,40.0)","average_rake":"(95,80.0,110.0)","catalog_id":"ME_G17s1s1","catalog_name":"EMME","epistemic_quality":"1","lower_seis_depth":"(15.0,,)","net_slip_rate":"(0.4,0.38,0.43)","slip_type":"Reverse","upper_seis_depth":"(3.0,,)"},"geometry":{"type":"LineString","coordinates":[[42.447289,42.069069],[42.413433,42.083755],[42.362992,42.105319],[42.338115,42.107584],[42.250891,42.087602],[42.138921,42.085141],[41.983273,42.061338],[41.915852,42.069811],[41.863563,42.061752],[41.806461,42.037676]]}},{"type":"Feature","properties":{"average_dip":"(60.0,60.0,60.0)","average_rake":"(95,80.0,110.0)","catalog_id":"ME_G18s1s1","catalog_name":"EMME","epistemic_quality":"1","lower_seis_depth":"(15.0,,)","net_slip_rate":"(0.7,0.25,1.24)","slip_type":"Reverse","upper_seis_depth":"(3.0,,)"},"geometry":{"type":"LineString","coordinates":[[45.088054,41.844041],[45.026797,41.844928],[44.951287,41.861332],[44.862968,41.894952],[44.781449,41.921388],[44.722796,41.955677],[44.647073,41.977416],[44.54408,42.023209],[44.421412,42.082048],[44.282371,42.122662],[44.153093,42.194398]]}},{"type":"Feature","properties":{"average_dip":"(60.0,60.0,60.0)","average_rake":"(95,80.0,110.0)","catalog_id":"ME_G18s2s1","catalog_name":"EMME","epistemic_quality":"1","lower_seis_depth":"(15.0,,)","net_slip_rate":"(0.7,0.2,1.24)","slip_type":"Reverse","upper_seis_depth":"(3.0,,)"},"geometry":{"type":"LineString","coordinates":[[44.741891,41.981659],[44.778826,41.978675],[44.840422,41.955818],[44.875335,41.92831],[44.930709,41.897745],[45.149844,41.865525],[45.227568,41.840908],[45.294875,41.788713],[45.337655,41.756452],[45.384589,41.742528],[45.468258,41.725381],[45.53138,41.699085],[45.573996,41.668267],[45.590089,41.642164],[45.618173,41.591504],[45.650487,41.560712]]}},{"type":"Feature","properties":{"average_dip":"(60.0,60.0,60.0)","average_rake":"(95,80.0,110.0)","catalog_id":"ME_G18s3s1","catalog_name":"EMME","epistemic_quality":"1","lower_seis_depth":"(15.0,,)","net_slip_rate":"(0.7,0.2,1.24)","slip_type":"Reverse","upper_seis_depth":"(3.0,,)"},"geometry":{"type":"LineString","coordinates":[[45.650487,41.560712],[45.725614,41.535771],[45.808732,41.503072],[45.891598,41.458069],[46.006832,41.409666],[46.085403,41.366092],[46.13558,41.330401],[46.250257,41.274106],[46.357452,41.257585],[46.480533,41.228515],[46.560555,41.183067],[46.670006,41.184593]]}},{"type":"Feature","properties":{"average_dip":"(60.0,60.0,60.0)","average_rake":"(95,80.0,110.0)","catalog_id":"ME_G19s1s2","catalog_name":"EMME","epistemic_quality":"1","lower_seis_depth":"(15.0,,)","net_slip_rate":"(0.7,0.2,1.24)","slip_type":"Reverse","upper_seis_depth":"(3.0,,)"},"geometry":{"type":"LineString","coordinates":[[46.541315,41.104508],[46.288302,41.193469],[46.138279,41.208405],[45.978177,41.229909],[45.878939,41.273636],[45.803684,41.319329],[45.711776,41.363826],[45.500847,41.439362],[45.293683,41.613732],[45.277282,41.64335],[45.279925,41.666243],[45.278743,41.687236],[45.259697,41.69873],[45.172002,41.754234],[45.152937,41.774297]]}},{"type":"Feature","properties":{"average_dip":"(87.5,85.0,90.0)","average_rake":"(150,150.0,150.0)","catalog_id":"ME_G19s2s1","catalog_name":"EMME","epistemic_quality":"1","lower_seis_depth":"(15.0,,)","net_slip_rate":"(1.1,1.01,1.24)","slip_type":"Dextral-Reverse","upper_seis_depth":"(3.0,,)"},"geometry":{"type":"LineString","coordinates":[[45.214019,41.71368],[45.211155,41.61639],[45.213552,41.572507],[45.26413,41.515168],[45.308363,41.475948]]}},{"type":"Feature","properties":{"average_dip":"(60.0,50.0,70.0)","average_rake":"(95,80.0,110.0)","catalog_id":"ME_G2s1s5","catalog_name":"EMME","epistemic_quality":"1","lower_seis_depth":"(17.0,,)","net_slip_rate":"(0.4,0.1,0.76)","slip_type":"Reverse","upper_seis_depth":"(3.0,,)"},"geometry":{"type":"LineString","coordinates":[[44.656412,42.674263],[44.688661,42.666433],[44.72462,42.626912],[44.767569,42.617764],[44.805175,42.598027],[44.851644,42.598096],[44.919527,42.624573],[44.985685,42.62196],[45.075062,42.60477],[45.125069,42.583599],[45.18213,42.542588],[45.219504,42.50687],[45.285345,42.46447],[45.363595,42.425954],[45.413266,42.390132],[45.480805,42.370061],[45.528741,42.352684],[45.582026,42.33922],[45.65103,42.299234]]}},{"type":"Feature","properties":{"average_dip":"(50.0,50.0,50.0)","average_rake":"(95,80.0,110.0)","catalog_id":"ME_G20s1s2","catalog_name":"EMME","epistemic_quality":"1","lower_seis_depth":"(15.0,,)","net_slip_rate":"(0.4,0.4,0.45)","slip_type":"Reverse","upper_seis_depth":"(3.0,,)"},"geometry":{"type":"LineString","coordinates":[[43.27376,41.949121],[43.129993,42.001515],[43.101153,42.01851],[43.095845,42.021638],[43.06061,42.042401],[43.028731,42.054115],[42.987218,42.066672],[42.974368,42.082789],[42.959098,42.088647],[42.937335,42.08315],[42.926406,42.081932],[42.909828,42.085717],[42.892182,42.080287],[42.863407,42.079754],[42.844881,42.060001],[42.821629,42.058541],[42.791284,42.064089],[42.766663,42.062591],[42.727378,42.049562],[42.684076,42.034397],[42.628287,42.024064],[42.570838,42.021841],[42.547492,42.023387],[42.515893,42.025771],[42.48711,42.026166],[42.467908,42.026765],[42.436223,42.031168],[42.40748,42.030522],[42.375009,42.020591],[42.34739,42.013531],[42.287998,42.01081],[42.296561,41.991863],[42.219357,41.974425]]}},{"type":"Feature","properties":{"average_dip":"(75.0,70.0,80.0)","average_rake":"(15,0.0,30.0)","catalog_id":"ME_G20s2s2","catalog_name":"EMME","epistemic_quality":"1","lower_seis_depth":"(15.0,,)","net_slip_rate":"None","slip_type":"Sinistral","upper_seis_depth":"(3.0,,)"},"geometry":{"type":"LineString","coordinates":[[42.320149,41.957018],[42.292023,41.959443],[42.234207,41.955659],[42.187826,41.947723],[42.173063,41.941232],[42.096078,41.913429],[41.973646,41.861294],[41.845181,41.835347],[41.719168,41.804435]]}},{"type":"Feature","properties":{"average_dip":"(70.0,70.0,70.0)","average_rake":"(15,0.0,30.0)","catalog_id":"ME_G21s1s1","catalog_name":"EMME","epistemic_quality":"1","lower_seis_depth":"(15.0,,)","net_slip_rate":"None","slip_type":"Sinistral","upper_seis_depth":"(3.0,,)"},"geometry":{"type":"LineString","coordinates":[[41.738152,41.560758],[42.031019,41.633202],[42.083607,41.668239],[42.11992,41.685845],[42.363867,41.739921],[42.450599,41.73817],[42.550759,41.741278],[42.61124,41.746261],[42.654375,41.751786]]}},{"type":"Feature","properties":{"average_dip":"(70.0,70.0,70.0)","average_rake":"(15,0.0,30.0)","catalog_id":"ME_G21s2s1","catalog_name":"EMME","epistemic_quality":"1","lower_seis_depth":"(15.0,,)","net_slip_rate":"None","slip_type":"Sinistral","upper_seis_depth":"(3.0,,)"},"geometry":{"type":"LineString","coordinates":[[42.654375,41.751786],[42.779443,41.787655],[42.886285,41.816562],[42.967023,41.850475],[43.030569,41.869036],[43.030939,41.869207],[43.073098,41.869922],[43.125015,41.876346],[43.202627,41.896133],[43.258303,41.902555],[43.314988,41.918237],[43.36936,41.928295],[43.418647,41.943822],[43.47175,41.956596],[43.501513,41.958843],[43.527229,41.93711],[43.571893,41.924137],[43.629285,41.923122],[43.701021,41.93105],[43.774304,41.963157],[43.80957,41.973002],[43.846189,42.008851]]}},{"type":"Feature","properties":{"average_dip":"(65.0,60.0,70.0)","average_rake":"(90,80.0,100.0)","catalog_id":"ME_G22s1s4","catalog_name":"EMME","epistemic_quality":"1","lower_seis_depth":"(15.0,,)","net_slip_rate":"(0.3,0.28,0.32)","slip_type":"Reverse","upper_seis_depth":"(3.0,,)"},"geometry":{"type":"LineString","coordinates":[[43.310926,41.778595],[43.376218,41.786612],[43.430836,41.789899],[43.513126,41.788518],[43.558176,41.794974],[43.640321,41.813623],[43.712567,41.837986],[43.737663,41.861794],[43.774921,41.86808],[43.851586,41.871814],[43.924399,41.871048],[43.949709,41.887459],[43.998858,41.89084],[44.061896,41.897183],[44.124572,41.871535],[44.245513,41.855241],[44.341127,41.884998]]}},{"type":"Feature","properties":{"average_dip":"(70.0,70.0,70.0)","average_rake":"(15,0.0,30.0)","catalog_id":"ME_G22s2s1","catalog_name":"EMME","epistemic_quality":"1","lower_seis_depth":"(15.0,,)","net_slip_rate":"(0.2,0.1,0.32)","slip_type":"Sinistral","upper_seis_depth":"(3.0,,)"},"geometry":{"type":"LineString","coordinates":[[42.617015,41.596394],[42.632918,41.603539],[42.707874,41.637217],[42.81271,41.666688],[42.950422,41.680182],[43.007433,41.680233],[43.046422,41.683935],[43.081986,41.689588],[43.118305,41.692716],[43.219011,41.717759],[43.34843,41.734826],[43.388844,41.729488]]}},{"type":"Feature","properties":{"average_dip":"(65.0,60.0,70.0)","average_rake":"(90,80.0,100.0)","catalog_id":"ME_G26s1s2","catalog_name":"EMME","epistemic_quality":"1","lower_seis_depth":"(15.0,,)","net_slip_rate":"None","slip_type":"Reverse","upper_seis_depth":"(3.0,,)"},"geometry":{"type":"LineString","coordinates":[[43.98048,41.516458],[44.071649,41.515215],[44.144914,41.510103],[44.190396,41.507177],[44.251901,41.499262],[44.377506,41.493284],[44.790973,41.511153]]}},{"type":"Feature","properties":{"average_dip":"(75.0,75.0,75.0)","average_rake":"(165,150.0,180.0)","catalog_id":"ME_G28s1s3","catalog_name":"EMME","epistemic_quality":"1","lower_seis_depth":"(15.0,,)","net_slip_rate":"(0.1,0.1,0.11)","slip_type":"Dextral","upper_seis_depth":"(3.0,,)"},"geometry":{"type":"LineString","coordinates":[[44.804273,41.245013],[44.74051,41.26562],[44.646681,41.293643],[44.612876,41.304844],[44.568242,41.300031],[44.519498,41.30078],[44.454539,41.297663],[44.392007,41.303004],[44.349386,41.315965],[44.317952,41.333689],[44.222427,41.353576]]}},{"type":"Feature","properties":{"average_dip":"(77.5,75.0,80.0)","average_rake":"(165,150.0,180.0)","catalog_id":"ME_G29s1s2","catalog_name":"EMME","epistemic_quality":"1","lower_seis_depth":"(15.0,,)","net_slip_rate":"(0.1,0.1,0.11)","slip_type":"Dextral","upper_seis_depth":"(3.0,,)"},"geometry":{"type":"LineString","coordinates":[[45.083524,41.11121],[45.029235,41.121991],[44.814732,41.186672],[44.596951,41.220247],[44.536928,41.230468],[44.4815,41.240677],[44.423809,41.243885],[44.37539,41.241891],[44.345406,41.241725]]}},{"type":"Feature","properties":{"average_dip":"(40.0,40.0,40.0)","average_rake":"(90,80.0,100.0)","catalog_id":"ME_G3s1s6","catalog_name":"EMME","epistemic_quality":"1","lower_seis_depth":"(17.0,,)","net_slip_rate":"(0.5,0.1,0.9)","slip_type":"Reverse","upper_seis_depth":"(3.0,,)"},"geometry":{"type":"LineString","coordinates":[[45.604563,42.21722],[45.575656,42.226948],[45.541937,42.240284],[45.492188,42.266851],[45.406871,42.286344],[45.348936,42.308089],[45.281274,42.32863],[45.224829,42.338334],[45.165163,42.357594],[45.126461,42.380394],[45.099047,42.406763],[45.084524,42.419946],[45.055443,42.429543],[45.021505,42.441528],[44.972997,42.464277],[44.935787,42.478631],[44.87271,42.474986],[44.811236,42.478493],[44.741627,42.491528],[44.68653,42.509351],[44.615169,42.534279],[44.520941,42.577028],[44.472118,42.603155],[44.368164,42.638871],[44.324033,42.642542],[44.287053,42.661466]]}},{"type":"Feature","properties":{"average_dip":"(85.0,80.0,90.0)","average_rake":"(0,0.0,0.0)","catalog_id":"ME_G31s1s1","catalog_name":"EMME","epistemic_quality":"1","lower_seis_depth":"(12.0,,)","net_slip_rate":"(0.1,0.1,0.11)","slip_type":"Sinistral","upper_seis_depth":"(0.0,,)"},"geometry":{"type":"LineString","coordinates":[[43.714061,41.666531],[43.695593,41.594096],[43.680731,41.509245],[43.666374,41.448782],[43.608143,41.391368],[43.580664,41.306867],[43.561839,41.280945],[43.522171,41.239309],[43.456343,41.178932]]}},{"type":"Feature","properties":{"average_dip":"(85.0,80.0,90.0)","average_rake":"(180,180.0,180.0)","catalog_id":"ME_G31s2s1","catalog_name":"EMME","epistemic_quality":"1","lower_seis_depth":"(31.5,,)","net_slip_rate":"(0.1,0.1,0.11)","slip_type":"Dextral","upper_seis_depth":"(0.0,,)"},"geometry":{"type":"LineString","coordinates":[[43.634482,41.373476],[43.661774,41.347126],[43.683672,41.32946],[43.709564,41.312926],[43.736035,41.290046],[43.763399,41.271051],[43.809664,41.23242],[43.866095,41.192686]]}},{"type":"Feature","properties":{"average_dip":"(60.0,60.0,60.0)","average_rake":"(90,80.0,100.0)","catalog_id":"ME_G4s1s3","catalog_name":"EMME","epistemic_quality":"1","lower_seis_depth":"(17.0,,)","net_slip_rate":"(0.4,0.1,0.62)","slip_type":"Reverse","upper_seis_depth":"(3.0,,)"},"geometry":{"type":"LineString","coordinates":[[45.199104,42.313256],[45.277591,42.271124],[45.495205,42.137186],[45.639443,42.096328],[45.732184,42.064753],[45.817746,42.053226],[45.912728,42.017839],[46.029172,41.954812],[46.155382,41.904342],[46.398279,41.841423],[46.810098,41.694803]]}},{"type":"Feature","properties":{"average_dip":"(60.0,60.0,60.0)","average_rake":"(90,80.0,100.0)","catalog_id":"ME_G5s1s1","catalog_name":"EMME","epistemic_quality":"1","lower_seis_depth":"(17.0,,)","net_slip_rate":"(0.4,0.1,0.62)","slip_type":"Reverse","upper_seis_depth":"(3.0,,)"},"geometry":{"type":"LineString","coordinates":[[43.364456,42.844889],[43.531901,42.79053],[43.613125,42.752931],[43.716778,42.72325],[43.802667,42.704874],[44.231922,42.629335],[44.262841,42.61996],[44.300166,42.616602],[44.348994,42.609992],[44.382429,42.604285],[44.428736,42.587499],[44.470148,42.575958],[44.556692,42.534464],[44.598716,42.516966],[44.733315,42.460634]]}},{"type":"Feature","properties":{"average_dip":"(60.0,60.0,60.0)","average_rake":"(90,80.0,100.0)","catalog_id":"ME_G5s2s4","catalog_name":"EMME","epistemic_quality":"1","lower_seis_depth":"(17.0,,)","net_slip_rate":"(0.4,0.1,0.62)","slip_type":"Reverse","upper_seis_depth":"(3.0,,)"},"geometry":{"type":"LineString","coordinates":[[44.759968,42.451307],[44.8888,42.436314],[44.96999,42.425906],[45.065247,42.394515],[45.170815,42.300278],[45.269169,42.237335],[45.381308,42.16119],[45.563081,42.05062],[45.664436,42.013471],[45.755346,41.99199],[45.835819,41.980973],[45.950987,41.948698],[46.29801,41.788409]]}},{"type":"Feature","properties":{"average_dip":"(80.0,80.0,80.0)","average_rake":"(90,80.0,100.0)","catalog_id":"ME_G6s1s2","catalog_name":"EMME","epistemic_quality":"1","lower_seis_depth":"(17.0,,)","net_slip_rate":"None","slip_type":"Reverse","upper_seis_depth":"(0.0,,)"},"geometry":{"type":"LineString","coordinates":[[40.898911,43.370105],[40.878683,43.378081],[40.851456,43.392328],[40.837853,43.399231],[40.824038,43.409172],[40.805544,43.417634],[40.771529,43.425954],[40.718825,43.43661],[40.681184,43.445202],[40.602449,43.476578],[40.57142,43.484082],[40.536533,43.487075],[40.467464,43.507419],[40.445251,43.516544],[40.431615,43.530796],[40.42559,43.539259],[40.422382,43.55001]]}},{"type":"Feature","properties":{"average_dip":"(60.0,60.0,60.0)","average_rake":"(90,80.0,100.0)","catalog_id":"ME_G7s1s2","catalog_name":"EMME","epistemic_quality":"1","lower_seis_depth":"(17.0,,)","net_slip_rate":"(0.4,0.1,0.62)","slip_type":"Reverse","upper_seis_depth":"(3.0,,)"},"geometry":{"type":"LineString","coordinates":[[44.38818,42.527107],[44.444996,42.518273],[44.516762,42.487579],[44.57865,42.449506],[44.682341,42.407872],[44.766116,42.391652],[44.948318,42.335313],[45.058935,42.276919],[45.176718,42.220232],[45.321222,42.154227],[45.406644,42.09009]]}},{"type":"Feature","properties":{"average_dip":"(60.0,60.0,60.0)","average_rake":"(90,80.0,100.0)","catalog_id":"ME_G8s1s2","catalog_name":"EMME","epistemic_quality":"1","lower_seis_depth":"(17.0,,)","net_slip_rate":"(0.5,0.1,0.83)","slip_type":"Reverse","upper_seis_depth":"(3.0,,)"},"geometry":{"type":"LineString","coordinates":[[44.254163,42.424583],[44.345951,42.389021],[44.400832,42.382548],[44.480174,42.362616],[44.6051,42.345053],[44.733048,42.316072],[44.866983,42.275666],[44.918689,42.257653],[45.018967,42.201236],[45.094847,42.178621],[45.149416,42.149212]]}},{"type":"Feature","properties":{"average_dip":"(60.0,60.0,60.0)","average_rake":"(90,80.0,100.0)","catalog_id":"ME_G8s2s1","catalog_name":"EMME","epistemic_quality":"1","lower_seis_depth":"(17.0,,)","net_slip_rate":"(0.5,0.1,0.83)","slip_type":"Reverse","upper_seis_depth":"(3.0,,)"},"geometry":{"type":"LineString","coordinates":[[45.184397,42.136694],[45.390953,42.054586],[45.642881,41.946477],[45.931952,41.783123],[46.18497,41.638655]]}},{"type":"Feature","properties":{"average_dip":"(55.0,50.0,60.0)","average_rake":"(90,80.0,100.0)","catalog_id":"ME_G9s1s1","catalog_name":"EMME","epistemic_quality":"1","lower_seis_depth":"(17.0,,)","net_slip_rate":"(0.9,0.8,0.91)","slip_type":"Reverse","upper_seis_depth":"(3.0,,)"},"geometry":{"type":"LineString","coordinates":[[43.969868,42.424285],[43.938913,42.436271],[43.898604,42.441149],[43.74975,42.489572],[43.68389,42.524763],[43.632177,42.560085],[43.575902,42.584812],[43.541099,42.631095],[43.438222,42.665609],[43.326361,42.728594],[43.181659,42.85193],[43.067615,42.913429],[43.028407,42.918738],[42.999181,42.917035],[42.964765,42.924797],[42.907049,42.947668],[42.83677,43.002553],[42.816685,43.017714],[42.708961,43.022781],[42.492644,43.052915],[42.403433,43.080813],[42.392464,43.084954]]}},{"type":"Feature","properties":{"average_dip":"(50.0,50.0,50.0)","average_rake":"(90,80.0,100.0)","catalog_id":"ME_G9s2s1","catalog_name":"EMME","epistemic_quality":"1","lower_seis_depth":"(17.0,,)","net_slip_rate":"(0.9,0.8,0.91)","slip_type":"Reverse","upper_seis_depth":"(3.0,,)"},"geometry":{"type":"LineString","coordinates":[[44.337065,42.159439],[44.321638,42.160495],[44.283839,42.169906],[44.202525,42.204534],[44.131728,42.266131],[44.111069,42.308914],[44.044963,42.342553],[43.969868,42.424285]]}},{"type":"Feature","properties":{"average_dip":"(45.0,45.0,45.0)","average_rake":"(90,80.0,100.0)","catalog_id":"ME_G9s3s1","catalog_name":"EMME","epistemic_quality":"1","lower_seis_depth":"(17.0,,)","net_slip_rate":"(1.1,0.2,2.0)","slip_type":"Reverse","upper_seis_depth":"(3.0,,)"},"geometry":{"type":"LineString","coordinates":[[45.67729,41.705647],[45.907009,41.578873],[46.010175,41.527501],[46.165537,41.444905],[46.280417,41.390109],[46.369316,41.364594],[46.512894,41.335244],[46.709739,41.29719],[46.7979,41.262155]]}},{"type":"Feature","properties":{"average_dip":"(65.0,60.0,70.0)","average_rake":"(90,80.0,100.0)","catalog_id":"ME_G11s1s1","catalog_name":"EMME","epistemic_quality":"1","lower_seis_depth":"(17.0,,)","net_slip_rate":"None","slip_type":"Reverse","upper_seis_depth":"(0.0,,)"},"geometry":{"type":"LineString","coordinates":[[40.254595,43.295819],[40.37295,43.270017],[40.428396,43.255526],[40.471999,43.246114],[40.519035,43.241698],[40.557207,43.241099],[40.63,43.236243],[40.67222,43.232276],[40.7445,43.22152],[40.783626,43.214205],[40.825135,43.210861],[40.859867,43.209203],[40.892748,43.21526],[40.919447,43.214269],[40.934577,43.207017],[40.967099,43.19843],[40.994046,43.193535],[41.025985,43.193677],[41.049265,43.204224],[41.070271,43.208844]]}},{"type":"Feature","properties":{"average_dip":"(65.0,60.0,70.0)","average_rake":"(90,80.0,100.0)","catalog_id":"ME_G1s2s8","catalog_name":"EMME","epistemic_quality":"1","lower_seis_depth":"(17.0,,)","net_slip_rate":"(0.4,0.1,0.76)","slip_type":"Reverse","upper_seis_depth":"(3.0,,)"},"geometry":{"type":"LineString","coordinates":[[43.374147,42.862397],[43.428788,42.859948],[43.477978,42.851603],[43.543042,42.837005],[43.610084,42.810811],[43.656024,42.788193],[43.702065,42.759122],[43.739023,42.745377],[43.779557,42.72651],[43.80768,42.71651],[43.886402,42.705449],[43.997439,42.702876],[44.162042,42.706897],[44.310753,42.715985],[44.425414,42.717517],[44.521953,42.706792],[44.656266,42.700671],[44.743997,42.69826],[44.876436,42.714325],[44.957033,42.686654],[45.028618,42.669493],[45.076907,42.650985],[45.132312,42.628486],[45.177004,42.624465],[45.202054,42.629705],[45.282372,42.596524],[45.658448,42.498586],[45.702774,42.473234],[45.732911,42.4572],[45.780891,42.443678]]}},{"type":"Feature","properties":{"average_dip":"(65.0,60.0,70.0)","average_rake":"(90,80.0,100.0)","catalog_id":"ME_G13s1s1","catalog_name":"EMME","epistemic_quality":"1","lower_seis_depth":"(17.0,,)","net_slip_rate":"(0.4,0.35,0.4)","slip_type":"Reverse","upper_seis_depth":"(3.0,,)"},"geometry":{"type":"LineString","coordinates":[[41.691185,42.835803],[41.624619,42.89115],[41.562995,42.912699],[41.245998,43.076938],[41.203894,43.087239],[41.124348,43.10912],[41.014034,43.11234],[40.967632,43.114219],[40.928527,43.10231],[40.895569,43.094115],[40.841698,43.08866],[40.806293,43.093211],[40.762525,43.103287],[40.560232,43.088529]]}},{"type":"Feature","properties":{"average_dip":"(65.0,60.0,70.0)","average_rake":"(90,80.0,100.0)","catalog_id":"ME_G1s2s6","catalog_name":"EMME","epistemic_quality":"1","lower_seis_depth":"(17.0,,)","net_slip_rate":"(0.7,0.68,0.76)","slip_type":"Reverse","upper_seis_depth":"(3.0,,)"},"geometry":{"type":"LineString","coordinates":[[41.877343,43.234041],[42.096758,43.152607],[42.233487,43.133045],[42.401047,43.123205],[42.432928,43.110154],[42.480606,43.118865],[42.508172,43.108758],[42.70468,43.103689],[42.809569,43.090444],[43.319326,42.877274]]}},{"type":"Feature","properties":{"average_dip":"(65.0,60.0,70.0)","average_rake":"(90,80.0,100.0)","catalog_id":"ME_G1s2s5","catalog_name":"EMME","epistemic_quality":"1","lower_seis_depth":"(17.0,,)","net_slip_rate":"(0.7,0.68,0.76)","slip_type":"Reverse","upper_seis_depth":"(3.0,,)"},"geometry":{"type":"LineString","coordinates":[[42.980005,42.992365],[42.939021,43.005453],[42.909675,43.016614],[42.86536,43.041307],[42.811133,43.058353],[42.757109,43.068999],[42.69755,43.072068],[42.646842,43.071036],[42.598042,43.058329],[42.573587,43.053561],[42.539725,43.066656],[42.327495,43.112915]]}},{"type":"Feature","properties":{"average_dip":"(45.0,45.0,45.0)","average_rake":"(90,80.0,100.0)","catalog_id":"ME_G9s2s4","catalog_name":"EMME","epistemic_quality":"1","lower_seis_depth":"(17.0,,)","net_slip_rate":"(1.1,0.2,2.0)","slip_type":"Reverse","upper_seis_depth":"(3.0,,)"},"geometry":{"type":"LineString","coordinates":[[45.67729,41.705647],[45.641071,41.70936],[45.613085,41.718277],[45.597951,41.726245],[45.558281,41.738715],[45.476924,41.813578],[45.334192,41.850892],[45.267435,41.86509],[45.23228,41.870425],[45.190133,41.892413],[45.173752,41.907338],[45.14097,41.938934],[45.108112,41.944228],[45.081132,41.960025],[45.050622,41.984582],[45.034185,41.999487],[45.010691,42.027537],[44.983652,42.038929],[44.935455,42.03453],[44.897826,42.040638],[44.860177,42.052867],[44.818886,42.100135],[44.764699,42.114935],[44.686958,42.126142],[44.648074,42.132164],[44.570357,42.133652],[44.517315,42.141329],[44.404144,42.154819],[44.337065,42.159439]]}},{"type":"Feature","properties":{"average_dip":"(77.5,75.0,80.0)","average_rake":"(15,0.0,30.0)","catalog_id":"ME_G23s1s1","catalog_name":"EMME","epistemic_quality":"1","lower_seis_depth":"(15.0,,)","net_slip_rate":"(0.2,0.1,0.2)","slip_type":"Sinistral","upper_seis_depth":"(3.0,,)"},"geometry":{"type":"LineString","coordinates":[[42.97999,41.479473],[43.036693,41.521392],[43.097745,41.558081],[43.223211,41.600102],[43.28135,41.63701],[43.336168,41.658889],[43.417018,41.683626],[43.460626,41.712858],[43.465247,41.714863],[43.517464,41.736149],[43.548416,41.741757],[43.586745,41.741622],[43.656648,41.732356],[43.724083,41.733124],[43.755684,41.726734],[43.800607,41.728896],[43.856684,41.736205],[43.925928,41.76382],[43.988745,41.774495],[44.06083,41.76837],[44.114955,41.758695],[44.200254,41.772794],[44.301251,41.795347],[44.429179,41.763762],[44.600115,41.770774]]}},{"type":"Feature","properties":{"average_dip":"(40.0,40.0,40.0)","average_rake":"(95,80.0,110.0)","catalog_id":"ME_G17s2s1","catalog_name":"EMME","epistemic_quality":"1","lower_seis_depth":"(15.0,,)","net_slip_rate":"(0.4,0.38,0.43)","slip_type":"Reverse","upper_seis_depth":"(3.0,,)"},"geometry":{"type":"LineString","coordinates":[[43.650058,42.099229],[43.538446,42.052055],[43.42092,41.995223],[43.318907,41.968482],[43.005365,42.107274],[42.938459,42.122786],[42.883515,42.122869],[42.793955,42.101643],[42.755856,42.100904],[42.729238,42.09896],[42.693767,42.078378],[42.644522,42.070279],[42.576093,42.066014],[42.510601,42.057732],[42.487804,42.058649],[42.460776,42.046746],[42.438958,42.046967],[42.402729,42.051807],[42.365466,42.057467],[42.336471,42.058478],[42.296892,42.053123],[42.278875,42.031319],[42.222988,42.049092],[42.154691,42.047066]]}},{"type":"Feature","properties":{"average_dip":"(70.0,70.0,70.0)","average_rake":"(-160,-160.0,-160.0)","catalog_id":"ME_AM5","catalog_name":"EMME","epistemic_quality":"2","lower_seis_depth":"(20.0,,)","net_slip_rate":"(1.1,0.44,1.8)","slip_type":"Dextral","upper_seis_depth":"(0.0,,)"},"geometry":{"type":"LineString","coordinates":[[46.30978,39.124373],[46.365589,39.046029],[46.365592,38.991566],[46.392237,38.92305],[46.466463,38.833599],[46.515946,38.822179]]}},{"type":"Feature","properties":{"average_dip":"(70.0,70.0,70.0)","average_rake":"(-170,-170.0,-170.0)","catalog_id":"ME_AM6","catalog_name":"EMME","epistemic_quality":"2","lower_seis_depth":"(20.0,,)","net_slip_rate":"(1.1,0.44,1.8)","slip_type":"Dextral","upper_seis_depth":"(1.0,,)"},"geometry":{"type":"LineString","coordinates":[[46.108291,39.441479],[46.138172,39.37442],[46.146513,39.327901],[46.16094,39.073346],[46.176934,38.875552],[46.234301,38.768643],[46.337582,38.699806],[46.373059,38.687568]]}},{"type":"Feature","properties":{"average_dip":"(70.0,70.0,70.0)","average_rake":"(-160,-160.0,-160.0)","catalog_id":"ME_AkeraF01","catalog_name":"EMME","epistemic_quality":"1","lower_seis_depth":"(34.5,,)","net_slip_rate":"(1.1,0.8,1.3)","slip_type":"Dextral","upper_seis_depth":"(1.0,,)"},"geometry":{"type":"LineString","coordinates":[[46.039732752550144,40.18472824945823],[46.16000463468716,40.098186020791765],[46.32532662556962,39.945168871269814],[46.46108178656271,39.73980594071701],[46.54724856579638,39.5614908838071],[46.625892519816475,39.39605251423957],[46.72624573621397,39.27029871737821]]}},{"type":"Feature","properties":{"average_dip":"(70.0,70.0,70.0)","average_rake":"(-160,-160.0,-160.0)","catalog_id":"ME_AM1s7","catalog_name":"EMME","epistemic_quality":"1","lower_seis_depth":"(35.0,,)","net_slip_rate":"(0.6,0.25,1.0)","slip_type":"Dextral","upper_seis_depth":"(1.0,,)"},"geometry":{"type":"LineString","coordinates":[[45.0519760762155,40.416247714641045],[45.104176611375685,40.371091182428394],[45.14320010170718,40.28985600563009],[45.149377083497264,40.190513186500326],[45.17619197427449,40.121634426836344],[45.223370718284656,40.066296808105356]]}},{"type":"Feature","properties":{"average_dip":"(72.5,60.0,85.0)","average_rake":"(135,120.0,150.0)","catalog_id":"ME_AM2s1","catalog_name":"EMME","epistemic_quality":"1","lower_seis_depth":"(35.0,,)","net_slip_rate":"(1.3,0.25,2.4)","slip_type":"Dextral-Reverse","upper_seis_depth":"(1.0,,)"},"geometry":{"type":"LineString","coordinates":[[44.099358,40.900667],[44.161673,40.882105],[44.210568,40.867416],[44.300173,40.802929],[44.331703,40.786571],[44.367506,40.771047],[44.423099,40.715822],[44.464257,40.681952],[44.471138,40.652644],[44.522423,40.593193]]}},{"type":"Feature","properties":{"average_dip":"(80.0,80.0,80.0)","average_rake":"(-135,-150.0,-120.0)","catalog_id":"ME_AM2s2","catalog_name":"EMME","epistemic_quality":"1","lower_seis_depth":"(35.0,,)","net_slip_rate":"(1.8,0.5,3.0)","slip_type":"Dextral-Normal","upper_seis_depth":"(1.0,,)"},"geometry":{"type":"LineString","coordinates":[[44.49925,40.651001],[44.545036,40.623965],[44.579167,40.57463],[44.607155,40.443109],[44.656245,40.324217],[44.707406,40.24675],[44.725391,40.199267],[44.728815,40.139049],[44.776426,40.07117],[44.824008,40.020788]]}},{"type":"Feature","properties":{"average_dip":"(77.5,75.0,80.0)","average_rake":"(0,170.0,-170.0)","catalog_id":"ME_AM2s3","catalog_name":"EMME","epistemic_quality":"2","lower_seis_depth":"(34.5,,)","net_slip_rate":"(0.5,0.25,0.75)","slip_type":"Dextral","upper_seis_depth":"(1.0,,)"},"geometry":{"type":"LineString","coordinates":[[45.094931,39.806065],[45.147034,39.757485],[45.238443,39.670209],[45.378067,39.544108]]}},{"type":"Feature","properties":{"average_dip":"(60.0,60.0,60.0)","average_rake":"(-115,-130.0,-100.0)","catalog_id":"ME_AM2s4s","catalog_name":"EMME","epistemic_quality":"2","lower_seis_depth":"(34.5,,)","net_slip_rate":"(0.6,0.25,1.0)","slip_type":"Dextral-Normal","upper_seis_depth":"(1.0,,)"},"geometry":{"type":"LineString","coordinates":[[45.10753890993882,39.6857622962714],[45.11388012435005,39.6649527922932],[45.11869792324169,39.59782834715109],[45.14038307982188,39.52641702220076],[45.18051956459781,39.43898902073577]]}},{"type":"Feature","properties":{"average_dip":"(60.0,60.0,60.0)","average_rake":"(-115,-130.0,-100.0)","catalog_id":"ME_AM2s5","catalog_name":"EMME","epistemic_quality":"2","lower_seis_depth":"(34.5,,)","net_slip_rate":"(1.8,0.5,3.0)","slip_type":"Dextral-Normal","upper_seis_depth":"(1.0,,)"},"geometry":{"type":"LineString","coordinates":[[44.755825,40.204583],[44.809353,40.106207],[44.863065,40.022486],[44.909427,39.966068],[45.00493562505195,39.866066442568005],[45.04526541744146,39.806584659147816],[45.087524333379996,39.737303922777606],[45.0994067820082,39.70465362296587]]}},{"type":"Feature","properties":{"average_dip":"(77.5,75.0,80.0)","average_rake":"(0,170.0,-170.0)","catalog_id":"ME_AM1s1","catalog_name":"EMME","epistemic_quality":"1","lower_seis_depth":"(31.5,,)","net_slip_rate":"(2.4,0.8,4.0)","slip_type":"Dextral","upper_seis_depth":"(1.0,,)"},"geometry":{"type":"LineString","coordinates":[[43.305519,41.071198],[43.392127,41.040376],[43.454427,41.021313],[43.50671,41.004378],[43.546367,40.998468],[43.600419,40.981297],[43.641655,40.97606],[43.686289,40.973278],[43.735181,40.963802],[43.782957,40.957804],[43.843638,40.953285],[43.90089,40.955833]]}},{"type":"Feature","properties":{"average_dip":"(77.5,75.0,80.0)","average_rake":"(0,170.0,-170.0)","catalog_id":"ME_AM1s2","catalog_name":"EMME","epistemic_quality":"1","lower_seis_depth":"(31.5,,)","net_slip_rate":"(1.4,0.25,2.5)","slip_type":"Dextral","upper_seis_depth":"(1.0,,)"},"geometry":{"type":"LineString","coordinates":[[43.964641,40.964421],[44.102396,40.93322],[44.14508,40.921977],[44.200361,40.912295],[44.262792,40.897175],[44.325568,40.876136],[44.358917,40.845634],[44.393786,40.831501],[44.44336,40.799732],[44.482726,40.782195],[44.535078,40.763598],[44.582672,40.756066],[44.611297,40.7461969387871]]}},{"type":"Feature","properties":{"average_dip":"(77.5,75.0,80.0)","average_rake":"(0,170.0,-170.0)","catalog_id":"ME_AM1s3","catalog_name":"EMME","epistemic_quality":"1","lower_seis_depth":"(35.0,,)","net_slip_rate":"(1.6,1.0,2.1)","slip_type":"Dextral","upper_seis_depth":"(1.0,,)"},"geometry":{"type":"LineString","coordinates":[[44.387187,40.887013],[44.45368,40.861765],[44.541783,40.822379],[44.627598,40.78937],[44.684296,40.758725],[44.828485,40.699973],[44.990255549004885,40.63342208670423],[45.01896860808147,40.6262425365473]]}},{"type":"Feature","properties":{"average_dip":"(52.5,45.0,60.0)","average_rake":"(90,80.0,100.0)","catalog_id":"ME_AM1s4","catalog_name":"EMME","epistemic_quality":"2","lower_seis_depth":"(35.0,,)","net_slip_rate":"(1.6,1.0,2.1)","slip_type":"Reverse","upper_seis_depth":"(1.0,,)"},"geometry":{"type":"LineString","coordinates":[[45.024635160233224,40.62492253810775],[45.075815533213834,40.61713456472507],[45.152967024885015,40.59524234370894],[45.201976,40.568706],[45.231333,40.543895],[45.26343,40.501113],[45.31212460808148,40.471177608081476],[45.38588655801444,40.451327411561934],[45.43880045252959,40.44799177759527]]}},{"type":"Feature","properties":{"average_dip":"(52.5,45.0,60.0)","average_rake":"(90,80.0,100.0)","catalog_id":"ME_AM1s5","catalog_name":"EMME","epistemic_quality":"2","lower_seis_depth":"(35.0,,)","net_slip_rate":"(1.6,1.0,2.1)","slip_type":"Reverse","upper_seis_depth":"(1.0,,)"},"geometry":{"type":"LineString","coordinates":[[45.446115,40.447917],[45.522507,40.40001],[45.525372,40.39779],[45.578993,40.375347],[45.586256,40.373092],[45.637061,40.357365],[45.709531,40.320361],[45.769236,40.287505],[45.779484,40.280552],[45.826324,40.265157],[45.883195,40.256447],[45.937139,40.243739],[46.002682,40.218569],[46.06844,40.207796],[46.107259,40.200512],[46.176444,40.177304],[46.254157,40.157446],[46.327895,40.135147],[46.379371,40.130035],[46.46807,40.119769],[46.47106,40.119724],[46.560259,40.137594],[46.615229,40.166258],[46.665291,40.209637],[46.710297,40.253468]]}},{"type":"Feature","properties":{"average_dip":"(52.5,45.0,60.0)","average_rake":"(90,80.0,100.0)","catalog_id":"ME_AM1s6","catalog_name":"EMME","epistemic_quality":"2","lower_seis_depth":"(35.0,,)","net_slip_rate":"(0.8,0.5,1.0)","slip_type":"Reverse","upper_seis_depth":"(1.0,,)"},"geometry":{"type":"LineString","coordinates":[[45.916805,40.303532],[45.956169,40.289693],[45.998346,40.274743],[46.021673,40.27118],[46.045228,40.284505],[46.087978,40.278124],[46.168739,40.268626],[46.22128,40.267611],[46.286317,40.248895],[46.360319,40.230359],[46.405339,40.221962],[46.445142,40.21388],[46.494671,40.216936],[46.5463,40.226726],[46.60578,40.236447],[46.653008,40.245493]]}},{"type":"Feature","properties":{"average_dip":"(85.0,80.0,90.0)","average_rake":"(180,180.0,180.0)","catalog_id":"ME_IR149s3","catalog_name":"EMME","lower_seis_depth":"(20.0,,)","net_slip_rate":"(1.2,0.5,2.0)","slip_type":"Dextral","upper_seis_depth":"(2.0,,)"},"geometry":{"type":"LineString","coordinates":[[44.287221,39.214409],[44.324643,39.189461],[44.369192,39.130656],[44.38523,39.091453],[44.397704,39.052249]]}},{"type":"Feature","properties":{"average_dip":"(85.0,80.0,90.0)","average_rake":"(180,180.0,180.0)","catalog_id":"ME_IR43s1","catalog_name":"EMME","lower_seis_depth":"(20.0,,)","net_slip_rate":"(4.5,3.5,5.5)","slip_type":"Dextral","upper_seis_depth":"(0.0,,)"},"geometry":{"type":"LineString","coordinates":[[44.454124,38.825398],[44.279023,38.936134],[44.187765,38.999128],[44.103521,39.047688],[44.032869,39.070912],[43.910585,39.140585],[43.758405,39.184922],[43.472092,39.254667]]}},{"type":"Feature","properties":{"average_dip":"(85.0,80.0,90.0)","average_rake":"(180,180.0,180.0)","catalog_id":"ME_IR149s4","catalog_name":"EMME","lower_seis_depth":"(20.0,,)","net_slip_rate":"(1.2,0.5,2.0)","slip_type":"Dextral","upper_seis_depth":"(2.0,,)"},"geometry":{"type":"LineString","coordinates":[[44.100913,39.364384],[44.141305,39.316865],[44.186034,39.246305],[44.240517,39.223228]]}},{"type":"Feature","properties":{"average_dip":"(75.0,70.0,80.0)","average_rake":"(150,135.0,165.0)","catalog_id":"ME_IR2s3s1","catalog_name":"EMME","epistemic_quality":"1","lower_seis_depth":"(20.0,,)","net_slip_rate":"(2.0,0.5,3.5)","slip_type":"Dextral-Reverse","upper_seis_depth":"(2.0,,)"},"geometry":{"type":"LineString","coordinates":[[47.91769236727736,36.93782849675713],[47.85349508866275,37.079382036226875],[47.6967,37.253386],[47.502489,37.347074],[47.401093,37.454612],[47.331839,37.500145],[47.26675,37.538504],[47.195737,37.573151],[47.127376,37.625139],[47.081994,37.654019]]}},{"type":"Feature","properties":{"average_dip":"(75.0,70.0,80.0)","average_rake":"(150,135.0,165.0)","catalog_id":"ME_IR2s3s2","catalog_name":"EMME","epistemic_quality":"1","lower_seis_depth":"(20.0,,)","net_slip_rate":"(4.7,3.0,6.45)","slip_type":"Dextral-Reverse","upper_seis_depth":"(0.0,,)"},"geometry":{"type":"LineString","coordinates":[[46.066118,38.26059],[46.055621,38.269378],[46.030306,38.279852],[45.982675,38.294039],[45.891926,38.323496],[45.85827,38.331237],[45.786876,38.338102],[45.713804,38.365189],[45.639026,38.38066],[45.571983,38.393553],[45.521774,38.402137],[45.48544,38.422137],[45.449533,38.432244],[45.412727,38.445019],[45.372162,38.454098],[45.312945,38.475712],[45.219525,38.48171],[45.150223,38.487847]]}},{"type":"Feature","properties":{"average_dip":"(70.0,70.0,70.0)","average_rake":"(170,170.0,170.0)","catalog_id":"ME_IR4s3s1","catalog_name":"EMME","epistemic_quality":"1","lower_seis_depth":"(20.0,,)","net_slip_rate":"(2.5,1.0,4.0)","slip_type":"Dextral","upper_seis_depth":"(0.0,,)"},"geometry":{"type":"LineString","coordinates":[[49.500078,33.128199],[49.468008,33.161796],[49.42932,33.190812],[49.389614,33.225428],[49.359581,33.256989],[49.32751,33.28295],[49.294368,33.303168],[49.253973,33.331802],[49.218146,33.36085],[49.179005,33.385571],[49.146044,33.420592],[49.111023,33.453553],[49.074036,33.475951],[49.029282,33.511245],[48.99522,33.527985],[48.913334,33.599097],[48.811048,33.690791],[48.749383,33.74607]]}},{"type":"Feature","properties":{"average_dip":"(85.0,80.0,90.0)","average_rake":"(170,170.0,170.0)","catalog_id":"ME_IR4s3s4","catalog_name":"EMME","lower_seis_depth":"(20.0,,)","net_slip_rate":"(2.5,1.0,4.0)","slip_type":"Dextral","upper_seis_depth":"(0.0,,)"},"geometry":{"type":"LineString","coordinates":[[48.73771,33.816741],[48.704309,33.84691],[48.668753,33.871691],[48.637507,33.898627],[48.610429,33.929426],[48.579528,33.956207],[48.542447,33.985048],[48.513606,34.015949],[48.486825,34.042729],[48.452186,34.0624],[48.427405,34.086103],[48.392926,34.105498],[48.372455,34.135666],[48.347674,34.167989],[48.327202,34.197081],[48.305653,34.226172],[48.274639,34.254916],[48.243738,34.285816],[48.214897,34.310537],[48.175756,34.337318],[48.132495,34.370279],[48.095414,34.392939],[48.064513,34.4156],[48.008891,34.446501],[47.843235,34.504406]]}},{"type":"Feature","properties":{"average_dip":"(85.0,80.0,90.0)","average_rake":"(180,180.0,180.0)","catalog_id":"ME_IR26s3","catalog_name":"EMME","lower_seis_depth":"(20.0,,)","net_slip_rate":"(0.8,0.5,1.0)","slip_type":"Dextral","upper_seis_depth":"(3.0,,)"},"geometry":{"type":"LineString","coordinates":[[55.160608,31.256828],[55.212661,31.042614],[55.216157,30.979441],[55.256544,30.777771]]}},{"type":"Feature","properties":{"average_dip":"(85.0,80.0,90.0)","average_rake":"(180,180.0,180.0)","catalog_id":"ME_IR26s4","catalog_name":"EMME","lower_seis_depth":"(20.0,,)","net_slip_rate":"(0.8,0.5,1.0)","slip_type":"Dextral","upper_seis_depth":"(3.0,,)"},"geometry":{"type":"LineString","coordinates":[[55.049645,31.561214],[55.014407,31.603008],[54.988183,31.639885],[54.959501,31.683319],[54.938194,31.725113],[54.870995,31.800507],[54.852966,31.854594],[54.848868,31.905402],[54.834937,31.959489],[54.823464,31.988991],[54.792567,32.020478],[54.771016,32.074219],[54.752168,32.110277],[54.733319,32.165183],[54.719388,32.211075],[54.706276,32.273357],[54.691525,32.335638]]}},{"type":"Feature","properties":{"average_dip":"(77.5,75.0,80.0)","average_rake":"(150,150.0,150.0)","catalog_id":"ME_IR91s4","catalog_name":"EMME","epistemic_quality":"1","lower_seis_depth":"(20.0,,)","net_slip_rate":"(3.0,2.0,4.0)","slip_type":"Dextral-Reverse","upper_seis_depth":"(0.0,,)"},"geometry":{"type":"LineString","coordinates":[[54.036221,39.58234],[54.075567,39.58234],[54.129667,39.572504],[54.169013,39.572504],[54.218195,39.562667],[54.267378,39.557749],[54.591981,39.493812],[54.636245,39.479057],[54.685427,39.474139],[54.798547,39.44463],[54.852647,39.424957],[54.90183,39.415121],[55.147187,39.339604],[55.211678,39.326592],[55.251024,39.306919],[55.349389,39.282328],[55.423162,39.252819],[55.482181,39.233146],[55.542488,39.222843],[55.66145,39.188641],[55.713496,39.160388],[55.767029,39.142544],[55.81164,39.118751],[55.860712,39.100907],[55.985019,39.023962],[56.033152,38.999245],[56.141127,38.952413],[56.463749,38.791102],[56.574325,38.739066],[56.618555,38.710447],[56.671892,38.681827],[56.783769,38.636295],[56.863124,38.595968],[56.896947,38.576454],[57.021833,38.474985]]}},{"type":"Feature","properties":{"average_dip":"(85.0,80.0,90.0)","average_rake":"(5,0.0,10.0)","catalog_id":"ME_IR54s3","catalog_name":"EMME","lower_seis_depth":"(20.0,,)","net_slip_rate":"(1.3,0.1,2.5)","slip_type":"Sinistral","upper_seis_depth":"(0.0,,)"},"geometry":{"type":"LineString","coordinates":[[54.178885,33.958769],[54.523201,34.139416],[54.750873,34.202658],[55.28672,34.45841],[55.520183,34.538709],[55.799744,34.700795],[56.280053,34.865855],[56.348195,34.920007],[56.997929,35.11786],[57.688427,35.261488]]}},{"type":"Feature","properties":{"average_dip":"(77.5,75.0,80.0)","average_rake":"(150,150.0,150.0)","catalog_id":"ME_IR91s5","catalog_name":"EMME","epistemic_quality":"1","lower_seis_depth":"(20.0,,)","net_slip_rate":"(1.5,1.0,2.0)","slip_type":"Dextral-Reverse","upper_seis_depth":"(3.0,,)"},"geometry":{"type":"LineString","coordinates":[[59.196112,37.56927],[59.155963,37.597523],[59.126222,37.61388],[59.089047,37.640647],[58.981981,37.689719],[58.93737,37.712024],[58.894246,37.731356],[58.863018,37.744739],[58.82733,37.755148],[58.788667,37.768531],[58.715803,37.783401],[58.669705,37.790836],[58.577509,37.811655],[58.540334,37.820577]]}},{"type":"Feature","properties":{"average_dip":"(77.5,75.0,80.0)","average_rake":"(150,150.0,150.0)","catalog_id":"ME_IR91s4","catalog_name":"EMME","epistemic_quality":"1","lower_seis_depth":"(20.0,,)","net_slip_rate":"(1.5,1.0,2.0)","slip_type":"Dextral-Reverse","upper_seis_depth":"(3.0,,)"},"geometry":{"type":"LineString","coordinates":[[58.266938,37.930543],[58.304058,37.904559],[58.335609,37.884143],[58.361593,37.861871],[58.395001,37.835887],[58.422841,37.817327],[58.452536,37.7932],[58.482232,37.772784],[58.513784,37.750512],[58.541624,37.726384],[58.565752,37.705968],[58.65488,37.656539],[58.885804,37.576784],[59.146281,37.480025]]}},{"type":"Feature","properties":{"average_dip":"(77.5,75.0,80.0)","average_rake":"(150,150.0,150.0)","catalog_id":"ME_IR91s2","catalog_name":"EMME","epistemic_quality":"1","lower_seis_depth":"(20.0,,)","net_slip_rate":"(3.0,2.0,4.0)","slip_type":"Dextral-Reverse","upper_seis_depth":"(3.0,,)"},"geometry":{"type":"LineString","coordinates":[[56.335073,38.958152],[56.394554,38.932873],[56.442504,38.903079],[56.488237,38.873392],[56.5269,38.855548],[56.561101,38.834729],[56.593816,38.806476],[56.642888,38.781196],[56.686012,38.763352],[56.727648,38.755917],[56.757389,38.735098],[56.785642,38.708332],[56.824305,38.683052],[56.862968,38.665208],[56.938806,38.620597],[56.977469,38.602753],[57.01167,38.590857],[57.044385,38.599779],[57.088996,38.593831],[57.154425,38.53435],[57.199036,38.506096],[57.234724,38.480817],[57.267439,38.467434],[57.301825,38.446507],[57.327809,38.427947],[57.355173,38.413901],[57.385345,38.381547],[57.422464,38.359275],[57.457728,38.329579],[57.49856,38.299884]]}},{"type":"Feature","properties":{"average_dip":"(77.5,75.0,80.0)","average_rake":"(150,150.0,150.0)","catalog_id":"ME_IR91s3","catalog_name":"EMME","epistemic_quality":"1","lower_seis_depth":"(20.0,,)","net_slip_rate":"(2.5,2.0,3.0)","slip_type":"Dextral-Reverse","upper_seis_depth":"(3.0,,)"},"geometry":{"type":"LineString","coordinates":[[57.590104,38.274964],[57.630657,38.256378],[57.679657,38.232723],[57.723588,38.207378],[57.779347,38.182033],[57.833417,38.154998],[57.880727,38.136412],[57.926348,38.109377],[57.971969,38.078963],[58.026039,38.045169],[58.06828,38.026583],[58.115591,38.018135],[58.174846,37.985684],[58.206833,37.94041],[58.237247,37.906617],[58.269351,37.877893],[58.306523,37.849168],[58.352144,37.801857],[58.389317,37.751167],[58.4248,37.703857]]}},{"type":"Feature","properties":{"average_dip":"(70.0,70.0,70.0)","average_rake":"(150,150.0,150.0)","catalog_id":"ME_IR104","catalog_name":"EMME","epistemic_quality":"1","lower_seis_depth":"(20.0,,)","net_slip_rate":"(2.0,1.8,2.2)","slip_type":"Dextral-Reverse","upper_seis_depth":"(3.0,,)"},"geometry":{"type":"LineString","coordinates":[[58.869483,36.203596],[58.834219,36.225867],[58.789675,36.249995],[58.735134,36.266634],[58.694984,36.280017],[58.656322,36.293401],[58.601302,36.308271],[58.53736,36.330576],[58.473417,36.354369],[58.419885,36.3737],[58.369326,36.397493],[58.324715,36.410876],[58.269695,36.424259],[58.216162,36.449538],[58.177499,36.474818]]}},{"type":"Feature","properties":{"average_dip":"(85.0,80.0,90.0)","average_rake":"(5,0.0,10.0)","catalog_id":"ME_IR54s1","catalog_name":"EMME","epistemic_quality":"1","lower_seis_depth":"(20.0,,)","net_slip_rate":"(0.6,0.1,1.0)","slip_type":"Sinistral","upper_seis_depth":"(1.0,,)"},"geometry":{"type":"LineString","coordinates":[[57.689014,35.26189],[58.332565,35.296838],[59.283619,35.212237],[59.766003,35.071115]]}},{"type":"Feature","properties":{"average_dip":"(78.0,78.0,78.0)","average_rake":"(14,14.0,14.0)","catalog_id":"ME_IR122","catalog_name":"EMME","epistemic_quality":"1","lower_seis_depth":"(20.0,,)","net_slip_rate":"(1.5,1.0,2.0)","slip_type":"Sinistral","upper_seis_depth":"(1.0,,)"},"geometry":{"type":"LineString","coordinates":[[57.54317,27.328375],[57.560159,27.362354],[57.577149,27.406243],[57.598385,27.448716],[57.609711,27.48411],[57.618206,27.536493],[57.6267,27.581798],[57.633779,27.637013],[57.639442,27.699306],[57.651808,27.752273],[57.659263,27.811152],[57.671163,27.868402],[57.678905,27.914853],[57.680809,27.968783],[57.694389,28.06582],[57.70213,28.116143],[57.706001,28.158723],[57.713743,28.212916],[57.71731,28.255703],[57.722973,28.298176],[57.730052,28.342065],[57.734299,28.390201],[57.736969,28.43356],[57.729227,28.483883]]}},{"type":"Feature","properties":{"average_dip":"(85.0,80.0,90.0)","average_rake":"(180,180.0,180.0)","catalog_id":"ME_IR72s2","catalog_name":"EMME","lower_seis_depth":"(20.0,,)","net_slip_rate":"(0.8,0.5,1.0)","slip_type":"Dextral","upper_seis_depth":"(0.0,,)"},"geometry":{"type":"LineString","coordinates":[[59.712832,28.827588],[59.712832,29.044086],[59.707465,29.189015],[59.669501,29.31753],[59.698274,29.423516],[59.717107,29.471349],[59.741918,29.534363]]}},{"type":"Feature","properties":{"average_dip":"(85.0,80.0,90.0)","average_rake":"(180,180.0,180.0)","catalog_id":"ME_IR56s3","catalog_name":"EMME","lower_seis_depth":"(20.0,,)","net_slip_rate":"(0.8,0.5,1.0)","slip_type":"Dextral","upper_seis_depth":"(2.0,,)"},"geometry":{"type":"LineString","coordinates":[[60.136795,30.354642],[60.137988,30.318841],[60.106961,30.191153],[60.114121,30.120745],[60.128441,30.063464],[60.132021,30.026471],[60.121281,29.991863],[60.173789,29.857015],[60.198849,29.810474]]}},{"type":"Feature","properties":{"average_dip":"(85.0,80.0,90.0)","average_rake":"(180,180.0,180.0)","catalog_id":"ME_IR149s1","catalog_name":"EMME","lower_seis_depth":"(20.0,,)","net_slip_rate":"(2.2,0.5,4.0)","slip_type":"Dextral","upper_seis_depth":"(2.0,,)"},"geometry":{"type":"LineString","coordinates":[[44.12476,39.41696],[44.179412,39.367065],[44.207923,39.348057],[44.243563,39.279154],[44.267322,39.217379],[44.288706,39.143724],[44.293458,39.108084],[44.369489,39.032054],[44.417008,38.989286],[44.439745,38.945418],[44.458291,38.933926],[44.540261,38.841264],[44.618668,38.771767],[44.672127,38.707616],[44.725587,38.65772]]}},{"type":"Feature","properties":{"average_dip":"(85.0,80.0,90.0)","average_rake":"(180,180.0,180.0)","catalog_id":"ME_IR149s2","catalog_name":"EMME","lower_seis_depth":"(20.0,,)","net_slip_rate":"(2.2,0.5,4.0)","slip_type":"Dextral","upper_seis_depth":"(2.0,,)"},"geometry":{"type":"LineString","coordinates":[[44.752316,38.663066],[44.811122,38.607825],[44.939424,38.54902],[45.068096,38.504265]]}},{"type":"Feature","properties":{"average_dip":"(85.0,80.0,90.0)","average_rake":"(180,180.0,180.0)","catalog_id":"ME_IR4s7","catalog_name":"EMME","lower_seis_depth":"(20.0,,)","net_slip_rate":"(2.2,0.5,4.0)","slip_type":"Dextral","upper_seis_depth":"(0.0,,)"},"geometry":{"type":"LineString","coordinates":[[46.923505,34.942107],[46.689503,35.071955],[46.487979,35.325541],[46.32658,35.409245],[46.067415,35.664946],[45.643296,36.012662],[45.446552,36.037833],[45.14786,36.4035],[45.079178,36.64108]]}},{"type":"Feature","properties":{"average_dip":"(67.5,60.0,75.0)","average_rake":"(30,15.0,45.0)","catalog_id":"ME_IR11s2","catalog_name":"EMME","epistemic_quality":"1","lower_seis_depth":"(20.0,,)","net_slip_rate":"(1.4,0.5,2.25)","slip_type":"Sinistral-Reverse","upper_seis_depth":"(1.0,,)"},"geometry":{"type":"LineString","coordinates":[[49.279355,35.809895],[49.438461,35.728153],[49.683686,35.676745],[49.861282,35.654553],[50.140105,35.644292],[50.322411,35.637678]]}},{"type":"Feature","properties":{"average_dip":"(85.0,80.0,90.0)","average_rake":"(177,175.0,180.0)","catalog_id":"ME_IR51s1","catalog_name":"EMME","lower_seis_depth":"(20.0,,)","net_slip_rate":"(0.8,0.1,1.5)","slip_type":"Dextral","upper_seis_depth":"(0.0,,)"},"geometry":{"type":"LineString","coordinates":[[51.356102,30.989616],[51.337917,31.025987],[51.314536,31.057161],[51.298948,31.089635],[51.28466,31.126006],[51.269073,31.158479],[51.258681,31.196149],[51.244393,31.236416],[51.234001,31.275385],[51.227506,31.316951],[51.219713,31.352023],[51.205424,31.397486],[51.19763,31.433856],[51.170353,31.518288],[51.148594,31.601697],[51.059733,31.897526],[51.029614,31.91861],[50.990459,31.921622]]}},{"type":"Feature","properties":{"average_dip":"(85.0,80.0,90.0)","average_rake":"(180,180.0,180.0)","catalog_id":"ME_IR26s1","catalog_name":"EMME","lower_seis_depth":"(20.0,,)","net_slip_rate":"(0.8,0.5,1.0)","slip_type":"Dextral","upper_seis_depth":"(3.0,,)"},"geometry":{"type":"LineString","coordinates":[[55.08884,31.463408],[54.924973,31.588125],[54.84588,31.655327],[54.803081,31.720654],[54.766272,31.79791]]}},{"type":"Feature","properties":{"average_dip":"(85.0,80.0,90.0)","average_rake":"(180,180.0,180.0)","catalog_id":"ME_IR56s1","catalog_name":"EMME","lower_seis_depth":"(20.0,,)","net_slip_rate":"(1.2,1.0,1.5)","slip_type":"Dextral","upper_seis_depth":"(2.0,,)"},"geometry":{"type":"LineString","coordinates":[[60.459311,31.062924],[60.350174,31.396057],[60.352035,31.538863],[60.236186,31.699972],[60.246363,31.777032],[60.304522,31.939877],[60.298706,32.053286],[60.248793,32.22526]]}},{"type":"Feature","properties":{"average_dip":"(60.0,60.0,60.0)","average_rake":"(90,90.0,90.0)","catalog_id":"ME_IR121","catalog_name":"EMME","epistemic_quality":"1","lower_seis_depth":"(20.0,,)","net_slip_rate":"(1.0,1.0,1.0)","slip_type":"Reverse","upper_seis_depth":"(0.0,,)"},"geometry":{"type":"LineString","coordinates":[[57.692454,36.21874],[57.586518,36.224489],[57.546278,36.234343],[57.491257,36.242555],[57.437308,36.252643],[57.397638,36.26637],[57.347544,36.276225],[57.305459,36.292425],[57.255575,36.312213],[57.210254,36.324573],[57.162873,36.338993],[57.116779,36.34812],[57.067904,36.353803],[57.030395,36.367443],[56.989828,36.388435],[56.946285,36.404952],[56.90082,36.416318]]}},{"type":"Feature","properties":{"average_dip":"(70.0,70.0,70.0)","average_rake":"(120,120.0,120.0)","catalog_id":"ME_IR37","catalog_name":"EMME","epistemic_quality":"1","lower_seis_depth":"(20.0,,)","net_slip_rate":"(2.0,1.8,2.2)","slip_type":"Dextral-Reverse","upper_seis_depth":"(3.0,,)"},"geometry":{"type":"LineString","coordinates":[[59.435836,36.017334],[59.397469,36.014137],[59.355906,36.02586],[59.314342,36.035451],[59.284502,36.054635],[59.248267,36.063161],[59.216295,36.079147],[59.181126,36.097264],[59.147022,36.123907],[59.121445,36.14309],[59.089473,36.171865],[59.060698,36.187851],[59.024463,36.20064],[58.998886,36.22302],[58.963716,36.262452],[58.924284,36.289096],[58.874195,36.322134],[58.824106,36.342382],[58.783608,36.362631],[58.77295,36.386077],[58.776148,36.428707],[58.749504,36.450021],[58.705809,36.467073],[58.67064,36.486256],[58.638183,36.531209],[58.612025,36.572581],[58.557673,36.594961],[58.532095,36.625867],[58.528898,36.669562],[58.522503,36.719652],[58.519306,36.755886],[58.517175,36.79745]]}},{"type":"Feature","properties":{"average_dip":"(77.5,75.0,80.0)","average_rake":"(-150,-150.0,-150.0)","catalog_id":"ME_IR50","catalog_name":"EMME","lower_seis_depth":"(20.0,,)","net_slip_rate":"(1.5,1.0,2.0)","slip_type":"Dextral-Normal","upper_seis_depth":"(0.0,,)"},"geometry":{"type":"LineString","coordinates":[[54.077371,30.522347],[53.97521,30.756457],[53.961271,30.794292],[53.947332,30.834117],[53.937376,30.877925],[53.927419,30.91576],[53.911489,30.957576],[53.895559,30.991428],[53.847768,31.108914],[53.83582,31.146748],[53.808376,31.234478],[53.755992,31.387381],[53.713519,31.466664],[53.690457,31.501195],[53.676518,31.543012],[53.658304,31.578509],[53.635652,31.618151],[53.624745,31.660498],[53.572972,31.768027],[53.557785,31.797953],[53.533146,31.833739],[53.499294,31.901442],[53.478502,31.938114],[53.459953,31.977754],[53.434627,32.01321],[53.402971,32.041068],[53.377645,32.077789],[53.354853,32.113245],[53.34219,32.142369],[53.318131,32.184156],[53.291539,32.228475],[53.261149,32.266463],[53.234557,32.300652],[53.214297,32.322179],[53.204167,32.358901],[53.204167,32.390557],[53.201634,32.436143],[53.20027,32.476004],[53.199348,32.517226],[53.190039,32.569999],[53.181374,32.612154]]}},{"type":"Feature","properties":{"average_dip":"(73.5,65.0,82.0)","average_rake":"(-170,-170.0,-170.0)","catalog_id":"ME_IR40s1","catalog_name":"EMME","epistemic_quality":"1","lower_seis_depth":"(20.0,,)","net_slip_rate":"(1.5,1.0,2.0)","slip_type":"Dextral","upper_seis_depth":"(0.0,,)"},"geometry":{"type":"LineString","coordinates":[[51.311756,28.734848],[51.304346,28.773542],[51.29529,28.809765],[51.301877,28.848458],[51.304346,28.883036],[51.304346,28.922552],[51.292821,28.961245],[51.291174,28.990883],[51.295068,29.027563],[51.295068,29.093664],[51.298216,29.128289],[51.298216,29.169208],[51.296937,29.21481],[51.287058,29.254327],[51.282942,29.283964],[51.286235,29.321834],[51.283765,29.36629],[51.291174,29.410746],[51.299407,29.437914],[51.282477,29.480828],[51.266739,29.506009],[51.240132,29.535882]]}},{"type":"Feature","properties":{"average_dip":"(73.5,65.0,82.0)","average_rake":"(-170,-170.0,-170.0)","catalog_id":"ME_IR79s1","catalog_name":"EMME","epistemic_quality":"1","lower_seis_depth":"(20.0,,)","net_slip_rate":"(1.5,1.0,2.0)","slip_type":"Dextral","upper_seis_depth":"(0.0,,)"},"geometry":{"type":"LineString","coordinates":[[51.506192,29.585517],[51.514712,29.64117],[51.519749,29.683978],[51.526641,29.734792],[51.53891,29.783869],[51.561403,29.831923],[51.579807,29.875888],[51.586964,29.904516],[51.600256,29.924965],[51.600256,29.945413],[51.590031,29.96075],[51.56856,30.001647],[51.549134,30.061971],[51.539932,30.119227],[51.527663,30.169326],[51.522267,30.20775],[51.50464,30.243004],[51.497085,30.288331],[51.507813,30.32536],[51.517987,30.377928],[51.521379,30.425408],[51.516292,30.476281],[51.53664,30.515283]]}},{"type":"Feature","properties":{"average_dip":"(80.0,70.0,90.0)","average_rake":"(24,24.0,24.0)","catalog_id":"ME_IR69s1","catalog_name":"EMME","epistemic_quality":"1","lower_seis_depth":"(20.0,,)","net_slip_rate":"(1.8,1.0,2.5)","slip_type":"Sinistral-Reverse","upper_seis_depth":"(1.0,,)"},"geometry":{"type":"LineString","coordinates":[[57.778481,28.047874],[57.788391,28.013191],[57.795823,27.980985],[57.810687,27.941346],[57.813165,27.916572],[57.820597,27.88932],[57.820597,27.849682],[57.81812,27.812521],[57.80827,27.724236],[57.7983,27.62176],[57.7983,27.500367],[57.805782,27.455031],[57.816411,27.424357],[57.839078,27.383681],[57.866033,27.348799],[57.891042,27.321231],[57.926322,27.292736],[57.961601,27.279167],[57.996881,27.266955],[58.026734,27.250671],[58.06337,27.226247],[58.086438,27.209964],[58.120361,27.186896],[58.148856,27.155687],[58.174638,27.125835],[58.20449,27.094626],[58.249268,27.072915],[58.295403,27.051204],[58.330683,27.033564],[58.370034,27.019995],[58.414812,27.007783],[58.459025,26.998395]]}},{"type":"Feature","properties":{"average_dip":"(60.0,50.0,70.0)","average_rake":"(-4,156.0,-165.0)","catalog_id":"ME_IR20s5","catalog_name":"EMME","epistemic_quality":"1","lower_seis_depth":"(20.0,,)","net_slip_rate":"(1.5,0.6,2.4)","slip_type":"Dextral","upper_seis_depth":"(0.0,,)"},"geometry":{"type":"LineString","coordinates":[[57.322088,30.484278],[57.319464,30.303242],[57.376705,30.166749],[57.440007,30.032059],[57.543383,29.956981],[57.760197,29.749777],[57.823596,29.537791],[57.908612,29.370468]]}},{"type":"Feature","properties":{"average_dip":"(60.0,50.0,70.0)","average_rake":"(-4,156.0,-165.0)","catalog_id":"ME_IR20s6","catalog_name":"EMME","epistemic_quality":"1","lower_seis_depth":"(20.0,,)","net_slip_rate":"(1.5,0.6,2.4)","slip_type":"Dextral","upper_seis_depth":"(0.0,,)"},"geometry":{"type":"LineString","coordinates":[[58.784786,28.275161],[58.135868,28.788554],[57.934957,29.010874],[57.886088,29.224882],[57.765901,29.306634]]}},{"type":"Feature","properties":{"average_dip":"(85.0,80.0,90.0)","average_rake":"(180,180.0,180.0)","catalog_id":"ME_IR103","catalog_name":"EMME","lower_seis_depth":"(20.0,,)","net_slip_rate":"(1.3,0.75,1.9)","slip_type":"Dextral","upper_seis_depth":"(0.0,,)"},"geometry":{"type":"LineString","coordinates":[[57.499028,32.991114],[57.576369,32.403455],[57.464941,31.913481],[57.538127,31.625913],[57.575349,31.200795],[57.54141,30.864247],[57.593177,30.414566]]}},{"type":"Feature","properties":{"average_dip":"(67.5,55.0,80.0)","average_rake":"(21,5.0,38.0)","catalog_id":"ME_IR98s3","catalog_name":"EMME","epistemic_quality":"1","lower_seis_depth":"(20.0,,)","net_slip_rate":"(0.6,0.1,1.0)","slip_type":"Sinistral","upper_seis_depth":"(5.0,,)"},"geometry":{"type":"LineString","coordinates":[[57.430637,26.526245],[57.430965,26.495412],[57.445454,26.452602],[57.454675,26.418355],[57.455333,26.388059],[57.459285,26.355128],[57.43902,26.237732],[57.421305,26.193673],[57.415161,26.168989],[57.410154,26.120477],[57.416216,26.088432],[57.419712,26.051638],[57.434757,26.012521],[57.50178,25.935457],[57.574421,25.903025]]}},{"type":"Feature","properties":{"average_dip":"(60.0,60.0,60.0)","average_rake":"(40,40.0,40.0)","catalog_id":"ME_IR98s4","catalog_name":"EMME","epistemic_quality":"1","lower_seis_depth":"(20.0,,)","net_slip_rate":"(0.6,0.1,1.0)","slip_type":"Sinistral-Reverse","upper_seis_depth":"(5.0,,)"},"geometry":{"type":"LineString","coordinates":[[56.953179,27.668983],[57.022788,27.55805],[57.040709,27.518224],[57.119391,27.404531],[57.22666,27.254303]]}},{"type":"Feature","properties":{"average_dip":"(35.0,25.0,45.0)","average_rake":"(75,75.0,75.0)","catalog_id":"ME_IR98s1","catalog_name":"EMME","epistemic_quality":"1","lower_seis_depth":"(20.0,,)","net_slip_rate":"(0.8,0.5,1.0)","slip_type":"Reverse","upper_seis_depth":"(5.0,,)"},"geometry":{"type":"LineString","coordinates":[[57.232673,26.993227],[57.224729,27.032599],[57.177272,27.14583],[57.148682,27.193982],[57.114675,27.234181],[57.091458,27.277145],[57.034558,27.368565],[56.885485,27.531028]]}},{"type":"Feature","properties":{"average_dip":"(85.0,80.0,90.0)","average_rake":"(180,180.0,180.0)","catalog_id":"ME_IR142","catalog_name":"EMME","lower_seis_depth":"(20.0,,)","net_slip_rate":"(1.2,1.0,1.5)","slip_type":"Dextral","upper_seis_depth":"(2.0,,)"},"geometry":{"type":"LineString","coordinates":[[60.505316,30.977723],[60.612381,30.79716],[60.707123,30.704003],[60.715363,30.648381],[60.697713,30.563145],[60.688583,30.450615],[60.698883,30.366153],[60.692703,30.316712],[60.702023,30.166846],[60.8112,29.965961],[60.869098,29.78595],[60.931294,29.592576],[60.979332,29.374223],[60.992433,29.241027],[61.047022,29.164604],[61.103794,29.103465],[61.149648,29.094731],[61.195502,29.075079],[61.24354,29.040142]]}},{"type":"Feature","properties":{"average_dip":"(85.0,80.0,90.0)","average_rake":"(180,180.0,180.0)","catalog_id":"ME_IR141","catalog_name":"EMME","lower_seis_depth":"(20.0,,)","net_slip_rate":"(1.2,1.0,1.5)","slip_type":"Dextral","upper_seis_depth":"(2.0,,)"},"geometry":{"type":"LineString","coordinates":[[59.90521,29.917226],[59.942671,30.076438],[59.946685,30.198188],[59.938658,30.385496],[59.964078,30.578156],[59.976119,30.822994],[59.997526,30.946082],[60.021608,31.026357],[60.014919,31.067833],[60.022946,31.10797],[60.02027,31.38358],[59.998268,31.488255],[59.995751,31.61791],[59.989633,31.670521],[59.948132,31.716045]]}},{"type":"Feature","properties":{"average_dip":"(73.0,73.0,73.0)","average_rake":"(5,5.0,5.0)","catalog_id":"ME_IR12s1","catalog_name":"EMME","lower_seis_depth":"(20.0,,)","net_slip_rate":"(2.9,0.75,5.0)","slip_type":"Sinistral","upper_seis_depth":"(0.0,,)"},"geometry":{"type":"LineString","coordinates":[[58.566239,34.04645],[58.854528,34.0399],[59.028886,34.053613],[59.175816,34.047736],[59.296459,34.020609],[59.40483,34.024623],[59.505173,34.03934],[59.640303,34.04603],[59.79618,34.072583],[59.837982,34.084959],[59.976162,34.130947],[60.150501,34.200205],[60.191101,34.213738],[60.274856,34.233848],[60.319914,34.255398]]}},{"type":"Feature","properties":{"average_dip":"(70.0,70.0,70.0)","average_rake":"(180,180.0,180.0)","catalog_id":"ME_IR928","catalog_name":"EMME","epistemic_quality":"1","lower_seis_depth":"(20.0,,)","net_slip_rate":"(1.0,0.5,1.5)","slip_type":"Dextral","upper_seis_depth":"(0.0,,)"},"geometry":{"type":"LineString","coordinates":[[54.720609,36.335968],[54.485762,36.331848],[54.42396,36.331848],[54.149972,36.282406],[53.892465,36.177343],[53.750321,36.097001],[53.655558,36.049619],[53.595463,36.011477],[53.490084,35.958149]]}},{"type":"Feature","properties":{"average_dip":"(77.5,75.0,80.0)","average_rake":"(10,10.0,10.0)","catalog_id":"ME_IR67s1","catalog_name":"EMME","epistemic_quality":"1","lower_seis_depth":"(20.0,,)","net_slip_rate":"(1.4,0.4,2.4)","slip_type":"Sinistral","upper_seis_depth":"(0.0,,)"},"geometry":{"type":"LineString","coordinates":[[56.733564,37.077305],[56.694593,37.044829],[56.652374,37.028591],[56.602037,37.020472],[56.559818,37.02372],[56.519224,37.030215],[56.477005,37.035086],[56.428292,37.031839],[56.387697,37.015601],[56.353598,36.994492],[56.328624,36.964841],[56.308879,36.936782],[56.295141,36.901936],[56.18024,36.85781],[56.094879,36.836291],[55.964098,36.787048],[55.842381,36.730014]]}},{"type":"Feature","properties":{"average_dip":"(75.0,75.0,75.0)","average_rake":"(170,170.0,170.0)","catalog_id":"ME_IR76s1","catalog_name":"EMME","lower_seis_depth":"(20.0,,)","net_slip_rate":"(1.5,1.0,2.0)","slip_type":"Dextral","upper_seis_depth":"(1.0,,)"},"geometry":{"type":"LineString","coordinates":[[52.286381,32.902103],[52.242573,33.027554],[52.230626,33.069371],[52.021921,33.398717],[51.935916,33.501478],[51.808101,33.592772],[51.727245,33.648473],[51.626733,33.690119],[51.539338,33.741945],[51.474794,33.804795],[51.45413,33.838036],[51.438734,33.872021],[51.416377,33.889296],[51.375969,33.907213],[51.356204,33.949438],[51.32476,33.991663],[51.303577,34.028517],[51.28935,34.067133],[51.27614,34.122009],[51.242107,34.163258]]}},{"type":"Feature","properties":{"average_dip":"(55.0,55.0,55.0)","average_rake":"(-20,-20.0,-20.0)","catalog_id":"ME_IR62s1","catalog_name":"EMME","epistemic_quality":"1","lower_seis_depth":"(20.0,,)","net_slip_rate":"(1.2,0.5,2.0)","slip_type":"Sinistral","upper_seis_depth":"(1.0,,)"},"geometry":{"type":"LineString","coordinates":[[52.574523,35.664048],[52.625212,35.671597],[52.684529,35.68346],[52.731982,35.699638],[52.824406,35.769995],[52.880854,35.794538],[52.925396,35.817668],[52.970867,35.837372],[53.007245,35.861624],[53.049685,35.867687],[53.086062,35.876781],[53.136081,35.875265],[53.174063,35.875725],[53.208836,35.876781],[53.245213,35.890422],[53.314789,35.88762],[53.3908,35.894046],[53.43307,35.897619]]}},{"type":"Feature","properties":{"average_dip":"(70.0,70.0,70.0)","average_rake":"(-25,-25.0,-25.0)","catalog_id":"ME_IR138","catalog_name":"EMME","epistemic_quality":"1","lower_seis_depth":"(20.0,,)","net_slip_rate":"(1.5,1.0,2.0)","slip_type":"Sinistral-Normal","upper_seis_depth":"(1.0,,)"},"geometry":{"type":"LineString","coordinates":[[50.502218,36.081571],[50.632863,36.102152],[50.671997,36.102304],[50.734873,36.093204],[50.801985,36.093204],[50.840816,36.097562],[50.872114,36.108943],[50.914793,36.111788],[51.014954,36.10931],[51.110153,36.115174],[51.16562,36.09907]]}},{"type":"Feature","properties":{"average_dip":"(75.0,75.0,75.0)","average_rake":"(-165,-165.0,-165.0)","catalog_id":"ME_IR71","catalog_name":"EMME","lower_seis_depth":"(20.0,,)","net_slip_rate":"(1.5,0.5,2.5)","slip_type":"Dextral","upper_seis_depth":"(1.0,,)"},"geometry":{"type":"LineString","coordinates":[[51.195797,35.538068],[51.294932,35.533982],[51.335748,35.543108],[51.382141,35.509042],[51.520154,35.490136]]}},{"type":"Feature","properties":{"average_dip":"(77.5,75.0,80.0)","average_rake":"(180,180.0,180.0)","catalog_id":"ME_IR113s1","catalog_name":"EMME","epistemic_quality":"1","lower_seis_depth":"(20.0,,)","net_slip_rate":"(2.8,2.0,3.5)","slip_type":"Dextral","upper_seis_depth":"(3.0,,)"},"geometry":{"type":"LineString","coordinates":[[58.438747,37.097286],[58.410543,37.137576],[58.376297,37.179881],[58.315862,37.256432],[58.293702,37.292693],[58.275571,37.32694],[58.249383,37.369245],[58.231252,37.415578],[58.209093,37.447811],[58.192977,37.482057],[58.190851,37.514435],[58.177842,37.556714],[58.168085,37.597368],[58.137189,37.642899],[58.10304,37.691682],[58.068892,37.729083],[58.034512,37.76136],[57.989212,37.781119],[57.950185,37.807137],[57.908104,37.820857],[57.861442,37.863574],[57.811501,37.93197],[57.789199,37.971375],[57.761555,38.003898],[57.72578,38.03642],[57.695281,38.0432],[57.661529,38.068944],[57.616458,38.134715],[57.524361,38.229688]]}},{"type":"Feature","properties":{"average_dip":"(77.5,75.0,80.0)","average_rake":"(180,180.0,180.0)","catalog_id":"ME_IR6","catalog_name":"EMME","epistemic_quality":"1","lower_seis_depth":"(20.0,,)","net_slip_rate":"(2.0,1.5,2.5)","slip_type":"Dextral","upper_seis_depth":"(3.0,,)"},"geometry":{"type":"LineString","coordinates":[[58.055942,37.52342],[57.973863,37.62519],[57.880728,37.689552],[57.844467,37.733871],[57.745756,37.832582],[57.695393,37.854741],[57.649059,37.860785],[57.514586,37.897388],[57.428846,37.937141]]}},{"type":"Feature","properties":{"average_dip":"(85.0,80.0,90.0)","average_rake":"(180,180.0,180.0)","catalog_id":"ME_IR4s4s2","catalog_name":"EMME","lower_seis_depth":"(20.0,,)","net_slip_rate":"(2.5,1.0,4.0)","slip_type":"Dextral","upper_seis_depth":"(0.0,,)"},"geometry":{"type":"LineString","coordinates":[[47.798743,34.493349],[47.506122,34.599598],[47.286657,34.736328],[46.932203,34.873059]]}},{"type":"Feature","properties":{"average_dip":"(70.0,70.0,70.0)","average_rake":"(-20,-20.0,-20.0)","catalog_id":"ME_IR100","catalog_name":"EMME","epistemic_quality":"1","lower_seis_depth":"(20.0,,)","net_slip_rate":"(1.5,1.0,2.0)","slip_type":"Sinistral","upper_seis_depth":"(1.0,,)"},"geometry":{"type":"LineString","coordinates":[[52.506179,35.686698],[52.457188,35.689488],[52.331381,35.715163],[52.237667,35.725433],[52.151655,35.739554],[52.036117,35.760094],[51.943687,35.783202],[51.901323,35.789621],[51.860243,35.805026],[51.767229,35.815819],[51.72219,35.835401],[51.64582,35.880439],[51.553426,35.925698],[51.463707,35.960726],[51.420627,35.968558],[51.377623,35.982803],[51.375727,35.991339],[51.389953,36.005565],[51.393747,36.02074],[51.370036,36.029275],[51.339715,36.025205],[51.311234,36.034966],[51.257174,36.065316],[51.223979,36.076697],[51.178455,36.081439]]}},{"type":"Feature","properties":{"average_dip":"(30.0,30.0,30.0)","average_rake":"(90,80.0,100.0)","catalog_id":"ME_IR25s1","catalog_name":"EMME","epistemic_quality":"2","lower_seis_depth":"(20.0,,)","net_slip_rate":"(1.5,1.5,1.5)","slip_type":"Reverse","upper_seis_depth":"(1.0,,)"},"geometry":{"type":"LineString","coordinates":[[51.027848,36.197479],[50.984906,36.21716],[50.920493,36.263681],[50.83461,36.315569],[50.802403,36.328093],[50.723677,36.345986],[50.684313,36.342407],[50.646739,36.345986],[50.442765,36.381771],[50.369407,36.417556],[50.346146,36.439026],[50.319308,36.435448],[50.292684,36.452883],[50.225849,36.512921],[50.180538,36.535577],[50.003492,36.576254],[49.909465,36.573684],[49.863131,36.567641],[49.74629,36.577713],[49.697942,36.577713]]}},{"type":"Feature","properties":{"average_dip":"(35.0,35.0,35.0)","average_rake":"(90,80.0,100.0)","catalog_id":"ME_IR82s2","catalog_name":"EMME","epistemic_quality":"2","lower_seis_depth":"(20.0,,)","net_slip_rate":"(1.5,0.5,2.5)","slip_type":"Reverse","upper_seis_depth":"(1.0,,)"},"geometry":{"type":"LineString","coordinates":[[54.055371,36.725667],[53.788076,36.717137],[53.522676,36.689649],[53.374139,36.655373],[53.276641,36.593219],[53.177568,36.530061],[53.090207,36.450979],[52.946949,36.413158]]}},{"type":"Feature","properties":{"average_dip":"(70.0,70.0,70.0)","average_rake":"(30,15.0,45.0)","catalog_id":"ME_IR87","catalog_name":"EMME","lower_seis_depth":"(20.0,,)","net_slip_rate":"(1.4,0.85,2.0)","slip_type":"Sinistral-Reverse","upper_seis_depth":"(1.0,,)"},"geometry":{"type":"LineString","coordinates":[[50.026473,37.171577],[49.79040985413495,37.06736955205771],[49.58131985545577,37.005718695900654],[49.415178,36.922588]]}},{"type":"Feature","properties":{"average_dip":"(85.0,80.0,90.0)","average_rake":"(180,180.0,180.0)","catalog_id":"ME_IR26s2","catalog_name":"EMME","lower_seis_depth":"(20.0,,)","net_slip_rate":"(0.8,0.5,1.0)","slip_type":"Dextral","upper_seis_depth":"(3.0,,)"},"geometry":{"type":"LineString","coordinates":[[54.844678,32.1329],[54.858959,32.104337],[54.919945,32.018348],[54.938505,31.983084],[54.951497,31.94782],[54.973769,31.838317],[55.001775,31.762877],[55.019952,31.730418],[55.02904,31.69796],[55.043322,31.668099],[55.048008,31.636015],[55.091732,31.538175],[55.105544,31.4764],[55.136105,31.398448],[55.146523,31.355101],[55.18665,31.259243],[55.263111,31.205441],[55.288868,31.13788]]}},{"type":"Feature","properties":{"average_dip":"(46.5,33.0,60.0)","average_rake":"(90,60.0,120.0)","catalog_id":"ME_IR16s1","catalog_name":"EMME","epistemic_quality":"1","lower_seis_depth":"(20.0,,)","net_slip_rate":"(1.5,1.0,2.0)","slip_type":"Reverse","upper_seis_depth":"(5.0,,)"},"geometry":{"type":"LineString","coordinates":[[45.63744,35.59557],[46.012593,34.943294],[46.942427,34.103378],[47.68536,33.841163],[48.480543,33.348809],[49.269134,33.095698],[49.516341,32.869092]]}},{"type":"Feature","properties":{"average_dip":"(46.5,33.0,60.0)","average_rake":"(90,60.0,120.0)","catalog_id":"ME_IR16s2","catalog_name":"EMME","epistemic_quality":"1","lower_seis_depth":"(20.0,,)","net_slip_rate":"(1.5,1.0,2.0)","slip_type":"Reverse","upper_seis_depth":"(5.0,,)"},"geometry":{"type":"LineString","coordinates":[[51.356102,30.989616],[51.511976,30.858423],[51.797744,30.689559],[51.82762,30.551871],[51.891268,30.377812],[52.034153,30.246618],[52.231632,30.10545],[52.346589,30.036819],[52.487282,29.920146],[52.566208,29.865241],[52.713765,29.717684],[52.953974,29.599296],[53.079226,29.558117],[53.199038,29.534732]]}},{"type":"Feature","properties":{"average_dip":"(77.5,75.0,80.0)","average_rake":"(0,170.0,-170.0)","catalog_id":"ME_IR74","catalog_name":"EMME","lower_seis_depth":"(20.0,,)","net_slip_rate":"(1.5,1.0,2.0)","slip_type":"Dextral","upper_seis_depth":"(0.0,,)"},"geometry":{"type":"LineString","coordinates":[[52.079808,29.827676],[52.084478,29.793513],[52.088574,29.763557],[52.111656,29.730904],[52.133706,29.713755],[52.14398,29.678875],[52.196401,29.589536],[52.232145,29.111675],[52.354895,28.834021]]}},{"type":"Feature","properties":{"average_dip":"(45.0,30.0,60.0)","average_rake":"(90,60.0,120.0)","catalog_id":"ME_IR97s31","catalog_name":"EMME","epistemic_quality":"1","lower_seis_depth":"(20.0,,)","net_slip_rate":"(1.0,1.0,1.0)","slip_type":"Reverse","upper_seis_depth":"(5.0,,)"},"geometry":{"type":"LineString","coordinates":[[51.640745,28.250782],[52.045661,27.912344],[52.269209,27.704948],[52.637207,27.504895],[52.934691,27.293888],[53.402852,27.161031],[53.504708,27.188289],[53.714605,27.140666],[53.785748,27.113163],[53.80305,27.079766],[53.857758,27.038677],[53.952116,26.998996],[54.14692,26.967978]]}},{"type":"Feature","properties":{"average_dip":"(45.0,30.0,60.0)","average_rake":"(90,60.0,120.0)","catalog_id":"ME_IR97s6","catalog_name":"EMME","epistemic_quality":"1","lower_seis_depth":"(20.0,,)","net_slip_rate":"(1.0,1.0,1.0)","slip_type":"Reverse","upper_seis_depth":"(5.0,,)"},"geometry":{"type":"LineString","coordinates":[[48.863428,32.795242],[48.926723,32.748459],[48.974882,32.698925],[48.994632,32.641348],[49.030935,32.618356],[49.073289,32.605045],[49.115643,32.574792],[49.161627,32.507026],[49.208821,32.454992],[49.248754,32.419899],[49.279007,32.370284],[49.320151,32.310989],[49.355244,32.284367],[49.415749,32.238383],[49.470204,32.216601],[49.620217,32.050089],[49.659749,32.025573],[49.70986,31.999589],[49.750692,31.968037],[49.787812,31.929062],[49.813795,31.865958],[49.819363,31.825126],[49.830499,31.765735],[49.858339,31.724903],[49.902923,31.69127],[49.955736,31.664863],[50.210976,31.266475]]}},{"type":"Feature","properties":{"average_dip":"(45.0,30.0,60.0)","average_rake":"(90,60.0,120.0)","catalog_id":"ME_IR23","catalog_name":"EMME","epistemic_quality":"1","lower_seis_depth":"(20.0,,)","net_slip_rate":"(1.0,1.0,1.0)","slip_type":"Reverse","upper_seis_depth":"(5.0,,)"},"geometry":{"type":"LineString","coordinates":[[49.213327,31.189847],[49.234876,31.148407],[49.261398,31.115255],[49.291234,31.080445],[49.331017,31.04232],[49.372457,31.010826],[49.522065,30.985628],[49.556797,30.94689],[49.592864,30.91483],[49.627595,30.878763],[49.663662,30.846703],[49.703737,30.801285],[49.730453,30.755867],[49.758678,30.722403],[49.789229,30.690412],[49.827968,30.649002],[49.862051,30.61688]]}},{"type":"Feature","properties":{"average_dip":"(45.0,30.0,60.0)","average_rake":"(90,60.0,120.0)","catalog_id":"ME_IR115","catalog_name":"EMME","epistemic_quality":"1","lower_seis_depth":"(20.0,,)","net_slip_rate":"(1.0,1.0,1.0)","slip_type":"Reverse","upper_seis_depth":"(5.0,,)"},"geometry":{"type":"LineString","coordinates":[[49.778458,30.6138],[49.784753,30.560289],[49.787901,30.503631],[49.791049,30.456416],[49.797344,30.406054],[49.81623,30.349395],[49.85715,30.321066],[49.906448,30.303162],[49.959137,30.283404],[50.011825,30.263646],[50.057105,30.246357],[50.115556,30.227422],[50.160836,30.21178],[50.210231,30.193668],[50.262097,30.173087],[50.37022,30.125911]]}},{"type":"Feature","properties":{"average_dip":"(45.0,30.0,60.0)","average_rake":"(90,60.0,120.0)","catalog_id":"ME_IR99","catalog_name":"EMME","epistemic_quality":"1","lower_seis_depth":"(20.0,,)","net_slip_rate":"(0.6,0.1,1.0)","slip_type":"Reverse","upper_seis_depth":"(5.0,,)"},"geometry":{"type":"LineString","coordinates":[[50.658602,30.583671],[50.690153,30.544695],[50.710569,30.514999],[50.727273,30.490871],[50.742121,30.461176],[50.762537,30.435192],[50.794089,30.416632],[50.820072,30.401784],[50.922152,30.360952],[50.966695,30.342393],[51.000103,30.318265],[51.044647,30.299705],[51.087334,30.283001],[51.130022,30.255161],[51.174566,30.229177],[51.224677,30.212474],[51.272933,30.193914]]}},{"type":"Feature","properties":{"average_dip":"(45.0,30.0,60.0)","average_rake":"(90,60.0,120.0)","catalog_id":"ME_IR97s7","catalog_name":"EMME","epistemic_quality":"1","lower_seis_depth":"(20.0,,)","net_slip_rate":"(1.0,1.0,1.0)","slip_type":"Reverse","upper_seis_depth":"(5.0,,)"},"geometry":{"type":"LineString","coordinates":[[45.725718,33.871982],[45.747083,33.826404],[45.786963,33.780827],[45.819722,33.742371],[45.865299,33.698218],[45.898905,33.679111],[45.939736,33.662407],[45.986136,33.651271],[46.03479,33.62273],[46.081792,33.609912],[46.125945,33.585699],[46.169879,33.567751],[46.218134,33.530632],[46.262678,33.491656],[46.297942,33.447112],[46.338773,33.413705],[46.387029,33.374729],[46.418581,33.348745],[46.451988,33.328329],[46.501959,33.31081]]}},{"type":"Feature","properties":{"average_dip":"(45.0,30.0,60.0)","average_rake":"(90,60.0,120.0)","catalog_id":"ME_IR97s1","catalog_name":"EMME","epistemic_quality":"1","lower_seis_depth":"(20.0,,)","net_slip_rate":"(1.0,1.0,1.0)","slip_type":"Reverse","upper_seis_depth":"(5.0,,)"},"geometry":{"type":"LineString","coordinates":[[46.305366,33.231818],[46.349909,33.211402],[46.392597,33.194698],[46.460327,33.1718],[46.503278,33.153788],[46.549693,33.11915],[46.580175,33.082434],[46.600265,33.04641],[46.605201,33.004201],[46.608158,32.977588],[46.634903,32.951502],[46.652222,32.932104],[46.679124,32.90884],[46.728426,32.894003],[46.778997,32.878069],[46.837189,32.863521],[46.89261,32.858672],[46.934176,32.850359],[46.976435,32.823341],[47.019386,32.787317],[47.059829,32.772821],[47.121222,32.773462],[47.247304,32.744366],[47.297183,32.724276],[47.338749,32.704879],[47.382393,32.693102],[47.423959,32.691716],[47.480072,32.700029],[47.511247,32.697951],[47.561126,32.68271]]}},{"type":"Feature","properties":{"average_dip":"(45.0,30.0,60.0)","average_rake":"(90,60.0,120.0)","catalog_id":"ME_IR97s2","catalog_name":"EMME","epistemic_quality":"1","lower_seis_depth":"(20.0,,)","net_slip_rate":"(1.0,1.0,1.0)","slip_type":"Reverse","upper_seis_depth":"(5.0,,)"},"geometry":{"type":"LineString","coordinates":[[47.255271,33.071523],[47.296837,33.05074],[47.338403,33.029957],[47.382454,33.016669],[47.429327,32.999649],[47.476089,32.983196],[47.518521,32.967609],[47.557489,32.94596],[47.596456,32.926043],[47.649716,32.894174],[47.69426,32.870046],[47.736947,32.851487],[47.78177,32.829056],[47.816408,32.803944],[47.857974,32.784027],[47.898674,32.771903],[48.067313,32.745695]]}},{"type":"Feature","properties":{"average_dip":"(50.0,50.0,50.0)","average_rake":"(30,15.0,45.0)","catalog_id":"ME_IR105s2","catalog_name":"EMME","lower_seis_depth":"(20.0,,)","net_slip_rate":"(1.3,0.5,2.14)","slip_type":"Sinistral-Reverse","upper_seis_depth":"(1.0,,)"},"geometry":{"type":"LineString","coordinates":[[52.586731,35.953575],[52.783251,36.025706],[52.950978,36.133316],[53.158762,36.200326],[54.392737,36.602037]]}},{"type":"Feature","properties":{"average_dip":"(70.0,70.0,70.0)","average_rake":"(150,135.0,165.0)","catalog_id":"ME_IR65","catalog_name":"EMME","lower_seis_depth":"(20.0,,)","net_slip_rate":"(2.4,2.21,2.5)","slip_type":"Dextral-Reverse","upper_seis_depth":"(1.0,,)"},"geometry":{"type":"LineString","coordinates":[[49.795175,35.17416],[49.865209,35.125397],[49.91395,35.060895],[50.015978,34.978063],[50.088982,34.959018],[50.1215,34.946824],[50.268533,34.857163],[50.30304,34.826315],[50.342399,34.779276],[50.382032,34.697979],[50.49283,34.58947],[50.541454,34.574831]]}},{"type":"Feature","properties":{"average_dip":"(60.0,60.0,60.0)","average_rake":"(90,80.0,100.0)","catalog_id":"ME_IR96","catalog_name":"EMME","epistemic_quality":"2","lower_seis_depth":"(20.0,,)","net_slip_rate":"(1.0,0.5,1.5)","slip_type":"Reverse","upper_seis_depth":"(0.0,,)"},"geometry":{"type":"LineString","coordinates":[[55.015413,36.142998],[55.054554,36.161538],[55.091635,36.180079],[55.122536,36.196559],[55.157557,36.21304],[55.198758,36.2357],[55.231719,36.256301],[55.279101,36.278961],[55.31746,36.302856],[55.354872,36.321562],[55.512834,36.376641],[55.806934,36.422367],[55.928019,36.468487],[55.979521,36.470547],[56.024842,36.476727],[56.070163,36.478787],[56.119605,36.476727],[56.156686,36.480847],[56.199947,36.480847],[56.253508,36.478787],[56.29677,36.476727],[56.340031,36.476727],[56.620199,36.503508]]}},{"type":"Feature","properties":{"average_dip":"(60.0,60.0,60.0)","average_rake":"(90,80.0,100.0)","catalog_id":"ME_IR70","catalog_name":"EMME","epistemic_quality":"2","lower_seis_depth":"(20.0,,)","net_slip_rate":"(0.8,0.5,1.0)","slip_type":"Reverse","upper_seis_depth":"(3.0,,)"},"geometry":{"type":"LineString","coordinates":[[56.38803,36.548809],[56.434429,36.563657],[56.488934,36.56962],[56.531558,36.576724],[56.578444,36.588091],[56.631013,36.599457],[56.675057,36.613665],[56.719315,36.629347],[56.757912,36.638381],[56.789119,36.640023],[56.857279,36.646593],[56.894234,36.643308],[56.935295,36.638381],[56.982925,36.627705],[57.019065,36.615624],[57.061974,36.605732],[57.108396,36.595194],[57.156703,36.585249],[57.20643,36.575304],[57.266103,36.562516],[57.325776,36.548309],[57.36977,36.531764],[57.424739,36.511092],[57.470727,36.499595],[57.515893,36.489741],[57.571757,36.475415],[57.62183,36.462641],[57.668639,36.451965],[57.712985,36.433898],[57.762258,36.430613],[57.82467,36.424044],[57.874764,36.420759]]}},{"type":"Feature","properties":{"average_dip":"(70.0,70.0,70.0)","average_rake":"(150,135.0,165.0)","catalog_id":"ME_IR114","catalog_name":"EMME","lower_seis_depth":"(20.0,,)","net_slip_rate":"(1.5,1.0,2.0)","slip_type":"Dextral-Reverse","upper_seis_depth":"(3.0,,)"},"geometry":{"type":"LineString","coordinates":[[55.268032,30.646935],[55.337404,30.561988],[55.480453,30.522423],[55.75272,30.324369],[55.92713,30.245092],[56.285858,29.898255]]}},{"type":"Feature","properties":{"average_dip":"(31.0,31.0,31.0)","average_rake":"(110,110.0,110.0)","catalog_id":"ME_IR14s2","catalog_name":"EMME","epistemic_quality":"2","lower_seis_depth":"(24.0,,)","net_slip_rate":"(0.9,0.75,1.0)","slip_type":"Reverse","upper_seis_depth":"(2.0,,)"},"geometry":{"type":"LineString","coordinates":[[56.96607,33.399236],[56.99877,33.329164],[57.105372,33.248536],[57.209663,33.207144],[57.227891,33.177794],[57.240428,33.154181],[57.251033,33.139856],[57.275456,33.137862],[57.288415,33.118921],[57.289911,33.097489],[57.306857,33.091009],[57.332278,33.090012]]}},{"type":"Feature","properties":{"average_dip":"(31.0,31.0,31.0)","average_rake":"(110,110.0,110.0)","catalog_id":"ME_IR14s1","catalog_name":"EMME","epistemic_quality":"2","lower_seis_depth":"(24.0,,)","net_slip_rate":"(0.9,0.75,1.0)","slip_type":"Reverse","upper_seis_depth":"(2.0,,)"},"geometry":{"type":"LineString","coordinates":[[56.801245,33.859062],[56.853221,33.807087],[56.97246,33.741352],[57.033608,33.669503],[57.053481,33.475358],[57.088641,33.377521]]}},{"type":"Feature","properties":{"average_dip":"(55.0,40.0,70.0)","average_rake":"(90,80.0,100.0)","catalog_id":"ME_IR139","catalog_name":"EMME","lower_seis_depth":"(10.0,,)","net_slip_rate":"(2.2,1.0,3.5)","slip_type":"Reverse","upper_seis_depth":"(0.0,,)"},"geometry":{"type":"LineString","coordinates":[[48.570034,39.012786],[48.724435,38.767035],[48.806136,38.522609],[48.831289,38.326556],[48.856668,38.024861],[48.903273,37.792284],[48.960615,37.609999],[49.066412,37.413387],[49.155658,37.265147],[49.23486,37.194974]]}},{"type":"Feature","properties":{"average_dip":"(50.0,50.0,50.0)","average_rake":"(180,180.0,180.0)","catalog_id":"ME_IR151s1","catalog_name":"EMME","lower_seis_depth":"(20.0,,)","net_slip_rate":"(1.0,1.0,1.0)","slip_type":"Dextral","upper_seis_depth":"(1.0,,)"},"geometry":{"type":"LineString","coordinates":[[44.58762,39.417522],[44.62892,39.337016],[44.634475,39.285421],[44.672325,39.204828],[44.697823,39.169326],[44.776324,39.049687],[44.870519,38.964911],[44.964963,38.847301],[45.032678,38.743946],[45.114649,38.660193],[45.194838,38.61208]]}},{"type":"Feature","properties":{"average_dip":"(85.0,85.0,85.0)","average_rake":"(-150,-165.0,-135.0)","catalog_id":"ME_IR7","catalog_name":"EMME","lower_seis_depth":"(20.0,,)","net_slip_rate":"(1.5,1.0,2.0)","slip_type":"Dextral-Normal","upper_seis_depth":"(0.0,,)"},"geometry":{"type":"LineString","coordinates":[[44.440792,38.307099],[44.482526,38.277286],[44.529696,38.243591],[44.57376,38.212114],[44.609477,38.186599],[44.632141,38.17041],[44.676835,38.1445],[44.67888,38.143314],[44.720878,38.131799],[44.762975,38.120355],[44.809703,38.108673],[44.812226,38.108043],[44.869686,38.062896],[44.927145,38.042375],[44.974344,38.034166],[45.029751,38.025958]]}},{"type":"Feature","properties":{"average_dip":"(66.5,45.0,88.0)","average_rake":"(30,15.0,45.0)","catalog_id":"ME_IR21","catalog_name":"EMME","lower_seis_depth":"(20.0,,)","net_slip_rate":"(1.1,0.71,1.5)","slip_type":"Sinistral-Reverse","upper_seis_depth":"(1.0,,)"},"geometry":{"type":"LineString","coordinates":[[48.876904034133425,37.0023088503527],[49.01068263454657,36.95672291753968],[49.14483893878711,36.88873970070539],[49.27666,36.842666],[49.456412,36.802448],[49.561459,36.79314],[49.664757,36.738861],[49.818093,36.689422]]}},{"type":"Feature","properties":{"average_dip":"(45.0,30.0,60.0)","average_rake":"(90,60.0,120.0)","catalog_id":"ME_IR52","catalog_name":"EMME","epistemic_quality":"1","lower_seis_depth":"(20.0,,)","net_slip_rate":"(1.5,1.0,2.0)","slip_type":"Reverse","upper_seis_depth":"(5.0,,)"},"geometry":{"type":"LineString","coordinates":[[48.1175,32.599146],[48.164608,32.592218],[48.205481,32.585983],[48.251896,32.574207],[48.298311,32.564508],[48.353732,32.554116],[48.396683,32.538183],[48.440327,32.515322],[48.483971,32.49246],[48.511681,32.461979],[48.547705,32.439118],[48.575415,32.411407],[48.609361,32.373998],[48.655776,32.35183],[48.705655,32.335896],[48.746528,32.324119],[48.782551,32.312342],[48.81996,32.285325],[48.860141,32.262464],[48.898935,32.23406],[48.93773,32.215356],[48.94738,32.131009],[48.947429,32.130146],[48.975832,32.107978],[49.009084,32.091351],[49.040951,32.070569],[49.05827,32.029003],[49.096372,32.017226],[49.128932,32.019304],[49.136552,31.976353],[49.164263,31.946564],[49.200979,31.917468],[49.231461,31.884908],[49.257786,31.853041],[49.282725,31.814247],[49.302123,31.776838],[49.342303,31.739428],[49.385254,31.720724],[49.419199,31.711025],[49.462843,31.686778],[49.498174,31.651448],[49.539047,31.618195],[49.568143,31.586328],[49.589619,31.548226],[49.626335,31.514281],[49.66028,31.505275],[49.690483,31.471954],[49.741984,31.445173],[49.775972,31.419372],[49.799666,31.383371],[49.828507,31.35247],[49.848712,31.311994],[49.86326,31.26073]]}},{"type":"Feature","properties":{"average_dip":"(45.0,30.0,60.0)","average_rake":"(90,60.0,120.0)","catalog_id":"ME_IR146s3","catalog_name":"EMME","epistemic_quality":"1","lower_seis_depth":"(20.0,,)","net_slip_rate":"(1.0,1.0,1.0)","slip_type":"Reverse","upper_seis_depth":"(5.0,,)"},"geometry":{"type":"LineString","coordinates":[[47.959227,32.031505],[47.964041,31.989138],[47.982336,31.942919],[48.010259,31.896701],[48.048775,31.858186],[48.072847,31.846631],[48.081513,31.816782],[48.105585,31.785969],[48.158543,31.754194],[48.186467,31.752268]]}},{"type":"Feature","properties":{"average_dip":"(45.0,30.0,60.0)","average_rake":"(90,60.0,120.0)","catalog_id":"ME_IR146s1","catalog_name":"EMME","epistemic_quality":"1","lower_seis_depth":"(20.0,,)","net_slip_rate":"(1.0,1.0,1.0)","slip_type":"Reverse","upper_seis_depth":"(5.0,,)"},"geometry":{"type":"LineString","coordinates":[[45.497415,33.962982],[45.519633,33.928756],[45.547254,33.897531],[45.56767,33.864506],[45.595892,33.825475],[45.615707,33.790649],[45.636123,33.755821],[45.65834,33.717392],[45.684761,33.685567],[45.717186,33.656745],[45.755015,33.62492],[45.797648,33.588892],[45.824669,33.557067],[45.847487,33.529446],[45.873307,33.491016],[45.905132,33.45799],[45.937557,33.422563],[45.96698,33.379329],[45.992199,33.346304],[46.022823,33.312077],[46.046842,33.280252],[46.08347,33.247827],[46.119498,33.223809],[46.151323,33.206395],[46.185549,33.201591],[46.220977,33.202192],[46.255804,33.204594],[46.299638,33.20039],[46.346474,33.190182],[46.401117,33.177573]]}},{"type":"Feature","properties":{"average_dip":"(45.0,30.0,60.0)","average_rake":"(90,60.0,120.0)","catalog_id":"ME_IR146s2","catalog_name":"EMME","epistemic_quality":"1","lower_seis_depth":"(20.0,,)","net_slip_rate":"(1.0,1.0,1.0)","slip_type":"Reverse","upper_seis_depth":"(5.0,,)"},"geometry":{"type":"LineString","coordinates":[[45.946194,33.119295],[45.982661,33.06791],[46.017471,33.036415],[46.057253,33.003263],[46.110297,32.976742],[46.16334,32.95685],[46.213068,32.961823],[46.259481,32.966796],[46.302578,32.965138],[46.357279,32.95685],[46.408665,32.943589],[46.45342,32.925356],[46.506144,32.904404],[46.551237,32.87927],[46.590416,32.85044],[46.643641,32.820132],[46.696866,32.794998],[46.744176,32.762472],[46.795183,32.715161],[46.84693,32.670807],[46.897197,32.635324]]}},{"type":"Feature","properties":{"average_dip":"(45.0,30.0,60.0)","average_rake":"(90,60.0,120.0)","catalog_id":"ME_IR24","catalog_name":"EMME","epistemic_quality":"1","lower_seis_depth":"(20.0,,)","net_slip_rate":"(1.0,1.0,1.0)","slip_type":"Reverse","upper_seis_depth":"(5.0,,)"},"geometry":{"type":"LineString","coordinates":[[48.140237,31.660851],[48.17117,31.641816],[48.212811,31.6204],[48.251943,31.598207],[48.302976,31.576061],[48.347268,31.554877],[48.385784,31.526954],[48.428151,31.49229],[48.463777,31.466292],[48.505485,31.451458],[48.544913,31.422567],[48.595007,31.387084],[48.6451,31.35995],[48.694869,31.33534],[48.737236,31.312231],[48.776714,31.28527],[48.817131,31.259051],[48.864785,31.230168],[48.905236,31.202804],[48.940928,31.171871],[48.996846,31.13142]]}},{"type":"Feature","properties":{"average_dip":"(45.0,30.0,60.0)","average_rake":"(90,60.0,120.0)","catalog_id":"ME_IR97s4","catalog_name":"EMME","epistemic_quality":"1","lower_seis_depth":"(20.0,,)","net_slip_rate":"(1.0,1.0,1.0)","slip_type":"Reverse","upper_seis_depth":"(5.0,,)"},"geometry":{"type":"LineString","coordinates":[[49.923631,31.285233],[49.927343,31.25925],[49.940335,31.223986],[49.958895,31.190578],[49.977455,31.155314],[49.999727,31.123763],[50.023855,31.094067],[50.049838,31.066227],[50.086958,31.047667],[50.10923,31.021683],[50.131502,30.98642],[50.157486,30.947444],[50.185325,30.914036],[50.215021,30.880628],[50.237293,30.850933],[50.272557,30.824949],[50.300396,30.798965]]}},{"type":"Feature","properties":{"average_dip":"(45.0,30.0,60.0)","average_rake":"(90,60.0,120.0)","catalog_id":"ME_IR97s5","catalog_name":"EMME","epistemic_quality":"1","lower_seis_depth":"(20.0,,)","net_slip_rate":"(1.0,1.0,1.0)","slip_type":"Reverse","upper_seis_depth":"(5.0,,)"},"geometry":{"type":"LineString","coordinates":[[50.216877,30.784117],[50.255853,30.746997],[50.289261,30.721014],[50.330092,30.687606],[50.367212,30.672758],[50.413612,30.64863],[50.461867,30.624502],[50.502699,30.605943],[50.550955,30.583671],[50.595498,30.563255]]}},{"type":"Feature","properties":{"average_dip":"(45.0,30.0,60.0)","average_rake":"(90,60.0,120.0)","catalog_id":"ME_IR123","catalog_name":"EMME","epistemic_quality":"1","lower_seis_depth":"(20.0,,)","net_slip_rate":"(1.0,1.0,1.0)","slip_type":"Reverse","upper_seis_depth":"(5.0,,)"},"geometry":{"type":"LineString","coordinates":[[50.205459,32.013689],[50.22179,31.977259],[50.235608,31.939573],[50.272038,31.910681],[50.308468,31.885557],[50.341129,31.855407],[50.354333,31.827114],[50.358716,31.817721],[50.381328,31.793853],[50.419014,31.761192],[50.44037,31.744861],[50.464238,31.736068],[50.49374,31.722297],[50.5661,31.704207],[50.601073,31.703001],[50.640871,31.701795],[50.680669,31.700589],[50.725291,31.700589],[50.759059,31.715061],[50.80971,31.716267],[50.838654,31.719885]]}},{"type":"Feature","properties":{"average_dip":"(45.0,30.0,60.0)","average_rake":"(90,60.0,120.0)","catalog_id":"ME_IR16s3","catalog_name":"EMME","epistemic_quality":"1","lower_seis_depth":"(20.0,,)","net_slip_rate":"(1.0,1.0,1.0)","slip_type":"Reverse","upper_seis_depth":"(5.0,,)"},"geometry":{"type":"LineString","coordinates":[[50.335371,31.894514],[50.36039,31.890724],[50.385067,31.886985],[50.422716,31.906562],[50.451329,31.920116],[50.502531,31.92614],[50.535662,31.927646],[50.607948,31.917104],[50.644091,31.902044],[50.675716,31.882467],[50.698305,31.859878],[50.716376,31.831265],[50.720513,31.827128],[50.732942,31.814699],[50.761555,31.796628],[50.788662,31.774038],[50.818781,31.758979],[50.84137,31.751449],[50.871489,31.72886],[50.900102,31.679164],[50.930221,31.674646],[50.964858,31.66561],[50.997989,31.655068],[51.032626,31.640009],[51.070275,31.627961],[51.1019,31.621937],[51.13048,31.619079]]}},{"type":"Feature","properties":{"average_dip":"(40.0,40.0,40.0)","average_rake":"(95,95.0,95.0)","catalog_id":"ME_IR61","catalog_name":"EMME","lower_seis_depth":"(20.0,,)","net_slip_rate":"(1.4,0.75,2.0)","slip_type":"Reverse","upper_seis_depth":"(0.0,,)"},"geometry":{"type":"LineString","coordinates":[[58.258554,34.169367],[58.481957,33.947419],[58.55401,33.894837],[58.674649,33.76863],[58.802145,33.678898],[58.844351,33.666527],[58.927309,33.609039],[58.991346,33.561011],[59.023365,33.531175]]}},{"type":"Feature","properties":{"average_dip":"(64.0,64.0,64.0)","average_rake":"(150,135.0,165.0)","catalog_id":"ME_IR5","catalog_name":"EMME","lower_seis_depth":"(20.0,,)","net_slip_rate":"(0.6,0.1,1.0)","slip_type":"Dextral-Reverse","upper_seis_depth":"(3.0,,)"},"geometry":{"type":"LineString","coordinates":[[56.923074,31.70876],[57.098861,31.643635],[57.149593,31.378476],[57.160654,31.027769],[57.352302,30.582246]]}},{"type":"Feature","properties":{"average_dip":"(45.0,30.0,60.0)","average_rake":"(135,120.0,150.0)","catalog_id":"ME_IR30","catalog_name":"EMME","epistemic_quality":"1","lower_seis_depth":"(20.0,,)","net_slip_rate":"(1.5,1.0,2.0)","slip_type":"Dextral-Reverse","upper_seis_depth":"(5.0,,)"},"geometry":{"type":"LineString","coordinates":[[53.490093,29.154943],[53.525344,29.137317],[53.569508,29.128224],[53.624064,29.117833],[53.663033,29.106142],[53.711094,29.087957],[53.75266,29.067174],[53.795525,29.046391],[53.833195,29.021711],[53.882475,29.011714],[53.972315,28.987062],[54.100796,28.944636],[54.147736,28.908396]]}},{"type":"Feature","properties":{"average_dip":"(46.5,33.0,60.0)","average_rake":"(90,60.0,120.0)","catalog_id":"ME_IR16s4","catalog_name":"EMME","epistemic_quality":"1","lower_seis_depth":"(20.0,,)","net_slip_rate":"(1.5,1.0,2.0)","slip_type":"Reverse","upper_seis_depth":"(5.0,,)"},"geometry":{"type":"LineString","coordinates":[[54.610445,28.454289],[54.762869,28.361087],[54.892945,28.309222],[54.934931,28.282878],[54.983162,28.267931],[55.019727,28.262296],[55.164621,28.272998],[55.218133,28.266412],[55.31334,28.237547],[55.361955,28.233496],[55.615159,28.255778],[55.805942,28.207137],[55.842989,28.18244],[55.929132,28.073471],[56.006106,28.016753],[56.062824,28.000548],[56.107388,27.97624],[56.212721,27.868882],[56.257285,27.842548],[56.405156,27.812164],[56.451745,27.787856],[56.480104,27.755446],[56.57472,27.741629],[56.788211,27.784898]]}},{"type":"Feature","properties":{"average_dip":"(40.0,40.0,40.0)","average_rake":"(98,98.0,98.0)","catalog_id":"ME_IR112","catalog_name":"EMME","epistemic_quality":"1","lower_seis_depth":"(20.0,,)","net_slip_rate":"(1.5,1.0,2.0)","slip_type":"Reverse","upper_seis_depth":"(0.0,,)"},"geometry":{"type":"LineString","coordinates":[[52.354895,28.834021],[52.379314,28.807723],[52.398098,28.777669],[52.415003,28.743859],[52.43003,28.710048],[52.437544,28.672481],[52.448814,28.634913],[52.456327,28.597346],[52.467514,28.554462],[52.52207,28.510941],[52.766259,28.471495],[52.803826,28.467738],[52.856421,28.462103],[52.905258,28.450833],[52.918436,28.444558],[52.944704,28.432049],[52.976637,28.417022],[53.004812,28.401995],[53.036744,28.381333],[53.07619,28.366306],[53.12315,28.347522],[53.162595,28.334374],[53.202041,28.317468],[53.239609,28.296806],[53.275298,28.279901],[53.326014,28.270509],[53.369216,28.259239]]}},{"type":"Feature","properties":{"average_dip":"(70.0,70.0,70.0)","average_rake":"(25,25.0,25.0)","catalog_id":"ME_SY1s2","catalog_name":"EMME","epistemic_quality":"1","lower_seis_depth":"(18.0,,)","net_slip_rate":"(2.6,2.35,2.85)","slip_type":"Sinistral-Reverse","upper_seis_depth":"(0.0,,)"},"geometry":{"type":"LineString","coordinates":[[36.372805,36.232097],[36.312065,35.973165],[36.267103,35.662481],[36.248674,35.384836]]}},{"type":"Feature","properties":{"average_dip":"(85.0,85.0,85.0)","average_rake":"(20,20.0,20.0)","catalog_id":"ME_SY1s3s1","catalog_name":"EMME","epistemic_quality":"1","lower_seis_depth":"(18.0,,)","net_slip_rate":"(5.0,3.0,7.0)","slip_type":"Sinistral","upper_seis_depth":"(0.0,,)"},"geometry":{"type":"LineString","coordinates":[[36.351751,35.290998],[36.337546,34.977786],[36.339569,34.897447],[36.328736,34.765419],[36.3281,34.6701]]}},{"type":"Feature","properties":{"average_dip":"(85.0,85.0,85.0)","average_rake":"(20,20.0,20.0)","catalog_id":"ME_SY1s5","catalog_name":"EMME","epistemic_quality":"2","lower_seis_depth":"(18.0,,)","net_slip_rate":"(1.0,0.5,1.5)","slip_type":"Sinistral","upper_seis_depth":"(0.0,,)"},"geometry":{"type":"LineString","coordinates":[[36.445314,36.126554],[36.411535,36.009661],[36.371901,35.780897]]}},{"type":"Feature","properties":{"average_dip":"(77.5,70.0,85.0)","average_rake":"(-30,-40.0,-20.0)","catalog_id":"ME_SY1s6","catalog_name":"EMME","epistemic_quality":"2","lower_seis_depth":"(18.0,,)","net_slip_rate":"None","slip_type":"Sinistral-Normal","upper_seis_depth":"(0.0,,)"},"geometry":{"type":"LineString","coordinates":[[36.815046,36.222361],[36.586512,36.037523],[36.570196,36.009668],[36.502134,35.880159],[36.468161,35.752085],[36.385553,35.619852],[36.381133,35.521034],[36.361739,35.345009]]}},{"type":"Feature","properties":{"average_dip":"(85.0,85.0,85.0)","average_rake":"(15,10.0,20.0)","catalog_id":"ME_SY2s3s3","catalog_name":"EMME","epistemic_quality":"2","lower_seis_depth":"(18.0,,)","net_slip_rate":"(0.8,0.5,1.0)","slip_type":"Sinistral","upper_seis_depth":"(1.0,,)"},"geometry":{"type":"LineString","coordinates":[[39.736139,35.440754],[39.182894,35.266842],[38.855136,35.044845]]}},{"type":"Feature","properties":{"average_dip":"(45.0,45.0,45.0)","average_rake":"(90,80.0,100.0)","catalog_id":"ME_SY2s1s2","catalog_name":"EMME","epistemic_quality":"1","lower_seis_depth":"(18.0,,)","net_slip_rate":"(0.8,0.5,1.0)","slip_type":"Reverse","upper_seis_depth":"(1.0,,)"},"geometry":{"type":"LineString","coordinates":[[38.713414,34.916025],[38.224197,34.611011],[38.050884,34.416567],[37.612616,34.276403],[36.789169,33.631992]]}},{"type":"Feature","properties":{"average_dip":"(45.0,45.0,45.0)","average_rake":"(90,80.0,100.0)","catalog_id":"ME_SY2s1s3","catalog_name":"EMME","epistemic_quality":"1","lower_seis_depth":"(18.0,,)","net_slip_rate":"(0.6,0.5,0.75)","slip_type":"Reverse","upper_seis_depth":"(1.0,,)"},"geometry":{"type":"LineString","coordinates":[[38.215784,34.368387],[37.838274,34.243071]]}},{"type":"Feature","properties":{"average_dip":"(45.0,45.0,45.0)","average_rake":"(90,80.0,100.0)","catalog_id":"ME_SY2s2","catalog_name":"EMME","epistemic_quality":"1","lower_seis_depth":"(18.0,,)","net_slip_rate":"(1.0,0.5,1.5)","slip_type":"Reverse","upper_seis_depth":"(1.0,,)"},"geometry":{"type":"LineString","coordinates":[[37.216597,34.409975],[37.134226,34.331736],[37.116969,34.303002],[37.000883,34.09557],[36.963499,34.061271],[36.916279,34.043304],[36.85372,33.993643],[36.793764,33.914614],[36.418196,33.6141],[36.325525,33.601789]]}},{"type":"Feature","properties":{"average_dip":"(85.0,85.0,85.0)","average_rake":"(15,15.0,15.0)","catalog_id":"ME_LB1s2","catalog_name":"EMME","epistemic_quality":"1","lower_seis_depth":"(17.5,,)","net_slip_rate":"(4.7,3.0,6.41)","slip_type":"Sinistral","upper_seis_depth":"(0.0,,)"},"geometry":{"type":"LineString","coordinates":[[35.558845,33.167096],[35.576805,33.353204],[35.647952,33.513281],[35.720778,33.665822],[35.756683,33.720865],[35.794377,33.763492],[35.921665,33.953437],[35.965352,34.00559],[36.010109,34.085571],[36.059192,34.174449],[36.165154,34.293038],[36.206016,34.329123],[36.286582,34.475153],[36.312991,34.568015],[36.328099,34.670097]]}},{"type":"Feature","properties":{"average_dip":"(80.0,75.0,85.0)","average_rake":"(15,15.0,15.0)","catalog_id":"ME_LB3s1","catalog_name":"EMME","epistemic_quality":"1","lower_seis_depth":"(19.5,,)","net_slip_rate":"(0.9,0.5,1.3)","slip_type":"Sinistral","upper_seis_depth":"(5.0,,)"},"geometry":{"type":"LineString","coordinates":[[35.66155,33.131816],[35.643069,33.200749],[35.675517,33.30375],[35.732812,33.416953],[35.790876,33.469024],[35.852494,33.549711],[35.897893,33.594945],[35.939749,33.650284],[36.005107,33.721191]]}},{"type":"Feature","properties":{"average_dip":"(85.0,85.0,85.0)","average_rake":"(15,15.0,15.0)","catalog_id":"ME_LB3s2","catalog_name":"EMME","epistemic_quality":"1","lower_seis_depth":"(20.0,,)","net_slip_rate":"(0.9,0.5,1.3)","slip_type":"Sinistral","upper_seis_depth":"(5.0,,)"},"geometry":{"type":"LineString","coordinates":[[36.003561,33.503948],[36.10077,33.649105],[36.191136,33.772611],[36.210833,33.894527],[36.307506,34.069448],[36.439282,34.219166]]}},{"type":"Feature","properties":{"average_dip":"(45.0,45.0,45.0)","average_rake":"(90,90.0,90.0)","catalog_id":"ME_LB2","catalog_name":"EMME","epistemic_quality":"1","lower_seis_depth":"(17.5,,)","net_slip_rate":"(1.5,1.0,2.0)","slip_type":"Reverse","upper_seis_depth":"(1.0,,)"},"geometry":{"type":"LineString","coordinates":[[35.261219,33.758888],[35.411434,33.961752],[35.486886,33.992894],[35.554496,34.118714],[35.557205,34.22066],[35.665704,34.338088]]}},{"type":"Feature","properties":{"average_dip":"(85.0,80.0,90.0)","average_rake":"(5,0.0,10.0)","catalog_id":"ME_JO1","catalog_name":"EMME","epistemic_quality":"2","lower_seis_depth":"(19.5,,)","net_slip_rate":"(4.8,3.5,6.0)","slip_type":"Sinistral","upper_seis_depth":"(0.0,,)"},"geometry":{"type":"LineString","coordinates":[[35.56014,33.13403],[35.621415,33.016661],[35.629225,32.936849],[35.609868,32.739482],[35.545236,31.904166],[35.486589,31.728662]]}},{"type":"Feature","properties":{"average_dip":"(70.0,70.0,70.0)","average_rake":"(-20,-20.0,-20.0)","catalog_id":"ME_JO2","catalog_name":"EMME","epistemic_quality":"2","lower_seis_depth":"(20.0,,)","net_slip_rate":"(3.5,3.14,3.84)","slip_type":"Sinistral","upper_seis_depth":"(1.0,,)"},"geometry":{"type":"LineString","coordinates":[[35.4778,31.7036],[35.436708,31.668173],[35.4051,31.588602],[35.361002,31.2222],[35.353003,30.988901]]}},{"type":"Feature","properties":{"average_dip":"(70.0,70.0,70.0)","average_rake":"(-20,-20.0,-20.0)","catalog_id":"ME_JO3","catalog_name":"EMME","epistemic_quality":"2","lower_seis_depth":"(20.0,,)","net_slip_rate":"(1.6,0.5,2.69)","slip_type":"Sinistral","upper_seis_depth":"(1.0,,)"},"geometry":{"type":"LineString","coordinates":[[35.638102,31.796103],[35.617419,31.765301],[35.612791,31.736156],[35.570501,31.612001],[35.542299,31.265001],[35.516901,31.114901]]}},{"type":"Feature","properties":{"average_dip":"(85.0,80.0,90.0)","average_rake":"(5,0.0,10.0)","catalog_id":"ME_JO4","catalog_name":"EMME","epistemic_quality":"1","lower_seis_depth":"(20.0,,)","net_slip_rate":"(4.8,3.5,6.0)","slip_type":"Sinistral","upper_seis_depth":"(1.0,,)"},"geometry":{"type":"LineString","coordinates":[[35.507251,31.039321],[35.483467,30.92818],[35.429392,30.857257],[35.393499,30.721399],[35.359092,30.603384],[35.3403,30.5781],[35.282801,30.4349],[35.2713,30.403058],[35.2152,30.2041],[35.2031,30.183401],[35.106199,29.869699],[35.083601,29.838499],[35.014676,29.648429],[34.758112,29.171017]]}},{"type":"Feature","properties":{"average_dip":"(60.0,60.0,60.0)","average_rake":"(-15,-15.0,-15.0)","catalog_id":"ME_JO99s1","catalog_name":"EMME","epistemic_quality":"2","lower_seis_depth":"(20.0,,)","net_slip_rate":"(4.0,3.5,4.6)","slip_type":"Sinistral","upper_seis_depth":"(1.0,,)"},"geometry":{"type":"LineString","coordinates":[[34.939456,29.35087],[34.606262,28.622753]]}},{"type":"Feature","properties":{"average_dip":"(60.0,60.0,60.0)","average_rake":"(-15,-15.0,-15.0)","catalog_id":"ME_JO99s2","catalog_name":"EMME","epistemic_quality":"2","lower_seis_depth":"(20.0,,)","net_slip_rate":"(4.0,3.5,4.6)","slip_type":"Sinistral","upper_seis_depth":"(1.0,,)"},"geometry":{"type":"LineString","coordinates":[[34.819264,28.855135],[34.472056,28.07668]]}},{"type":"Feature","properties":{"average_dip":"(85.0,80.0,90.0)","average_rake":"(5,0.0,10.0)","catalog_id":"ME_JO8","catalog_name":"EMME","epistemic_quality":"2","lower_seis_depth":"(20.0,,)","net_slip_rate":"(0.4,0.2,0.63)","slip_type":"Sinistral","upper_seis_depth":"(1.0,,)"},"geometry":{"type":"LineString","coordinates":[[35.401475,30.424577],[35.400515,30.325029],[35.275,29.533503]]}},{"type":"Feature","properties":{"average_dip":"(60.0,60.0,60.0)","average_rake":"(-90,-100.0,-80.0)","catalog_id":"ME_JO5","catalog_name":"EMME","epistemic_quality":"2","lower_seis_depth":"(20.0,,)","net_slip_rate":"(0.5,0.025,1.0)","slip_type":"Normal","upper_seis_depth":"(1.0,,)"},"geometry":{"type":"LineString","coordinates":[[35.336977,30.276973],[35.281573,30.215362],[35.233252,30.146273],[35.228394,30.058903],[35.204367,29.985526],[35.136341,29.807347],[35.114823,29.690219],[35.052537,29.517159],[35.0383,29.419542],[35.049037,29.337992]]}},{"type":"Feature","properties":{"average_dip":"(60.0,60.0,60.0)","average_rake":"(-90,-100.0,-80.0)","catalog_id":"ME_JO7","catalog_name":"EMME","epistemic_quality":"2","lower_seis_depth":"(20.0,,)","net_slip_rate":"(0.5,0.025,1.0)","slip_type":"Normal","upper_seis_depth":"(1.0,,)"},"geometry":{"type":"LineString","coordinates":[[35.58466,30.698724],[35.565847,30.661852],[35.520475,30.617308],[35.453821,30.551795],[35.404294,30.453145]]}},{"type":"Feature","properties":{"average_dip":"(85.0,80.0,90.0)","average_rake":"(180,180.0,180.0)","catalog_id":"ME_IR3","catalog_name":"EMME","epistemic_quality":"2","lower_seis_depth":"(20.0,,)","net_slip_rate":"(1.2,1.0,1.5)","slip_type":"Dextral","upper_seis_depth":"(2.0,,)"},"geometry":{"type":"LineString","coordinates":[[59.890994,29.834234],[59.850402,29.736665],[59.847708,29.589217],[59.906618,29.471106],[59.945979,29.316211],[59.963293,29.144508],[60.045575,29.009332],[60.169103,28.900894],[60.212203,28.738291],[60.231793,28.530629],[60.288607,28.415044]]}},{"type":"Feature","properties":{"average_dip":"(60.0,60.0,60.0)","average_rake":"(95,80.0,110.0)","catalog_id":"ME_AZ11s1","catalog_name":"EMME","epistemic_quality":"1","lower_seis_depth":"(25.0,,)","net_slip_rate":"(0.7,0.63,0.77)","slip_type":"Reverse","upper_seis_depth":"(3.0,,)"},"geometry":{"type":"LineString","coordinates":[[46.667038,41.181112],[46.845743,41.170774],[47.157488,40.971624],[47.520683,40.862288],[47.784271,40.833335]]}},{"type":"Feature","properties":{"average_dip":"(45.0,45.0,45.0)","average_rake":"(95,80.0,110.0)","catalog_id":"ME_AZ11s2","catalog_name":"EMME","epistemic_quality":"1","lower_seis_depth":"(20.0,,)","net_slip_rate":"(1.5,1.0,2.0)","slip_type":"Reverse","upper_seis_depth":"(3.0,,)"},"geometry":{"type":"LineString","coordinates":[[48.119780680395806,40.77935912242579],[48.26996852218662,40.71843654266039],[48.449445,40.618123],[48.716668,40.455276],[49.074656,40.237117],[49.194139,40.14479],[49.280346,40.053654],[49.403271,39.943022],[49.46394,39.894269],[49.56319,39.812991],[49.799362,39.482617],[50.028952,39.302777],[50.501501,39.059513]]}},{"type":"Feature","properties":{"average_dip":"(85.0,85.0,85.0)","average_rake":"(135,120.0,150.0)","catalog_id":"ME_AZ-13","catalog_name":"EMME","epistemic_quality":"1","lower_seis_depth":"(20.0,,)","net_slip_rate":"(0.7,0.63,0.77)","slip_type":"Dextral-Reverse","upper_seis_depth":"(3.0,,)"},"geometry":{"type":"LineString","coordinates":[[46.541315,41.104508],[46.944025,40.887276],[47.7189,40.643022]]}},{"type":"Feature","properties":{"average_dip":"(40.0,40.0,40.0)","average_rake":"(90,80.0,100.0)","catalog_id":"ME_AZ14","catalog_name":"EMME","epistemic_quality":"1","lower_seis_depth":"(20.0,,)","net_slip_rate":"(0.8,0.2,1.5)","slip_type":"Reverse","upper_seis_depth":"(3.0,,)"},"geometry":{"type":"LineString","coordinates":[[45.308341,41.476171],[45.408455,41.38807],[45.479736,41.338414],[45.710399,41.23029],[45.87779,41.132579],[45.950673,41.107751],[46.240759,41.060341],[46.358938,41.030441],[46.414468,41.007659]]}},{"type":"Feature","properties":{"average_dip":"(77.5,75.0,80.0)","average_rake":"(0,170.0,-170.0)","catalog_id":"ME_AZ15s1","catalog_name":"EMME","epistemic_quality":"1","lower_seis_depth":"(20.0,,)","net_slip_rate":"(0.8,0.5,1.0)","slip_type":"Dextral","upper_seis_depth":"(3.0,,)"},"geometry":{"type":"LineString","coordinates":[[45.20953,41.423721],[45.285051,41.333095],[45.337916,41.304396],[45.513127,41.231896],[45.552398,41.197156],[45.715525,41.129186],[45.869589,41.047623],[46.062925,40.984184],[46.265323,40.943403],[46.615744,40.89809],[46.787934,40.867881],[46.922363,40.819547],[47.016009,40.798401],[47.106636,40.792359],[47.443463,40.68965],[47.670028,40.632253],[47.73979,40.619399],[47.797833,40.613912]]}},{"type":"Feature","properties":{"average_dip":"(85.0,85.0,85.0)","average_rake":"(135,120.0,150.0)","catalog_id":"ME_AZ15s2","catalog_name":"EMME","epistemic_quality":"1","lower_seis_depth":"(20.0,,)","net_slip_rate":"(0.7,0.63,0.77)","slip_type":"Dextral-Reverse","upper_seis_depth":"(3.0,,)"},"geometry":{"type":"LineString","coordinates":[[47.820676,40.610952],[47.850622,40.603072],[47.895079,40.593545],[47.963351,40.577668],[48.015747,40.566554],[48.18881,40.549089],[48.338057,40.547501],[48.39204,40.550676],[48.44126,40.550676],[48.506357,40.528448],[48.619086,40.417307],[48.671482,40.383964],[48.708,40.361736],[48.776272,40.2887],[48.806439,40.245831],[48.836606,40.201374],[48.859003,40.14388],[48.866773,40.128339],[48.899274,40.051796]]}},{"type":"Feature","properties":{"average_dip":"(52.5,45.0,60.0)","average_rake":"(90,80.0,100.0)","catalog_id":"ME_AZ16","catalog_name":"EMME","epistemic_quality":"2","lower_seis_depth":"(20.0,,)","net_slip_rate":"(1.5,0.5,2.5)","slip_type":"Reverse","upper_seis_depth":"(1.0,,)"},"geometry":{"type":"LineString","coordinates":[[45.05392,41.323793],[45.128736,41.288156],[45.208471,41.269646],[45.291054,41.225507],[45.356551,41.225507],[45.390724,41.219812],[45.424896,41.214116],[45.467611,41.205573],[45.498936,41.191335],[45.551618,41.161434],[45.598605,41.137229],[45.639896,41.125838],[45.679764,41.101633],[45.735294,41.064613],[45.803639,41.036136],[45.856321,41.013354],[45.978771,40.967791],[46.388839,40.819712],[46.510225,40.754329],[46.605414,40.717183],[46.72614,40.668428],[46.870084,40.626638],[46.995454,40.552344],[47.104572,40.399114],[47.176544,40.306248],[47.236907,40.236598],[47.343704,40.153018],[47.457465,40.071759],[47.638555,39.941746],[47.893129186638156,39.77768691727544],[48.12156285981658,39.641145624529216],[48.30007001979209,39.513775514560756],[48.507701024876944,39.28613823382962],[48.5678905280543,39.09360760019521]]}},{"type":"Feature","properties":{"average_dip":"(75.0,75.0,75.0)","average_rake":"(165,150.0,180.0)","catalog_id":"ME_AZ17","catalog_name":"EMME","epistemic_quality":"1","lower_seis_depth":"(20.0,,)","net_slip_rate":"(0.6,0.1,1.0)","slip_type":"Dextral","upper_seis_depth":"(3.0,,)"},"geometry":{"type":"LineString","coordinates":[[44.804273,41.245013],[44.872806,41.241879],[45.386452,41.078851],[45.528837,41.050374],[45.625658,40.993421],[45.701122,40.937891],[45.768042,40.900871],[45.95599,40.846765],[46.180957,40.748519],[46.336156,40.670208],[46.442945,40.637459],[46.539766,40.623221],[46.694965,40.56342],[46.796908,40.492832],[46.878641,40.403949],[46.915661,40.321366],[46.952681,40.116332],[47.018178,40.018087],[47.106118,39.922615]]}},{"type":"Feature","properties":{"average_dip":"(52.5,45.0,60.0)","average_rake":"(90,80.0,100.0)","catalog_id":"ME_AZ4","catalog_name":"EMME","epistemic_quality":"1","lower_seis_depth":"(20.0,,)","net_slip_rate":"(0.4,0.39,0.47)","slip_type":"Reverse","upper_seis_depth":"(3.0,,)"},"geometry":{"type":"LineString","coordinates":[[47.967735,41.356451],[48.289492,41.235479],[48.633291,41.175431],[48.776453,41.14999],[48.95792,41.092517],[49.236384,40.953918]]}},{"type":"Feature","properties":{"average_dip":"(52.5,45.0,60.0)","average_rake":"(90,80.0,100.0)","catalog_id":"ME_AZ5","catalog_name":"EMME","epistemic_quality":"1","lower_seis_depth":"(20.0,,)","net_slip_rate":"(0.4,0.39,0.47)","slip_type":"Reverse","upper_seis_depth":"(3.0,,)"},"geometry":{"type":"LineString","coordinates":[[47.051979,41.650628],[47.243815,41.513839],[47.428963,41.38924],[47.858855,41.193262],[47.980977,41.150189],[48.185378,41.089717],[48.340392,41.043195],[48.451087,41.016733],[48.553559,41.003506],[48.554535,41.003544],[48.621189,40.995038],[48.731048,40.985936],[48.889887,40.92293],[49.263382,40.825514],[49.917519,40.742843],[50.159052,40.66939],[50.371271,40.600346],[50.644375,40.50371],[51.051931,40.348251],[51.325035,40.255816],[51.493099,40.18859],[51.661162,40.133969],[51.988888,39.986913],[52.203169,39.919688],[52.354427,39.865067],[52.656943,39.781035],[52.959459,39.701205],[53.177943,39.650786],[53.413233,39.591963]]}},{"type":"Feature","properties":{"average_dip":"(40.0,40.0,40.0)","average_rake":"(90,80.0,100.0)","catalog_id":"ME_AZ6","catalog_name":"EMME","epistemic_quality":"1","lower_seis_depth":"(20.0,,)","net_slip_rate":"(0.6,0.5,0.6)","slip_type":"Reverse","upper_seis_depth":"(3.0,,)"},"geometry":{"type":"LineString","coordinates":[[47.065567,41.472656],[47.143633,41.424339],[47.268276,41.344922],[47.426555,41.278277],[47.570951,41.211633],[47.707016,41.15332],[47.974475,41.071849],[48.150619,41.013425],[48.431948,40.944772],[48.733618,40.872497],[48.893881,40.797079],[49.013292,40.740516],[49.113187,40.694837],[49.173736,40.662577],[49.328708,40.632381],[49.496537,40.602145],[49.619873,40.562651],[49.729731,40.542513],[50.053034,40.513722],[50.177747,40.503192],[50.324119,40.45713],[50.732609,40.281025],[50.980504,40.196993],[51.333438,40.066744],[51.564526,39.97851],[51.808218,39.89868],[52.148549,39.785237],[52.455265,39.6886],[52.837611,39.541544]]}},{"type":"Feature","properties":{"average_dip":"(60.0,60.0,60.0)","average_rake":"(90,80.0,100.0)","catalog_id":"ME_AZ9","catalog_name":"EMME","epistemic_quality":"1","lower_seis_depth":"(20.0,,)","net_slip_rate":"(1.1,0.25,2.0)","slip_type":"Reverse","upper_seis_depth":"(3.0,,)"},"geometry":{"type":"LineString","coordinates":[[46.268978,41.597438],[46.505657,41.47191],[46.727196,41.41299],[46.883936,41.235541],[47.177345,41.031188],[47.462937,40.930445],[47.829695,40.88018],[48.089586,40.790706]]}},{"type":"Feature","properties":{"average_dip":"(60.0,50.0,70.0)","average_rake":"(95,80.0,110.0)","catalog_id":"ME_AZ5s1","catalog_name":"EMME","epistemic_quality":"1","lower_seis_depth":"(20.0,,)","net_slip_rate":"(0.4,0.39,0.47)","slip_type":"Reverse","upper_seis_depth":"(3.0,,)"},"geometry":{"type":"LineString","coordinates":[[45.65103,42.299234],[45.773974,42.249524],[45.966059,42.182066],[46.190372,42.107476],[46.336928,42.064332],[46.448066,41.995451],[46.572524,41.917322],[46.82795,41.805285],[47.051979,41.650628]]}},{"type":"Feature","properties":{"average_dip":"(40.0,40.0,40.0)","average_rake":"(95,80.0,110.0)","catalog_id":"ME_AZ6s1","catalog_name":"EMME","epistemic_quality":"1","lower_seis_depth":"(20.0,,)","net_slip_rate":"(0.6,0.5,0.6)","slip_type":"Reverse","upper_seis_depth":"(3.0,,)"},"geometry":{"type":"LineString","coordinates":[[45.602831,42.216941],[45.72274,42.179532],[45.83371,42.14334],[45.965676,42.098193],[46.10394,42.044473],[46.272333,41.976265],[46.451886,41.897512],[46.635157,41.794769],[46.771222,41.714241],[46.810098,41.694803],[46.882295,41.642043],[46.99797,41.530187],[47.065567,41.472656]]}},{"type":"Feature","properties":{"average_dip":"(60.0,30.0,90.0)","average_rake":"(120,105.0,135.0)","catalog_id":"ME_IR73","catalog_name":"EMME","epistemic_quality":"1","lower_seis_depth":"(20.0,,)","net_slip_rate":"(1.0,0.5,1.5)","slip_type":"Dextral-Reverse","upper_seis_depth":"(1.0,,)"},"geometry":{"type":"LineString","coordinates":[[50.971058,36.299131],[51.004466,36.287995],[51.052721,36.273147],[51.089183,36.252817],[51.149528,36.219292],[51.194228,36.208118],[51.252337,36.188003],[51.297711,36.178492],[51.336687,36.161788],[51.46475,36.141372],[51.834091,36.13766]]}},{"type":"Feature","properties":{"average_dip":"(41.5,30.0,53.0)","average_rake":"(60,45.0,75.0)","catalog_id":"ME_IR106","catalog_name":"EMME","lower_seis_depth":"(20.0,,)","net_slip_rate":"(1.4,1.0,1.88)","slip_type":"Sinistral-Reverse","upper_seis_depth":"(1.0,,)"},"geometry":{"type":"LineString","coordinates":[[50.285266,36.354511],[50.239571,36.348551],[50.197849,36.350538],[50.158115,36.340604],[50.116027,36.342517],[49.981295,36.370405],[49.931627,36.378352],[49.885932,36.394246],[49.83825,36.400206],[49.782622,36.402193],[49.7409,36.39822],[49.699179,36.398219],[49.651497,36.412127],[49.595869,36.408153]]}},{"type":"Feature","properties":{"average_dip":"(50.0,30.0,70.0)","average_rake":"(60,45.0,75.0)","catalog_id":"ME_IR108","catalog_name":"EMME","epistemic_quality":"1","lower_seis_depth":"(20.0,,)","net_slip_rate":"(1.2,1.0,1.37)","slip_type":"Sinistral-Reverse","upper_seis_depth":"(1.0,,)"},"geometry":{"type":"LineString","coordinates":[[51.756435,35.808909],[51.717103,35.808196],[51.653149,35.814839],[51.559067,35.818813],[51.422889,35.820607],[51.311241,35.797736],[51.26693,35.786707],[51.232761,35.77546],[51.199352,35.771372],[51.18022,35.765014],[51.133182,35.755733],[51.110388,35.750194]]}},{"type":"Feature","properties":{"average_dip":"(45.0,45.0,45.0)","average_rake":"(5,0.0,10.0)","catalog_id":"ME_IR59","catalog_name":"EMME","lower_seis_depth":"(20.0,,)","net_slip_rate":"(1.0,0.5,1.5)","slip_type":"Sinistral","upper_seis_depth":"(1.0,,)"},"geometry":{"type":"LineString","coordinates":[[50.228203,35.776053],[50.326265,35.746815],[50.34215,35.747992],[50.402161,35.774467],[50.428222,35.776042],[50.48632,35.76081],[50.52392,35.763858],[50.558472,35.777069],[50.63672,35.778085],[50.677368,35.786215],[50.786103,35.767923],[50.815573,35.746583],[50.853173,35.736421],[50.889757,35.745566]]}},{"type":"Feature","properties":{"average_dip":"(45.0,45.0,45.0)","average_rake":"(90,80.0,100.0)","catalog_id":"ME_IR132","catalog_name":"EMME","lower_seis_depth":"(20.0,,)","net_slip_rate":"(1.0,0.5,1.5)","slip_type":"Reverse","upper_seis_depth":"(0.0,,)"},"geometry":{"type":"LineString","coordinates":[[51.085668,35.159997],[51.151562,35.131095],[51.230621,35.11776],[51.312862,35.111743],[51.394862,35.107675],[51.469319,35.09369],[51.547548,35.045549],[51.597695,35.021479],[51.641824,34.997408],[51.69197,34.97735],[51.744123,34.953279],[51.790322,34.935969],[51.846422,34.911156]]}},{"type":"Feature","properties":{"average_dip":"(60.0,60.0,60.0)","average_rake":"(90,80.0,100.0)","catalog_id":"ME_IR118","catalog_name":"EMME","lower_seis_depth":"(20.0,,)","net_slip_rate":"(1.0,0.5,1.5)","slip_type":"Reverse","upper_seis_depth":"(0.0,,)"},"geometry":{"type":"LineString","coordinates":[[50.83475,35.534946],[50.868332,35.49749],[50.914829,35.47295],[50.954869,35.454867],[51.001366,35.431619],[51.037593,35.410382],[51.038822,35.409662],[51.062853,35.364129],[51.063362,35.363164],[51.115026,35.352831],[51.149887,35.338456],[51.20069,35.315757],[51.266627,35.299543],[51.327159,35.276844],[51.368234,35.245497],[51.401514,35.19504],[51.401742,35.194693],[51.453627,35.157942],[51.489589,35.139718],[51.53092,35.111303]]}},{"type":"Feature","properties":{"average_dip":"(45.0,45.0,45.0)","average_rake":"(90,80.0,100.0)","catalog_id":"ME_IR63","catalog_name":"EMME","lower_seis_depth":"(20.0,,)","net_slip_rate":"(1.0,0.5,1.5)","slip_type":"Reverse","upper_seis_depth":"(0.0,,)"},"geometry":{"type":"LineString","coordinates":[[51.894282,35.220305],[51.92524,35.22112],[51.959272,35.214884],[51.983183,35.208789],[51.997784,35.195628],[52.031162,35.176372],[52.06454,35.16225],[52.104336,35.166102],[52.181361,35.18279],[52.201891,35.207487],[52.221158,35.234141],[52.246833,35.261099],[52.289196,35.264951],[52.327709,35.259816],[52.370073,35.262383],[52.396072,35.28019],[52.427362,35.288472],[52.479192,35.28164],[52.517705,35.279072],[52.557122,35.278349]]}},{"type":"Feature","properties":{"average_dip":"(62.5,45.0,80.0)","average_rake":"(90,80.0,100.0)","catalog_id":"ME_IR110","catalog_name":"EMME","epistemic_quality":"1","lower_seis_depth":"(20.0,,)","net_slip_rate":"(1.0,0.5,1.5)","slip_type":"Reverse","upper_seis_depth":"(0.0,,)"},"geometry":{"type":"LineString","coordinates":[[52.011056,35.100337],[51.962584,35.112056],[51.92479,35.137525],[51.88371,35.158065],[51.860705,35.172854],[51.85446,35.185983],[51.838196,35.195103],[51.817639,35.200365],[51.804959,35.219795],[51.792911,35.249114],[51.792512,35.250085],[51.763756,35.276376],[51.729249,35.30431]]}},{"type":"Feature","properties":{"average_dip":"(45.0,45.0,45.0)","average_rake":"(150,135.0,165.0)","catalog_id":"ME_IR86","catalog_name":"EMME","lower_seis_depth":"(20.0,,)","net_slip_rate":"(1.2,0.5,2.0)","slip_type":"Dextral-Reverse","upper_seis_depth":"(1.0,,)"},"geometry":{"type":"LineString","coordinates":[[51.046812,34.845978],[50.930405,34.863494],[50.713952,34.974261],[50.457867,35.172423],[50.166214,35.233396],[49.92613,35.250396],[49.71908,35.334001],[49.641848,35.338065],[49.5636,35.386844],[49.484067,35.475411]]}},{"type":"Feature","properties":{"average_dip":"(45.0,45.0,45.0)","average_rake":"(90,80.0,100.0)","catalog_id":"ME_IR60","catalog_name":"EMME","lower_seis_depth":"(20.0,,)","net_slip_rate":"(0.6,0.1,1.0)","slip_type":"Reverse","upper_seis_depth":"(1.0,,)"},"geometry":{"type":"LineString","coordinates":[[51.528015,35.617122],[51.561353,35.59238],[51.628002,35.550977],[51.692918,35.542411],[51.702871,35.538084],[51.732373,35.510461],[51.815354,35.475644],[51.858369,35.431558],[52.000813,35.3796],[52.237213,35.327642]]}},{"type":"Feature","properties":{"average_dip":"(85.0,80.0,90.0)","average_rake":"(0,170.0,-170.0)","catalog_id":"ME_IR39","catalog_name":"EMME","lower_seis_depth":"(20.0,,)","net_slip_rate":"(1.2,0.5,2.0)","slip_type":"Dextral","upper_seis_depth":"(1.0,,)"},"geometry":{"type":"LineString","coordinates":[[49.878129,36.811989],[50.138926,36.777095],[50.361644,36.684296],[50.487851,36.619336],[50.623338,36.569225],[50.846658,36.504147],[50.948481,36.427187]]}},{"type":"Feature","properties":{"average_dip":"(50.0,50.0,50.0)","average_rake":"(90,80.0,100.0)","catalog_id":"ME_IR117","catalog_name":"EMME","epistemic_quality":"1","lower_seis_depth":"(20.0,,)","net_slip_rate":"(1.3,1.0,1.55)","slip_type":"Reverse","upper_seis_depth":"(0.0,,)"},"geometry":{"type":"LineString","coordinates":[[55.419355,36.875059],[55.457144,36.91581],[55.494225,36.952891],[55.537486,36.987912],[55.588988,37.018813],[55.757913,37.074434],[55.809414,37.105335],[55.863548,37.127744],[55.918186,37.140753],[55.974219,37.144476],[56.024859,37.162868],[56.078196,37.181081],[56.126329,37.196692],[56.178365,37.214904],[56.237906,37.233059],[56.293528,37.249539],[56.345029,37.26602],[56.396531,37.27838],[56.448032,37.28868],[56.501594,37.305161],[56.54912,37.321578],[56.604061,37.342868],[56.650073,37.356501],[56.696162,37.364447],[56.699492,37.365021],[56.759136,37.358205],[56.807998,37.3541],[56.857432,37.3541],[56.89776,37.350197],[56.943292,37.347595],[56.983712,37.338573]]}},{"type":"Feature","properties":{"average_dip":"(80.0,80.0,80.0)","average_rake":"(7,0.0,15.0)","catalog_id":"ME_IR22","catalog_name":"EMME","epistemic_quality":"2","lower_seis_depth":"(20.0,,)","net_slip_rate":"(1.0,0.5,1.5)","slip_type":"Sinistral","upper_seis_depth":"(0.0,,)"},"geometry":{"type":"LineString","coordinates":[[54.028429,35.178215],[54.119072,35.209115],[54.40542,35.242077],[54.685588,35.332719],[54.75357,35.340959],[54.85993,35.415675],[55.11614,35.538725],[55.344807,35.571686]]}},{"type":"Feature","properties":{"average_dip":"(75.0,75.0,75.0)","average_rake":"(160,150.0,170.0)","catalog_id":"ME_IR102","catalog_name":"EMME","lower_seis_depth":"(20.0,,)","net_slip_rate":"(1.8,0.5,3.0)","slip_type":"Dextral","upper_seis_depth":"(0.0,,)"},"geometry":{"type":"LineString","coordinates":[[56.010054,32.523086],[55.952668,32.726659],[56.23529,33.425038],[56.709731,34.163533],[57.398773,34.784715],[57.945619,34.965093]]}},{"type":"Feature","properties":{"average_dip":"(75.0,70.0,80.0)","average_rake":"(160,150.0,170.0)","catalog_id":"ME_IR8s2","catalog_name":"EMME","epistemic_quality":"2","lower_seis_depth":"(20.0,,)","net_slip_rate":"(1.0,1.0,1.0)","slip_type":"Dextral","upper_seis_depth":"(3.0,,)"},"geometry":{"type":"LineString","coordinates":[[55.863697,32.008692],[55.901531,31.974841],[55.988993,31.849453],[56.024931,31.811257],[56.100578,31.68197],[56.148717,31.581566],[56.22849,31.500417],[56.267001,31.424771],[56.282131,31.316114],[56.320229,31.240055],[56.343611,31.215297]]}},{"type":"Feature","properties":{"average_dip":"(70.0,70.0,70.0)","average_rake":"(110,100.0,120.0)","catalog_id":"ME_IR8s1","catalog_name":"EMME","epistemic_quality":"2","lower_seis_depth":"(20.0,,)","net_slip_rate":"(1.0,1.0,1.0)","slip_type":"Reverse","upper_seis_depth":"(3.0,,)"},"geometry":{"type":"LineString","coordinates":[[56.350654,31.218171],[56.706891,30.774166],[56.891968,30.673835]]}},{"type":"Feature","properties":{"average_dip":"(70.0,70.0,70.0)","average_rake":"(110,100.0,120.0)","catalog_id":"ME_IR101s1","catalog_name":"EMME","epistemic_quality":"2","lower_seis_depth":"(20.0,,)","net_slip_rate":"(2.0,0.5,3.5)","slip_type":"Reverse","upper_seis_depth":"(0.0,,)"},"geometry":{"type":"LineString","coordinates":[[49.574327,33.140883],[49.61128,33.101411],[49.665868,33.0611],[49.687703,33.007351],[49.734734,32.984676],[49.780542,32.957078],[49.813503,32.922057],[49.85289,32.881854],[49.889725,32.854076],[49.928866,32.825235],[49.968007,32.798454],[50.009209,32.771673],[50.05247,32.742832],[50.085431,32.718112],[50.101911,32.678971],[50.138992,32.65837],[50.165773,32.621289],[50.202854,32.592448],[50.241995,32.565667],[50.283196,32.540947],[50.312037,32.505926],[50.334698,32.468845],[50.357359,32.435884],[50.386199,32.404983],[50.42534,32.380262],[50.462422,32.355541],[50.503623,32.328761],[50.540704,32.3061],[50.583965,32.269019],[50.631346,32.252538],[50.676668,32.227818],[50.711689,32.201037],[50.738469,32.176316],[50.77555,32.145415],[50.810571,32.118635],[50.851773,32.091854],[50.888854,32.069193],[50.927995,32.054773],[50.973316,32.034172],[51.014517,32.015632],[51.057779,31.986791],[51.09898,31.96207],[51.132199,31.929019],[51.169151,31.903824],[51.197863,31.877608],[51.228763,31.850827],[51.255544,31.817866],[51.277488,31.789608],[51.31612,31.757695],[51.359791,31.73418],[51.405981,31.708985],[51.451332,31.682111],[51.495002,31.660275],[51.541193,31.63676],[51.570586,31.609886],[51.593262,31.58889],[51.626015,31.563696],[51.666326,31.533462],[51.704118,31.509107],[51.74191,31.472995],[51.781382,31.444441],[51.813295,31.420086],[51.855286,31.391532],[51.895598,31.361298],[51.935909,31.336104],[51.973701,31.312589],[52.021571,31.284874],[52.060203,31.262199],[52.113112,31.232805],[52.141666,31.204251],[52.176099,31.174858],[52.208852,31.144624],[52.245804,31.112711],[52.283514,31.078305],[52.316474,31.043284],[52.353556,31.006203],[52.386516,30.973242],[52.423598,30.938221],[52.470979,30.90114],[52.51012,30.872299],[52.546461,30.848167],[52.590971,30.812054],[52.633724,30.777536],[52.722306,30.726035],[52.936559,30.705646],[53.078068,30.696998],[53.346504,30.452047],[53.744095,30.264582],[53.834738,30.175999],[53.989246,30.104083],[54.168769,29.974984]]}},{"type":"Feature","properties":{"average_dip":"(70.0,70.0,70.0)","average_rake":"(110,100.0,120.0)","catalog_id":"ME_IR101s2","catalog_name":"EMME","epistemic_quality":"2","lower_seis_depth":"(20.0,,)","net_slip_rate":"(1.5,1.0,2.0)","slip_type":"Reverse","upper_seis_depth":"(0.0,,)"},"geometry":{"type":"LineString","coordinates":[[54.111304,29.85763],[54.123665,29.816428],[54.117485,29.773167],[54.140145,29.729906],[54.168986,29.694885],[54.179286,29.651624],[54.191647,29.608362],[54.226668,29.575401],[54.239028,29.53008],[54.236968,29.484759],[54.259629,29.443558],[54.286409,29.402357],[54.31731,29.367335],[54.339971,29.332314],[54.370872,29.291113],[54.399713,29.254032],[54.428553,29.219011],[54.463574,29.18605],[54.550097,29.153089],[54.603658,29.148969],[54.6428,29.130429],[54.696077,29.101191],[54.72996,29.059608],[54.759221,29.019566],[54.788483,28.993384],[54.836226,28.959502],[54.877809,28.93486],[54.935865,28.890276],[54.983342,28.852294],[55.023223,28.801018],[55.013728,28.753541],[55.027021,28.721256],[55.047911,28.696568],[55.074499,28.683274],[55.089692,28.67188],[55.131472,28.645292],[55.159958,28.60731],[55.186546,28.578824]]}},{"type":"Feature","properties":{"average_dip":"(65.0,60.0,70.0)","average_rake":"(90,80.0,100.0)","catalog_id":"ME_IR33","catalog_name":"EMME","lower_seis_depth":"(20.0,,)","net_slip_rate":"(1.0,1.0,1.0)","slip_type":"Reverse","upper_seis_depth":"(0.0,,)"},"geometry":{"type":"LineString","coordinates":[[61.274487,27.115957],[61.33113,27.10281],[61.392399,27.068272],[61.43154,26.98175],[61.472741,26.950849],[61.509871,26.897386],[61.645335,26.890697],[61.686987,26.870507],[61.71892,26.835508],[61.769389,26.806645],[61.849367,26.721785],[61.896194,26.716768],[61.998056,26.724243],[62.045037,26.715095],[62.130329,26.711751],[62.18719,26.716768],[62.297568,26.713423],[62.34105,26.71844],[62.384532,26.711751],[62.434704,26.713423],[62.66215,26.755233],[62.707304,26.755233],[62.817682,26.765267],[63.028872,26.761441],[63.087827,26.769564],[63.198412,26.762297]]}},{"type":"Feature","properties":{"average_dip":"(52.5,45.0,60.0)","average_rake":"(90,80.0,100.0)","catalog_id":"ME_IR64","catalog_name":"EMME","epistemic_quality":"2","lower_seis_depth":"(20.0,,)","net_slip_rate":"(1.0,1.0,1.0)","slip_type":"Reverse","upper_seis_depth":"(0.0,,)"},"geometry":{"type":"LineString","coordinates":[[60.10936,26.449433],[60.142832,26.408174],[60.17511,26.380992],[60.21928,26.358907],[60.24816,26.338521],[60.285535,26.32493],[60.325461,26.314094],[60.364839,26.299875],[60.406403,26.29003],[60.445227,26.275664],[60.489397,26.275664],[60.535265,26.265471],[60.579435,26.263772],[60.61681,26.263772],[60.662679,26.272266],[60.70515,26.275664],[60.747621,26.262073],[60.795189,26.25188],[60.835961,26.243386],[60.873336,26.245085],[60.914108,26.23659],[60.951483,26.234892],[60.992255,26.239988],[61.02963,26.23659],[61.073799,26.231494],[61.107776,26.239988],[61.145151,26.241687],[61.192719,26.241687],[61.233491,26.241687],[61.274263,26.234891],[61.311638,26.241687],[61.35241,26.255278],[61.388086,26.25188],[61.439051,26.250181],[61.486619,26.243386],[61.52909,26.246783],[61.571561,26.239988],[61.607237,26.246783],[61.653106,26.239988],[61.698975,26.238289],[61.741446,26.23659],[61.782218,26.233193],[61.814496,26.233193],[61.851871,26.23659],[61.894342,26.239988]]}},{"type":"Feature","properties":{"average_dip":"(52.5,45.0,60.0)","average_rake":"(90,80.0,100.0)","catalog_id":"ME_IR35","catalog_name":"EMME","epistemic_quality":"2","lower_seis_depth":"(20.0,,)","net_slip_rate":"(0.8,0.5,1.0)","slip_type":"Reverse","upper_seis_depth":"(0.0,,)"},"geometry":{"type":"LineString","coordinates":[[55.242916,33.675143],[55.193134,33.665187],[55.123439,33.627352],[55.087596,33.603457],[55.019893,33.54571],[54.842669,33.442164],[54.629602,33.360521],[54.535925,33.332398],[54.492204,33.326669],[54.402597,33.302774],[54.36078,33.278879],[54.001712,33.212695],[53.886885,33.184492],[53.794217,33.15226],[53.723709,33.118013]]}},{"type":"Feature","properties":{"average_dip":"(62.5,50.0,75.0)","average_rake":"(120,105.0,135.0)","catalog_id":"ME_IR94","catalog_name":"EMME","lower_seis_depth":"(20.0,,)","net_slip_rate":"(1.3,1.09,1.5)","slip_type":"Dextral-Reverse","upper_seis_depth":"(0.0,,)"},"geometry":{"type":"LineString","coordinates":[[48.530665,37.867118],[48.420974,37.568474],[48.425777,37.46152],[48.449453,37.375891],[48.476201,37.277157],[48.567433,37.185062],[48.690922,37.109799],[48.863656,37.010381]]}},{"type":"Feature","properties":{"average_dip":"(62.5,50.0,75.0)","average_rake":"(110,100.0,120.0)","catalog_id":"ME_IR143","catalog_name":"EMME","epistemic_quality":"3","lower_seis_depth":"(20.0,,)","net_slip_rate":"(1.2,0.85,1.5)","slip_type":"Reverse","upper_seis_depth":"(1.0,,)"},"geometry":{"type":"LineString","coordinates":[[48.449339,36.735098],[48.655212,36.66717],[48.780045,36.614652],[48.839742,36.573026],[49.039833,36.401755],[49.396197,36.203328],[49.571558,36.064262]]}},{"type":"Feature","properties":{"average_dip":"(70.0,70.0,70.0)","average_rake":"(120,105.0,135.0)","catalog_id":"ME_IR133","catalog_name":"EMME","lower_seis_depth":"(20.0,,)","net_slip_rate":"(1.4,0.85,2.0)","slip_type":"Dextral-Reverse","upper_seis_depth":"(1.0,,)"},"geometry":{"type":"LineString","coordinates":[[47.933883,36.901221],[48.003008,36.76781],[48.129016,36.644161],[48.231206,36.618122],[48.290597,36.60513],[48.420516,36.529035],[48.453924,36.521611],[48.511459,36.482635],[48.656226,36.458507],[48.730546,36.390953],[48.803051,36.365529],[48.975456,36.269197],[49.047839,36.209805],[49.064543,36.176397],[49.137894,36.120275],[49.233223,36.0172],[49.396599,35.880204]]}},{"type":"Feature","properties":{"average_dip":"(85.0,85.0,85.0)","average_rake":"(180,180.0,180.0)","catalog_id":"ME_AM1000","catalog_name":"EMME","epistemic_quality":"2","lower_seis_depth":"(20.0,,)","net_slip_rate":"(0.8,0.5,1.0)","slip_type":"Dextral","upper_seis_depth":"(0.0,,)"},"geometry":{"type":"LineString","coordinates":[[44.657041,39.822048],[44.602935,39.885101],[44.519324,39.956665],[44.44841,40.02817],[44.397987,40.053525],[44.289165,40.137767],[44.246964,40.146338],[44.12925,40.201314]]}},{"type":"Feature","properties":{"average_dip":"(50.0,50.0,50.0)","average_rake":"(60,45.0,75.0)","catalog_id":"ME_IR105s3","catalog_name":"EMME","lower_seis_depth":"(20.0,,)","net_slip_rate":"(1.2,0.5,2.0)","slip_type":"Sinistral-Reverse","upper_seis_depth":"(1.0,,)"},"geometry":{"type":"LineString","coordinates":[[50.076711,37.152121],[50.286589,37.02564],[50.596158,36.945536],[50.837518,36.751598],[51.332771,36.547783],[51.909683,36.362685],[52.338144,36.254107],[52.548401,36.207024]]}},{"type":"Feature","properties":{"average_dip":"(34.0,34.0,34.0)","average_rake":"(76,76.0,76.0)","catalog_id":"ME_IR82s1","catalog_name":"EMME","epistemic_quality":"2","lower_seis_depth":"(20.0,,)","net_slip_rate":"(1.5,0.5,2.5)","slip_type":"Reverse","upper_seis_depth":"(1.0,,)"},"geometry":{"type":"LineString","coordinates":[[52.549808,36.355195],[52.532161,36.369807],[52.505245,36.38055],[52.464976,36.390686],[52.427698,36.39529],[52.356385,36.402902],[52.307826,36.398175],[52.19625,36.44431],[52.138381,36.467135],[52.117823,36.468282],[52.096227,36.474525],[51.975284,36.509084],[51.924278,36.535009],[51.872364,36.54294],[51.822966,36.553582],[51.716806,36.5678],[51.679052,36.574565],[51.621781,36.592838],[51.589588,36.607108],[51.525119,36.616462],[51.476999,36.62088],[51.428658,36.630358],[51.397033,36.640052],[51.338898,36.658018],[51.305217,36.664146]]}},{"type":"Feature","properties":{"average_dip":"(45.0,45.0,45.0)","average_rake":"(90,80.0,100.0)","catalog_id":"ME_IR132A","catalog_name":"EMME","lower_seis_depth":"(20.0,,)","net_slip_rate":"(1.0,0.5,1.5)","slip_type":"Reverse","upper_seis_depth":"(0.0,,)"},"geometry":{"type":"LineString","coordinates":[[51.867461,34.894282],[51.922015,34.814761],[52.002617,34.761198],[52.040368,34.736031],[52.075322,34.71366],[52.115958,34.692744],[52.164026,34.673517],[52.16574,34.672832],[52.215522,34.662875],[52.269286,34.650928],[52.317077,34.634997],[52.366859,34.617076],[52.422614,34.611102],[52.472396,34.609111],[52.522427,34.606373]]}},{"type":"Feature","properties":{"average_dip":"(77.5,75.0,80.0)","average_rake":"(-150,-150.0,-150.0)","catalog_id":"ME_IR50a","catalog_name":"EMME","lower_seis_depth":"(20.0,,)","net_slip_rate":"(1.5,1.0,2.0)","slip_type":"Dextral-Normal","upper_seis_depth":"(0.0,,)"},"geometry":{"type":"LineString","coordinates":[[54.925521,29.245849],[54.812306,29.316376],[54.7309,29.447847],[54.54548,29.658554],[54.490865,29.791631],[54.409522,29.926554],[54.305632,30.109269],[54.273101,30.216356],[54.162475,30.380917],[54.0972,30.478017],[54.077379,30.513411]]}},{"type":"Feature","properties":{"average_dip":"(80.0,80.0,80.0)","average_rake":"(165,165.0,165.0)","catalog_id":"ME_SY2As3s3","catalog_name":"EMME","epistemic_quality":"2","lower_seis_depth":"(12.0,,)","net_slip_rate":"(0.8,0.5,1.0)","slip_type":"Dextral","upper_seis_depth":"(1.0,,)"},"geometry":{"type":"LineString","coordinates":[[38.590147,34.939949],[38.382141,34.865478],[37.85818,34.777288],[37.437922,34.656142]]}},{"type":"Feature","properties":{"average_dip":"(45.0,45.0,45.0)","average_rake":"(90,90.0,90.0)","catalog_id":"ME_IRCS001","catalog_name":"EMME","lower_seis_depth":"(20.0,,)","net_slip_rate":"(0.9,0.75,1.0)","slip_type":"Reverse","upper_seis_depth":"(0.0,,)"},"geometry":{"type":"LineString","coordinates":[[59.986723,32.619531],[59.977659,32.76607],[59.85491,32.916015],[59.759586,32.966338],[59.663898,32.996293],[59.557335,33.110605]]}},{"type":"Feature","properties":{"average_dip":"(60.0,60.0,60.0)","average_rake":"(113,113.0,113.0)","catalog_id":"ME_IRCS002","catalog_name":"EMME","lower_seis_depth":"(20.0,,)","net_slip_rate":"(0.9,0.75,1.0)","slip_type":"Dextral-Reverse","upper_seis_depth":"(0.0,,)"},"geometry":{"type":"LineString","coordinates":[[58.865507,33.280542],[58.852994,33.323769],[58.856407,33.365858],[58.884517,33.44676],[58.886639,33.504662]]}},{"type":"Feature","properties":{"average_dip":"(60.0,60.0,60.0)","average_rake":"(113,113.0,113.0)","catalog_id":"ME_IRCS003","catalog_name":"EMME","lower_seis_depth":"(20.0,,)","net_slip_rate":"(0.9,0.75,1.0)","slip_type":"Dextral-Reverse","upper_seis_depth":"(0.0,,)"},"geometry":{"type":"LineString","coordinates":[[58.86437,33.277129],[58.88257,33.243003],[58.907597,33.217977],[59.047515,33.090571],[59.223549,32.98558],[59.284125,32.973404]]}},{"type":"Feature","properties":{"average_dip":"(70.0,70.0,70.0)","average_rake":"(150,135.0,165.0)","catalog_id":"ME_IRCS004","catalog_name":"EMME","lower_seis_depth":"(20.0,,)","net_slip_rate":"(0.9,0.75,1.0)","slip_type":"Dextral-Reverse","upper_seis_depth":"(0.0,,)"},"geometry":{"type":"LineString","coordinates":[[58.716094,33.461414],[58.712967,33.556782],[58.700577,33.649771]]}},{"type":"Feature","properties":{"average_dip":"(86.0,84.0,88.0)","average_rake":"(173,169.0,178.0)","catalog_id":"ME_IRCS005","catalog_name":"EMME","lower_seis_depth":"(20.0,,)","net_slip_rate":"(1.4,0.75,2.0)","slip_type":"Dextral","upper_seis_depth":"(0.0,,)"},"geometry":{"type":"LineString","coordinates":[[59.820921,33.870763],[59.85212,33.828724],[59.941333,33.7062],[59.988802,33.564909],[60.101388,33.383875],[60.1522,33.328519],[60.187432,33.271699],[60.219167,33.191146],[60.244058,33.150649],[60.285009,32.933898],[60.474691,32.621889]]}},{"type":"Feature","properties":{"average_dip":"(49.0,49.0,49.0)","average_rake":"(90,80.0,100.0)","catalog_id":"ME_IRCS007","catalog_name":"EMME","epistemic_quality":"1","lower_seis_depth":"(20.0,,)","net_slip_rate":"(1.5,1.0,2.0)","slip_type":"Reverse","upper_seis_depth":"(1.0,,)"},"geometry":{"type":"LineString","coordinates":[[48.917136,35.763504],[49.148337,35.612887],[49.240836,35.536101],[49.312015,35.490685],[49.441904,35.439608]]}},{"type":"Feature","properties":{"average_dip":"(90.0,90.0,90.0)","average_rake":"(180,180.0,180.0)","catalog_id":"ME_IRCS008","catalog_name":"EMME","epistemic_quality":"1","lower_seis_depth":"(11.0,,)","net_slip_rate":"(1.5,1.0,2.0)","slip_type":"Dextral","upper_seis_depth":"(5.5,,)"},"geometry":{"type":"LineString","coordinates":[[49.614528,33.034105],[49.765286,32.824554],[49.93517,32.605537],[50.182012,32.39149],[50.419754,32.224013],[50.653085,32.021252],[50.892378,31.856014]]}},{"type":"Feature","properties":{"average_dip":"(70.0,70.0,70.0)","average_rake":"(-5,-5.0,-5.0)","catalog_id":"ME_IRCS009","catalog_name":"EMME","lower_seis_depth":"(20.0,,)","net_slip_rate":"(2.0,1.5,2.5)","slip_type":"Sinistral","upper_seis_depth":"(0.0,,)"},"geometry":{"type":"LineString","coordinates":[[54.618327,36.479832],[54.516647,36.489776],[54.339048,36.45247],[54.259964,36.419485],[54.168901,36.371213],[54.106245,36.294268]]}},{"type":"Feature","properties":{"average_dip":"(80.0,80.0,80.0)","average_rake":"(5,0.0,10.0)","catalog_id":"ME_IRCS010","catalog_name":"EMME","lower_seis_depth":"(20.0,,)","net_slip_rate":"(1.0,0.5,1.5)","slip_type":"Sinistral","upper_seis_depth":"(1.0,,)"},"geometry":{"type":"LineString","coordinates":[[52.950485,35.687371],[53.045996,35.690335],[53.182397,35.636641],[53.309824,35.671045],[53.371962,35.704911],[53.473928,35.729462],[53.549715,35.767286],[53.612763,35.782509],[53.690698,35.806592]]}},{"type":"Feature","properties":{"average_dip":"(45.0,45.0,45.0)","average_rake":"(90,90.0,90.0)","catalog_id":"ME_IRCS011","catalog_name":"EMME","lower_seis_depth":"(20.0,,)","net_slip_rate":"(0.6,0.1,1.0)","slip_type":"Reverse","upper_seis_depth":"(0.0,,)"},"geometry":{"type":"LineString","coordinates":[[58.067459,35.801195],[58.397579,35.740227],[58.464495,35.700077],[58.608737,35.680746],[58.729879,35.624584],[58.799906,35.615428],[58.904655,35.561784],[59.202061,35.512712]]}},{"type":"Feature","properties":{"average_dip":"(80.0,80.0,80.0)","average_rake":"(180,180.0,180.0)","catalog_id":"ME_IRCS012","catalog_name":"EMME","lower_seis_depth":"(20.0,,)","net_slip_rate":"(1.0,1.0,1.0)","slip_type":"Dextral","upper_seis_depth":"(0.0,,)"},"geometry":{"type":"LineString","coordinates":[[60.515988,28.079327],[60.596331,27.996924],[60.702997,27.904192],[60.798216,27.755898],[60.873963,27.649041],[61.019528,27.474104],[61.147252,27.259858],[61.270752,27.177524]]}},{"type":"Feature","properties":{"average_dip":"(45.0,30.0,60.0)","average_rake":"(90,60.0,120.0)","catalog_id":"ME_IRCS013","catalog_name":"EMME","epistemic_quality":"1","lower_seis_depth":"(20.0,,)","net_slip_rate":"(1.5,1.0,2.0)","slip_type":"Reverse","upper_seis_depth":"(5.0,,)"},"geometry":{"type":"LineString","coordinates":[[53.959444,27.916373],[54.192193,27.841813],[54.424796,27.7673]]}},{"type":"Feature","properties":{"average_dip":"(70.0,70.0,70.0)","average_rake":"(40,40.0,40.0)","catalog_id":"ME_IRCS014","catalog_name":"EMME","lower_seis_depth":"(20.0,,)","net_slip_rate":"(1.0,1.0,1.0)","slip_type":"Sinistral-Reverse","upper_seis_depth":"(0.0,,)"},"geometry":{"type":"LineString","coordinates":[[57.695278,35.332257],[57.778907,35.381225],[58.09382,35.485548],[58.296358,35.531323],[58.412653,35.508968],[58.523034,35.51008]]}},{"type":"Feature","properties":{"average_dip":"(70.0,70.0,70.0)","average_rake":"(150,135.0,165.0)","catalog_id":"ME_IRCS015","catalog_name":"EMME","lower_seis_depth":"(20.0,,)","net_slip_rate":"(0.8,0.69,1.0)","slip_type":"Dextral-Reverse","upper_seis_depth":"(0.0,,)"},"geometry":{"type":"LineString","coordinates":[[61.019279,27.869093],[61.167839,27.75302],[61.31488,27.566932],[61.476005,27.376989],[61.573946,27.217205],[61.63703,27.187164]]}},{"type":"Feature","properties":{"average_dip":"(80.0,80.0,80.0)","average_rake":"(5,0.0,10.0)","catalog_id":"ME_IRCS016","catalog_name":"EMME","lower_seis_depth":"(20.0,,)","net_slip_rate":"(2.0,1.0,3.0)","slip_type":"Sinistral","upper_seis_depth":"(0.0,,)"},"geometry":{"type":"LineString","coordinates":[[47.234902,37.693137],[47.51248,37.668153],[47.673513,37.687248],[47.78939,37.722172],[47.837801,37.745937],[47.863364,37.760613],[47.898041,37.79075],[47.914246,37.822935],[47.946958,37.864037]]}},{"type":"Feature","properties":{"average_dip":"(60.0,60.0,60.0)","average_rake":"(113,113.0,113.0)","catalog_id":"ME_IRCS017","catalog_name":"EMME","lower_seis_depth":"(20.0,,)","net_slip_rate":"(1.5,1.0,2.0)","slip_type":"Dextral-Reverse","upper_seis_depth":"(0.0,,)"},"geometry":{"type":"LineString","coordinates":[[52.390541,33.284971],[52.707659,33.26411],[53.002819,33.17581],[53.110041,33.020926],[53.175626,32.873859],[53.173733,32.731196]]}},{"type":"Feature","properties":{"average_dip":"(80.0,80.0,80.0)","average_rake":"(180,180.0,180.0)","catalog_id":"ME_IRCS018","catalog_name":"EMME","lower_seis_depth":"(20.0,,)","net_slip_rate":"(0.6,0.1,1.0)","slip_type":"Dextral","upper_seis_depth":"(0.0,,)"},"geometry":{"type":"LineString","coordinates":[[56.937233,30.574637],[57.036547,30.457313],[57.183227,30.392588]]}},{"type":"Feature","properties":{"average_dip":"(80.0,80.0,80.0)","average_rake":"(5,0.0,10.0)","catalog_id":"ME_IRCS019","catalog_name":"EMME","lower_seis_depth":"(20.0,,)","net_slip_rate":"(1.0,0.5,1.5)","slip_type":"Sinistral","upper_seis_depth":"(0.0,,)"},"geometry":{"type":"LineString","coordinates":[[53.613587,35.900985],[53.719134,35.995009],[53.87301,36.072292],[53.983443,36.149715],[54.142163,36.193466],[54.352965,36.239205],[54.749128,36.276548]]}},{"type":"Feature","properties":{"average_dip":"(70.0,70.0,70.0)","average_rake":"(150,135.0,165.0)","catalog_id":"ME_IRCS020","catalog_name":"EMME","lower_seis_depth":"(20.0,,)","net_slip_rate":"(0.6,0.1,1.0)","slip_type":"Dextral-Reverse","upper_seis_depth":"(3.0,,)"},"geometry":{"type":"LineString","coordinates":[[55.521107,31.390256],[55.602616,31.26053],[55.755121,31.071677],[56.049783,30.852849],[56.192287,30.714076],[56.270653,30.692503],[56.341378,30.61565],[56.449615,30.498036]]}},{"type":"Feature","properties":{"average_dip":"(60.0,60.0,60.0)","average_rake":"(-90,-90.0,-90.0)","catalog_id":"ME_IRCS021","catalog_name":"EMME","lower_seis_depth":"(20.0,,)","net_slip_rate":"(1.2,0.85,1.5)","slip_type":"Normal","upper_seis_depth":"(0.0,,)"},"geometry":{"type":"LineString","coordinates":[[46.634741,38.877926],[46.728992,39.02714],[46.942073,39.134235],[47.152045,39.254983],[47.387043,39.315371],[47.7268416841123,39.32448615887702],[47.924115789719245,39.312580474764715],[48.21656484225077,39.22236498338779],[48.55121697294986,39.03420101330641]]}},{"type":"Feature","properties":{"average_dip":"(60.0,60.0,60.0)","average_rake":"(49,49.0,49.0)","catalog_id":"ME_IRCS023","catalog_name":"EMME","lower_seis_depth":"(20.0,,)","net_slip_rate":"(0.8,0.66,1.0)","slip_type":"Sinistral-Reverse","upper_seis_depth":"(1.0,,)"},"geometry":{"type":"LineString","coordinates":[[58.541201,35.132948],[58.602201,35.123995],[58.690245,35.129382],[58.794438,35.109646],[58.97113,35.118143],[59.110195,35.131792]]}},{"type":"Feature","properties":{"average_dip":"(70.0,70.0,70.0)","average_rake":"(170,170.0,170.0)","catalog_id":"ME_IRCS025","catalog_name":"EMME","lower_seis_depth":"(20.0,,)","net_slip_rate":"(1.5,0.5,2.5)","slip_type":"Dextral","upper_seis_depth":"(0.0,,)"},"geometry":{"type":"LineString","coordinates":[[57.167092,34.23512],[57.167364,34.009666],[57.225618,33.854239],[57.30739,33.69049],[57.356434,33.592042],[57.37512,33.497445],[57.432544,33.32653],[57.474388,33.159934],[57.452198,33.086359]]}},{"type":"Feature","properties":{"average_dip":"(70.0,70.0,70.0)","average_rake":"(150,135.0,165.0)","catalog_id":"ME_IRCS026","catalog_name":"EMME","lower_seis_depth":"(20.0,,)","net_slip_rate":"(1.5,1.0,2.0)","slip_type":"Dextral-Reverse","upper_seis_depth":"(3.0,,)"},"geometry":{"type":"LineString","coordinates":[[56.85486,37.251537],[56.912605,37.206595],[57.021466,37.157407],[57.137767,37.16992],[57.294651,37.155656],[57.319066,37.153436],[57.44935,37.114657],[57.576012,37.036048],[57.734604,36.938074],[57.842329,36.919542],[57.934567,36.878349]]}},{"type":"Feature","properties":{"average_dip":"(80.0,80.0,80.0)","average_rake":"(180,180.0,180.0)","catalog_id":"ME_IRCS027","catalog_name":"EMME","lower_seis_depth":"(20.0,,)","net_slip_rate":"(1.0,1.0,1.0)","slip_type":"Dextral","upper_seis_depth":"(3.0,,)"},"geometry":{"type":"LineString","coordinates":[[55.94142,32.190356],[56.072756,31.920375],[56.259967,31.706542]]}},{"type":"Feature","properties":{"average_dip":"(45.0,45.0,45.0)","average_rake":"(90,90.0,90.0)","catalog_id":"ME_IRCS028","catalog_name":"EMME","lower_seis_depth":"(20.0,,)","net_slip_rate":"(0.6,0.1,1.0)","slip_type":"Reverse","upper_seis_depth":"(0.0,,)"},"geometry":{"type":"LineString","coordinates":[[59.034355,35.093988],[59.152879,34.917772],[59.246509,34.856846],[59.456363,34.772955],[59.693016,34.621815],[59.802771,34.527392]]}},{"type":"Feature","properties":{"average_dip":"(70.0,70.0,70.0)","average_rake":"(152,152.0,152.0)","catalog_id":"ME_IRCS029","catalog_name":"EMME","lower_seis_depth":"(20.0,,)","net_slip_rate":"(1.1,1.0,1.1)","slip_type":"Dextral-Reverse","upper_seis_depth":"(3.0,,)"},"geometry":{"type":"LineString","coordinates":[[58.561606,37.062374],[58.772357,36.946952],[59.198917,36.728557],[59.278281,36.641199],[59.629221,36.426926],[59.883033,36.252888],[60.055133,36.052911],[60.244403,35.918643],[60.567167,35.75288]]}},{"type":"Feature","properties":{"average_dip":"(80.0,80.0,80.0)","average_rake":"(180,180.0,180.0)","catalog_id":"ME_IRCS030","catalog_name":"EMME","lower_seis_depth":"(20.0,,)","net_slip_rate":"(0.3,0.1,0.5)","slip_type":"Dextral","upper_seis_depth":"(1.0,,)"},"geometry":{"type":"LineString","coordinates":[[57.881952,35.091653],[58.09722,35.14798],[58.23289,35.191024],[58.396968,35.188082],[58.447913,35.194837],[58.509873,35.181327],[58.697129,35.218478],[58.742274,35.208904],[58.776989,35.200466],[58.833441,35.198214],[58.866487,35.180201],[58.994574,35.159934],[59.118607,35.167336]]}},{"type":"Feature","properties":{"average_dip":"(70.0,70.0,70.0)","average_rake":"(150,135.0,165.0)","catalog_id":"ME_IRCS031","catalog_name":"EMME","lower_seis_depth":"(20.0,,)","net_slip_rate":"(1.0,1.0,1.0)","slip_type":"Dextral-Reverse","upper_seis_depth":"(0.0,,)"},"geometry":{"type":"LineString","coordinates":[[60.276436,28.233366],[60.298031,28.138194],[60.377666,27.88276],[60.362936,27.660151],[60.40875,27.491761],[60.370745,27.434989],[60.347057,27.321847]]}},{"type":"Feature","properties":{"average_dip":"(45.0,45.0,45.0)","average_rake":"(90,80.0,100.0)","catalog_id":"ME_IRCS032","catalog_name":"EMME","lower_seis_depth":"(20.0,,)","net_slip_rate":"(1.0,1.0,1.0)","slip_type":"Reverse","upper_seis_depth":"(0.0,,)"},"geometry":{"type":"LineString","coordinates":[[61.850595,27.03025],[62.114123,27.020848],[62.466479,26.948344],[62.712481,26.952464],[62.985714,26.934096],[63.424124,27.009394],[63.735503,27.031231]]}},{"type":"Feature","properties":{"average_dip":"(45.0,45.0,45.0)","average_rake":"(90,90.0,90.0)","catalog_id":"ME_IRCS033","catalog_name":"EMME","lower_seis_depth":"(20.0,,)","net_slip_rate":"(1.0,1.0,1.0)","slip_type":"Reverse","upper_seis_depth":"(0.0,,)"},"geometry":{"type":"LineString","coordinates":[[59.510322,34.86938],[59.649433,34.776122],[59.78609,34.727222],[59.886661,34.610247],[59.903622,34.540637],[60.007421,34.459287]]}},{"type":"Feature","properties":{"average_dip":"(45.0,45.0,45.0)","average_rake":"(90,90.0,90.0)","catalog_id":"ME_IRCS34s4","catalog_name":"EMME","lower_seis_depth":"(20.0,,)","net_slip_rate":"(1.0,1.0,1.0)","slip_type":"Reverse","upper_seis_depth":"(1.0,,)"},"geometry":{"type":"LineString","coordinates":[[58.606794,26.535828],[58.856041,26.390144],[59.279289,26.284188],[59.79951,26.209499],[60.183164,26.128934]]}},{"type":"Feature","properties":{"average_dip":"(45.0,45.0,45.0)","average_rake":"(90,90.0,90.0)","catalog_id":"ME_IRCS035","catalog_name":"EMME","lower_seis_depth":"(20.0,,)","net_slip_rate":"(1.0,0.5,1.5)","slip_type":"Reverse","upper_seis_depth":"(1.0,,)"},"geometry":{"type":"LineString","coordinates":[[52.588354,35.015238],[52.825515,35.031153],[52.897921,35.035928],[52.973689,35.023503],[53.034305,35.068234],[53.040369,35.207396],[53.143413,35.242186],[53.428383,35.280195]]}},{"type":"Feature","properties":{"average_dip":"(45.0,45.0,45.0)","average_rake":"(90,90.0,90.0)","catalog_id":"ME_IRCS036","catalog_name":"EMME","lower_seis_depth":"(20.0,,)","net_slip_rate":"(1.0,0.5,1.5)","slip_type":"Reverse","upper_seis_depth":"(1.0,,)"},"geometry":{"type":"LineString","coordinates":[[52.870133,34.913459],[53.073705,34.871916],[53.261613,34.961378],[53.479829,35.030958],[53.580574,34.992517]]}},{"type":"Feature","properties":{"average_dip":"(70.0,70.0,70.0)","average_rake":"(150,135.0,165.0)","catalog_id":"ME_IRCS037","catalog_name":"EMME","lower_seis_depth":"(20.0,,)","net_slip_rate":"(1.2,0.5,2.0)","slip_type":"Dextral-Reverse","upper_seis_depth":"(1.0,,)"},"geometry":{"type":"LineString","coordinates":[[49.103057,35.768256],[49.254971,35.712334],[49.322364,35.648567],[49.47355,35.506711]]}},{"type":"Feature","properties":{"average_dip":"(45.0,45.0,45.0)","average_rake":"(90,90.0,90.0)","catalog_id":"ME_IRCS038","catalog_name":"EMME","epistemic_quality":"2","lower_seis_depth":"(20.0,,)","net_slip_rate":"(0.6,0.1,1.0)","slip_type":"Reverse","upper_seis_depth":"(0.0,,)"},"geometry":{"type":"LineString","coordinates":[[56.528478,29.473044],[56.780663,29.486211],[57.032861,29.499378]]}},{"type":"Feature","properties":{"average_dip":"(45.0,30.0,60.0)","average_rake":"(90,60.0,120.0)","catalog_id":"ME_IRCS039","catalog_name":"EMME","epistemic_quality":"1","lower_seis_depth":"(20.0,,)","net_slip_rate":"(1.5,1.0,2.0)","slip_type":"Reverse","upper_seis_depth":"(5.0,,)"},"geometry":{"type":"LineString","coordinates":[[53.874835,27.678661],[54.180918,27.556132],[54.512606,27.565092],[54.835755,27.628298]]}},{"type":"Feature","properties":{"average_dip":"(70.0,70.0,70.0)","average_rake":"(30,15.0,45.0)","catalog_id":"ME_IRCS040","catalog_name":"EMME","lower_seis_depth":"(20.0,,)","net_slip_rate":"(0.9,0.7301,1.0)","slip_type":"Sinistral-Reverse","upper_seis_depth":"(0.0,,)"},"geometry":{"type":"LineString","coordinates":[[59.752278,26.478709],[59.923981,26.51079],[60.074163,26.578249],[60.195194,26.650753],[60.315352,26.694918],[60.397659,26.746244]]}},{"type":"Feature","properties":{"average_dip":"(60.0,60.0,60.0)","average_rake":"(60,45.0,75.0)","catalog_id":"ME_IRCS041","catalog_name":"EMME","lower_seis_depth":"(20.0,,)","net_slip_rate":"(0.8,0.66,1.0)","slip_type":"Sinistral-Reverse","upper_seis_depth":"(0.0,,)"},"geometry":{"type":"LineString","coordinates":[[60.345559,26.832417],[60.490922,26.908085],[60.610399,26.933972],[60.747655,26.999449],[60.945575,27.041557],[61.091556,27.106325],[61.19248,27.115169]]}},{"type":"Feature","properties":{"average_dip":"(70.0,70.0,70.0)","average_rake":"(40,40.0,40.0)","catalog_id":"ME_IRCS042","catalog_name":"EMME","lower_seis_depth":"(20.0,,)","net_slip_rate":"(0.6,0.1,1.0)","slip_type":"Sinistral-Reverse","upper_seis_depth":"(0.0,,)"},"geometry":{"type":"LineString","coordinates":[[57.946291,35.027922],[58.030715,35.052986],[58.147751,35.059741],[58.285772,35.072966],[58.435521,35.085634],[58.497481,35.105899]]}},{"type":"Feature","properties":{"average_dip":"(45.0,30.0,60.0)","average_rake":"(90,60.0,120.0)","catalog_id":"ME_IRCS043","catalog_name":"EMME","epistemic_quality":"1","lower_seis_depth":"(20.0,,)","net_slip_rate":"(1.0,1.0,1.0)","slip_type":"Reverse","upper_seis_depth":"(5.0,,)"},"geometry":{"type":"LineString","coordinates":[[51.356925,28.728569],[51.628078,28.563274],[51.896273,28.350814]]}},{"type":"Feature","properties":{"average_dip":"(45.0,30.0,60.0)","average_rake":"(90,60.0,120.0)","catalog_id":"ME_IRCS044","catalog_name":"EMME","epistemic_quality":"1","lower_seis_depth":"(20.0,,)","net_slip_rate":"(1.0,1.0,1.0)","slip_type":"Reverse","upper_seis_depth":"(5.0,,)"},"geometry":{"type":"LineString","coordinates":[[55.50738,27.303624],[55.620409,27.287343],[55.886329,27.277029],[56.024552,27.336889],[56.181852,27.370373],[56.304398,27.437371],[56.394906,27.487394],[56.485107,27.541474],[56.602327,27.571245],[56.681128,27.575627],[56.821244,27.556412]]}},{"type":"Feature","properties":{"average_dip":"(50.0,30.0,70.0)","average_rake":"(63,63.0,63.0)","catalog_id":"ME_IRCS045","catalog_name":"EMME","epistemic_quality":"1","lower_seis_depth":"(20.0,,)","net_slip_rate":"(1.2,1.0,1.37)","slip_type":"Sinistral-Reverse","upper_seis_depth":"(1.0,,)"},"geometry":{"type":"LineString","coordinates":[[50.731809,36.020052],[50.821698,35.964174],[50.91162,35.896639],[50.961756,35.879246],[51.00304,35.852534],[51.020487,35.832951],[51.026657,35.801583],[51.044952,35.780315],[51.076607,35.755177],[51.087973,35.749236],[51.097452,35.747085],[51.10563,35.747709]]}},{"type":"Feature","properties":{"average_dip":"(85.0,80.0,90.0)","average_rake":"(180,180.0,180.0)","catalog_id":"ME_IRCS046","catalog_name":"EMME","lower_seis_depth":"(20.0,,)","net_slip_rate":"(1.0,1.0,1.0)","slip_type":"Dextral","upper_seis_depth":"(3.0,,)"},"geometry":{"type":"LineString","coordinates":[[55.583764,33.123183],[55.475435,32.877119],[55.375635,32.780161],[55.328052,32.67543],[55.260029,32.433366],[55.297196,32.184684],[55.413175,31.954094]]}},{"type":"Feature","properties":{"average_dip":"(45.0,45.0,45.0)","average_rake":"(90,80.0,100.0)","catalog_id":"ME_IRCS047","catalog_name":"EMME","lower_seis_depth":"(20.0,,)","net_slip_rate":"(1.5,1.0,2.0)","slip_type":"Reverse","upper_seis_depth":"(3.0,,)"},"geometry":{"type":"LineString","coordinates":[[57.757308,36.795319],[58.001868,36.677892],[58.129851,36.570098],[58.245455,36.542939],[58.371169,36.469204]]}},{"type":"Feature","properties":{"average_dip":"(45.0,45.0,45.0)","average_rake":"(90,80.0,100.0)","catalog_id":"ME_IRCS048","catalog_name":"EMME","lower_seis_depth":"(20.0,,)","net_slip_rate":"(1.0,1.0,1.0)","slip_type":"Reverse","upper_seis_depth":"(0.0,,)"},"geometry":{"type":"LineString","coordinates":[[61.651966,26.96733],[61.842856,26.924882],[61.943857,26.878148],[62.077874,26.825778],[62.143908,26.817025],[62.248885,26.817971],[62.571365,26.813734],[62.872634,26.807307],[62.97916,26.81035],[63.2958,26.839507],[63.431866,26.894045],[63.57342,26.925331]]}},{"type":"Feature","properties":{"average_dip":"(70.0,70.0,70.0)","average_rake":"(30,15.0,45.0)","catalog_id":"ME_IRCS049","catalog_name":"EMME","epistemic_quality":"2","lower_seis_depth":"(20.0,,)","net_slip_rate":"(1.0,1.0,1.0)","slip_type":"Sinistral-Reverse","upper_seis_depth":"(1.0,,)"},"geometry":{"type":"LineString","coordinates":[[58.81522,26.858952],[59.076116,26.815109],[59.17449,26.843078],[59.413641,26.933972],[59.576439,26.902818],[59.736228,26.824451],[60.142165,26.76396]]}},{"type":"Feature","properties":{"average_dip":"(80.0,80.0,80.0)","average_rake":"(180,180.0,180.0)","catalog_id":"ME_IRCS050","catalog_name":"EMME","lower_seis_depth":"(20.0,,)","net_slip_rate":"(1.5,1.0,2.0)","slip_type":"Dextral","upper_seis_depth":"(0.0,,)"},"geometry":{"type":"LineString","coordinates":[[52.410319,29.698167],[52.440259,29.625856],[52.513887,29.380698],[52.567646,29.294134],[52.652252,29.157899],[52.712969,29.00104],[52.771191,28.938296],[52.924804,28.874983],[53.079645,28.883672],[53.253374,28.837463]]}},{"type":"Feature","properties":{"average_dip":"(85.0,80.0,90.0)","average_rake":"(180,180.0,180.0)","catalog_id":"ME_IRCS051","catalog_name":"EMME","lower_seis_depth":"(20.0,,)","net_slip_rate":"(1.2,1.0,1.5)","slip_type":"Dextral","upper_seis_depth":"(0.0,,)"},"geometry":{"type":"LineString","coordinates":[[48.506773,38.271553],[48.462265,38.088958],[48.370805,37.951702],[48.281174,37.854558],[48.197636,37.745615],[48.113764,37.676989],[48.054496,37.606352],[48.054671,37.451614],[48.092378,37.322339],[48.246448,37.120439]]}},{"type":"Feature","properties":{"average_dip":"(70.0,70.0,70.0)","average_rake":"(150,135.0,165.0)","catalog_id":"ME_IRCS052","catalog_name":"EMME","lower_seis_depth":"(20.0,,)","net_slip_rate":"(1.9,1.5,2.21)","slip_type":"Dextral-Reverse","upper_seis_depth":"(0.0,,)"},"geometry":{"type":"LineString","coordinates":[[61.527804,28.842967],[61.588567,28.741382],[61.599096,28.710591],[61.590286,28.665097],[61.520061,28.421348],[61.534719,28.279848],[61.569613,28.146689],[61.665885,28.007944],[61.920723,27.833804],[62.120347,27.621439],[62.363859,27.438805],[62.653023,27.222375],[62.879959,27.187863],[63.008732,27.189273],[63.353656,27.287829],[63.579735,27.371377]]}},{"type":"Feature","properties":{"average_dip":"(80.0,80.0,80.0)","average_rake":"(180,180.0,180.0)","catalog_id":"ME_IRCS053","catalog_name":"EMME","lower_seis_depth":"(20.0,,)","net_slip_rate":"(1.0,1.0,1.0)","slip_type":"Dextral","upper_seis_depth":"(3.0,,)"},"geometry":{"type":"LineString","coordinates":[[55.67353,33.008314],[55.64273,32.81507],[55.713381,32.718618],[55.770224,32.550868],[55.78494,32.408558],[55.832832,32.114728]]}},{"type":"Feature","properties":{"average_dip":"(80.0,80.0,80.0)","average_rake":"(180,180.0,180.0)","catalog_id":"ME_IRCS054","catalog_name":"EMME","lower_seis_depth":"(20.0,,)","net_slip_rate":"(1.0,1.0,1.0)","slip_type":"Dextral","upper_seis_depth":"(0.0,,)"},"geometry":{"type":"LineString","coordinates":[[53.257041,29.482427],[53.279458,29.427896],[53.3426,29.27429],[53.409736,29.127289],[53.469139,28.997221],[53.561038,28.890502],[53.62828,28.812416]]}},{"type":"Feature","properties":{"average_dip":"(80.0,80.0,80.0)","average_rake":"(180,180.0,180.0)","catalog_id":"ME_IRCS056","catalog_name":"EMME","lower_seis_depth":"(20.0,,)","net_slip_rate":"(1.0,1.0,1.0)","slip_type":"Dextral","upper_seis_depth":"(0.0,,)"},"geometry":{"type":"LineString","coordinates":[[54.030168,31.152118],[54.15755,30.983999],[54.345895,30.756736],[54.540832,30.562501],[54.787824,30.378694],[55.045053,30.206149],[55.261064,29.995966],[55.487877,29.794877]]}},{"type":"Feature","properties":{"average_dip":"(45.0,45.0,45.0)","average_rake":"(125,125.0,125.0)","catalog_id":"ME_IRCS057","catalog_name":"EMME","lower_seis_depth":"(20.0,,)","net_slip_rate":"(0.8,0.61,1.0)","slip_type":"Dextral-Reverse","upper_seis_depth":"(0.0,,)"},"geometry":{"type":"LineString","coordinates":[[59.469617,35.842559],[59.628971,35.762229],[59.725637,35.649708],[60.026481,35.463504],[60.348366,35.296071],[60.575784,35.055621]]}},{"type":"Feature","properties":{"average_dip":"(45.0,30.0,60.0)","average_rake":"(90,60.0,120.0)","catalog_id":"ME_IRCS058","catalog_name":"EMME","epistemic_quality":"1","lower_seis_depth":"(20.0,,)","net_slip_rate":"(1.0,1.0,1.0)","slip_type":"Reverse","upper_seis_depth":"(5.0,,)"},"geometry":{"type":"LineString","coordinates":[[55.940689,27.155221],[56.054363,27.201785],[56.130439,27.212305],[56.240928,27.24441],[56.319149,27.27852],[56.445539,27.340641],[56.513045,27.356899]]}},{"type":"Feature","properties":{"average_dip":"(45.0,30.0,60.0)","average_rake":"(90,60.0,120.0)","catalog_id":"ME_IRCS059s1","catalog_name":"EMME","epistemic_quality":"1","lower_seis_depth":"(20.0,,)","net_slip_rate":"(1.0,1.0,1.0)","slip_type":"Reverse","upper_seis_depth":"(5.0,,)"},"geometry":{"type":"LineString","coordinates":[[51.078705,28.89746],[51.110735,28.601228],[51.128182,28.483369],[51.224173,28.310713],[51.384747,28.17726]]}},{"type":"Feature","properties":{"average_dip":"(45.0,30.0,60.0)","average_rake":"(90,60.0,120.0)","catalog_id":"ME_IRCS060","catalog_name":"EMME","epistemic_quality":"1","lower_seis_depth":"(20.0,,)","net_slip_rate":"(1.0,1.0,1.0)","slip_type":"Reverse","upper_seis_depth":"(5.0,,)"},"geometry":{"type":"LineString","coordinates":[[53.086446,27.134225],[53.380994,27.042347],[53.60746,27.009879],[53.772796,26.969935],[53.905857,26.908329],[54.074168,26.891162],[54.263224,26.8646],[54.408382,26.891646],[54.51154,26.852727]]}},{"type":"Feature","properties":{"average_dip":"(69.0,69.0,69.0)","average_rake":"(180,180.0,180.0)","catalog_id":"ME_IRCS061","catalog_name":"EMME","lower_seis_depth":"(20.0,,)","net_slip_rate":"(1.0,1.0,1.0)","slip_type":"Dextral","upper_seis_depth":"(0.0,,)"},"geometry":{"type":"LineString","coordinates":[[57.034264,38.181794],[57.224444,38.044493]]}},{"type":"Feature","properties":{"average_dip":"(45.0,45.0,45.0)","average_rake":"(90,80.0,100.0)","catalog_id":"ME_IRCS062","catalog_name":"EMME","lower_seis_depth":"(20.0,,)","net_slip_rate":"(1.2,1.0,1.5)","slip_type":"Reverse","upper_seis_depth":"(0.0,,)"},"geometry":{"type":"LineString","coordinates":[[51.228366,35.41298],[51.318892,35.406198],[51.431031,35.301827],[51.569982,35.285456]]}},{"type":"Feature","properties":{"average_dip":"(70.0,70.0,70.0)","average_rake":"(180,180.0,180.0)","catalog_id":"ME_IRCS065","catalog_name":"EMME","lower_seis_depth":"(20.0,,)","net_slip_rate":"(0.9,0.5,1.3)","slip_type":"Dextral","upper_seis_depth":"(1.0,,)"},"geometry":{"type":"LineString","coordinates":[[45.756608,39.611269],[45.948915,39.403127],[46.098235,39.218298]]}},{"type":"Feature","properties":{"average_dip":"(70.0,70.0,70.0)","average_rake":"(115,115.0,115.0)","catalog_id":"ME_IRCS066","catalog_name":"EMME","lower_seis_depth":"(20.0,,)","net_slip_rate":"None","slip_type":"Dextral-Reverse","upper_seis_depth":"(0.0,,)"},"geometry":{"type":"LineString","coordinates":[[45.045304,38.19214],[45.081507,38.223088],[45.19255,38.241956],[45.388784,38.241482],[45.554508,38.222824],[45.612694,38.226786],[45.696487,38.234177],[45.804899,38.255131],[45.866991,38.258106]]}},{"type":"Feature","properties":{"average_dip":"(45.0,45.0,45.0)","average_rake":"(90,80.0,100.0)","catalog_id":"ME_IRCS067","catalog_name":"EMME","lower_seis_depth":"(20.0,,)","net_slip_rate":"(1.4,1.0,1.73)","slip_type":"Reverse","upper_seis_depth":"(0.0,,)"},"geometry":{"type":"LineString","coordinates":[[44.855787,38.329966],[44.899231,38.306519],[44.992172,38.290954],[45.050048,38.288206],[45.107602,38.302989],[45.262259,38.328163],[45.321456,38.355786],[45.396481,38.37417],[45.480015,38.391317]]}},{"type":"Feature","properties":{"average_dip":"(80.0,80.0,80.0)","average_rake":"(34,34.0,34.0)","catalog_id":"ME_IRCS070","catalog_name":"EMME","lower_seis_depth":"(20.0,,)","net_slip_rate":"(1.5,0.5,2.5)","slip_type":"Sinistral-Reverse","upper_seis_depth":"(0.0,,)"},"geometry":{"type":"LineString","coordinates":[[54.462724,36.622583],[54.538967,36.638925],[54.596007,36.704551],[54.749767,36.758245],[54.95233,36.86642],[55.132334,37.05355],[55.398738,37.246352],[55.722742,37.382448],[56.014576,37.363888]]}},{"type":"Feature","properties":{"average_dip":"(80.0,80.0,80.0)","average_rake":"(34,34.0,34.0)","catalog_id":"ME_IRCS071","catalog_name":"EMME","lower_seis_depth":"(20.0,,)","net_slip_rate":"(1.5,0.5,2.5)","slip_type":"Sinistral-Reverse","upper_seis_depth":"(0.0,,)"},"geometry":{"type":"LineString","coordinates":[[54.087603,36.748301],[54.361611,36.804706],[54.702648,36.865632],[54.873768,36.897451],[54.97663,36.964554]]}},{"type":"Feature","properties":{"average_dip":"(45.0,30.0,60.0)","average_rake":"(90,60.0,120.0)","catalog_id":"ME_IRCS072","catalog_name":"EMME","epistemic_quality":"1","lower_seis_depth":"(20.0,,)","net_slip_rate":"(1.0,1.0,1.0)","slip_type":"Reverse","upper_seis_depth":"(5.0,,)"},"geometry":{"type":"LineString","coordinates":[[45.699837,34.74892],[45.709624,34.707901],[45.699837,34.667536],[45.717227,34.624683],[45.792995,34.53463],[45.979932,34.380609]]}},{"type":"Feature","properties":{"average_dip":"(45.0,30.0,60.0)","average_rake":"(90,60.0,120.0)","catalog_id":"ME_IRCS073","catalog_name":"EMME","epistemic_quality":"1","lower_seis_depth":"(20.0,,)","net_slip_rate":"(1.0,1.0,1.0)","slip_type":"Reverse","upper_seis_depth":"(5.0,,)"},"geometry":{"type":"LineString","coordinates":[[45.698106,34.490717],[45.714619,34.435924],[45.757402,34.355612],[45.821202,34.282055]]}},{"type":"Feature","properties":{"average_dip":"(90.0,60.0,120.0)","average_rake":"(45,30.0,60.0)","catalog_id":"ME_IRCS074","catalog_name":"EMME","epistemic_quality":"1","lower_seis_depth":"(20.0,,)","net_slip_rate":"(1.0,1.0,1.0)","slip_type":"Sinistral-Reverse","upper_seis_depth":"(5.0,,)"},"geometry":{"type":"LineString","coordinates":[[45.600091,34.332417],[45.804249,34.039172]]}},{"type":"Feature","properties":{"average_dip":"(45.0,30.0,60.0)","average_rake":"(90,60.0,120.0)","catalog_id":"ME_IR146s4","catalog_name":"EMME","epistemic_quality":"1","lower_seis_depth":"(20.0,,)","net_slip_rate":"(1.0,1.0,1.0)","slip_type":"Reverse","upper_seis_depth":"(5.0,,)"},"geometry":{"type":"LineString","coordinates":[[50.37022,30.125911],[50.371591,30.064416],[50.397112,30.02243],[50.424279,29.991146],[50.430062,29.989513],[50.470945,29.977971],[50.511865,29.959085],[50.552785,29.927608],[50.590557,29.820587],[50.587409,29.779667],[50.589755,29.744991],[50.59577,29.74171],[50.625979,29.725232],[50.656658,29.704123],[50.691282,29.688385],[50.733003,29.658548],[50.783222,29.630557],[50.837557,29.614092],[50.88119,29.602566],[50.928939,29.572929],[50.986567,29.529296],[51.019498,29.495542],[51.052428,29.466728],[51.083712,29.443677],[51.116643,29.418979],[51.152043,29.390988],[51.180034,29.36382]]}},{"type":"Feature","properties":{"average_dip":"(45.0,30.0,60.0)","average_rake":"(90,60.0,120.0)","catalog_id":"ME_IRCS059s2","catalog_name":"EMME","epistemic_quality":"1","lower_seis_depth":"(20.0,,)","net_slip_rate":"(1.0,1.0,1.0)","slip_type":"Reverse","upper_seis_depth":"(5.0,,)"},"geometry":{"type":"LineString","coordinates":[[51.570421,28.168999],[51.512191,28.07135],[51.50832,27.999907],[51.550502,27.940401],[51.582609,27.90994],[51.623329,27.882478],[51.658349,27.857251],[51.706098,27.846549],[51.756317,27.853958]]}},{"type":"Feature","properties":{"average_dip":"(45.0,30.0,60.0)","average_rake":"(90,60.0,120.0)","catalog_id":"ME_IR97s32","catalog_name":"EMME","epistemic_quality":"1","lower_seis_depth":"(20.0,,)","net_slip_rate":"(1.0,1.0,1.0)","slip_type":"Reverse","upper_seis_depth":"(5.0,,)"},"geometry":{"type":"LineString","coordinates":[[54.04457,27.097154],[54.137655,27.075335],[54.463565,27.145476],[54.763397,27.056972],[54.883476,27.099064],[55.071856,27.058819],[55.236113,27.07308],[55.547919,26.959865],[55.594318,26.976569],[55.62587,26.995129],[55.666702,27.015544],[55.705677,27.037816],[55.757645,27.0638]]}},{"type":"Feature","properties":{"average_dip":"(45.0,30.0,60.0)","average_rake":"(90,60.0,120.0)","catalog_id":"ME_IR144","catalog_name":"EMME","epistemic_quality":"1","lower_seis_depth":"(20.0,,)","net_slip_rate":"(1.0,1.0,1.0)","slip_type":"Reverse","upper_seis_depth":"(5.0,,)"},"geometry":{"type":"LineString","coordinates":[[49.54402,32.81251],[49.914215,32.476785],[50.192217,32.079927],[50.576989,32.023521]]}},{"type":"Feature","properties":{"average_dip":"(80.0,80.0,80.0)","average_rake":"(5,0.0,10.0)","catalog_id":"ME_IRCS910","catalog_name":"EMME","lower_seis_depth":"(20.0,,)","net_slip_rate":"(1.0,0.5,1.5)","slip_type":"Sinistral","upper_seis_depth":"(0.0,,)"},"geometry":{"type":"LineString","coordinates":[[53.802713,35.915855],[53.850593,35.943039],[53.983443,36.018464],[54.094468,36.072018],[54.199452,36.132585],[54.323205,36.181534],[54.428051,36.192957],[54.550818,36.19697],[54.653256,36.226026],[54.769287,36.232142]]}},{"type":"Feature","properties":{"average_dip":"(70.0,70.0,70.0)","average_rake":"(180,180.0,180.0)","catalog_id":"ME_IR28","catalog_name":"EMME","epistemic_quality":"1","lower_seis_depth":"(20.0,,)","net_slip_rate":"(1.0,0.5,1.5)","slip_type":"Dextral","upper_seis_depth":"(1.0,,)"},"geometry":{"type":"LineString","coordinates":[[53.419285,35.863349],[53.333927,35.80302],[53.325916,35.801762],[53.260154,35.791433],[53.166552,35.767902],[53.046378,35.739335],[52.991768,35.741309],[52.91357,35.755357]]}},{"type":"Feature","properties":{"average_dip":"(75.0,70.0,80.0)","average_rake":"(150,135.0,165.0)","catalog_id":"ME_IR2s3s1","catalog_name":"EMME","epistemic_quality":"1","lower_seis_depth":"(20.0,,)","net_slip_rate":"(4.7,3.0,6.45)","slip_type":"Dextral-Reverse","upper_seis_depth":"(0.0,,)"},"geometry":{"type":"LineString","coordinates":[[47.203905,37.694752],[47.087197,37.71169],[46.974654,37.763075],[46.898387,37.795745],[46.828227,37.82598],[46.80218,37.856879],[46.75344,37.882965],[46.699895,37.913857],[46.652527,37.949554],[46.566717,37.990743],[46.518664,38.010651],[46.475416,38.029872],[46.387798,38.072927],[46.338806,38.09852],[46.30105,38.121174],[46.230342,38.156871],[46.171991,38.191195],[46.132175,38.211103],[46.081376,38.234443],[46.066488,38.251158]]}},{"type":"Feature","properties":{"average_dip":"(80.0,80.0,80.0)","average_rake":"(5,0.0,10.0)","catalog_id":"ME_IRCS016","catalog_name":"EMME","lower_seis_depth":"(20.0,,)","net_slip_rate":"(1.5,1.0,2.0)","slip_type":"Sinistral","upper_seis_depth":"(0.0,,)"},"geometry":{"type":"LineString","coordinates":[[47.95042851361076,37.8715284677366],[47.957065765676255,37.886075596612436],[47.96462898297891,37.91198933893496],[48.027803,38.013451],[48.118508,38.108006],[48.169487,38.166664],[48.191862,38.205524],[48.212572,38.235914]]}},{"type":"Feature","properties":{"average_dip":"(45.0,45.0,45.0)","average_rake":"(90,90.0,90.0)","catalog_id":"ME_IRCS034","catalog_name":"EMME","lower_seis_depth":"(20.0,,)","net_slip_rate":"(1.0,1.0,1.0)","slip_type":"Reverse","upper_seis_depth":"(0.0,,)"},"geometry":{"type":"LineString","coordinates":[[59.276277,26.079614],[59.625277,26.006136],[60.17,25.930096],[60.349584,25.876927],[60.56516,25.78503],[60.832939,25.672289]]}},{"type":"Feature","properties":{"average_dip":"(70.0,70.0,70.0)","average_rake":"(110,100.0,120.0)","catalog_id":"ME_IR101s2","catalog_name":"EMME","epistemic_quality":"2","lower_seis_depth":"(20.0,,)","net_slip_rate":"(1.5,1.0,2.0)","slip_type":"Reverse","upper_seis_depth":"(0.0,,)"},"geometry":{"type":"LineString","coordinates":[[55.271967,28.539417],[55.371781,28.513265],[55.417116,28.509018],[55.498298,28.452802],[55.553397,28.424781],[55.723565,28.349398],[55.852,28.33383],[55.889362,28.33383],[55.950855,28.319041],[55.995223,28.331495],[56.04158,28.343486],[56.095141,28.351726],[56.144582,28.345546],[56.203054,28.332274],[56.243876,28.284939],[56.271597,28.251057],[56.3101,28.226415],[56.338228,28.213702],[56.391725,28.194073],[56.426811,28.176621],[56.472132,28.168381],[56.528794,28.154031],[56.581157,28.13863],[56.618396,28.12512],[56.672023,28.103208],[56.732087,28.070866],[56.77983,28.049304],[56.871783,28.013877]]}},{"type":"Feature","properties":{"average_dip":"(45.0,30.0,60.0)","average_rake":"(135,120.0,150.0)","catalog_id":"ME_IR30","catalog_name":"EMME","epistemic_quality":"1","lower_seis_depth":"(20.0,,)","net_slip_rate":"(1.5,1.0,2.0)","slip_type":"Dextral-Reverse","upper_seis_depth":"(5.0,,)"},"geometry":{"type":"LineString","coordinates":[[54.009806,28.872591],[54.049529,28.849492],[54.095582,28.833363],[54.146901,28.803298],[54.217768,28.814497],[54.320376,28.81002],[54.406031,28.777509],[54.452793,28.760622],[54.503452,28.746334],[54.552812,28.733344],[54.590481,28.719056],[54.639841,28.700871],[54.676212,28.682686],[54.717778,28.667098],[54.761942,28.647614],[54.797014,28.632027],[54.845075,28.612542],[54.878847,28.599553],[54.923012,28.583965],[54.96198,28.561883],[55.013819,28.553073]]}},{"type":"Feature","properties":{"average_dip":"(45.0,30.0,60.0)","average_rake":"(90,60.0,120.0)","catalog_id":"ME_IRCS060s2","catalog_name":"EMME","epistemic_quality":"1","lower_seis_depth":"(20.0,,)","net_slip_rate":"(1.0,1.0,1.0)","slip_type":"Reverse","upper_seis_depth":"(5.0,,)"},"geometry":{"type":"LineString","coordinates":[[53.638437,26.773778],[53.810385,26.726651],[53.912419,26.738301],[53.988633,26.759961],[54.122513,26.728642],[54.234372,26.721902],[54.301143,26.763073],[54.386483,26.78573],[54.472462,26.767621],[54.529516,26.761679]]}},{"type":"Feature","properties":{"average_dip":"(45.0,30.0,60.0)","average_rake":"(90,60.0,120.0)","catalog_id":"ME_IRCS060s1","catalog_name":"EMME","epistemic_quality":"1","lower_seis_depth":"(20.0,,)","net_slip_rate":"(1.0,1.0,1.0)","slip_type":"Reverse","upper_seis_depth":"(5.0,,)"},"geometry":{"type":"LineString","coordinates":[[54.529516,26.761679],[54.592704,26.755099],[54.736222,26.80551],[54.758263,26.808676],[54.857708,26.781393],[55.047772,26.79221],[55.219637,26.779353],[55.337095,26.787956]]}},{"type":"Feature","properties":{"average_dip":"(60.0,60.0,60.0)","average_rake":"(40,40.0,40.0)","catalog_id":"ME_IR98s5","catalog_name":"EMME","epistemic_quality":"1","lower_seis_depth":"(20.0,,)","net_slip_rate":"(0.8,0.5,1.0)","slip_type":"Sinistral-Reverse","upper_seis_depth":"(5.0,,)"},"geometry":{"type":"LineString","coordinates":[[57.243386,26.903818],[57.240567,26.818292],[57.309033,26.570926],[57.282754,26.412116],[57.278295,26.251555],[57.2878,26.0729],[57.3081,25.8519]]}},{"type":"Feature","properties":{"average_dip":"(45.0,45.0,45.0)","average_rake":"(90,90.0,90.0)","catalog_id":"ME_IRCS34s1","catalog_name":"EMME","lower_seis_depth":"(20.0,,)","net_slip_rate":"(1.0,1.0,1.0)","slip_type":"Reverse","upper_seis_depth":"(0.0,,)"},"geometry":{"type":"LineString","coordinates":[[63.881847,25.941702],[63.533057,25.902713],[63.216231,25.891623],[61.894841,25.96195],[60.987068,26.054865],[60.684066,26.060908]]}},{"type":"Feature","properties":{"average_dip":"(45.0,45.0,45.0)","average_rake":"(90,90.0,90.0)","catalog_id":"ME_IRCS34s2","catalog_name":"EMME","lower_seis_depth":"(20.0,,)","net_slip_rate":"(1.0,1.0,1.0)","slip_type":"Reverse","upper_seis_depth":"(1.0,,)"},"geometry":{"type":"LineString","coordinates":[[57.759423,26.315224],[57.873786,26.251657],[58.047159,26.128539],[58.430963,26.109749],[58.61597,26.082763],[58.942573,26.115039]]}},{"type":"Feature","properties":{"average_dip":"(45.0,45.0,45.0)","average_rake":"(90,90.0,90.0)","catalog_id":"ME_IRCS34s3","catalog_name":"EMME","lower_seis_depth":"(20.0,,)","net_slip_rate":"(1.0,1.0,1.0)","slip_type":"Reverse","upper_seis_depth":"(0.0,,)"},"geometry":{"type":"LineString","coordinates":[[60.851384,26.563156],[61.083576,26.497685],[61.577744,26.423136],[61.815429,26.449405],[62.073711,26.486061],[62.389648,26.477244]]}},{"type":"Feature","properties":{"average_dip":"(60.0,50.0,70.0)","average_rake":"(-4,156.0,-165.0)","catalog_id":"ME_IR20s7","catalog_name":"EMME","epistemic_quality":"1","lower_seis_depth":"(20.0,,)","net_slip_rate":"(1.7,1.0,2.4)","slip_type":"Dextral","upper_seis_depth":"(0.0,,)"},"geometry":{"type":"LineString","coordinates":[[58.382153,29.196622],[58.177581,29.326994],[57.96271,29.588302],[57.92761,29.685099],[57.863712,29.855511],[57.738857,30.089716],[57.62836,30.231171],[57.571567,30.283878]]}},{"type":"Feature","properties":{"average_dip":"(85.0,85.0,85.0)","average_rake":"(135,120.0,150.0)","catalog_id":"ME_AZ15s3","catalog_name":"EMME","epistemic_quality":"1","lower_seis_depth":"(20.0,,)","net_slip_rate":"(0.7,0.63,0.77)","slip_type":"Dextral-Reverse","upper_seis_depth":"(0.0,,)"},"geometry":{"type":"LineString","coordinates":[[48.899274,40.051796],[48.961003,39.906416],[49.054362,39.605127],[49.111404,39.503091],[49.16307,39.349613],[49.20874,39.253043],[49.1781883858263,38.9377613682246],[49.130723508767865,38.772149208147304],[49.06108179418406,38.52032461469834],[49.00768527195266,38.1592840108024]]}},{"type":"Feature","properties":{"average_dip":"(85.0,80.0,90.0)","average_rake":"(0,0.0,0.0)","catalog_id":"ME_TRCS754","catalog_name":"EMME","epistemic_quality":"1","lower_seis_depth":"(20.0,,)","net_slip_rate":"(5.5,1.0,9.9)","slip_type":"Sinistral","upper_seis_depth":"(0.0,,)"},"geometry":{"type":"LineString","coordinates":[[38.215685,38.020955],[38.283674,38.036037],[38.343366,38.042011],[38.403058,38.047985],[38.447245,38.057309],[38.507285,38.074952]]}},{"type":"Feature","properties":{"average_dip":"(45.0,40.0,50.0)","average_rake":"(90,75.0,105.0)","catalog_id":"ME_TRCS423","catalog_name":"EMME","lower_seis_depth":"(25.0,,)","net_slip_rate":"(1.5,1.0,2.0)","slip_type":"Reverse","upper_seis_depth":"(0.0,,)"},"geometry":{"type":"LineString","coordinates":[[43.550203,38.60732],[43.54872,38.607412],[43.546993,38.607413],[43.539767,38.607164],[43.534629,38.606807],[43.529011,38.606273],[43.523182,38.605559],[43.518357,38.604835],[43.505539,38.602559],[43.501906,38.60195],[43.497898,38.601397],[43.489847,38.600546],[43.473764,38.599068],[43.463032,38.597789],[43.459654,38.597473],[43.455414,38.597282],[43.45115,38.597283],[43.446869,38.597425],[43.43827,38.59799],[43.429643,38.598771],[43.408038,38.600964],[43.399403,38.60172],[43.395093,38.602014],[43.39079,38.602219],[43.3868,38.602298],[43.382823,38.602236],[43.378863,38.60199],[43.374614,38.601478],[43.370384,38.600757],[43.366169,38.599883],[43.361963,38.598898],[43.35357,38.596721],[43.336805,38.592077],[43.32841,38.589829],[43.319984,38.587797],[43.315752,38.586923],[43.311501,38.586188],[43.30742,38.585646],[43.303324,38.58522],[43.291003,38.584203],[43.286904,38.583813],[43.28282,38.583326],[43.278663,38.582692],[43.266253,38.580438],[43.262114,38.579761],[43.257963,38.579233],[43.254152,38.578935],[43.250328,38.578798],[43.246442,38.578801],[43.244269,38.578887]]}},{"type":"Feature","properties":{"average_dip":"(70.0,70.0,70.0)","average_rake":"(-160,-160.0,-160.0)","catalog_id":"ME_AM1s9","catalog_name":"EMME","epistemic_quality":"1","lower_seis_depth":"(34.5,,)","net_slip_rate":"(1.1,0.44,1.8)","slip_type":"Dextral","upper_seis_depth":"(1.0,,)"},"geometry":{"type":"LineString","coordinates":[[45.945945,39.823857],[45.937075,39.786032],[45.946813,39.736809],[46.076974,39.58646],[46.220948,39.351273],[46.268641,39.231407],[46.30152,39.148773]]}},{"type":"Feature","properties":{"average_dip":"(60.0,60.0,60.0)","average_rake":"(-115,-130.0,-100.0)","catalog_id":"ME_AM2s4","catalog_name":"EMME","epistemic_quality":"2","lower_seis_depth":"(34.5,,)","net_slip_rate":"(0.6,0.25,1.0)","slip_type":"Dextral-Normal","upper_seis_depth":"(1.0,,)"},"geometry":{"type":"LineString","coordinates":[[45.15438363949251,39.707586816219255],[45.17218914018554,39.64670213130143],[45.203011,39.581916],[45.231597,39.535141],[45.285846,39.464122],[45.335522,39.414032],[45.396532,39.360673]]}},{"type":"Feature","properties":{"average_dip":"(70.0,70.0,70.0)","average_rake":"(-160,-160.0,-160.0)","catalog_id":"ME_AM1s8","catalog_name":"EMME","epistemic_quality":"1","lower_seis_depth":"(34.5,,)","net_slip_rate":"(1.0,0.5,1.5)","slip_type":"Dextral","upper_seis_depth":"(1.0,,)"},"geometry":{"type":"LineString","coordinates":[[45.429107211759145,40.34923655065604],[45.493337477196306,40.255368866537424],[45.602107,40.159493],[45.612372,40.153757],[45.659082,40.112925],[45.702957,40.074453],[45.749295,40.025217],[45.795201,39.974101],[45.841431,39.933818],[45.871193,39.89473],[45.911105,39.869582],[45.946921,39.856123],[45.978642,39.841973],[46.012751,39.825247],[46.024891,39.787618],[46.032111,39.76748],[46.028679,39.736903]]}}],"metadata":{"source":"GEM Global Active Faults","layer_id":"middle-east","feature_count":778}}