{"type":"FeatureCollection","features":[{"type":"Feature","properties":{"average_dip":"(60,40,60)","average_rake":"(-37,-72,-10)","catalog_id":"NZ_619","catalog_name":"Litchfield_NZ_2013","dip_dir":"SE","name":"Alpine Kaniere to Springs Junction","net_slip_rate":"(14.0,12.0,16.0)","slip_type":"Dextral-Reverse"},"geometry":{"type":"LineString","coordinates":[[172.1972798169324,-42.35217849942025],[171.9880000000001,-42.47330000082858],[171.612,-42.6583000009389],[171.14999999999984,-42.89330000108009]]}},{"type":"Feature","properties":{"average_dip":"(75,45,90)","average_rake":"(-20,-30,-10)","catalog_id":"NZ_469","catalog_name":"Litchfield_NZ_2013","dip_dir":"NW","name":"Awatere Southwest","net_slip_rate":"(5.5,4.0,7.0)","slip_type":"Dextral-Reverse"},"geometry":{"type":"LineString","coordinates":[[173.282,-42.06170000019333],[172.813,-42.15670000021149],[172.453,-42.316700000242356],[172.2370000000001,-42.34670000024819]]}},{"type":"Feature","properties":{"average_dip":"(60,50,70)","average_rake":"(0,0,0)","catalog_id":"NZ_471","catalog_name":"Litchfield_NZ_2013","dip_dir":"NW","name":"Barefell","net_slip_rate":"(0.5,0.25,1.0)","slip_type":"Dextral-Reverse"},"geometry":{"type":"LineString","coordinates":[[173.28,-42.063300000193635],[173.178,-42.115000000203494],[173.128,-42.19330000021851],[173.117,-42.246700000228806]]}},{"type":"Feature","properties":{"average_dip":"(60,50,70)","average_rake":"(0,0,0)","catalog_id":"NZ_500","catalog_name":"Litchfield_NZ_2013","dip_dir":"NW","name":"Browning Pass","net_slip_rate":"(2.0,1.0,3.0)","slip_type":"Dextral"},"geometry":{"type":"LineString","coordinates":[[171.508,-42.83500000052004],[171.47,-42.88670000053583],[171.407,-42.90500000054123],[171.373,-42.935000000550346],[171.302,-42.96670000055977],[171.255,-43.00500000057139]]}},{"type":"Feature","properties":{"average_dip":"(0,0,0)","average_rake":"(-90,-100,-80)","catalog_id":"NZ_459","catalog_name":"Litchfield_NZ_2013","dip_dir":"NW","name":"Brunner Anticline","net_slip_rate":"(0.38,0.28,0.47)","slip_type":"Reverse"},"geometry":{"type":"LineString","coordinates":[[171.472,-42.27170000023266],[171.458,-42.28170000023454],[171.417,-42.358300000249265],[171.408,-42.3833000002541],[171.313,-42.4917000002749],[171.252,-42.53500000028304],[171.203,-42.576700000290955],[171.1269999999998,-42.723300000319625]]}},{"type":"Feature","properties":{"average_dip":"(45,35,55)","average_rake":"(-90,-100,-80)","catalog_id":"NZ_498","catalog_name":"Litchfield_NZ_2013","dip_dir":"W","name":"Cheeseman","net_slip_rate":"(0.6,0.25,1.0)","slip_type":"Reverse"},"geometry":{"type":"LineString","coordinates":[[171.76300000000012,-43.081700000396566],[171.71500000000012,-43.1250000004056],[171.678,-43.178300000416776],[171.67500000000015,-43.21670000042493],[171.68500000000012,-43.261700000434516]]}},{"type":"Feature","properties":{"average_dip":"(70,60,80)","average_rake":"(-5,-10,0)","catalog_id":"NZ_473","catalog_name":"Litchfield_NZ_2013","dip_dir":"NW","name":"Clarence Central","net_slip_rate":"(1.1,0.9,1.3)","slip_type":"Dextral-Reverse"},"geometry":{"type":"LineString","coordinates":[[172.778,-42.39830000025828],[172.82,-42.38830000025635],[173.138,-42.2383000002272],[173.36,-42.19000000021786]]}},{"type":"Feature","properties":{"average_dip":"(70,60,80)","average_rake":"(-5,-10,0)","catalog_id":"NZ_474","catalog_name":"Litchfield_NZ_2013","dip_dir":"NW","name":"Clarence Southwest","net_slip_rate":"(3.0,2.0,4.0)","slip_type":"Dextral"},"geometry":{"type":"LineString","coordinates":[[171.93000000000012,-42.62670000061149],[172.13,-42.595000000598866],[172.5,-42.49670000055975],[172.63,-42.433300000534715],[172.792,-42.40000000058739],[173.12,-42.38670000064659]]}},{"type":"Feature","properties":{"average_dip":"(0,0,0)","average_rake":"(0,0,0)","catalog_id":"NZ_485","catalog_name":"Litchfield_NZ_2013","dip_dir":"W","name":"Esk","net_slip_rate":"(0.5,0.25,0.75)","slip_type":"Reverse-Dextral"},"geometry":{"type":"LineString","coordinates":[[172.463,-42.79330000033719],[172.40500000000011,-42.87000000035288],[172.35,-42.89670000035837],[172.335,-42.92830000036489],[172.278,-42.978300000375235],[172.1300000000001,-43.0367000003874]]}},{"type":"Feature","properties":{"average_dip":"(0,0,0)","average_rake":"(0,0,0)","catalog_id":"NZ_475","catalog_name":"Litchfield_NZ_2013","name":"Fidget","net_slip_rate":"(2.0,1.0,3.0)","slip_type":"Dextral"},"geometry":{"type":"LineString","coordinates":[[173.82,-42.096700000199974],[173.75,-42.1083000002022],[173.6,-42.145000000209244],[173.517,-42.15500000021116],[173.428,-42.175000000214986]]}},{"type":"Feature","properties":{"average_dip":"(0,0,0)","average_rake":"(0,0,0)","catalog_id":"NZ_470","catalog_name":"Litchfield_NZ_2013","name":"Fowlers","net_slip_rate":"(0.5,0.25,1.0)","slip_type":"Dextral"},"geometry":{"type":"LineString","coordinates":[[173.072,-42.188300000217545],[172.847,-42.283300000235876],[172.61,-42.33000000024496],[172.478,-42.35500000024983]]}},{"type":"Feature","properties":{"average_dip":"(45,40,55)","average_rake":"(-63,-90,-45)","catalog_id":"NZ_540","catalog_name":"Litchfield_NZ_2013","dip_dir":"W","name":"Fox Peak","net_slip_rate":"(2.21,0.44,4.4)","slip_type":"Reverse-Dextral"},"geometry":{"type":"LineString","coordinates":[[170.8669999999995,-43.7283000005288],[170.83999999999946,-43.79500000054295],[170.83199999999948,-43.870000000559386],[170.68999999999915,-44.03170000059136],[170.6819999999991,-44.141700000615536]]}},{"type":"Feature","properties":{"average_dip":"(70,60,80)","average_rake":"(-3,-5,-2)","catalog_id":"NZ_479","catalog_name":"Litchfield_NZ_2013","dip_dir":"NW","name":"Hope 1888","net_slip_rate":"(14.01,11.01,17.02)","slip_type":"Dextral-Reverse"},"geometry":{"type":"LineString","coordinates":[[172.247,-42.630000000304186],[172.35,-42.60830000029985],[172.62,-42.58830000029585],[172.76,-42.536700000285585]]}},{"type":"Feature","properties":{"average_dip":"(70,60,80)","average_rake":"(-7,-11,-4)","catalog_id":"NZ_477","catalog_name":"Litchfield_NZ_2013","dip_dir":"NW","name":"Hope Conway","net_slip_rate":"(25.0,20.0,27.0)","slip_type":"Dextral-Reverse"},"geometry":{"type":"LineString","coordinates":[[173.67549722279674,-42.31552692886288],[173.63,-42.33500000049616],[173.31,-42.411700000526224],[173.02,-42.53170000057364],[172.78,-42.58170000059359]]}},{"type":"Feature","properties":{"average_dip":"(70,60,80)","average_rake":"(-9,-14,-7)","catalog_id":"NZ_480","catalog_name":"Litchfield_NZ_2013","dip_dir":"NW","name":"Hope Central West","net_slip_rate":"(17.0,14.0,20.0)","slip_type":"Dextral-Reverse"},"geometry":{"type":"LineString","coordinates":[[172.247,-42.630000000304186],[171.8250000000001,-42.74330000032682]]}},{"type":"Feature","properties":{"average_dip":"(70,60,80)","average_rake":"(0,0,0)","catalog_id":"NZ_481","catalog_name":"Litchfield_NZ_2013","dip_dir":"NW","name":"Hope Taramakau","net_slip_rate":"(3.0,2.0,4.0)","slip_type":"Dextral-Reverse"},"geometry":{"type":"LineString","coordinates":[[171.8250000000001,-42.74330000032682],[171.6650000000001,-42.76670000033135],[171.473,-42.73000000032334]]}},{"type":"Feature","properties":{"average_dip":"(55,40,70)","average_rake":"(-90,-90,-86)","catalog_id":"NZ_449","catalog_name":"Litchfield_NZ_2013","dip_dir":"NW","name":"Hundalee","net_slip_rate":"(1.22,0.43,2.34)","slip_type":"Reverse-Dextral"},"geometry":{"type":"LineString","coordinates":[[173.758,-42.41830000026219],[173.5,-42.518300000281954],[173.423,-42.580000000294206],[173.312,-42.638300000305854],[173.298,-42.68500000031524],[173.265,-42.6917000003166]]}},{"type":"Feature","properties":{"average_dip":"(45,35,65)","average_rake":"(-90,-100,-80)","catalog_id":"NZ_461","catalog_name":"Litchfield_NZ_2013","dip_dir":"W","name":"Inangahua","net_slip_rate":"(0.5,0.25,0.75)","slip_type":"Reverse"},"geometry":{"type":"LineString","coordinates":[[172.03000000000011,-41.72170000012936],[171.97800000000012,-41.81500000014673],[171.932,-41.86670000015638],[171.902,-41.88000000015886],[171.873,-41.90670000016385],[171.792,-42.01330000018391]]}},{"type":"Feature","properties":{"average_dip":"(55,45,65)","average_rake":"(-90,-100,-80)","catalog_id":"NZ_489","catalog_name":"Litchfield_NZ_2013","dip_dir":"W","name":"Kaiwara North","net_slip_rate":"(0.61,0.21,1.24)","slip_type":"Reverse"},"geometry":{"type":"LineString","coordinates":[[173.29,-42.601700000298536],[173.23,-42.658300000309886],[173.21,-42.76670000033178],[173.177,-42.80330000033923]]}},{"type":"Feature","properties":{"average_dip":"(55,40,70)","average_rake":"(0,0,0)","catalog_id":"NZ_488","catalog_name":"Litchfield_NZ_2013","dip_dir":"SE","name":"Kaiwara South","net_slip_rate":"(0.61,0.21,1.24)","slip_type":"Reverse-Dextral"},"geometry":{"type":"LineString","coordinates":[[173.162,-42.81500000034163],[173.107,-42.870000000352874],[173.0,-42.908300000360754],[172.955,-42.94000000036732],[172.692,-42.968300000373176]]}},{"type":"Feature","properties":{"average_dip":"(80,70,90)","average_rake":"(-4,-6,-4)","catalog_id":"NZ_482","catalog_name":"Litchfield_NZ_2013","dip_dir":"NW","name":"Kakapo","net_slip_rate":"(6.41,4.41,8.41)","slip_type":"Dextral-Reverse"},"geometry":{"type":"LineString","coordinates":[[172.563,-42.59330000029684],[172.225,-42.703300000318926],[172.02500000000012,-42.69170000031653]]}},{"type":"Feature","properties":{"average_dip":"(90,80,90)","average_rake":"(0,0,0)","catalog_id":"NZ_483","catalog_name":"Litchfield_NZ_2013","dip_dir":"NW","name":"Kelly","net_slip_rate":"(15.0,13.0,17.0)","slip_type":"Dextral-Reverse"},"geometry":{"type":"LineString","coordinates":[[171.8250000000001,-42.74330000032682],[171.383,-42.866700000350804],[171.14999999999984,-42.893300000354536]]}},{"type":"Feature","properties":{"average_dip":"(60,45,70)","average_rake":"(-110,-130,-90)","catalog_id":"NZ_535","catalog_name":"Litchfield_NZ_2013","dip_dir":"W","name":"Lake Heron","net_slip_rate":"(0.93,0.43,2.83)","slip_type":"Reverse-Sinistral"},"geometry":{"type":"LineString","coordinates":[[171.13490857223724,-43.20424051030949],[171.10182948687955,-43.399341781502685],[171.153,-43.54000000174254],[171.0974654446278,-43.625543177676136]]}},{"type":"Feature","properties":{"average_dip":"(55,40,70)","average_rake":"(-88,-90,-85)","catalog_id":"NZ_487","catalog_name":"Litchfield_NZ_2013","dip_dir":"SE","name":"Lowry","net_slip_rate":"(1.0,0.5,1.5)","slip_type":"Reverse"},"geometry":{"type":"LineString","coordinates":[[173.112,-42.67000000031225],[173.09,-42.70670000031962],[172.895,-42.84000000034674],[172.692,-42.9050000003601]]}},{"type":"Feature","properties":{"average_dip":"(60,50,70)","average_rake":"(-90,-100,-80)","catalog_id":"NZ_462","catalog_name":"Litchfield_NZ_2013","dip_dir":"E","name":"Lyell","net_slip_rate":"(0.2,0.2,0.2)","slip_type":"Reverse"},"geometry":{"type":"LineString","coordinates":[[172.187,-41.62000000011051],[172.103,-41.740000000132774],[172.092,-41.79500000014303],[172.037,-41.83670000015081],[171.998,-41.93000000016832]]}},{"type":"Feature","properties":{"average_dip":"(45,35,55)","average_rake":"(-90,-100,-80)","catalog_id":"NZ_460","catalog_name":"Litchfield_NZ_2013","dip_dir":"W","name":"Maimai","net_slip_rate":"(0.5,0.25,0.75)","slip_type":"Reverse"},"geometry":{"type":"LineString","coordinates":[[171.792,-42.01330000008977],[171.725,-42.10170000009808],[171.588,-42.19000000010622],[171.472,-42.271700000113704]]}},{"type":"Feature","properties":{"average_dip":"(55,40,70)","average_rake":"(-88,-90,-47)","catalog_id":"NZ_490","catalog_name":"Litchfield_NZ_2013","dip_dir":"SE","name":"Omihi","net_slip_rate":"(1.0,0.5,1.5)","slip_type":"Reverse-Dextral"},"geometry":{"type":"LineString","coordinates":[[172.938,-42.97830000037525],[172.847,-43.02670000038531],[172.792,-43.045000000389145],[172.778,-43.071700000394756]]}},{"type":"Feature","properties":{"average_dip":"(75,60,90)","average_rake":"(-12,-30,-8)","catalog_id":"NZ_491","catalog_name":"Litchfield_NZ_2013","dip_dir":"NW","name":"Porters Pass - Grey","net_slip_rate":"(3.5,3.1,4.1)","slip_type":"Dextral-Reverse"},"geometry":{"type":"LineString","coordinates":[[172.5580000000001,-43.13670000061525],[171.60000000000014,-43.343300000680735]]}},{"type":"Feature","properties":{"average_dip":"(80,70,90)","average_rake":"(-11,0,-45)","catalog_id":"NZ_484","catalog_name":"Litchfield_NZ_2013","dip_dir":"SE","name":"Poulter","net_slip_rate":"(1.0,0.5,1.7)","slip_type":"Dextral-Reverse"},"geometry":{"type":"LineString","coordinates":[[172.0820000000001,-42.75000000032835],[171.818,-42.84000000034653],[171.593,-42.981700000375334]]}},{"type":"Feature","properties":{"average_dip":"(65,55,75)","average_rake":"(-90,-100,-80)","catalog_id":"NZ_497","catalog_name":"Litchfield_NZ_2013","dip_dir":"NW","name":"Torlesse","net_slip_rate":"(0.5,0.25,0.75)","slip_type":"Reverse"},"geometry":{"type":"LineString","coordinates":[[171.61,-43.30170000044291],[171.8270000000001,-43.21500000042478],[171.88700000000014,-43.15330000041176],[171.98500000000013,-43.081700000396765],[172.08300000000014,-43.00830000038143]]}},{"type":"Feature","properties":{"average_dip":"(60,30,70)","average_rake":"(-90,-100,-70)","catalog_id":"NZ_464","catalog_name":"Litchfield_NZ_2013","dip_dir":"SE","name":"Waimea North","net_slip_rate":"(0.5,0.2,0.8)","slip_type":"Reverse"},"geometry":{"type":"LineString","coordinates":[[173.605,-41.06330000001399],[173.548,-41.14500000003651],[173.422,-41.24500000006407],[173.08,-41.420000000112346],[173.01,-41.46000000012337]]}},{"type":"Feature","properties":{"average_dip":"(60,30,70)","average_rake":"(-90,-100,-70)","catalog_id":"NZ_465","catalog_name":"Litchfield_NZ_2013","dip_dir":"SE","name":"Waimea South","net_slip_rate":"(0.5,0.2,0.8)","slip_type":"Reverse"},"geometry":{"type":"LineString","coordinates":[[172.88,-41.79170000021583],[172.92,-41.69000000018738],[172.893,-41.64500000017485],[172.935,-41.536700000144755],[173.013,-41.46500000012492]]}},{"type":"Feature","properties":{"average_dip":"(85,80,90)","average_rake":"(5,0,10)","catalog_id":"NZ_466","catalog_name":"Litchfield_NZ_2013","dip_dir":"SE","name":"Wairau A","net_slip_rate":"(4.0,3.0,5.0)","slip_type":"Dextral-Normal"},"geometry":{"type":"LineString","coordinates":[[173.26968721914503,-41.64663020209902],[172.88,-41.79170000050866]]}},{"type":"Feature","properties":{"average_dip":"(50,40,60)","average_rake":"(-90,-100,-80)","catalog_id":"NZ_486","catalog_name":"Litchfield_NZ_2013","dip_dir":"W","name":"Waitohi Downs","net_slip_rate":"(0.5,0.25,0.75)","slip_type":"Reverse"},"geometry":{"type":"LineString","coordinates":[[172.362,-42.9617000003718],[172.415,-42.95000000036939],[172.513,-42.87330000035356],[172.535,-42.85330000034945],[172.535,-42.815000000341634],[172.552,-42.80330000033925],[172.623,-42.785000000335494],[172.672,-42.746700000327714]]}},{"type":"Feature","properties":{"average_dip":"(45,35,55)","average_rake":"(-90,-100,-80)","catalog_id":"NZ_463","catalog_name":"Litchfield_NZ_2013","dip_dir":"E","name":"White Creek","net_slip_rate":"(0.2,0.1,0.3)","slip_type":"Reverse"},"geometry":{"type":"LineString","coordinates":[[172.233,-40.95499999998824],[172.22,-41.1083000000164],[172.242,-41.21330000003566],[172.195,-41.30170000005189],[172.223,-41.5950000001059],[172.197,-41.7567000001359],[172.152,-41.85170000015365],[172.143,-41.89830000016239],[172.098,-42.02500000018632]]}},{"type":"Feature","properties":{"average_dip":"(37,28,48)","average_rake":"(-80,-90,-70)","catalog_id":"NZ_476","catalog_name":"Litchfield_NZ_2013","dip_dir":"NW","name":"Jordan","net_slip_rate":"(20.0,18.0,22.0)","slip_type":"Reverse-Dextral"},"geometry":{"type":"LineString","coordinates":[[173.81651054561763,-42.09778757353202],[173.727,-42.19170000044061],[173.68,-42.31000000048644]]}},{"type":"Feature","properties":{"average_dip":"(60,45,70)","average_rake":"(-90,-100,-80)","catalog_id":"NZ_458","catalog_name":"Litchfield_NZ_2013","dip_dir":"SE","name":"Paparoa Rangefront","net_slip_rate":"(0.5,0.25,0.75)","slip_type":"Reverse"},"geometry":{"type":"LineString","coordinates":[[171.32,-42.228300000223534],[171.48,-42.07500000019494],[171.59,-41.87330000015715],[171.84,-41.666700000119015]]}},{"type":"Feature","properties":{"average_dip":"(35,25,45)","average_rake":"(-90,-100,-80)","catalog_id":"NZ_493","catalog_name":"Litchfield_NZ_2013","dip_dir":"NW","name":"Ashley","net_slip_rate":"(0.55,0.45,0.65)","slip_type":"Reverse"},"geometry":{"type":"LineString","coordinates":[[172.517,-43.26670000043601],[172.3,-43.25000000043243],[172.16700000000012,-43.3000000004431],[172.05000000000013,-43.316700000446644]]}},{"type":"Feature","properties":{"average_dip":"(50,40,60)","average_rake":"(-90,-100,-80)","catalog_id":"NZ_494","catalog_name":"Litchfield_NZ_2013","dip_dir":"NW","name":"Cust","net_slip_rate":"(0.22,0.1,0.3)","slip_type":"Reverse"},"geometry":{"type":"LineString","coordinates":[[172.4330000000001,-43.28330000043953],[172.2500000000001,-43.28330000043953],[172.2,-43.31670000044668],[172.033,-43.36670000045738]]}},{"type":"Feature","properties":{"average_dip":"(50,40,60)","average_rake":"(-90,-100,-80)","catalog_id":"NZ_495","catalog_name":"Litchfield_NZ_2013","dip_dir":"NW","name":"Springbank","net_slip_rate":"(0.22,0.1,0.3)","slip_type":"Reverse"},"geometry":{"type":"LineString","coordinates":[[172.5,-43.283300000439546],[172.333,-43.350000000453846],[172.2000000000001,-43.383300000461006],[172.05000000000013,-43.41670000046819]]}},{"type":"Feature","properties":{"average_dip":"(50,40,60)","average_rake":"(-90,-100,-80)","catalog_id":"NZ_496","catalog_name":"Litchfield_NZ_2013","dip_dir":"NW","name":"Hororata","net_slip_rate":"(0.5,0.4,0.6)","slip_type":"Reverse"},"geometry":{"type":"LineString","coordinates":[[172.05000000000013,-43.41670000046819],[171.5000000000001,-43.65000000051825]]}},{"type":"Feature","properties":{"average_dip":"(50,40,60)","average_rake":"(-90,-100,-80)","catalog_id":"NZ_492","catalog_name":"Litchfield_NZ_2013","dip_dir":"NW","name":"Springfield","net_slip_rate":"(0.5,0.25,1.0)","slip_type":"Reverse"},"geometry":{"type":"LineString","coordinates":[[171.5330000000001,-43.400000000463834],[172.15000000000012,-43.233300000428855]]}},{"type":"Feature","properties":{"average_dip":"(75,65,85)","average_rake":"(0,0,0)","catalog_id":"NZ_537","catalog_name":"Litchfield_NZ_2013","dip_dir":"SW","name":"Quartz Creek","net_slip_rate":"(0.15,0.1,0.2)","slip_type":"Reverse-Strike-Slip"},"geometry":{"type":"LineString","coordinates":[[171.02999999999975,-43.708300000527274],[171.09999999999985,-43.80000000054846]]}},{"type":"Feature","properties":{"average_dip":"(55,45,65)","average_rake":"(-90,-100,-80)","catalog_id":"NZ_536","catalog_name":"Litchfield_NZ_2013","dip_dir":"NW","name":"Hutt Peel","net_slip_rate":"(0.78,0.21,2.0)","slip_type":"Reverse"},"geometry":{"type":"LineString","coordinates":[[171.12,-44.05500000060541],[171.36,-43.81500000055404],[171.5100000000001,-43.558300000498186]]}},{"type":"Feature","properties":{"average_dip":"(45,30,70)","average_rake":"(-90,-100,-80)","catalog_id":"NZ_559","catalog_name":"Litchfield_NZ_2013","dip_dir":"W","name":"Pisa","net_slip_rate":"(0.1,0.02,0.43)","slip_type":"Reverse"},"geometry":{"type":"LineString","coordinates":[[169.519999999998,-44.75500000137671],[169.33000000000195,-44.84000000135352],[169.24800000000525,-44.93670000135988],[169.2020000000074,-44.96670000135258],[169.14000000001147,-45.05830000135741]]}},{"type":"Feature","properties":{"average_dip":"(45,30,60)","average_rake":"(-90,-100,-80)","catalog_id":"NZ_574","catalog_name":"Litchfield_NZ_2013","dip_dir":"NW","name":"Nevis","net_slip_rate":"(0.4,0.2,0.6)","slip_type":"Reverse"},"geometry":{"type":"LineString","coordinates":[[168.92200000002808,-45.02670000164651],[168.97800000002402,-45.118300001713706],[168.96500000002652,-45.20170000173658],[168.89158758053287,-45.316831287328554],[168.76800000005673,-45.44000000167779],[168.72200000006663,-45.510000001655236],[168.6320000000876,-45.568300001590586]]}},{"type":"Feature","properties":{"average_dip":"(45,35,55)","average_rake":"(-90,-100,-80)","catalog_id":"NZ_573","catalog_name":"Litchfield_NZ_2013","dip_dir":"W","name":"Old Man","net_slip_rate":"(0.01,0.001,0.012)","slip_type":"Reverse"},"geometry":{"type":"LineString","coordinates":[[169.20800000000955,-45.223300001434275],[169.22700000000864,-45.22830000144311],[169.27300000000724,-45.293300001476574],[169.28200000000754,-45.376700001497376],[169.30500000000742,-45.475000001521096],[169.2950000000081,-45.510000001521476],[169.3070000000079,-45.54670000152896],[169.31500000000804,-45.61170000153481],[169.34800000000718,-45.66330000154596]]}},{"type":"Feature","properties":{"average_dip":"(45,30,60)","average_rake":"(-90,-100,-80)","catalog_id":"NZ_546","catalog_name":"Litchfield_NZ_2013","dip_dir":"W","name":"Ostler","net_slip_rate":"(1.27,0.7,2.41)","slip_type":"Reverse"},"geometry":{"type":"LineString","coordinates":[[170.09799999999635,-43.95500000053794],[170.0599999999965,-44.200000000587984],[169.9719999999964,-44.400000000621205],[169.84499999999625,-44.52170000062923]]}},{"type":"Feature","properties":{"average_dip":"(45,30,70)","average_rake":"(0,0,0)","catalog_id":"NZ_553","catalog_name":"Litchfield_NZ_2013","dip_dir":"NW","name":"Ahuriri River","net_slip_rate":"(0.5,0.1,1.0)","slip_type":"Reverse-Dextral"},"geometry":{"type":"LineString","coordinates":[[169.64743510868945,-44.16951121313955],[169.62299999999496,-44.213300000846914],[169.6129999999954,-44.29830000087254],[169.69199999999586,-44.44500000093656]]}},{"type":"Feature","properties":{"average_dip":"(45,30,60)","average_rake":"(-90,-100,-80)","catalog_id":"NZ_539","catalog_name":"Litchfield_NZ_2013","dip_dir":"NW","name":"Irishman Creek","net_slip_rate":"(0.79,0.12,1.42)","slip_type":"Reverse"},"geometry":{"type":"LineString","coordinates":[[170.54299999999859,-43.87170000083714],[170.36781478773474,-43.98472259656692],[170.15999999999687,-44.09830000088773]]}},{"type":"Feature","properties":{"average_dip":"(75,60,90)","average_rake":"(0,0,0)","catalog_id":"NZ_554","catalog_name":"Litchfield_NZ_2013","dip_dir":"W","name":"Lindis Pass","net_slip_rate":"(0.47,0.1,1.31)","slip_type":"Reverse-Dextral"},"geometry":{"type":"LineString","coordinates":[[169.69699999999585,-44.45170000058844],[169.61799999999695,-44.696700000622485],[169.51999999999796,-44.755000000610515]]}},{"type":"Feature","properties":{"average_dip":"(60,45,70)","average_rake":"(-90,-100,-80)","catalog_id":"NZ_558","catalog_name":"Litchfield_NZ_2013","dip_dir":"SE","name":"Grandview","net_slip_rate":"(0.1,0.02,0.43)","slip_type":"Reverse"},"geometry":{"type":"LineString","coordinates":[[169.29500000000058,-44.55500000050284],[169.30000000000143,-44.67330000052835],[169.353000000001,-44.80330000057131],[169.34200000000152,-44.83330000057334]]}},{"type":"Feature","properties":{"average_dip":"(60,45,70)","average_rake":"(-63,-90,-45)","catalog_id":"NZ_557","catalog_name":"Litchfield_NZ_2013","dip_dir":"NW","name":"Cardrona South","net_slip_rate":"(0.378,0.11,1.39)","slip_type":"Reverse-Dextral"},"geometry":{"type":"LineString","coordinates":[[169.0380000000149,-44.80500000044448],[168.90700000002997,-45.043300000414824]]}},{"type":"Feature","properties":{"average_dip":"(60,45,70)","average_rake":"(-63,-90,-45)","catalog_id":"NZ_556","catalog_name":"Litchfield_NZ_2013","dip_dir":"NW","name":"Cardrona North","net_slip_rate":"(0.378,0.11,1.39)","slip_type":"Reverse-Dextral"},"geometry":{"type":"LineString","coordinates":[[169.2950000000006,-44.5583000005035],[169.2350000000032,-44.64330000049878],[169.0380000000149,-44.80500000044448]]}},{"type":"Feature","properties":{"average_dip":"(70,60,80)","average_rake":"(-63,-90,-45)","catalog_id":"NZ_555","catalog_name":"Litchfield_NZ_2013","dip_dir":"NE","name":"Blue Lake","net_slip_rate":"(0.47,0.1,1.22)","slip_type":"Reverse-Dextral"},"geometry":{"type":"LineString","coordinates":[[169.90699999999725,-44.940000000721064],[169.8199999999971,-44.88830000069826],[169.70999999999668,-44.69500000064129],[169.737,-44.61330000062984]]}},{"type":"Feature","properties":{"average_dip":"(45,30,60)","average_rake":"(-90,-100,-80)","catalog_id":"NZ_560","catalog_name":"Litchfield_NZ_2013","dip_dir":"NW","name":"Dunstan","net_slip_rate":"(0.9,0.25,1.5)","slip_type":"Reverse"},"geometry":{"type":"LineString","coordinates":[[169.2970000000057,-45.21330000146528],[169.340000000004,-45.17500000146955],[169.35800000000324,-45.14330000146636],[169.47500000000025,-45.07500000148054],[169.70199999999747,-44.93000000148438],[169.78299999999697,-44.83670000146464]]}},{"type":"Feature","properties":{"average_dip":"(45,30,60)","average_rake":"(-90,-100,-80)","catalog_id":"NZ_561","catalog_name":"Litchfield_NZ_2013","dip_dir":"NW","name":"Raggedy","net_slip_rate":"(0.14,0.09,0.3)","slip_type":"Reverse"},"geometry":{"type":"LineString","coordinates":[[169.90499999999727,-44.941700002325156],[169.82799999999745,-45.02000000235466],[169.69396390609148,-45.12227043942404],[169.61499999999896,-45.19830000239675]]}},{"type":"Feature","properties":{"average_dip":"(45,30,60)","average_rake":"(0,0,0)","catalog_id":"NZ_564","catalog_name":"Litchfield_NZ_2013","dip_dir":"NW","name":"Ranfurly","net_slip_rate":"(0.05,0.02,0.1)","slip_type":"Reverse"},"geometry":{"type":"LineString","coordinates":[[170.1829999999981,-45.08500000119096],[170.13999999999808,-45.135000001198605],[170.03999999999786,-45.16670000119498]]}},{"type":"Feature","properties":{"average_dip":"(45,30,60)","average_rake":"(-90,-100,-80)","catalog_id":"NZ_562","catalog_name":"Litchfield_NZ_2013","dip_dir":"NW","name":"Gimmerburn","net_slip_rate":"(0.35,0.12,0.91)","slip_type":"Reverse"},"geometry":{"type":"LineString","coordinates":[[170.08499999999768,-44.99170000237436],[169.94299999999777,-45.17000000244332],[169.90170067796052,-45.27999977809189],[169.87699999999813,-45.33170000249602]]}},{"type":"Feature","properties":{"average_dip":"(45,30,60)","average_rake":"(-90,-100,-80)","catalog_id":"NZ_566","catalog_name":"Litchfield_NZ_2013","dip_dir":"NW","name":"Hyde","net_slip_rate":"(0.71,0.23,1.8)","slip_type":"Reverse"},"geometry":{"type":"LineString","coordinates":[[169.95299999999858,-45.60000000256091],[170.04299999999847,-45.55170000256828],[170.0649999999984,-45.50830000256483],[170.12587517838335,-45.43813735157144],[170.22999999999845,-45.34000000426313],[170.25999999999846,-45.261700002514516]]}},{"type":"Feature","properties":{"average_dip":"(45,30,60)","average_rake":"(-90,-100,-80)","catalog_id":"NZ_568","catalog_name":"Litchfield_NZ_2013","dip_dir":"NW","name":"Billys Ridge","net_slip_rate":"(0.5,0.0,1.0)","slip_type":"Reverse"},"geometry":{"type":"LineString","coordinates":[[170.51799999999918,-45.34000000212754],[170.33799999999877,-45.43330000213891],[170.28999999999883,-45.50670000214781],[170.21799999999863,-45.55170000214719]]}},{"type":"Feature","properties":{"average_dip":"(45,30,60)","average_rake":"(-90,-100,-80)","catalog_id":"NZ_567","catalog_name":"Litchfield_NZ_2013","dip_dir":"NW","name":"Taieri Ridge","net_slip_rate":"(0.71,0.12,1.26)","slip_type":"Reverse"},"geometry":{"type":"LineString","coordinates":[[170.476999999999,-45.2817000016811],[170.41999999999896,-45.335000001690204],[170.31299999999874,-45.396700001695514],[170.2729999999987,-45.46000000170277],[170.18799999999857,-45.516700001702496]]}},{"type":"Feature","properties":{"average_dip":"(45,30,60)","average_rake":"(-90,-100,-80)","catalog_id":"NZ_565","catalog_name":"Litchfield_NZ_2013","dip_dir":"SE","name":"Waipiata","net_slip_rate":"(0.5,0.0,1.0)","slip_type":"Reverse"},"geometry":{"type":"LineString","coordinates":[[170.22199999999827,-45.11830000203445],[170.14699999999812,-45.20000000205785],[170.0899999999981,-45.23500000206395],[169.96199999999814,-45.355000002084026],[169.92999999999827,-45.42830000209644],[169.78699999999884,-45.51670000208835],[169.72699999999938,-45.57170000208266]]}},{"type":"Feature","properties":{"average_dip":"(60,45,70)","average_rake":"(-90,-100,-80)","catalog_id":"NZ_563","catalog_name":"Litchfield_NZ_2013","dip_dir":"SE","name":"Long Valley","net_slip_rate":"(0.5,0.11,1.15)","slip_type":"Reverse"},"geometry":{"type":"LineString","coordinates":[[169.7869999999983,-45.315000002046176],[169.76203189121267,-45.3377848828521],[169.68026227264622,-45.39751346160069],[169.617,-45.4567000020448]]}},{"type":"Feature","properties":{"average_dip":"(60,50,70)","average_rake":"(49,28,69)","catalog_id":"NZ_478","catalog_name":"Litchfield_NZ_2013","dip_dir":"S","name":"Hanmer","net_slip_rate":"(2.29,1.18,4.78)","slip_type":"Normal-Dextral"},"geometry":{"type":"LineString","coordinates":[[172.733,-42.518300000281954],[172.797,-42.52170000028261],[172.947,-42.543300000286884]]}},{"type":"Feature","properties":{"average_dip":"(60,50,70)","average_rake":"(90,80,100)","catalog_id":"NZ_1","catalog_name":"Litchfield_NZ_2013","dip_dir":"W","name":"Wairoa North","net_slip_rate":"(0.09,0.07,0.11)","slip_type":"Normal"},"geometry":{"type":"LineString","coordinates":[[175.15000000000185,-37.18999999863711],[175.07200000000148,-37.024999999039],[175.0170000000012,-36.969999998536515]]}},{"type":"Feature","properties":{"average_dip":"(60,45,70)","average_rake":"(90,80,100)","catalog_id":"NZ_2","catalog_name":"Litchfield_NZ_2013","dip_dir":"W","name":"Kerepehi North","net_slip_rate":"(0.15,0.1,0.2)","slip_type":"Normal-Dextral"},"geometry":{"type":"LineString","coordinates":[[175.52000000000513,-37.2749999991065],[175.63800000000677,-37.449999999155374]]}},{"type":"Feature","properties":{"average_dip":"(60,45,70)","average_rake":"(90,80,100)","catalog_id":"NZ_3","catalog_name":"Litchfield_NZ_2013","dip_dir":"W","name":"Kerepehi Central","net_slip_rate":"(0.3,0.25,0.4)","slip_type":"Normal-Dextral"},"geometry":{"type":"LineString","coordinates":[[175.57200000000574,-37.44669999915709],[175.64800000000685,-37.604999999201475],[175.77000000000902,-37.678299999216975],[175.78700000000933,-37.708299999224806]]}},{"type":"Feature","properties":{"average_dip":"(60,45,70)","average_rake":"(90,80,100)","catalog_id":"NZ_4","catalog_name":"Litchfield_NZ_2013","dip_dir":"W","name":"Kerepehi South","net_slip_rate":"(0.15,0.1,0.2)","slip_type":"Normal-Dextral"},"geometry":{"type":"LineString","coordinates":[[175.73200000000818,-37.69999999922543],[175.78300000000922,-37.76499999924156],[175.8500000000105,-37.87999999927046]]}},{"type":"Feature","properties":{"average_dip":"(45,35,55)","average_rake":"(90,80,100)","catalog_id":"NZ_152","catalog_name":"Litchfield_NZ_2013","dip_dir":"SE","name":"Braemar","net_slip_rate":"(2.0,1.0,3.0)","slip_type":"Normal"},"geometry":{"type":"LineString","coordinates":[[176.7580000000552,-37.92499999880782],[176.71200000005092,-38.0016999988513],[176.62800000004444,-38.0616999988957],[176.59700000004213,-38.09329999891534],[176.52300000003723,-38.133299998946654]]}},{"type":"Feature","properties":{"average_dip":"(60,50,70)","average_rake":"(90,80,100)","catalog_id":"NZ_156","catalog_name":"Litchfield_NZ_2013","dip_dir":"SE","name":"Rotoitipakau","net_slip_rate":"(1.7,1.01,2.46)","slip_type":"Normal"},"geometry":{"type":"LineString","coordinates":[[176.74300000005314,-38.02999999918191],[176.72200000005142,-38.041699999190435],[176.6900000000489,-38.05329999920145],[176.6270000000442,-38.08669999922507],[176.59800000004216,-38.10669999923677]]}},{"type":"Feature","properties":{"average_dip":"(60,50,70)","average_rake":"(90,80,100)","catalog_id":"NZ_237","catalog_name":"Litchfield_NZ_2013","dip_dir":"NW","name":"Awakeri","net_slip_rate":"(0.25,0.1,0.5)","slip_type":"Normal"},"geometry":{"type":"LineString","coordinates":[[176.8780000000651,-37.95829999912432],[176.86000000006308,-38.00669999914282],[176.81700000005867,-38.08499999917632]]}},{"type":"Feature","properties":{"average_dip":"(80,70,90)","average_rake":"(0,0,0)","catalog_id":"NZ_242","catalog_name":"Litchfield_NZ_2013","dip_dir":"W","name":"Wheao North","net_slip_rate":"(0.25,0.1,0.4)","slip_type":"Normal-Dextral"},"geometry":{"type":"LineString","coordinates":[[176.7900000000545,-38.30829999866422],[176.70800000004763,-38.41169999901474],[176.67800000004473,-38.526699999065634],[176.62700000004105,-38.5932999991025],[176.6130000000399,-38.629999998871945]]}},{"type":"Feature","properties":{"average_dip":"(80,70,90)","average_rake":"(0,0,0)","catalog_id":"NZ_243","catalog_name":"Litchfield_NZ_2013","dip_dir":"W","name":"Wheao South","net_slip_rate":"(0.25,0.1,0.4)","slip_type":"Normal-Dextral"},"geometry":{"type":"LineString","coordinates":[[176.6130000000399,-38.62999999936644],[176.58200000003757,-38.7182999993945],[176.5950000000362,-39.069999999472266]]}},{"type":"Feature","properties":{"average_dip":"(50,40,60)","average_rake":"(90,80,100)","catalog_id":"NZ_155","catalog_name":"Litchfield_NZ_2013","dip_dir":"NW","name":"Edgecumbe 1987","net_slip_rate":"(2.61,1.87,5.98)","slip_type":"Normal"},"geometry":{"type":"LineString","coordinates":[[176.87000000006438,-37.96169999912769],[176.84700000006214,-37.979999999139544],[176.82800000006034,-38.001699999150944],[176.802000000058,-38.016699999162384],[176.76200000005463,-38.03169999917735],[176.74200000005285,-38.05169999918797],[176.7020000000497,-38.069999999203]]}},{"type":"Feature","properties":{"average_dip":"(50,40,60)","average_rake":"(90,80,100)","catalog_id":"NZ_154","catalog_name":"Litchfield_NZ_2013","dip_dir":"NW","name":"Edgecumbe Coastal","net_slip_rate":"(2.2,1.5,3.0)","slip_type":"Normal"},"geometry":{"type":"LineString","coordinates":[[176.96500000007387,-37.90169999701045],[176.87000000006438,-37.96169999710871]]}},{"type":"Feature","properties":{"average_dip":"(60,50,70)","average_rake":"(90,80,100)","catalog_id":"NZ_158","catalog_name":"Litchfield_NZ_2013","dip_dir":"SE","name":"Ngakuru Southwest","net_slip_rate":"(0.5,0.4,0.6)","slip_type":"Normal"},"geometry":{"type":"LineString","coordinates":[[176.25000000002294,-38.19999999901753],[176.20000000002074,-38.26669999905049]]}},{"type":"Feature","properties":{"average_dip":"(60,50,70)","average_rake":"(90,80,100)","catalog_id":"NZ_159","catalog_name":"Litchfield_NZ_2013","dip_dir":"SE","name":"Ngakuru New","net_slip_rate":"(0.57735,0.32374,0.923177)","slip_type":"Normal"},"geometry":{"type":"LineString","coordinates":[[176.27000000002383,-38.20999999901891],[176.14000000001826,-38.33999999908641]]}},{"type":"Feature","properties":{"average_dip":"(60,50,70)","average_rake":"(90,80,100)","catalog_id":"NZ_157","catalog_name":"Litchfield_NZ_2013","dip_dir":"SE","name":"Horohoro","net_slip_rate":"(0.2,0.15,0.27)","slip_type":"Normal"},"geometry":{"type":"LineString","coordinates":[[176.13200000001817,-38.28329999935683],[176.19300000002056,-38.21669999933224],[176.295000000025,-38.15999999930394]]}},{"type":"Feature","properties":{"average_dip":"(60,50,70)","average_rake":"(90,80,100)","catalog_id":"NZ_160","catalog_name":"Litchfield_NZ_2013","dip_dir":"SE","name":"Maleme","net_slip_rate":"(3.5,2.5,4.5)","slip_type":"Normal"},"geometry":{"type":"LineString","coordinates":[[176.25200000002278,-38.28829999934376],[176.105000000017,-38.393299999388404]]}},{"type":"Feature","properties":{"average_dip":"(60,50,70)","average_rake":"(90,80,100)","catalog_id":"NZ_161","catalog_name":"Litchfield_NZ_2013","dip_dir":"NW","name":"Mangatete","net_slip_rate":"(0.12,0.05,0.2)","slip_type":"Normal"},"geometry":{"type":"LineString","coordinates":[[176.22000000002137,-38.319999999356156],[176.17000000001931,-38.36999999937518]]}},{"type":"Feature","properties":{"average_dip":"(60,50,70)","average_rake":"(90,80,100)","catalog_id":"NZ_162","catalog_name":"Litchfield_NZ_2013","dip_dir":"NW","name":"Whirinaki West","net_slip_rate":"(0.2,0.1,0.3)","slip_type":"Normal"},"geometry":{"type":"LineString","coordinates":[[176.18800000001994,-38.36999999937306],[176.25300000002278,-38.29329999934495]]}},{"type":"Feature","properties":{"average_dip":"(60,50,70)","average_rake":"(90,80,100)","catalog_id":"NZ_163","catalog_name":"Litchfield_NZ_2013","dip_dir":"NW","name":"Whirinaki East","net_slip_rate":"(0.3,0.2,0.4)","slip_type":"Normal"},"geometry":{"type":"LineString","coordinates":[[176.19000000002004,-38.37999999937542],[176.22300000002141,-38.33829999936055],[176.27700000002378,-38.29829999934304]]}},{"type":"Feature","properties":{"average_dip":"(60,50,70)","average_rake":"(90,80,100)","catalog_id":"NZ_164","catalog_name":"Litchfield_NZ_2013","dip_dir":"NW","name":"Hossack Road","net_slip_rate":"(0.12,0.05,0.2)","slip_type":"Normal"},"geometry":{"type":"LineString","coordinates":[[176.2200000000213,-38.34999999936398],[176.25000000002254,-38.329999999354925]]}},{"type":"Feature","properties":{"average_dip":"(60,50,70)","average_rake":"(90,80,100)","catalog_id":"NZ_165","catalog_name":"Litchfield_NZ_2013","dip_dir":"NW","name":"Te Weta","net_slip_rate":"(0.46,0.22,0.79)","slip_type":"Normal"},"geometry":{"type":"LineString","coordinates":[[176.2200000000212,-38.389999999652346],[176.32000000002571,-38.2899999996261]]}},{"type":"Feature","properties":{"average_dip":"(60,50,70)","average_rake":"(90,80,100)","catalog_id":"NZ_166","catalog_name":"Litchfield_NZ_2013","dip_dir":"NW","name":"Paeroa","net_slip_rate":"(1.85,1.29,2.64)","slip_type":"Normal"},"geometry":{"type":"LineString","coordinates":[[176.19700000002015,-38.42999999938743],[176.27000000002334,-38.35999999936003],[176.32300000002584,-38.31169999934004],[176.4000000000298,-38.25169999931245]]}},{"type":"Feature","properties":{"average_dip":"(60,50,70)","average_rake":"(90,80,100)","catalog_id":"NZ_167","catalog_name":"Litchfield_NZ_2013","dip_dir":"NW","name":"Ngapouri","net_slip_rate":"(0.23,0.11,0.4)","slip_type":"Normal"},"geometry":{"type":"LineString","coordinates":[[176.43000000003119,-38.28999999931743],[176.27000000002334,-38.35999999936003]]}},{"type":"Feature","properties":{"average_dip":"(60,50,70)","average_rake":"(90,80,100)","catalog_id":"NZ_168","catalog_name":"Litchfield_NZ_2013","dip_dir":"NW","name":"Tuahu","net_slip_rate":"(0.5,0.3,0.7)","slip_type":"Normal"},"geometry":{"type":"LineString","coordinates":[[176.07500000001588,-38.44169999913286],[176.1470000000184,-38.39499999910712]]}},{"type":"Feature","properties":{"average_dip":"(60,50,70)","average_rake":"(90,80,100)","catalog_id":"NZ_169","catalog_name":"Litchfield_NZ_2013","dip_dir":"SE","name":"Lake Ohakuri","net_slip_rate":"(1.7,1.3,2.1)","slip_type":"Normal"},"geometry":{"type":"LineString","coordinates":[[176.17700000001952,-38.379999999376956],[176.13200000001785,-38.41329999939065],[176.0400000000147,-38.50169999942262]]}},{"type":"Feature","properties":{"average_dip":"(60,50,70)","average_rake":"(90,80,100)","catalog_id":"NZ_171","catalog_name":"Litchfield_NZ_2013","dip_dir":"NW","name":"Puketerata","net_slip_rate":"(1.8,1.3,2.3)","slip_type":"Normal"},"geometry":{"type":"LineString","coordinates":[[176.12000000001737,-38.44999999886142],[176.01000000001375,-38.55999999892838]]}},{"type":"Feature","properties":{"average_dip":"(60,50,70)","average_rake":"(90,80,100)","catalog_id":"NZ_173","catalog_name":"Litchfield_NZ_2013","dip_dir":"NW","name":"Orakeikorako","net_slip_rate":"(1.8,1.3,2.3)","slip_type":"Normal"},"geometry":{"type":"LineString","coordinates":[[176.1800000000195,-38.44999999939456],[176.05000000001493,-38.55999999943633]]}},{"type":"Feature","properties":{"average_dip":"(60,50,70)","average_rake":"(90,80,100)","catalog_id":"NZ_174","catalog_name":"Litchfield_NZ_2013","dip_dir":"NW","name":"Orakonui","net_slip_rate":"(0.6,0.2,1.0)","slip_type":"Normal"},"geometry":{"type":"LineString","coordinates":[[176.20000000002017,-38.46999999939723],[176.04000000001457,-38.589999999444785]]}},{"type":"Feature","properties":{"average_dip":"(60,50,70)","average_rake":"(90,80,100)","catalog_id":"NZ_178","catalog_name":"Litchfield_NZ_2013","dip_dir":"SE","name":"Aratiatia","net_slip_rate":"(0.8,0.5,1.1)","slip_type":"Normal"},"geometry":{"type":"LineString","coordinates":[[176.20000000001994,-38.569999999422365],[176.11000000001658,-38.679999999459866]]}},{"type":"Feature","properties":{"average_dip":"(60,50,70)","average_rake":"(90,80,100)","catalog_id":"NZ_170","catalog_name":"Litchfield_NZ_2013","dip_dir":"SE","name":"West Whangamata","net_slip_rate":"(1.9,1.4,2.4)","slip_type":"Normal"},"geometry":{"type":"LineString","coordinates":[[175.91000000001108,-38.599999999458454],[176.03000000001444,-38.499999999423125]]}},{"type":"Feature","properties":{"average_dip":"(60,50,70)","average_rake":"(90,80,100)","catalog_id":"NZ_172","catalog_name":"Litchfield_NZ_2013","dip_dir":"SE","name":"Whangamata","net_slip_rate":"(1.3,0.9,1.7)","slip_type":"Normal"},"geometry":{"type":"LineString","coordinates":[[176.01000000001375,-38.559999999440095],[175.9200000000112,-38.649999999470076]]}},{"type":"Feature","properties":{"average_dip":"(60,50,70)","average_rake":"(90,80,100)","catalog_id":"NZ_175","catalog_name":"Litchfield_NZ_2013","dip_dir":"SE","name":"Ngangiho","net_slip_rate":"(0.8,0.5,1.1)","slip_type":"Normal"},"geometry":{"type":"LineString","coordinates":[[176.00000000001342,-38.59999999945098],[175.91000000001094,-38.69999999948314]]}},{"type":"Feature","properties":{"average_dip":"(60,50,70)","average_rake":"(90,80,100)","catalog_id":"NZ_176","catalog_name":"Litchfield_NZ_2013","dip_dir":"NW","name":"Whakaipo","net_slip_rate":"(0.6,0.3,0.9)","slip_type":"Normal"},"geometry":{"type":"LineString","coordinates":[[176.03000000001424,-38.60999999945071],[175.97000000001245,-38.68999999947581]]}},{"type":"Feature","properties":{"average_dip":"(60,50,70)","average_rake":"(90,80,100)","catalog_id":"NZ_177","catalog_name":"Litchfield_NZ_2013","dip_dir":"NW","name":"Kaiapo","net_slip_rate":"(1.8,1.3,2.3)","slip_type":"Normal"},"geometry":{"type":"LineString","coordinates":[[176.07000000001543,-38.599999999444314],[175.9800000000127,-38.71999999948226]]}},{"type":"Feature","properties":{"average_dip":"(0,0,0)","average_rake":"(-90,-100,-80)","catalog_id":"NZ_179","catalog_name":"Litchfield_NZ_2013","dip_dir":"NW","name":"Kaingaroa","net_slip_rate":"(0.5,0.4,0.6)","slip_type":"Normal"},"geometry":{"type":"LineString","coordinates":[[176.1000000000158,-38.90999999930307],[176.18000000001865,-38.77999999924754]]}},{"type":"Feature","properties":{"average_dip":"(70,60,75)","average_rake":"(20,10,30)","catalog_id":"NZ_239","catalog_name":"Litchfield_NZ_2013","dip_dir":"W","name":"Waiohau South","net_slip_rate":"(0.7,0.5,0.9)","slip_type":"Dextral-Normal"},"geometry":{"type":"LineString","coordinates":[[176.83000000005674,-38.40829999925537],[176.8370000000553,-38.61169999930273],[176.75700000004738,-38.87329999938706],[176.6350000000387,-39.023299999452526]]}},{"type":"Feature","properties":{"average_dip":"(65,60,70)","average_rake":"(70,45,90)","catalog_id":"NZ_238","catalog_name":"Litchfield_NZ_2013","dip_dir":"W","name":"Waiohau North","net_slip_rate":"(0.7,0.5,0.9)","slip_type":"Normal-Dextral"},"geometry":{"type":"LineString","coordinates":[[176.7950000000572,-38.04329999917147],[176.8270000000586,-38.18169999919875],[176.8150000000567,-38.281699999227975],[176.83200000005692,-38.404999999253974]]}},{"type":"Feature","properties":{"average_dip":"(75,65,85)","average_rake":"(-15,-25,-5)","catalog_id":"NZ_282","catalog_name":"Litchfield_NZ_2013","dip_dir":"SE","name":"Ohariu Central","net_slip_rate":"(1.5,1.0,2.0)","slip_type":"Dextral-Reverse"},"geometry":{"type":"LineString","coordinates":[[175.13500000000107,-40.80169999991661],[174.89833329982088,-41.0833333386355],[174.84000000000032,-41.128300000040944]]}},{"type":"Feature","properties":{"average_dip":"(60,50,50)","average_rake":"(-90,-100,-80)","catalog_id":"NZ_270","catalog_name":"Litchfield_NZ_2013","dip_dir":"W","name":"Pohangina Anticline","net_slip_rate":"(0.1,0.02,0.43)","slip_type":"Reverse"},"geometry":{"type":"LineString","coordinates":[[175.8580000000082,-40.03829999977806],[175.79500000000704,-40.141699999802746],[175.65000000000492,-40.31999999984578]]}},{"type":"Feature","properties":{"average_dip":"(60,50,70)","average_rake":"(-90,-100,-80)","catalog_id":"NZ_273","catalog_name":"Litchfield_NZ_2013","dip_dir":"W","name":"Levin Anticline","net_slip_rate":"(0.2,0.1,0.3)","slip_type":"Reverse"},"geometry":{"type":"LineString","coordinates":[[175.3670000000023,-40.53329999976747],[175.25700000000163,-40.62829999981501]]}},{"type":"Feature","properties":{"average_dip":"(60,50,70)","average_rake":"(-90,-100,-80)","catalog_id":"NZ_265","catalog_name":"Litchfield_NZ_2013","dip_dir":"W","name":"Marton Anticline","net_slip_rate":"(0.2,0.1,0.3)","slip_type":"Reverse"},"geometry":{"type":"LineString","coordinates":[[175.3570000000024,-40.04169999989469],[175.34800000000234,-40.139999999904504],[175.27300000000182,-40.249999999917094]]}},{"type":"Feature","properties":{"average_dip":"(80,70,90)","average_rake":"(-10,-20,0)","catalog_id":"NZ_296","catalog_name":"Litchfield_NZ_2013","dip_dir":"NW","name":"Wellington Pahiatua","net_slip_rate":"(5.7,5.2,6.3)","slip_type":"Dextral-Reverse"},"geometry":{"type":"LineString","coordinates":[[175.97200000001015,-40.18829999956797],[175.8370000000075,-40.3282999996466],[175.7220000000057,-40.44329999970908],[175.52800000000343,-40.68999999983479]]}},{"type":"Feature","properties":{"average_dip":"(60,50,70)","average_rake":"(-90,-100,-80)","catalog_id":"NZ_269","catalog_name":"Litchfield_NZ_2013","dip_dir":"W","name":"Feilding Anticline","net_slip_rate":"(0.3,0.2,0.4)","slip_type":"Reverse"},"geometry":{"type":"LineString","coordinates":[[175.52800000000366,-40.244999999908224],[175.61800000000466,-40.12829999989293],[175.6900000000056,-40.08329999988476],[175.73700000000628,-40.01169999987504]]}},{"type":"Feature","properties":{"average_dip":"(45,40,70)","average_rake":"(-90,-100,-80)","catalog_id":"NZ_572","catalog_name":"Litchfield_NZ_2013","dip_dir":"SE","name":"Spylaw","net_slip_rate":"(0.28,0.11,0.47)","slip_type":"Reverse"},"geometry":{"type":"LineString","coordinates":[[169.4000000000061,-45.76500000155482],[169.29200000001038,-45.78670000151496],[169.24500000001257,-45.776700001498824],[169.16917066032553,-45.8034511539139],[169.07300000002522,-45.850000001409505],[169.00200000003295,-45.91670000135402],[168.89500000004645,-45.94000000128476],[168.85800000005221,-45.95830000125464]]}},{"type":"Feature","properties":{"average_dip":"(45,40,70)","average_rake":"(-90,-100,-80)","catalog_id":"NZ_571","catalog_name":"Litchfield_NZ_2013","dip_dir":"SE","name":"Blue Mountains","net_slip_rate":"(0.28,0.11,0.32)","slip_type":"Reverse"},"geometry":{"type":"LineString","coordinates":[[169.2400000000153,-46.061700001398215],[169.26500000001332,-45.98830000144536],[169.2942165023968,-45.93963272731206],[169.34800000000877,-45.88830000151191],[169.3580000000082,-45.87000000152036],[169.445000000005,-45.81330000156071],[169.60500000000107,-45.69670000161736]]}},{"type":"Feature","properties":{"average_dip":"(45,35,45)","average_rake":"(-90,-100,-80)","catalog_id":"NZ_575","catalog_name":"Litchfield_NZ_2013","dip_dir":"SW","name":"Hokonui","net_slip_rate":"(0.5,0.2,0.8)","slip_type":"Reverse"},"geometry":{"type":"LineString","coordinates":[[168.28300000021582,-45.62330000036389],[168.41000000016612,-45.80830000049094],[168.51700000012997,-45.893300000580496],[168.60800000010445,-45.955000000645015],[168.7796631059473,-45.992341018133985],[168.89604085688126,-46.03589052921422]]}},{"type":"Feature","properties":{"average_dip":"(60,50,70)","average_rake":"(0,0,0)","catalog_id":"NZ_576","catalog_name":"Litchfield_NZ_2013","dip_dir":"W","name":"Takitimu 2","net_slip_rate":"(0.5,0.2,0.8)","slip_type":"Reverse-Dextral"},"geometry":{"type":"LineString","coordinates":[[168.2370000002427,-45.66670000030586],[168.1350000003102,-45.73330000016507],[168.04200000038102,-45.741700000027514]]}},{"type":"Feature","properties":{"average_dip":"(60,50,70)","average_rake":"(0,0,0)","catalog_id":"NZ_577","catalog_name":"Litchfield_NZ_2013","dip_dir":"W","name":"Takitimu 1","net_slip_rate":"(0.5,0.2,0.8)","slip_type":"Reverse-Dextral"},"geometry":{"type":"LineString","coordinates":[[167.98700000042473,-45.69169999994554],[167.99000000042383,-45.71499999994831],[167.94200000047735,-45.811699999855136]]}},{"type":"Feature","properties":{"average_dip":"(70,50,90)","average_rake":"(-60,-90,-30)","catalog_id":"NZ_590","catalog_name":"Litchfield_NZ_2013","dip_dir":"W","name":"Te Anau","net_slip_rate":"(0.5,0.3,0.8)","slip_type":"Reverse-Dextral"},"geometry":{"type":"LineString","coordinates":[[168.0929062218976,-44.81095235320445],[168.0197182146101,-44.84770783259801],[167.92376279181823,-44.92996669057964],[167.86925888158274,-45.017328444323354],[167.79580371113988,-45.15701996831383],[167.73424860441395,-45.31716911282257],[167.61617439752632,-45.471367834739375]]}},{"type":"Feature","properties":{"average_dip":"(90,80,90)","average_rake":"(0,0,0)","catalog_id":"NZ_579","catalog_name":"Litchfield_NZ_2013","dip_dir":"E","name":"Moonlight South","net_slip_rate":"(1.0,0.5,1.5)","slip_type":"Reverse-Dextral"},"geometry":{"type":"LineString","coordinates":[[168.31200000018399,-45.25170000036727],[168.18700000025655,-45.396700000232904],[168.07922072414186,-45.471921077934354],[167.93130477335993,-45.542042677505165],[167.77237903605726,-45.62479320175521],[167.6397125590833,-45.67529758066157]]}},{"type":"Feature","properties":{"average_dip":"(90,80,90)","average_rake":"(0,0,0)","catalog_id":"NZ_578","catalog_name":"Litchfield_NZ_2013","dip_dir":"E","name":"Moonlight North","net_slip_rate":"(1.0,0.5,1.5)","slip_type":"Reverse-Dextral"},"geometry":{"type":"LineString","coordinates":[[168.7670000000359,-44.46500000128025],[168.71360168894722,-44.559844037063904],[168.64985170240107,-44.79340506916666],[168.5207584036262,-45.07761392002609],[168.38000000015288,-45.19500000127626]]}},{"type":"Feature","properties":{"average_dip":"(70,60,80)","average_rake":"(-30,-60,0)","catalog_id":"NZ_587","catalog_name":"Litchfield_NZ_2013","dip_dir":"W","name":"Hollyford","net_slip_rate":"(1.0,0.2,3.0)","slip_type":"Dextral-Reverse"},"geometry":{"type":"LineString","coordinates":[[168.23222371193464,-44.415310383881554],[168.18854780369318,-44.4829040022951],[168.14880123338767,-44.546739197497814],[168.12587483567725,-44.593692843067615],[168.11941750937044,-44.65140182872203]]}},{"type":"Feature","properties":{"average_dip":"(85,80,90)","average_rake":"(-6,-12,-4)","catalog_id":"NZ_247","catalog_name":"Litchfield_NZ_2013","dip_dir":"NW","name":"Mohaka South","net_slip_rate":"(4.0,3.0,5.0)","slip_type":"Dextral-Reverse"},"geometry":{"type":"LineString","coordinates":[[176.3730000000233,-39.60169999935796],[176.2130000000169,-39.86669999949049],[176.09296718422624,-40.03257813490767],[175.98500000001047,-40.16669999963484],[175.97200000001015,-40.18829999964441]]}},{"type":"Feature","properties":{"average_dip":"(85,80,90)","average_rake":"(-6,-12,-4)","catalog_id":"NZ_246","catalog_name":"Litchfield_NZ_2013","dip_dir":"NW","name":"Mohaka North","net_slip_rate":"(2.0,1.5,2.5)","slip_type":"Dextral-Reverse"},"geometry":{"type":"LineString","coordinates":[[176.80300000004985,-38.939999998550874],[176.75700000004613,-39.02499999862304],[176.74300000004482,-39.076699998662264],[176.69700000004173,-39.113299998699546],[176.53699999698205,-39.33999999528913],[176.4780000000284,-39.44329999896694],[176.44500000002665,-39.50329999901156]]}},{"type":"Feature","properties":{"average_dip":"(80,70,90)","average_rake":"(0,0,0)","catalog_id":"NZ_248","catalog_name":"Litchfield_NZ_2013","dip_dir":"NW","name":"Ruahine North","net_slip_rate":"(1.1,0.7,1.5)","slip_type":"Dextral-Reverse"},"geometry":{"type":"LineString","coordinates":[[176.62500000003809,-39.03329999866293],[176.46200000002838,-39.28499999886715],[176.457000000028,-39.31829999889],[176.40500000002535,-39.41329999896132],[176.4047462824143,-39.44849735112935],[176.40500000002515,-39.45999999944377],[176.36700000002332,-39.52829999947186]]}},{"type":"Feature","properties":{"average_dip":"(80,70,90)","average_rake":"(0,0,0)","catalog_id":"NZ_249","catalog_name":"Litchfield_NZ_2013","dip_dir":"NW","name":"Ruahine Central","net_slip_rate":"(1.1,0.7,1.5)","slip_type":"Dextral-Reverse"},"geometry":{"type":"LineString","coordinates":[[176.36700000002332,-39.52829999961535],[176.31500000002103,-39.624999999643705],[176.24500000001834,-39.724999999674466],[176.17700000001594,-39.82829999970435],[176.16200000001538,-39.89999999972048]]}},{"type":"Feature","properties":{"average_dip":"(80,70,90)","average_rake":"(0,0,0)","catalog_id":"NZ_250","catalog_name":"Litchfield_NZ_2013","dip_dir":"NW","name":"Ruahine South","net_slip_rate":"(1.1,0.7,1.5)","slip_type":"Dextral-Reverse"},"geometry":{"type":"LineString","coordinates":[[176.16200000001533,-39.90169999972081],[176.0370000000118,-40.056699999765506],[175.91700000000912,-40.15829999979649],[175.803000000007,-40.346699999841334]]}},{"type":"Feature","properties":{"average_dip":"(45,30,60)","average_rake":"(-75,-85,-65)","catalog_id":"NZ_318","catalog_name":"Litchfield_NZ_2013","dip_dir":"NW","name":"Ngapotiki","net_slip_rate":"(2.0,1.0,2.5)","slip_type":"Reverse"},"geometry":{"type":"LineString","coordinates":[[175.41000000000224,-41.435000000102185],[175.3850000000021,-41.46000000010994],[175.37500000000202,-41.48670000011764],[175.375000000002,-41.54500000013375],[175.35200000000185,-41.62500000015668]]}},{"type":"Feature","properties":{"average_dip":"(75,65,85)","average_rake":"(5,0,20)","catalog_id":"NZ_235","catalog_name":"Litchfield_NZ_2013","dip_dir":"W","name":"Waimana North","net_slip_rate":"(1.2,0.7,1.7)","slip_type":"Dextral-Normal"},"geometry":{"type":"LineString","coordinates":[[177.15664999426355,-37.86365002699842],[177.12861666616084,-37.921049960331715],[177.11537436536076,-37.98250479079544],[177.12500000008657,-38.143299996282416],[177.1070000000837,-38.20999999638876],[177.1250000000829,-38.3682999966108],[177.09800000007831,-38.50169999681057],[177.09500000007736,-38.54329999686957]]}},{"type":"Feature","properties":{"average_dip":"(80,70,90)","average_rake":"(6,0,20)","catalog_id":"NZ_236","catalog_name":"Litchfield_NZ_2013","dip_dir":"W","name":"Waimana South","net_slip_rate":"(2.0,1.0,3.0)","slip_type":"Dextral-Normal"},"geometry":{"type":"LineString","coordinates":[[177.0950000000774,-38.543299999193415],[177.09000000007583,-38.618299999213015],[177.0500000000706,-38.74169999925783],[176.92300000005918,-38.86169999933254],[176.91300000005674,-39.01169999936921]]}},{"type":"Feature","properties":{"average_dip":"(80,70,90)","average_rake":"(90,80,100)","catalog_id":"NZ_229","catalog_name":"Litchfield_NZ_2013","dip_dir":"W","name":"Urewera 2","net_slip_rate":"(0.5,0.4,0.6)","slip_type":"Dextral-Normal"},"geometry":{"type":"LineString","coordinates":[[177.58700000013806,-38.06999999848476],[177.6200000001348,-38.24829999852684],[177.43500000011244,-38.394999998706524]]}},{"type":"Feature","properties":{"average_dip":"(80,70,90)","average_rake":"(90,80,100)","catalog_id":"NZ_228","catalog_name":"Litchfield_NZ_2013","dip_dir":"NW","name":"Urewera 3","net_slip_rate":"(0.5,0.4,0.6)","slip_type":"Dextral-Normal"},"geometry":{"type":"LineString","coordinates":[[177.34781670136695,-37.85073332552667],[177.38488334664487,-37.962666648278486],[177.4000000001169,-38.09999999830023],[177.44200000011958,-38.16999999831141],[177.45000000011746,-38.27169999835832],[177.47200000011807,-38.326699998372]]}},{"type":"Feature","properties":{"average_dip":"(80,70,90)","average_rake":"(0,0,0)","catalog_id":"NZ_230","catalog_name":"Litchfield_NZ_2013","dip_dir":"W","name":"Urewera 1","net_slip_rate":"(1.0,0.8,1.2)","slip_type":"Dextral-Normal"},"geometry":{"type":"LineString","coordinates":[[177.47200000011807,-38.326699998658356],[177.06300000007167,-38.74329999901992]]}},{"type":"Feature","properties":{"average_dip":"(80,70,90)","average_rake":"(6,0,20)","catalog_id":"NZ_233","catalog_name":"Litchfield_NZ_2013","dip_dir":"W","name":"Waikaremoana","net_slip_rate":"(1.1,0.8,1.4)","slip_type":"Dextral-Normal"},"geometry":{"type":"LineString","coordinates":[[177.15506594368384,-37.866896002257384],[177.15571666805425,-37.942599999647385],[177.18191447809087,-38.0375109861982],[177.18000000009243,-38.13169999624096],[177.16800000009073,-38.15669999628358],[177.17700000008776,-38.37669999659965],[177.10000000007813,-38.52499999684213]]}},{"type":"Feature","properties":{"average_dip":"(65,60,70)","average_rake":"(90,80,100)","catalog_id":"NZ_240","catalog_name":"Litchfield_NZ_2013","dip_dir":"W","name":"Whakatane North","net_slip_rate":"(2.2,1.3,3.1)","slip_type":"Normal"},"geometry":{"type":"LineString","coordinates":[[177.03153682735834,-37.836154345942234],[177.00891669653697,-37.88913332312324],[176.97471452876442,-37.935787266483565],[177.02500000007709,-38.11169999690612],[177.000000000073,-38.24499999707677],[177.02200000007295,-38.39829999724926],[177.01300000007092,-38.49169999736022]]}},{"type":"Feature","properties":{"average_dip":"(85,80,90)","average_rake":"(5,0,20)","catalog_id":"NZ_241","catalog_name":"Litchfield_NZ_2013","dip_dir":"W","name":"Whakatane South","net_slip_rate":"(2.3,2.1,2.5)","slip_type":"Dextral"},"geometry":{"type":"LineString","coordinates":[[177.01300000007092,-38.49169999868429],[176.9880000000679,-38.56169999898412],[176.9650000000651,-38.63169999877082],[176.89000000005842,-38.69999999882967],[176.83000000005302,-38.80169999889718],[176.80300000004985,-38.93999999896983]]}},{"type":"Feature","properties":{"average_dip":"(80,70,90)","average_rake":"(0,0,0)","catalog_id":"NZ_244","catalog_name":"Litchfield_NZ_2013","dip_dir":"W","name":"Te Whaiti","net_slip_rate":"(0.5,0.3,0.8)","slip_type":"Normal-Dextral"},"geometry":{"type":"LineString","coordinates":[[176.78000000005227,-38.48669999928922],[176.788000000052,-38.58829999931164],[176.71300000004592,-38.68829999935602],[176.6700000000416,-38.90669999941772],[176.64700000003958,-38.999999999444434]]}},{"type":"Feature","properties":{"average_dip":"(60,50,70)","average_rake":"(90,80,100)","catalog_id":"NZ_209","catalog_name":"Litchfield_NZ_2013","dip_dir":"SE","name":"Inglewood","net_slip_rate":"(0.2,0.1,0.4)","slip_type":"Normal-Strike-Slip"},"geometry":{"type":"LineString","coordinates":[[174.128,-39.18999999963622],[174.168,-39.149999999627134],[174.227,-39.149999999627084],[174.322,-39.1132999996186]]}},{"type":"Feature","properties":{"average_dip":"(70,60,80)","average_rake":"(90,80,100)","catalog_id":"NZ_211","catalog_name":"Litchfield_NZ_2013","dip_dir":"SE","name":"Ararata","net_slip_rate":"(0.02,0.02,0.02)","slip_type":"Normal"},"geometry":{"type":"LineString","coordinates":[[174.327,-39.584999999722015],[174.395,-39.51829999970778]]}},{"type":"Feature","properties":{"average_dip":"(60,50,70)","average_rake":"(-90,-100,-80)","catalog_id":"NZ_268","catalog_name":"Litchfield_NZ_2013","dip_dir":"W","name":"Mt Stewart","net_slip_rate":"(0.3,0.2,0.4)","slip_type":"Reverse"},"geometry":{"type":"LineString","coordinates":[[175.4450000000029,-40.298299999850705],[175.4880000000033,-40.24999999983985],[175.4650000000032,-40.143299999820144]]}},{"type":"Feature","properties":{"average_dip":"(70,60,80)","average_rake":"(90,80,100)","catalog_id":"NZ_266","catalog_name":"Litchfield_NZ_2013","dip_dir":"E","name":"Galpin","net_slip_rate":"(0.04,0.04,0.04)","slip_type":"Normal"},"geometry":{"type":"LineString","coordinates":[[175.41700000000282,-39.93329999978054],[175.38200000000262,-39.998299999794554]]}},{"type":"Feature","properties":{"average_dip":"(60,50,70)","average_rake":"(90,80,100)","catalog_id":"NZ_267","catalog_name":"Litchfield_NZ_2013","dip_dir":"SE","name":"Leedstown","net_slip_rate":"(0.07,0.07,0.07)","slip_type":"Normal"},"geometry":{"type":"LineString","coordinates":[[175.38700000000256,-40.15669999982542],[175.4520000000031,-40.056699999803726]]}},{"type":"Feature","properties":{"average_dip":"(60,50,70)","average_rake":"(-90,-100,-80)","catalog_id":"NZ_274","catalog_name":"Litchfield_NZ_2013","dip_dir":"W","name":"Himatangi Anticline","net_slip_rate":"(0.2,0.1,0.3)","slip_type":"Reverse"},"geometry":{"type":"LineString","coordinates":[[175.41300000000274,-40.29329999978457],[175.2850000000018,-40.50499999984866]]}},{"type":"Feature","properties":{"average_dip":"(70,60,80)","average_rake":"(-90,-100,-80)","catalog_id":"NZ_297","catalog_name":"Litchfield_NZ_2013","dip_dir":"NW","name":"Woodville","net_slip_rate":"(0.2,0.1,0.3)","slip_type":"Reverse-Dextral"},"geometry":{"type":"LineString","coordinates":[[175.9880000000104,-40.25669999980881],[175.9280000000091,-40.314999999825424],[175.9080000000087,-40.331699999830306],[175.87700000000817,-40.34829999983603]]}},{"type":"Feature","properties":{"average_dip":"(70,60,80)","average_rake":"(-35,-45,-25)","catalog_id":"NZ_326","catalog_name":"Litchfield_NZ_2013","dip_dir":"NW","name":"Saunders Road - Waipukaka","net_slip_rate":"(2.5,1.5,3.5)","slip_type":"Dextral-Reverse"},"geometry":{"type":"LineString","coordinates":[[176.28200000001746,-40.39329999974094],[176.21700000001533,-40.491699999778184],[176.130000000013,-40.533299999801386],[175.96800000000937,-40.63499999984749],[175.86500000000757,-40.68169999986955]]}},{"type":"Feature","properties":{"average_dip":"(80,70,90)","average_rake":"(0,0,0)","catalog_id":"NZ_325","catalog_name":"Litchfield_NZ_2013","dip_dir":"NW","name":"Pongaroa - Weber","net_slip_rate":"(0.5,0.1,1.0)","slip_type":"Dextral"},"geometry":{"type":"LineString","coordinates":[[176.35200000001953,-40.39669999973031],[176.32499994467992,-40.42499998093276],[176.26700000001674,-40.4716999997652],[176.23000000001565,-40.50499999978001],[176.16200000001376,-40.54829999980146]]}},{"type":"Feature","properties":{"average_dip":"(70,60,80)","average_rake":"(0,0,0)","catalog_id":"NZ_298","catalog_name":"Litchfield_NZ_2013","dip_dir":"NW","name":"Pahiatua","net_slip_rate":"(0.4,0.2,0.6)","slip_type":"Reverse-Dextral"},"geometry":{"type":"LineString","coordinates":[[176.05500000001192,-40.21499999979401],[176.03000000001126,-40.26999999980709],[175.99000000001033,-40.32999999982246],[175.95700000000957,-40.358299999830955],[175.90300000000852,-40.40669999984486],[175.84500000000745,-40.456699999858934]]}},{"type":"Feature","properties":{"average_dip":"(70,60,80)","average_rake":"(-90,-100,-80)","catalog_id":"NZ_300","catalog_name":"Litchfield_NZ_2013","dip_dir":"NW","name":"Ruataniwha","net_slip_rate":"(0.2,0.1,0.3)","slip_type":"Reverse-Dextral"},"geometry":{"type":"LineString","coordinates":[[176.3300000000202,-40.02669999972079],[176.2170000000163,-40.143299999760316]]}},{"type":"Feature","properties":{"average_dip":"(70,60,80)","average_rake":"(0,0,0)","catalog_id":"NZ_301","catalog_name":"Litchfield_NZ_2013","dip_dir":"NW","name":"Oruawharo","net_slip_rate":"(0.2,0.1,0.3)","slip_type":"Dextral"},"geometry":{"type":"LineString","coordinates":[[176.25500000001722,-40.203299999766216],[176.39200000002222,-40.05829999971613]]}},{"type":"Feature","properties":{"average_dip":"(40,30,50)","average_rake":"(-76,-83,-67)","catalog_id":"NZ_327","catalog_name":"Litchfield_NZ_2013","dip_dir":"NW","name":"Waipukurau - Poukawa","net_slip_rate":"(1.0,0.8,1.2)","slip_type":"Dextral-Reverse"},"geometry":{"type":"LineString","coordinates":[[176.70700000003743,-39.75669999934746],[176.6430000000337,-39.84329999939899],[176.61000000003148,-39.95499999945123],[176.57166672057616,-39.99333331117841],[176.4530000000242,-40.12169999955069],[176.29000000001827,-40.21829999961662]]}},{"type":"Feature","properties":{"average_dip":"(0,0,0)","average_rake":"(0,0,0)","catalog_id":"NZ_198","catalog_name":"Litchfield_NZ_2013","dip_dir":"NW","name":"Kaweka","net_slip_rate":"(1.0,0.5,1.5)","slip_type":"Dextral"},"geometry":{"type":"LineString","coordinates":[[176.48000000002955,-39.218299999529094],[176.27500000002024,-39.43169999960965],[175.94800000001075,-39.47669999965665]]}},{"type":"Feature","properties":{"average_dip":"(85,80,90)","average_rake":"(-6,-12,-4)","catalog_id":"NZ_245","catalog_name":"Litchfield_NZ_2013","dip_dir":"NW","name":"Patoka - Rangiora","net_slip_rate":"(3.0,2.0,6.0)","slip_type":"Dextral-Reverse"},"geometry":{"type":"LineString","coordinates":[[176.91300000005674,-39.01169999936921],[176.8180000000484,-39.20669999944236],[176.6780000000396,-39.25329999949195],[176.54000000003137,-39.42499999956074],[176.47000000002785,-39.47999999958657],[176.37800000002358,-39.59329999962683]]}},{"type":"Feature","properties":{"average_dip":"(85,77,90)","average_rake":"(0,0,0)","catalog_id":"NZ_324","catalog_name":"Litchfield_NZ_2013","dip_dir":"SE","name":"Waitawhiti","net_slip_rate":"(1.0,0.5,1.5)","slip_type":"Dextral-Reverse"},"geometry":{"type":"LineString","coordinates":[[176.21300000001486,-40.619999999849625],[176.138000000013,-40.62669999986097],[176.10700000001222,-40.65169999986938],[176.053000000011,-40.68999999988264]]}},{"type":"Feature","properties":{"average_dip":"(0,0,0)","average_rake":"(0,0,0)","catalog_id":"NZ_299","catalog_name":"Litchfield_NZ_2013","name":"Maunga","net_slip_rate":"(0.5,0.0,1.0)","slip_type":"Normal"},"geometry":{"type":"LineString","coordinates":[[175.97000000000972,-40.454999999847836],[176.1100000000131,-40.293299999802564],[176.1550000000144,-40.20499999978033],[176.20300000001578,-40.171699999767654]]}},{"type":"Feature","properties":{"average_dip":"(60,50,50)","average_rake":"(-90,-100,-80)","catalog_id":"NZ_275","catalog_name":"Litchfield_NZ_2013","dip_dir":"W","name":"Poroutawhao","net_slip_rate":"(0.2,0.1,0.3)","slip_type":"Reverse"},"geometry":{"type":"LineString","coordinates":[[175.1800000000013,-40.72999999991418],[175.27300000000176,-40.54499999986024]]}},{"type":"Feature","properties":{"average_dip":"(0,0,0)","average_rake":"(-90,-100,-80)","catalog_id":"NZ_271","catalog_name":"Litchfield_NZ_2013","dip_dir":"NW","name":"Ruahine Reverse","net_slip_rate":"(0.1,0.05,0.2)","slip_type":"Reverse"},"geometry":{"type":"LineString","coordinates":[[175.74500000000617,-40.2699999998307],[175.93300000000957,-40.0599999997761]]}},{"type":"Feature","properties":{"average_dip":"(60,50,70)","average_rake":"(90,80,100)","catalog_id":"NZ_195","catalog_name":"Litchfield_NZ_2013","dip_dir":"SE","name":"Karioi","net_slip_rate":"(0.4,0.3,0.51)","slip_type":"Normal"},"geometry":{"type":"LineString","coordinates":[[175.61700000000513,-39.4032999996627],[175.51700000000395,-39.439999999674924],[175.43500000000319,-39.4832999996872],[175.4050000000029,-39.51999999969597]]}},{"type":"Feature","properties":{"average_dip":"(60,50,70)","average_rake":"(90,80,100)","catalog_id":"NZ_191","catalog_name":"Litchfield_NZ_2013","dip_dir":"SW","name":"Ohakune","net_slip_rate":"(3.5,3.33,3.79)","slip_type":"Normal"},"geometry":{"type":"LineString","coordinates":[[175.5420000000043,-39.384999999344174],[175.4650000535871,-39.38666670797704],[175.4650000000035,-39.38669999934784],[175.41500000000306,-39.40169999935604],[175.3416666181586,-39.380000013950564],[175.3100000000023,-39.351699999337264],[175.25800000000197,-39.34329999933484],[175.23500000000186,-39.3399999993339]]}},{"type":"Feature","properties":{"average_dip":"(60,50,70)","average_rake":"(90,80,100)","catalog_id":"NZ_190","catalog_name":"Litchfield_NZ_2013","dip_dir":"E","name":"Raurimu","net_slip_rate":"(1.5,1.31,1.74)","slip_type":"Normal"},"geometry":{"type":"LineString","coordinates":[[175.39700000000298,-39.13669999923887],[175.38200000000288,-39.21829999927616],[175.35700000000264,-39.246699999289575],[175.3500000000026,-39.28329999930606],[175.35000000000258,-39.3382999993303],[175.3370000000025,-39.35499999950023],[175.33333330299132,-39.37000002462377]]}},{"type":"Feature","properties":{"average_dip":"(65,55,75)","average_rake":"(22,12,32)","catalog_id":"NZ_321","catalog_name":"Litchfield_NZ_2013","dip_dir":"S","name":"Masterton","net_slip_rate":"(1.5,0.5,2.0)","slip_type":"Dextral-Normal"},"geometry":{"type":"LineString","coordinates":[[175.77200000000593,-40.91829999993432],[175.7300000000054,-40.933299999942605],[175.66800000000464,-40.94169999994946],[175.59700000000393,-40.96829999996308],[175.54000000000335,-40.969999999966404],[175.48800000000293,-40.988299999975354]]}},{"type":"Feature","properties":{"average_dip":"(65,55,75)","average_rake":"(-90,-100,-80)","catalog_id":"NZ_313","catalog_name":"Litchfield_NZ_2013","dip_dir":"NW","name":"Martinborough","net_slip_rate":"(0.1,0.05,0.2)","slip_type":"Reverse-Dextral"},"geometry":{"type":"LineString","coordinates":[[175.54000000000332,-41.098300000022526],[175.50700000000302,-41.17500000005915],[175.41166663949218,-41.2366666812616],[175.3770000000021,-41.25500000010074]]}},{"type":"Feature","properties":{"average_dip":"(60,50,70)","average_rake":"(-90,-100,-80)","catalog_id":"NZ_329","catalog_name":"Litchfield_NZ_2013","dip_dir":"NW","name":"Tukituki Thrust","net_slip_rate":"(0.7,0.5,1.0)","slip_type":"Reverse"},"geometry":{"type":"LineString","coordinates":[[176.80800000004302,-39.71329999954826],[176.80000000004227,-39.74999999955791],[176.76500000004003,-39.80169999957859],[176.6730000000347,-39.90169999962383],[176.6180000000316,-39.99169999965518]]}},{"type":"Feature","properties":{"average_dip":"(50,40,60)","average_rake":"(90,80,100)","catalog_id":"NZ_151","catalog_name":"Litchfield_NZ_2013","dip_dir":"SE","name":"Matata","net_slip_rate":"(2.61,1.87,5.98)","slip_type":"Normal"},"geometry":{"type":"LineString","coordinates":[[176.84800000006345,-37.8516999987521],[176.76800000005616,-37.89829999879404],[176.68000000004864,-37.98829999885358],[176.65300000004655,-38.00669999886749],[176.62500000004448,-38.01499999887723]]}},{"type":"Feature","properties":{"average_dip":"(60,50,70)","average_rake":"(90,80,100)","catalog_id":"NZ_192","catalog_name":"Litchfield_NZ_2013","dip_dir":"SW","name":"Raetihi","net_slip_rate":"(0.9,0.7,1.1)","slip_type":"Normal"},"geometry":{"type":"LineString","coordinates":[[175.3720000000027,-39.44499999968097],[175.32700000000236,-39.43829999968077],[175.26000000000198,-39.4149999996774],[175.19700000000165,-39.40999999967768]]}},{"type":"Feature","properties":{"average_dip":"(60,50,70)","average_rake":"(-90,-100,-80)","catalog_id":"NZ_272","catalog_name":"Litchfield_NZ_2013","dip_dir":"NW","name":"Shannon Anticline","net_slip_rate":"(0.2,0.1,0.3)","slip_type":"Reverse"},"geometry":{"type":"LineString","coordinates":[[175.37700000000234,-40.603299999873656],[175.50200000000333,-40.49999999984013]]}},{"type":"Feature","properties":{"average_dip":"(90,80,90)","average_rake":"(0,0,0)","catalog_id":"NZ_499","catalog_name":"Litchfield_NZ_2013","name":"Avoca","net_slip_rate":"(0.5,0.0,1.0)","slip_type":"Dextral"},"geometry":{"type":"LineString","coordinates":[[171.38,-42.935000000364866],[171.52,-43.06830000039321]]}},{"type":"Feature","properties":{"average_dip":"(60,50,70)","average_rake":"(90,80,100)","catalog_id":"NZ_205","catalog_name":"Litchfield_NZ_2013","dip_dir":"W","name":"Cape Egmont North","net_slip_rate":"(0.8,0.6,1.0)","slip_type":"Normal"},"geometry":{"type":"LineString","coordinates":[[173.68377355372334,-39.367366280472446],[173.567,-39.5666999995793],[173.5,-39.599999999589826]]}},{"type":"Feature","properties":{"average_dip":"(60,50,70)","average_rake":"(90,80,100)","catalog_id":"NZ_206","catalog_name":"Litchfield_NZ_2013","dip_dir":"W","name":"Cape Egmont Central","net_slip_rate":"(0.8,0.6,1.0)","slip_type":"Normal"},"geometry":{"type":"LineString","coordinates":[[173.5,-39.59999999972553],[173.4,-39.68329999974294],[173.317,-39.8332999997737]]}},{"type":"Feature","properties":{"average_dip":"(60,50,70)","average_rake":"(90,80,100)","catalog_id":"NZ_207","catalog_name":"Litchfield_NZ_2013","dip_dir":"W","name":"Cape Egmont South","net_slip_rate":"(0.1,0.05,0.15)","slip_type":"Normal"},"geometry":{"type":"LineString","coordinates":[[173.317,-39.8332999997737],[173.217,-40.0166999998105]]}},{"type":"Feature","properties":{"average_dip":"(70,60,80)","average_rake":"(22,12,32)","catalog_id":"NZ_323","catalog_name":"Litchfield_NZ_2013","dip_dir":"S","name":"Mokonui Northeast","net_slip_rate":"(0.5,0.25,0.75)","slip_type":"Dextral-Normal"},"geometry":{"type":"LineString","coordinates":[[176.07500000001124,-40.76169999987118],[175.92200000000832,-40.8149999999015],[175.79800000000637,-40.83499999991706]]}},{"type":"Feature","properties":{"average_dip":"(90,80,90)","average_rake":"(0,-10,10)","catalog_id":"NZ_322","catalog_name":"Litchfield_NZ_2013","name":"Mokonui Southwest","net_slip_rate":"(0.5,0.25,0.75)","slip_type":"Dextral"},"geometry":{"type":"LineString","coordinates":[[175.79800000000637,-40.83499999991706],[175.79500000000633,-40.83669999991774],[175.65000000000452,-40.88669999994072],[175.60800000000407,-40.91329999995028],[175.5370000000034,-40.943299999961944]]}},{"type":"Feature","properties":{"average_dip":"(70,60,80)","average_rake":"(30,20,40)","catalog_id":"NZ_319","catalog_name":"Litchfield_NZ_2013","dip_dir":"NW","name":"Kaumingi","net_slip_rate":"(1.0,0.5,1.5)","slip_type":"Dextral-Normal"},"geometry":{"type":"LineString","coordinates":[[176.03700000001007,-40.99829999994045],[175.97800000000896,-41.018299999950266],[175.91300000000786,-41.03329999995912],[175.88200000000734,-41.034999999962125],[175.7830000000059,-41.0582999999741],[175.74800000000545,-41.06169999997712]]}},{"type":"Feature","properties":{"average_dip":"(75,65,85)","average_rake":"(30,20,40)","catalog_id":"NZ_320","catalog_name":"Litchfield_NZ_2013","dip_dir":"S","name":"Carterton","net_slip_rate":"(2.4,1.5,3.0)","slip_type":"Dextral-Normal"},"geometry":{"type":"LineString","coordinates":[[176.11500000001192,-40.86499999989475],[176.07300000001098,-40.894999999907974],[175.88700000000756,-40.93169999993663],[175.66000000000452,-41.006699999973165],[175.5300000000033,-40.99999999997786],[175.4320000000025,-41.028299999989585]]}},{"type":"Feature","properties":{"average_dip":"(0,0,0)","average_rake":"(90,80,100)","catalog_id":"NZ_201","catalog_name":"Litchfield_NZ_2013","dip_dir":"SE","name":"Rangitikei","net_slip_rate":"(0.1,0.05,0.15)","slip_type":"Normal"},"geometry":{"type":"LineString","coordinates":[[175.78800000000734,-39.733299999600405],[175.79800000000756,-39.69669999958848]]}},{"type":"Feature","properties":{"average_dip":"(0,0,0)","average_rake":"(90,80,100)","catalog_id":"NZ_200","catalog_name":"Litchfield_NZ_2013","dip_dir":"SE","name":"Taihape","net_slip_rate":"(0.1,0.05,0.15)","slip_type":"Normal"},"geometry":{"type":"LineString","coordinates":[[175.78700000000742,-39.6966999995892],[175.79700000000753,-39.66169999957768]]}},{"type":"Feature","properties":{"average_dip":"(0,0,0)","average_rake":"(90,80,100)","catalog_id":"NZ_199","catalog_name":"Litchfield_NZ_2013","dip_dir":"E","name":"Mataroa","net_slip_rate":"(0.1,0.05,0.15)","slip_type":"Normal"},"geometry":{"type":"LineString","coordinates":[[175.70500000000612,-39.70829999959788],[175.75200000000683,-39.67999999958629]]}},{"type":"Feature","properties":{"average_dip":"(60,50,70)","average_rake":"(90,80,100)","catalog_id":"NZ_197","catalog_name":"Litchfield_NZ_2013","dip_dir":"SE","name":"Snowgrass","net_slip_rate":"(0.55,0.4,0.72)","slip_type":"Normal"},"geometry":{"type":"LineString","coordinates":[[175.9000000000097,-39.49829999966521],[175.8500000000087,-39.49999999966943],[175.79800000000773,-39.50829999967481],[175.6700000000057,-39.54999999969129],[175.5850000000046,-39.58329999970247]]}},{"type":"Feature","properties":{"average_dip":"(60,50,70)","average_rake":"(90,80,100)","catalog_id":"NZ_194","catalog_name":"Litchfield_NZ_2013","dip_dir":"S","name":"Oruakukuru","net_slip_rate":"(0.7,0.3,1.13)","slip_type":"Normal"},"geometry":{"type":"LineString","coordinates":[[175.27700000000203,-39.48829999969277],[175.31200000000229,-39.50499999969546],[175.37200000000269,-39.50829999969449]]}},{"type":"Feature","properties":{"average_dip":"(60,50,70)","average_rake":"(90,80,100)","catalog_id":"NZ_193","catalog_name":"Litchfield_NZ_2013","dip_dir":"NE","name":"Waipuna","net_slip_rate":"(0.4,0.1,0.72)","slip_type":"Normal"},"geometry":{"type":"LineString","coordinates":[[175.41800000000305,-39.49829999969094],[175.33700000000246,-39.4816999996898],[175.21000000000168,-39.46329999968889],[175.12700000000132,-39.46829999969152]]}},{"type":"Feature","properties":{"average_dip":"(60,50,70)","average_rake":"(90,80,100)","catalog_id":"NZ_188","catalog_name":"Litchfield_NZ_2013","dip_dir":"W","name":"Rangipo South","net_slip_rate":"(0.2,0.18,1.53)","slip_type":"Normal"},"geometry":{"type":"LineString","coordinates":[[175.71300000000642,-39.41999999966129],[175.68800000000599,-39.5016999996801],[175.69300000000607,-39.5232999996844]]}},{"type":"Feature","properties":{"average_dip":"(60,50,70)","average_rake":"(90,80,100)","catalog_id":"NZ_186","catalog_name":"Litchfield_NZ_2013","dip_dir":"W","name":"Rangipo North","net_slip_rate":"(0.2,0.18,1.53)","slip_type":"Normal"},"geometry":{"type":"LineString","coordinates":[[175.75800000000729,-39.27829999962779],[175.71800000000658,-39.329999999641494],[175.7080000000064,-39.381699999653314],[175.70800000000636,-39.39829999965689]]}},{"type":"Feature","properties":{"average_dip":"(60,50,70)","average_rake":"(90,80,100)","catalog_id":"NZ_187","catalog_name":"Litchfield_NZ_2013","dip_dir":"W","name":"Rangipo Central","net_slip_rate":"(0.2,0.18,1.53)","slip_type":"Normal"},"geometry":{"type":"LineString","coordinates":[[175.71300000000647,-39.3966999993409],[175.70700000000636,-39.4066999993456],[175.69300000000615,-39.41829999935139],[175.68800000000607,-39.40169999934449],[175.67300000000589,-39.411699999349615],[175.67500000000587,-39.468299999373905]]}},{"type":"Feature","properties":{"average_dip":"(60,50,70)","average_rake":"(90,80,100)","catalog_id":"NZ_185","catalog_name":"Litchfield_NZ_2013","dip_dir":"SE","name":"Wahianoa","net_slip_rate":"(0.3,0.1,0.51)","slip_type":"Normal"},"geometry":{"type":"LineString","coordinates":[[175.78800000000788,-39.209999999610794],[175.67300000000597,-39.311699999639956],[175.62300000000522,-39.33829999964831],[175.55800000000445,-39.378299999659966]]}},{"type":"Feature","properties":{"average_dip":"(60,50,70)","average_rake":"(90,80,100)","catalog_id":"NZ_196","catalog_name":"Litchfield_NZ_2013","dip_dir":"SE","name":"Shawcroft Road","net_slip_rate":"(0.7,0.5,0.92)","slip_type":"Normal"},"geometry":{"type":"LineString","coordinates":[[175.55700000000436,-39.50669999968754],[175.683000000006,-39.43329999966579]]}},{"type":"Feature","properties":{"average_dip":"(60,50,70)","average_rake":"(90,80,100)","catalog_id":"NZ_330","catalog_name":"Litchfield_NZ_2013","name":"Raukumara 1","net_slip_rate":"(0.1,0.0,0.5)","slip_type":"Normal"},"geometry":{"type":"LineString","coordinates":[[177.91700000010076,-39.11669999853945],[177.91700000009791,-39.1616999985523]]}},{"type":"Feature","properties":{"average_dip":"(60,50,70)","average_rake":"(90,80,100)","catalog_id":"NZ_331","catalog_name":"Litchfield_NZ_2013","name":"Raukumara 2","net_slip_rate":"(0.1,0.0,0.5)","slip_type":"Normal"},"geometry":{"type":"LineString","coordinates":[[177.7250000001123,-38.9349999986727],[177.7720000001163,-38.87499999861188],[177.83800000011928,-38.83499999853688]]}},{"type":"Feature","properties":{"average_dip":"(60,50,70)","average_rake":"(90,80,100)","catalog_id":"NZ_332","catalog_name":"Litchfield_NZ_2013","name":"Raukumara 3","net_slip_rate":"(0.6,0.4,0.8)","slip_type":"Normal"},"geometry":{"type":"LineString","coordinates":[[178.06000000012168,-38.69999999825292],[178.06700000012552,-38.64499999822763]]}},{"type":"Feature","properties":{"average_dip":"(60,50,70)","average_rake":"(60,50,70)","catalog_id":"NZ_333","catalog_name":"Litchfield_NZ_2013","dip_dir":"SE","name":"Repongaere","net_slip_rate":"(0.1,0.05,0.2)","slip_type":"Normal"},"geometry":{"type":"LineString","coordinates":[[177.81000000013177,-38.59329999848659],[177.90000000013637,-38.54829999838366]]}},{"type":"Feature","properties":{"average_dip":"(60,50,70)","average_rake":"(90,80,100)","catalog_id":"NZ_335","catalog_name":"Litchfield_NZ_2013","dip_dir":"S","name":"Raukumara 6","net_slip_rate":"(0.1,0.0,0.5)","slip_type":"Normal"},"geometry":{"type":"LineString","coordinates":[[177.96800000013718,-38.53669999856669],[177.9220000001372,-38.538299998616246]]}},{"type":"Feature","properties":{"average_dip":"(60,50,70)","average_rake":"(90,80,100)","catalog_id":"NZ_334","catalog_name":"Litchfield_NZ_2013","dip_dir":"NE","name":"Otoko Tototangi","net_slip_rate":"(0.1,0.0,0.5)","slip_type":"Normal"},"geometry":{"type":"LineString","coordinates":[[177.90500000013614,-38.55329999838014],[177.81200000013544,-38.52499999846212]]}},{"type":"Feature","properties":{"average_dip":"(0,0,0)","average_rake":"(90,80,100)","catalog_id":"NZ_232","catalog_name":"Litchfield_NZ_2013","dip_dir":"W","name":"Wairata","net_slip_rate":"(0.5,0.001,1.0)","slip_type":"Normal"},"geometry":{"type":"LineString","coordinates":[[177.3470000001057,-38.32329999901861],[177.3420000001067,-38.25999999900622]]}},{"type":"Feature","properties":{"average_dip":"(0,0,0)","average_rake":"(90,80,100)","catalog_id":"NZ_231","catalog_name":"Litchfield_NZ_2013","dip_dir":"W","name":"Raukumara 9","net_slip_rate":"(0.1,0.0,0.5)","slip_type":"Normal"},"geometry":{"type":"LineString","coordinates":[[177.35800000010659,-38.33169999901442],[177.36200000010805,-38.28669999900145]]}},{"type":"Feature","properties":{"average_dip":"(70,60,80)","average_rake":"(60,45,75)","catalog_id":"NZ_227","catalog_name":"Litchfield_NZ_2013","dip_dir":"E","name":"Tirohanga","net_slip_rate":"(0.5,0.01,0.5)","slip_type":"Normal-Dextral"},"geometry":{"type":"LineString","coordinates":[[177.3750000001151,-38.0599999982933],[177.33700000011245,-37.989999998277],[177.31208337598738,-37.96639996666252],[177.32080840947782,-37.917917170147646],[177.3146166367374,-37.85199995560025]]}},{"type":"Feature","properties":{"average_dip":"(50,40,60)","average_rake":"(80,70,90)","catalog_id":"NZ_224","catalog_name":"Litchfield_NZ_2013","dip_dir":"E","name":"Opape 1","net_slip_rate":"(0.17,0.05,0.17)","slip_type":"Normal"},"geometry":{"type":"LineString","coordinates":[[177.46200000012462,-38.06669999824511],[177.44500000012488,-37.98999999821507],[177.4253166322639,-37.95390003901101],[177.42778333589237,-37.91136666821465],[177.33825000521057,-37.799349989964185]]}},{"type":"Feature","properties":{"average_dip":"(60,50,70)","average_rake":"(90,80,100)","catalog_id":"NZ_344","catalog_name":"Litchfield_NZ_2013","name":"Raukumara 16","net_slip_rate":"(0.5,0.0001,1.0)","slip_type":"Normal"},"geometry":{"type":"LineString","coordinates":[[177.4930000001289,-38.038299998536495],[177.5900000001401,-38.024999998465475]]}},{"type":"Feature","properties":{"average_dip":"(60,50,70)","average_rake":"(90,80,100)","catalog_id":"NZ_345","catalog_name":"Litchfield_NZ_2013","dip_dir":"N","name":"Raukumara 17","net_slip_rate":"(0.5,0.0001,1.0)","slip_type":"Normal"},"geometry":{"type":"LineString","coordinates":[[177.548000000139,-37.91829999811077],[177.68000000015405,-37.91329999801183]]}},{"type":"Feature","properties":{"average_dip":"(0,0,0)","average_rake":"(90,80,100)","catalog_id":"NZ_346","catalog_name":"Litchfield_NZ_2013","dip_dir":"S","name":"Raukumara 18","net_slip_rate":"(0.5,0.0001,1.0)","slip_type":"Normal"},"geometry":{"type":"LineString","coordinates":[[177.53700000013842,-37.89669999810661],[177.67200000015407,-37.891699998006615],[177.77500000016437,-37.89999999792677]]}},{"type":"Feature","properties":{"average_dip":"(0,0,0)","average_rake":"(90,80,100)","catalog_id":"NZ_347","catalog_name":"Litchfield_NZ_2013","dip_dir":"N","name":"Motu River","net_slip_rate":"(0.03,0.0001,0.04)","slip_type":"Reverse"},"geometry":{"type":"LineString","coordinates":[[177.58500000014513,-37.86669999840759],[177.81800000016986,-37.871699998223356]]}},{"type":"Feature","properties":{"average_dip":"(0,0,0)","average_rake":"(90,80,100)","catalog_id":"NZ_348","catalog_name":"Litchfield_NZ_2013","name":"Raukumara 20","net_slip_rate":"(0.1,0.0,0.5)","slip_type":"Normal"},"geometry":{"type":"LineString","coordinates":[[177.6530000001535,-37.85169999799981],[177.66200000015567,-37.82329999797773],[177.67500000015664,-37.836699997974954]]}},{"type":"Feature","properties":{"average_dip":"(0,0,0)","average_rake":"(90,80,100)","catalog_id":"NZ_349","catalog_name":"Litchfield_NZ_2013","dip_dir":"S","name":"Raukumara 21","net_slip_rate":"(0.03,0.0001,0.04)","slip_type":"Normal"},"geometry":{"type":"LineString","coordinates":[[177.6550000001555,-37.80669999761535],[177.86500000017793,-37.801699997434476]]}},{"type":"Feature","properties":{"average_dip":"(50,40,60)","average_rake":"(-90,-80,-70)","catalog_id":"NZ_220","catalog_name":"Litchfield_NZ_2013","dip_dir":"NE","name":"Hariki","net_slip_rate":"(0.1,0.05,0.1)","slip_type":"Reverse"},"geometry":{"type":"LineString","coordinates":[[177.3804833052846,-37.634216682662824],[177.50723338136893,-37.7168166615779],[177.68700000016108,-37.76329999792582],[177.7780000001712,-37.76499999785229]]}},{"type":"Feature","properties":{"average_dip":"(60,50,70)","average_rake":"(-90,-100,-80)","catalog_id":"NZ_351","catalog_name":"Litchfield_NZ_2013","dip_dir":"S","name":"Kereu","net_slip_rate":"(0.1,0.0,0.5)","slip_type":"Reverse"},"geometry":{"type":"LineString","coordinates":[[177.71800000016677,-37.71329999861897],[177.8850000001817,-37.76499999848502]]}},{"type":"Feature","properties":{"average_dip":"(0,0,0)","average_rake":"(90,80,100)","catalog_id":"NZ_352","catalog_name":"Litchfield_NZ_2013","dip_dir":"SE","name":"Raukumara 24","net_slip_rate":"(0.1,0.0,0.5)","slip_type":"Normal"},"geometry":{"type":"LineString","coordinates":[[177.72800000016795,-37.7132999982385],[177.76200000017283,-37.69329999820254]]}},{"type":"Feature","properties":{"average_dip":"(0,0,0)","average_rake":"(90,80,100)","catalog_id":"NZ_350","catalog_name":"Litchfield_NZ_2013","dip_dir":"SE","name":"Raukumara 25","net_slip_rate":"(0.03,0.0001,0.04)","slip_type":"Normal"},"geometry":{"type":"LineString","coordinates":[[177.6480000001552,-37.793299998332834],[177.66500000015768,-37.78329999831603]]}},{"type":"Feature","properties":{"average_dip":"(0,0,0)","average_rake":"(90,80,100)","catalog_id":"NZ_353","catalog_name":"Litchfield_NZ_2013","name":"Raukumara 26","net_slip_rate":"(0.1,0.0,0.5)","slip_type":"Normal"},"geometry":{"type":"LineString","coordinates":[[178.1220000002057,-37.636699998200974],[178.1070000002075,-37.60669999821201]]}},{"type":"Feature","properties":{"average_dip":"(60,50,70)","average_rake":"(90,80,100)","catalog_id":"NZ_339","catalog_name":"Litchfield_NZ_2013","name":"Raukumara 27","net_slip_rate":"(0.1,0.0,0.5)","slip_type":"Normal"},"geometry":{"type":"LineString","coordinates":[[178.2770000001447,-38.2116999978133],[178.29700000014643,-38.169999997770894]]}},{"type":"Feature","properties":{"average_dip":"(60,50,70)","average_rake":"(90,80,100)","catalog_id":"NZ_340","catalog_name":"Litchfield_NZ_2013","dip_dir":"E","name":"Raukumara 29","net_slip_rate":"(0.1,0.0,0.5)","slip_type":"Normal"},"geometry":{"type":"LineString","coordinates":[[178.0980000001525,-38.28829999807629],[178.11700000015756,-38.218299998029636]]}},{"type":"Feature","properties":{"average_dip":"(30,20,40)","average_rake":"(90,80,100)","catalog_id":"NZ_341","catalog_name":"Litchfield_NZ_2013","dip_dir":"SE","name":"Fernside","net_slip_rate":"(0.1,0.0,0.5)","slip_type":"Normal"},"geometry":{"type":"LineString","coordinates":[[178.09500000015743,-38.22829999805999],[178.17800000016427,-38.10829999791519]]}},{"type":"Feature","properties":{"average_dip":"(60,50,70)","average_rake":"(90,80,100)","catalog_id":"NZ_338","catalog_name":"Litchfield_NZ_2013","name":"Raukumara 30","net_slip_rate":"(0.1,0.0,0.5)","slip_type":"Normal"},"geometry":{"type":"LineString","coordinates":[[178.31200000013982,-38.20999999776148],[178.297000000145,-38.18329999777515]]}},{"type":"Feature","properties":{"average_dip":"(60,50,70)","average_rake":"(90,80,100)","catalog_id":"NZ_342","catalog_name":"Litchfield_NZ_2013","dip_dir":"N","name":"Raukumara 31","net_slip_rate":"(0.1,0.0,0.5)","slip_type":"Normal"},"geometry":{"type":"LineString","coordinates":[[177.95200000015822,-38.21669999851927],[177.9220000001576,-38.20999999854901]]}},{"type":"Feature","properties":{"average_dip":"(60,50,70)","average_rake":"(90,80,100)","catalog_id":"NZ_343","catalog_name":"Litchfield_NZ_2013","name":"Raukumara 32","net_slip_rate":"(0.1,0.0,0.5)","slip_type":"Normal"},"geometry":{"type":"LineString","coordinates":[[177.90000000015615,-38.21999999827274],[177.92200000015825,-38.199999998243456]]}},{"type":"Feature","properties":{"average_dip":"(0,0,0)","average_rake":"(-90,-100,-80)","catalog_id":"NZ_337","catalog_name":"Litchfield_NZ_2013","dip_dir":"SE","name":"Marau Beach","net_slip_rate":"(0.1,0.0,0.5)","slip_type":"Reverse"},"geometry":{"type":"LineString","coordinates":[[178.30700000013053,-38.29999999779712],[178.33300000012915,-38.27169999774917]]}},{"type":"Feature","properties":{"average_dip":"(0,0,0)","average_rake":"(90,80,100)","catalog_id":"NZ_354","catalog_name":"Litchfield_NZ_2013","name":"East Cape","net_slip_rate":"(0.1,0.0,0.5)","slip_type":"Normal"},"geometry":{"type":"LineString","coordinates":[[178.49200000016452,-37.74169999769129],[178.5270000001649,-37.681699997620164]]}},{"type":"Feature","properties":{"average_dip":"(60,50,70)","average_rake":"(90,80,100)","catalog_id":"NZ_336","catalog_name":"Litchfield_NZ_2013","dip_dir":"SE","name":"Pakarae","net_slip_rate":"(2.4,2.2,2.6)","slip_type":"Normal"},"geometry":{"type":"LineString","coordinates":[[178.26800000010903,-38.559999998189305],[178.26500000011382,-38.51999999818691]]}},{"type":"Feature","properties":{"average_dip":"(60,50,70)","average_rake":"(-90,-100,-80)","catalog_id":"NZ_314","catalog_name":"Litchfield_NZ_2013","dip_dir":"SE","name":"Otaraia","net_slip_rate":"(0.2,0.1,0.3)","slip_type":"Dextral"},"geometry":{"type":"LineString","coordinates":[[175.362000000002,-41.2667000000575],[175.3100000000017,-41.303300000069115],[175.25700000000145,-41.358300000085706],[175.20300000000123,-41.420000000104004],[175.16000000000108,-41.471700000119185],[175.11500000000092,-41.518300000132946]]}},{"type":"Feature","properties":{"average_dip":"(60,50,70)","average_rake":"(-90,-100,-80)","catalog_id":"NZ_312","catalog_name":"Litchfield_NZ_2013","dip_dir":"NW","name":"Bidwill","net_slip_rate":"(0.2,0.1,0.3)","slip_type":"Reverse"},"geometry":{"type":"LineString","coordinates":[[175.48109758707378,-41.15292762222422],[175.47000000000276,-41.1700000000584],[175.40999996067822,-41.203333378231804],[175.34700000000197,-41.23500000009254]]}},{"type":"Feature","properties":{"average_dip":"(60,50,70)","average_rake":"(-80,-100,-70)","catalog_id":"NZ_302","catalog_name":"Litchfield_NZ_2013","dip_dir":"NW","name":"Whitemans Valley","net_slip_rate":"(0.1,0.05,0.15)","slip_type":"Reverse-Dextral"},"geometry":{"type":"LineString","coordinates":[[175.03500000000074,-41.15170000003325],[175.01800000000068,-41.176700000040384],[175.01500000000064,-41.195000000045454],[174.99800000000064,-41.21170000005029],[174.96800000000056,-41.25830000006352],[174.94700000000057,-41.28170000007022],[174.92200000000045,-41.320000000081066],[174.91000000000042,-41.330000000083956],[174.90800000000038,-41.34500000008813],[174.8920000000004,-41.37330000009609]]}},{"type":"Feature","properties":{"average_dip":"(90,80,90)","average_rake":"(0,-10,10)","catalog_id":"NZ_284","catalog_name":"Litchfield_NZ_2013","name":"Moonshine","net_slip_rate":"(0.2,0.1,0.3)","slip_type":"Dextral"},"geometry":{"type":"LineString","coordinates":[[175.123000000001,-41.01499999999415],[175.115000000001,-41.02499999999703],[175.0150000000007,-41.083300000014745],[174.89500000000044,-41.14170000003228],[174.7920000000003,-41.21670000005386]]}},{"type":"Feature","properties":{"average_dip":"(90,80,90)","average_rake":"(0,-10,10)","catalog_id":"NZ_283","catalog_name":"Litchfield_NZ_2013","name":"Northern Ohariu","net_slip_rate":"(1.5,1.0,3.0)","slip_type":"Dextral"},"geometry":{"type":"LineString","coordinates":[[175.60500000000428,-40.469999999826996],[175.45300000000287,-40.614999999874335],[175.4030000000025,-40.63329999988122],[175.28000000000173,-40.69169999990114],[175.2020000000014,-40.76499999992341],[175.1280000000011,-40.79999999993463]]}},{"type":"Feature","properties":{"average_dip":"(65,55,75)","average_rake":"(90,80,100)","catalog_id":"NZ_208","catalog_name":"Litchfield_NZ_2013","dip_dir":"NW","name":"Oaonui","net_slip_rate":"(0.09,0.05,0.18)","slip_type":"Normal"},"geometry":{"type":"LineString","coordinates":[[173.94396187451835,-39.26247991789435],[173.9267633847677,-39.30077183994471],[173.85605996253977,-39.36752570991344],[173.79956415946424,-39.39552744349433],[173.74872661917684,-39.40415994434542]]}},{"type":"Feature","properties":{"average_dip":"(0,0,0)","average_rake":"(90,80,100)","catalog_id":"NZ_210","catalog_name":"Litchfield_NZ_2013","dip_dir":"NW","name":"Norfolk","net_slip_rate":"(0.1,0.005,0.2)","slip_type":"Normal"},"geometry":{"type":"LineString","coordinates":[[174.183,-39.20829999981882],[174.233,-39.191699999816905]]}},{"type":"Feature","properties":{"average_dip":"(60,50,70)","average_rake":"(90,80,100)","catalog_id":"NZ_202","catalog_name":"Litchfield_NZ_2013","dip_dir":"W","name":"Turi North","net_slip_rate":"(0.4,0.1,0.4)","slip_type":"Normal"},"geometry":{"type":"LineString","coordinates":[[174.60000000000022,-38.44999999945646],[174.372,-38.651699999508345]]}},{"type":"Feature","properties":{"average_dip":"(60,50,70)","average_rake":"(90,80,100)","catalog_id":"NZ_203","catalog_name":"Litchfield_NZ_2013","dip_dir":"W","name":"Turi Central","net_slip_rate":"(0.4,0.1,0.4)","slip_type":"Normal"},"geometry":{"type":"LineString","coordinates":[[174.372,-38.651699999508345],[174.115,-38.87829999956393]]}},{"type":"Feature","properties":{"average_dip":"(60,50,70)","average_rake":"(90,80,100)","catalog_id":"NZ_204","catalog_name":"Litchfield_NZ_2013","dip_dir":"W","name":"Turi South","net_slip_rate":"(0.4,0.1,0.4)","slip_type":"Normal"},"geometry":{"type":"LineString","coordinates":[[174.115,-38.87829999956393],[173.883,-39.08329999961203]]}},{"type":"Feature","properties":{"average_dip":"(55,45,60)","average_rake":"(-90,-100,-80)","catalog_id":"NZ_569","catalog_name":"Litchfield_NZ_2013","dip_dir":"SE","name":"Akatore","net_slip_rate":"(1.28,0.7,2.15)","slip_type":"Reverse-Dextral"},"geometry":{"type":"LineString","coordinates":[[170.36299999999926,-45.94670000209722],[170.28999999999917,-45.98500000207268],[170.18199999999916,-46.091700001993054],[170.178,-46.10500000198201],[170.10279982120775,-46.16647129574367],[170.0619999999994,-46.20500000187481],[170.03499999999946,-46.211700001864216],[170.0269999999995,-46.235000001836546],[169.96795141312342,-46.29090673540851],[169.96299999999985,-46.3550000016626],[169.995,-46.42000000155531]]}},{"type":"Feature","properties":{"average_dip":"(55,45,60)","average_rake":"(-90,-100,-80)","catalog_id":"NZ_570","catalog_name":"Litchfield_NZ_2013","dip_dir":"SE","name":"Settlement","net_slip_rate":"(0.4,0.2,0.6)","slip_type":"Reverse"},"geometry":{"type":"LineString","coordinates":[[169.70000000000235,-46.41170000086346],[169.66000000000315,-46.4683000007891],[169.63000000000378,-46.491700000752644],[169.6000000000045,-46.520000000707654],[169.59200000000476,-46.531700000689355],[169.5730000000052,-46.54000000067277],[169.51700000000682,-46.55830000063126]]}},{"type":"Feature","properties":{"average_dip":"(70,50,90)","average_rake":"(-60,-90,-30)","catalog_id":"NZ_582","catalog_name":"Litchfield_NZ_2013","dip_dir":"W","name":"Hauroko South","net_slip_rate":"(0.3,0.1,0.6)","slip_type":"Reverse-Dextral"},"geometry":{"type":"LineString","coordinates":[[167.19892913026968,-46.0912119302315],[166.8867645644586,-46.292406291929126],[166.7180354934969,-46.401400783824336],[166.54508747022192,-46.51742919604861]]}},{"type":"Feature","properties":{"average_dip":"(60,50,70)","average_rake":"(90,80,100)","catalog_id":"NZ_189","catalog_name":"Litchfield_NZ_2013","dip_dir":"SE","name":"National Park","net_slip_rate":"(0.2,0.1,0.5)","slip_type":"Normal"},"geometry":{"type":"LineString","coordinates":[[175.48800000000384,-39.118299999604986],[175.4650000000036,-39.15499999961411],[175.40300000000303,-39.171699999619925]]}},{"type":"Feature","properties":{"average_dip":"(55,40,70)","average_rake":"(90,80,100)","catalog_id":"NZ_183","catalog_name":"Litchfield_NZ_2013","dip_dir":"NW","name":"Poutu","net_slip_rate":"(1.85,1.5,2.2)","slip_type":"Normal"},"geometry":{"type":"LineString","coordinates":[[175.66800000000597,-39.203299999616256],[175.76800000000773,-39.00499999956552]]}},{"type":"Feature","properties":{"average_dip":"(60,50,70)","average_rake":"(90,80,100)","catalog_id":"NZ_181","catalog_name":"Litchfield_NZ_2013","dip_dir":"SE","name":"Waihi South","net_slip_rate":"(2.0,1.5,2.5)","slip_type":"Normal"},"geometry":{"type":"LineString","coordinates":[[175.63700000000563,-39.063299999781215],[175.6350000000055,-39.12169999978789],[175.60700000000517,-39.15829999979333],[175.59300000000496,-39.19499999979806],[175.56700000000464,-39.22499999980252],[175.56200000000456,-39.26669999980733]]}},{"type":"Feature","properties":{"average_dip":"(60,50,70)","average_rake":"(90,80,100)","catalog_id":"NZ_182","catalog_name":"Litchfield_NZ_2013","dip_dir":"SE","name":"Waihi East","net_slip_rate":"(0.7,0.5,1.0)","slip_type":"Normal"},"geometry":{"type":"LineString","coordinates":[[175.75700000000765,-38.933299999549504],[175.68000000000626,-39.05329999958166],[175.6470000000057,-39.12499999959971]]}},{"type":"Feature","properties":{"average_dip":"(60,50,70)","average_rake":"(90,80,100)","catalog_id":"NZ_180","catalog_name":"Litchfield_NZ_2013","dip_dir":"SE","name":"Waihi West","net_slip_rate":"(1.3,1.0,1.5)","slip_type":"Normal"},"geometry":{"type":"LineString","coordinates":[[175.71200000000687,-38.9366999993432],[175.68500000000643,-39.00329999936804],[175.63500000000556,-39.056699999389075]]}},{"type":"Feature","properties":{"average_dip":"(60,50,70)","average_rake":"(90,80,100)","catalog_id":"NZ_184","catalog_name":"Litchfield_NZ_2013","dip_dir":"W","name":"Treetrunk","net_slip_rate":"(1.0,0.7,1.4)","slip_type":"Normal"},"geometry":{"type":"LineString","coordinates":[[175.7780000000077,-39.2066999996107],[175.7980000000081,-39.16499999960007],[175.81700000000848,-39.12999999959093],[175.83200000000878,-39.10499999958424],[175.86300000000944,-39.05999999957177]]}},{"type":"Feature","properties":{"average_dip":"(70,60,80)","average_rake":"(90,80,100)","catalog_id":"NZ_216","catalog_name":"Litchfield_NZ_2013","dip_dir":"SE","name":"Nukumuru - Waitotara 1-6","net_slip_rate":"(0.07,0.01,0.13)","slip_type":"Normal"},"geometry":{"type":"LineString","coordinates":[[174.56700000000012,-40.149999999835664],[174.60000000000014,-40.13329999983225],[174.6500000000002,-40.06669999981899],[174.68300000000022,-39.949999999795686],[174.70000000000022,-39.91669999978893],[174.80300000000037,-39.84329999977345],[174.87000000000052,-39.78329999976068]]}},{"type":"Feature","properties":{"average_dip":"(0,0,0)","average_rake":"(90,80,100)","catalog_id":"NZ_219","catalog_name":"Litchfield_NZ_2013","name":"Waitotara 8 & 9","net_slip_rate":"(0.5,0.2,0.8)","slip_type":"Normal"},"geometry":{"type":"LineString","coordinates":[[174.4,-40.26669999985872],[174.5330000000001,-40.16669999983903],[174.58300000000014,-40.133299999832325],[174.6330000000002,-40.049999999815775],[174.63300000000015,-39.96669999979927],[174.6670000000002,-39.89999999978575]]}},{"type":"Feature","properties":{"average_dip":"(0,0,0)","average_rake":"(0,0,0)","catalog_id":"NZ_215","catalog_name":"Litchfield_NZ_2013","dip_dir":"NW","name":"Waitotara 10 & 11","net_slip_rate":"(0.16,0.1,0.3)","slip_type":"Normal-Dextral"},"geometry":{"type":"LineString","coordinates":[[174.5330000000001,-40.149999999835785],[174.56700000000018,-40.09999999982588],[174.60000000000016,-39.99999999980603],[174.63300000000015,-39.9332999997926],[174.65800000000021,-39.899999999785784],[174.73300000000032,-39.78329999976173],[174.78200000000035,-39.73169999975082]]}},{"type":"Feature","properties":{"average_dip":"(0,0,0)","average_rake":"(90,80,100)","catalog_id":"NZ_214","catalog_name":"Litchfield_NZ_2013","dip_dir":"NW","name":"Ridge Road - Okaia 2","net_slip_rate":"(0.2,0.1,0.3)","slip_type":"Normal"},"geometry":{"type":"LineString","coordinates":[[174.5330000000001,-40.04999999972634],[174.60000000000016,-39.9666999997013],[174.63300000000024,-39.89999999968111],[174.74700000000033,-39.73669999963063],[174.77700000000036,-39.69169999961647]]}},{"type":"Feature","properties":{"average_dip":"(0,0,0)","average_rake":"(90,80,100)","catalog_id":"NZ_218","catalog_name":"Litchfield_NZ_2013","name":"Okaia 3","net_slip_rate":"(0.05,0.04,0.07)","slip_type":"Normal"},"geometry":{"type":"LineString","coordinates":[[174.5,-40.08329999982284],[174.53300000000013,-40.03329999981288],[174.55000000000015,-39.99999999980623]]}},{"type":"Feature","properties":{"average_dip":"(70,60,80)","average_rake":"(0,0,0)","catalog_id":"NZ_213","catalog_name":"Litchfield_NZ_2013","dip_dir":"SE","name":"Moumahaki - Okaia 4","net_slip_rate":"(0.19,0.05,0.19)","slip_type":"Normal-Dextral"},"geometry":{"type":"LineString","coordinates":[[174.525,-40.01669999980964],[174.55000000000013,-39.98329999980292],[174.60000000000016,-39.89999999978606],[174.68000000000026,-39.75829999975693],[174.7280000000003,-39.68669999974189]]}},{"type":"Feature","properties":{"average_dip":"(0,0,0)","average_rake":"(90,80,100)","catalog_id":"NZ_217","catalog_name":"Litchfield_NZ_2013","name":"Okaia 5","net_slip_rate":"(0.03,0.01,0.05)","slip_type":"Normal"},"geometry":{"type":"LineString","coordinates":[[174.4920000000001,-40.11669999982941],[174.5,-40.04999999981628],[174.56700000000015,-39.91669999978955]]}},{"type":"Feature","properties":{"average_dip":"(0,0,0)","average_rake":"(0,0,0)","catalog_id":"NZ_212","catalog_name":"Litchfield_NZ_2013","dip_dir":"SE","name":"Waverley - Okaia 1","net_slip_rate":"(0.04,0.02,0.1)","slip_type":"Normal-Dextral"},"geometry":{"type":"LineString","coordinates":[[174.508,-40.033299999904635],[174.50800000000012,-39.983299999899685],[174.55,-39.883299999889566],[174.58200000000014,-39.78329999987934],[174.69000000000023,-39.66669999986686]]}},{"type":"Feature","properties":{"average_dip":"(55,45,65)","average_rake":"(-90,-100,-80)","catalog_id":"NZ_457","catalog_name":"Litchfield_NZ_2013","dip_dir":"SE","name":"Pegasus","net_slip_rate":"(0.25,0.2,0.3)","slip_type":"Reverse"},"geometry":{"type":"LineString","coordinates":[[172.75,-43.333300000450265],[173.133,-43.23330000042887]]}},{"type":"Feature","properties":{"average_dip":"(55,45,65)","average_rake":"(-90,-100,-80)","catalog_id":"NZ_456","catalog_name":"Litchfield_NZ_2013","dip_dir":"SE","name":"North Canterbury Shelf 1","net_slip_rate":"(0.125,0.05,0.2)","slip_type":"Reverse"},"geometry":{"type":"LineString","coordinates":[[172.833,-43.22500000042712],[173.117,-43.20830000042358]]}},{"type":"Feature","properties":{"average_dip":"(55,45,65)","average_rake":"(-90,-100,-80)","catalog_id":"NZ_455","catalog_name":"Litchfield_NZ_2013","dip_dir":"SE","name":"North Canterbury Shelf 2","net_slip_rate":"(0.14,0.08,0.2)","slip_type":"Reverse"},"geometry":{"type":"LineString","coordinates":[[172.9,-43.183300000418264],[172.95,-43.18330000041826],[172.983,-43.15000000041121],[173.1,-43.10830000040243]]}},{"type":"Feature","properties":{"average_dip":"(55,45,65)","average_rake":"(-90,-100,-80)","catalog_id":"NZ_454","catalog_name":"Litchfield_NZ_2013","dip_dir":"SE","name":"North Canterbury Shelf 4","net_slip_rate":"(0.1,0.05,0.15)","slip_type":"Reverse"},"geometry":{"type":"LineString","coordinates":[[173.117,-43.16670000041476],[173.25,-43.12500000040593]]}},{"type":"Feature","properties":{"average_dip":"(55,45,65)","average_rake":"(-90,-100,-80)","catalog_id":"NZ_453","catalog_name":"Litchfield_NZ_2013","dip_dir":"SE","name":"North Canterbury Shelf 11","net_slip_rate":"(0.3,0.1,0.5)","slip_type":"Reverse"},"geometry":{"type":"LineString","coordinates":[[173.217,-43.075000000395434],[173.367,-43.01670000038324]]}},{"type":"Feature","properties":{"average_dip":"(55,45,65)","average_rake":"(-90,-100,-80)","catalog_id":"NZ_452","catalog_name":"Litchfield_NZ_2013","dip_dir":"SE","name":"North Canterbury Shelf 8 to 10","net_slip_rate":"(0.25,0.1,0.4)","slip_type":"Reverse"},"geometry":{"type":"LineString","coordinates":[[173.233,-43.033300000582656],[173.433,-42.98330000056701],[173.567,-42.81670000051546]]}},{"type":"Feature","properties":{"average_dip":"(55,45,65)","average_rake":"(-90,-100,-80)","catalog_id":"NZ_451","catalog_name":"Litchfield_NZ_2013","dip_dir":"SE","name":"North Canterbury Shelf 10","net_slip_rate":"(2.0,1.0,3.0)","slip_type":"Reverse"},"geometry":{"type":"LineString","coordinates":[[173.583,-42.79170000033686],[173.617,-42.75830000033007],[173.667,-42.608300000299856]]}},{"type":"Feature","properties":{"average_dip":"(55,45,65)","average_rake":"(-90,-100,-80)","catalog_id":"NZ_450","catalog_name":"Litchfield_NZ_2013","dip_dir":"SE","name":"North Canterbury Shelf 13","net_slip_rate":"(0.25,0.001,0.5)","slip_type":"Reverse"},"geometry":{"type":"LineString","coordinates":[[173.517,-42.766700000331795],[173.583,-42.5333000002849]]}},{"type":"Feature","properties":{"average_dip":"(55,45,65)","average_rake":"(90,80,100)","catalog_id":"NZ_448","catalog_name":"Litchfield_NZ_2013","dip_dir":"S","name":"North Mernoo B0","net_slip_rate":"(0.1,0.07,0.1)","slip_type":"Normal"},"geometry":{"type":"LineString","coordinates":[[173.8,-42.85000000017201],[174.3,-43.050000000192284]]}},{"type":"Feature","properties":{"average_dip":"(55,45,65)","average_rake":"(90,80,100)","catalog_id":"NZ_447","catalog_name":"Litchfield_NZ_2013","dip_dir":"S","name":"North Mernoo B1","net_slip_rate":"(0.1,0.07,0.1)","slip_type":"Normal"},"geometry":{"type":"LineString","coordinates":[[174.3,-43.050000000389794],[174.55,-43.08330000039607]]}},{"type":"Feature","properties":{"average_dip":"(55,45,65)","average_rake":"(90,80,100)","catalog_id":"NZ_446","catalog_name":"Litchfield_NZ_2013","dip_dir":"S","name":"North Mernoo B2","net_slip_rate":"(0.1,0.07,0.1)","slip_type":"Normal"},"geometry":{"type":"LineString","coordinates":[[174.55,-43.083300000597106],[175.16700000000074,-43.11670000060055]]}},{"type":"Feature","properties":{"average_dip":"(55,45,65)","average_rake":"(90,80,100)","catalog_id":"NZ_445","catalog_name":"Litchfield_NZ_2013","dip_dir":"S","name":"North Mernoo 46 & 47","net_slip_rate":"(0.16,0.02,0.3)","slip_type":"Normal"},"geometry":{"type":"LineString","coordinates":[[173.967,-42.850000000525455],[174.217,-42.94170000055363],[174.433,-42.96670000056098]]}},{"type":"Feature","properties":{"average_dip":"(55,45,65)","average_rake":"(90,80,100)","catalog_id":"NZ_444","catalog_name":"Litchfield_NZ_2013","dip_dir":"S","name":"North Mernoo E1","net_slip_rate":"(0.26,0.02,0.5)","slip_type":"Normal"},"geometry":{"type":"LineString","coordinates":[[173.967,-42.85000000034873],[174.467,-42.90000000035829]]}},{"type":"Feature","properties":{"average_dip":"(55,45,65)","average_rake":"(90,80,100)","catalog_id":"NZ_443","catalog_name":"Litchfield_NZ_2013","dip_dir":"S","name":"North Mernoo E2","net_slip_rate":"(0.26,0.02,0.5)","slip_type":"Normal"},"geometry":{"type":"LineString","coordinates":[[174.467,-42.900000000540174],[174.88300000000027,-42.97500000056074]]}},{"type":"Feature","properties":{"average_dip":"(55,45,65)","average_rake":"(90,80,100)","catalog_id":"NZ_442","catalog_name":"Litchfield_NZ_2013","dip_dir":"S","name":"North Mernoo F1","net_slip_rate":"(0.225,0.1,0.35)","slip_type":"Normal"},"geometry":{"type":"LineString","coordinates":[[174.333,-42.83330000034491],[174.533,-42.91670000036148],[174.667,-42.90000000035739]]}},{"type":"Feature","properties":{"average_dip":"(55,45,65)","average_rake":"(90,80,100)","catalog_id":"NZ_441","catalog_name":"Litchfield_NZ_2013","dip_dir":"S","name":"North Mernoo F2","net_slip_rate":"(0.225,0.1,0.35)","slip_type":"Normal"},"geometry":{"type":"LineString","coordinates":[[174.667,-42.90000000035739],[175.08300000000057,-42.93000000035884]]}},{"type":"Feature","properties":{"average_dip":"(55,45,65)","average_rake":"(90,80,100)","catalog_id":"NZ_440","catalog_name":"Litchfield_NZ_2013","dip_dir":"S","name":"North Mernoo 18 & 19","net_slip_rate":"(0.08,0.01,0.15)","slip_type":"Normal"},"geometry":{"type":"LineString","coordinates":[[174.667,-42.716700000483094],[175.13300000000075,-42.80500000050436]]}},{"type":"Feature","properties":{"average_dip":"(55,45,65)","average_rake":"(90,80,100)","catalog_id":"NZ_438","catalog_name":"Litchfield_NZ_2013","dip_dir":"S","name":"North Mernoo K1","net_slip_rate":"(0.215,0.08,0.35)","slip_type":"Normal"},"geometry":{"type":"LineString","coordinates":[[174.717,-42.66670000030957],[175.48300000000208,-42.78330000031692]]}},{"type":"Feature","properties":{"average_dip":"(55,45,65)","average_rake":"(90,80,100)","catalog_id":"NZ_439","catalog_name":"Litchfield_NZ_2013","dip_dir":"S","name":"North Mernoo K2","net_slip_rate":"(0.215,0.08,0.35)","slip_type":"Normal"},"geometry":{"type":"LineString","coordinates":[[175.48300000000208,-42.78330000014701],[175.5330000000024,-42.766700000143025],[175.8500000000048,-42.79170000012442]]}},{"type":"Feature","properties":{"average_dip":"(55,45,65)","average_rake":"(90,80,100)","catalog_id":"NZ_437","catalog_name":"Litchfield_NZ_2013","dip_dir":"S","name":"North Mernoo M","net_slip_rate":"(0.125,0.05,0.2)","slip_type":"Normal"},"geometry":{"type":"LineString","coordinates":[[174.7500000000001,-42.61670000029932],[175.00000000000045,-42.68330000030993],[175.3330000000014,-42.700000000305764]]}},{"type":"Feature","properties":{"average_dip":"(0,0,0)","average_rake":"(-90,-100,-80)","catalog_id":"NZ_436","catalog_name":"Litchfield_NZ_2013","dip_dir":"NW","name":"Marlborough Slope 9","net_slip_rate":"(0.28,0.05,0.5)","slip_type":"Reverse"},"geometry":{"type":"LineString","coordinates":[[174.0,-42.71670000032158],[174.1,-42.65000000030808],[174.15,-42.65000000030801]]}},{"type":"Feature","properties":{"average_dip":"(0,0,0)","average_rake":"(-90,-100,-80)","catalog_id":"NZ_433","catalog_name":"Litchfield_NZ_2013","dip_dir":"NW","name":"Marlborough Slope 4","net_slip_rate":"(0.3,0.1,0.5)","slip_type":"Reverse"},"geometry":{"type":"LineString","coordinates":[[174.25,-42.45000000026815],[174.367,-42.40000000025811],[174.483,-42.31670000024153],[174.567,-42.316700000241234],[174.75000000000017,-42.26670000023047],[174.86700000000027,-42.250000000226215]]}},{"type":"Feature","properties":{"average_dip":"(0,0,0)","average_rake":"(-90,-100,-80)","catalog_id":"NZ_435","catalog_name":"Litchfield_NZ_2013","dip_dir":"NW","name":"Marlborough Slope 2","net_slip_rate":"(0.85,0.2,1.5)","slip_type":"Reverse"},"geometry":{"type":"LineString","coordinates":[[173.883,-42.58330000029483],[173.967,-42.50000000027825],[174.0,-42.50000000027823]]}},{"type":"Feature","properties":{"average_dip":"(0,0,0)","average_rake":"(-90,-100,-80)","catalog_id":"NZ_434","catalog_name":"Litchfield_NZ_2013","dip_dir":"NW","name":"Marlborough Slope 1","net_slip_rate":"(0.25,0.0001,0.5)","slip_type":"Reverse"},"geometry":{"type":"LineString","coordinates":[[173.817,-42.51670000028161],[173.983,-42.38330000025528],[174.067,-42.33330000024549],[174.117,-42.30000000023897]]}},{"type":"Feature","properties":{"average_dip":"(90,80,90)","average_rake":"(0,-10,10)","catalog_id":"NZ_430","catalog_name":"Litchfield_NZ_2013","name":"Kaikoura","net_slip_rate":"(0.13,0.01,0.25)","slip_type":"Dextral"},"geometry":{"type":"LineString","coordinates":[[173.75,-42.35000000024884],[173.8,-42.3000000002391],[174.0,-42.23330000022613],[174.033,-42.200000000219696]]}},{"type":"Feature","properties":{"average_dip":"(50,35,70)","average_rake":"(-55,-65,-45)","catalog_id":"NZ_431","catalog_name":"Litchfield_NZ_2013","dip_dir":"NW","name":"Upper Slope","net_slip_rate":"(1.0,0.5,1.5)","slip_type":"Reverse"},"geometry":{"type":"LineString","coordinates":[[174.217,-42.28330000035571],[174.333,-42.11670000030738],[174.533,-42.0000000002735]]}},{"type":"Feature","properties":{"average_dip":"(60,50,70)","average_rake":"(0,0,0)","catalog_id":"NZ_542","catalog_name":"Litchfield_NZ_2013","dip_dir":"NW","name":"Albury","net_slip_rate":"(0.1,0.02,0.2)","slip_type":"Reverse-Dextral"},"geometry":{"type":"LineString","coordinates":[[170.80799999999948,-44.19830000063173],[170.7129999999992,-44.03330000059245]]}},{"type":"Feature","properties":{"average_dip":"(60,50,70)","average_rake":"(-90,-100,-80)","catalog_id":"NZ_541","catalog_name":"Litchfield_NZ_2013","dip_dir":"E","name":"Brothers","net_slip_rate":"(0.06,0.01,0.13)","slip_type":"Reverse"},"geometry":{"type":"LineString","coordinates":[[171.012,-44.391700000678334],[170.83199999999948,-44.10670000061199]]}},{"type":"Feature","properties":{"average_dip":"(60,50,70)","average_rake":"(-63,-90,-45)","catalog_id":"NZ_545","catalog_name":"Litchfield_NZ_2013","dip_dir":"NW","name":"Dalgety","net_slip_rate":"(0.25,0.05,0.66)","slip_type":"Reverse-Dextral"},"geometry":{"type":"LineString","coordinates":[[170.6249999999991,-44.40170000067072],[170.64299999999903,-44.17500000062158]]}},{"type":"Feature","properties":{"average_dip":"(60,50,70)","average_rake":"(0,0,0)","catalog_id":"NZ_548","catalog_name":"Litchfield_NZ_2013","dip_dir":"NE","name":"Dryburgh Northwest","net_slip_rate":"(0.006,0.001,0.026)","slip_type":"Reverse-Sinistral"},"geometry":{"type":"LineString","coordinates":[[170.54799999999895,-44.76330000074323],[170.34299999999817,-44.55670000068954]]}},{"type":"Feature","properties":{"average_dip":"(60,50,70)","average_rake":"(-90,-100,-80)","catalog_id":"NZ_543","catalog_name":"Litchfield_NZ_2013","dip_dir":"W","name":"Hunters Hills","net_slip_rate":"(0.12,0.02,0.26)","slip_type":"Reverse"},"geometry":{"type":"LineString","coordinates":[[170.78499999999943,-44.230000000638135],[170.98799999999983,-44.6517000007333]]}},{"type":"Feature","properties":{"average_dip":"(60,45,70)","average_rake":"(-90,-100,-80)","catalog_id":"NZ_547","catalog_name":"Litchfield_NZ_2013","dip_dir":"W","name":"Kirkliston","net_slip_rate":"(0.15,0.05,0.28)","slip_type":"Reverse"},"geometry":{"type":"LineString","coordinates":[[170.47199999999876,-44.69670000034899],[170.64799999999914,-44.410000000326654]]}},{"type":"Feature","properties":{"average_dip":"(60,50,70)","average_rake":"(-90,-100,-80)","catalog_id":"NZ_544","catalog_name":"Litchfield_NZ_2013","dip_dir":"W","name":"Opawa","net_slip_rate":"(0.05,0.01,0.185)","slip_type":"Reverse"},"geometry":{"type":"LineString","coordinates":[[170.8379999999996,-44.421700000681476],[170.68199999999914,-44.178300000623636]]}},{"type":"Feature","properties":{"average_dip":"(70,60,80)","average_rake":"(-90,-120,-60)","catalog_id":"NZ_552","catalog_name":"Litchfield_NZ_2013","dip_dir":"NE","name":"Otematata","net_slip_rate":"(0.024,0.005,0.082)","slip_type":"Reverse-Sinistral"},"geometry":{"type":"LineString","coordinates":[[170.1569999999976,-44.686700000701734],[170.0079999999969,-44.591700000666314]]}},{"type":"Feature","properties":{"average_dip":"(75,60,90)","average_rake":"(-120,-140,-110)","catalog_id":"NZ_551","catalog_name":"Litchfield_NZ_2013","dip_dir":"SW","name":"Fern Gully","net_slip_rate":"(0.61,0.4,1.73)","slip_type":"Sinistral-Reverse"},"geometry":{"type":"LineString","coordinates":[[170.36311354655194,-44.68847548326096],[170.36299999999838,-44.68830000222343],[170.19299999999762,-44.59670000215359],[170.08299999999716,-44.58670000213666],[170.0029999999967,-44.496700002070206]]}},{"type":"Feature","properties":{"average_dip":"(70,60,80)","average_rake":"(-80,-90,-60)","catalog_id":"NZ_550","catalog_name":"Litchfield_NZ_2013","dip_dir":"SW","name":"Waitangi","net_slip_rate":"(0.169,0.1,0.31)","slip_type":"Reverse-Dextral"},"geometry":{"type":"LineString","coordinates":[[170.3679999999984,-44.68670000071815],[170.29699999999804,-44.550000000684946]]}},{"type":"Feature","properties":{"average_dip":"(50,40,60)","average_rake":"(0,0,0)","catalog_id":"NZ_153","catalog_name":"Litchfield_NZ_2013","dip_dir":"SE","name":"Otakiri","net_slip_rate":"(0.1,0.1,0.1)","slip_type":"Normal"},"geometry":{"type":"LineString","coordinates":[[176.87500000006506,-37.94169999946011],[176.8170000000597,-37.9682999994807],[176.76200000005502,-37.986699999498214],[176.72000000005156,-38.00329999951122]]}},{"type":"Feature","properties":{"average_dip":"(75,60,90)","average_rake":"(-80,-90,-60)","catalog_id":"NZ_549","catalog_name":"Litchfield_NZ_2013","dip_dir":"SW","name":"Awahokomo","net_slip_rate":"(0.58,0.22,0.98)","slip_type":"Reverse-Dextral"},"geometry":{"type":"LineString","coordinates":[[170.45199999999872,-44.81670000269498],[170.41799999999859,-44.77330000266317],[170.36311354655197,-44.68847548363731]]}},{"type":"Feature","properties":{"average_dip":"(85,80,90)","average_rake":"(5,0,10)","catalog_id":"NZ_419","catalog_name":"Litchfield_NZ_2013","dip_dir":"S","name":"Wairau 1","net_slip_rate":"(4.0,3.0,5.0)","slip_type":"Dextral-Normal"},"geometry":{"type":"LineString","coordinates":[[174.17154130033154,-41.388999624860986],[173.26968721914503,-41.64663020191983]]}},{"type":"Feature","properties":{"average_dip":"(65,60,70)","average_rake":"(55,45,65)","catalog_id":"NZ_417","catalog_name":"Litchfield_NZ_2013","dip_dir":"S","name":"Wairau 3","net_slip_rate":"(4.0,3.0,5.0)","slip_type":"Normal-Dextral"},"geometry":{"type":"LineString","coordinates":[[174.48814063966017,-41.37285065793675],[174.3554406332339,-41.35728531662125]]}},{"type":"Feature","properties":{"average_dip":"(75,70,80)","average_rake":"(34,24,44)","catalog_id":"NZ_418","catalog_name":"Litchfield_NZ_2013","dip_dir":"S","name":"Wairau 2","net_slip_rate":"(4.0,3.0,5.0)","slip_type":"Dextral-Normal"},"geometry":{"type":"LineString","coordinates":[[174.3554406332339,-41.35728531658834],[174.17154130033154,-41.38899962482515]]}},{"type":"Feature","properties":{"average_dip":"(75,65,85)","average_rake":"(-20,-30,-10)","catalog_id":"NZ_468","catalog_name":"Litchfield_NZ_2013","dip_dir":"NW","name":"AwatereNortheast 1","net_slip_rate":"(6.0,4.0,8.0)","slip_type":"Dextral-Reverse"},"geometry":{"type":"LineString","coordinates":[[174.02499997998012,-41.6333333707633],[173.28333336240604,-42.05999999844384]]}},{"type":"Feature","properties":{"average_dip":"(80,70,90)","average_rake":"(0,-10,10)","catalog_id":"NZ_467","catalog_name":"Litchfield_NZ_2013","dip_dir":"NW","name":"Awatere Northeast 2","net_slip_rate":"(1.5,0.5,2.5)","slip_type":"Dextral"},"geometry":{"type":"LineString","coordinates":[[174.25348240067714,-41.534947205418035],[174.02499997998012,-41.6333333707633]]}},{"type":"Feature","properties":{"average_dip":"(60,50,70)","average_rake":"(67,57,77)","catalog_id":"NZ_410","catalog_name":"Litchfield_NZ_2013","dip_dir":"S","name":"Vernon 4","net_slip_rate":"(4.5,2.5,5.0)","slip_type":"Normal-Dextral"},"geometry":{"type":"LineString","coordinates":[[174.45072185504125,-41.539942603327766],[174.25348240067714,-41.53494720546734]]}},{"type":"Feature","properties":{"average_dip":"(60,50,70)","average_rake":"(70,60,80)","catalog_id":"NZ_414","catalog_name":"Litchfield_NZ_2013","dip_dir":"S","name":"Cloudy 3","net_slip_rate":"(1.5,0.5,2.5)","slip_type":"Normal-Dextral"},"geometry":{"type":"LineString","coordinates":[[174.43939649305457,-41.48738390095471],[174.325931215069,-41.46564281690405]]}},{"type":"Feature","properties":{"average_dip":"(65,55,75)","average_rake":"(-70,-80,-60)","catalog_id":"NZ_413","catalog_name":"Litchfield_NZ_2013","dip_dir":"SE","name":"Vernon 1","net_slip_rate":"(4.5,2.5,5.0)","slip_type":"Reverse-Dextral"},"geometry":{"type":"LineString","coordinates":[[174.04666660804608,-41.578333308453914],[174.02499997998012,-41.63333337082175]]}},{"type":"Feature","properties":{"average_dip":"(80,70,90)","average_rake":"(0,-10,10)","catalog_id":"NZ_412","catalog_name":"Litchfield_NZ_2013","dip_dir":"S","name":"Vernon 2","net_slip_rate":"(4.5,2.5,5.0)","slip_type":"Dextral"},"geometry":{"type":"LineString","coordinates":[[174.1880612533193,-41.53826892178112],[174.04666660804608,-41.578333308453914]]}},{"type":"Feature","properties":{"average_dip":"(70,60,80)","average_rake":"(65,55,75)","catalog_id":"NZ_411","catalog_name":"Litchfield_NZ_2013","dip_dir":"S","name":"Vernon 3","net_slip_rate":"(2.5,1.5,3.0)","slip_type":"Normal-Dextral"},"geometry":{"type":"LineString","coordinates":[[174.25348240067714,-41.53494720546734],[174.1880612533193,-41.53826892178112]]}},{"type":"Feature","properties":{"average_dip":"(80,70,90)","average_rake":"(0,-10,10)","catalog_id":"NZ_416","catalog_name":"Litchfield_NZ_2013","dip_dir":"SE","name":"Cloudy 1","net_slip_rate":"(1.5,0.5,2.5)","slip_type":"Dextral"},"geometry":{"type":"LineString","coordinates":[[174.27979036879913,-41.47170436548152],[174.1880612533193,-41.53826892178112]]}},{"type":"Feature","properties":{"average_dip":"(70,60,80)","average_rake":"(60,50,70)","catalog_id":"NZ_415","catalog_name":"Litchfield_NZ_2013","dip_dir":"S","name":"Cloudy 2","net_slip_rate":"(1.5,0.5,2.5)","slip_type":"Normal-Dextral"},"geometry":{"type":"LineString","coordinates":[[174.325931215069,-41.46564281690405],[174.27979036879913,-41.47170436548152]]}},{"type":"Feature","properties":{"average_dip":"(60,50,70)","average_rake":"(-20,-30,-10)","catalog_id":"NZ_472","catalog_name":"Litchfield_NZ_2013","dip_dir":"NW","name":"Clarence Northeast","net_slip_rate":"(4.32,3.51,5.04)","slip_type":"Dextral-Reverse"},"geometry":{"type":"LineString","coordinates":[[174.03000002028338,-41.83999995932309],[173.8299999466245,-41.9233333431406],[173.40000000274,-42.193333321843056],[173.12,-42.38670000051639]]}},{"type":"Feature","properties":{"average_dip":"(80,70,90)","average_rake":"(-27,-37,-17)","catalog_id":"NZ_424","catalog_name":"Litchfield_NZ_2013","dip_dir":"NW","name":"Kekerengu 2","net_slip_rate":"(20.0,18.0,22.0)","slip_type":"Dextral-Reverse"},"geometry":{"type":"LineString","coordinates":[[174.17031527827015,-41.940694061269596],[174.00000005264124,-41.98166662215401]]}},{"type":"Feature","properties":{"average_dip":"(60,50,70)","average_rake":"(-45,-55,-35)","catalog_id":"NZ_425","catalog_name":"Litchfield_NZ_2013","dip_dir":"NW","name":"Kekerengu 1","net_slip_rate":"(20.0,18.0,22.0)","slip_type":"Dextral-Reverse"},"geometry":{"type":"LineString","coordinates":[[174.00000005264124,-41.98166662215401],[173.8165105456177,-42.097787573429834]]}},{"type":"Feature","properties":{"average_dip":"(80,70,90)","average_rake":"(6,-4,16)","catalog_id":"NZ_423","catalog_name":"Litchfield_NZ_2013","dip_dir":"N","name":"Chancet","net_slip_rate":"(3.0,1.0,4.0)","slip_type":"Dextral"},"geometry":{"type":"LineString","coordinates":[[174.47940527012776,-41.90295494541151],[174.17031527827015,-41.940694061269596]]}},{"type":"Feature","properties":{"average_dip":"(70,60,80)","average_rake":"(-28,-48,-18)","catalog_id":"NZ_429","catalog_name":"Litchfield_NZ_2013","dip_dir":"NW","name":"Hope Offshore 1","net_slip_rate":"(5.0,3.0,7.0)","slip_type":"Dextral-Reverse"},"geometry":{"type":"LineString","coordinates":[[173.67549722279674,-42.31552692873966],[174.13307626809112,-42.14998781198569]]}},{"type":"Feature","properties":{"average_dip":"(65,55,75)","average_rake":"(-50,-60,-39)","catalog_id":"NZ_428","catalog_name":"Litchfield_NZ_2013","dip_dir":"NW","name":"Hope Offshore 2","net_slip_rate":"(3.5,2.0,5.0)","slip_type":"Reverse-Dextral"},"geometry":{"type":"LineString","coordinates":[[174.13307626809112,-42.14998781198569],[174.5083310939687,-41.96327840413109]]}},{"type":"Feature","properties":{"average_dip":"(55,40,70)","average_rake":"(-50,-60,-40)","catalog_id":"NZ_432","catalog_name":"Litchfield_NZ_2013","dip_dir":"NW","name":"Kekerengu Bank","net_slip_rate":"(1.0,0.5,1.5)","slip_type":"Reverse-Dextral"},"geometry":{"type":"LineString","coordinates":[[174.67490228853674,-42.03464660680295],[174.13333337436157,-42.43333337706983]]}},{"type":"Feature","properties":{"average_dip":"(80,70,90)","average_rake":"(-20,-30,-10)","catalog_id":"NZ_427","catalog_name":"Litchfield_NZ_2013","dip_dir":"N","name":"Te Rapa 1","net_slip_rate":"(2.0,1.0,3.0)","slip_type":"Dextral-Reverse"},"geometry":{"type":"LineString","coordinates":[[174.70884906565857,-41.94761313055168],[174.5083310939687,-41.96327840413109]]}},{"type":"Feature","properties":{"average_dip":"(70,60,80)","average_rake":"(-50,-60,-40)","catalog_id":"NZ_426","catalog_name":"Litchfield_NZ_2013","dip_dir":"NW","name":"Te Rapa 2","net_slip_rate":"(2.0,1.0,3.0)","slip_type":"Reverse-Dextral"},"geometry":{"type":"LineString","coordinates":[[174.87759218467502,-41.88974472342857],[174.70884906565857,-41.94761313055168]]}},{"type":"Feature","properties":{"average_dip":"(80,70,90)","average_rake":"(-23,-33,-13)","catalog_id":"NZ_420","catalog_name":"Litchfield_NZ_2013","dip_dir":"NW","name":"Needles","net_slip_rate":"(16.0,13.0,19.0)","slip_type":"Dextral-Reverse"},"geometry":{"type":"LineString","coordinates":[[174.40426240509515,-41.68801775917819],[174.17031527827015,-41.940694061269596]]}},{"type":"Feature","properties":{"average_dip":"(70,60,80)","average_rake":"(-50,-60,-40)","catalog_id":"NZ_422","catalog_name":"Litchfield_NZ_2013","dip_dir":"NW","name":"Campbell Bank 1","net_slip_rate":"(3.0,2.0,4.0)","slip_type":"Reverse-Dextral"},"geometry":{"type":"LineString","coordinates":[[174.58963532243405,-41.86418229645536],[174.49873520800023,-41.90270722597072]]}},{"type":"Feature","properties":{"average_dip":"(60,50,70)","average_rake":"(-65,-75,-55)","catalog_id":"NZ_421","catalog_name":"Litchfield_NZ_2013","dip_dir":"NW","name":"Campbell Bank 2","net_slip_rate":"(3.0,2.0,4.0)","slip_type":"Reverse-Dextral"},"geometry":{"type":"LineString","coordinates":[[174.70184953299042,-41.7217461635504],[174.58963532243405,-41.86418229645536]]}},{"type":"Feature","properties":{"average_dip":"(70,60,80)","average_rake":"(0,-10,10)","catalog_id":"NZ_409","catalog_name":"Litchfield_NZ_2013","dip_dir":"NW","name":"Wairarapa - Needles 1","net_slip_rate":"(11.0,8.0,12.0)","slip_type":"Dextral"},"geometry":{"type":"LineString","coordinates":[[174.38215674114912,-41.72478899171892],[174.56598356266844,-41.61771959567517]]}},{"type":"Feature","properties":{"average_dip":"(70,60,80)","average_rake":"(0,-10,10)","catalog_id":"NZ_408","catalog_name":"Litchfield_NZ_2013","dip_dir":"NW","name":"Wairarapa - Needles 2","net_slip_rate":"(11.0,8.0,12.0)","slip_type":"Dextral"},"geometry":{"type":"LineString","coordinates":[[174.56598356266844,-41.61771959567517],[174.7992672289506,-41.52524623802816]]}},{"type":"Feature","properties":{"average_dip":"(70,60,80)","average_rake":"(0,-10,10)","catalog_id":"NZ_303","catalog_name":"Litchfield_NZ_2013","dip_dir":"NW","name":"Wairarapa 1","net_slip_rate":"(11.0,8.0,12.0)","slip_type":"Dextral"},"geometry":{"type":"LineString","coordinates":[[175.13237395134934,-41.26017358666622],[174.80752139551984,-41.51377075403113]]}},{"type":"Feature","properties":{"average_dip":"(70,60,80)","average_rake":"(-20,-30,-10)","catalog_id":"NZ_304","catalog_name":"Litchfield_NZ_2013","dip_dir":"NW","name":"Wairarapa 2","net_slip_rate":"(11.3,8.3,12.3)","slip_type":"Dextral-Reverse"},"geometry":{"type":"LineString","coordinates":[[175.43217207192632,-41.03080702202338],[175.19833333218915,-41.20833329163675],[175.13237395134934,-41.26017358666622]]}},{"type":"Feature","properties":{"average_dip":"(70,60,80)","average_rake":"(-15,-25,-5)","catalog_id":"NZ_305","catalog_name":"Litchfield_NZ_2013","dip_dir":"NW","name":"Wairarapa 3","net_slip_rate":"(6.0,4.5,7.5)","slip_type":"Dextral-Reverse"},"geometry":{"type":"LineString","coordinates":[[175.71166668893028,-40.766666666118645],[175.43217207192632,-41.03080702202338]]}},{"type":"Feature","properties":{"average_dip":"(45,35,55)","average_rake":"(-90,-100,-80)","catalog_id":"NZ_309","catalog_name":"Litchfield_NZ_2013","dip_dir":"NW","name":"Wharekauhau 1","net_slip_rate":"(2.5,1.5,3.5)","slip_type":"Reverse"},"geometry":{"type":"LineString","coordinates":[[174.90336970773254,-41.54111923376613],[174.75735028859964,-41.6019150911333]]}},{"type":"Feature","properties":{"average_dip":"(45,35,55)","average_rake":"(-90,-100,-80)","catalog_id":"NZ_310","catalog_name":"Litchfield_NZ_2013","dip_dir":"NW","name":"Wharekauhau 2","net_slip_rate":"(2.5,1.5,3.5)","slip_type":"Reverse"},"geometry":{"type":"LineString","coordinates":[[175.13370648800773,-41.3044698700756],[174.90336970773254,-41.54111923371625]]}},{"type":"Feature","properties":{"average_dip":"(45,35,55)","average_rake":"(-90,-100,-80)","catalog_id":"NZ_311","catalog_name":"Litchfield_NZ_2013","dip_dir":"W","name":"Wharekauhau 3","net_slip_rate":"(2.5,1.5,3.5)","slip_type":"Reverse"},"geometry":{"type":"LineString","coordinates":[[175.1350082579505,-41.26208423885481],[175.13370648800773,-41.304469870103645]]}},{"type":"Feature","properties":{"average_dip":"(70,60,80)","average_rake":"(-90,-100,-80)","catalog_id":"NZ_251","catalog_name":"Litchfield_NZ_2013","dip_dir":"E","name":"Mascarin 1","net_slip_rate":"(3.0,1.5,3.5)","slip_type":"Reverse"},"geometry":{"type":"LineString","coordinates":[[174.8829580787523,-40.66006526104072],[174.80728086570056,-40.73550590171732]]}},{"type":"Feature","properties":{"average_dip":"(70,60,80)","average_rake":"(-90,-100,-80)","catalog_id":"NZ_252","catalog_name":"Litchfield_NZ_2013","dip_dir":"E","name":"Mascarin 2","net_slip_rate":"(3.0,1.5,3.5)","slip_type":"Reverse"},"geometry":{"type":"LineString","coordinates":[[175.1085043591539,-40.23435037600487],[174.8829580787523,-40.660065261072255]]}},{"type":"Feature","properties":{"average_dip":"(75,65,85)","average_rake":"(-80,-90,-70)","catalog_id":"NZ_253","catalog_name":"Litchfield_NZ_2013","dip_dir":"NW","name":"Fisherman 1","net_slip_rate":"(1.0,0.6,1.2)","slip_type":"Reverse"},"geometry":{"type":"LineString","coordinates":[[174.58012727142778,-41.110144499688325],[174.6645717262404,-40.97077742547345]]}},{"type":"Feature","properties":{"average_dip":"(75,65,85)","average_rake":"(-80,-90,-70)","catalog_id":"NZ_254","catalog_name":"Litchfield_NZ_2013","dip_dir":"NW","name":"Fisherman 2","net_slip_rate":"(1.0,0.6,1.2)","slip_type":"Reverse"},"geometry":{"type":"LineString","coordinates":[[174.6645717262404,-40.97077742547614],[174.95741606233983,-40.69355410958803]]}},{"type":"Feature","properties":{"average_dip":"(75,65,85)","average_rake":"(-80,-90,-70)","catalog_id":"NZ_255","catalog_name":"Litchfield_NZ_2013","dip_dir":"NW","name":"Fisherman 3","net_slip_rate":"(0.7,0.4,0.9)","slip_type":"Reverse"},"geometry":{"type":"LineString","coordinates":[[174.95741606233983,-40.69355410955964],[175.05267551393044,-40.50600917661278]]}},{"type":"Feature","properties":{"average_dip":"(70,60,80)","average_rake":"(-90,-100,-80)","catalog_id":"NZ_258","catalog_name":"Litchfield_NZ_2013","dip_dir":"NW","name":"Onepoto 1","net_slip_rate":"(1.0,0.6,1.2)","slip_type":"Reverse"},"geometry":{"type":"LineString","coordinates":[[174.93882714524793,-40.792944496986436],[174.8571928355432,-40.85110428877696]]}},{"type":"Feature","properties":{"average_dip":"(70,60,80)","average_rake":"(-90,-100,-80)","catalog_id":"NZ_259","catalog_name":"Litchfield_NZ_2013","dip_dir":"NW","name":"Onepoto 2","net_slip_rate":"(1.0,0.6,1.2)","slip_type":"Reverse"},"geometry":{"type":"LineString","coordinates":[[175.18992448151116,-40.28956930824967],[174.93882714524793,-40.792944496986436]]}},{"type":"Feature","properties":{"average_dip":"(75,65,85)","average_rake":"(-80,-90,-70)","catalog_id":"NZ_256","catalog_name":"Litchfield_NZ_2013","dip_dir":"NW","name":"Okupe 1","net_slip_rate":"(0.8,0.4,1.0)","slip_type":"Reverse"},"geometry":{"type":"LineString","coordinates":[[174.83190289289487,-40.84025786775053],[174.57528629182116,-41.2660467148865]]}},{"type":"Feature","properties":{"average_dip":"(75,65,85)","average_rake":"(-80,-90,-70)","catalog_id":"NZ_257","catalog_name":"Litchfield_NZ_2013","dip_dir":"NW","name":"Okupe 2","net_slip_rate":"(0.8,0.4,1.0)","slip_type":"Reverse"},"geometry":{"type":"LineString","coordinates":[[174.90862342679247,-40.765631194786714],[174.83190289289487,-40.84025786776529]]}},{"type":"Feature","properties":{"average_dip":"(70,60,80)","average_rake":"(-90,-100,-80)","catalog_id":"NZ_261","catalog_name":"Litchfield_NZ_2013","dip_dir":"SE","name":"Rangitikei Offshore 2","net_slip_rate":"(0.4,0.2,0.5)","slip_type":"Reverse"},"geometry":{"type":"LineString","coordinates":[[175.16398817025242,-40.39605226822233],[175.31353902950482,-40.22504670367245]]}},{"type":"Feature","properties":{"average_dip":"(70,60,80)","average_rake":"(-90,-100,-80)","catalog_id":"NZ_260","catalog_name":"Litchfield_NZ_2013","dip_dir":"SE","name":"Rangitikei Offshore 1","net_slip_rate":"(1.0,0.6,1.2)","slip_type":"Reverse"},"geometry":{"type":"LineString","coordinates":[[175.07561739578045,-40.572183020586465],[175.16398817025242,-40.39605226822233]]}},{"type":"Feature","properties":{"average_dip":"(75,65,85)","average_rake":"(-80,-90,-70)","catalog_id":"NZ_262","catalog_name":"Litchfield_NZ_2013","dip_dir":"NW","name":"Mana - Otaheke 1","net_slip_rate":"(0.2,0.1,0.3)","slip_type":"Reverse"},"geometry":{"type":"LineString","coordinates":[[174.7464144626515,-41.10950987299119],[174.61806713974738,-41.30843617276911]]}},{"type":"Feature","properties":{"average_dip":"(75,65,85)","average_rake":"(-80,-90,-70)","catalog_id":"NZ_263","catalog_name":"Litchfield_NZ_2013","dip_dir":"NW","name":"Mana - Otaheke 2","net_slip_rate":"(0.3,0.2,0.4)","slip_type":"Reverse"},"geometry":{"type":"LineString","coordinates":[[174.86441169476544,-41.004749165634244],[174.7464144626515,-41.10950987298111]]}},{"type":"Feature","properties":{"average_dip":"(65,55,75)","average_rake":"(-80,-90,-70)","catalog_id":"NZ_264","catalog_name":"Litchfield_NZ_2013","dip_dir":"NW","name":"Mana - Otaheke 3","net_slip_rate":"(0.6,0.4,0.7)","slip_type":"Reverse"},"geometry":{"type":"LineString","coordinates":[[175.1195868139154,-40.58636931196474],[174.86441169476544,-41.00474916563467]]}},{"type":"Feature","properties":{"average_dip":"(90,80,90)","average_rake":"(0,-10,10)","catalog_id":"NZ_276","catalog_name":"Litchfield_NZ_2013","name":"Pukerua - Shepherds Gully 1","net_slip_rate":"(0.5,0.3,0.6)","slip_type":"Dextral"},"geometry":{"type":"LineString","coordinates":[[174.67277071678964,-41.26332966632097],[174.61806713974738,-41.30843617276911]]}},{"type":"Feature","properties":{"average_dip":"(90,80,90)","average_rake":"(0,-10,10)","catalog_id":"NZ_277","catalog_name":"Litchfield_NZ_2013","name":"Pukerua - Shepherds Gully 2","net_slip_rate":"(0.5,0.3,0.6)","slip_type":"Dextral"},"geometry":{"type":"LineString","coordinates":[[174.71437405381357,-41.20466898519276],[174.67277071678964,-41.26332966632097]]}},{"type":"Feature","properties":{"average_dip":"(90,80,90)","average_rake":"(0,-10,10)","catalog_id":"NZ_278","catalog_name":"Litchfield_NZ_2013","name":"Pukerua - Shepherds Gully 3","net_slip_rate":"(0.5,0.3,0.6)","slip_type":"Dextral"},"geometry":{"type":"LineString","coordinates":[[174.90007917846472,-41.020564682485336],[174.71437405381357,-41.20466898519276]]}},{"type":"Feature","properties":{"average_dip":"(65,55,75)","average_rake":"(50,40,60)","catalog_id":"NZ_279","catalog_name":"Litchfield_NZ_2013","dip_dir":"NW","name":"Ohariu South 1","net_slip_rate":"(1.5,1.0,2.0)","slip_type":"Normal-Dextral"},"geometry":{"type":"LineString","coordinates":[[174.55725734015527,-41.4142288087902],[174.41758554801652,-41.4592767628335]]}},{"type":"Feature","properties":{"average_dip":"(70,60,80)","average_rake":"(26,16,36)","catalog_id":"NZ_280","catalog_name":"Litchfield_NZ_2013","dip_dir":"NW","name":"Ohariu South 2","net_slip_rate":"(1.5,1.0,2.0)","slip_type":"Dextral-Normal"},"geometry":{"type":"LineString","coordinates":[[174.62439949464698,-41.372310519325765],[174.55725734015527,-41.414228808828334]]}},{"type":"Feature","properties":{"average_dip":"(75,65,85)","average_rake":"(-20,-30,-10)","catalog_id":"NZ_281","catalog_name":"Litchfield_NZ_2013","dip_dir":"NW","name":"Ohariu South 3","net_slip_rate":"(1.5,1.0,2.0)","slip_type":"Dextral-Reverse"},"geometry":{"type":"LineString","coordinates":[[174.8399999862971,-41.12833332667497],[174.65333332034177,-41.33499995799424],[174.62439949464698,-41.372310519325765]]}},{"type":"Feature","properties":{"average_dip":"(70,60,80)","average_rake":"(45,35,55)","catalog_id":"NZ_288","catalog_name":"Litchfield_NZ_2013","dip_dir":"NW","name":"Wellington Hutt Valley 1","net_slip_rate":"(7.0,5.0,8.0)","slip_type":"Dextral-Normal"},"geometry":{"type":"LineString","coordinates":[[174.63866037207538,-41.420376599760516],[174.51859871405554,-41.47499016310952]]}},{"type":"Feature","properties":{"average_dip":"(80,70,90)","average_rake":"(-25,-35,-15)","catalog_id":"NZ_289","catalog_name":"Litchfield_NZ_2013","dip_dir":"NW","name":"Wellington Hutt Valley 2","net_slip_rate":"(7.0,5.0,8.0)","slip_type":"Dextral-Reverse"},"geometry":{"type":"LineString","coordinates":[[174.69780186658227,-41.34560496946558],[174.63866037207538,-41.420376599683074]]}},{"type":"Feature","properties":{"average_dip":"(90,80,90)","average_rake":"(0,-10,10)","catalog_id":"NZ_290","catalog_name":"Litchfield_NZ_2013","name":"Wellington Hutt Valley 3","net_slip_rate":"(7.0,5.0,8.0)","slip_type":"Dextral"},"geometry":{"type":"LineString","coordinates":[[174.7749999786062,-41.27499996639159],[174.69780186658227,-41.34560496952923]]}},{"type":"Feature","properties":{"average_dip":"(65,55,75)","average_rake":"(30,20,40)","catalog_id":"NZ_292","catalog_name":"Litchfield_NZ_2013","dip_dir":"SE","name":"Wellington Hutt Valley 5","net_slip_rate":"(6.3,5.1,8.2)","slip_type":"Dextral-Normal"},"geometry":{"type":"LineString","coordinates":[[175.19226180607117,-41.07040164213245],[175.04166664674685,-41.1216666229508]]}},{"type":"Feature","properties":{"average_dip":"(75,65,85)","average_rake":"(15,5,25)","catalog_id":"NZ_291","catalog_name":"Litchfield_NZ_2013","dip_dir":"SE","name":"Wellington Hutt Valley 4","net_slip_rate":"(7.0,5.0,8.0)","slip_type":"Dextral-Normal"},"geometry":{"type":"LineString","coordinates":[[175.04166664674685,-41.1216666229508],[174.7749999786062,-41.27499996639159]]}},{"type":"Feature","properties":{"average_dip":"(65,50,80)","average_rake":"(-90,-100,-80)","catalog_id":"NZ_315","catalog_name":"Litchfield_NZ_2013","dip_dir":"NW","name":"Dry River - Huangarua 1","net_slip_rate":"(0.7,0.3,1.2)","slip_type":"Reverse"},"geometry":{"type":"LineString","coordinates":[[175.47000002894222,-41.25833336243684],[175.08613831377897,-41.56412008625358]]}},{"type":"Feature","properties":{"average_dip":"(65,50,80)","average_rake":"(-90,-100,-80)","catalog_id":"NZ_316","catalog_name":"Litchfield_NZ_2013","dip_dir":"NW","name":"Dry River - Huangarua 2","net_slip_rate":"(0.7,0.3,1.2)","slip_type":"Reverse"},"geometry":{"type":"LineString","coordinates":[[175.56500005637122,-41.21833337239302],[175.47000002894222,-41.25833336243684]]}},{"type":"Feature","properties":{"average_dip":"(65,50,80)","average_rake":"(-90,-100,-80)","catalog_id":"NZ_317","catalog_name":"Litchfield_NZ_2013","dip_dir":"NW","name":"Dry River - Huangarua 3","net_slip_rate":"(0.7,0.3,1.2)","slip_type":"Reverse"},"geometry":{"type":"LineString","coordinates":[[175.59999999999962,-41.158333369829286],[175.56500005637122,-41.218333372372925]]}},{"type":"Feature","properties":{"average_dip":"(75,65,85)","average_rake":"(-30,-40,-20)","catalog_id":"NZ_286","catalog_name":"Litchfield_NZ_2013","dip_dir":"NW","name":"Otaki Forks 1","net_slip_rate":"(0.8,0.4,1.2)","slip_type":"Dextral-Reverse"},"geometry":{"type":"LineString","coordinates":[[175.22500005300864,-40.8833333206149],[175.1237612464554,-41.01518895275857]]}},{"type":"Feature","properties":{"average_dip":"(90,80,90)","average_rake":"(0,-10,10)","catalog_id":"NZ_287","catalog_name":"Litchfield_NZ_2013","name":"Otaki Forks 2","net_slip_rate":"(0.8,0.4,1.2)","slip_type":"Dextral"},"geometry":{"type":"LineString","coordinates":[[175.4366666129855,-40.691666634575924],[175.22500005300864,-40.8833333206149]]}},{"type":"Feature","properties":{"average_dip":"(75,65,85)","average_rake":"(-30,-40,-20)","catalog_id":"NZ_285","catalog_name":"Litchfield_NZ_2013","dip_dir":"NW","name":"Akatarawa","net_slip_rate":"(0.6,0.3,0.9)","slip_type":"Dextral-Reverse"},"geometry":{"type":"LineString","coordinates":[[175.1237612464554,-41.01518895275857],[175.04166664674685,-41.12166662293957]]}},{"type":"Feature","properties":{"average_dip":"(65,55,75)","average_rake":"(45,35,55)","catalog_id":"NZ_293","catalog_name":"Litchfield_NZ_2013","dip_dir":"NW","name":"Wellington Tararua 1","net_slip_rate":"(6.1,4.5,7.5)","slip_type":"Dextral-Normal"},"geometry":{"type":"LineString","coordinates":[[175.2183333894875,-41.083333329118425],[175.25499994550938,-41.06999997706035]]}},{"type":"Feature","properties":{"average_dip":"(70,60,80)","average_rake":"(0,-10,10)","catalog_id":"NZ_294","catalog_name":"Litchfield_NZ_2013","dip_dir":"NW","name":"Wellington Tararua 2","net_slip_rate":"(6.1,4.5,7.5)","slip_type":"Dextral"},"geometry":{"type":"LineString","coordinates":[[175.25499994550938,-41.06999997706035],[175.44166669163664,-40.89166667192556]]}},{"type":"Feature","properties":{"average_dip":"(60,50,70)","average_rake":"(-35,-45,-25)","catalog_id":"NZ_295","catalog_name":"Litchfield_NZ_2013","dip_dir":"NW","name":"Wellington Tararua 3","net_slip_rate":"(6.1,4.5,7.5)","slip_type":"Dextral-Reverse"},"geometry":{"type":"LineString","coordinates":[[175.44166669163664,-40.89166667193556],[175.52833330160553,-40.68999999596782]]}},{"type":"Feature","properties":{"average_dip":"(70,60,80)","average_rake":"(70,60,80)","catalog_id":"NZ_306","catalog_name":"Litchfield_NZ_2013","dip_dir":"NW","name":"Alfredton - Makuri 1","net_slip_rate":"(6.0,4.5,7.5)","slip_type":"Normal-Dextral"},"geometry":{"type":"LineString","coordinates":[[175.7933333093078,-40.74833332042354],[175.71166668893028,-40.76666666614024]]}},{"type":"Feature","properties":{"average_dip":"(70,60,80)","average_rake":"(-15,-25,-5)","catalog_id":"NZ_307","catalog_name":"Litchfield_NZ_2013","dip_dir":"NW","name":"Alfredton - Makuri 2","net_slip_rate":"(3.5,2.5,4.5)","slip_type":"Dextral-Reverse"},"geometry":{"type":"LineString","coordinates":[[176.12499999003785,-40.39499999000238],[176.00666668659514,-40.52666667109452],[175.7933333093078,-40.74833332042354]]}},{"type":"Feature","properties":{"average_dip":"(70,60,80)","average_rake":"(-15,-25,-5)","catalog_id":"NZ_308","catalog_name":"Litchfield_NZ_2013","dip_dir":"NW","name":"Alfredton - Makuri 3","net_slip_rate":"(3.5,2.5,4.5)","slip_type":"Dextral-Reverse"},"geometry":{"type":"LineString","coordinates":[[176.19499994934313,-40.263333333285935],[176.12499999003785,-40.39499999000238]]}},{"type":"Feature","properties":{"average_dip":"(50,40,60)","average_rake":"(90,80,100)","catalog_id":"NZ_5","catalog_name":"Litchfield_NZ_2013","dip_dir":"SE","name":"Alderman West 5","net_slip_rate":"(0.05,0.03,0.05)","slip_type":"Normal"},"geometry":{"type":"LineString","coordinates":[[176.43356671687744,-36.707050020610396],[176.37198329772906,-36.805083299286245]]}},{"type":"Feature","properties":{"average_dip":"(50,40,60)","average_rake":"(90,80,100)","catalog_id":"NZ_15","catalog_name":"Litchfield_NZ_2013","dip_dir":"NW","name":"Alderman East 1","net_slip_rate":"(0.25,0.15,0.25)","slip_type":"Normal"},"geometry":{"type":"LineString","coordinates":[[176.4490666282505,-36.98031670304309],[176.41973332810903,-37.064233337476196]]}},{"type":"Feature","properties":{"average_dip":"(50,40,60)","average_rake":"(90,80,100)","catalog_id":"NZ_14","catalog_name":"Litchfield_NZ_2013","dip_dir":"NW","name":"Alderman East 2","net_slip_rate":"(0.25,0.15,0.25)","slip_type":"Normal"},"geometry":{"type":"LineString","coordinates":[[176.457366703952,-36.95363334188134],[176.34303337140204,-37.06430003433335]]}},{"type":"Feature","properties":{"average_dip":"(50,40,60)","average_rake":"(90,80,100)","catalog_id":"NZ_10","catalog_name":"Litchfield_NZ_2013","dip_dir":"NW","name":"Alderman East 6","net_slip_rate":"(0.31,0.19,0.31)","slip_type":"Normal"},"geometry":{"type":"LineString","coordinates":[[176.70918336849334,-36.76015000962059],[176.62333335406535,-36.81776665539832],[176.5507166828413,-36.875200017417676]]}},{"type":"Feature","properties":{"average_dip":"(50,40,60)","average_rake":"(90,80,100)","catalog_id":"NZ_11","catalog_name":"Litchfield_NZ_2013","dip_dir":"NW","name":"Alderman East 5","net_slip_rate":"(0.44,0.26,0.44)","slip_type":"Normal"},"geometry":{"type":"LineString","coordinates":[[176.54860003749175,-36.88400000060221],[176.47243329226433,-36.94250001228834]]}},{"type":"Feature","properties":{"average_dip":"(50,40,60)","average_rake":"(90,80,100)","catalog_id":"NZ_12","catalog_name":"Litchfield_NZ_2013","dip_dir":"NW","name":"Alderman East 4","net_slip_rate":"(0.44,0.26,0.44)","slip_type":"Normal"},"geometry":{"type":"LineString","coordinates":[[176.63323330926312,-36.84296670758517],[176.5556666179638,-36.964799982032304]]}},{"type":"Feature","properties":{"average_dip":"(50,40,60)","average_rake":"(90,80,100)","catalog_id":"NZ_13","catalog_name":"Litchfield_NZ_2013","dip_dir":"NW","name":"Alderman East 3","net_slip_rate":"(0.44,0.26,0.44)","slip_type":"Normal"},"geometry":{"type":"LineString","coordinates":[[176.5336833333515,-36.93833332289933],[176.51471670282658,-36.99926665810938],[176.47706671219348,-37.048933301543165]]}},{"type":"Feature","properties":{"average_dip":"(50,40,60)","average_rake":"(90,80,100)","catalog_id":"NZ_20","catalog_name":"Litchfield_NZ_2013","dip_dir":"SE","name":"Tuhua North 4","net_slip_rate":"(0.44,0.26,0.44)","slip_type":"Normal"},"geometry":{"type":"LineString","coordinates":[[176.57829999416467,-36.955116662104636],[176.5257500452262,-37.013283341113706],[176.51358334689203,-37.06394998479763]]}},{"type":"Feature","properties":{"average_dip":"(50,40,60)","average_rake":"(90,80,100)","catalog_id":"NZ_16","catalog_name":"Litchfield_NZ_2013","dip_dir":"SE","name":"Alderman East 7","net_slip_rate":"(0.25,0.1,0.25)","slip_type":"Normal"},"geometry":{"type":"LineString","coordinates":[[176.39973331385548,-37.10891666276884],[176.2903499551518,-37.15446666101878],[176.21279999101313,-37.196033323202585]]}},{"type":"Feature","properties":{"average_dip":"(50,40,60)","average_rake":"(90,80,100)","catalog_id":"NZ_23","catalog_name":"Litchfield_NZ_2013","dip_dir":"SE","name":"Tuhua South 2","net_slip_rate":"(0.23,0.14,0.23)","slip_type":"Normal"},"geometry":{"type":"LineString","coordinates":[[176.46958333161894,-37.17466669378091],[176.34085001610364,-37.29188329789434]]}},{"type":"Feature","properties":{"average_dip":"(50,40,60)","average_rake":"(90,80,100)","catalog_id":"NZ_22","catalog_name":"Litchfield_NZ_2013","dip_dir":"NW","name":"Tuhua South 3","net_slip_rate":"(0.5,0.3,0.5)","slip_type":"Normal"},"geometry":{"type":"LineString","coordinates":[[176.524150005578,-37.086483309941755],[176.48346661734365,-37.22186664367819]]}},{"type":"Feature","properties":{"average_dip":"(50,40,60)","average_rake":"(90,80,100)","catalog_id":"NZ_18","catalog_name":"Litchfield_NZ_2013","dip_dir":"SE","name":"Tuhua North 3","net_slip_rate":"(0.44,0.26,0.44)","slip_type":"Normal"},"geometry":{"type":"LineString","coordinates":[[176.63950003284458,-36.900599978235554],[176.57896661919472,-36.964600022918205],[176.55904995524438,-37.027816702709536]]}},{"type":"Feature","properties":{"average_dip":"(50,40,60)","average_rake":"(90,80,100)","catalog_id":"NZ_32","catalog_name":"Litchfield_NZ_2013","dip_dir":"NW","name":"Astrolabe 2","net_slip_rate":"(0.65,0.39,0.65)","slip_type":"Normal"},"geometry":{"type":"LineString","coordinates":[[176.74598334913463,-37.035516666564305],[176.55661672110276,-37.199616698463636]]}},{"type":"Feature","properties":{"average_dip":"(50,40,60)","average_rake":"(90,80,100)","catalog_id":"NZ_36","catalog_name":"Litchfield_NZ_2013","dip_dir":"SE","name":"Astrolabe 1","net_slip_rate":"(0.5,0.3,0.5)","slip_type":"Normal"},"geometry":{"type":"LineString","coordinates":[[176.6729166525895,-37.142716656121934],[176.55256667703833,-37.31084996509425]]}},{"type":"Feature","properties":{"average_dip":"(50,40,60)","average_rake":"(90,80,100)","catalog_id":"NZ_24","catalog_name":"Litchfield_NZ_2013","dip_dir":"SE","name":"Tuhua South 1","net_slip_rate":"(0.16,0.09,0.16)","slip_type":"Normal"},"geometry":{"type":"LineString","coordinates":[[176.4541666240286,-37.29893332333622],[176.35238333385874,-37.40126665561248]]}},{"type":"Feature","properties":{"average_dip":"(50,40,60)","average_rake":"(90,80,100)","catalog_id":"NZ_111","catalog_name":"Litchfield_NZ_2013","dip_dir":"NW","name":"Okurei 6","net_slip_rate":"(0.19,0.11,0.19)","slip_type":"Normal"},"geometry":{"type":"LineString","coordinates":[[176.44078331335578,-37.42843330322984],[176.40569998683026,-37.50038337449535]]}},{"type":"Feature","properties":{"average_dip":"(50,40,60)","average_rake":"(90,80,100)","catalog_id":"NZ_110","catalog_name":"Litchfield_NZ_2013","dip_dir":"SW","name":"Okurei 5","net_slip_rate":"(0.19,0.11,0.19)","slip_type":"Normal"},"geometry":{"type":"LineString","coordinates":[[176.47406670235108,-37.37181662660854],[176.51913331291883,-37.456950012866066]]}},{"type":"Feature","properties":{"average_dip":"(50,40,60)","average_rake":"(90,80,100)","catalog_id":"NZ_112","catalog_name":"Litchfield_NZ_2013","dip_dir":"E","name":"Okurei 2","net_slip_rate":"(0.32,0.21,0.32)","slip_type":"Normal"},"geometry":{"type":"LineString","coordinates":[[176.49259998526864,-37.45411669463855],[176.45356671780274,-37.57366662330423],[176.48325000325028,-37.639916645984165],[176.47765005191624,-37.674883327994486]]}},{"type":"Feature","properties":{"average_dip":"(50,40,60)","average_rake":"(90,80,100)","catalog_id":"NZ_115","catalog_name":"Litchfield_NZ_2013","dip_dir":"E","name":"Okurei 1","net_slip_rate":"(0.55,0.37,0.55)","slip_type":"Normal"},"geometry":{"type":"LineString","coordinates":[[176.52356670417123,-37.49641668103644],[176.50321670550989,-37.5469999659147],[176.50304998022133,-37.63603334498645],[176.4604999994274,-37.69511666138942]]}},{"type":"Feature","properties":{"average_dip":"(50,40,60)","average_rake":"(90,80,100)","catalog_id":"NZ_118","catalog_name":"Litchfield_NZ_2013","dip_dir":"SE","name":"Maketu 1","net_slip_rate":"(0.9,0.6,0.9)","slip_type":"Normal"},"geometry":{"type":"LineString","coordinates":[[176.5516499522372,-37.57626665018146],[176.51353332513483,-37.67904997179934],[176.472499970153,-37.71070003008361]]}},{"type":"Feature","properties":{"average_dip":"(50,40,60)","average_rake":"(90,80,100)","catalog_id":"NZ_119","catalog_name":"Litchfield_NZ_2013","dip_dir":"SE","name":"Tauranga 1","net_slip_rate":"(0.69,0.46,0.69)","slip_type":"Normal"},"geometry":{"type":"LineString","coordinates":[[176.55878332683355,-37.62925004322154],[176.5394499476334,-37.69883332014051],[176.5004499884555,-37.74123332622902]]}},{"type":"Feature","properties":{"average_dip":"(50,40,60)","average_rake":"(90,80,100)","catalog_id":"NZ_120","catalog_name":"Litchfield_NZ_2013","dip_dir":"SE","name":"Tauranga 2","net_slip_rate":"(0.24,0.09,0.24)","slip_type":"Normal"},"geometry":{"type":"LineString","coordinates":[[176.60756671821545,-37.605816652804],[176.58123328625092,-37.664450029982724],[176.55778336992833,-37.714449998716056]]}},{"type":"Feature","properties":{"average_dip":"(50,40,60)","average_rake":"(90,80,100)","catalog_id":"NZ_129","catalog_name":"Litchfield_NZ_2013","dip_dir":"NW","name":"Tarawera 1","net_slip_rate":"(0.97,0.65,0.97)","slip_type":"Normal"},"geometry":{"type":"LineString","coordinates":[[176.68895002085105,-37.83815001208265],[176.79903333684018,-37.77696668104551],[176.84093338103693,-37.725083324102904]]}},{"type":"Feature","properties":{"average_dip":"(50,40,60)","average_rake":"(90,80,100)","catalog_id":"NZ_130","catalog_name":"Litchfield_NZ_2013","dip_dir":"NW","name":"Pokare 1","net_slip_rate":"(1.4,0.5,1.4)","slip_type":"Normal"},"geometry":{"type":"LineString","coordinates":[[176.7793166596459,-37.866999982865316],[176.86466666410658,-37.766400039500596],[176.92814996496546,-37.7170000319614]]}},{"type":"Feature","properties":{"average_dip":"(50,40,60)","average_rake":"(90,80,100)","catalog_id":"NZ_128","catalog_name":"Litchfield_NZ_2013","dip_dir":"NW","name":"Tarawera 5","net_slip_rate":"(0.72,0.48,0.72)","slip_type":"Normal"},"geometry":{"type":"LineString","coordinates":[[176.9871499490868,-37.63661671167468],[176.93928339129903,-37.67285002170307],[176.79389996713925,-37.717049976106786]]}},{"type":"Feature","properties":{"average_dip":"(50,40,60)","average_rake":"(90,80,100)","catalog_id":"NZ_127","catalog_name":"Litchfield_NZ_2013","dip_dir":"NW","name":"Tarawera 3","net_slip_rate":"(0.56,0.37,0.56)","slip_type":"Normal"},"geometry":{"type":"LineString","coordinates":[[176.84876662737364,-37.68645001336566],[176.73686672399148,-37.72740002216793],[176.659800048848,-37.77259997736393]]}},{"type":"Feature","properties":{"average_dip":"(50,40,60)","average_rake":"(90,80,100)","catalog_id":"NZ_126","catalog_name":"Litchfield_NZ_2013","dip_dir":"NW","name":"Tarawera 4","net_slip_rate":"(0.17,0.09,0.17)","slip_type":"Normal"},"geometry":{"type":"LineString","coordinates":[[176.81018337056477,-37.6716833632113],[176.69436667426336,-37.73788332399957]]}},{"type":"Feature","properties":{"average_dip":"(50,40,60)","average_rake":"(90,80,100)","catalog_id":"NZ_125","catalog_name":"Litchfield_NZ_2013","dip_dir":"NW","name":"Domino 2","net_slip_rate":"(0.07,0.04,0.07)","slip_type":"Normal"},"geometry":{"type":"LineString","coordinates":[[176.84255000144634,-37.597616669219924],[176.72916663882984,-37.680899981560714]]}},{"type":"Feature","properties":{"average_dip":"(50,40,60)","average_rake":"(90,80,100)","catalog_id":"NZ_121","catalog_name":"Litchfield_NZ_2013","dip_dir":"SE","name":"Tauranga 3","net_slip_rate":"(1.38,0.95,1.38)","slip_type":"Normal"},"geometry":{"type":"LineString","coordinates":[[176.6021666522148,-37.66461669325317],[176.62381661950855,-37.588050006238866],[176.71113333405128,-37.50851663568592]]}},{"type":"Feature","properties":{"average_dip":"(50,40,60)","average_rake":"(90,80,100)","catalog_id":"NZ_117","catalog_name":"Litchfield_NZ_2013","dip_dir":"SE","name":"Maketu 2","net_slip_rate":"(0.87,0.4,0.87)","slip_type":"Normal"},"geometry":{"type":"LineString","coordinates":[[176.57486669967398,-37.56766664018741],[176.7430166441861,-37.450966706204575]]}},{"type":"Feature","properties":{"average_dip":"(50,40,60)","average_rake":"(90,80,100)","catalog_id":"NZ_116","catalog_name":"Litchfield_NZ_2013","dip_dir":"SE","name":"Maketu 3","net_slip_rate":"(0.27,0.18,0.27)","slip_type":"Normal"},"geometry":{"type":"LineString","coordinates":[[176.54431662817746,-37.55333337241194],[176.6139166235206,-37.492949991221856],[176.69501661516932,-37.46301668292224]]}},{"type":"Feature","properties":{"average_dip":"(50,40,60)","average_rake":"(90,80,100)","catalog_id":"NZ_113","catalog_name":"Litchfield_NZ_2013","dip_dir":"W","name":"Okurei 4","net_slip_rate":"(0.31,0.19,0.31)","slip_type":"Normal"},"geometry":{"type":"LineString","coordinates":[[176.52610004188867,-37.46843331138312],[176.60588337838828,-37.38013329583109]]}},{"type":"Feature","properties":{"average_dip":"(50,40,60)","average_rake":"(90,80,100)","catalog_id":"NZ_114","catalog_name":"Litchfield_NZ_2013","dip_dir":"E","name":"Okurei 3","net_slip_rate":"(0.53,0.36,0.53)","slip_type":"Normal"},"geometry":{"type":"LineString","coordinates":[[176.54000000232287,-37.5042666690117],[176.63188338885433,-37.40443333794415]]}},{"type":"Feature","properties":{"average_dip":"(50,40,60)","average_rake":"(90,80,100)","catalog_id":"NZ_70","catalog_name":"Litchfield_NZ_2013","dip_dir":"NW","name":"Matatara 1","net_slip_rate":"(0.37,0.22,0.37)","slip_type":"Normal"},"geometry":{"type":"LineString","coordinates":[[176.68069997645281,-37.44083334114352],[176.72509998408586,-37.40406666861965],[176.776666657258,-37.346366698531135]]}},{"type":"Feature","properties":{"average_dip":"(50,40,60)","average_rake":"(90,80,100)","catalog_id":"NZ_64","catalog_name":"Litchfield_NZ_2013","dip_dir":"SE","name":"Tuakana 3","net_slip_rate":"(0.93,0.56,0.93)","slip_type":"Normal"},"geometry":{"type":"LineString","coordinates":[[176.8126333728823,-37.192049992607224],[176.69749999565542,-37.31820003087475]]}},{"type":"Feature","properties":{"average_dip":"(50,40,60)","average_rake":"(90,80,100)","catalog_id":"NZ_63","catalog_name":"Litchfield_NZ_2013","dip_dir":"SE","name":"Tuakana 4","net_slip_rate":"(0.93,0.56,0.93)","slip_type":"Normal"},"geometry":{"type":"LineString","coordinates":[[176.80011667951453,-37.17323331868895],[176.65256667634384,-37.31596670405682]]}},{"type":"Feature","properties":{"average_dip":"(50,40,60)","average_rake":"(90,80,100)","catalog_id":"NZ_65","catalog_name":"Litchfield_NZ_2013","dip_dir":"SE","name":"Tuakana 2","net_slip_rate":"(1.4,0.84,1.4)","slip_type":"Normal"},"geometry":{"type":"LineString","coordinates":[[176.65191670851303,-37.367100021000184],[176.7307666665431,-37.31443337398345],[176.82119997324466,-37.20136666843273]]}},{"type":"Feature","properties":{"average_dip":"(50,40,60)","average_rake":"(90,80,100)","catalog_id":"NZ_66","catalog_name":"Litchfield_NZ_2013","dip_dir":"SE","name":"Tuakana 1","net_slip_rate":"(0.56,0.34,0.56)","slip_type":"Normal"},"geometry":{"type":"LineString","coordinates":[[176.7758333257435,-37.3014332882764],[176.81411661116715,-37.222516655544894]]}},{"type":"Feature","properties":{"average_dip":"(50,40,60)","average_rake":"(90,80,100)","catalog_id":"NZ_17","catalog_name":"Litchfield_NZ_2013","dip_dir":"SE","name":"Tuhua North 5","net_slip_rate":"(0.31,0.19,0.31)","slip_type":"Normal"},"geometry":{"type":"LineString","coordinates":[[176.74136670760257,-36.813016638253984],[176.6888333271377,-36.86824998396014]]}},{"type":"Feature","properties":{"average_dip":"(50,40,60)","average_rake":"(90,80,100)","catalog_id":"NZ_28","catalog_name":"Litchfield_NZ_2013","dip_dir":"SE","name":"Ohena 1","net_slip_rate":"(0.44,0.26,0.44)","slip_type":"Normal"},"geometry":{"type":"LineString","coordinates":[[176.6540832932327,-36.969466683170786],[176.70388336876007,-36.91015003010293],[176.81319995308962,-36.824516656441304]]}},{"type":"Feature","properties":{"average_dip":"(50,40,60)","average_rake":"(90,80,100)","catalog_id":"NZ_25","catalog_name":"Litchfield_NZ_2013","dip_dir":"SE","name":"Ohena 4","net_slip_rate":"(2.57,1.54,2.57)","slip_type":"Normal"},"geometry":{"type":"LineString","coordinates":[[176.81239995277198,-36.802966641549645],[176.95533331502108,-36.68473334004491]]}},{"type":"Feature","properties":{"average_dip":"(50,40,60)","average_rake":"(90,80,100)","catalog_id":"NZ_26","catalog_name":"Litchfield_NZ_2013","dip_dir":"SE","name":"Ohena 3","net_slip_rate":"(2.57,1.54,2.57)","slip_type":"Normal"},"geometry":{"type":"LineString","coordinates":[[176.83026668590605,-36.817233365227736],[176.9739333343679,-36.69011665740672]]}},{"type":"Feature","properties":{"average_dip":"(50,40,60)","average_rake":"(90,80,100)","catalog_id":"NZ_27","catalog_name":"Litchfield_NZ_2013","dip_dir":"SE","name":"Ohena 2","net_slip_rate":"(3.42,2.05,3.42)","slip_type":"Normal"},"geometry":{"type":"LineString","coordinates":[[176.80773333022438,-36.907983309631874],[176.82811671525764,-36.856333314968715],[177.02960003621936,-36.68708332106285]]}},{"type":"Feature","properties":{"average_dip":"(50,40,60)","average_rake":"(90,80,100)","catalog_id":"NZ_37","catalog_name":"Litchfield_NZ_2013","dip_dir":"NW","name":"Ngatoro South 6","net_slip_rate":"(2.02,1.21,2.02)","slip_type":"Normal"},"geometry":{"type":"LineString","coordinates":[[177.02804999370517,-36.73931668459102],[177.15290004070818,-36.68164998231016]]}},{"type":"Feature","properties":{"average_dip":"(50,40,60)","average_rake":"(90,80,100)","catalog_id":"NZ_39","catalog_name":"Litchfield_NZ_2013","dip_dir":"NW","name":"Ngatoro South 4","net_slip_rate":"(2.43,1.46,2.43)","slip_type":"Normal"},"geometry":{"type":"LineString","coordinates":[[177.06536668290846,-36.77269999874115],[177.15881666008272,-36.715016663434085]]}},{"type":"Feature","properties":{"average_dip":"(50,40,60)","average_rake":"(90,80,100)","catalog_id":"NZ_40","catalog_name":"Litchfield_NZ_2013","dip_dir":"NW","name":"Ngatoro South 2","net_slip_rate":"(2.8,1.68,2.8)","slip_type":"Normal"},"geometry":{"type":"LineString","coordinates":[[177.06250005719477,-36.7945000396408],[177.1360333533681,-36.74339998908422]]}},{"type":"Feature","properties":{"average_dip":"(50,40,60)","average_rake":"(90,80,100)","catalog_id":"NZ_41","catalog_name":"Litchfield_NZ_2013","dip_dir":"NW","name":"Ngatoro South 3","net_slip_rate":"(3.05,1.83,3.05)","slip_type":"Normal"},"geometry":{"type":"LineString","coordinates":[[177.1057333552774,-36.78206667482756],[177.2764167013842,-36.68048335713498]]}},{"type":"Feature","properties":{"average_dip":"(50,40,60)","average_rake":"(90,80,100)","catalog_id":"NZ_43","catalog_name":"Litchfield_NZ_2013","dip_dir":"NW","name":"Tauranga Trough West 4","net_slip_rate":"(1.01,0.61,1.01)","slip_type":"Normal"},"geometry":{"type":"LineString","coordinates":[[177.18713338701974,-36.76216662957001],[177.27620001442048,-36.71495003141405]]}},{"type":"Feature","properties":{"average_dip":"(50,40,60)","average_rake":"(90,80,100)","catalog_id":"NZ_44","catalog_name":"Litchfield_NZ_2013","dip_dir":"NW","name":"Tauranga Trough West 3","net_slip_rate":"(2.02,1.21,2.02)","slip_type":"Normal"},"geometry":{"type":"LineString","coordinates":[[177.17691665543998,-36.82349995998586],[177.30171665140531,-36.75179997893429]]}},{"type":"Feature","properties":{"average_dip":"(50,40,60)","average_rake":"(90,80,100)","catalog_id":"NZ_30","catalog_name":"Litchfield_NZ_2013","dip_dir":"SE","name":"Astrolabe 7","net_slip_rate":"(0.87,0.12,0.87)","slip_type":"Normal"},"geometry":{"type":"LineString","coordinates":[[177.03221661279386,-36.81848334741703],[176.91033335369787,-36.88278330032136],[176.79641671274038,-36.97876663041527]]}},{"type":"Feature","properties":{"average_dip":"(50,40,60)","average_rake":"(90,80,100)","catalog_id":"NZ_29","catalog_name":"Litchfield_NZ_2013","dip_dir":"SE","name":"Astrolabe 8","net_slip_rate":"(0.62,0.37,0.62)","slip_type":"Normal"},"geometry":{"type":"LineString","coordinates":[[176.85709995061953,-36.88839998738536],[176.8276999674531,-36.9156333543709],[176.81048328966617,-36.94630004229183]]}},{"type":"Feature","properties":{"average_dip":"(50,40,60)","average_rake":"(90,80,100)","catalog_id":"NZ_31","catalog_name":"Litchfield_NZ_2013","dip_dir":"NW","name":"Astrolabe 6","net_slip_rate":"(0.62,0.37,0.62)","slip_type":"Normal"},"geometry":{"type":"LineString","coordinates":[[176.80561663745783,-36.94909999012377],[176.79056666771768,-36.97265003428709],[176.78963334525298,-37.008566630134396],[176.77436668426304,-37.0259666435108]]}},{"type":"Feature","properties":{"average_dip":"(50,40,60)","average_rake":"(90,80,100)","catalog_id":"NZ_34","catalog_name":"Litchfield_NZ_2013","dip_dir":"SE","name":"Astrolabe 5","net_slip_rate":"(1.87,1.12,1.87)","slip_type":"Normal"},"geometry":{"type":"LineString","coordinates":[[177.02635003916245,-36.85783332553954],[176.89635004453876,-36.92804996517539],[176.80761664944038,-37.02648334865139]]}},{"type":"Feature","properties":{"average_dip":"(50,40,60)","average_rake":"(90,80,100)","catalog_id":"NZ_35","catalog_name":"Litchfield_NZ_2013","dip_dir":"SE","name":"Astrolabe 4","net_slip_rate":"(0.81,0.49,0.81)","slip_type":"Normal"},"geometry":{"type":"LineString","coordinates":[[176.94493332704127,-36.94443332857824],[176.8537500007336,-37.01516670540614]]}},{"type":"Feature","properties":{"average_dip":"(50,40,60)","average_rake":"(90,80,100)","catalog_id":"NZ_33","catalog_name":"Litchfield_NZ_2013","dip_dir":"SE","name":"Astrolabe 3","net_slip_rate":"(0.65,0.39,0.65)","slip_type":"Normal"},"geometry":{"type":"LineString","coordinates":[[176.8014333001823,-37.02641669382905],[176.67983330973496,-37.12659999730106]]}},{"type":"Feature","properties":{"average_dip":"(50,40,60)","average_rake":"(90,80,100)","catalog_id":"NZ_54","catalog_name":"Litchfield_NZ_2013","dip_dir":"SE","name":"Tuakana 13","net_slip_rate":"(0.47,0.28,0.47)","slip_type":"Normal"},"geometry":{"type":"LineString","coordinates":[[176.84274998229523,-37.04416665159519],[176.80953336717585,-37.08016663416214],[176.79241665465855,-37.11869998124527]]}},{"type":"Feature","properties":{"average_dip":"(50,40,60)","average_rake":"(90,80,100)","catalog_id":"NZ_55","catalog_name":"Litchfield_NZ_2013","dip_dir":"SE","name":"Tuakana 10","net_slip_rate":"(1.4,0.84,1.4)","slip_type":"Normal"},"geometry":{"type":"LineString","coordinates":[[176.95459997661786,-36.981249995123186],[176.80536663194894,-37.12386669619506]]}},{"type":"Feature","properties":{"average_dip":"(50,40,60)","average_rake":"(90,80,100)","catalog_id":"NZ_56","catalog_name":"Litchfield_NZ_2013","dip_dir":"SE","name":"Tuakana 9","net_slip_rate":"(1.4,0.84,1.4)","slip_type":"Normal"},"geometry":{"type":"LineString","coordinates":[[177.02548331439402,-36.942599966391654],[176.90553335421336,-37.047383310270654]]}},{"type":"Feature","properties":{"average_dip":"(50,40,60)","average_rake":"(90,80,100)","catalog_id":"NZ_59","catalog_name":"Litchfield_NZ_2013","dip_dir":"SE","name":"Tuakana 8","net_slip_rate":"(2.02,1.21,2.02)","slip_type":"Normal"},"geometry":{"type":"LineString","coordinates":[[176.92609998810823,-37.043099992361554],[176.8563666781295,-37.109116663458956]]}},{"type":"Feature","properties":{"average_dip":"(50,40,60)","average_rake":"(90,80,100)","catalog_id":"NZ_57","catalog_name":"Litchfield_NZ_2013","dip_dir":"SE","name":"Tuakana 11","net_slip_rate":"(1.4,0.84,1.4)","slip_type":"Normal"},"geometry":{"type":"LineString","coordinates":[[177.05788334033429,-36.951633289917595],[177.01058332631547,-37.011366667037336],[176.98413332990398,-37.091333359718014]]}},{"type":"Feature","properties":{"average_dip":"(50,40,60)","average_rake":"(90,80,100)","catalog_id":"NZ_61","catalog_name":"Litchfield_NZ_2013","dip_dir":"SE","name":"Tuakana 7","net_slip_rate":"(1.4,0.84,1.4)","slip_type":"Normal"},"geometry":{"type":"LineString","coordinates":[[176.9664333689952,-37.02678329880399],[176.94865004233634,-37.0694666684144],[176.93764996139885,-37.11834999003695]]}},{"type":"Feature","properties":{"average_dip":"(50,40,60)","average_rake":"(90,80,100)","catalog_id":"NZ_58","catalog_name":"Litchfield_NZ_2013","dip_dir":"SE","name":"Tuakana 12","net_slip_rate":"(0.93,0.56,0.93)","slip_type":"Normal"},"geometry":{"type":"LineString","coordinates":[[177.0668000401943,-37.021066633756355],[177.00823337598248,-37.09183329312169]]}},{"type":"Feature","properties":{"average_dip":"(50,40,60)","average_rake":"(90,80,100)","catalog_id":"NZ_60","catalog_name":"Litchfield_NZ_2013","dip_dir":"SE","name":"Tuakana 5","net_slip_rate":"(1.4,0.84,1.4)","slip_type":"Normal"},"geometry":{"type":"LineString","coordinates":[[176.95776669232077,-37.02365002273995],[176.91135002537234,-37.11504995377388],[176.82848336471986,-37.2332833325771]]}},{"type":"Feature","properties":{"average_dip":"(50,40,60)","average_rake":"(90,80,100)","catalog_id":"NZ_62","catalog_name":"Litchfield_NZ_2013","dip_dir":"SE","name":"Tuakana 6","net_slip_rate":"(2.8,1.68,2.8)","slip_type":"Normal"},"geometry":{"type":"LineString","coordinates":[[176.8763000175579,-37.121766676946564],[176.82865000115024,-37.18911664124181]]}},{"type":"Feature","properties":{"average_dip":"(50,40,60)","average_rake":"(90,80,100)","catalog_id":"NZ_67","catalog_name":"Litchfield_NZ_2013","dip_dir":"SE","name":"Matatara 4","net_slip_rate":"(0.75,0.45,0.75)","slip_type":"Normal"},"geometry":{"type":"LineString","coordinates":[[176.986283355671,-37.1354833552027],[176.89136671946952,-37.235349965528],[176.7665666368922,-37.33244996266647]]}},{"type":"Feature","properties":{"average_dip":"(50,40,60)","average_rake":"(90,80,100)","catalog_id":"NZ_68","catalog_name":"Litchfield_NZ_2013","dip_dir":"SE","name":"Matatara 3","net_slip_rate":"(1.4,0.84,1.4)","slip_type":"Normal"},"geometry":{"type":"LineString","coordinates":[[176.94581669511996,-37.24516669556075],[176.90373332454362,-37.28690000126053],[176.77861666089902,-37.360449999346855]]}},{"type":"Feature","properties":{"average_dip":"(50,40,60)","average_rake":"(90,80,100)","catalog_id":"NZ_124","catalog_name":"Litchfield_NZ_2013","dip_dir":"NW","name":"Tauranga 6","net_slip_rate":"(1.12,0.67,1.12)","slip_type":"Normal"},"geometry":{"type":"LineString","coordinates":[[176.94425002766684,-37.38486668763173],[176.83365003692612,-37.45914996968696]]}},{"type":"Feature","properties":{"average_dip":"(50,40,60)","average_rake":"(90,80,100)","catalog_id":"NZ_123","catalog_name":"Litchfield_NZ_2013","dip_dir":"NW","name":"Tauranga 5","net_slip_rate":"(1.4,0.84,1.4)","slip_type":"Normal"},"geometry":{"type":"LineString","coordinates":[[176.82731665744538,-37.4571666863564],[176.7439499650553,-37.50939995455406]]}},{"type":"Feature","properties":{"average_dip":"(50,40,60)","average_rake":"(90,80,100)","catalog_id":"NZ_122","catalog_name":"Litchfield_NZ_2013","dip_dir":"SE","name":"Tauranga 4","net_slip_rate":"(0.28,0.19,0.28)","slip_type":"Normal"},"geometry":{"type":"LineString","coordinates":[[176.73454997797703,-37.5108333164324],[176.6382666217599,-37.6152000180076]]}},{"type":"Feature","properties":{"average_dip":"(50,40,60)","average_rake":"(90,80,100)","catalog_id":"NZ_102","catalog_name":"Litchfield_NZ_2013","dip_dir":"NW","name":"Volkner 1","net_slip_rate":"(1.87,1.12,1.87)","slip_type":"Normal"},"geometry":{"type":"LineString","coordinates":[[176.86631668727225,-37.64964995491696],[177.02640002373656,-37.49636669024555]]}},{"type":"Feature","properties":{"average_dip":"(50,40,60)","average_rake":"(90,80,100)","catalog_id":"NZ_104","catalog_name":"Litchfield_NZ_2013","dip_dir":"NW","name":"Tumokemoke 2","net_slip_rate":"(1.49,0.9,1.49)","slip_type":"Normal"},"geometry":{"type":"LineString","coordinates":[[176.85958329769173,-37.52610004116112],[176.94215000966884,-37.44303336740837],[176.95735004476003,-37.39081670536741]]}},{"type":"Feature","properties":{"average_dip":"(50,40,60)","average_rake":"(90,80,100)","catalog_id":"NZ_72","catalog_name":"Litchfield_NZ_2013","dip_dir":"SE","name":"Maungati West 1","net_slip_rate":"(1.87,1.12,1.87)","slip_type":"Normal"},"geometry":{"type":"LineString","coordinates":[[176.9840332811755,-37.38596666398798],[177.03299995345762,-37.30620000655143],[177.0608333450396,-37.228833298065936],[177.0950000284087,-37.194116635864276]]}},{"type":"Feature","properties":{"average_dip":"(50,40,60)","average_rake":"(90,80,100)","catalog_id":"NZ_45","catalog_name":"Litchfield_NZ_2013","dip_dir":"SE","name":"Tauranga Trough West 5","net_slip_rate":"(1.01,0.61,1.01)","slip_type":"Normal"},"geometry":{"type":"LineString","coordinates":[[177.40938334143345,-36.736216680845516],[177.33226665632588,-36.7693833054091]]}},{"type":"Feature","properties":{"average_dip":"(50,40,60)","average_rake":"(90,80,100)","catalog_id":"NZ_46","catalog_name":"Litchfield_NZ_2013","dip_dir":"NW","name":"Tauranga Trough West 2","net_slip_rate":"(2.43,1.46,2.43)","slip_type":"Normal"},"geometry":{"type":"LineString","coordinates":[[177.21910003311643,-36.82286664423598],[177.16238330130275,-36.866500026846225],[177.1060333370076,-36.893916699682045]]}},{"type":"Feature","properties":{"average_dip":"(50,40,60)","average_rake":"(90,80,100)","catalog_id":"NZ_47","catalog_name":"Litchfield_NZ_2013","dip_dir":"NW","name":"Tauranga Trough West 1","net_slip_rate":"(1.71,1.03,1.71)","slip_type":"Normal"},"geometry":{"type":"LineString","coordinates":[[177.10704999049133,-36.87613333918802],[177.0351666675792,-36.89873329648214]]}},{"type":"Feature","properties":{"average_dip":"(50,40,60)","average_rake":"(90,80,100)","catalog_id":"NZ_49","catalog_name":"Litchfield_NZ_2013","dip_dir":"NW","name":"Tauranga Trough East 5","net_slip_rate":"(1.17,0.7,1.17)","slip_type":"Normal"},"geometry":{"type":"LineString","coordinates":[[177.50615001223574,-36.77803336491843],[177.40228333078042,-36.86724997286925]]}},{"type":"Feature","properties":{"average_dip":"(50,40,60)","average_rake":"(90,80,100)","catalog_id":"NZ_51","catalog_name":"Litchfield_NZ_2013","dip_dir":"NW","name":"Tauranga Trough East 2","net_slip_rate":"(2.49,1.49,2.49)","slip_type":"Normal"},"geometry":{"type":"LineString","coordinates":[[177.37219995279526,-36.888866642173454],[177.31414994258625,-36.916066638652836],[177.21723336602628,-36.977133288487224],[177.16869994743323,-37.047133318771785]]}},{"type":"Feature","properties":{"average_dip":"(50,40,60)","average_rake":"(90,80,100)","catalog_id":"NZ_52","catalog_name":"Litchfield_NZ_2013","dip_dir":"SE","name":"Tauranga Trough East 1","net_slip_rate":"(1.87,1.12,1.87)","slip_type":"Normal"},"geometry":{"type":"LineString","coordinates":[[177.31644996669334,-36.917033337993196],[177.27231666072316,-36.97926665426869],[177.18724997347135,-37.05149998861017]]}},{"type":"Feature","properties":{"average_dip":"(50,40,60)","average_rake":"(90,80,100)","catalog_id":"NZ_83","catalog_name":"Litchfield_NZ_2013","dip_dir":"SE","name":"Otara East 6","net_slip_rate":"(0.93,0.56,0.93)","slip_type":"Normal"},"geometry":{"type":"LineString","coordinates":[[177.40571667578882,-36.88639997708379],[177.32161666988492,-36.95165003070953]]}},{"type":"Feature","properties":{"average_dip":"(50,40,60)","average_rake":"(90,80,100)","catalog_id":"NZ_53","catalog_name":"Litchfield_NZ_2013","dip_dir":"NW","name":"Tauranga Trough East 6","net_slip_rate":"(0.93,0.56,0.93)","slip_type":"Normal"},"geometry":{"type":"LineString","coordinates":[[177.16689994711126,-37.081549988125914],[177.11286666913927,-37.13570000765679]]}},{"type":"Feature","properties":{"average_dip":"(50,40,60)","average_rake":"(90,80,100)","catalog_id":"NZ_71","catalog_name":"Litchfield_NZ_2013","dip_dir":"SE","name":"Maungati West 2","net_slip_rate":"(0.93,0.56,0.93)","slip_type":"Normal"},"geometry":{"type":"LineString","coordinates":[[177.09078333802375,-37.145233315167104],[177.0010166826368,-37.24779996670932],[176.99483338964032,-37.282766666707985]]}},{"type":"Feature","properties":{"average_dip":"(50,40,60)","average_rake":"(90,80,100)","catalog_id":"NZ_101","catalog_name":"Litchfield_NZ_2013","dip_dir":"NW","name":"Volkner 2","net_slip_rate":"(1.93,1.16,1.93)","slip_type":"Normal"},"geometry":{"type":"LineString","coordinates":[[177.1043666647319,-37.402866706994665],[177.05273336144626,-37.452933327070006]]}},{"type":"Feature","properties":{"average_dip":"(50,40,60)","average_rake":"(90,80,100)","catalog_id":"NZ_100","catalog_name":"Litchfield_NZ_2013","dip_dir":"NW","name":"Volkner 3","net_slip_rate":"(2.89,1.74,2.89)","slip_type":"Normal"},"geometry":{"type":"LineString","coordinates":[[177.16024994400402,-37.379183324102144],[177.04171661469675,-37.52024999457969]]}},{"type":"Feature","properties":{"average_dip":"(50,40,60)","average_rake":"(90,80,100)","catalog_id":"NZ_106","catalog_name":"Litchfield_NZ_2013","dip_dir":"NW","name":"Whakaari 4","net_slip_rate":"(3.27,1.96,3.27)","slip_type":"Normal"},"geometry":{"type":"LineString","coordinates":[[177.11984998130873,-37.48893336420193],[176.99539994684108,-37.5752499994953]]}},{"type":"Feature","properties":{"average_dip":"(50,40,60)","average_rake":"(90,80,100)","catalog_id":"NZ_99","catalog_name":"Litchfield_NZ_2013","dip_dir":"NW","name":"Volkner 4","net_slip_rate":"(5.13,3.08,5.13)","slip_type":"Normal"},"geometry":{"type":"LineString","coordinates":[[177.15189052936935,-37.41408305903502],[177.29013334540264,-37.286133288857854],[177.3282833158118,-37.23133331626648]]}},{"type":"Feature","properties":{"average_dip":"(50,40,60)","average_rake":"(90,80,100)","catalog_id":"NZ_77","catalog_name":"Litchfield_NZ_2013","dip_dir":"NW","name":"Otara West 1","net_slip_rate":"(2.49,1.49,2.49)","slip_type":"Normal"},"geometry":{"type":"LineString","coordinates":[[177.22821668622188,-37.3064333533707],[177.23401665402884,-37.26403330955415],[177.27898329127862,-37.192016624863015]]}},{"type":"Feature","properties":{"average_dip":"(50,40,60)","average_rake":"(90,80,100)","catalog_id":"NZ_76","catalog_name":"Litchfield_NZ_2013","dip_dir":"NW","name":"Otara West 2","net_slip_rate":"(2.8,1.68,2.8)","slip_type":"Normal"},"geometry":{"type":"LineString","coordinates":[[177.21939997354175,-37.262766687007314],[177.2407333345749,-37.20503335968304],[177.30684996944854,-37.09113331954848]]}},{"type":"Feature","properties":{"average_dip":"(50,40,60)","average_rake":"(90,80,100)","catalog_id":"NZ_79","catalog_name":"Litchfield_NZ_2013","dip_dir":"SE","name":"Otara East 2","net_slip_rate":"(3.73,2.24,3.73)","slip_type":"Normal"},"geometry":{"type":"LineString","coordinates":[[177.29509997336592,-37.148566645489396],[177.39776663892928,-37.027149954814355]]}},{"type":"Feature","properties":{"average_dip":"(50,40,60)","average_rake":"(90,80,100)","catalog_id":"NZ_82","catalog_name":"Litchfield_NZ_2013","dip_dir":"SE","name":"Otara East 5","net_slip_rate":"(1.4,0.84,1.4)","slip_type":"Normal"},"geometry":{"type":"LineString","coordinates":[[177.34243337911403,-37.02273333346292],[177.43325005193563,-36.90434998748634]]}},{"type":"Feature","properties":{"average_dip":"(50,40,60)","average_rake":"(90,80,100)","catalog_id":"NZ_50","catalog_name":"Litchfield_NZ_2013","dip_dir":"NW","name":"Tauranga Trough East 4","net_slip_rate":"(1.17,0.7,1.17)","slip_type":"Normal"},"geometry":{"type":"LineString","coordinates":[[177.45766663903507,-36.87681667805266],[177.46846666860336,-36.85543335482662],[177.51365000837157,-36.81529997855374]]}},{"type":"Feature","properties":{"average_dip":"(50,40,60)","average_rake":"(90,80,100)","catalog_id":"NZ_84","catalog_name":"Litchfield_NZ_2013","dip_dir":"SE","name":"Wairaka 5","net_slip_rate":"(1.94,1.17,1.94)","slip_type":"Normal"},"geometry":{"type":"LineString","coordinates":[[177.68976672073632,-36.71773329945118],[177.64496666510925,-36.77994997812332],[177.61125004493678,-36.902616675235],[177.53196670203664,-36.97373330565375]]}},{"type":"Feature","properties":{"average_dip":"(50,40,60)","average_rake":"(90,80,100)","catalog_id":"NZ_85","catalog_name":"Litchfield_NZ_2013","dip_dir":"SE","name":"Wairaka 6","net_slip_rate":"(0.31,0.19,0.31)","slip_type":"Normal"},"geometry":{"type":"LineString","coordinates":[[177.72506671689356,-36.7893499693073],[177.71168332825968,-36.84270004311825]]}},{"type":"Feature","properties":{"average_dip":"(50,40,60)","average_rake":"(90,80,100)","catalog_id":"NZ_87","catalog_name":"Litchfield_NZ_2013","dip_dir":"SE","name":"Wairaka 4","net_slip_rate":"(0.78,0.47,0.78)","slip_type":"Normal"},"geometry":{"type":"LineString","coordinates":[[177.59565004382117,-36.948783351591686],[177.52290003758182,-36.99074999175458],[177.51500000998584,-37.009683310235346]]}},{"type":"Feature","properties":{"average_dip":"(50,40,60)","average_rake":"(90,80,100)","catalog_id":"NZ_86","catalog_name":"Litchfield_NZ_2013","dip_dir":"SE","name":"Wairaka 3","net_slip_rate":"(0.78,0.47,0.78)","slip_type":"Normal"},"geometry":{"type":"LineString","coordinates":[[177.61775004723634,-36.92776667785153],[177.59834998743287,-36.970033358645395],[177.56704999846792,-37.00088331205179]]}},{"type":"Feature","properties":{"average_dip":"(50,40,60)","average_rake":"(90,80,100)","catalog_id":"NZ_88","catalog_name":"Litchfield_NZ_2013","dip_dir":"SE","name":"Wairaka 2","net_slip_rate":"(1.87,1.12,1.87)","slip_type":"Normal"},"geometry":{"type":"LineString","coordinates":[[177.5702833745274,-36.980616697242354],[177.5322332892888,-36.99940000647709],[177.50798338365627,-37.06815002903487],[177.40668333523735,-37.140883303797544]]}},{"type":"Feature","properties":{"average_dip":"(50,40,60)","average_rake":"(90,80,100)","catalog_id":"NZ_90","catalog_name":"Litchfield_NZ_2013","dip_dir":"NW","name":"White Island North 2","net_slip_rate":"(0.16,0.09,0.16)","slip_type":"Normal"},"geometry":{"type":"LineString","coordinates":[[177.66744995175523,-37.131750028526376],[177.5675000541611,-37.163083332271626]]}},{"type":"Feature","properties":{"average_dip":"(50,40,60)","average_rake":"(90,80,100)","catalog_id":"NZ_91","catalog_name":"Litchfield_NZ_2013","dip_dir":"NW","name":"White Island North 1","net_slip_rate":"(0.16,0.09,0.16)","slip_type":"Normal"},"geometry":{"type":"LineString","coordinates":[[177.55491670581782,-37.20136669771964],[177.52935000392702,-37.27919996272556],[177.48701669052437,-37.331949999695766],[177.48048327561202,-37.36504997530806]]}},{"type":"Feature","properties":{"average_dip":"(50,40,60)","average_rake":"(90,80,100)","catalog_id":"NZ_92","catalog_name":"Litchfield_NZ_2013","dip_dir":"SE","name":"Te Arawa 3","net_slip_rate":"(2.49,1.49,2.49)","slip_type":"Normal"},"geometry":{"type":"LineString","coordinates":[[177.39581670096317,-37.27778333870929],[177.25019999596438,-37.3659166961429]]}},{"type":"Feature","properties":{"average_dip":"(50,40,60)","average_rake":"(90,80,100)","catalog_id":"NZ_93","catalog_name":"Litchfield_NZ_2013","dip_dir":"SE","name":"Te Arawa 2","net_slip_rate":"(3.42,2.05,3.42)","slip_type":"Normal"},"geometry":{"type":"LineString","coordinates":[[177.34693336504407,-37.31865002160933],[177.2494333092495,-37.37909998712974],[177.184750044754,-37.44983330266685]]}},{"type":"Feature","properties":{"average_dip":"(50,40,60)","average_rake":"(90,80,100)","catalog_id":"NZ_94","catalog_name":"Litchfield_NZ_2013","dip_dir":"SE","name":"Te Arawa 1","net_slip_rate":"(3.42,2.05,3.42)","slip_type":"Normal"},"geometry":{"type":"LineString","coordinates":[[177.3236666569884,-37.38310002513107],[177.25436669082916,-37.41233336938525],[177.14236663228542,-37.505900000187154]]}},{"type":"Feature","properties":{"average_dip":"(50,40,60)","average_rake":"(90,80,100)","catalog_id":"NZ_98","catalog_name":"Litchfield_NZ_2013","dip_dir":"NW","name":"Volkner 5","net_slip_rate":"(1.71,1.03,1.71)","slip_type":"Normal"},"geometry":{"type":"LineString","coordinates":[[177.2175333581728,-37.379650013735365],[177.18005001997273,-37.424116688465155],[177.1523999807802,-37.473266687572114]]}},{"type":"Feature","properties":{"average_dip":"(50,40,60)","average_rake":"(90,80,100)","catalog_id":"NZ_97","catalog_name":"Litchfield_NZ_2013","dip_dir":"SE","name":"Tuatoru 1","net_slip_rate":"(3.42,2.05,3.42)","slip_type":"Normal"},"geometry":{"type":"LineString","coordinates":[[177.29214998716813,-37.453999984837765],[177.20746671595745,-37.50588329055876]]}},{"type":"Feature","properties":{"average_dip":"(50,40,60)","average_rake":"(90,80,100)","catalog_id":"NZ_146","catalog_name":"Litchfield_NZ_2013","dip_dir":"SE","name":"Calypso 3","net_slip_rate":"(2.18,1.31,2.18)","slip_type":"Normal"},"geometry":{"type":"LineString","coordinates":[[177.2814666608359,-37.52348331060423],[177.19663328254916,-37.54364997764586]]}},{"type":"Feature","properties":{"average_dip":"(50,40,60)","average_rake":"(90,80,100)","catalog_id":"NZ_145","catalog_name":"Litchfield_NZ_2013","dip_dir":"NW","name":"Calypso 2","net_slip_rate":"(2.89,1.74,2.89)","slip_type":"Normal"},"geometry":{"type":"LineString","coordinates":[[177.19536667035717,-37.54853331244744],[177.15891665919895,-37.581950013912696],[177.08525004006125,-37.63538336575479]]}},{"type":"Feature","properties":{"average_dip":"(50,40,60)","average_rake":"(90,80,100)","catalog_id":"NZ_148","catalog_name":"Litchfield_NZ_2013","dip_dir":"NW","name":"White Island 3","net_slip_rate":"(1.35,0.81,1.35)","slip_type":"Normal"},"geometry":{"type":"LineString","coordinates":[[177.3073999881806,-37.578550016385286],[177.30844998343065,-37.63199999626136],[177.29696671319334,-37.656833345321616],[177.25779999446064,-37.69351665353848]]}},{"type":"Feature","properties":{"average_dip":"(50,40,60)","average_rake":"(90,80,100)","catalog_id":"NZ_147","catalog_name":"Litchfield_NZ_2013","dip_dir":"NW","name":"Ohiwa North 1","net_slip_rate":"(0.53,0.32,0.53)","slip_type":"Normal"},"geometry":{"type":"LineString","coordinates":[[177.28931663709253,-37.5885000044912],[177.23737988264014,-37.644166336027546]]}},{"type":"Feature","properties":{"average_dip":"(50,40,60)","average_rake":"(90,80,100)","catalog_id":"NZ_107","catalog_name":"Litchfield_NZ_2013","dip_dir":"NW","name":"Whakaari 3","net_slip_rate":"(1.56,0.93,1.56)","slip_type":"Normal"},"geometry":{"type":"LineString","coordinates":[[177.15858331212348,-37.527533341962375],[177.1325666465955,-37.556233304995565],[177.07008334033063,-37.60551670630417]]}},{"type":"Feature","properties":{"average_dip":"(50,40,60)","average_rake":"(90,80,100)","catalog_id":"NZ_108","catalog_name":"Litchfield_NZ_2013","dip_dir":"NW","name":"Whakaari 2","net_slip_rate":"(1.24,0.75,1.24)","slip_type":"Normal"},"geometry":{"type":"LineString","coordinates":[[177.0712999595433,-37.595066656822],[177.04423334689793,-37.60991670334341],[176.96760001823068,-37.63211665249681]]}},{"type":"Feature","properties":{"average_dip":"(50,40,60)","average_rake":"(90,80,100)","catalog_id":"NZ_109","catalog_name":"Litchfield_NZ_2013","dip_dir":"NW","name":"Whakaari 1","net_slip_rate":"(1.24,0.75,1.24)","slip_type":"Normal"},"geometry":{"type":"LineString","coordinates":[[176.96415000840486,-37.63809999519652],[176.87045001830236,-37.65873334617151]]}},{"type":"Feature","properties":{"average_dip":"(50,40,60)","average_rake":"(90,80,100)","catalog_id":"NZ_131","catalog_name":"Litchfield_NZ_2013","dip_dir":"NW","name":"Pokare 2","net_slip_rate":"(1.4,0.5,1.4)","slip_type":"Normal"},"geometry":{"type":"LineString","coordinates":[[177.08196661686657,-37.604249984915015],[177.03900000339735,-37.65636662780995],[176.97620001382265,-37.69384995868212],[176.92518338308625,-37.73508333605918]]}},{"type":"Feature","properties":{"average_dip":"(50,40,60)","average_rake":"(90,80,100)","catalog_id":"NZ_132","catalog_name":"Litchfield_NZ_2013","dip_dir":"NW","name":"Tokata 1","net_slip_rate":"(1.5,0.4,1.5)","slip_type":"Normal"},"geometry":{"type":"LineString","coordinates":[[177.01281667989943,-37.694599978819525],[176.93164997450896,-37.75596669048383],[176.88366668597232,-37.80700002126781]]}},{"type":"Feature","properties":{"average_dip":"(50,40,60)","average_rake":"(90,80,100)","catalog_id":"NZ_133","catalog_name":"Litchfield_NZ_2013","dip_dir":"NW","name":"Moutoki 2","net_slip_rate":"(0.6,0.3,0.6)","slip_type":"Normal"},"geometry":{"type":"LineString","coordinates":[[177.0694166907648,-37.68988329104414],[176.9695666747693,-37.74736669763195],[176.89308331565852,-37.80868337000144]]}},{"type":"Feature","properties":{"average_dip":"(50,40,60)","average_rake":"(90,80,100)","catalog_id":"NZ_134","catalog_name":"Litchfield_NZ_2013","dip_dir":"NW","name":"Moutoki 1","net_slip_rate":"(0.6,0.3,0.6)","slip_type":"Normal"},"geometry":{"type":"LineString","coordinates":[[177.00948333110097,-37.733349977070745],[176.92955005538278,-37.79553332716194],[176.85531671213934,-37.871866684114885]]}},{"type":"Feature","properties":{"average_dip":"(50,40,60)","average_rake":"(90,80,100)","catalog_id":"NZ_135","catalog_name":"Litchfield_NZ_2013","dip_dir":"NW","name":"Thornton 2","net_slip_rate":"(0.85,0.5,0.85)","slip_type":"Normal"},"geometry":{"type":"LineString","coordinates":[[176.98034997853762,-37.78063328733435],[176.9444166788445,-37.814349997778024],[176.9236833058245,-37.845616699074405],[176.8626167198407,-37.87728332803366]]}},{"type":"Feature","properties":{"average_dip":"(50,40,60)","average_rake":"(90,80,100)","catalog_id":"NZ_136","catalog_name":"Litchfield_NZ_2013","dip_dir":"NW","name":"Thornton 1","net_slip_rate":"(0.85,0.6,0.85)","slip_type":"Normal"},"geometry":{"type":"LineString","coordinates":[[176.9591999884391,-37.814183340211486],[176.92513330293627,-37.85993328776433],[176.84993330740423,-37.89629999920154]]}},{"type":"Feature","properties":{"average_dip":"(50,40,60)","average_rake":"(90,80,100)","catalog_id":"NZ_137","catalog_name":"Litchfield_NZ_2013","dip_dir":"NW","name":"Motuhora South 1","net_slip_rate":"(0.41,0.34,0.41)","slip_type":"Normal"},"geometry":{"type":"LineString","coordinates":[[177.00119994864394,-37.84803333741981],[176.8918999867943,-37.903383351619375]]}},{"type":"Feature","properties":{"average_dip":"(50,40,60)","average_rake":"(90,80,100)","catalog_id":"NZ_138","catalog_name":"Litchfield_NZ_2013","dip_dir":"NW","name":"Rangitaiki 1","net_slip_rate":"(2.8,1.5,2.8)","slip_type":"Normal"},"geometry":{"type":"LineString","coordinates":[[177.04208328607376,-37.78020004427538],[176.97878332681873,-37.81669999647608],[176.97144997072604,-37.83825000126706]]}},{"type":"Feature","properties":{"average_dip":"(50,40,60)","average_rake":"(90,80,100)","catalog_id":"NZ_150","catalog_name":"Litchfield_NZ_2013","dip_dir":"NW","name":"White Island 1","net_slip_rate":"(2.5,1.0,2.5)","slip_type":"Normal"},"geometry":{"type":"LineString","coordinates":[[177.14780004014696,-37.723666623166494],[176.9502833846819,-37.91156664293558]]}},{"type":"Feature","properties":{"average_dip":"(50,40,60)","average_rake":"(90,80,100)","catalog_id":"NZ_140","catalog_name":"Litchfield_NZ_2013","dip_dir":"NW","name":"Piripai 1","net_slip_rate":"(0.9,0.65,0.9)","slip_type":"Normal"},"geometry":{"type":"LineString","coordinates":[[177.1018500164006,-37.76023335191685],[177.06986664895814,-37.784783313354865],[177.01931661271527,-37.803466661103876],[176.99328333725495,-37.82224998459903]]}},{"type":"Feature","properties":{"average_dip":"(50,40,60)","average_rake":"(90,80,100)","catalog_id":"NZ_139","catalog_name":"Litchfield_NZ_2013","dip_dir":"NW","name":"Rangitaiki 2","net_slip_rate":"(2.5,1.0,2.5)","slip_type":"Normal"},"geometry":{"type":"LineString","coordinates":[[177.1312499870175,-37.724766620755844],[177.1017666263525,-37.73741668553198],[177.0516499922257,-37.75685001320085],[177.01153334192708,-37.78638334782384]]}},{"type":"Feature","properties":{"average_dip":"(70,60,80)","average_rake":"(45,35,55)","catalog_id":"NZ_234","catalog_name":"Litchfield_NZ_2013","dip_dir":"W","name":"Waimanawa - Waikaremoana","net_slip_rate":"(2.3,1.5,3.1)","slip_type":"Normal-Dextral"},"geometry":{"type":"LineString","coordinates":[[177.2070999428717,-37.73893329514207],[177.20378329646962,-37.78304999560778],[177.15664999426355,-37.8636500291015]]}},{"type":"Feature","properties":{"average_dip":"(50,40,60)","average_rake":"(90,80,100)","catalog_id":"NZ_149","catalog_name":"Litchfield_NZ_2013","dip_dir":"NW","name":"White Island 2","net_slip_rate":"(2.0,0.5,2.0)","slip_type":"Normal"},"geometry":{"type":"LineString","coordinates":[[177.27856662824692,-37.65671665674428],[177.15481672021386,-37.75130003525387]]}},{"type":"Feature","properties":{"average_dip":"(50,40,60)","average_rake":"(90,80,100)","catalog_id":"NZ_142","catalog_name":"Litchfield_NZ_2013","dip_dir":"NW","name":"Nukuhou 1","net_slip_rate":"(1.05,0.79,1.05)","slip_type":"Normal"},"geometry":{"type":"LineString","coordinates":[[177.21580001310105,-37.61384999315695],[177.1903166325543,-37.65324999192093],[177.1084999920501,-37.69988331938299],[177.08304998952732,-37.73028334591398]]}},{"type":"Feature","properties":{"average_dip":"(70,60,80)","average_rake":"(60,45,75)","catalog_id":"NZ_226","catalog_name":"Litchfield_NZ_2013","dip_dir":"E","name":"Opotiki 2","net_slip_rate":"(0.5,0.1,0.5)","slip_type":"Normal-Dextral"},"geometry":{"type":"LineString","coordinates":[[177.30161662399522,-37.85064997469368],[177.2748667129159,-37.878566691518266],[177.28756662145992,-37.939483352605414],[177.2774832774223,-37.96926663432611]]}},{"type":"Feature","properties":{"average_dip":"(70,80,90)","average_rake":"(90,80,100)","catalog_id":"NZ_223","catalog_name":"Litchfield_NZ_2013","dip_dir":"NE","name":"Ohae 3","net_slip_rate":"(0.08,0.05,0.08)","slip_type":"Normal"},"geometry":{"type":"LineString","coordinates":[[177.47498334228356,-37.84416667681353],[177.55111662107376,-37.88765001992884]]}},{"type":"Feature","properties":{"average_dip":"(50,40,60)","average_rake":"(-90,-80,-70)","catalog_id":"NZ_221","catalog_name":"Litchfield_NZ_2013","dip_dir":"SE","name":"Ohae 1","net_slip_rate":"(0.1,0.05,0.1)","slip_type":"Reverse"},"geometry":{"type":"LineString","coordinates":[[177.31873333951702,-37.68030000924812],[177.41823331807606,-37.76074996935081],[177.5801666438923,-37.80326666067824]]}},{"type":"Feature","properties":{"average_dip":"(50,40,60)","average_rake":"(-90,-80,-70)","catalog_id":"NZ_222","catalog_name":"Litchfield_NZ_2013","dip_dir":"SE","name":"Ohae 2","net_slip_rate":"(0.1,0.05,0.1)","slip_type":"Reverse"},"geometry":{"type":"LineString","coordinates":[[177.34933151694833,-37.75105921067941],[177.4905499658839,-37.81186668573235],[177.5912500400226,-37.83168331173063]]}},{"type":"Feature","properties":{"average_dip":"(70,60,80)","average_rake":"(60,45,75)","catalog_id":"NZ_225","catalog_name":"Litchfield_NZ_2013","dip_dir":"W","name":"Opotiki 3","net_slip_rate":"(0.5,0.1,0.5)","slip_type":"Normal-Dextral"},"geometry":{"type":"LineString","coordinates":[[177.3113833089919,-37.68164995614614],[177.32516667514255,-37.71551664880333],[177.26508335560138,-37.87670000724714],[177.26441666690448,-37.92950003329855],[177.24106668920453,-37.964533341623245]]}},{"type":"Feature","properties":{"average_dip":"(50,40,60)","average_rake":"(90,80,100)","catalog_id":"NZ_141","catalog_name":"Litchfield_NZ_2013","dip_dir":"NW","name":"Ohiwa 1","net_slip_rate":"(2.21,1.35,2.21)","slip_type":"Normal"},"geometry":{"type":"LineString","coordinates":[[177.21065002854573,-37.68838331955636],[177.1512333085903,-37.71319996176402],[177.12248331864046,-37.73313332284795]]}},{"type":"Feature","properties":{"average_dip":"(50,40,60)","average_rake":"(90,80,100)","catalog_id":"NZ_80","catalog_name":"Litchfield_NZ_2013","dip_dir":"NW","name":"Otara East 3","net_slip_rate":"(1.94,1.17,1.94)","slip_type":"Normal"},"geometry":{"type":"LineString","coordinates":[[177.40246668578143,-37.037983295817405],[177.52351663907132,-36.93741663722143],[177.5717833461796,-36.82735003341275]]}},{"type":"Feature","properties":{"average_dip":"(50,40,60)","average_rake":"(90,80,100)","catalog_id":"NZ_143","catalog_name":"Litchfield_NZ_2013","dip_dir":"NW","name":"Pukehoko South 1","net_slip_rate":"(2.53,0.1,2.53)","slip_type":"Normal"},"geometry":{"type":"LineString","coordinates":[[177.133238847822,-37.648215312898564],[177.0303167043024,-37.73758333628509]]}},{"type":"Feature","properties":{"average_dip":"(50,40,60)","average_rake":"(90,80,100)","catalog_id":"NZ_144","catalog_name":"Litchfield_NZ_2013","dip_dir":"NW","name":"Pukehoko North 1","net_slip_rate":"(3.68,0.9,3.68)","slip_type":"Normal"},"geometry":{"type":"LineString","coordinates":[[177.22684995243037,-37.56666663680432],[177.133238847822,-37.648215312898564]]}},{"type":"Feature","properties":{"average_dip":"(70,55,80)","average_rake":"(-70,-90,-50)","catalog_id":"NZ_534","catalog_name":"Litchfield_NZ_2013","dip_dir":"SE","name":"Makarora","net_slip_rate":"(0.0,0.0,0.0)","slip_type":"Reverse-Dextral"},"geometry":{"type":"LineString","coordinates":[[169.1266749087174,-44.477838723297616],[169.2546793756145,-44.16775675858551],[169.52433297607644,-43.90373092451008]]}},{"type":"Feature","properties":{"average_dip":"(60,45,70)","average_rake":"(-70,-90,-50)","catalog_id":"NZ_533","catalog_name":"Litchfield_NZ_2013","dip_dir":"W","name":"Hunter","net_slip_rate":"(0.0,0.0,0.0)","slip_type":"Reverse-Dextral"},"geometry":{"type":"LineString","coordinates":[[169.29495823635557,-44.555776365056374],[169.5561592074434,-44.115531442450894]]}},{"type":"Feature","properties":{"average_dip":"(45,35,55)","average_rake":"(-110,-130,-90)","catalog_id":"NZ_526","catalog_name":"Litchfield_NZ_2013","dip_dir":"W","name":"McKerrow - Douglas Duplex","net_slip_rate":"(0.0,0.0,0.0)","slip_type":"Reverse-Sinistral"},"geometry":{"type":"LineString","coordinates":[[169.9609984762816,-43.74380929179518],[170.055202533719,-43.60505283869347]]}},{"type":"Feature","properties":{"average_dip":"(80,70,90)","average_rake":"(-100,-120,-80)","catalog_id":"NZ_528","catalog_name":"Litchfield_NZ_2013","dip_dir":"NW","name":"Landsborough 2","net_slip_rate":"(0.0,0.0,0.0)","slip_type":"Reverse-Sinistral"},"geometry":{"type":"LineString","coordinates":[[169.45737461376837,-43.978284272326036],[169.96099847628156,-43.7438092909773]]}},{"type":"Feature","properties":{"average_dip":"(80,70,90)","average_rake":"(45,25,65)","catalog_id":"NZ_527","catalog_name":"Litchfield_NZ_2013","dip_dir":"SE","name":"Karangarua","net_slip_rate":"(0.0,0.0,0.0)","slip_type":"Dextral-Normal"},"geometry":{"type":"LineString","coordinates":[[169.58407273853012,-43.813589522684936],[169.9322260303158,-43.54709734939324]]}},{"type":"Feature","properties":{"average_dip":"(45,30,90)","average_rake":"(-76,-96,-56)","catalog_id":"NZ_519","catalog_name":"Litchfield_NZ_2013","dip_dir":"N","name":"Straight Creek","net_slip_rate":"(0.0,0.0,0.0)","slip_type":"Reverse-Dextral"},"geometry":{"type":"LineString","coordinates":[[169.98841808623092,-43.52018111817674],[170.14029852603443,-43.4972903758037]]}},{"type":"Feature","properties":{"average_dip":"(70,55,80)","average_rake":"(48,28,68)","catalog_id":"NZ_518","catalog_name":"Litchfield_NZ_2013","dip_dir":"SE","name":"Mount Roon","net_slip_rate":"(0.0,0.0,0.0)","slip_type":"Dextral-Normal"},"geometry":{"type":"LineString","coordinates":[[170.2493492842011,-43.43744762645623],[170.10013483049428,-43.53072941597489]]}},{"type":"Feature","properties":{"average_dip":"(60,45,70)","average_rake":"(-80,-100,-60)","catalog_id":"NZ_530","catalog_name":"Litchfield_NZ_2013","dip_dir":"NW","name":"Ahuriri","net_slip_rate":"(0.0,0.0,0.0)","slip_type":"Reverse-Dextral"},"geometry":{"type":"LineString","coordinates":[[169.66878308477686,-44.099831423427894],[169.81909392439894,-43.956999887552584],[169.9253608852032,-43.88765576928716],[169.99481719677843,-43.79447998720892]]}},{"type":"Feature","properties":{"average_dip":"(60,45,70)","average_rake":"(-80,-100,-60)","catalog_id":"NZ_529","catalog_name":"Litchfield_NZ_2013","dip_dir":"NW","name":"Huxley","net_slip_rate":"(0.0,0.0,0.0)","slip_type":"Reverse-Dextral"},"geometry":{"type":"LineString","coordinates":[[169.62036713023878,-44.034860255400154],[169.76551930290518,-43.94062006544273],[169.84599044605116,-43.808732638321885]]}},{"type":"Feature","properties":{"average_dip":"(45,35,60)","average_rake":"(-133,-153,-113)","catalog_id":"NZ_525","catalog_name":"Litchfield_NZ_2013","dip_dir":"SW","name":"Great Groove","net_slip_rate":"(0.0,0.0,0.0)","slip_type":"Reverse-Sinistral"},"geometry":{"type":"LineString","coordinates":[[170.08993201528608,-43.912886565074146],[170.0759682965259,-43.70242992314683]]}},{"type":"Feature","properties":{"average_dip":"(55,45,65)","average_rake":"(-90,-120,-60)","catalog_id":"NZ_524","catalog_name":"Litchfield_NZ_2013","dip_dir":"NW","name":"Black Blob - Haast Ridge","net_slip_rate":"(0.0,0.0,0.0)","slip_type":"Reverse"},"geometry":{"type":"LineString","coordinates":[[170.07728692096572,-43.69438275596542],[170.28825590556085,-43.522480711863615]]}},{"type":"Feature","properties":{"average_dip":"(70,55,80)","average_rake":"(-80,-100,-60)","catalog_id":"NZ_531","catalog_name":"Litchfield_NZ_2013","dip_dir":"NW","name":"Dobson","net_slip_rate":"(0.0,0.0,0.0)","slip_type":"Reverse-Dextral"},"geometry":{"type":"LineString","coordinates":[[169.64575552512144,-44.31655687235256],[169.8784308646482,-44.06536126581095],[169.98943904907918,-43.85320233581388]]}},{"type":"Feature","properties":{"average_dip":"(55,45,75)","average_rake":"(-80,-100,-60)","catalog_id":"NZ_521","catalog_name":"Litchfield_NZ_2013","dip_dir":"NW","name":"Liebig North","net_slip_rate":"(0.0,0.0,0.0)","slip_type":"Reverse-Dextral"},"geometry":{"type":"LineString","coordinates":[[170.1773778679353,-43.867126001622644],[170.26787409396889,-43.756087175135995],[170.33445872107262,-43.71210377724982],[170.4572669255773,-43.56523205569708],[170.54907018506475,-43.41952837995446]]}},{"type":"Feature","properties":{"average_dip":"(50,45,60)","average_rake":"(-70,-90,-50)","catalog_id":"NZ_520","catalog_name":"Litchfield_NZ_2013","dip_dir":"NW","name":"Murchison 1 - Ice Lake","net_slip_rate":"(0.0,0.0,0.0)","slip_type":"Reverse-Dextral"},"geometry":{"type":"LineString","coordinates":[[170.16827292666156,-43.694658048189176],[170.30479350062717,-43.60836572442157],[170.45005401030969,-43.491614886632355],[170.50921402644738,-43.38520190945694]]}},{"type":"Feature","properties":{"average_dip":"(80,70,90)","average_rake":"(-25,-45,-5)","catalog_id":"NZ_517","catalog_name":"Litchfield_NZ_2013","dip_dir":"S","name":"Gunn Glacier","net_slip_rate":"(0.0,0.0,0.0)","slip_type":"Reverse-Dextral"},"geometry":{"type":"LineString","coordinates":[[170.29601702158078,-43.396181845600715],[170.60543999092727,-43.37999683745657]]}},{"type":"Feature","properties":{"average_dip":"(65,50,75)","average_rake":"(-85,-105,-65)","catalog_id":"NZ_522","catalog_name":"Litchfield_NZ_2013","dip_dir":"NW","name":"Macaulay 2","net_slip_rate":"(0.0,0.0,0.0)","slip_type":"Reverse-Dextral"},"geometry":{"type":"LineString","coordinates":[[170.4361298836152,-43.686150897386604],[170.640841381977,-43.550293187976344]]}},{"type":"Feature","properties":{"average_dip":"(55,45,65)","average_rake":"(-90,-110,-70)","catalog_id":"NZ_514","catalog_name":"Litchfield_NZ_2013","dip_dir":"NW","name":"Two Thumb Stream","net_slip_rate":"(0.0,0.0,0.0)","slip_type":"Reverse"},"geometry":{"type":"LineString","coordinates":[[170.62861549138813,-43.67842544843355],[170.7796560078024,-43.580392668542494],[170.80540766120674,-43.4476644971996]]}},{"type":"Feature","properties":{"average_dip":"(60,45,70)","average_rake":"(-90,-110,-70)","catalog_id":"NZ_512","catalog_name":"Litchfield_NZ_2013","dip_dir":"W","name":"Potts River","net_slip_rate":"(0.0,0.0,0.0)","slip_type":"Reverse"},"geometry":{"type":"LineString","coordinates":[[170.85495970585487,-43.71316393884767],[171.007776540346,-43.4274667393073]]}},{"type":"Feature","properties":{"average_dip":"(80,70,90)","average_rake":"(-70,-90,-50)","catalog_id":"NZ_538","catalog_name":"Litchfield_NZ_2013","dip_dir":"SE","name":"Forest Creek","net_slip_rate":"(0.9,0.4,2.8)","slip_type":"Reverse-Dextral"},"geometry":{"type":"LineString","coordinates":[[171.07691663608324,-43.63014129380557],[170.82709354177433,-43.73042672024468],[170.5730421724344,-43.88048656983796]]}},{"type":"Feature","properties":{"average_dip":"(60,45,70)","average_rake":"(-20,-40,0)","catalog_id":"NZ_501","catalog_name":"Litchfield_NZ_2013","dip_dir":"S","name":"Mungo","net_slip_rate":"(0.0,0.0,0.0)","slip_type":"Dextral-Reverse"},"geometry":{"type":"LineString","coordinates":[[170.91479139010102,-43.07411704357744],[171.25321478859107,-43.013158809788436]]}},{"type":"Feature","properties":{"average_dip":"(70,55,80)","average_rake":"(-110,-130,-90)","catalog_id":"NZ_506","catalog_name":"Litchfield_NZ_2013","dip_dir":"W","name":"Jagged","net_slip_rate":"(0.0,0.0,0.0)","slip_type":"Reverse-Sinistral"},"geometry":{"type":"LineString","coordinates":[[171.04471123745836,-43.37132924473866],[171.08604563320455,-43.20834420585354]]}},{"type":"Feature","properties":{"average_dip":"(65,50,75)","average_rake":"(-80,-100,-60)","catalog_id":"NZ_511","catalog_name":"Litchfield_NZ_2013","dip_dir":"W","name":"Jollie Range","net_slip_rate":"(0.0,0.0,0.0)","slip_type":"Reverse-Dextral"},"geometry":{"type":"LineString","coordinates":[[170.83344228458333,-43.38202552558649],[170.90186270322798,-43.29265032412719]]}},{"type":"Feature","properties":{"average_dip":"(60,45,70)","average_rake":"(-45,-65,-25)","catalog_id":"NZ_504","catalog_name":"Litchfield_NZ_2013","dip_dir":"SE","name":"Shingly","net_slip_rate":"(0.0,0.0,0.0)","slip_type":"Reverse-Dextral"},"geometry":{"type":"LineString","coordinates":[[171.14413756015276,-43.34190275413432],[171.6058749855852,-43.16097192810801],[171.78375218926513,-43.03263842759904]]}},{"type":"Feature","properties":{"average_dip":"(70,55,80)","average_rake":"(-80,-100,-60)","catalog_id":"NZ_502","catalog_name":"Litchfield_NZ_2013","dip_dir":"NW","name":"Bruce","net_slip_rate":"(0.0,0.0,0.0)","slip_type":"Reverse-Dextral"},"geometry":{"type":"LineString","coordinates":[[171.67029489418718,-43.02666770693575],[171.35379605439255,-43.113261759302766]]}},{"type":"Feature","properties":{"average_dip":"(60,45,70)","average_rake":"(-18,-38,0)","catalog_id":"NZ_515","catalog_name":"Litchfield_NZ_2013","dip_dir":"W","name":"Veil Stream","net_slip_rate":"(0.0,0.0,0.0)","slip_type":"Dextral-Reverse"},"geometry":{"type":"LineString","coordinates":[[170.64262911274056,-43.550330012602714],[170.6982604923993,-43.464231662076315],[170.74237127527803,-43.33921437958908]]}},{"type":"Feature","properties":{"average_dip":"(85,70,90)","average_rake":"(5,-15,15)","catalog_id":"NZ_516","catalog_name":"Litchfield_NZ_2013","dip_dir":"N","name":"Mount Adams","net_slip_rate":"(0.0,0.0,0.0)","slip_type":"Dextral"},"geometry":{"type":"LineString","coordinates":[[170.4475565754765,-43.2887346155448],[170.53807238836555,-43.28842487276039]]}},{"type":"Feature","properties":{"average_dip":"(70,55,80)","average_rake":"(-80,-100,-60)","catalog_id":"NZ_509","catalog_name":"Litchfield_NZ_2013","dip_dir":"NW","name":"Lord Range","net_slip_rate":"(0.0,0.0,0.0)","slip_type":"Reverse-Dextral"},"geometry":{"type":"LineString","coordinates":[[170.55752752631324,-43.33311020316894],[170.745329058207,-43.28063598301082],[171.0687860731109,-43.0543314310152]]}},{"type":"Feature","properties":{"average_dip":"(75,55,80)","average_rake":"(-20,-40,0)","catalog_id":"NZ_510","catalog_name":"Litchfield_NZ_2013","dip_dir":"S","name":"Waitaha","net_slip_rate":"(0.0,0.0,0.0)","slip_type":"Dextral-Reverse"},"geometry":{"type":"LineString","coordinates":[[170.66396590577224,-43.1869581914444],[170.80728497866573,-43.12793951238965],[170.96506472401097,-43.0964261244586]]}},{"type":"Feature","properties":{"average_dip":"(65,50,75)","average_rake":"(-80,-100,-60)","catalog_id":"NZ_507","catalog_name":"Litchfield_NZ_2013","dip_dir":"NW","name":"Observation","net_slip_rate":"(0.0,0.0,0.0)","slip_type":"Reverse-Dextral"},"geometry":{"type":"LineString","coordinates":[[171.11971126153287,-43.19443021954136],[170.7083787634804,-43.349751942598886]]}},{"type":"Feature","properties":{"average_dip":"(65,45,70)","average_rake":"(-80,-100,-60)","catalog_id":"NZ_508","catalog_name":"Litchfield_NZ_2013","dip_dir":"W","name":"Mathias","net_slip_rate":"(0.0,0.0,0.0)","slip_type":"Reverse-Dextral"},"geometry":{"type":"LineString","coordinates":[[170.939757734038,-43.244180764723914],[171.16138631473873,-43.048477947069244]]}},{"type":"Feature","properties":{"average_dip":"(70,55,80)","average_rake":"(-80,-100,-60)","catalog_id":"NZ_503","catalog_name":"Litchfield_NZ_2013","dip_dir":"W","name":"Mistake - Rolleston","net_slip_rate":"(0.0,0.0,0.0)","slip_type":"Reverse-Dextral"},"geometry":{"type":"LineString","coordinates":[[171.14631858884474,-43.277558147423406],[171.33537936813275,-42.976132841747344]]}},{"type":"Feature","properties":{"average_dip":"(50,40,60)","average_rake":"(90,80,100)","catalog_id":"NZ_9","catalog_name":"Litchfield_NZ_2013","dip_dir":"SE","name":"Alderman West 1","net_slip_rate":"(0.08,0.05,0.08)","slip_type":"Normal"},"geometry":{"type":"LineString","coordinates":[[176.33808337444768,-36.93578334636513],[176.28154994813113,-37.09393333991646]]}},{"type":"Feature","properties":{"average_dip":"(50,40,60)","average_rake":"(90,80,100)","catalog_id":"NZ_7","catalog_name":"Litchfield_NZ_2013","dip_dir":"SE","name":"Alderman West 3","net_slip_rate":"(0.05,0.03,0.05)","slip_type":"Normal"},"geometry":{"type":"LineString","coordinates":[[176.52541669388748,-36.819649970779835],[176.48036667471033,-36.85975003781759],[176.40548330072394,-36.87776663854924]]}},{"type":"Feature","properties":{"average_dip":"(50,40,60)","average_rake":"(90,80,100)","catalog_id":"NZ_6","catalog_name":"Litchfield_NZ_2013","dip_dir":"SE","name":"Alderman West 4","net_slip_rate":"(0.05,0.03,0.05)","slip_type":"Normal"},"geometry":{"type":"LineString","coordinates":[[176.5019000093192,-36.809166701858196],[176.45183333396793,-36.845083335715],[176.40891666876834,-36.86283335985946]]}},{"type":"Feature","properties":{"average_dip":"(50,40,60)","average_rake":"(90,80,100)","catalog_id":"NZ_8","catalog_name":"Litchfield_NZ_2013","dip_dir":"SE","name":"Alderman West 2","net_slip_rate":"(0.08,0.05,0.08)","slip_type":"Normal"},"geometry":{"type":"LineString","coordinates":[[176.3907999942897,-36.85476664243063],[176.35679998894673,-36.92136662543662],[176.33511663055813,-36.98691670473575]]}},{"type":"Feature","properties":{"average_dip":"(50,40,60)","average_rake":"(90,80,100)","catalog_id":"NZ_21","catalog_name":"Litchfield_NZ_2013","dip_dir":"NW","name":"Tuhua North 1","net_slip_rate":"(0.44,0.26,0.44)","slip_type":"Normal"},"geometry":{"type":"LineString","coordinates":[[176.68003336186197,-36.99691664270682],[176.61136663395524,-37.066333320876744],[176.54080001249946,-37.16839998398074]]}},{"type":"Feature","properties":{"average_dip":"(50,40,60)","average_rake":"(90,80,100)","catalog_id":"NZ_48","catalog_name":"Litchfield_NZ_2013","dip_dir":"NW","name":"Tauranga Trough East 3","net_slip_rate":"(1.4,0.84,1.4)","slip_type":"Normal"},"geometry":{"type":"LineString","coordinates":[[177.34403333505253,-36.863166678899816],[177.2591000006734,-36.90629996862314],[177.1685166526783,-36.97116665193685]]}},{"type":"Feature","properties":{"average_dip":"(50,40,60)","average_rake":"(90,80,100)","catalog_id":"NZ_81","catalog_name":"Litchfield_NZ_2013","dip_dir":"SE","name":"Otara East 4","net_slip_rate":"(1.4,0.84,1.4)","slip_type":"Normal"},"geometry":{"type":"LineString","coordinates":[[177.4783333645263,-36.9261166279413],[177.407333367618,-36.96999996000173],[177.34929999277583,-37.030633298415204]]}},{"type":"Feature","properties":{"average_dip":"(50,40,60)","average_rake":"(90,80,100)","catalog_id":"NZ_89","catalog_name":"Litchfield_NZ_2013","dip_dir":"NW","name":"Wairaka 1","net_slip_rate":"(0.47,0.28,0.47)","slip_type":"Normal"},"geometry":{"type":"LineString","coordinates":[[177.60209996688894,-37.00356663261648],[177.58318327953518,-37.082649971424495],[177.4875832952819,-37.19691663746219]]}},{"type":"Feature","properties":{"average_dip":"(50,40,60)","average_rake":"(90,80,100)","catalog_id":"NZ_95","catalog_name":"Litchfield_NZ_2013","dip_dir":"SE","name":"Tuatoru 3","net_slip_rate":"(1.56,0.93,1.56)","slip_type":"Normal"},"geometry":{"type":"LineString","coordinates":[[177.4217667098334,-37.31615003456261],[177.3458666650633,-37.38606667586159]]}},{"type":"Feature","properties":{"average_dip":"(50,40,60)","average_rake":"(90,80,100)","catalog_id":"NZ_75","catalog_name":"Litchfield_NZ_2013","dip_dir":"SE","name":"Otara West 3","net_slip_rate":"(2.49,1.49,2.49)","slip_type":"Normal"},"geometry":{"type":"LineString","coordinates":[[177.28644994826553,-37.07425004510056],[177.1886166450414,-37.150316629866005]]}},{"type":"Feature","properties":{"average_dip":"(50,40,60)","average_rake":"(90,80,100)","catalog_id":"NZ_73","catalog_name":"Litchfield_NZ_2013","dip_dir":"NW","name":"Maungati East 1","net_slip_rate":"(1.4,0.84,1.4)","slip_type":"Normal"},"geometry":{"type":"LineString","coordinates":[[177.16464997528095,-37.23049995986078],[177.07140002202604,-37.33705000376982]]}},{"type":"Feature","properties":{"average_dip":"(50,40,60)","average_rake":"(90,80,100)","catalog_id":"NZ_78","catalog_name":"Litchfield_NZ_2013","dip_dir":"SE","name":"Otara East 1","net_slip_rate":"(4.67,2.8,4.67)","slip_type":"Normal"},"geometry":{"type":"LineString","coordinates":[[177.31481665101444,-37.156550041375645],[177.25999994981245,-37.271316680772614]]}},{"type":"Feature","properties":{"average_dip":"(50,40,60)","average_rake":"(90,80,100)","catalog_id":"NZ_38","catalog_name":"Litchfield_NZ_2013","dip_dir":"NW","name":"Ngatoro South 5","net_slip_rate":"(2.43,1.46,2.43)","slip_type":"Normal"},"geometry":{"type":"LineString","coordinates":[[177.1898999765627,-36.68216662889031],[177.02435001619716,-36.777216652940645]]}},{"type":"Feature","properties":{"average_dip":"(50,40,60)","average_rake":"(90,80,100)","catalog_id":"NZ_42","catalog_name":"Litchfield_NZ_2013","dip_dir":"NW","name":"Ngatoro South 1","net_slip_rate":"(1.71,1.03,1.71)","slip_type":"Normal"},"geometry":{"type":"LineString","coordinates":[[176.99738335332808,-36.79799999693957],[176.90711669953743,-36.82689996457838]]}},{"type":"Feature","properties":{"average_dip":"(50,40,60)","average_rake":"(90,80,100)","catalog_id":"NZ_19","catalog_name":"Litchfield_NZ_2013","dip_dir":"SE","name":"Tuhua North 2","net_slip_rate":"(0.44,0.26,0.44)","slip_type":"Normal"},"geometry":{"type":"LineString","coordinates":[[176.62158332196282,-36.96586664869441],[176.53984997242733,-37.06191668950995]]}},{"type":"Feature","properties":{"average_dip":"(50,40,60)","average_rake":"(90,80,100)","catalog_id":"NZ_69","catalog_name":"Litchfield_NZ_2013","dip_dir":"SE","name":"Matatara 2","net_slip_rate":"(0.75,0.45,0.75)","slip_type":"Normal"},"geometry":{"type":"LineString","coordinates":[[176.7776999953061,-37.39993328976975],[176.92416671617323,-37.33746668365728]]}},{"type":"Feature","properties":{"average_dip":"(50,40,60)","average_rake":"(90,80,100)","catalog_id":"NZ_96","catalog_name":"Litchfield_NZ_2013","dip_dir":"NW","name":"Tuatoru 2","net_slip_rate":"(3.42,2.05,3.42)","slip_type":"Normal"},"geometry":{"type":"LineString","coordinates":[[177.43094995688426,-37.3955999894695],[177.36768332426172,-37.41383333660066],[177.2916166608868,-37.46063335173693]]}},{"type":"Feature","properties":{"average_dip":"(50,40,60)","average_rake":"(90,80,100)","catalog_id":"NZ_74","catalog_name":"Litchfield_NZ_2013","dip_dir":"NW","name":"Maungati West 3","net_slip_rate":"(0.19,0.11,0.19)","slip_type":"Normal"},"geometry":{"type":"LineString","coordinates":[[177.04935003367342,-37.377933327388234],[177.01959994786833,-37.44258335767703]]}},{"type":"Feature","properties":{"average_dip":"(50,40,60)","average_rake":"(90,80,100)","catalog_id":"NZ_105","catalog_name":"Litchfield_NZ_2013","dip_dir":"SE","name":"Tumokemoke 1","net_slip_rate":"(1.49,0.9,1.49)","slip_type":"Normal"},"geometry":{"type":"LineString","coordinates":[[177.02471671367067,-37.45334999655341],[176.90966666249062,-37.50893337550642],[176.85503335522114,-37.55211667462659]]}},{"type":"Feature","properties":{"average_dip":"(50,40,60)","average_rake":"(90,80,100)","catalog_id":"NZ_103","catalog_name":"Litchfield_NZ_2013","dip_dir":"E","name":"Tumokemoke 3","net_slip_rate":"(0.74,0.49,0.74)","slip_type":"Normal"},"geometry":{"type":"LineString","coordinates":[[176.80116661056206,-37.61341662904887],[176.86344997927367,-37.51065004138104]]}},{"type":"Feature","properties":{"average_dip":"(40,30,50)","average_rake":"(-90,-100,-80)","catalog_id":"NZ_400","catalog_name":"Litchfield_NZ_2013","dip_dir":"NW","name":"Whareama Bank","net_slip_rate":"(1.5,0.5,2.5)","slip_type":"Reverse"},"geometry":{"type":"LineString","coordinates":[[176.18408748217948,-41.28141523046255],[176.36308680056572,-41.132873696273684],[176.60973121020373,-41.01868298879725],[176.77624220405326,-40.894026993846474]]}},{"type":"Feature","properties":{"average_dip":"(40,30,50)","average_rake":"(-90,-100,-80)","catalog_id":"NZ_406","catalog_name":"Litchfield_NZ_2013","dip_dir":"NW","name":"Pahaua","net_slip_rate":"(1.5,0.5,2.5)","slip_type":"Reverse"},"geometry":{"type":"LineString","coordinates":[[175.05000000000067,-41.91670000050022],[175.56927829978565,-41.763935297072926],[175.81451092316786,-41.718017818997566],[175.95989883560205,-41.716705404991636],[176.35402269461315,-41.480031162644956],[176.47663900630602,-41.454997866931826],[176.60100697959493,-41.3877550835731]]}},{"type":"Feature","properties":{"average_dip":"(40,30,50)","average_rake":"(-50,-60,-40)","catalog_id":"NZ_403","catalog_name":"Litchfield_NZ_2013","dip_dir":"NW","name":"Palliser - Kaiwhata","net_slip_rate":"(5.0,3.0,7.0)","slip_type":"Reverse-Dextral"},"geometry":{"type":"LineString","coordinates":[[175.35732724672044,-41.63134058384258],[175.50000000000276,-41.56670000034401],[175.64635140999158,-41.4945196721585],[175.96700000000823,-41.350000000172514],[176.02120699144862,-41.336286802296634]]}},{"type":"Feature","properties":{"average_dip":"(40,30,50)","average_rake":"(-90,-100,-80)","catalog_id":"NZ_399","catalog_name":"Litchfield_NZ_2013","dip_dir":"NW","name":"Uruti North","net_slip_rate":"(1.0,0.5,1.5)","slip_type":"Reverse"},"geometry":{"type":"LineString","coordinates":[[176.60501275343307,-41.121561197315515],[176.71187942768697,-41.11230080034725],[176.7647561675524,-41.08535397916223],[176.83321763074684,-41.01456558021621]]}},{"type":"Feature","properties":{"average_dip":"(40,30,50)","average_rake":"(-90,-100,-80)","catalog_id":"NZ_396","catalog_name":"Litchfield_NZ_2013","dip_dir":"NW","name":"Uruti East","net_slip_rate":"(1.0,0.5,1.5)","slip_type":"Reverse"},"geometry":{"type":"LineString","coordinates":[[176.77366172373826,-41.301875754264024],[176.87217943906597,-41.254848929780486],[176.95668877609623,-41.13453475751575],[177.0826254394293,-41.011072571070045]]}},{"type":"Feature","properties":{"average_dip":"(40,30,50)","average_rake":"(-90,-100,-80)","catalog_id":"NZ_395","catalog_name":"Litchfield_NZ_2013","dip_dir":"NW","name":"Porangahau West 1","net_slip_rate":"(1.0,0.5,1.5)","slip_type":"Reverse"},"geometry":{"type":"LineString","coordinates":[[177.24666923751641,-40.620749223670714],[177.1882369561224,-40.674596353047264],[177.1629884394697,-40.74486134738299],[177.1031133856947,-40.84025798297706],[177.07395561041406,-41.00671523250183]]}},{"type":"Feature","properties":{"average_dip":"(40,30,50)","average_rake":"(-90,-80,-70)","catalog_id":"NZ_390","catalog_name":"Litchfield_NZ_2013","dip_dir":"NW","name":"Madden","net_slip_rate":"(2.5,1.5,3.5)","slip_type":"Reverse"},"geometry":{"type":"LineString","coordinates":[[177.28538289465587,-40.23409043228991],[177.2749595099813,-40.363779590671896],[177.17813754946636,-40.43579821302487],[177.10960586140985,-40.558055644861604],[177.10888447521876,-40.62239825490379],[177.06560130381493,-40.692718694996074],[177.0136614981312,-40.72236272487174],[177.0172684290797,-40.84683196966125],[176.94082932914895,-40.91642145737723]]}},{"type":"Feature","properties":{"average_dip":"(40,30,50)","average_rake":"(-90,-100,-80)","catalog_id":"NZ_394","catalog_name":"Litchfield_NZ_2013","dip_dir":"NW","name":"Porangahau West 2","net_slip_rate":"(1.5,0.5,2.5)","slip_type":"Reverse"},"geometry":{"type":"LineString","coordinates":[[177.1449537847155,-40.92183840431017],[177.19977913515902,-40.86764525876466],[177.24739062370261,-40.7958663873807],[177.27552468511544,-40.72346039641662],[177.33323558031924,-40.657018431172716]]}},{"type":"Feature","properties":{"average_dip":"(40,30,50)","average_rake":"(-90,-100,-80)","catalog_id":"NZ_392","catalog_name":"Litchfield_NZ_2013","dip_dir":"NW","name":"Paoanui Ridge South","net_slip_rate":"(1.0,0.5,1.5)","slip_type":"Reverse"},"geometry":{"type":"LineString","coordinates":[[177.3349132470933,-40.60731605859907],[177.4185147777751,-40.58354478112596],[177.50211630845698,-40.5253451058363],[177.65472227716018,-40.387994740659316],[177.78742311950546,-40.295085220423125]]}},{"type":"Feature","properties":{"average_dip":"(40,30,50)","average_rake":"(-90,-100,-80)","catalog_id":"NZ_393","catalog_name":"Litchfield_NZ_2013","dip_dir":"NW","name":"Porangahau Ridge","net_slip_rate":"(1.0,0.5,1.5)","slip_type":"Reverse"},"geometry":{"type":"LineString","coordinates":[[177.48977129373785,-40.692653378192496],[177.64082650991898,-40.573813318799175],[177.71536230046914,-40.47083697144046],[177.87206578356032,-40.27078784541776],[177.86830822528435,-40.25913240488568]]}},{"type":"Feature","properties":{"average_dip":"(40,30,50)","average_rake":"(-90,-80,-70)","catalog_id":"NZ_391","catalog_name":"Litchfield_NZ_2013","dip_dir":"NW","name":"Omakere South","net_slip_rate":"(0.5,0.3,0.7)","slip_type":"Reverse"},"geometry":{"type":"LineString","coordinates":[[177.40852297518117,-40.52326546429347],[177.50636826593006,-40.43524699583535],[177.49987579022167,-40.386170442470934],[177.6064607354844,-40.28893230550206]]}},{"type":"Feature","properties":{"average_dip":"(40,30,50)","average_rake":"(-90,-80,-70)","catalog_id":"NZ_388","catalog_name":"Litchfield_NZ_2013","dip_dir":"NW","name":"Motuokura East","net_slip_rate":"(2.0,1.0,3.0)","slip_type":"Reverse"},"geometry":{"type":"LineString","coordinates":[[177.30101797166316,-40.24108008495541],[177.6701933998352,-39.976030602182774],[177.9953296096925,-39.79078118839403]]}},{"type":"Feature","properties":{"average_dip":"(40,30,50)","average_rake":"(-90,-80,-70)","catalog_id":"NZ_389","catalog_name":"Litchfield_NZ_2013","dip_dir":"NW","name":"Motuokura Ridge","net_slip_rate":"(1.5,1.0,2.0)","slip_type":"Reverse"},"geometry":{"type":"LineString","coordinates":[[177.2163279712073,-40.17914643310315],[177.30232089475038,-40.101148902931314],[177.4599745879104,-40.00903585405033],[177.5355441267809,-39.928835575796136]]}},{"type":"Feature","properties":{"average_dip":"(40,30,50)","average_rake":"(-90,-80,-70)","catalog_id":"NZ_387","catalog_name":"Litchfield_NZ_2013","dip_dir":"NW","name":"Omakere Ridge","net_slip_rate":"(1.0,0.5,1.5)","slip_type":"Reverse"},"geometry":{"type":"LineString","coordinates":[[178.0542459055732,-39.87698285067932],[177.92601560586684,-40.03141175696254],[177.6590105833509,-40.2473361616263]]}},{"type":"Feature","properties":{"average_dip":"(40,30,50)","average_rake":"(-90,-100,-80)","catalog_id":"NZ_383","catalog_name":"Litchfield_NZ_2013","dip_dir":"NW","name":"Ritchie West 2","net_slip_rate":"(1.5,0.5,2.5)","slip_type":"Reverse"},"geometry":{"type":"LineString","coordinates":[[178.06789087361756,-39.860818434564614],[178.13601468170242,-39.79704328142068],[178.18934786509743,-39.71240005356861],[178.2384863037314,-39.647111646676414],[178.2743015141828,-39.571803583182785]]}},{"type":"Feature","properties":{"average_dip":"(40,30,50)","average_rake":"(-90,-80,-70)","catalog_id":"NZ_380","catalog_name":"Litchfield_NZ_2013","dip_dir":"NW","name":"Kairakau South","net_slip_rate":"(3.0,2.0,4.0)","slip_type":"Reverse"},"geometry":{"type":"LineString","coordinates":[[176.79306104524062,-40.25637861885157],[176.91587444533062,-40.14409211054497],[177.01361005518896,-40.007194650351444]]}},{"type":"Feature","properties":{"average_dip":"(40,30,50)","average_rake":"(-90,-80,-70)","catalog_id":"NZ_381","catalog_name":"Litchfield_NZ_2013","dip_dir":"NW","name":"Kairakau 2","net_slip_rate":"(1.0,0.5,1.5)","slip_type":"Reverse"},"geometry":{"type":"LineString","coordinates":[[177.0212679451518,-40.025996174816925],[177.10983675383133,-39.98144336443485],[177.14408083243455,-39.920434717968305],[177.12788849061792,-39.88269157244809]]}},{"type":"Feature","properties":{"average_dip":"(40,30,50)","average_rake":"(-90,-100,-80)","catalog_id":"NZ_377","catalog_name":"Litchfield_NZ_2013","dip_dir":"NW","name":"Waimarama 1 & 2","net_slip_rate":"(1.0,0.5,1.5)","slip_type":"Reverse"},"geometry":{"type":"LineString","coordinates":[[177.03721965673955,-39.88576833393869],[177.07173145368483,-39.840640037721926],[177.0734014719049,-39.81780564854039],[177.1032180138541,-39.8023438310724]]}},{"type":"Feature","properties":{"average_dip":"(40,30,50)","average_rake":"(-90,-100,-80)","catalog_id":"NZ_378","catalog_name":"Litchfield_NZ_2013","dip_dir":"NW","name":"Waimarama 3 & 4","net_slip_rate":"(1.0,0.5,1.5)","slip_type":"Reverse"},"geometry":{"type":"LineString","coordinates":[[177.09204170651154,-39.88671099186209],[177.12282476884658,-39.84658427134674],[177.13299076925853,-39.80214392788413],[177.19268128014153,-39.7469490529096]]}},{"type":"Feature","properties":{"average_dip":"(40,30,50)","average_rake":"(-90,-80,-70)","catalog_id":"NZ_404","catalog_name":"Litchfield_NZ_2013","dip_dir":"NW","name":"Honeycomb","net_slip_rate":"(1.0,0.5,1.5)","slip_type":"Reverse"},"geometry":{"type":"LineString","coordinates":[[175.79196199127222,-41.54632178762084],[175.90755565001612,-41.45523829722121],[176.12938693956676,-41.351034213565]]}},{"type":"Feature","properties":{"average_dip":"(40,30,50)","average_rake":"(-90,-80,-70)","catalog_id":"NZ_382","catalog_name":"Litchfield_NZ_2013","dip_dir":"NW","name":"Motuokura North","net_slip_rate":"(1.0,0.5,1.5)","slip_type":"Reverse"},"geometry":{"type":"LineString","coordinates":[[177.58166938425762,-39.911601700342175],[177.69571312044687,-39.79223453356269],[177.91482938847915,-39.67017252154266]]}},{"type":"Feature","properties":{"average_dip":"(40,30,50)","average_rake":"(-90,-100,-80)","catalog_id":"NZ_384","catalog_name":"Litchfield_NZ_2013","dip_dir":"NW","name":"Ritchie West 1","net_slip_rate":"(1.0,0.5,1.5)","slip_type":"Reverse"},"geometry":{"type":"LineString","coordinates":[[178.3567205502869,-39.4072902227982],[178.33165320272852,-39.52134452361076],[178.2969043015833,-39.70635258739684],[178.17083852073893,-39.88339157700168],[178.0484281095033,-39.98239719734685],[177.8855235811355,-40.09952895763297]]}},{"type":"Feature","properties":{"average_dip":"(40,30,50)","average_rake":"(-90,-100,-80)","catalog_id":"NZ_385","catalog_name":"Litchfield_NZ_2013","dip_dir":"NW","name":"Ritchie Ridge","net_slip_rate":"(1.5,0.5,2.5)","slip_type":"Reverse"},"geometry":{"type":"LineString","coordinates":[[178.51336522280408,-39.2909103115447],[178.51010183848064,-39.39319187967623],[178.45138958968766,-39.44172973221502],[178.40872174614591,-39.52812406128003],[178.45426494758874,-39.65145449418282],[178.37719183741106,-39.75563811535978]]}},{"type":"Feature","properties":{"average_dip":"(40,30,50)","average_rake":"(-90,-100,-80)","catalog_id":"NZ_364","catalog_name":"Litchfield_NZ_2013","dip_dir":"NW","name":"Paritu Ridge","net_slip_rate":"(2.0,1.0,3.0)","slip_type":"Reverse"},"geometry":{"type":"LineString","coordinates":[[178.55453234712195,-39.14057867457394],[178.68842336195414,-39.049184460700694],[178.72163663694195,-38.98926869329132],[178.82542812128648,-38.93335518455718],[178.83476935487184,-38.885509809615534]]}},{"type":"Feature","properties":{"average_dip":"(40,30,50)","average_rake":"(-90,-100,-80)","catalog_id":"NZ_365","catalog_name":"Litchfield_NZ_2013","dip_dir":"NW","name":"Paritu West","net_slip_rate":"(1.0,0.5,1.5)","slip_type":"Reverse"},"geometry":{"type":"LineString","coordinates":[[178.48810579895394,-39.14219518174642],[178.55141860444851,-39.11713489931393],[178.62876721147748,-39.03529189261299],[178.62886105525786,-39.034852327875974]]}},{"type":"Feature","properties":{"average_dip":"(40,30,50)","average_rake":"(-90,-80,-70)","catalog_id":"NZ_366","catalog_name":"Litchfield_NZ_2013","dip_dir":"NW","name":"Lachlan 3","net_slip_rate":"(4.5,2.5,6.5)","slip_type":"Reverse"},"geometry":{"type":"LineString","coordinates":[[177.92297035745287,-39.44440146810204],[177.98458090038338,-39.355796506833315],[177.9805737105774,-39.277979470691214],[178.0046168492614,-39.164599901431885],[178.05212986717308,-39.10032924607316],[178.0732517651942,-39.049908379553266],[178.1524588827969,-38.959265460970286],[178.20658374648616,-38.87882502152715]]}},{"type":"Feature","properties":{"average_dip":"(40,30,50)","average_rake":"(-90,-80,-70)","catalog_id":"NZ_368","catalog_name":"Litchfield_NZ_2013","dip_dir":"NW","name":"Mahia 2","net_slip_rate":"(0.4,0.2,0.6)","slip_type":"Reverse"},"geometry":{"type":"LineString","coordinates":[[178.06125014434824,-39.15192525003685],[178.05043630344775,-39.235449970066334],[178.05924758120548,-39.32976218924246]]}},{"type":"Feature","properties":{"average_dip":"(40,30,50)","average_rake":"(-76,-83,-67)","catalog_id":"NZ_328","catalog_name":"Litchfield_NZ_2013","dip_dir":"NW","name":"Napier 1931","net_slip_rate":"(2.0,1.0,3.0)","slip_type":"Reverse"},"geometry":{"type":"LineString","coordinates":[[177.3645050000878,-39.10593999898966],[177.30620000008147,-39.20498299905466],[177.14200000006838,-39.31669999850815],[176.78666671254214,-39.67666666732092],[176.76450726820906,-39.691001440608574],[176.71000000003767,-39.74999999898315],[176.70999998141298,-39.74999997099591]]}},{"type":"Feature","properties":{"average_dip":"(40,30,50)","average_rake":"(-90,-80,-70)","catalog_id":"NZ_375","catalog_name":"Litchfield_NZ_2013","dip_dir":"NW","name":"Hawke Bay 8","net_slip_rate":"(0.6,0.2,1.0)","slip_type":"Reverse"},"geometry":{"type":"LineString","coordinates":[[177.00685476716862,-39.604736982804255],[177.01044550905362,-39.588149174330496],[177.0392658534312,-39.55304463686539]]}},{"type":"Feature","properties":{"average_dip":"(40,30,50)","average_rake":"(-90,-80,-70)","catalog_id":"NZ_374","catalog_name":"Litchfield_NZ_2013","dip_dir":"NW","name":"Hawke Bay 2","net_slip_rate":"(0.8,0.3,1.3)","slip_type":"Reverse"},"geometry":{"type":"LineString","coordinates":[[177.00297114627116,-39.54481686289918],[177.0202037452184,-39.51509198593296],[177.1274834793565,-39.422687675250124],[177.1834946704196,-39.389167421285606],[177.2139007455685,-39.35500972889725],[177.27951385509945,-39.323942665822564]]}},{"type":"Feature","properties":{"average_dip":"(40,30,50)","average_rake":"(-90,-80,-70)","catalog_id":"NZ_373","catalog_name":"Litchfield_NZ_2013","dip_dir":"NW","name":"Hawke Bay 1","net_slip_rate":"(0.5,0.2,0.8)","slip_type":"Reverse"},"geometry":{"type":"LineString","coordinates":[[176.95421761288918,-39.43441369685667],[176.9770534233604,-39.39972184536485],[176.99465694055158,-39.38916742121055],[177.04986797174317,-39.29783557799414]]}},{"type":"Feature","properties":{"average_dip":"(40,30,50)","average_rake":"(-90,-80,-70)","catalog_id":"NZ_367","catalog_name":"Litchfield_NZ_2013","dip_dir":"NW","name":"Lachlan 1 & 2","net_slip_rate":"(2.5,1.5,3.5)","slip_type":"Reverse"},"geometry":{"type":"LineString","coordinates":[[177.56128129894282,-39.678063245360754],[177.64658099956551,-39.63780500265532],[177.74365699955416,-39.55948100260185],[177.82108099954513,-39.51982300254567],[177.87338138495122,-39.47856951501756],[177.91101099953002,-39.42612300248853]]}},{"type":"Feature","properties":{"average_dip":"(40,30,50)","average_rake":"(-90,-80,-70)","catalog_id":"NZ_372","catalog_name":"Litchfield_NZ_2013","dip_dir":"NW","name":"Hawke Bay 4","net_slip_rate":"(0.3,0.1,0.4)","slip_type":"Reverse"},"geometry":{"type":"LineString","coordinates":[[177.42387000008947,-39.17940999879399],[177.44825200009163,-39.15630399876835],[177.47369400009447,-39.108417998731],[177.5001960000969,-39.077851998699764]]}},{"type":"Feature","properties":{"average_dip":"(40,30,50)","average_rake":"(-90,-80,-70)","catalog_id":"NZ_371","catalog_name":"Litchfield_NZ_2013","dip_dir":"NW","name":"Hawke Bay 5 & 11","net_slip_rate":"(0.3,0.2,0.4)","slip_type":"Reverse"},"geometry":{"type":"LineString","coordinates":[[177.55532099897096,-39.144749007793706],[177.51609799898057,-39.18518600775868],[177.50183755744615,-39.19239304655149],[177.48883036597147,-39.2151632692296],[177.48720446704485,-39.26068138912093]]}},{"type":"Feature","properties":{"average_dip":"(40,30,50)","average_rake":"(-90,-80,-70)","catalog_id":"NZ_370","catalog_name":"Litchfield_NZ_2013","dip_dir":"NW","name":"Hawke Bay 6 & 12","net_slip_rate":"(0.1,0.1,0.2)","slip_type":"Reverse"},"geometry":{"type":"LineString","coordinates":[[177.54809699954097,-39.23767200302359],[177.55650699953858,-39.206054003030474],[177.62316699953564,-39.18106100299385],[177.62759499953432,-39.16153700299837]]}},{"type":"Feature","properties":{"average_dip":"(40,30,50)","average_rake":"(-90,-80,-70)","catalog_id":"NZ_369","catalog_name":"Litchfield_NZ_2013","dip_dir":"NW","name":"Hawke Bay 7","net_slip_rate":"(0.1,0.1,0.2)","slip_type":"Reverse"},"geometry":{"type":"LineString","coordinates":[[177.6955410001031,-39.121931998566716],[177.6804870000998,-39.18782199860673],[177.6962014099608,-39.20706640954042],[177.69635500009824,-39.23023699861037]]}},{"type":"Feature","properties":{"average_dip":"(40,30,50)","average_rake":"(-90,-80,-70)","catalog_id":"NZ_376","catalog_name":"Litchfield_NZ_2013","dip_dir":"NW","name":"Kidnappers Ridge","net_slip_rate":"(1.5,1.0,2.0)","slip_type":"Reverse"},"geometry":{"type":"LineString","coordinates":[[177.12721479448746,-39.72213431487446],[177.29538479848352,-39.663461087220604],[177.47716306209614,-39.51630223117226],[177.63048276426983,-39.394029677246905]]}},{"type":"Feature","properties":{"average_dip":"(90,80,90)","average_rake":"(-90,-100,-80)","catalog_id":"NZ_398","catalog_name":"Litchfield_NZ_2013","dip_dir":"NW","name":"Uruti Basin","net_slip_rate":"(4.0,2.5,5.5)","slip_type":"Dextral"},"geometry":{"type":"LineString","coordinates":[[176.17385551877305,-41.3056370659229],[176.20000000001266,-41.30000000013977],[176.75326592281402,-41.274768200325184]]}},{"type":"Feature","properties":{"average_dip":"(40,30,50)","average_rake":"(-90,-100,-80)","catalog_id":"NZ_386","catalog_name":"Litchfield_NZ_2013","dip_dir":"NW","name":"Paoanui Ridge North","net_slip_rate":"(1.0,0.5,1.5)","slip_type":"Reverse"},"geometry":{"type":"LineString","coordinates":[[177.86315835748624,-40.24315111192356],[177.9454824806875,-40.162713997928506],[177.98452763626312,-40.154412321904815],[178.16560373439265,-39.98600602785434],[178.21253564696673,-39.92712688396857],[178.2107839853719,-39.92712688397109],[178.3404069433853,-39.77996986504669]]}},{"type":"Feature","properties":{"average_dip":"(40,30,50)","average_rake":"(-90,-100,-80)","catalog_id":"NZ_397","catalog_name":"Litchfield_NZ_2013","dip_dir":"NW","name":"Uruti Ridge 2","net_slip_rate":"(2.0,1.0,3.0)","slip_type":"Reverse"},"geometry":{"type":"LineString","coordinates":[[176.75326592281402,-41.274768200325184],[176.918036156658,-41.13762961311187]]}},{"type":"Feature","properties":{"average_dip":"(40,30,50)","average_rake":"(-90,-80,-70)","catalog_id":"NZ_401","catalog_name":"Litchfield_NZ_2013","dip_dir":"NW","name":"Mataikona","net_slip_rate":"(4.0,3.0,5.0)","slip_type":"Reverse"},"geometry":{"type":"LineString","coordinates":[[176.58069313713068,-40.57056464299982],[176.45506899275253,-40.653268660683636],[176.35263783347523,-40.77004160126978],[176.23215589259496,-40.91719192271416]]}},{"type":"Feature","properties":{"average_dip":"(40,30,50)","average_rake":"(-90,-100,-80)","catalog_id":"NZ_402","catalog_name":"Litchfield_NZ_2013","dip_dir":"NW","name":"Riversdale","net_slip_rate":"(4.0,3.0,5.0)","slip_type":"Reverse"},"geometry":{"type":"LineString","coordinates":[[176.0279464947943,-41.24546112523618],[176.1529031746746,-41.17616981532854],[176.1676118484291,-41.151781380715406],[176.2081335626413,-41.05214299685874],[176.23141291054762,-40.92554880780466]]}},{"type":"Feature","properties":{"average_dip":"(40,30,50)","average_rake":"(-90,-100,-80)","catalog_id":"NZ_362","catalog_name":"Litchfield_NZ_2013","dip_dir":"NW","name":"Ariel East","net_slip_rate":"(1.6,0.7,3.0)","slip_type":"Reverse"},"geometry":{"type":"LineString","coordinates":[[178.24882754444002,-38.907711638921846],[178.31615359443177,-38.851991101383184],[178.36235774638763,-38.7941603237017]]}},{"type":"Feature","properties":{"average_dip":"(40,30,50)","average_rake":"(-90,-100,-80)","catalog_id":"NZ_358","catalog_name":"Litchfield_NZ_2013","dip_dir":"NW","name":"Ariel Bank","net_slip_rate":"(6.1,4.4,8.8)","slip_type":"Reverse"},"geometry":{"type":"LineString","coordinates":[[178.28447074738116,-38.842700062837544],[178.3583973905103,-38.76212649830075],[178.3980009493318,-38.69180795411163],[178.44420510128504,-38.64109399428857],[178.44156486404447,-38.54370465123359],[178.5260524561887,-38.431646149372014],[178.61000954903798,-38.3579736987099]]}},{"type":"Feature","properties":{"average_dip":"(40,30,50)","average_rake":"(-90,-100,-80)","catalog_id":"NZ_359","catalog_name":"Litchfield_NZ_2013","dip_dir":"NW","name":"Ariel North","net_slip_rate":"(0.9,0.4,1.8)","slip_type":"Reverse"},"geometry":{"type":"LineString","coordinates":[[178.38876011895545,-38.58827162416383],[178.39404059346984,-38.542667878537344],[178.4442051013078,-38.47628308336639],[178.51021103266658,-38.42230001196157]]}},{"type":"Feature","properties":{"average_dip":"(40,30,50)","average_rake":"(-90,-80,-70)","catalog_id":"NZ_360","catalog_name":"Litchfield_NZ_2013","dip_dir":"NW","name":"Gable End","net_slip_rate":"(3.8,2.4,5.6)","slip_type":"Reverse"},"geometry":{"type":"LineString","coordinates":[[178.4336441509108,-38.4181457926737],[178.26466896667137,-38.58930774449802],[178.23694647550926,-38.6473058231659],[178.1299276695132,-38.707227558877],[178.08117247751525,-38.73835010429429]]}},{"type":"Feature","properties":{"average_dip":"(40,30,50)","average_rake":"(-90,-100,-80)","catalog_id":"NZ_361","catalog_name":"Litchfield_NZ_2013","dip_dir":"NW","name":"Poverty Bay","net_slip_rate":"(2.3,0.7,5.0)","slip_type":"Reverse"},"geometry":{"type":"LineString","coordinates":[[178.13661746113638,-38.761092908379034],[178.12737663073543,-38.87056950854129]]}},{"type":"Feature","properties":{"average_dip":"(90,80,90)","average_rake":"(0,-10,10)","catalog_id":"NZ_407","catalog_name":"Litchfield_NZ_2013","name":"BooBoo","net_slip_rate":"(10.0,8.0,12.0)","slip_type":"Dextral"},"geometry":{"type":"LineString","coordinates":[[175.52684230720718,-41.68318498734725],[175.33805896916908,-41.66944051938008],[174.95970006452478,-41.676007179190044],[174.70570913316686,-41.72195489886993],[174.4617660264831,-41.7069818268363]]}},{"type":"Feature","properties":{"average_dip":"(40,30,50)","average_rake":"(-90,-100,-80)","catalog_id":"NZ_363","catalog_name":"Litchfield_NZ_2013","dip_dir":"NW","name":"Tuaheni Ridge","net_slip_rate":"(1.0,0.5,1.5)","slip_type":"Reverse"},"geometry":{"type":"LineString","coordinates":[[178.6377808891534,-38.968039550994625],[178.66078281906138,-38.89018372249401],[178.64800396912455,-38.86920782098611],[178.67483955400917,-38.82223913936512]]}},{"type":"Feature","properties":{"average_dip":"(40,30,50)","average_rake":"(-90,-100,-80)","catalog_id":"NZ_357","catalog_name":"Litchfield_NZ_2013","dip_dir":"NW","name":"Ruatoria South 1","net_slip_rate":"(1.5,0.5,2.5)","slip_type":"Reverse"},"geometry":{"type":"LineString","coordinates":[[179.1374339210938,-38.121031384396936],[179.10037525628954,-38.16039181637008],[179.04287043158854,-38.21687191105884],[179.0096454217544,-38.27028560454479],[178.97258675693578,-38.34077133138198],[178.9342502071305,-38.356872656724725],[178.90869250724674,-38.44838028626103],[178.87291172741547,-38.532745163108814],[178.83840883257895,-38.599964779199524],[178.80390593774464,-38.638061158491425],[178.78729343281952,-38.696168924024576]]}},{"type":"Feature","properties":{"average_dip":"(40,30,50)","average_rake":"(-90,-100,-80)","catalog_id":"NZ_356","catalog_name":"Litchfield_NZ_2013","dip_dir":"NW","name":"Ruatoria South 2","net_slip_rate":"(1.5,0.5,2.5)","slip_type":"Reverse"},"geometry":{"type":"LineString","coordinates":[[178.86907807245345,-38.391075987709534],[178.87291172743812,-38.36290972328408],[178.89208000234532,-38.34379060498941],[178.92147135720114,-38.31862611644961],[178.94575117208373,-38.28035922218029],[178.96875310197305,-38.23602476649541],[178.97386464195668,-38.176533492347],[179.04414831659486,-38.14929232394246],[179.08504063638642,-38.09679894044762]]}},{"type":"Feature","properties":{"average_dip":"(40,30,50)","average_rake":"(-90,-80,-70)","catalog_id":"NZ_355","catalog_name":"Litchfield_NZ_2013","dip_dir":"NW","name":"Houtunui","net_slip_rate":"(1.0,0.5,1.5)","slip_type":"Reverse"},"geometry":{"type":"LineString","coordinates":[[178.40265004958457,-38.118171033305195],[178.6394847352299,-38.05622512212325],[178.81668478775802,-37.971300304087016]]}},{"type":"Feature","properties":{"average_dip":"(40,30,50)","average_rake":"(-90,-100,-80)","catalog_id":"NZ_405","catalog_name":"Litchfield_NZ_2013","dip_dir":"N","name":"Opouawe - Uruti","net_slip_rate":"(1.5,0.5,2.5)","slip_type":"Reverse"},"geometry":{"type":"LineString","coordinates":[[175.11700000000087,-41.80000000043332],[175.5149767903226,-41.72589173594247],[175.91785895730794,-41.576121121189296],[176.07901182410293,-41.56296661300325],[176.65655575180617,-41.29085091304928]]}},{"type":"Feature","properties":{"average_dip":"(40,30,50)","average_rake":"(-90,-80,-70)","catalog_id":"NZ_379","catalog_name":"Litchfield_NZ_2013","dip_dir":"NW","name":"Kairakau North","net_slip_rate":"(1.0,0.5,1.5)","slip_type":"Reverse"},"geometry":{"type":"LineString","coordinates":[[177.01361005518896,-40.00719465025719],[177.10595934437933,-39.91742214849965],[177.15615983735694,-39.82081479400279]]}},{"type":"Feature","properties":{"average_dip":"(60,45,70)","average_rake":"(-80,-100,-60)","catalog_id":"NZ_513","catalog_name":"Litchfield_NZ_2013","dip_dir":"W","name":"Potts Range","net_slip_rate":"(0.0,0.0,0.0)","slip_type":"Reverse-Dextral"},"geometry":{"type":"LineString","coordinates":[[170.91414283065345,-43.35337693593661],[170.8375107165982,-43.71822660736803]]}},{"type":"Feature","properties":{"average_dip":"(70,55,80)","average_rake":"(-90,-110,-70)","catalog_id":"NZ_505","catalog_name":"Litchfield_NZ_2013","dip_dir":"W","name":"North Branch","net_slip_rate":"(0.0,0.0,0.0)","slip_type":"Reverse"},"geometry":{"type":"LineString","coordinates":[[171.37619160859649,-43.33895536330497],[171.3740673263973,-43.467553238082],[171.45556101629782,-43.60683062394735]]}},{"type":"Feature","properties":{"average_dip":"(70,55,80)","average_rake":"(-80,-100,-60)","catalog_id":"NZ_523","catalog_name":"Litchfield_NZ_2013","dip_dir":"NW","name":"Lilybank","net_slip_rate":"(0.0,0.0,0.0)","slip_type":"Reverse-Dextral"},"geometry":{"type":"LineString","coordinates":[[170.64043938192,-43.560563470114026],[170.56638203049968,-43.707677158968686],[170.3827246205698,-43.82275947799765]]}},{"type":"Feature","properties":{"average_dip":"(70,55,80)","average_rake":"(-70,-80,-60)","catalog_id":"NZ_532","catalog_name":"Litchfield_NZ_2013","dip_dir":"W","name":"Dingle Burn","net_slip_rate":"(0.0,0.0,0.0)","slip_type":"Reverse-Dextral"},"geometry":{"type":"LineString","coordinates":[[169.69886764390424,-44.11111374634326],[169.59004187515674,-44.22900290329558],[169.486637460491,-44.400990965817286]]}},{"type":"Feature","properties":{"average_dip":"(85,75,90)","average_rake":"(20,10,30)","catalog_id":"NZ_626","catalog_name":"Litchfield_NZ_2013","dip_dir":"S","name":"Greendale","net_slip_rate":"(0.2,0.05,0.4)","slip_type":"Dextral-Reverse"},"geometry":{"type":"LineString","coordinates":[[172.0293002535266,-43.57618624004499],[172.04502505270563,-43.58816157137354],[172.0734935398014,-43.59768766219842],[172.21384870324266,-43.59717967311135],[172.27895849936846,-43.58732648602676],[172.33887470346136,-43.58011765805349],[172.37552219410588,-43.57554675402409]]}},{"type":"Feature","properties":{"average_dip":"(80,70,90)","average_rake":"(5,0,10)","catalog_id":"NZ_623","catalog_name":"Litchfield_NZ_2013","dip_dir":"SE","name":"Alpine Resolution","net_slip_rate":"(31.4,27.9,33.5)","slip_type":"Dextral"},"geometry":{"type":"LineString","coordinates":[[165.7246898799436,-45.91377991535524],[166.20000000914652,-45.58333329481932],[166.3416667073886,-45.508333295782336],[166.95833330265035,-45.01666669880703]]}},{"type":"Feature","properties":{"average_dip":"(60,50,70)","average_rake":"(90,80,100)","catalog_id":"NZ_612","catalog_name":"Litchfield_NZ_2013","dip_dir":"SE","name":"Caswell High 1","net_slip_rate":"(0.7,0.3,1.1)","slip_type":"Normal"},"geometry":{"type":"LineString","coordinates":[[165.40000002749397,-45.8833332849829],[165.66666671903505,-45.59999998806885],[165.90000001353252,-45.299999990340595]]}},{"type":"Feature","properties":{"average_dip":"(60,50,70)","average_rake":"(90,80,100)","catalog_id":"NZ_613","catalog_name":"Litchfield_NZ_2013","dip_dir":"SE","name":"Caswell 211","net_slip_rate":"(0.7,0.3,1.1)","slip_type":"Normal"},"geometry":{"type":"LineString","coordinates":[[165.70000001838494,-45.69999998880043],[165.80000001594792,-45.59999998979908],[165.85000001472176,-45.46666669029454]]}},{"type":"Feature","properties":{"average_dip":"(60,50,70)","average_rake":"(90,80,100)","catalog_id":"NZ_611","catalog_name":"Litchfield_NZ_2013","dip_dir":"SE","name":"Caswell High 3","net_slip_rate":"(0.7,0.3,1.1)","slip_type":"Normal"},"geometry":{"type":"LineString","coordinates":[[165.86666671434668,-45.433333290450925],[166.00000008445343,-45.30000020127697],[166.0000000856733,-45.233333457692964]]}},{"type":"Feature","properties":{"average_dip":"(60,50,70)","average_rake":"(90,80,100)","catalog_id":"NZ_610","catalog_name":"Litchfield_NZ_2013","dip_dir":"SE","name":"Caswell High 4","net_slip_rate":"(0.7,0.3,1.1)","slip_type":"Normal"},"geometry":{"type":"LineString","coordinates":[[165.8666667143006,-45.39999999132644],[165.96667114700784,-45.24893640628773],[166.2000000086189,-45.01666669393936]]}},{"type":"Feature","properties":{"average_dip":"(65,55,75)","average_rake":"(90,80,100)","catalog_id":"NZ_609","catalog_name":"Litchfield_NZ_2013","dip_dir":"SE","name":"Caswell High 5","net_slip_rate":"(0.5,0.1,0.9)","slip_type":"Normal"},"geometry":{"type":"LineString","coordinates":[[166.06666671061134,-45.18333329340298],[166.4666667057271,-44.899999996000304]]}},{"type":"Feature","properties":{"average_dip":"(60,50,70)","average_rake":"(-90,-100,-80)","catalog_id":"NZ_607","catalog_name":"Litchfield_NZ_2013","dip_dir":"SE","name":"Caswell High 10","net_slip_rate":"(0.8,0.3,1.3)","slip_type":"Reverse"},"geometry":{"type":"LineString","coordinates":[[166.78333330338603,-44.68333329639662],[167.01666670223207,-44.49999999731868]]}},{"type":"Feature","properties":{"average_dip":"(60,50,70)","average_rake":"(90,80,100)","catalog_id":"NZ_608","catalog_name":"Litchfield_NZ_2013","dip_dir":"SE","name":"Caswell High 67","net_slip_rate":"(0.8,0.3,1.3)","slip_type":"Normal"},"geometry":{"type":"LineString","coordinates":[[166.30000000742098,-44.9833332937951],[166.38333330652014,-44.93333329431757],[166.51666670523193,-44.78333329508116],[166.66666670408588,-44.68333329585017],[166.7000000038658,-44.66666669600927]]}},{"type":"Feature","properties":{"average_dip":"(60,50,70)","average_rake":"(90,80,100)","catalog_id":"NZ_605","catalog_name":"Litchfield_NZ_2013","dip_dir":"SE","name":"Caswell High 8","net_slip_rate":"(0.7,0.3,1.1)","slip_type":"Normal"},"geometry":{"type":"LineString","coordinates":[[166.58333330459237,-44.56666669505327],[166.71666670370678,-44.54999999571118],[166.80000000321476,-44.49999999608766],[166.9833333023406,-44.43333329683238]]}},{"type":"Feature","properties":{"average_dip":"(60,50,70)","average_rake":"(-90,-100,-80)","catalog_id":"NZ_606","catalog_name":"Litchfield_NZ_2013","dip_dir":"SE","name":"Caswell High 9","net_slip_rate":"(0.8,0.3,1.3)","slip_type":"Reverse"},"geometry":{"type":"LineString","coordinates":[[166.7000000038658,-44.66666669600927],[166.88333330281276,-44.53333329680382]]}},{"type":"Feature","properties":{"average_dip":"(70,50,90)","average_rake":"(-10,-60,10)","catalog_id":"NZ_615","catalog_name":"Litchfield_NZ_2013","dip_dir":"E","name":"Central Balleny","net_slip_rate":"(2.0,0.0,10.0)","slip_type":"Dextral-Reverse"},"geometry":{"type":"LineString","coordinates":[[165.79388662119453,-47.127532977568045],[165.80835028518143,-46.80633582867481],[165.83333331677673,-46.66666668966008],[165.86459791046673,-46.538223028384614]]}},{"type":"Feature","properties":{"average_dip":"(25,15,35)","average_rake":"(-90,-100,-80)","catalog_id":"NZ_600","catalog_name":"Litchfield_NZ_2013","dip_dir":"SE","name":"Central Wedge 4 - South Wedge 411","net_slip_rate":"(3.0,1.5,4.5)","slip_type":"Reverse-Dextral"},"geometry":{"type":"LineString","coordinates":[[166.20000000883624,-45.249999993111366],[166.4333333061175,-45.03333329461975],[166.6333333044073,-44.86666669570326]]}},{"type":"Feature","properties":{"average_dip":"(25,15,35)","average_rake":"(-90,-100,-80)","catalog_id":"NZ_597","catalog_name":"Litchfield_NZ_2013","dip_dir":"SE","name":"Central Wedge 1 & 2 & 3","net_slip_rate":"(0.4,0.2,0.6)","slip_type":"Reverse"},"geometry":{"type":"LineString","coordinates":[[166.616666704552,-44.91666669522373],[166.66666670418138,-44.866666695475395],[166.76666670347905,-44.6833332959455]]}},{"type":"Feature","properties":{"average_dip":"(25,15,35)","average_rake":"(-90,-100,-80)","catalog_id":"NZ_596","catalog_name":"Litchfield_NZ_2013","dip_dir":"SE","name":"George R1","net_slip_rate":"(1.5,0.5,2.5)","slip_type":"Reverse"},"geometry":{"type":"LineString","coordinates":[[166.76666670358588,-44.91666669674841],[166.81666670322062,-44.71666669692795],[167.01666670224836,-44.549999997689746]]}},{"type":"Feature","properties":{"average_dip":"(60,50,70)","average_rake":"(-90,-100,-80)","catalog_id":"NZ_595","catalog_name":"Litchfield_NZ_2013","dip_dir":"SE","name":"Milford Basin 5 to George R2","net_slip_rate":"(0.4,0.2,0.6)","slip_type":"Reverse"},"geometry":{"type":"LineString","coordinates":[[167.05000000213815,-44.59999999709131],[167.05000000212766,-44.56666669708878],[167.1166667018792,-44.51666669731847],[167.13333330181047,-44.4666666973704],[167.28333330136874,-44.41666669783808],[167.35000000119496,-44.34999999802161]]}},{"type":"Feature","properties":{"average_dip":"(80,70,90)","average_rake":"(5,0,10)","catalog_id":"NZ_622","catalog_name":"Litchfield_NZ_2013","dip_dir":"SE","name":"Alpine Caswell to Milford","net_slip_rate":"(27.2,24.2,29.0)","slip_type":"Dextral"},"geometry":{"type":"LineString","coordinates":[[166.9823024450537,-45.02401418105934],[167.16364187747791,-44.90028083011455],[167.3998116627672,-44.76512698523839],[167.55044972957535,-44.68240257016381],[167.70842480573208,-44.59904470672463],[167.82322348474955,-44.53721331041351]]}},{"type":"Feature","properties":{"average_dip":"(60,40,70)","average_rake":"(-90,-120,-60)","catalog_id":"NZ_583","catalog_name":"Litchfield_NZ_2013","dip_dir":"SE","name":"Solander","net_slip_rate":"(0.1,0.05,0.15)","slip_type":"Reverse"},"geometry":{"type":"LineString","coordinates":[[166.87806263233807,-46.62748434655415],[167.16273886050294,-46.30431989086463]]}},{"type":"Feature","properties":{"average_dip":"(25,15,35)","average_rake":"(-90,-100,-80)","catalog_id":"NZ_599","catalog_name":"Litchfield_NZ_2013","dip_dir":"SE","name":"South Wedge 1","net_slip_rate":"(0.5,0.1,0.9)","slip_type":"Reverse-Dextral"},"geometry":{"type":"LineString","coordinates":[[166.45000000618225,-45.34999999428157],[166.7000000040985,-45.13333329563537]]}},{"type":"Feature","properties":{"average_dip":"(25,15,35)","average_rake":"(-90,-100,-80)","catalog_id":"NZ_598","catalog_name":"Litchfield_NZ_2013","dip_dir":"SE","name":"South Wedge 2","net_slip_rate":"(3.0,1.0,5.0)","slip_type":"Reverse-Dextral"},"geometry":{"type":"LineString","coordinates":[[166.41666670645157,-45.28333329494608],[166.51666670546294,-45.149999995518044],[166.73333330379143,-44.933333296597176]]}},{"type":"Feature","properties":{"average_dip":"(25,15,35)","average_rake":"(-90,-100,-80)","catalog_id":"NZ_601","catalog_name":"Litchfield_NZ_2013","dip_dir":"SE","name":"South Wedge 3","net_slip_rate":"(3.0,1.5,4.5)","slip_type":"Reverse-Dextral"},"geometry":{"type":"LineString","coordinates":[[166.26666670805122,-45.28333329484871],[166.3000000075998,-45.199999995057674],[166.4833333057149,-45.09999999615511]]}},{"type":"Feature","properties":{"average_dip":"(25,15,35)","average_rake":"(-90,-100,-80)","catalog_id":"NZ_602","catalog_name":"Litchfield_NZ_2013","dip_dir":"SE","name":"South Wedge 5","net_slip_rate":"(3.0,1.5,4.5)","slip_type":"Reverse-Dextral"},"geometry":{"type":"LineString","coordinates":[[166.31666670736195,-45.13333329431851],[166.13333330972162,-45.24999999305885],[166.0000000775813,-45.50000033900522],[166.0166667118078,-45.54999999212466],[165.93334223500344,-45.69947417700174]]}},{"type":"Feature","properties":{"average_dip":"(25,15,35)","average_rake":"(-90,-100,-80)","catalog_id":"NZ_603","catalog_name":"Litchfield_NZ_2013","dip_dir":"SE","name":"South Wedge 6 to 10","net_slip_rate":"(3.0,1.5,4.5)","slip_type":"Reverse-Dextral"},"geometry":{"type":"LineString","coordinates":[[166.0166667118078,-45.54999999212466],[166.25000000821947,-45.24999999388139]]}},{"type":"Feature","properties":{"average_dip":"(50,40,60)","average_rake":"(-13,-33,-3)","catalog_id":"NZ_620","catalog_name":"Litchfield_NZ_2013","dip_dir":"SE","name":"Alpine Jacksons to Kaniere","net_slip_rate":"(27.0,22.0,32.0)","slip_type":"Dextral-Reverse"},"geometry":{"type":"LineString","coordinates":[[168.7086476564761,-44.06268111319037],[169.0844469057034,-43.901914092787166],[169.3570607286394,-43.776120719512924],[169.66558790522953,-43.63695783698641],[170.05002869450087,-43.45365438401157],[170.4862146292565,-43.22571671719873],[170.75606772033774,-43.09581730822659],[171.1499999999998,-42.89333330198593]]}},{"type":"Feature","properties":{"average_dip":"(20,10,30)","average_rake":"(-65,-90,-40)","catalog_id":"NZ_624","catalog_name":"Litchfield_NZ_2013","dip_dir":"E","name":"Puysegur","net_slip_rate":"(27.0,20.0,38.0)","slip_type":"Reverse-Dextral"},"geometry":{"type":"LineString","coordinates":[[165.31659158360625,-46.13825098406918],[165.200515781907,-46.320069807841044],[165.14261386434706,-46.51624360251781],[165.07506540981575,-46.66962546293742],[164.97221232062,-46.85215293356564],[164.90825304627916,-47.079391578779095],[164.7993132486447,-47.29294737745356],[164.7016472258175,-47.52825314455738],[164.55182549844798,-47.7913482918005],[164.47966904273937,-48.04933170349201],[164.43236071834332,-48.24590521410936],[164.36384636785607,-48.472489091254964],[164.29806150009003,-48.67818191822058],[164.23865999281574,-48.84221187358612],[164.0908051593087,-49.05223876069605],[163.92856146282097,-49.334660617700145],[163.7084638783102,-49.65444560436698],[163.55303062011257,-49.78949597849539]]}},{"type":"Feature","properties":{"average_dip":"(85,70,90)","average_rake":"(0,-10,10)","catalog_id":"NZ_617","catalog_name":"Litchfield_NZ_2013","dip_dir":"E","name":"Puysegur Ridge","net_slip_rate":"(14.0,0.0,28.0)","slip_type":"Dextral"},"geometry":{"type":"LineString","coordinates":[[165.47245500368933,-47.317474888671576],[165.3666777729366,-47.680262568138055],[165.1834989815004,-48.06613547173263],[164.9951311898596,-48.37981944649094],[164.76789131369233,-48.72212978523849],[164.50352477516472,-48.97720121355764],[164.35799890593594,-49.177229067001235],[164.18800310563526,-49.41738311131735],[164.1145835729555,-49.55929926975155],[163.92941052604107,-49.776909558683876]]}},{"type":"Feature","properties":{"average_dip":"(50,30,70)","average_rake":"(-90,-120,-60)","catalog_id":"NZ_585","catalog_name":"Litchfield_NZ_2013","dip_dir":"NE","name":"Tauru","net_slip_rate":"(0.2,0.1,0.3)","slip_type":"Reverse"},"geometry":{"type":"LineString","coordinates":[[166.38835007409335,-47.417913025618425],[166.31967123987928,-47.297621039113125],[166.22180894449755,-47.17893483203773],[166.13969850095953,-47.054402694305956]]}},{"type":"Feature","properties":{"average_dip":"(80,70,90)","average_rake":"(90,80,100)","catalog_id":"NZ_592","catalog_name":"Litchfield_NZ_2013","dip_dir":"SE","name":"Five Fingers","net_slip_rate":"(0.3,0.1,0.5)","slip_type":"Normal"},"geometry":{"type":"LineString","coordinates":[[166.5532441599214,-45.673398976847444],[166.41289976307812,-45.7786878948782],[166.23810362151258,-45.88848872280893]]}},{"type":"Feature","properties":{"average_dip":"(70,50,90)","average_rake":"(-60,-90,-30)","catalog_id":"NZ_581","catalog_name":"Litchfield_NZ_2013","dip_dir":"W","name":"Hauroko North","net_slip_rate":"(1.2,0.8,1.6)","slip_type":"Reverse-Dextral"},"geometry":{"type":"LineString","coordinates":[[167.2996020340113,-46.04164535703409],[167.39983012521375,-45.89682362550328],[167.55478340720884,-45.74446296899898],[167.704355511147,-45.6051428404514]]}},{"type":"Feature","properties":{"average_dip":"(25,15,35)","average_rake":"(-90,-100,-80)","catalog_id":"NZ_604","catalog_name":"Litchfield_NZ_2013","dip_dir":"SE","name":"Etron","net_slip_rate":"(0.0,0.0,0.0)","slip_type":"Reverse"},"geometry":{"type":"LineString","coordinates":[[165.36633862572288,-46.09400187861437],[165.54601847530324,-46.00238356079337],[165.58615493008506,-45.91501751948782],[165.62616372787576,-45.827633603442244],[165.66948560004542,-45.75044182538716],[165.76892210786792,-45.71672015373971],[165.89322939780752,-45.711086324316916]]}},{"type":"Feature","properties":{"average_dip":"(80,70,90)","average_rake":"(5,0,10)","catalog_id":"NZ_621","catalog_name":"Litchfield_NZ_2013","dip_dir":"SE","name":"Alpine Milford to Jacksons","net_slip_rate":"(23.0,21.0,25.0)","slip_type":"Dextral"},"geometry":{"type":"LineString","coordinates":[[167.82806907139195,-44.532303264927165],[168.05158654144978,-44.416565908331286],[168.35778184886786,-44.23470881618234],[168.5502813987736,-44.137886113977345],[168.70333131907068,-44.062824029381936]]}},{"type":"Feature","properties":{"average_dip":"(60,50,70)","average_rake":"(-90,-100,-80)","catalog_id":"NZ_594","catalog_name":"Litchfield_NZ_2013","dip_dir":"SE","name":"Madagascar","net_slip_rate":"(0.75,0.5,1.15)","slip_type":"Reverse-Dextral"},"geometry":{"type":"LineString","coordinates":[[167.30480981289125,-44.55810025995085],[167.399553601047,-44.443039653536125],[167.53050277186378,-44.382866383216665],[167.6859064826879,-44.25386263096079],[167.9386023397401,-44.150035506490894]]}},{"type":"Feature","properties":{"average_dip":"(30,10,60)","average_rake":"(-60,-90,-30)","catalog_id":"NZ_593","catalog_name":"Litchfield_NZ_2013","dip_dir":"SE","name":"Barn","net_slip_rate":"(0.5,0.1,1.0)","slip_type":"Reverse-Dextral"},"geometry":{"type":"LineString","coordinates":[[167.96419947938654,-44.13681543834967],[168.09284573215223,-44.032720270737485],[168.24914958068013,-43.979510373757115],[168.37411281646155,-43.91152968712781],[168.66120117054433,-43.80091750633171]]}},{"type":"Feature","properties":{"average_dip":"(75,60,90)","average_rake":"(-135,-165,-105)","catalog_id":"NZ_589","catalog_name":"Litchfield_NZ_2013","dip_dir":"W","name":"Darran","net_slip_rate":"(1.0,0.5,2.0)","slip_type":"Reverse-Sinistral"},"geometry":{"type":"LineString","coordinates":[[168.1312587066897,-44.76658722857851],[168.11152334277878,-44.68475871537785],[168.09672467295636,-44.61552775756396],[168.0775892001606,-44.55731682134042],[168.05949472038265,-44.50683808436343],[168.0473133358019,-44.445369003615745]]}},{"type":"Feature","properties":{"average_dip":"(60,30,80)","average_rake":"(-60,-90,-30)","catalog_id":"NZ_586","catalog_name":"Litchfield_NZ_2013","dip_dir":"E","name":"Livingstone Key Summit","net_slip_rate":"(1.0,0.2,3.0)","slip_type":"Reverse-Dextral"},"geometry":{"type":"LineString","coordinates":[[168.14483368121637,-44.88759463326628],[168.14078880795682,-44.829573662117134],[168.14100103712695,-44.755954255725406],[168.1549545199069,-44.67660328497131],[168.19691394774324,-44.59632220980427],[168.2484779000556,-44.50485845079675]]}},{"type":"Feature","properties":{"average_dip":"(70,60,80)","average_rake":"(-30,-60,0)","catalog_id":"NZ_588","catalog_name":"Litchfield_NZ_2013","dip_dir":"W","name":"Skippers","net_slip_rate":"(0.5,0.1,2.0)","slip_type":"Dextral-Reverse"},"geometry":{"type":"LineString","coordinates":[[168.0948900502842,-44.54888628625629],[168.09347099862364,-44.51306236487628],[168.11608527496253,-44.47090143228175],[168.1572537117019,-44.41690085081247],[168.19464513560965,-44.354315534182554]]}},{"type":"Feature","properties":{"average_dip":"(75,60,90)","average_rake":"(0,-20,20)","catalog_id":"NZ_614","catalog_name":"Litchfield_NZ_2013","dip_dir":"E","name":"West Balleny","net_slip_rate":"(2.0,0.0,10.0)","slip_type":"Dextral-Reverse"},"geometry":{"type":"LineString","coordinates":[[165.622546984803,-46.99335978026015],[165.6765457389725,-46.85439448122713],[165.70818294259095,-46.73837087643547],[165.74479166920818,-46.60391809100037],[165.76757142938635,-46.491077814372645],[165.8618568398032,-46.2833526441518]]}},{"type":"Feature","properties":{"average_dip":"(70,30,90)","average_rake":"(-30,-90,0)","catalog_id":"NZ_616","catalog_name":"Litchfield_NZ_2013","dip_dir":"E","name":"Snares","net_slip_rate":"(11.0,0.0,22.0)","slip_type":"Dextral-Reverse"},"geometry":{"type":"LineString","coordinates":[[165.2065147388576,-47.85763848902916],[165.244682337562,-47.63817527817591],[165.23563407666072,-47.38008879277204],[165.22223453760958,-47.15276761502461],[165.19397678113899,-46.89334822419717]]}},{"type":"Feature","properties":{"average_dip":"(75,60,90)","average_rake":"(-45,-90,0)","catalog_id":"NZ_591","catalog_name":"Litchfield_NZ_2013","dip_dir":"W","name":"Spey-Mica Burn","net_slip_rate":"(0.1,0.05,2.0)","slip_type":"Dextral-Reverse"},"geometry":{"type":"LineString","coordinates":[[167.0877150206267,-45.65945923467592],[167.13061536531131,-45.629513982669],[167.1782046912119,-45.59210934746426],[167.22148658317744,-45.5474916426051],[167.2488370307174,-45.51254462213164],[167.254190848989,-45.459051636029585],[167.2726317582658,-45.40341313952118],[167.2988952493879,-45.338384165841624]]}},{"type":"Feature","properties":{"average_dip":"(70,50,90)","average_rake":"(-60,-90,-30)","catalog_id":"NZ_580","catalog_name":"Litchfield_NZ_2013","dip_dir":"W","name":"Monowai","net_slip_rate":"(1.2,0.8,1.6)","slip_type":"Reverse-Dextral"},"geometry":{"type":"LineString","coordinates":[[167.51399810046217,-45.90219103737572],[167.571698830288,-45.84366956900334],[167.61525124161423,-45.73318696166598],[167.64559271793837,-45.686606594985996]]}},{"type":"Feature","properties":{"average_dip":"(70,50,90)","average_rake":"(-30,-60,0)","catalog_id":"NZ_584","catalog_name":"Litchfield_NZ_2013","dip_dir":"E","name":"Hump Ridge","net_slip_rate":"(0.5,0.1,1.0)","slip_type":"Reverse-Dextral"},"geometry":{"type":"LineString","coordinates":[[167.29774213926424,-46.073861927491684],[167.28618528248617,-46.21229038559088],[167.31940249554768,-46.28504812345188],[167.47489229330586,-46.449071834826235],[167.5096140398035,-46.53714141346663],[167.4764633592082,-46.67857149936622],[167.36982526186037,-46.82650729925277]]}},{"type":"Feature","properties":{"average_dip":"(55,45,65)","average_rake":"(0,0,0)","catalog_id":"NZ_625","catalog_name":"Litchfield_NZ_2013","dip_dir":"NE","name":"Waihemo","net_slip_rate":"(0.25,0.15,0.35)","slip_type":"Reverse-Strike-Slip"},"geometry":{"type":"LineString","coordinates":[[170.28248388319344,-45.018318412634684],[170.37694644996748,-45.14525036613572],[170.4777916268024,-45.251430314615995]]}},{"type":"Feature","properties":{"average_dip":"(0,0,0)","average_rake":"(-90,-100,-80)","catalog_id":"NZ_627","catalog_name":"Litchfield_NZ_2013","dip_dir":"NW","name":"Hikurangi Raukumara","net_slip_rate":"(54.0,48.0,60.0)","slip_type":"Reverse"},"geometry":{"type":"LineString","coordinates":[[178.75501812952848,-39.26134276962575],[178.75658171452176,-39.129667396838904],[178.98075133907747,-38.90642526820952],[179.0314574359992,-38.53776530832111],[179.22532818931862,-38.276962872232914],[179.26318514712372,-38.01154442560307],[179.57650519772196,-37.7530666426594],[179.86911796898744,-37.68125217964708]]}},{"type":"Feature","properties":{"average_dip":"(0,0,0)","average_rake":"(-90,-100,-80)","catalog_id":"NZ_628","catalog_name":"Litchfield_NZ_2013","dip_dir":"NW","name":"Hikurangi Hawke Bay","net_slip_rate":"None","slip_type":"Reverse"},"geometry":{"type":"LineString","coordinates":[[178.75169412666963,-39.27113661048501],[178.78638633330695,-39.490860735588356],[178.52671335022856,-39.97517743105555],[178.30528130472112,-40.29342460459787],[178.05848149225025,-40.80466106255965],[177.733881047206,-41.16772001715904]]}},{"type":"Feature","properties":{"average_dip":"(0,0,0)","average_rake":"(-90,-100,-80)","catalog_id":"NZ_629","catalog_name":"Litchfield_NZ_2013","dip_dir":"NW","name":"Hikurangi Wellington","net_slip_rate":"(25.0,20.0,30.0)","slip_type":"Reverse"},"geometry":{"type":"LineString","coordinates":[[177.733881047206,-41.16772001715904],[177.2835047941954,-41.419101502665356],[176.2206334298347,-41.79619030574559],[175.5805043544871,-41.956309548248235],[175.06860530081093,-42.18756360084805]]}},{"type":"Feature","properties":{"average_dip":"(65,55,75)","average_rake":"(-20,-30,-10)","catalog_id":"NZ_618","catalog_name":"Litchfield_NZ_2013","dip_dir":"SE","name":"Alpine Springs Junction to Tophouse","net_slip_rate":"(5.5,3.0,8.0)","slip_type":"Dextral-Reverse"},"geometry":{"type":"LineString","coordinates":[[172.878,-41.79670000043876],[172.41,-42.058300000587025],[172.347,-42.26500000070626],[172.1972798169324,-42.35217849942025]]}},{"type":"Feature","properties":{"average_dip":"(65,55,75)","average_rake":"(90,80,100)","catalog_id":"NZ_630","catalog_name":"Litchfield_NZ_2013","dip_dir":"SE","name":"Rahotu","net_slip_rate":"(0.16,0.1,0.24)","slip_type":"Normal"},"geometry":{"type":"LineString","coordinates":[[173.90199897270145,-39.26329395889925],[173.86924824493528,-39.29021489862046],[173.81565871625273,-39.30855247855799],[173.72633007015207,-39.361115190364806]]}},{"type":"Feature","properties":{"average_dip":"(65,55,75)","average_rake":"(90,80,100)","catalog_id":"NZ_631","catalog_name":"Litchfield_NZ_2013","dip_dir":"NW","name":"Kina","net_slip_rate":"(0.44,0.2,0.61)","slip_type":"Normal"},"geometry":{"type":"LineString","coordinates":[[173.92583161571352,-39.31870310063313],[173.88738025759037,-39.363140078687685],[173.84040479131335,-39.39338245557434],[173.77199427577355,-39.418243323533346],[173.6744393001764,-39.437732595554714]]}},{"type":"Feature","properties":{"average_dip":"(65,55,75)","average_rake":"(90,80,100)","catalog_id":"NZ_632","catalog_name":"Litchfield_NZ_2013","dip_dir":"NW","name":"Ihaia","net_slip_rate":"(0.39,0.26,0.61)","slip_type":"Normal"},"geometry":{"type":"LineString","coordinates":[[173.96362977346524,-39.35468409060493],[173.85071020109993,-39.457639795274986],[173.734734111953,-39.52970713426217]]}},{"type":"Feature","properties":{"average_dip":"(65,55,75)","average_rake":"(90,80,100)","catalog_id":"NZ_633","catalog_name":"Litchfield_NZ_2013","dip_dir":"NW","name":"Kiri","net_slip_rate":"(1.66,0.66,2.04)","slip_type":"Normal"},"geometry":{"type":"LineString","coordinates":[[174.01073006659232,-39.40259431080754],[173.93707510630122,-39.44429977828672],[173.8062955270461,-39.54214788040448]]}},{"type":"Feature","properties":{"average_dip":"(65,55,75)","average_rake":"(90,80,100)","catalog_id":"NZ_634","catalog_name":"Litchfield_NZ_2013","dip_dir":"NW","name":"Pihama","net_slip_rate":"(0.23,0.13,0.37)","slip_type":"Normal"},"geometry":{"type":"LineString","coordinates":[[173.93995833527944,-39.48042742214677],[173.82179631043377,-39.57940876911039],[173.68382511903513,-39.71208288532938]]}},{"type":"Feature","properties":{"average_dip":"(60,30,70)","average_rake":"(-90,-100,-70)","catalog_id":"NZ_635","catalog_name":"Litchfield_NZ_2013","dip_dir":"SE","name":"Manaia","net_slip_rate":"(0.2,0.1,0.3)","slip_type":"Reverse"},"geometry":{"type":"LineString","coordinates":[[174.14276622756105,-40.3867501647029],[174.02367573127952,-40.55661340839455],[173.824469525149,-40.70956255136504],[173.7520667981138,-40.84196471015265],[173.61132086381494,-41.05547328200153]]}}],"metadata":{"source":"GEM Global Active Faults","layer_id":"new-zealand","feature_count":635}}