{"type":"FeatureCollection","features":[{"type":"Feature","properties":{"average_dip":"(72.0,,)","catalog_id":"SA_0","catalog_name":"SARA","dip_dir":"S","downthrown_side_id":"None","lower_seis_depth":"(18.0,,)","name":"Ataja\u00f1a","net_slip_rate":"(0.5,0.1,1)","slip_type":"Reverse","upper_seis_depth":"(0.0,,)"},"geometry":{"type":"LineString","coordinates":[[-70.253611709,-19.334138127],[-70.217096064,-19.325520764],[-70.1418048209999,-19.2898023879999],[-69.978341514,-19.2425545469999]]}},{"type":"Feature","properties":{"average_dip":"(72.0,,)","catalog_id":"SA_1","catalog_name":"SARA","dip_dir":"S","downthrown_side_id":"None","lower_seis_depth":"(18.0,,)","name":"Pisagua","net_slip_rate":"(0.5,0.1,1)","slip_type":"Reverse","upper_seis_depth":"(0.0,,)"},"geometry":{"type":"LineString","coordinates":[[-70.184653387,-19.623733639],[-70.0223030719999,-19.5534218889999],[-69.981287647,-19.5532640669999]]}},{"type":"Feature","properties":{"average_dip":"(72.0,,)","catalog_id":"SA_2","catalog_name":"SARA","dip_dir":"S","downthrown_side_id":"None","lower_seis_depth":"(18.0,,)","name":"Zofri","net_slip_rate":"(0.5,0.1,1)","slip_type":"Reverse","upper_seis_depth":"(0.0,,)"},"geometry":{"type":"LineString","coordinates":[[-70.147395788,-20.20552521],[-70.121689349,-20.21294011],[-70.070402601,-20.1997858519999],[-70.012697821,-20.207254647],[-69.969449691,-20.2022707909999]]}},{"type":"Feature","properties":{"average_dip":"(72.0,,)","catalog_id":"SA_3","catalog_name":"SARA","dip_dir":"W","downthrown_side_id":"None","lower_seis_depth":"(18.0,,)","name":"Salar Grande","net_slip_rate":"(0.5,0.1,1)","slip_type":"Dextral","upper_seis_depth":"(0.0,,)"},"geometry":{"type":"LineString","coordinates":[[-70.1169387739999,-20.8505981],[-70.091033674,-20.863046782],[-70.0738628939999,-20.884676025],[-70.022166762,-20.9883042239999],[-69.991220168,-21.081300423],[-69.9526344,-21.1332625119999],[-69.9367877409999,-21.203092867]]}},{"type":"Feature","properties":{"average_dip":"(72.0,,)","catalog_id":"SA_4","catalog_name":"SARA","dip_dir":"S","downthrown_side_id":"None","lower_seis_depth":"(18.0,,)","name":"Chuculay 1","net_slip_rate":"(0.5,0.1,1)","slip_type":"Reverse","upper_seis_depth":"(0.0,,)"},"geometry":{"type":"LineString","coordinates":[[-69.944222971,-21.090768457],[-69.910298137,-21.083097451],[-69.8409505189999,-21.0855621699999]]}},{"type":"Feature","properties":{"average_dip":"(72.0,,)","catalog_id":"SA_5","catalog_name":"SARA","dip_dir":"S","downthrown_side_id":"None","lower_seis_depth":"(18.0,,)","name":"Chuculay 2","net_slip_rate":"(0.5,0.1,1)","slip_type":"Reverse","upper_seis_depth":"(0.0,,)"},"geometry":{"type":"LineString","coordinates":[[-69.9309657329999,-21.111154061],[-69.8793302509999,-21.098878118],[-69.795967581,-21.097494012]]}},{"type":"Feature","properties":{"average_dip":"(72.0,,)","catalog_id":"SA_6","catalog_name":"SARA","dip_dir":"S","downthrown_side_id":"None","lower_seis_depth":"(18.0,,)","name":"Chuculay 3","net_slip_rate":"(0.5,0.1,1)","slip_type":"Reverse","upper_seis_depth":"(0.0,,)"},"geometry":{"type":"LineString","coordinates":[[-69.940417833,-21.1382240459999],[-69.8897773959999,-21.129049492],[-69.774957948,-21.135039793],[-69.66833064,-21.09937575]]}},{"type":"Feature","properties":{"average_dip":"(72.0,,)","catalog_id":"SA_7","catalog_name":"SARA","dip_dir":"S","downthrown_side_id":"None","lower_seis_depth":"(18.0,,)","name":"Chuculay 6","net_slip_rate":"(0.5,0.1,1)","slip_type":"Reverse","upper_seis_depth":"(0.0,,)"},"geometry":{"type":"LineString","coordinates":[[-69.911908922,-21.182471097],[-69.851449266,-21.1900791109999],[-69.8196841659999,-21.1739100779999]]}},{"type":"Feature","properties":{"average_dip":"(72.0,,)","catalog_id":"SA_8","catalog_name":"SARA","dip_dir":"N","downthrown_side_id":"None","lower_seis_depth":"(18.0,,)","name":"Chomache","net_slip_rate":"(0.5,0.1,1)","slip_type":"Dextral","upper_seis_depth":"(0.0,,)"},"geometry":{"type":"LineString","coordinates":[[-70.010858323,-21.2023709969999],[-70.067352722,-21.146222004],[-70.1112484129999,-21.085678785],[-70.133925744,-21.018390992]]}},{"type":"Feature","properties":{"average_dip":"(72.0,,)","catalog_id":"SA_9","catalog_name":"SARA","dip_dir":"E","downthrown_side_id":"None","lower_seis_depth":"(18.0,,)","name":"de Atacama segmento Salar del Carmen?","net_slip_rate":"(0.5,0.1,1)","slip_type":"Normal","upper_seis_depth":"(0.0,,)"},"geometry":{"type":"LineString","coordinates":[[-70.321072166,-23.822013125],[-70.321822109,-23.78377721],[-70.3035353499999,-23.6750989719999],[-70.24914896,-23.50959338],[-70.08645798,-23.1897419809999],[-69.986848417,-23.060864615],[-69.9240439279999,-22.9143245679999],[-69.856940906,-22.614892884],[-69.845809136,-22.251036697],[-69.847328179,-22.152655103],[-69.867239183,-21.9433576439999],[-69.848602757,-21.597100531]]}},{"type":"Feature","properties":{"average_dip":"(72.0,,)","catalog_id":"SA_10","catalog_name":"SARA","dip_dir":"E","downthrown_side_id":"None","lower_seis_depth":"(18.0,,)","name":"Aeropuerto","net_slip_rate":"(0.5,0.1,1)","slip_type":"Normal","upper_seis_depth":"(0.0,,)"},"geometry":{"type":"LineString","coordinates":[[-70.421761884,-23.406491344],[-70.390896568,-23.368303292],[-70.350343411,-23.2849224469999],[-70.3052605079999,-23.058612973]]}},{"type":"Feature","properties":{"average_dip":"(72.0,,)","catalog_id":"SA_11","catalog_name":"SARA","dip_dir":"S","downthrown_side_id":"None","lower_seis_depth":"(18.0,,)","name":"Chuculay 5","net_slip_rate":"(0.5,0.1,1)","slip_type":"Reverse","upper_seis_depth":"(0.0,,)"},"geometry":{"type":"LineString","coordinates":[[-69.9401443739999,-21.177800415],[-69.871363539,-21.144859923],[-69.854736728,-21.146188916],[-69.8335595889999,-21.162624437]]}},{"type":"Feature","properties":{"average_dip":"(72.0,,)","catalog_id":"SA_12","catalog_name":"SARA","dip_dir":"E","downthrown_side_id":"None","lower_seis_depth":"(18.0,,)","name":"Ordo\u00f1ez","net_slip_rate":"(0.5,0.1,1)","slip_type":"Normal","upper_seis_depth":"(0.0,,)"},"geometry":{"type":"LineString","coordinates":[[-70.3164806029999,-23.3013707389999],[-70.2829085659999,-23.235172494],[-70.244152808,-23.104180947],[-70.21443716,-23.0425147629999],[-70.2054184629999,-22.9849480299999]]}},{"type":"Feature","properties":{"average_dip":"(72.0,,)","catalog_id":"SA_13","catalog_name":"SARA","dip_dir":"E","downthrown_side_id":"None","lower_seis_depth":"(18.0,,)","name":"Mititus","net_slip_rate":"(0.5,0.1,1)","slip_type":"Normal","upper_seis_depth":"(0.0,,)"},"geometry":{"type":"LineString","coordinates":[[-70.188258946,-22.928434737],[-70.178083479,-22.8695984669999],[-70.173207442,-22.719072191]]}},{"type":"Feature","properties":{"average_dip":"(90.,,)","catalog_id":"SA_14","catalog_name":"SARA","dip_dir":"E","downthrown_side_id":"None","lower_seis_depth":"(18.0,,)","name":"Coloso","net_slip_rate":"(0.5,0.1,1)","slip_type":"Normal","upper_seis_depth":"(0.0,,)"},"geometry":{"type":"LineString","coordinates":[[-70.3340810939999,-24.4049266339999],[-70.387427626,-24.0264986179999],[-70.414574279,-23.8842786779999],[-70.456813271,-23.761188863]]}},{"type":"Feature","properties":{"average_dip":"(90.,,)","catalog_id":"SA_15","catalog_name":"SARA","dip_dir":"E","downthrown_side_id":"None","lower_seis_depth":"(18.0,,)","name":"Bolfin","net_slip_rate":"(0.5,0.1,1)","slip_type":"Normal","upper_seis_depth":"(0.0,,)"},"geometry":{"type":"LineString","coordinates":[[-70.447507022,-24.0016193289999],[-70.458029959,-23.952076903],[-70.48506457,-23.9120726369999],[-70.490306727,-23.8711028549999],[-70.5032928959999,-23.8500982419999]]}},{"type":"Feature","properties":{"average_dip":"(72.0,,)","catalog_id":"SA_16","catalog_name":"SARA","dip_dir":"E","downthrown_side_id":"None","lower_seis_depth":"(18.0,,)","name":"Paranal","net_slip_rate":"(0.5,0.1,1)","slip_type":"Normal","upper_seis_depth":"(0.0,,)"},"geometry":{"type":"LineString","coordinates":[[-70.440628803,-24.980815349],[-70.392769538,-24.82060082],[-70.365331619,-24.693889978],[-70.3155635109999,-24.403333642],[-70.291078741,-24.195489648]]}},{"type":"Feature","properties":{"average_dip":"(72.0,,)","catalog_id":"SA_17","catalog_name":"SARA","dip_dir":"E","downthrown_side_id":"None","lower_seis_depth":"(18.0,,)","name":"Mejillones","net_slip_rate":"(0.5,0.1,1)","slip_type":"Normal","upper_seis_depth":"(0.0,,)"},"geometry":{"type":"LineString","coordinates":[[-70.4921907689999,-23.419116173],[-70.496446221,-23.303753338],[-70.505916268,-23.2705746729999],[-70.511836478,-23.185552889],[-70.486420934,-23.0951028289999]]}},{"type":"Feature","properties":{"average_dip":"(72.0,,)","catalog_id":"SA_18","catalog_name":"SARA","dip_dir":"E","downthrown_side_id":"None","lower_seis_depth":"(18.0,,)","name":"Caleta Herradura","net_slip_rate":"(0.5,0.1,1)","slip_type":"Normal","upper_seis_depth":"(0.0,,)"},"geometry":{"type":"LineString","coordinates":[[-70.532758972,-23.397658324],[-70.5411289419999,-23.3595959149999],[-70.568769683,-23.302854456],[-70.5640407669999,-23.2576203199999],[-70.57827788,-23.231582928],[-70.577849307,-23.208373974]]}},{"type":"Feature","properties":{"average_dip":"(90.,,)","catalog_id":"SA_19","catalog_name":"SARA","dip_dir":"VERTICAL","downthrown_side_id":"None","lower_seis_depth":"(35.0,,)","name":"Falla Peulla-Cochamo 006ff","net_slip_rate":"(0.5,0.1,1)","slip_type":"Dextral","upper_seis_depth":"(0.0,,)"},"geometry":{"type":"LineString","coordinates":[[-72.2913264662326,-41.4700600835616],[-72.1360609730442,-41.233477792281],[-72.0879529395145,-41.1364007375104],[-71.9641120158367,-40.9337677755298]]}},{"type":"Feature","properties":{"average_dip":"(90.,,)","catalog_id":"SA_20","catalog_name":"SARA","dip_dir":"VERTICAL","downthrown_side_id":"None","lower_seis_depth":"(35.0,,)","name":"Falla Anticura-Todos los Santos 006dd","net_slip_rate":"(3.0,1.0,5.0)","slip_type":"Dextral","upper_seis_depth":"(0.0,,)"},"geometry":{"type":"LineString","coordinates":[[-72.285972595229,-41.4118041991234],[-72.2651581004514,-41.0990882199794]]}},{"type":"Feature","properties":{"average_dip":"(90.,,)","catalog_id":"SA_21","catalog_name":"SARA","dip_dir":"S","downthrown_side_id":"None","lower_seis_depth":"(35.0,,)","name":"Falla Huequi","net_slip_rate":"(0.5,0.1,1)","slip_type":"Sinistral-Reverse","upper_seis_depth":"(0.0,,)"},"geometry":{"type":"LineString","coordinates":[[-72.7533558266182,-42.2362730921966],[-72.5617071100554,-42.3940837689798]]}},{"type":"Feature","properties":{"average_dip":"(90.,,)","catalog_id":"SA_22","catalog_name":"SARA","dip_dir":"S","downthrown_side_id":"None","lower_seis_depth":"(35.0,,)","name":"Falla Chacao","net_slip_rate":"(0.5,0.1,1)","slip_type":"Sinistral-Reverse","upper_seis_depth":"(0.0,,)"},"geometry":{"type":"LineString","coordinates":[[-73.2481918337962,-41.7640190119823],[-72.7007921979803,-42.0017738742498]]}},{"type":"Feature","properties":{"average_dip":"(90.,,)","catalog_id":"SA_23","catalog_name":"SARA","dip_dir":"S","downthrown_side_id":"None","lower_seis_depth":"(35.0,,)","name":"Falla Fiordo Re\u00f1ihue","net_slip_rate":"(0.5,0.1,1)","slip_type":"Sinistral-Reverse","upper_seis_depth":"(0.0,,)"},"geometry":{"type":"LineString","coordinates":[[-72.877340035546,-42.2869013782201],[-72.5957190146925,-42.5380264119603],[-72.2960043060518,-42.7399024720502]]}},{"type":"Feature","properties":{"average_dip":"(90.,,)","catalog_id":"SA_24","catalog_name":"SARA","dip_dir":"S","downthrown_side_id":"None","lower_seis_depth":"(35.0,,)","name":"Falla Chaiten","net_slip_rate":"(0.5,0.1,1)","slip_type":"Sinistral-Reverse","upper_seis_depth":"(0.0,,)"},"geometry":{"type":"LineString","coordinates":[[-73.1217608538669,-42.7262298708664],[-72.8656556152367,-42.8476175046641],[-72.4938835455948,-43.0063321192145]]}},{"type":"Feature","properties":{"average_dip":"(90.,,)","catalog_id":"SA_25","catalog_name":"SARA","dip_dir":"VERTICAL","downthrown_side_id":"None","lower_seis_depth":"(35.0,,)","name":"Falla Comau 006kk","net_slip_rate":"(3.0,1.0,5.0)","slip_type":"Dextral","upper_seis_depth":"(0.0,,)"},"geometry":{"type":"LineString","coordinates":[[-72.4633830785103,-42.5090974805638],[-72.4529043896477,-42.0847559411343],[-72.3451385492861,-41.6606941220586],[-72.3045679624658,-41.4563366345587]]}},{"type":"Feature","properties":{"average_dip":"(90.,,)","catalog_id":"SA_26","catalog_name":"SARA","dip_dir":"VERTICAL","downthrown_side_id":"None","lower_seis_depth":"(35.0,,)","name":"Falla Cascajal 006jj","net_slip_rate":"(3.0,1.0,5.0)","slip_type":"Dextral","upper_seis_depth":"(0.0,,)"},"geometry":{"type":"LineString","coordinates":[[-72.580970764037,-42.1345787048724],[-72.4979171754037,-41.9754180910323],[-72.4607234204222,-41.85938185006]]}},{"type":"Feature","properties":{"average_dip":"(90.,,)","catalog_id":"SA_27","catalog_name":"SARA","dip_dir":"S","downthrown_side_id":"None","lower_seis_depth":"(35.0,,)","name":"Falla Michimahuida","net_slip_rate":"(0.5,0.1,1)","slip_type":"Sinistral-Reverse","upper_seis_depth":"(0.0,,)"},"geometry":{"type":"LineString","coordinates":[[-72.6058464354257,-42.7207323054732],[-72.4760575049907,-42.8323985471537]]}},{"type":"Feature","properties":{"average_dip":"(90.,,)","catalog_id":"SA_28","catalog_name":"SARA","dip_dir":"S","downthrown_side_id":"None","lower_seis_depth":"(35.0,,)","name":"Falla Wager 006aaa","net_slip_rate":"(3.0,1.0,5.0)","slip_type":"Dextral","upper_seis_depth":"(0.0,,)"},"geometry":{"type":"LineString","coordinates":[[-75.2681909667613,-47.9154503613402],[-74.8176577454209,-47.7634141791395]]}},{"type":"Feature","properties":{"average_dip":"(90.,,)","catalog_id":"SA_29","catalog_name":"SARA","dip_dir":"E","downthrown_side_id":"None","lower_seis_depth":"(35.0,,)","name":"Falla Canal Costa 006ww","net_slip_rate":"(3.0,1.0,5.0)","slip_type":"Dextral","upper_seis_depth":"(0.0,,)"},"geometry":{"type":"LineString","coordinates":[[-73.560632621958,-45.7891639453235],[-73.4345908785314,-45.1261946670346]]}},{"type":"Feature","properties":{"average_dip":"(90.,,)","catalog_id":"SA_30","catalog_name":"SARA","dip_dir":"SE","downthrown_side_id":"None","lower_seis_depth":"(35.0,,)","name":"Falla Quitralco 006rr","net_slip_rate":"(0.5,0.1,1)","slip_type":"Dextral-Normal","upper_seis_depth":"(0.0,,)"},"geometry":{"type":"LineString","coordinates":[[-73.5699668776,-45.8841573041491],[-73.0730356564691,-45.4124909257517]]}},{"type":"Feature","properties":{"average_dip":"(90.,,)","catalog_id":"SA_31","catalog_name":"SARA","dip_dir":"S","downthrown_side_id":"None","lower_seis_depth":"(35.0,,)","name":"Falla Fiordo Aysen-Puerto Cisnes 006qq","net_slip_rate":"(0.5,0.1,1)","slip_type":"Dextral-Normal","upper_seis_depth":"(0.0,,)"},"geometry":{"type":"LineString","coordinates":[[-73.4893152454009,-45.4148409859601],[-73.0360752778845,-45.11883083798],[-72.8732286945417,-44.9605139506587],[-72.6886536011873,-44.7644200188267]]}},{"type":"Feature","properties":{"average_dip":"(90.,,)","catalog_id":"SA_32","catalog_name":"SARA","dip_dir":"E","downthrown_side_id":"None","lower_seis_depth":"(35.0,,)","name":"Falla Palena 006mm","net_slip_rate":"(3.0,1.0,5.0)","slip_type":"Dextral","upper_seis_depth":"(0.0,,)"},"geometry":{"type":"LineString","coordinates":[[-72.3293055923939,-43.662194926895],[-72.3632894718555,-43.4596684945043],[-72.4325109864285,-43.2262968730287],[-72.4794484483625,-43.0206579147658],[-72.4728940220174,-42.6560535567705]]}},{"type":"Feature","properties":{"average_dip":"(90.,,)","catalog_id":"SA_33","catalog_name":"SARA","dip_dir":"SE","downthrown_side_id":"None","lower_seis_depth":"(35.0,,)","name":"Falla Teresa 006vv","net_slip_rate":"(0.5,0.1,1)","slip_type":"Dextral-Normal","upper_seis_depth":"(0.0,,)"},"geometry":{"type":"LineString","coordinates":[[-73.9402901105234,-46.8545253510879],[-73.2892877300351,-46.1612914155707]]}},{"type":"Feature","properties":{"average_dip":"(90.,,)","catalog_id":"SA_34","catalog_name":"SARA","dip_dir":"VERTICAL","downthrown_side_id":"None","lower_seis_depth":"(35.0,,)","name":"Falla Maihue-Anticura 006z","net_slip_rate":"(3.0,1.0,5.0)","slip_type":"Dextral","upper_seis_depth":"(0.0,,)"},"geometry":{"type":"LineString","coordinates":[[-72.1667956523827,-41.0456145011359],[-72.1631498962129,-40.8111853580753],[-72.1508527909331,-40.6789148265213],[-72.1320773413806,-40.5333982164941],[-72.0463092059638,-40.2871820747316]]}},{"type":"Feature","properties":{"average_dip":"(90.,,)","catalog_id":"SA_35","catalog_name":"SARA","dip_dir":"SE","downthrown_side_id":"None","lower_seis_depth":"(35.0,,)","name":"Falla Golfo de Penas 006zz","net_slip_rate":"(3.0,1.0,5.0)","slip_type":"Dextral","upper_seis_depth":"(0.0,,)"},"geometry":{"type":"LineString","coordinates":[[-74.6934478710704,-47.6953067342516],[-74.4610965395528,-47.4637053216734],[-74.02343678856,-47.0004363369912]]}},{"type":"Feature","properties":{"average_dip":"(90.,,)","catalog_id":"SA_36","catalog_name":"SARA","dip_dir":"SE","downthrown_side_id":"None","lower_seis_depth":"(35.0,,)","name":"Falla Estero Francisco 006uu","net_slip_rate":"(0.5,0.1,1)","slip_type":"Dextral-Normal","upper_seis_depth":"(0.0,,)"},"geometry":{"type":"LineString","coordinates":[[-73.6993192411926,-46.3912785608103],[-73.3217080366781,-45.9032905727512]]}},{"type":"Feature","properties":{"average_dip":"(90.,,)","catalog_id":"SA_37","catalog_name":"SARA","dip_dir":"SE","downthrown_side_id":"None","lower_seis_depth":"(35.0,,)","name":"Falla San Rafael 006yy","net_slip_rate":"(3.0,1.0,5.0)","slip_type":"Dextral","upper_seis_depth":"(0.0,,)"},"geometry":{"type":"LineString","coordinates":[[-73.9839923464454,-46.9507225320658],[-73.7255006690833,-46.4031644113645]]}},{"type":"Feature","properties":{"average_dip":"(90.,,)","catalog_id":"SA_38","catalog_name":"SARA","dip_dir":"E","downthrown_side_id":"None","lower_seis_depth":"(35.0,,)","name":"Falla Seno Elefante 006xx","net_slip_rate":"(3.0,1.0,5.0)","slip_type":"Dextral","upper_seis_depth":"(0.0,,)"},"geometry":{"type":"LineString","coordinates":[[-73.6736600998736,-46.3263885525201],[-73.637230451664,-46.213241686089],[-73.5780930030793,-45.9013099899054]]}},{"type":"Feature","properties":{"average_dip":"(90.,,)","catalog_id":"SA_39","catalog_name":"SARA","dip_dir":"SE","downthrown_side_id":"None","lower_seis_depth":"(35.0,,)","name":"Falla Riesco-Ma\u00f1ihuales 006tt","net_slip_rate":"(0.5,0.1,1)","slip_type":"Dextral-Normal","upper_seis_depth":"(0.0,,)"},"geometry":{"type":"LineString","coordinates":[[-73.3055235913235,-45.8925908170242],[-73.0823984318303,-45.7893361139042],[-72.8507564298499,-45.648778971207],[-72.6624284771367,-45.5101781849904]]}},{"type":"Feature","properties":{"average_dip":"(90.,,)","catalog_id":"SA_40","catalog_name":"SARA","dip_dir":"E","downthrown_side_id":"None","lower_seis_depth":"(35.0,,)","name":"Falla Punta Mano-Lago Yulton 006iii","net_slip_rate":"(3.0,1.0,5.0)","slip_type":"Dextral","upper_seis_depth":"(0.0,,)"},"geometry":{"type":"LineString","coordinates":[[-72.9324820736418,-45.6326536926418],[-72.9035355540903,-45.4664414089822],[-72.8866587296657,-45.4214960130203],[-72.9048088698428,-45.3198099334028],[-72.9154491237467,-45.1528084021263],[-72.8937925586426,-45.0325575184503]]}},{"type":"Feature","properties":{"average_dip":"(90.,,)","catalog_id":"SA_41","catalog_name":"SARA","dip_dir":"E","downthrown_side_id":"None","lower_seis_depth":"(35.0,,)","name":"Falla Rio Cuervo 006ddd","net_slip_rate":"(3.0,1.0,5.0)","slip_type":"Dextral","upper_seis_depth":"(0.0,,)"},"geometry":{"type":"LineString","coordinates":[[-73.0811872973157,-45.7541317366339],[-73.0953553916601,-45.6688383815247],[-73.0921449539374,-45.5689249540214],[-73.058391378283,-45.3450160130825],[-73.0071734708423,-45.1743918614632],[-72.9210024136124,-45.0964086616328],[-72.8968776792565,-45.058175046199]]}},{"type":"Feature","properties":{"average_dip":"(90.,,)","catalog_id":"SA_42","catalog_name":"SARA","dip_dir":"E","downthrown_side_id":"None","lower_seis_depth":"(35.0,,)","name":"Falla Rio Blanco 006kkk","net_slip_rate":"(3.0,1.0,5.0)","slip_type":"Dextral","upper_seis_depth":"(0.0,,)"},"geometry":{"type":"LineString","coordinates":[[-72.721507454257,-45.5225559090359],[-72.7001247882856,-45.3203342097558],[-72.7176001688935,-45.2159239913262],[-72.7183997345608,-45.104147499255],[-72.732481466195,-45.0312824523424]]}},{"type":"Feature","properties":{"average_dip":"(90.,,)","catalog_id":"SA_43","catalog_name":"SARA","dip_dir":"E","downthrown_side_id":"None","lower_seis_depth":"(35.0,,)","name":"Falla Los Palos 006mmm","net_slip_rate":"(3.0,1.0,5.0)","slip_type":"Dextral","upper_seis_depth":"(0.0,,)"},"geometry":{"type":"LineString","coordinates":[[-72.7636189661273,-45.3817998680325],[-72.7591228746763,-45.2323781246116],[-72.7725316670591,-45.2016535090779],[-72.7488003142523,-45.1574557082037],[-72.7553939269498,-45.0734017446967]]}},{"type":"Feature","properties":{"average_dip":"(90.,,)","catalog_id":"SA_44","catalog_name":"SARA","dip_dir":"VERTICAL","downthrown_side_id":"None","lower_seis_depth":"(35.0,,)","name":"Falla Rio Cuervo 006bbb","net_slip_rate":"(3.0,1.0,5.0)","slip_type":"Dextral","upper_seis_depth":"(0.0,,)"},"geometry":{"type":"LineString","coordinates":[[-73.0069732131255,-45.1715408285043],[-72.967020885585,-45.1005331376906],[-72.9575500955368,-45.0608489362889]]}},{"type":"Feature","properties":{"average_dip":"(90.,,)","catalog_id":"SA_45","catalog_name":"SARA","dip_dir":"E","downthrown_side_id":"None","lower_seis_depth":"(35.0,,)","name":"Falla Punta Colas 006eee","net_slip_rate":"(3.0,1.0,5.0)","slip_type":"Dextral","upper_seis_depth":"(0.0,,)"},"geometry":{"type":"LineString","coordinates":[[-73.035333226947,-45.4954034112356],[-72.996728094342,-45.3710108061602],[-72.9877880207347,-45.224611225056]]}},{"type":"Feature","properties":{"average_dip":"(90.,,)","catalog_id":"SA_46","catalog_name":"SARA","dip_dir":"S","downthrown_side_id":"None","lower_seis_depth":"(35.0,,)","name":"Falla Fiordo Puyuhuapi 006pp","net_slip_rate":"(0.5,0.1,1)","slip_type":"Dextral-Normal","upper_seis_depth":"(0.0,,)"},"geometry":{"type":"LineString","coordinates":[[-73.2148337419074,-44.9653089642697],[-72.9631573411582,-44.8671552299378],[-72.7479364163143,-44.7505780970943]]}},{"type":"Feature","properties":{"average_dip":"(90.,,)","catalog_id":"SA_47","catalog_name":"SARA","dip_dir":"E","downthrown_side_id":"None","lower_seis_depth":"(35.0,,)","name":"Falla Puerto Cisnes 006oo","net_slip_rate":"(3.0,1.0,5.0)","slip_type":"Dextral","upper_seis_depth":"(0.0,,)"},"geometry":{"type":"LineString","coordinates":[[-72.6913874723576,-44.7024040631777],[-72.6127558769616,-44.5119912084777],[-72.4784815069422,-44.1404548442967],[-72.4033767139625,-43.9363849897152],[-72.3351545991567,-43.6885347651105]]}},{"type":"Feature","properties":{"average_dip":"(90.,,)","catalog_id":"SA_48","catalog_name":"SARA","dip_dir":"S","downthrown_side_id":"None","lower_seis_depth":"(35.0,,)","name":"Falla Lago Yelcho","net_slip_rate":"(0.5,0.1,1)","slip_type":"Sinistral-Reverse","upper_seis_depth":"(0.0,,)"},"geometry":{"type":"LineString","coordinates":[[-72.426579739842,-43.2185566802097],[-71.8701603599785,-43.5216633953343]]}},{"type":"Feature","properties":{"average_dip":"(90.,,)","catalog_id":"SA_49","catalog_name":"SARA","dip_dir":"S","downthrown_side_id":"None","lower_seis_depth":"(35.0,,)","name":"Falla Estuario Reloncavi","net_slip_rate":"(0.5,0.1,1)","slip_type":"Dextral-Normal","upper_seis_depth":"(0.0,,)"},"geometry":{"type":"LineString","coordinates":[[-72.5504027825536,-41.7476731906383],[-72.3506650514121,-41.6673977701317]]}},{"type":"Feature","properties":{"average_dip":"(90.,,)","catalog_id":"SA_50","catalog_name":"SARA","dip_dir":"S","downthrown_side_id":"None","lower_seis_depth":"(35.0,,)","name":"Falla Calbuco-Reloncavi","net_slip_rate":"(0.5,0.1,1)","slip_type":"Sinistral-Reverse","upper_seis_depth":"(0.0,,)"},"geometry":{"type":"LineString","coordinates":[[-72.6619951006512,-41.3170674929397],[-72.4815975535579,-41.3834320883118],[-72.3328153158664,-41.4250136219758]]}},{"type":"Feature","properties":{"average_dip":"(90.,,)","catalog_id":"SA_51","catalog_name":"SARA","dip_dir":"S","downthrown_side_id":"None","lower_seis_depth":"(35.0,,)","name":"Falla Rio Puelo","net_slip_rate":"(0.5,0.1,1)","slip_type":"Sinistral-Reverse","upper_seis_depth":"(0.0,,)"},"geometry":{"type":"LineString","coordinates":[[-72.3068084716067,-41.5470848082006],[-72.2016306371674,-41.621746679975]]}},{"type":"Feature","properties":{"average_dip":"(90.,,)","catalog_id":"SA_52","catalog_name":"SARA","dip_dir":"S","downthrown_side_id":"None","lower_seis_depth":"(35.0,,)","name":"Falla Tagua-Tagua","net_slip_rate":"(0.5,0.1,1)","slip_type":"Sinistral-Reverse","upper_seis_depth":"(0.0,,)"},"geometry":{"type":"LineString","coordinates":[[-72.1290707287765,-41.7233450816057],[-72.1980136483509,-41.6256598351771]]}},{"type":"Feature","properties":{"average_dip":"(90.,,)","catalog_id":"SA_53","catalog_name":"SARA","dip_dir":"S","downthrown_side_id":"None","lower_seis_depth":"(35.0,,)","name":"Falla Osorno-Puntiagudo","net_slip_rate":"(0.5,0.1,1)","slip_type":"Dextral-Normal","upper_seis_depth":"(0.0,,)"},"geometry":{"type":"LineString","coordinates":[[-72.5444662858077,-41.1251287445643],[-72.1754169427578,-40.9214425154843]]}},{"type":"Feature","properties":{"average_dip":"(90.,,)","catalog_id":"SA_54","catalog_name":"SARA","dip_dir":"E","downthrown_side_id":"None","lower_seis_depth":"(35.0,,)","name":"Falla Pirihueico-Maihue 006w","net_slip_rate":"(3.0,1.0,5.0)","slip_type":"Dextral","upper_seis_depth":"(0.0,,)"},"geometry":{"type":"LineString","coordinates":[[-72.0021446022161,-40.2688565745383],[-71.9361196362633,-40.180942723634],[-71.8775050787558,-40.0584848763811],[-71.8559802288062,-39.9589182166665],[-71.8374106613109,-39.7569415172229],[-71.803793498973,-39.6737253908989]]}},{"type":"Feature","properties":{"average_dip":"(90.,,)","catalog_id":"SA_55","catalog_name":"SARA","dip_dir":"S","downthrown_side_id":"None","lower_seis_depth":"(35.0,,)","name":"Falla Ri\u00f1ihue-Choshuenco 020a","net_slip_rate":"(0.5,0.1,1)","slip_type":"Sinistral-Reverse","upper_seis_depth":"(0.0,,)"},"geometry":{"type":"LineString","coordinates":[[-72.33602409805,-39.7933721732859],[-71.9628894887286,-39.9674820437074]]}},{"type":"Feature","properties":{"average_dip":"(90.,,)","catalog_id":"SA_56","catalog_name":"SARA","dip_dir":"S","downthrown_side_id":"None","lower_seis_depth":"(35.0,,)","name":"Falla Ri\u00f1ihue-Choshuenco 020b","net_slip_rate":"(0.5,0.1,1)","slip_type":"Sinistral-Reverse","upper_seis_depth":"(0.0,,)"},"geometry":{"type":"LineString","coordinates":[[-71.8790138139997,-40.0585472749831],[-71.5366763726241,-40.1682733936383]]}},{"type":"Feature","properties":{"average_dip":"(90.,,)","catalog_id":"SA_57","catalog_name":"SARA","dip_dir":"E","downthrown_side_id":"None","lower_seis_depth":"(35.0,,)","name":"Falla Neltume 006x","net_slip_rate":"(3.0,1.0,5.0)","slip_type":"Dextral","upper_seis_depth":"(0.0,,)"},"geometry":{"type":"LineString","coordinates":[[-72.1003034057779,-40.0878774652368],[-72.05008625816,-40.0067411134369]]}},{"type":"Feature","properties":{"average_dip":"(90.,,)","catalog_id":"SA_58","catalog_name":"SARA","dip_dir":"S","downthrown_side_id":"None","lower_seis_depth":"(35.0,,)","name":"Falla Llifen 021a","net_slip_rate":"(0.5,0.1,1)","slip_type":"Sinistral-Reverse","upper_seis_depth":"(0.0,,)"},"geometry":{"type":"LineString","coordinates":[[-72.2651952100747,-40.1891490162119],[-72.1491831066861,-40.2250422226728]]}},{"type":"Feature","properties":{"average_dip":"(90.,,)","catalog_id":"SA_59","catalog_name":"SARA","dip_dir":"S","downthrown_side_id":"None","lower_seis_depth":"(35.0,,)","name":"Falla Llifen 021b","net_slip_rate":"(0.5,0.1,1)","slip_type":"Sinistral-Reverse","upper_seis_depth":"(0.0,,)"},"geometry":{"type":"LineString","coordinates":[[-71.937274124875,-40.3006407577365],[-71.6863757864743,-40.3798790136432]]}},{"type":"Feature","properties":{"average_dip":"(90.,,)","catalog_id":"SA_60","catalog_name":"SARA","dip_dir":"E","downthrown_side_id":"None","lower_seis_depth":"(35.0,,)","name":"Falla Reigolil 006r","net_slip_rate":"(3.0,1.0,5.0)","slip_type":"Dextral","upper_seis_depth":"(0.0,,)"},"geometry":{"type":"LineString","coordinates":[[-71.7146616519613,-40.007080574498],[-71.6685326663448,-39.8251058968284],[-71.5458347233708,-39.503812924328],[-71.5399798208589,-39.3981127857851]]}},{"type":"Feature","properties":{"average_dip":"(90.,,)","catalog_id":"SA_61","catalog_name":"SARA","dip_dir":"E","downthrown_side_id":"None","lower_seis_depth":"(35.0,,)","name":"Falla Neltume 006u","net_slip_rate":"(3.0,1.0,5.0)","slip_type":"Dextral","upper_seis_depth":"(0.0,,)"},"geometry":{"type":"LineString","coordinates":[[-71.9766416680938,-39.8063597791705],[-71.9283456226062,-39.7142213780881]]}},{"type":"Feature","properties":{"average_dip":"(90.,,)","catalog_id":"SA_62","catalog_name":"SARA","dip_dir":"S","downthrown_side_id":"None","lower_seis_depth":"(35.0,,)","name":"Falla Pellaifa","net_slip_rate":"(0.5,0.1,1)","slip_type":"Sinistral-Reverse","upper_seis_depth":"(0.0,,)"},"geometry":{"type":"LineString","coordinates":[[-72.1901030342794,-39.4474487423609],[-72.1178038204493,-39.4914271595713],[-71.9936861491347,-39.5476018780331],[-71.9244074813295,-39.6209512072804]]}},{"type":"Feature","properties":{"average_dip":"(90.,,)","catalog_id":"SA_63","catalog_name":"SARA","dip_dir":"S","downthrown_side_id":"None","lower_seis_depth":"(35.0,,)","name":"Falla Calafquen","net_slip_rate":"(0.5,0.1,1)","slip_type":"Sinistral-Reverse","upper_seis_depth":"(0.0,,)"},"geometry":{"type":"LineString","coordinates":[[-72.1121395081003,-39.5444877093427],[-71.9861159384748,-39.6053747194418]]}},{"type":"Feature","properties":{"average_dip":"(90.,,)","catalog_id":"SA_64","catalog_name":"SARA","dip_dir":"S","downthrown_side_id":"None","lower_seis_depth":"(35.0,,)","name":"Falla Panguipulli","net_slip_rate":"(0.5,0.1,1)","slip_type":"Sinistral-Reverse","upper_seis_depth":"(0.0,,)"},"geometry":{"type":"LineString","coordinates":[[-72.2180590603276,-39.7049897312665],[-72.1086644539246,-39.7811095771409]]}},{"type":"Feature","properties":{"average_dip":"(90.,,)","catalog_id":"SA_65","catalog_name":"SARA","dip_dir":"E","downthrown_side_id":"None","lower_seis_depth":"(35.0,,)","name":"Falla Liqui\u00f1e 006t","net_slip_rate":"(3.0,1.0,5.0)","slip_type":"Dextral","upper_seis_depth":"(0.0,,)"},"geometry":{"type":"LineString","coordinates":[[-71.8607002981335,-39.6863420218871],[-71.7955098519559,-39.5681035922076]]}},{"type":"Feature","properties":{"average_dip":"(90.,,)","catalog_id":"SA_66","catalog_name":"SARA","dip_dir":"E","downthrown_side_id":"None","lower_seis_depth":"(35.0,,)","name":"Falla Caburgua 006q","net_slip_rate":"(3.0,1.0,5.0)","slip_type":"Dextral","upper_seis_depth":"(0.0,,)"},"geometry":{"type":"LineString","coordinates":[[-71.7834351769213,-39.4672390230365],[-71.7803703669909,-39.339699965163]]}},{"type":"Feature","properties":{"average_dip":"(90.,,)","catalog_id":"SA_67","catalog_name":"SARA","dip_dir":"E","downthrown_side_id":"None","lower_seis_depth":"(35.0,,)","name":"Falla Caburgua 006p","net_slip_rate":"(3.0,1.0,5.0)","slip_type":"Dextral","upper_seis_depth":"(0.0,,)"},"geometry":{"type":"LineString","coordinates":[[-71.7987801063469,-39.2987955988613],[-71.7810821401437,-39.2058432299413],[-71.7425747035141,-39.0900334258508]]}},{"type":"Feature","properties":{"average_dip":"(90,,)","catalog_id":"SA_68","catalog_name":"SARA","dip_dir":"S","downthrown_side_id":"None","lower_seis_depth":"(35.0,,)","name":"Falla Catripulli","net_slip_rate":"(0.5,0.1,1)","slip_type":"Sinistral-Reverse","upper_seis_depth":"(0.0,,)"},"geometry":{"type":"LineString","coordinates":[[-72.0843131674852,-39.1873101965682],[-71.9820212130572,-39.2273251322276],[-71.7009352645094,-39.358690873658],[-71.5428198000473,-39.4494433839083]]}},{"type":"Feature","properties":{"average_dip":"(90.,,)","catalog_id":"SA_69","catalog_name":"SARA","dip_dir":"E","downthrown_side_id":"None","lower_seis_depth":"(35.0,,)","name":"Falla Caburgua 006o","net_slip_rate":"(3.0,1.0,5.0)","slip_type":"Dextral","upper_seis_depth":"(0.0,,)"},"geometry":{"type":"LineString","coordinates":[[-71.8872746915849,-39.2641316061478],[-71.8396548616036,-39.2238293687671],[-71.7993294052273,-39.1498744375424],[-71.7869247896792,-39.1029264874857]]}},{"type":"Feature","properties":{"average_dip":"(72.0,,)","catalog_id":"SA_70","catalog_name":"SARA","dip_dir":"NE","downthrown_side_id":"None","lower_seis_depth":"(18.0,,)","name":"Falla Lanalhue 004b","net_slip_rate":"(0.5,0.1,1)","slip_type":"Sinistral-Reverse","upper_seis_depth":"(0.0,,)"},"geometry":{"type":"LineString","coordinates":[[-72.4454725875571,-38.8865115380353],[-72.6489963487031,-38.6622491227756],[-72.7460690060986,-38.5665900704416],[-73.0458358865549,-38.1773163890578],[-73.2728574457612,-37.9547875018826]]}},{"type":"Feature","properties":{"average_dip":"(37.0,40,55)","catalog_id":"SA_71","catalog_name":"SARA","dip_dir":"E","downthrown_side_id":"None","lower_seis_depth":"(24.0,,)","name":"San Ramon 01a","net_slip_rate":"(0.4,,)","slip_type":"Reverse","upper_seis_depth":"(0.0,,)"},"geometry":{"type":"LineString","coordinates":[[-70.5347101652501,-33.6172834741717],[-70.5269094081927,-33.5293193288813],[-70.5180098562026,-33.4968140547759],[-70.5206937794671,-33.4361351038607],[-70.5400224134379,-33.4055007058795],[-70.5475878647042,-33.369160529091]]}},{"type":"Feature","properties":{"average_dip":"(72.0,,)","catalog_id":"SA_72","catalog_name":"SARA","dip_dir":"SW","downthrown_side_id":"None","lower_seis_depth":"(18.0,,)","name":"Falla Pichilemu","net_slip_rate":"(0.5,0.1,1)","slip_type":"Normal","upper_seis_depth":"(0.0,,)"},"geometry":{"type":"LineString","coordinates":[[-71.9828624556814,-34.3695437851876],[-71.8331733974617,-34.5362391517982],[-71.7250098309125,-34.5866424601693]]}},{"type":"Feature","properties":{"average_dip":"(72.0,,)","catalog_id":"SA_73","catalog_name":"SARA","dip_dir":"SW","downthrown_side_id":"None","lower_seis_depth":"(18.0,,)","name":"Falla Topocalma 002b","net_slip_rate":"(0.5,0.1,1)","slip_type":"Normal","upper_seis_depth":"(0.0,,)"},"geometry":{"type":"LineString","coordinates":[[-71.9480318996295,-34.0846649473903],[-71.7850026995246,-34.2268102013038],[-71.7809497377364,-34.2518786502857],[-71.7221946023957,-34.3272057429967]]}},{"type":"Feature","properties":{"average_dip":"(72.0,,)","catalog_id":"SA_74","catalog_name":"SARA","dip_dir":"NE","downthrown_side_id":"None","lower_seis_depth":"(18.0,,)","name":"Falla Topocalma 002c","net_slip_rate":"(0.5,0.1,1)","slip_type":"Normal","upper_seis_depth":"(0.0,,)"},"geometry":{"type":"LineString","coordinates":[[-71.6101187936479,-34.4214780720329],[-71.708596701113,-34.3513589862528],[-71.804037863636,-34.2812335667456],[-71.9302442382266,-34.1506796608495]]}},{"type":"Feature","properties":{"average_dip":"(90.,,)","catalog_id":"SA_75","catalog_name":"SARA","dip_dir":"E","downthrown_side_id":"None","lower_seis_depth":"(35.0,,)","name":"Falla Ralco 006e","net_slip_rate":"(3.0,1.0,5.0)","slip_type":"Dextral","upper_seis_depth":"(0.0,,)"},"geometry":{"type":"LineString","coordinates":[[-71.3073664046427,-38.0339235197389],[-71.2926570458987,-38.0101849331331],[-71.2825072495911,-37.9335861691357],[-71.2596541261135,-37.8762853170217]]}},{"type":"Feature","properties":{"average_dip":"(90.,,)","catalog_id":"SA_76","catalog_name":"SARA","dip_dir":"VERTICAL","downthrown_side_id":"None","lower_seis_depth":"(35.0,,)","name":"Falla Sierra Nevada","net_slip_rate":"(0.5,0.1,1)","slip_type":"Dextral-Normal","upper_seis_depth":"(0.0,,)"},"geometry":{"type":"LineString","coordinates":[[-71.571182004554,-38.6067078572628],[-71.4255939889439,-38.5567081619412]]}},{"type":"Feature","properties":{"average_dip":"(72.0,,)","catalog_id":"SA_77","catalog_name":"SARA","dip_dir":"W","downthrown_side_id":"None","lower_seis_depth":"(35.0,,)","name":"Falla Escorial","net_slip_rate":"(0.5,0.1,1)","slip_type":"Dextral-Normal","upper_seis_depth":"(0.0,,)"},"geometry":{"type":"LineString","coordinates":[[-71.3705917456914,-38.513612523741],[-71.4510802225753,-38.632105415371],[-71.5939028382765,-38.7549452104557],[-71.638433201781,-38.8170896844021]]}},{"type":"Feature","properties":{"average_dip":"(72.0,,)","catalog_id":"SA_78","catalog_name":"SARA","dip_dir":"SW","downthrown_side_id":"None","lower_seis_depth":"(35.0,,)","name":"Falla Bio-Bio Alumin\u00e9","net_slip_rate":"(0.5,0.1,1)","slip_type":"Sinistral-Reverse","upper_seis_depth":"(0.0,,)"},"geometry":{"type":"LineString","coordinates":[[-71.3128262461072,-38.3333744334105],[-71.2569634921184,-38.3936843101196],[-71.0414970103715,-38.6765790871257]]}},{"type":"Feature","properties":{"average_dip":"(90.,,)","catalog_id":"SA_79","catalog_name":"SARA","dip_dir":"VERTICAL","downthrown_side_id":"None","lower_seis_depth":"(35.0,,)","name":"Falla Troyo 006m","net_slip_rate":"(3.0,1.0,5.0)","slip_type":"Dextral","upper_seis_depth":"(0.0,,)"},"geometry":{"type":"LineString","coordinates":[[-71.3667009920122,-38.4438469869331],[-71.2931458059674,-38.1947351092461]]}},{"type":"Feature","properties":{"average_dip":"(72.0,,)","catalog_id":"SA_80","catalog_name":"SARA","dip_dir":"W","downthrown_side_id":"None","lower_seis_depth":"(35.0,,)","name":"Falla Lolco 006c","net_slip_rate":"(3.0,1.0,5.0)","slip_type":"Dextral-Normal","upper_seis_depth":"(0.0,,)"},"geometry":{"type":"LineString","coordinates":[[-71.4362794198276,-38.1820262665268],[-71.4466892307916,-38.3033965728355],[-71.463567087356,-38.3442912513341],[-71.5155730040534,-38.3775159266931],[-71.6441156615775,-38.426223323316]]}},{"type":"Feature","properties":{"average_dip":"(72.0,,)","catalog_id":"SA_81","catalog_name":"SARA","dip_dir":"W","downthrown_side_id":"None","lower_seis_depth":"(35.0,,)","name":"Falla Lolco 006b","net_slip_rate":"(3.0,1.0,5.0)","slip_type":"Dextral-Normal","upper_seis_depth":"(0.0,,)"},"geometry":{"type":"LineString","coordinates":[[-71.3098312078688,-38.0374024984063],[-71.372803789242,-38.0734186563325],[-71.4024507285738,-38.1025814022132],[-71.4780158286864,-38.2588227771489],[-71.5369546069187,-38.3256061176212],[-71.625591116132,-38.3665650981772]]}},{"type":"Feature","properties":{"average_dip":"(72.0,,)","catalog_id":"SA_82","catalog_name":"SARA","dip_dir":"SE","downthrown_side_id":"None","lower_seis_depth":"(35.0,,)","name":"Falla Ranquil","net_slip_rate":"(0.5,0.1,1)","slip_type":"Dextral-Normal","upper_seis_depth":"(0.0,,)"},"geometry":{"type":"LineString","coordinates":[[-71.3300883747151,-38.3299009500946],[-71.2870888039064,-38.290694974732],[-71.0992948267552,-38.1685230334275]]}},{"type":"Feature","properties":{"average_dip":"(90,,)","catalog_id":"SA_83","catalog_name":"SARA","dip_dir":"NW","downthrown_side_id":"None","lower_seis_depth":"(35.0,,)","name":"Falla Cahquilvin","net_slip_rate":"(0.5,0.1,1)","slip_type":"Dextral-Normal","upper_seis_depth":"(0.0,,)"},"geometry":{"type":"LineString","coordinates":[[-71.1332039237178,-38.0061496772405],[-71.2131566979132,-38.0300427585511],[-71.3382806963796,-38.0811692091833],[-71.4126166910142,-38.1271923255675]]}},{"type":"Feature","properties":{"average_dip":"(90.,,)","catalog_id":"SA_84","catalog_name":"SARA","dip_dir":"VERTICAL","downthrown_side_id":"None","lower_seis_depth":"(35.0,,)","name":"Falla Troyo 006j","net_slip_rate":"(3.0,1.0,5.0)","slip_type":"Dextral","upper_seis_depth":"(0.0,,)"},"geometry":{"type":"LineString","coordinates":[[-71.3512680488581,-38.1944460531055],[-71.3261621349176,-38.0782413387781]]}},{"type":"Feature","properties":{"average_dip":"(90.,,)","catalog_id":"SA_85","catalog_name":"SARA","dip_dir":"VERTICAL","downthrown_side_id":"None","lower_seis_depth":"(35.0,,)","name":"Falla Troyo 006k","net_slip_rate":"(3.0,1.0,5.0)","slip_type":"Dextral","upper_seis_depth":"(0.0,,)"},"geometry":{"type":"LineString","coordinates":[[-71.3432930067408,-38.2323670232832],[-71.311884965616,-38.1339716881853]]}},{"type":"Feature","properties":{"average_dip":"(90.,,)","catalog_id":"SA_86","catalog_name":"SARA","dip_dir":"E","downthrown_side_id":"None","lower_seis_depth":"(35.0,,)","name":"Falla Malalcahuello 006b","net_slip_rate":"(3.0,1.0,5.0)","slip_type":"Dextral","upper_seis_depth":"(0.0,,)"},"geometry":{"type":"LineString","coordinates":[[-71.6050212229261,-38.9782907429134],[-71.6099396196338,-38.9042842223977],[-71.6445135206445,-38.8315990417816],[-71.641964805646,-38.7296301781904],[-71.6568712504297,-38.5195274170435],[-71.648000071771,-38.3832250536999]]}},{"type":"Feature","properties":{"average_dip":"(90.,,)","catalog_id":"SA_87","catalog_name":"SARA","dip_dir":"E","downthrown_side_id":"None","lower_seis_depth":"(35.0,,)","name":"Falla Malalcahuello 006a","net_slip_rate":"(3.0,1.0,5.0)","slip_type":"Dextral","upper_seis_depth":"(0.0,,)"},"geometry":{"type":"LineString","coordinates":[[-71.6410439139032,-38.2417754906061],[-71.6238753767494,-38.1677802994534],[-71.6241906159041,-38.1363832714234],[-71.5889155610983,-38.0083206307724],[-71.5623498584295,-37.9741890906742]]}},{"type":"Feature","properties":{"average_dip":"(90.,,)","catalog_id":"SA_88","catalog_name":"SARA","dip_dir":"VERTICAL","downthrown_side_id":"None","lower_seis_depth":"(35.0,,)","name":"Falla Lomin 006f","net_slip_rate":"(3.0,1.0,5.0)","slip_type":"Dextral","upper_seis_depth":"(0.0,,)"},"geometry":{"type":"LineString","coordinates":[[-71.2850244555363,-38.0133791615903],[-71.2575918742656,-37.9737831438318],[-71.2144333766989,-37.9369360750845],[-71.0898633976177,-37.8735139507907]]}},{"type":"Feature","properties":{"average_dip":"(90.,,)","catalog_id":"SA_89","catalog_name":"SARA","dip_dir":"E","downthrown_side_id":"None","lower_seis_depth":"(35.0,,)","name":"Falla Troyo 006n","net_slip_rate":"(3.0,1.0,5.0)","slip_type":"Dextral","upper_seis_depth":"(0.0,,)"},"geometry":{"type":"LineString","coordinates":[[-71.4369605800146,-38.9148516600931],[-71.421729398302,-38.7958280925504],[-71.3920138904957,-38.6907564128995],[-71.3852219865766,-38.6208244757148],[-71.3703348979592,-38.5755807078732]]}},{"type":"Feature","properties":{"average_dip":"(90.,,)","catalog_id":"SA_90","catalog_name":"SARA","dip_dir":"S","downthrown_side_id":"None","lower_seis_depth":"(35.0,,)","name":"Falla Tolhuaca Pemehue","net_slip_rate":"(0.5,0.1,1)","slip_type":"Sinistral-Reverse","upper_seis_depth":"(0.0,,)"},"geometry":{"type":"LineString","coordinates":[[-71.8922910376643,-38.0370324014216],[-71.7660376162566,-38.1858947516351],[-71.656761755796,-38.2935270881233]]}},{"type":"Feature","properties":{"average_dip":"(90.,,)","catalog_id":"SA_91","catalog_name":"SARA","dip_dir":"SE","downthrown_side_id":"None","lower_seis_depth":"(35.0,,)","name":"Falla Sollipulli-Icalma","net_slip_rate":"(0.5,0.1,1)","slip_type":"Dextral-Normal","upper_seis_depth":"(0.0,,)"},"geometry":{"type":"LineString","coordinates":[[-71.6684725646664,-39.0345135705608],[-71.5164949738053,-38.9721884618885],[-71.3347306663801,-38.8482034007368],[-71.1738845136372,-38.7782977351245]]}},{"type":"Feature","properties":{"average_dip":"(90.,,)","catalog_id":"SA_92","catalog_name":"SARA","dip_dir":"S","downthrown_side_id":"None","lower_seis_depth":"(35.0,,)","name":"Falla Pullehue-Cordon Caulle 023a","net_slip_rate":"(0.5,0.1,1)","slip_type":"Sinistral-Reverse","upper_seis_depth":"(0.0,,)"},"geometry":{"type":"LineString","coordinates":[[-72.4396827202081,-40.3186918720904],[-72.313210613333,-40.390304475137],[-72.2461218749036,-40.453074253885],[-72.145238661293,-40.5240343506791]]}},{"type":"Feature","properties":{"average_dip":"(90.,,)","catalog_id":"SA_93","catalog_name":"SARA","dip_dir":"S","downthrown_side_id":"None","lower_seis_depth":"(35.0,,)","name":"Falla Pullehue-Cordon Caulle 023c","net_slip_rate":"(0.5,0.1,1)","slip_type":"Sinistral-Reverse","upper_seis_depth":"(0.0,,)"},"geometry":{"type":"LineString","coordinates":[[-72.2911308353908,-40.4740938367714],[-72.15303992953,-40.5571843707271]]}},{"type":"Feature","properties":{"average_dip":"(90,,)","catalog_id":"SA_94","catalog_name":"SARA","dip_dir":"N","downthrown_side_id":"None","lower_seis_depth":"(35.0,,)","name":"Falla Villarrica-Quetrupillan-Lanin","net_slip_rate":"(0.5,0.1,1)","slip_type":"Sinistral-Reverse","upper_seis_depth":"(0.0,,)"},"geometry":{"type":"LineString","coordinates":[[-71.5746630981377,-39.5819537208527],[-72.202441720738,-39.2908493696658]]}},{"type":"Feature","properties":{"average_dip":"(90.,,)","catalog_id":"SA_95","catalog_name":"SARA","dip_dir":"VERTICAL","downthrown_side_id":"None","lower_seis_depth":"(35.0,,)","name":"Falla Callaqui","net_slip_rate":"(0.5,0.1,1)","slip_type":"Dextral-Normal","upper_seis_depth":"(0.0,,)"},"geometry":{"type":"LineString","coordinates":[[-71.5514546375092,-37.9643986963377],[-71.1050168672002,-37.8130811592626]]}},{"type":"Feature","properties":{"average_dip":"(90.,,)","catalog_id":"SA_96","catalog_name":"SARA","dip_dir":"E","downthrown_side_id":"None","lower_seis_depth":"(35.0,,)","name":"Falla Maihue-Anticura 006aa","net_slip_rate":"(3.0,1.0,5.0)","slip_type":"Dextral","upper_seis_depth":"(0.0,,)"},"geometry":{"type":"LineString","coordinates":[[-72.0461988876727,-40.4885956405739],[-72.0275222541986,-40.3681426314163]]}},{"type":"Feature","properties":{"average_dip":"(90.,,)","catalog_id":"SA_97","catalog_name":"SARA","dip_dir":"VERTICAL","downthrown_side_id":"None","lower_seis_depth":"(35.0,,)","name":"Falla Futrono","net_slip_rate":"(0.5,0.1,1)","slip_type":"Sinistral-Reverse","upper_seis_depth":"(0.0,,)"},"geometry":{"type":"LineString","coordinates":[[-72.0803523375102,-40.3610830459788],[-72.3880515964995,-40.0967282581135]]}},{"type":"Feature","properties":{"average_dip":"(90.,,)","catalog_id":"SA_98","catalog_name":"SARA","dip_dir":"VERTICAL","downthrown_side_id":"None","lower_seis_depth":"(35.0,,)","name":"Falla Las Raices","net_slip_rate":"(0.5,0.1,1)","slip_type":"Dextral-Normal","upper_seis_depth":"(0.0,,)"},"geometry":{"type":"LineString","coordinates":[[-71.5664113073475,-38.5423804156427],[-71.3604455773241,-38.4213685659226]]}},{"type":"Feature","properties":{"average_dip":"(90.,,)","catalog_id":"SA_99","catalog_name":"SARA","dip_dir":"N","downthrown_side_id":"None","lower_seis_depth":"(0.0,,)","name":"Falla Lago Fagnano, secci\u00f3n occidental","net_slip_rate":"(3.0,1,5)","slip_type":"Sinistral-Normal","upper_seis_depth":"(0.0,,)"},"geometry":{"type":"LineString","coordinates":[[-70.9563947455857,-54.104707889903],[-71.4198663033,-53.9309060557601],[-71.9323588921948,-53.7927558793495],[-72.400286908025,-53.6144975879901],[-72.7835422349423,-53.4406957538473],[-73.1044071599288,-53.3203714063028],[-73.4297285421319,-53.1287437432938],[-73.683746607971,-52.941572536602]]}},{"type":"Feature","properties":{"average_dip":"(90.,,)","catalog_id":"SA_100","catalog_name":"SARA","dip_dir":"N","downthrown_side_id":"None","lower_seis_depth":"(0.0,,)","name":"Falla Lago Fagnano, secci\u00f3n occidental","net_slip_rate":"(3.0,1,5)","slip_type":"Sinistral-Normal","upper_seis_depth":"(0.0,,)"},"geometry":{"type":"LineString","coordinates":[[-68.6781794573097,-54.3712853107379],[-69.333292652598,-54.2794680245131],[-69.5673420380996,-54.2257909477794],[-69.9340394974744,-54.1712006787728]]}},{"type":"Feature","properties":{"average_dip":"(90.,,)","catalog_id":"SA_101","catalog_name":"SARA","dip_dir":"S","downthrown_side_id":"None","lower_seis_depth":"(0.0,,)","name":"Falla Lago Fagnano, secci\u00f3n occidental","net_slip_rate":"(3.0,1,5)","slip_type":"Sinistral-Normal","upper_seis_depth":"(0.0,,)"},"geometry":{"type":"LineString","coordinates":[[-69.2580366234604,-54.3484112329884],[-68.9159605355051,-54.383287260544],[-68.7050354461211,-54.4316840678073],[-68.599167463676,-54.4445654709211]]}},{"type":"Feature","properties":{"average_dip":"(90.,,)","catalog_id":"SA_102","catalog_name":"SARA","dip_dir":"N","downthrown_side_id":"None","lower_seis_depth":"(0.0,,)","name":"Falla Lago Fagnano, secci\u00f3n occidental","net_slip_rate":"(3.0,1,5)","slip_type":"Sinistral-Normal","upper_seis_depth":"(0.0,,)"},"geometry":{"type":"LineString","coordinates":[[-69.5039472679305,-54.186552709258],[-69.8323306689735,-54.1358181872246],[-70.0681333897905,-54.085911920995]]}},{"type":"Feature","properties":{"average_dip":"(90.,,)","catalog_id":"SA_103","catalog_name":"SARA","dip_dir":"S","downthrown_side_id":"None","lower_seis_depth":"(0.0,,)","name":"Falla Lago Fagnano, secci\u00f3n occidental","net_slip_rate":"(3.0,1,5)","slip_type":"Sinistral-Normal","upper_seis_depth":"(0.0,,)"},"geometry":{"type":"LineString","coordinates":[[-70.8542787949014,-53.9439360772352],[-70.5861650352641,-54.1204211411751]]}},{"type":"Feature","properties":{"average_dip":"(90.,,)","catalog_id":"SA_104","catalog_name":"SARA","dip_dir":"N","downthrown_side_id":"None","lower_seis_depth":"(0.0,,)","name":"Falla Lago Fagnano, secci\u00f3n occidental","net_slip_rate":"(3.0,1,5)","slip_type":"Sinistral-Normal","upper_seis_depth":"(0.0,,)"},"geometry":{"type":"LineString","coordinates":[[-70.4770202731805,-54.2543311491159],[-70.554694149379,-54.213554068979],[-70.7675071117546,-54.1402607337279],[-70.8113902235515,-54.1115047292787]]}},{"type":"Feature","properties":{"average_dip":"(90.,,)","catalog_id":"SA_105","catalog_name":"SARA","dip_dir":"N","downthrown_side_id":"None","lower_seis_depth":"(0.0,,)","name":"Falla Lago Fagnano, secci\u00f3n occidental","net_slip_rate":"(3.0,1,5)","slip_type":"Sinistral-Normal","upper_seis_depth":"(0.0,,)"},"geometry":{"type":"LineString","coordinates":[[-69.9566883049482,-54.3158995023634],[-70.1526635127793,-54.3789178675924]]}},{"type":"Feature","properties":{"average_dip":"(90.,,)","catalog_id":"SA_106","catalog_name":"SARA","dip_dir":"VERTICAL","downthrown_side_id":"None","lower_seis_depth":"(0.0,,)","name":"Falla Lago Fagnano, secci\u00f3n occidental","net_slip_rate":"(3.0,1,5)","slip_type":"Sinistral-Normal","upper_seis_depth":"(0.0,,)"},"geometry":{"type":"LineString","coordinates":[[-69.1705527159372,-54.4298072978455],[-69.0369051805267,-54.4570581717654],[-68.9789101547594,-54.4804234762944],[-68.8061473523231,-54.5102636808991]]}},{"type":"Feature","properties":{"average_dip":"(90.,,)","catalog_id":"SA_107","catalog_name":"SARA","dip_dir":"N","downthrown_side_id":"None","lower_seis_depth":"(0.0,,)","name":"Falla Lago Fagnano, secci\u00f3n occidental","net_slip_rate":"(3.0,1,5)","slip_type":"Sinistral-Normal","upper_seis_depth":"(0.0,,)"},"geometry":{"type":"LineString","coordinates":[[-69.6205921041432,-54.3119378188525],[-69.7237161894265,-54.3063618055343],[-69.8805141390651,-54.3165244178592]]}},{"type":"Feature","properties":{"average_dip":"(72.0,,)","catalog_id":"SA_108","catalog_name":"SARA","dip_dir":"SE","downthrown_side_id":"None","lower_seis_depth":"(39.0,,)","name":"Sistema de fallas Aconquija","net_slip_rate":"(0.5,0.1,1.0)","slip_type":"Reverse","upper_seis_depth":"(0.0,,)"},"geometry":{"type":"LineString","coordinates":[[-66.3719349597762,-27.3502279804255],[-66.3397138801386,-27.3131880302834],[-66.311151839666,-27.2915150402715],[-66.2738360395785,-27.2787290102589],[-66.1983631200478,-27.2168610298908],[-66.1350301198123,-27.134771040062],[-66.1212669602271,-27.1053780296317],[-66.1089121608063,-27.0573367598065],[-66.0996503209168,-26.9863186482124],[-66.0729062295212,-26.8989309202679]]}},{"type":"Feature","properties":{"average_dip":"(52.0,45,60)","catalog_id":"SA_109","catalog_name":"SARA","dip_dir":"W","downthrown_side_id":"None","lower_seis_depth":"(35.9,,)","name":"Falla Pismanta-Las Flores","net_slip_rate":"(0.5,0.1,1.0)","slip_type":"Reverse","upper_seis_depth":"(1.0,,)"},"geometry":{"type":"LineString","coordinates":[[-69.2339309997348,-30.0787610402431],[-69.2414161199372,-30.3206259595586]]}},{"type":"Feature","properties":{"average_dip":"(20,,)","catalog_id":"SA_110","catalog_name":"SARA","dip_dir":"W","downthrown_side_id":"None","lower_seis_depth":"(35.9,,)","name":"Falla La Cantera","net_slip_rate":"(0.5,0.1,1)","slip_type":"Reverse","upper_seis_depth":"(1.0,,)"},"geometry":{"type":"LineString","coordinates":[[-68.9753300400957,-31.0529819698089],[-68.9975150402192,-31.1339009704097],[-69.0694369201674,-31.2300590403537]]}},{"type":"Feature","properties":{"average_dip":"(45,,)","catalog_id":"SA_111","catalog_name":"SARA","dip_dir":"E","downthrown_side_id":"None","lower_seis_depth":"(35.9,,)","name":"Falla Maradona-Acequion","net_slip_rate":"(0.6,0.2,1)","slip_type":"Reverse","upper_seis_depth":"(1.0,,)"},"geometry":{"type":"LineString","coordinates":[[-68.8739918401895,-31.8302219698257],[-68.904353879999,-31.6796390099011]]}},{"type":"Feature","properties":{"average_dip":"(80,,)","catalog_id":"SA_112","catalog_name":"SARA","dip_dir":"E","downthrown_side_id":"None","lower_seis_depth":"(35.9,,)","name":"Falla Las Tapias-Villicum","net_slip_rate":"(0.8,,)","slip_type":"Reverse","upper_seis_depth":"(1.0,,)"},"geometry":{"type":"LineString","coordinates":[[-68.6467569603456,-31.4443140296304],[-68.611708080398,-31.3758539999018],[-68.5814461198419,-31.3367229902439],[-68.5394309997245,-31.1986600004061],[-68.5441899996636,-31.1689169999223],[-68.5203949999683,-31.0487539997431],[-68.5061190001972,-31.0130620002232]]}},{"type":"Feature","properties":{"average_dip":"(37.0,30,45)","catalog_id":"SA_113","catalog_name":"SARA","dip_dir":"E","downthrown_side_id":"None","lower_seis_depth":"(35.9,,)","name":"Falla Rinconada","net_slip_rate":"(3.0,1,5)","slip_type":"Reverse","upper_seis_depth":"(1.0,,)"},"geometry":{"type":"LineString","coordinates":[[-68.6475820802136,-31.9037789701079],[-68.6181848402717,-31.8670290000588],[-68.6049040797209,-31.832996040141],[-68.5984049995738,-31.7840889602562],[-68.6173341598729,-31.6934370002285]]}},{"type":"Feature","properties":{"average_dip":"(37.0,30,40)","catalog_id":"SA_114","catalog_name":"SARA","dip_dir":"E","downthrown_side_id":"None","lower_seis_depth":"(35.9,,)","name":"Falla Los Berros","net_slip_rate":"(0.5,0.1,1.0)","slip_type":"Reverse","upper_seis_depth":"(1.0,,)"},"geometry":{"type":"LineString","coordinates":[[-68.7570238802696,-32.1962779796693],[-68.7391358399027,-32.1711239703887],[-68.712305040202,-32.1040469702374],[-68.63114591972,-31.9764220199887],[-68.6066608801241,-31.9067949598477],[-68.5755028800642,-31.8525980399075]]}},{"type":"Feature","properties":{"average_dip":"(20.0,15,25)","catalog_id":"SA_115","catalog_name":"SARA","dip_dir":"E","downthrown_side_id":"None","lower_seis_depth":"(35.9,,)","name":"Falla Cerro Salinas","net_slip_rate":"(0.5,0.1,1)","slip_type":"Reverse","upper_seis_depth":"(1.0,,)"},"geometry":{"type":"LineString","coordinates":[[-68.6916989995503,-32.2429339800724],[-68.6881778399423,-32.1960509997823],[-68.6714299195747,-32.1351650098224],[-68.6428138802102,-32.0970950104021],[-68.5863470074888,-32.0187903650722],[-68.5857819599879,-31.9968970204274],[-68.5682038799516,-31.9670129702764]]}},{"type":"Feature","properties":{"average_dip":"(37.0,,45)","catalog_id":"SA_116","catalog_name":"SARA","dip_dir":"SE","downthrown_side_id":"None","lower_seis_depth":"(35.6,,)","name":"Falla Niquizanga","net_slip_rate":"(0.75,0.5,1)","slip_type":"Reverse","upper_seis_depth":"(2.0,,)"},"geometry":{"type":"LineString","coordinates":[[-67.9707788401704,-31.7615499896798],[-67.9191130800681,-31.7257939800152],[-67.8769779598151,-31.6025190000601],[-67.8510770402069,-31.5804899702555]]}},{"type":"Feature","properties":{"average_dip":"(37.0,30,45)","catalog_id":"SA_117","catalog_name":"SARA","dip_dir":"W","downthrown_side_id":"None","lower_seis_depth":"(35.9,,)","name":"Falla Cerro La Cal","net_slip_rate":"(3.0,1,5)","slip_type":"Reverse","upper_seis_depth":"(1.0,,)"},"geometry":{"type":"LineString","coordinates":[[-68.984798040367,-32.080640039689],[-68.9666241603857,-32.1003060298152],[-68.9661691196266,-32.1171100202134],[-68.934070079787,-32.1356199597499],[-68.9231750398163,-32.2807789799128],[-68.8774471199623,-32.3534570404002],[-68.8762771199886,-32.3868719700317],[-68.8582321200487,-32.4137770195579],[-68.8601739595567,-32.4680090400369],[-68.8339191603272,-32.536985039592],[-68.84180495997,-32.634007019861],[-68.8566769197654,-32.6548279795918],[-68.8608410397659,-32.7356700297032],[-68.8424000395581,-32.8207349696103],[-68.8507279198301,-32.9171039998179]]}},{"type":"Feature","properties":{"average_dip":"(37.0,30,45)","catalog_id":"SA_118","catalog_name":"SARA","dip_dir":"E","downthrown_side_id":"None","lower_seis_depth":"(35.0,,)","name":"Falla El Molino","net_slip_rate":"(1.05,0.1,2)","slip_type":"Reverse","upper_seis_depth":"(0.0,,)"},"geometry":{"type":"LineString","coordinates":[[-64.9852380002655,-32.405436000191],[-64.9880931597502,-32.337978030141],[-65.0034410398643,-32.3326240198616],[-65.0034410398643,-32.3151350401554],[-65.0216440803624,-32.3019289799904],[-65.0277111603809,-32.2196599801118],[-65.0437729196238,-32.1564850204344],[-65.0153430003492,-32.032293029685]]}},{"type":"Feature","properties":{"average_dip":"(45,,)","catalog_id":"SA_119","catalog_name":"SARA","dip_dir":"SE","downthrown_side_id":"None","lower_seis_depth":"(35.9,,)","name":"Falla Zonda","net_slip_rate":"(0.5,0.1,1.0)","slip_type":"Reverse","upper_seis_depth":"(1.0,,)"},"geometry":{"type":"LineString","coordinates":[[-68.7205080001474,-31.7004879997009],[-68.7300260000256,-31.664796000181],[-68.7127749998141,-31.5666430001524],[-68.6634220801339,-31.4820900002098]]}},{"type":"Feature","properties":{"average_dip":"(72.0,,)","catalog_id":"SA_120","catalog_name":"SARA","dip_dir":"NW","downthrown_side_id":"None","lower_seis_depth":"(35.0,,)","name":"Falla Del Turco","net_slip_rate":"(1,,)","slip_type":"Reverse","upper_seis_depth":"(0.0,,)"},"geometry":{"type":"LineString","coordinates":[[-63.7745360398393,-23.557643999658],[-63.789766919956,-23.6128130102694],[-63.8398018800673,-23.6833250401594],[-63.8586450004292,-23.7384669595941],[-63.8932388396178,-23.769027989691],[-63.9267350400818,-23.7798800096932],[-63.9651189604469,-23.8366050299777],[-63.9750059998177,-23.8780490401369],[-64.0175720401136,-23.9230119598006]]}},{"type":"Feature","properties":{"average_dip":"(45,,)","catalog_id":"SA_121","catalog_name":"SARA","dip_dir":"W","downthrown_side_id":"None","lower_seis_depth":"(39.4,,)","name":"Grupo de fallas El Duraznillo","net_slip_rate":"(0.055,0.01,0.1)","slip_type":"Reverse","upper_seis_depth":"(0.6,,)"},"geometry":{"type":"LineString","coordinates":[[-66.7441130395831,-29.1524100303447],[-66.771717839889,-29.2708559702618],[-66.8641708802387,-29.3781410099318],[-66.8696630398717,-29.3983329595537]]}},{"type":"Feature","properties":{"average_dip":"(52.0,45,60)","catalog_id":"SA_122","catalog_name":"SARA","dip_dir":"W","downthrown_side_id":"None","lower_seis_depth":"(39.4,,)","name":"Falla Chumbicha","net_slip_rate":"(0.5,0.1,1)","upper_seis_depth":"(0.6,,)"},"geometry":{"type":"LineString","coordinates":[[-66.3305730001616,-28.8937299996148],[-66.1899549995664,-28.80715099981]]}},{"type":"Feature","properties":{"average_dip":"(37.0,30,45)","catalog_id":"SA_123","catalog_name":"SARA","dip_dir":"SW","downthrown_side_id":"None","lower_seis_depth":"(35.9,,)","name":"Falla Las Pe\u00f1as","net_slip_rate":"(1.05,0.1,2)","slip_type":"Reverse","upper_seis_depth":"(1.0,,)"},"geometry":{"type":"LineString","coordinates":[[-68.8798771195334,-32.2397900096012],[-68.8453740006096,-32.2802409594527],[-68.8144409995525,-32.3308040401743],[-68.8138459199532,-32.409921959231],[-68.8019489999464,-32.4557260201397],[-68.794810919888,-32.5509049801806]]}},{"type":"Feature","properties":{"average_dip":"(90.,,)","catalog_id":"SA_124","catalog_name":"SARA","dip_dir":"S","downthrown_side_id":"None","lower_seis_depth":"(0.0,,)","name":"Sistema de fallas Fagnano","net_slip_rate":"(3.0,1,5)","slip_type":"Sinistral","upper_seis_depth":"(0.0,,)"},"geometry":{"type":"LineString","coordinates":[[-70.247818035566,-54.0601433168383],[-70.1274936889209,-54.1091643471195],[-69.8378239653495,-54.1893805788158],[-69.6105446428095,-54.2339451518804],[-69.2540280600907,-54.349813041309],[-69.1426166269794,-54.4077469860233],[-68.7147967269973,-54.4968761312534],[-68.5900159231357,-54.5147019610188],[-68.5458589277723,-54.534627449708],[-68.16276570584,-54.5726988258012],[-67.9377876677403,-54.5631809817779],[-67.7871082995466,-54.5411709674739]]}},{"type":"Feature","properties":{"average_dip":"(90.,,)","catalog_id":"SA_125","catalog_name":"SARA","dip_dir":"S","downthrown_side_id":"None","lower_seis_depth":"(0.0,,)","name":"Sistema de fallas Fagnano","net_slip_rate":"(3.0,1,5)","slip_type":"Sinistral","upper_seis_depth":"(0.0,,)"},"geometry":{"type":"LineString","coordinates":[[-67.6319718483764,-54.5494990809943],[-67.3856976342729,-54.5506888114973],[-67.2833808110222,-54.5358171802108]]}},{"type":"Feature","properties":{"average_dip":"(90.,,)","catalog_id":"SA_126","catalog_name":"SARA","dip_dir":"S","downthrown_side_id":"None","lower_seis_depth":"(0.0,,)","name":"Sistema de fallas Fagnano","net_slip_rate":"(3.0,1,5)","slip_type":"Sinistral","upper_seis_depth":"(0.0,,)"},"geometry":{"type":"LineString","coordinates":[[-67.2341854547267,-54.5375819471235],[-66.9617371695591,-54.5548330394157],[-66.8701279208346,-54.5792225147255],[-66.7832775941218,-54.5857660324915]]}},{"type":"Feature","properties":{"average_dip":"(90.,,)","catalog_id":"SA_127","catalog_name":"SARA","dip_dir":"S","downthrown_side_id":"None","lower_seis_depth":"(0.0,,)","name":"Sistema de fallas Fagnano","net_slip_rate":"(3.0,1,5)","slip_type":"Sinistral","upper_seis_depth":"(0.0,,)"},"geometry":{"type":"LineString","coordinates":[[-66.7340822378263,-54.5566176351701],[-66.6133245917804,-54.5601868266789],[-66.5919094427279,-54.5488843869012],[-66.5181461515472,-54.5542381741643],[-66.4592544916529,-54.5352024861176],[-66.408690945279,-54.5357973513691],[-66.3065221373429,-54.5089922395848]]}},{"type":"Feature","properties":{"average_dip":"(37.0,30,45)","catalog_id":"SA_128","catalog_name":"SARA","dip_dir":"E","downthrown_side_id":"None","lower_seis_depth":"(35.9,,)","name":"Sistema de fallas El Tigre","net_slip_rate":"(3.0,1,5)","slip_type":"Reverse","upper_seis_depth":"(1.0,,)"},"geometry":{"type":"LineString","coordinates":[[-69.1695899997987,-30.4295059801226],[-69.1309400401923,-30.3396029997626]]}},{"type":"Feature","properties":{"average_dip":"(72.0,,)","catalog_id":"SA_129","catalog_name":"SARA","dip_dir":"E","downthrown_side_id":"None","lower_seis_depth":"(35.9,,)","name":"Sistema de fallas El Tigre","net_slip_rate":"(3.0,1,5)","slip_type":"Dextral","upper_seis_depth":"(1.0,,)"},"geometry":{"type":"LineString","coordinates":[[-69.2563528803815,-31.0709250001206],[-69.2240860801112,-30.8907000003011],[-69.2244100797581,-30.8254750198702],[-69.2021638798711,-30.7674819896985],[-69.1986920399825,-30.6446319897643],[-69.1908620396744,-30.6224270103026],[-69.2045650795819,-30.5290330201055],[-69.2317079997849,-30.4966199702882]]}},{"type":"Feature","properties":{"average_dip":"(37.0,30,45)","catalog_id":"SA_130","catalog_name":"SARA","dip_dir":"SE","downthrown_side_id":"None","lower_seis_depth":"(35.0,,)","name":"Falla Las Lagunas","net_slip_rate":"(0.5,0.1,1.0)","slip_type":"Dextral-Reverse","upper_seis_depth":"(0.0,,)"},"geometry":{"type":"LineString","coordinates":[[-64.9339055220542,-33.3705650407132],[-64.9186605909228,-33.3645473047402],[-64.9007179200058,-33.3406739700887],[-64.8424339195876,-33.3167579998893],[-64.7708860802618,-33.2604839698174]]}},{"type":"Feature","properties":{"average_dip":"(45,,)","catalog_id":"SA_131","catalog_name":"SARA","dip_dir":"E","downthrown_side_id":"None","lower_seis_depth":"(35.0,,)","name":"Zona de falla Sierra Chica","net_slip_rate":"(0.5,0.1,1)","slip_type":"Reverse","upper_seis_depth":"(0.0,,)"},"geometry":{"type":"LineString","coordinates":[[-64.4409650735112,-31.3222191754342],[-64.4318608018517,-31.2265588462616],[-64.4670430001398,-31.0899680001995],[-64.4652579996957,-31.0126360003712]]}},{"type":"Feature","properties":{"average_dip":"(37.0,30,45)","catalog_id":"SA_132","catalog_name":"SARA","dip_dir":"E","downthrown_side_id":"None","lower_seis_depth":"(35.0,,)","name":"Zona de falla Sierra Chica","net_slip_rate":"(0.65,0.1,1.2)","slip_type":"Reverse","upper_seis_depth":"(0.0,,)"},"geometry":{"type":"LineString","coordinates":[[-64.3513419996989,-32.3674419997775],[-64.382275000179,-32.3531649999603],[-64.4381920003046,-32.2651250002576],[-64.4411498398821,-32.2264410300907],[-64.5237180001331,-32.0672310304209],[-64.5168171595606,-31.9294130401856],[-64.512057959972,-31.8738519899206],[-64.5573560398689,-31.6554869703669],[-64.5592600799727,-31.5812480402702],[-64.5121468804377,-31.4670339896644],[-64.449523703492,-31.3766200998391],[-64.4454922803685,-31.3337675651566],[-64.4578948797212,-31.1520879903853],[-64.4760519726417,-31.0916024473902],[-64.4712199201907,-31.0285469702895],[-64.5002488796677,-30.8943450001499]]}},{"type":"Feature","properties":{"average_dip":"(37.0,30,45)","catalog_id":"SA_133","catalog_name":"SARA","dip_dir":"E","downthrown_side_id":"None","lower_seis_depth":"(35.0,,)","name":"Zona de falla Sierra Chica","net_slip_rate":"(0.055,0.01,0.1)","slip_type":"Reverse","upper_seis_depth":"(0.0,,)"},"geometry":{"type":"LineString","coordinates":[[-64.3023299328041,-32.7668243844505],[-64.3499169550719,-32.5050957619777],[-64.3541657963458,-32.4014240348943]]}},{"type":"Feature","properties":{"average_dip":"(60,,)","catalog_id":"SA_134","catalog_name":"SARA","dip_dir":"E","downthrown_side_id":"None","lower_seis_depth":"(35.0,,)","name":"Grupo de fallas Sierra de San Marcos","net_slip_rate":"(0.055,0.01,0.1)","slip_type":"Reverse","upper_seis_depth":"(0.0,,)"},"geometry":{"type":"LineString","coordinates":[[-64.6195217722055,-30.8131567141501],[-64.6307685807082,-30.7017465925473]]}},{"type":"Feature","properties":{"average_dip":"(60,,)","catalog_id":"SA_135","catalog_name":"SARA","dip_dir":"E","downthrown_side_id":"None","lower_seis_depth":"(35.0,,)","name":"Grupo de fallas Sierra de San Marcos","net_slip_rate":"(0.055,0.01,0.1)","slip_type":"Reverse","upper_seis_depth":"(0.0,,)"},"geometry":{"type":"LineString","coordinates":[[-64.6310286751703,-30.8434930946937],[-64.6463712124568,-30.7294701471333]]}},{"type":"Feature","properties":{"average_dip":"(72.0,,)","catalog_id":"SA_136","catalog_name":"SARA","dip_dir":"NE","downthrown_side_id":"None","lower_seis_depth":"(35.0,,)","name":"Grupo de fallas Sierra de San Marcos","net_slip_rate":"(0.255,0.01,0.5)","slip_type":"Sinistral-Reverse","upper_seis_depth":"(0.0,,)"},"geometry":{"type":"LineString","coordinates":[[-64.5928996957459,-30.9628459584526],[-64.6062753309,-30.8987571203586],[-64.6996257952998,-30.7488937471645]]}},{"type":"Feature","properties":{"average_dip":"(45,,)","catalog_id":"SA_137","catalog_name":"SARA","dip_dir":"W","downthrown_side_id":"None","lower_seis_depth":"(24.0,,)","name":"Zona de falla Anti\u00f1ir-Copahue","net_slip_rate":"(0.255,0.01,0.5)","slip_type":"Reverse","upper_seis_depth":"(0.0,,)"},"geometry":{"type":"LineString","coordinates":[[-70.9467495491361,-37.2232871608557],[-70.9628130050984,-37.254469163606],[-70.9647028234469,-37.3385660801143],[-70.9470148740855,-37.384503673595],[-70.9447944604876,-37.4340149880841]]}},{"type":"Feature","properties":{"average_dip":"(60,,)","catalog_id":"SA_138","catalog_name":"SARA","dip_dir":"W","downthrown_side_id":"None","lower_seis_depth":"(24.0,,)","name":"Zona de falla Anti\u00f1ir-Copahue","net_slip_rate":"(0.5,0.1,1)","slip_type":"Dextral-Reverse","upper_seis_depth":"(0.0,,)"},"geometry":{"type":"LineString","coordinates":[[-70.9205971929871,-37.0731349590743],[-70.9098980913403,-37.22423207003],[-70.9456067071872,-37.4567578956716]]}},{"type":"Feature","properties":{"average_dip":"(60,,)","catalog_id":"SA_139","catalog_name":"SARA","dip_dir":"W","downthrown_side_id":"None","lower_seis_depth":"(24.0,,)","name":"Zona de falla Anti\u00f1ir-Copahue","net_slip_rate":"(0.26,0.02,0.5)","slip_type":"Normal","upper_seis_depth":"(0.0,,)"},"geometry":{"type":"LineString","coordinates":[[-70.7142020535673,-37.3379725651598],[-70.640703368438,-37.4512830380674],[-70.6320264403325,-37.5640831034394],[-70.6121205464433,-37.5809265521149]]}},{"type":"Feature","properties":{"average_dip":"(45,,)","catalog_id":"SA_140","catalog_name":"SARA","dip_dir":"W","downthrown_side_id":"None","lower_seis_depth":"(24.0,,)","name":"Zona de falla Anti\u00f1ir-Copahue","net_slip_rate":"(0.26,0.02,0.5)","upper_seis_depth":"(0.0,,)"},"geometry":{"type":"LineString","coordinates":[[-70.8400872589725,-37.4513450109827],[-70.9135447749535,-37.5648391081022]]}},{"type":"Feature","properties":{"average_dip":"(90.,,)","catalog_id":"SA_141","catalog_name":"SARA","dip_dir":"NW","downthrown_side_id":"None","lower_seis_depth":"(24.0,,)","name":"Zona de falla Anti\u00f1ir-Copahue","net_slip_rate":"(0.26,0.02,0.5)","slip_type":"Dextral-Normal","upper_seis_depth":"(0.0,,)"},"geometry":{"type":"LineString","coordinates":[[-70.9046565321165,-37.4732492601969],[-71.0036202248268,-37.6680607567544]]}},{"type":"Feature","properties":{"average_dip":"(60,,)","catalog_id":"SA_142","catalog_name":"SARA","dip_dir":"SE","downthrown_side_id":"None","lower_seis_depth":"(24.0,,)","name":"Zona de falla Anti\u00f1ir-Copahue","net_slip_rate":"(0.26,0.02,0.5)","slip_type":"Normal","upper_seis_depth":"(0.0,,)"},"geometry":{"type":"LineString","coordinates":[[-70.8499748040866,-37.5844982930855],[-70.8084921138569,-37.5386159235891],[-70.8103776906856,-37.5172460528647],[-70.7836360259169,-37.4894262881417],[-70.7198700029118,-37.4122822760716],[-70.7116991699878,-37.3601146504798]]}},{"type":"Feature","properties":{"average_dip":"(45,,)","catalog_id":"SA_143","catalog_name":"SARA","dip_dir":"SW","downthrown_side_id":"None","lower_seis_depth":"(24.0,,)","name":"Zona de falla Anti\u00f1ir-Copahue","net_slip_rate":"(0.26,0.02,0.5)","slip_type":"Reverse","upper_seis_depth":"(0.0,,)"},"geometry":{"type":"LineString","coordinates":[[-71.0872296683876,-36.6106188746776],[-71.0366962045924,-36.7805950710795],[-71.0236681896008,-36.9432298759689],[-70.9171326476531,-37.0386679656304]]}},{"type":"Feature","properties":{"average_dip":"(45,,)","catalog_id":"SA_144","catalog_name":"SARA","dip_dir":"SW","downthrown_side_id":"None","lower_seis_depth":"(24.0,,)","name":"Zona de falla Anti\u00f1ir-Copahue","net_slip_rate":"(1.25,0.5,2)","slip_type":"Reverse","upper_seis_depth":"(0.0,,)"},"geometry":{"type":"LineString","coordinates":[[-70.7998537449258,-37.0405616078465],[-70.7120665431207,-37.2446830013412]]}},{"type":"Feature","properties":{"average_dip":"(72.0,,)","catalog_id":"SA_145","catalog_name":"SARA","dip_dir":"E","downthrown_side_id":"None","lower_seis_depth":"(0.0,,)","name":"Falla Tostado-Selva","net_slip_rate":"(0.5,0.1,1.0)","slip_type":"Reverse","upper_seis_depth":"(0.0,,)"},"geometry":{"type":"LineString","coordinates":[[-62.2626002723252,-29.9433135684945],[-62.2016059489942,-29.7177831762049],[-61.9714714269409,-29.4678964658634]]}},{"type":"Feature","properties":{"average_dip":"(72.0,,)","catalog_id":"SA_146","catalog_name":"SARA","dip_dir":"E","downthrown_side_id":"None","lower_seis_depth":"(0.0,,)","name":"Falla Tostado-Selva","net_slip_rate":"(0.5,0.1,1.0)","slip_type":"Reverse","upper_seis_depth":"(0.0,,)"},"geometry":{"type":"LineString","coordinates":[[-62.2071141855017,-30.8578719935474],[-62.1830583048514,-30.6918864170603],[-62.2071141855017,-30.5692014257437],[-62.2095197735668,-30.4946281957278],[-62.1854638929165,-30.4465164344272],[-62.1758415406564,-30.3984046731266],[-62.1734359525913,-30.3118035027855],[-62.1926806571116,-30.2155799801842],[-62.1902750690465,-30.1578458666235],[-62.2023030093717,-30.1025173411278],[-62.2167365377619,-30.0592167559573],[-62.2504147706723,-30.0111049946566],[-62.2600371229324,-29.9509652930309]]}},{"type":"Feature","properties":{"average_dip":"(72.0,,)","catalog_id":"SA_147","catalog_name":"SARA","dip_dir":"E","downthrown_side_id":"None","lower_seis_depth":"(0.0,,)","name":"Falla Tostado-Selva","net_slip_rate":"(0.225,0.1,0.35)","slip_type":"Reverse","upper_seis_depth":"(0.0,,)"},"geometry":{"type":"LineString","coordinates":[[-61.8687080010484,-32.5559949520032],[-61.9315781285331,-32.4500826220298],[-62.0367624666766,-32.2276018098355],[-62.0922023391134,-32.1648798603896],[-62.1018357157541,-32.130199704483],[-62.0844956378008,-32.0184525354505],[-62.0979823650978,-31.9645056262624],[-62.1230291443637,-31.9278987950277],[-62.1596359755985,-31.8989986651055],[-62.1706334424956,-31.8642377326126],[-62.1859329825892,-31.7418414118639],[-62.2892048782209,-31.5850211259045],[-62.4039514289229,-31.474099460226],[-62.4116011989697,-31.4129012998516],[-62.4613247042738,-31.225481933705]]}},{"type":"Feature","properties":{"average_dip":"(72.0,,)","catalog_id":"SA_148","catalog_name":"SARA","dip_dir":"E","downthrown_side_id":"None","lower_seis_depth":"(39.0,,)","name":"Grupo de fallas Medeiros","net_slip_rate":"(0.3,0.1,0.5)","slip_type":"Reverse","upper_seis_depth":"(0.0,,)"},"geometry":{"type":"LineString","coordinates":[[-65.4576689720407,-24.7991709029112],[-65.4532055731723,-24.7681895814388],[-65.4494854278574,-24.7622368132183],[-65.4374194290249,-24.7149503959317]]}},{"type":"Feature","properties":{"average_dip":"(52.0,45,60)","catalog_id":"SA_149","catalog_name":"SARA","dip_dir":"SW","downthrown_side_id":"None","lower_seis_depth":"(23.5,,)","name":"Falla Las Malvinas","net_slip_rate":"(0.5,0.1,1.0)","slip_type":"Reverse","upper_seis_depth":"(0.0,,)"},"geometry":{"type":"LineString","coordinates":[[-68.3685165102253,-34.8472350855626],[-68.3695983669176,-34.8914219249009],[-68.3452254872173,-34.9400811932942],[-68.3472228699204,-34.9970065591484],[-68.3296699849932,-35.022679794889],[-68.3126560177939,-35.0807831524689]]}},{"type":"Feature","properties":{"average_dip":"(72.0,,)","catalog_id":"SA_150","catalog_name":"SARA","dip_dir":"NE","downthrown_side_id":"NE","lower_seis_depth":"(39.0,,)","name":"Achacachi","net_slip_rate":"(0.5,0.1,1.0)","slip_type":"Normal","upper_seis_depth":"(0.0,,)"},"geometry":{"type":"LineString","coordinates":[[-68.4942524784144,-16.0656027954533],[-68.5878836903673,-16.0078007636623]]}},{"type":"Feature","properties":{"average_dip":"(70,,)","catalog_id":"SA_151","catalog_name":"SARA","dip_dir":"NE","downthrown_side_id":"NE","lower_seis_depth":"(39.0,,)","name":"Amachuma","net_slip_rate":"(0.055,0.01,0.1)","slip_type":"Normal","upper_seis_depth":"(0.0,,)"},"geometry":{"type":"LineString","coordinates":[[-68.2500666432203,-16.5281996515429],[-68.4334374400612,-16.3925026966394]]}},{"type":"Feature","properties":{"average_dip":"(72.0,,)","catalog_id":"SA_152","catalog_name":"SARA","dip_dir":"SW","downthrown_side_id":"NE","lower_seis_depth":"(43.7,,)","name":"Escoma","net_slip_rate":"(0.055,0.01,0.1)","slip_type":"Normal","upper_seis_depth":"(0.0,,)"},"geometry":{"type":"LineString","coordinates":[[-69.2574929407363,-15.556602020419],[-69.1930719571476,-15.6514970824195],[-69.0786646906239,-15.7409930719454]]}},{"type":"Feature","properties":{"average_dip":"(52.0,45,60)","catalog_id":"SA_153","catalog_name":"SARA","dip_dir":"SW","downthrown_side_id":"SW","lower_seis_depth":"(39.0,,)","name":"Huarina","net_slip_rate":"(0.055,0.01,0.1)","slip_type":"Normal","upper_seis_depth":"(0.0,,)"},"geometry":{"type":"LineString","coordinates":[[-68.6084719996512,-16.1784388248819],[-68.5286937724917,-16.3017754750367]]}},{"type":"Feature","properties":{"average_dip":"(70,,)","catalog_id":"SA_154","catalog_name":"SARA","dip_dir":"NE","downthrown_side_id":"NE","lower_seis_depth":"(39.0,,)","name":"Pe\u00f1as","net_slip_rate":"(0.055,0.01,0.1)","slip_type":"Normal","upper_seis_depth":"(0.0,,)"},"geometry":{"type":"LineString","coordinates":[[-68.325609144691,-16.2414178915146],[-68.5091230193017,-16.1192739650381]]}},{"type":"Feature","properties":{"average_dip":"(90.,,)","catalog_id":"SA_155","catalog_name":"SARA","dip_dir":"NW","downthrown_side_id":"NW","lower_seis_depth":"(24.2,,)","name":"Sibundoy-La Cocha","net_slip_rate":"(6.0,5,7)","slip_type":"Dextral","upper_seis_depth":"(0.0,,)"},"geometry":{"type":"LineString","coordinates":[[-76.868819941,1.16800996500007],[-76.909419941,1.14368996500002],[-76.965289941,1.12379996500005],[-77.0126299409999,1.11848996500004],[-77.0523699409999,1.06680996500006]]}},{"type":"Feature","properties":{"average_dip":"(72.0,,)","catalog_id":"SA_156","catalog_name":"SARA","dip_dir":"E","downthrown_side_id":"E","lower_seis_depth":"(32.0,,)","name":"Montenegro","net_slip_rate":"(0.5,0.1,1.0)","slip_type":"Normal-Sinistral","upper_seis_depth":"(0.0,,)"},"geometry":{"type":"LineString","coordinates":[[-75.88930994,4.30839996800006],[-75.85292994,4.40995996800007],[-75.79661994,4.48746996800003],[-75.76813994,4.53775996800005],[-75.7593499399999,4.57230996800007]]}},{"type":"Feature","properties":{"average_dip":"(72.0,,)","catalog_id":"SA_157","catalog_name":"SARA","dip_dir":"E","downthrown_side_id":"E","lower_seis_depth":"(32.0,,)","name":"Armenia","net_slip_rate":"(0.5,0.1,1.0)","slip_type":"Normal-Sinistral","upper_seis_depth":"(0.0,,)"},"geometry":{"type":"LineString","coordinates":[[-75.70801994,4.36300996800003],[-75.71204994,4.42582996800007],[-75.7004299399999,4.45192996800006],[-75.6651899399999,4.61898996800005],[-75.65713994,4.67349996800004],[-75.66303994,4.70102996800006]]}},{"type":"Feature","properties":{"average_dip":"(72.0,,)","catalog_id":"SA_158","catalog_name":"SARA","dip_dir":"W","downthrown_side_id":"W","lower_seis_depth":"(32.0,,)","name":"Espiritu Santo","net_slip_rate":"(0.5,0.1,1.0)","slip_type":"Normal-Dextral","upper_seis_depth":"(0.0,,)"},"geometry":{"type":"LineString","coordinates":[[-75.1615299389999,7.80010997100004],[-75.207799939,7.60118997100005],[-75.2529799389999,7.48594997100003],[-75.331409939,7.36375997100004],[-75.46820994,7.21957997100003],[-75.64349994,7.00342997],[-75.73544994,6.84654997],[-75.74891994,6.77536997],[-75.7784399399999,6.71366997]]}},{"type":"Feature","properties":{"average_dip":"(72.0,,)","catalog_id":"SA_159","catalog_name":"SARA","dip_dir":"W","downthrown_side_id":"W","lower_seis_depth":"(33.0,,)","name":"Falla de Algarrobo","net_slip_rate":"(5,,)","slip_type":"Sinistral","upper_seis_depth":"(0.0,,)"},"geometry":{"type":"LineString","coordinates":[[-73.9677214141882,9.86768440156471],[-73.8650453395427,9.55556813930561],[-73.5291940499682,8.74322709297554],[-73.387049938,8.24475997200005],[-73.295119938,8.02594997100005],[-73.279209938,7.95651997100003],[-73.3134599379999,7.82037997100002]]}},{"type":"Feature","properties":{"average_dip":"(72.0,,)","catalog_id":"SA_160","catalog_name":"SARA","dip_dir":"SW","downthrown_side_id":"None","lower_seis_depth":"(32.0,,)","name":"Ca\u0096asgordas","net_slip_rate":"(0.5,0.1,1.0)","slip_type":"Reverse-Sinistral","upper_seis_depth":"(0.0,,)"},"geometry":{"type":"LineString","coordinates":[[-76.17492994,6.93439997],[-76.16736994,6.89617997],[-76.1442299399999,6.86633997],[-76.06231994,6.79289997],[-75.99879994,6.71765997],[-75.92339994,6.66325997]]}},{"type":"Feature","properties":{"average_dip":"(90.,,)","catalog_id":"SA_161","catalog_name":"SARA","dip_dir":"W","downthrown_side_id":"None","lower_seis_depth":"(23.2,,)","name":"Buesaco-Aranda","net_slip_rate":"(3.0,1,5)","slip_type":"Dextral","upper_seis_depth":"(0.0,,)"},"geometry":{"type":"LineString","coordinates":[[-77.474523119,1.11954169],[-77.426595892,1.13240160500004],[-77.4090017199999,1.15910866400003],[-77.315518202,1.24159130500004],[-77.251975407,1.28183188300005],[-77.145450925,1.38666926900004],[-77.0805151879999,1.43319745900004]]}},{"type":"Feature","properties":{"average_dip":"(72.0,,)","catalog_id":"SA_162","catalog_name":"SARA","dip_dir":"E","downthrown_side_id":"None","lower_seis_depth":"(20.0,,)","name":"El Tambor","net_slip_rate":"(0.5,0.1,1.0)","slip_type":"Reverse-Dextral","upper_seis_depth":"(1.0,,)"},"geometry":{"type":"LineString","coordinates":[[-77.1355185359999,3.15463551],[-77.132306264,3.19710888900005],[-77.1062511659999,3.22923161300002],[-77.101254298,3.33238124800005],[-77.082337583,3.38698987800007],[-77.060565515,3.42018335900002]]}},{"type":"Feature","properties":{"average_dip":"(37.0,30,45)","catalog_id":"SA_163","catalog_name":"SARA","dip_dir":"E","downthrown_side_id":"W","lower_seis_depth":"(23.2,,)","name":"Saliente de Buga","net_slip_rate":"(3.0,1,5)","slip_type":"Reverse","upper_seis_depth":"(0.0,,)"},"geometry":{"type":"LineString","coordinates":[[-76.203645202,3.41896600400003],[-76.237433548,3.45180256600003],[-76.228391597,3.53365602400004],[-76.21563549,3.58841718],[-76.256872989,3.71207034300005],[-76.313854054,3.79714689600007],[-76.298149612,3.88185570800005],[-76.273403217,3.95657078300007],[-76.1758453159999,4.09315184500002],[-76.157144446,4.18672845],[-76.10250207,4.26512838200006]]}},{"type":"Feature","properties":{"average_dip":"(37.0,30,45)","catalog_id":"SA_164","catalog_name":"SARA","dip_dir":"E","downthrown_side_id":"W","lower_seis_depth":"(23.2,,)","name":"Saliente de Buga","net_slip_rate":"(3.0,1,5)","slip_type":"Reverse","upper_seis_depth":"(0.0,,)"},"geometry":{"type":"LineString","coordinates":[[-76.218171055,3.42979488400005],[-76.2223589069999,3.52859010500003],[-76.2001345749999,3.56130721100004],[-76.183974048,3.63531744200003],[-76.184668244,3.6667892]]}},{"type":"Feature","properties":{"average_dip":"(90,,)","catalog_id":"SA_165","catalog_name":"SARA","dip_dir":"E","downthrown_side_id":"E","lower_seis_depth":"(29.0,,)","name":"Murindo","net_slip_rate":"(0.5,0.1,1.0)","slip_type":"Sinistral-Reverse","upper_seis_depth":"(0.0,,)"},"geometry":{"type":"LineString","coordinates":[[-76.4996242299999,6.53202632800003],[-76.560260117,6.69310167800006],[-76.611564124,7.03253546100007],[-76.647434168,7.14682741400003],[-76.683164631,7.22213884400003],[-76.7759263469999,7.36876191800008],[-76.8263370609999,7.46802388800006],[-76.9831707819999,7.64154813600004]]}},{"type":"Feature","properties":{"average_dip":"(30,,)","catalog_id":"SA_166","catalog_name":"SARA","dip_dir":"E","downthrown_side_id":"W","lower_seis_depth":"(29.0,,)","name":"Murr\u0092","net_slip_rate":"(0.5,0.1,1.0)","slip_type":"Reverse-Sinistral","upper_seis_depth":"(0.0,,)"},"geometry":{"type":"LineString","coordinates":[[-76.3892545739999,6.23570274900004],[-76.355792419,6.33123360200005],[-76.352162273,6.41715745],[-76.352420916,6.56188970500006],[-76.364033456,6.63234995400006],[-76.3642045939999,6.70609368800007],[-76.353919328,6.76631290300003],[-76.357162268,6.78706446800004],[-76.339878684,6.83355491900005],[-76.3631436,7.02061048900003]]}},{"type":"Feature","properties":{"average_dip":"(52.0,45,60)","catalog_id":"SA_167","catalog_name":"SARA","dip_dir":"E","downthrown_side_id":"W","lower_seis_depth":"(23.2,,)","name":"Piendamo","net_slip_rate":"(0.5,0.1,1.0)","slip_type":"Reverse-Dextral","upper_seis_depth":"(0.0,,)"},"geometry":{"type":"LineString","coordinates":[[-76.6623071879999,2.37298568900007],[-76.6228454819999,2.42297581100007],[-76.615925005,2.45697602900003],[-76.553742174,2.55443636600006],[-76.5269405339999,2.65412698500006],[-76.5189094689999,2.76058781100005]]}},{"type":"Feature","properties":{"average_dip":"(52.0,45,60)","catalog_id":"SA_168","catalog_name":"SARA","dip_dir":"W","downthrown_side_id":"None","lower_seis_depth":"(23.2,,)","name":"Rosas-Julumito","net_slip_rate":"(0.5,0.1,1.0)","slip_type":"Reverse-Dextral","upper_seis_depth":"(0.0,,)"},"geometry":{"type":"LineString","coordinates":[[-76.6565356739999,2.55908715900006],[-76.6416758139999,2.46723629900004],[-76.647176198,2.44015611800006],[-76.7400205499999,2.27429545100006],[-76.7785728109999,2.13861464700005]]}},{"type":"Feature","properties":{"average_dip":"(52.0,45,60)","catalog_id":"SA_169","catalog_name":"SARA","dip_dir":"ESE","downthrown_side_id":"W","lower_seis_depth":"(32.0,,)","name":"Honda","net_slip_rate":"(0.5,0.1,1.0)","slip_type":"Reverse-Sinistral","upper_seis_depth":"(0.0,,)"},"geometry":{"type":"LineString","coordinates":[[-74.756182985,4.75651057400006],[-74.7867421349999,4.95454274900004],[-74.767609717,5.13947436200004],[-74.732137888,5.20486466300002],[-74.707485853,5.32770564],[-74.636272241,5.45038616800002],[-74.636271936,5.48088647800006],[-74.55330235,5.64161251],[-74.5405999389999,5.69484513700007],[-74.471178879,5.80545518300005],[-74.444109936,5.81028761600004]]}},{"type":"Feature","properties":{"average_dip":"(52.0,60,90)","catalog_id":"SA_170","catalog_name":"SARA","dip_dir":"NW","downthrown_side_id":"None","lower_seis_depth":"(33.0,,)","name":"Su\u0087arez","net_slip_rate":"(3.0,1,5)","slip_type":"Reverse-Sinistral","upper_seis_depth":"(0.0,,)"},"geometry":{"type":"LineString","coordinates":[[-73.134646157,7.18319762500005],[-73.170533913,7.12815365800003],[-73.184694876,7.08433192800004],[-73.184142761,7.06674814500008],[-73.17056458,7.04849387100006],[-73.172883605,6.99478738300007],[-73.163340276,6.95126421500004]]}},{"type":"Feature","properties":{"average_dip":"(37.0,30,45)","catalog_id":"SA_171","catalog_name":"SARA","dip_dir":"NW","downthrown_side_id":"None","lower_seis_depth":"(33.0,,)","name":"Seccion Yopal","net_slip_rate":"(3.0,1,5)","slip_type":"Reverse","upper_seis_depth":"(0.0,,)"},"geometry":{"type":"LineString","coordinates":[[-71.715314383,6.63703581800007],[-71.7557304568282,6.49270284710988],[-71.740607779,6.41420407700002],[-71.745879354,6.29246305100003],[-71.8090530169999,6.14610248300005],[-71.815693956,6.08144199100008],[-71.883968082,5.90477125],[-71.947511375,5.78747095600005],[-72.115128662,5.60362125600005],[-72.248824296,5.47277161],[-72.318707009,5.42587197100005],[-72.371889331,5.36544204100005],[-72.4226314329999,5.31841219100005],[-72.464112965,5.29795245800005],[-72.496904671,5.23394227500006],[-72.568877583,5.17426253800005],[-72.629921484,4.98235162600002],[-72.674673441,4.92965166400006],[-72.677213831,4.89889144400007],[-72.755657102,4.82275163300005],[-72.766817924,4.77549137400007],[-72.7998793039999,4.74237145],[-72.8434415409999,4.65677122100004],[-72.962396397,4.54903155300002]]}},{"type":"Feature","properties":{"average_dip":"(72.0,,)","catalog_id":"SA_172","catalog_name":"SARA","dip_dir":"NW","downthrown_side_id":"None","lower_seis_depth":"(24.2,,)","name":"Algeciras-Balsillas","net_slip_rate":"(3.0,1,5)","slip_type":"Dextral","upper_seis_depth":"(0.0,,)"},"geometry":{"type":"LineString","coordinates":[[-73.8507097197496,3.65391741370451],[-73.8845917556296,3.648211270313],[-73.962507204,3.60524373],[-74.013319312,3.55311378500005],[-74.097842515,3.50082413700005],[-74.132254018,3.45618411100003],[-74.16069512,3.43558420500006],[-74.2705192299999,3.37418468800007],[-74.327971523,3.32468482100006],[-74.4973379369999,3.22239549200003],[-74.608992319,3.13551577400005],[-74.672744641,3.1084661],[-74.822620452,3.00142654300004],[-74.91934443,2.90339659400007],[-74.961266343,2.83634644900008],[-75.039259639,2.74502640300005],[-75.104802267,2.68597649300006],[-75.241367552,2.58929684600003],[-75.305450148,2.52732689],[-75.3598022199999,2.49306705900005]]}},{"type":"Feature","properties":{"average_dip":"(72.0,,)","catalog_id":"SA_173","catalog_name":"SARA","dip_dir":"SE","downthrown_side_id":"None","lower_seis_depth":"(24.2,,)","name":"Altamira - Pitalito","net_slip_rate":"(0.6,0.2,1.0)","slip_type":"Reverse-Dextral","upper_seis_depth":"(0.0,,)"},"geometry":{"type":"LineString","coordinates":[[-76.133277758,1.81208692200005],[-76.090850476,1.84444651600006],[-75.913484764,1.93650716600007],[-75.833131594,2.00378706400005],[-75.8255712019999,2.02400715300007],[-75.801480219,2.04778714800005],[-75.762338798,2.06279697200006],[-75.7267273529999,2.09950697700003],[-75.625663461,2.17002673900004]]}},{"type":"Feature","properties":{"average_dip":"(72.0,,)","catalog_id":"SA_174","catalog_name":"SARA","dip_dir":"SE","downthrown_side_id":"None","lower_seis_depth":"(24.2,,)","name":"Zuluaga-Garz\u0097n","net_slip_rate":"(3.0,1,5)","slip_type":"Dextral","upper_seis_depth":"(0.0,,)"},"geometry":{"type":"LineString","coordinates":[[-75.625663461,2.17002673900004],[-75.5493904479999,2.23463663700005],[-75.47868751,2.31353667400003],[-75.3710226809999,2.48135706100004],[-75.272668809,2.56047688]]}},{"type":"Feature","properties":{"average_dip":"(72.0,,)","catalog_id":"SA_175","catalog_name":"SARA","dip_dir":"E","downthrown_side_id":"None","lower_seis_depth":"(25.4,,)","name":"Usme","net_slip_rate":"(3.0,1,5)","slip_type":"Normal-Dextral","upper_seis_depth":"(0.0,,)"},"geometry":{"type":"LineString","coordinates":[[-74.160979821,4.18108009200006],[-74.1637649739999,4.23446446800006],[-74.143821795,4.29435006200003],[-74.135423284,4.36157347],[-74.143280432,4.44929745600007],[-74.130822844,4.47611401500006],[-74.1301359409999,4.52344512]]}},{"type":"Feature","properties":{"average_dip":"(72.0,,)","catalog_id":"SA_176","catalog_name":"SARA","dip_dir":"E","downthrown_side_id":"W","lower_seis_depth":"(32.0,,)","name":"Tucur\u0087","net_slip_rate":"(0.5,0.1,1.0)","slip_type":"Reverse","upper_seis_depth":"(0.0,,)"},"geometry":{"type":"LineString","coordinates":[[-76.387322414,7.37592775200005],[-76.380002061,7.38443779800002],[-76.378031463,7.43171843100004],[-76.3958910119999,7.52899999300007],[-76.393579189,7.68396217300005],[-76.4030984299999,7.78080366900002],[-76.427298477,7.85215498300005],[-76.429638059,7.89597564700006],[-76.424306611,8.00496718],[-76.3854843079999,8.08356789900006],[-76.376392989,8.16910906500004]]}},{"type":"Feature","properties":{"average_dip":"(72.0,,)","catalog_id":"SA_177","catalog_name":"SARA","dip_dir":"E","downthrown_side_id":"W","lower_seis_depth":"(32.0,,)","name":"Mutata","net_slip_rate":"(0.5,0.1,1.0)","slip_type":"Sinistral-Reverse","upper_seis_depth":"(0.0,,)"},"geometry":{"type":"LineString","coordinates":[[-76.28963823,7.19667256600007],[-76.365804176,7.25655228500005],[-76.397163814,7.26678349],[-76.4284692,7.28868468600007],[-76.4650173809999,7.31834149100007],[-76.488397014,7.34984656300003],[-76.566345914,7.54098796100004],[-76.5731228989999,7.58896166200003],[-76.6123848839999,7.67967702500005]]}},{"type":"Feature","properties":{"average_dip":"(72.0,,)","catalog_id":"SA_178","catalog_name":"SARA","dip_dir":"E","downthrown_side_id":"None","lower_seis_depth":"(20.0,,)","name":"Dagua Calima","net_slip_rate":"(0.5,0.1,1.0)","slip_type":"Sinistral-Normal","upper_seis_depth":"(1.0,,)"},"geometry":{"type":"LineString","coordinates":[[-76.6688299449999,3.37929438600008],[-76.6914184599999,3.66539723900007],[-76.6654269109999,3.74610780400008],[-76.6302251329999,3.81466817900008],[-76.4600684169999,3.97903085100006],[-76.3968360039999,4.08288031100005],[-76.3271248519999,4.13895839700007]]}},{"type":"Feature","properties":{"average_dip":"(72.0,,)","catalog_id":"SA_179","catalog_name":"SARA","dip_dir":"NW","downthrown_side_id":"None","lower_seis_depth":"(24.2,,)","name":"Afiladores","net_slip_rate":"(6.0,5,7)","slip_type":"Reverse-Dextral","upper_seis_depth":"(0.0,,)"},"geometry":{"type":"LineString","coordinates":[[-77.18590875,0.996932755000046],[-77.2818761185361,0.934443138843412],[-77.2966184149999,0.904968942000039],[-77.3232098949999,0.805348427000069],[-77.3993228729999,0.744068458000072],[-77.4814677,0.643731592000051]]}},{"type":"Feature","properties":{"average_dip":"(72.0,,)","catalog_id":"SA_180","catalog_name":"SARA","dip_dir":"W","downthrown_side_id":"W","lower_seis_depth":"(31.7,,)","name":"Mulato","net_slip_rate":"(0.5,0.1,1.0)","slip_type":"Reverse","upper_seis_depth":"(0.0,,)"},"geometry":{"type":"LineString","coordinates":[[-74.7660897049999,6.12448464200008],[-74.7651503279999,6.06198394300009],[-74.7735210089999,6.02399361500005],[-74.7658115769999,5.94387266800004],[-74.7885032459999,5.85717196600007],[-74.7795639219999,5.76158085400004],[-74.7834748989999,5.67833001500008],[-74.8194068459999,5.60593961],[-74.8643287449999,5.56775966600009]]}},{"type":"Feature","properties":{"average_dip":"(52.0,45,60)","catalog_id":"SA_181","catalog_name":"SARA","dip_dir":"W","downthrown_side_id":"W","lower_seis_depth":"(31.7,,)","name":"Jetudo","net_slip_rate":"(0.5,0.1,1.0)","slip_type":"Reverse-Sinistral","upper_seis_depth":"(0.0,,)"},"geometry":{"type":"LineString","coordinates":[[-74.8371639249999,5.95066348300008],[-74.8075332739999,5.91647280300009],[-74.8018034509999,5.88068235100008],[-74.8230847819999,5.82106192900005],[-74.8245153939999,5.76624135800006],[-74.842876896,5.67945062700005],[-74.8173769679999,5.58641939],[-74.8133273259999,5.53782884300006],[-74.8280584389999,5.47535834500007],[-74.8542199319999,5.41407798000017],[-74.859930845,5.34190729500017],[-74.8762418609999,5.2938269720002],[-74.8977237329999,5.1764960010002],[-74.9208071569999,4.90044350800008],[-74.9451190899999,4.78235260700018],[-74.9302091399999,4.722581897],[-74.9485503939999,4.65434142200007],[-74.9515210589999,4.59349088300002]]}},{"type":"Feature","properties":{"average_dip":"(90.,,)","catalog_id":"SA_182","catalog_name":"SARA","dip_dir":"SW","downthrown_side_id":"None","lower_seis_depth":"(38.0,,)","name":"Falla Toquepala","net_slip_rate":"(0.5,0.1,1)","slip_type":"Normal","upper_seis_depth":"(0.0,,)"},"geometry":{"type":"LineString","coordinates":[[-70.2931088896635,-17.462711849772],[-70.1821790396309,-17.5048867199461],[-70.0856387803054,-17.5621956099394],[-69.9922610696926,-17.6018865598168]]}},{"type":"Feature","properties":{"average_dip":"(90.,,)","catalog_id":"SA_183","catalog_name":"SARA","dip_dir":"SW","downthrown_side_id":"None","lower_seis_depth":"(38.0,,)","name":"Falla Toquepala","net_slip_rate":"(0.5,0.1,1)","slip_type":"Normal","upper_seis_depth":"(0.0,,)"},"geometry":{"type":"LineString","coordinates":[[-70.8346681899849,-17.2080010997709],[-70.7898143959176,-17.2179638118804],[-70.7061694497602,-17.260408212469]]}},{"type":"Feature","properties":{"average_dip":"(60,,)","catalog_id":"SA_184","catalog_name":"SARA","dip_dir":"E","downthrown_side_id":"None","lower_seis_depth":"(48.4,,)","name":"Falla Tuncuchi","net_slip_rate":"(0.5,0.1,1)","slip_type":"Normal","upper_seis_depth":"(0.0,,)"},"geometry":{"type":"LineString","coordinates":[[-70.1075631600118,-15.6953298601849],[-70.1411640592739,-15.5851916464773],[-70.1366710598215,-15.5023259295979]]}},{"type":"Feature","properties":{"average_dip":"(50,,)","catalog_id":"SA_185","catalog_name":"SARA","dip_dir":"SE","downthrown_side_id":"None","lower_seis_depth":"(38.0,,)","name":"Falla Chololo","net_slip_rate":"(0.5,0.1,1)","slip_type":"Sinistral","upper_seis_depth":"(0.0,,)"},"geometry":{"type":"LineString","coordinates":[[-71.3494794403239,-17.6928827703235],[-71.337211549973,-17.664915280116],[-71.2969739696729,-17.6315465201557],[-71.1493573856348,-17.556695670169],[-71.1045094164763,-17.5166274358075]]}},{"type":"Feature","properties":{"average_dip":"(90.,,)","catalog_id":"SA_186","catalog_name":"SARA","dip_dir":"SE","downthrown_side_id":"None","lower_seis_depth":"(38.0,,)","name":"Falla Chololo","net_slip_rate":"(0.5,0.1,1)","slip_type":"Normal","upper_seis_depth":"(0.0,,)"},"geometry":{"type":"LineString","coordinates":[[-71.0994293629747,-17.5098464648424],[-71.0530243202161,-17.4709517603154],[-71.0114668499152,-17.4497967704046]]}},{"type":"Feature","properties":{"average_dip":"(60,,)","catalog_id":"SA_187","catalog_name":"SARA","dip_dir":"SE","downthrown_side_id":"None","lower_seis_depth":"(38.0,,)","name":"Falla Chololo","net_slip_rate":"(0.5,0.1,1)","slip_type":"Normal","upper_seis_depth":"(0.0,,)"},"geometry":{"type":"LineString","coordinates":[[-71.0679855299082,-17.4826022795715],[-71.042351723753,-17.4304444058846],[-71.0080697013556,-17.3894556128862]]}},{"type":"Feature","properties":{"average_dip":"(52.0,45,60)","catalog_id":"SA_188","catalog_name":"SARA","dip_dir":"NE","downthrown_side_id":"None","lower_seis_depth":"(38.0,,)","name":"Falla Sama-Calientes","net_slip_rate":"(0.5,0.1,1)","slip_type":"Reverse","upper_seis_depth":"(0.0,,)"},"geometry":{"type":"LineString","coordinates":[[-70.0357105292175,-17.9192412659716],[-70.1049977215675,-17.8617152733411]]}},{"type":"Feature","properties":{"average_dip":"(52.0,45,60)","catalog_id":"SA_189","catalog_name":"SARA","dip_dir":"NE","downthrown_side_id":"None","lower_seis_depth":"(38.0,,)","name":"Falla Sama-Calientes","net_slip_rate":"(0.5,0.1,1)","slip_type":"Reverse","upper_seis_depth":"(0.0,,)"},"geometry":{"type":"LineString","coordinates":[[-70.0040853982225,-17.9285420230958],[-70.0224893952694,-17.8997161263981],[-70.0695205802106,-17.8583323979218]]}},{"type":"Feature","properties":{"average_dip":"(52.0,45,60)","catalog_id":"SA_190","catalog_name":"SARA","dip_dir":"NE","downthrown_side_id":"None","lower_seis_depth":"(38.0,,)","name":"Falla Sama-Calientes","net_slip_rate":"(0.5,0.1,1)","slip_type":"Reverse","upper_seis_depth":"(0.0,,)"},"geometry":{"type":"LineString","coordinates":[[-69.9470063425686,-17.9981785436049],[-70.1127264925336,-17.8636890424153],[-70.1578989226971,-17.83545303443],[-70.3247775028794,-17.801887371505],[-70.3873765810643,-17.8044462583881],[-70.4783881816692,-17.7725588302258],[-70.5848232902626,-17.7706932397012]]}},{"type":"Feature","properties":{"average_dip":"(70,,)","catalog_id":"SA_191","catalog_name":"SARA","dip_dir":"SW","downthrown_side_id":"None","lower_seis_depth":"(38.0,,)","name":"Falla Purgatorio","net_slip_rate":"(0.5,0.1,1)","slip_type":"Dextral-Reverse","upper_seis_depth":"(0.0,,)"},"geometry":{"type":"LineString","coordinates":[[-70.9623182103171,-17.3287529602808],[-70.7350435438245,-17.4288779208793],[-70.6292796307503,-17.4654422121883],[-70.5658416325853,-17.4631522540732]]}},{"type":"Feature","properties":{"average_dip":"(50,,)","catalog_id":"SA_192","catalog_name":"SARA","dip_dir":"SE","downthrown_side_id":"None","lower_seis_depth":"(38.0,,)","name":"Falla Chaspaya","net_slip_rate":"(0.5,0.1,1)","slip_type":"Normal","upper_seis_depth":"(0.0,,)"},"geometry":{"type":"LineString","coordinates":[[-71.121561886272,-17.6330429749533],[-71.0990340344931,-17.6297786751457],[-71.0303639920046,-17.5782180151492]]}},{"type":"Feature","properties":{"average_dip":"(65,,)","catalog_id":"SA_193","catalog_name":"SARA","dip_dir":"S","downthrown_side_id":"None","lower_seis_depth":"(48.4,,)","name":"Falla Trigal","net_slip_rate":"(0.5,0.1,1)","slip_type":"Normal","upper_seis_depth":"(0.0,,)"},"geometry":{"type":"LineString","coordinates":[[-72.101211190444,-15.647085739815],[-71.9577694913689,-15.6326479796205],[-71.9088881095985,-15.6444562399635]]}},{"type":"Feature","properties":{"average_dip":"(60,,)","catalog_id":"SA_194","catalog_name":"SARA","dip_dir":"SW","downthrown_side_id":"None","lower_seis_depth":"(38.0,,)","name":"Falla Micalaco","net_slip_rate":"(0.5,0.1,1)","slip_type":"Normal","upper_seis_depth":"(0.0,,)"},"geometry":{"type":"LineString","coordinates":[[-70.6954609901326,-17.198470049653],[-70.615984835132,-17.25001723151],[-70.5159289496613,-17.27205643036],[-70.4314251743323,-17.3088214557455]]}},{"type":"Feature","properties":{"average_dip":"(70,,)","catalog_id":"SA_195","catalog_name":"SARA","dip_dir":"NE","downthrown_side_id":"None","lower_seis_depth":"(38.0,,)","name":"Falla Marcona","net_slip_rate":"(0.5,0.1,1)","slip_type":"Normal","upper_seis_depth":"(0.0,,)"},"geometry":{"type":"LineString","coordinates":[[-74.9567320697292,-15.4158914600228],[-75.0621279496451,-15.3910159604182],[-75.0895852886301,-15.3704018713493],[-75.1754617396675,-15.3427994699196]]}},{"type":"Feature","properties":{"average_dip":"(70,,)","catalog_id":"SA_196","catalog_name":"SARA","dip_dir":"NW","downthrown_side_id":"None","lower_seis_depth":"(39.0,,)","name":"Falla de Cayesh","net_slip_rate":"(0.5,0.1,1)","slip_type":"Normal","upper_seis_depth":"(0.0,,)"},"geometry":{"type":"LineString","coordinates":[[-75.5964898928942,-11.0497800270266],[-75.5135811353611,-11.1183319102894]]}},{"type":"Feature","properties":{"average_dip":"(60,,)","catalog_id":"SA_197","catalog_name":"SARA","dip_dir":"W","downthrown_side_id":"None","lower_seis_depth":"(40.7,,)","name":"Zona de Falla de la Cordillera Blanca","net_slip_rate":"(0.5,0.1,1.0)","slip_type":"Normal","upper_seis_depth":"(0.0,,)"},"geometry":{"type":"LineString","coordinates":[[-77.3134765702874,-9.9449161502601],[-77.2687996701686,-10.0380814302138],[-77.217767110064,-10.1131135196732],[-77.1762532703721,-10.1537458196138]]}},{"type":"Feature","properties":{"average_dip":"(60,,)","catalog_id":"SA_198","catalog_name":"SARA","dip_dir":"W","downthrown_side_id":"None","lower_seis_depth":"(40.7,,)","name":"Zona de Falla de la Cordillera Blanca","net_slip_rate":"(0.5,0.1,1.0)","slip_type":"Normal","upper_seis_depth":"(0.0,,)"},"geometry":{"type":"LineString","coordinates":[[-77.2821426703479,-9.95931175023702],[-77.1918405700862,-10.0759150696247],[-77.191505310022,-10.1048675396052],[-77.1738528017653,-10.1533240573593]]}},{"type":"Feature","properties":{"average_dip":"(60,,)","catalog_id":"SA_199","catalog_name":"SARA","dip_dir":"W","downthrown_side_id":"None","lower_seis_depth":"(40.7,,)","name":"Zona de Falla de la Cordillera Blanca","net_slip_rate":"(0.5,0.1,1.0)","slip_type":"Normal","upper_seis_depth":"(0.0,,)"},"geometry":{"type":"LineString","coordinates":[[-77.383832759774,-9.83242453036775],[-77.3630904903338,-9.86028703012232],[-77.2237328896611,-9.95089892974175],[-77.184883580213,-9.98572688019129],[-77.1660540302693,-10.0197892503735]]}},{"type":"Feature","properties":{"average_dip":"(60,,)","catalog_id":"SA_200","catalog_name":"SARA","dip_dir":"W","downthrown_side_id":"None","lower_seis_depth":"(40.7,,)","name":"Zona de Falla de la Cordillera Blanca","net_slip_rate":"(0.5,0.1,1.0)","slip_type":"Normal","upper_seis_depth":"(0.0,,)"},"geometry":{"type":"LineString","coordinates":[[-77.9098815696786,-8.53172180002099],[-77.8816833503063,-8.57062636021828],[-77.8829774622901,-8.63654333591792],[-77.8825225598682,-8.68843595015892],[-77.8797974297076,-8.73846276964105],[-77.8287072682938,-8.82885105798585],[-77.8154866530566,-8.87272957214806],[-77.7884445300909,-8.89541248010181],[-77.76661682031,-8.96011249959213]]}},{"type":"Feature","properties":{"average_dip":"(52.0,45,60)","catalog_id":"SA_201","catalog_name":"SARA","dip_dir":"SW","downthrown_side_id":"None","lower_seis_depth":"(40.7,,)","name":"Zona de Falla de la Cordillera Blanca","net_slip_rate":"(3.0,1,5)","slip_type":"Normal","upper_seis_depth":"(0.0,,)"},"geometry":{"type":"LineString","coordinates":[[-77.8282963237907,-8.90426662408283],[-77.7484484995986,-9.00303688994046],[-77.688322399659,-9.08881594979619],[-77.6118934670098,-9.16846792675335],[-77.5311654098558,-9.28428977035657],[-77.4891701999447,-9.36621279988077],[-77.4770437099992,-9.44337233006894],[-77.4134591304345,-9.54701042029461],[-77.387748800067,-9.63093749996563],[-77.3553998398307,-9.69354728008284],[-77.3382036193845,-9.72212087475009],[-77.2944604901595,-9.76880085007912]]}},{"type":"Feature","properties":{"average_dip":"(37.0,30,45)","catalog_id":"SA_202","catalog_name":"SARA","dip_dir":"SW","downthrown_side_id":"None","lower_seis_depth":"(39.0,,)","name":"Falla de Shitari","net_slip_rate":"(0.5,0.1,1.0)","slip_type":"Reverse","upper_seis_depth":"(0.0,,)"},"geometry":{"type":"LineString","coordinates":[[-77.8700544057862,-5.33610434034301],[-77.8308337078093,-5.43059612840852],[-77.7953931256922,-5.44776626999732],[-77.7619562456841,-5.48134022287292],[-77.7408340927192,-5.48876711750842],[-77.70807465672,-5.51780570117211],[-77.6551908008148,-5.57898069390387],[-77.6172232199756,-5.65269359033687],[-77.3574907896682,-5.89486706975941],[-77.3225428004098,-5.94360473986683],[-77.3031375899278,-5.99248540038087],[-77.221297600204,-6.10340762955843],[-77.1901851223455,-6.1667872851051],[-77.1083243797163,-6.29002435066385],[-77.0789414889585,-6.38129734229847],[-77.0581251178152,-6.42666065115046],[-77.0281194196754,-6.49041531021834]]}},{"type":"Feature","properties":{"average_dip":"(90,,)","catalog_id":"SA_203","catalog_name":"SARA","dip_dir":"S","downthrown_side_id":"None","lower_seis_depth":"(39.0,,)","name":"Falla de Shitari","net_slip_rate":"(0.5,0.1,1.0)","slip_type":"Strike-Slip","upper_seis_depth":"(0.0,,)"},"geometry":{"type":"LineString","coordinates":[[-76.7947800499593,-6.11152164041135],[-76.6453883301073,-5.97097066996042]]}},{"type":"Feature","properties":{"average_dip":"(90,,)","catalog_id":"SA_204","catalog_name":"SARA","dip_dir":"S","downthrown_side_id":"None","lower_seis_depth":"(39.0,,)","name":"Falla de Shitari","net_slip_rate":"(0.5,0.1,1.0)","slip_type":"Strike-Slip","upper_seis_depth":"(0.0,,)"},"geometry":{"type":"LineString","coordinates":[[-76.9416533596148,-5.79741981986876],[-76.8969821602984,-5.77137493000896],[-76.876061729765,-5.73631698963732],[-76.8175833493095,-5.69917462626153],[-76.7752441994825,-5.65359293402988]]}},{"type":"Feature","properties":{"average_dip":"(37.0,30,45)","catalog_id":"SA_205","catalog_name":"SARA","dip_dir":"SW","downthrown_side_id":"None","lower_seis_depth":"(39.0,,)","name":"Falla de Shitari","net_slip_rate":"(0.5,0.1,1.0)","slip_type":"Reverse","upper_seis_depth":"(0.0,,)"},"geometry":{"type":"LineString","coordinates":[[-76.7799952955286,-5.67224204476759],[-76.7089620626924,-5.72963048184346],[-76.634086010361,-5.8015579900092],[-76.558874599683,-5.87462546009686],[-76.4511897401144,-6.04536421019009],[-76.4241724403058,-6.18112716039008]]}},{"type":"Feature","properties":{"average_dip":"(37.0,30,45)","catalog_id":"SA_206","catalog_name":"SARA","dip_dir":"SW","downthrown_side_id":"None","lower_seis_depth":"(39.0,,)","name":"Falla de Shitari","net_slip_rate":"(0.5,0.1,1.0)","slip_type":"Reverse","upper_seis_depth":"(0.0,,)"},"geometry":{"type":"LineString","coordinates":[[-77.2138868969627,-5.32190362974865],[-77.128567721623,-5.37248467982408],[-76.9697339368716,-5.4361010423292],[-76.908744019221,-5.47248139979672],[-76.8199178851865,-5.5664953078526],[-76.7758619966181,-5.64583966310091]]}},{"type":"Feature","properties":{"average_dip":"(90,,)","catalog_id":"SA_207","catalog_name":"SARA","dip_dir":"S","downthrown_side_id":"None","lower_seis_depth":"(39.0,,)","name":"Falla de Shitari","net_slip_rate":"(0.5,0.1,1.0)","slip_type":"Strike-Slip","upper_seis_depth":"(0.0,,)"},"geometry":{"type":"LineString","coordinates":[[-76.9557258403752,-5.73693650021926],[-76.9278097326824,-5.63182157055689],[-76.9294880998959,-5.57535162008116],[-76.9160002099417,-5.53626399029088],[-76.8943227696801,-5.50646961997694]]}},{"type":"Feature","properties":{"average_dip":"(37.0,30,45)","catalog_id":"SA_208","catalog_name":"SARA","dip_dir":"SW","downthrown_side_id":"None","lower_seis_depth":"(39.0,,)","name":"Falla de Shitari","net_slip_rate":"(0.5,0.1,1.0)","slip_type":"Reverse","upper_seis_depth":"(0.0,,)"},"geometry":{"type":"LineString","coordinates":[[-77.6013412699836,-5.25330494037064],[-77.5044059371077,-5.26528947728634],[-77.4353648394217,-5.33466477639358],[-77.379643716392,-5.42268141663203],[-77.2693897998993,-5.50301802016543],[-77.1739918936284,-5.56126902711454],[-77.0589574811028,-5.64149498490559],[-76.9863090699076,-5.73091588985636]]}},{"type":"Feature","properties":{"average_dip":"(60,,)","catalog_id":"SA_209","catalog_name":"SARA","dip_dir":"SW","downthrown_side_id":"None","lower_seis_depth":"(40.7,,)","name":"Falla Quiches","net_slip_rate":"(0.5,0.1,1)","slip_type":"Normal","upper_seis_depth":"(0.0,,)"},"geometry":{"type":"LineString","coordinates":[[-77.6618062722416,-8.20981804776466],[-77.5944657200169,-8.27099398028793]]}},{"type":"Feature","properties":{"average_dip":"(60,,)","catalog_id":"SA_210","catalog_name":"SARA","dip_dir":"SW","downthrown_side_id":"None","lower_seis_depth":"(40.7,,)","name":"Falla Quiches","net_slip_rate":"(0.5,0.1,1)","slip_type":"Normal","upper_seis_depth":"(0.0,,)"},"geometry":{"type":"LineString","coordinates":[[-77.5343549301359,-8.39522119979847],[-77.5251191903983,-8.42087126030037],[-77.4960552296651,-8.45748206994153],[-77.4357242299892,-8.48498053042709]]}},{"type":"Feature","properties":{"average_dip":"(70,,)","catalog_id":"SA_211","catalog_name":"SARA","dip_dir":"NE","downthrown_side_id":"None","lower_seis_depth":"(40.7,,)","name":"Falla Quiches","net_slip_rate":"(0.5,0.1,1)","slip_type":"Normal","upper_seis_depth":"(0.0,,)"},"geometry":{"type":"LineString","coordinates":[[-77.5526725347096,-8.4176571084887],[-77.5736756827309,-8.39758826049711],[-77.5922735216847,-8.35797654309398],[-77.6014978068535,-8.33172385427381],[-77.6174267095749,-8.29490284988657]]}},{"type":"Feature","properties":{"average_dip":"(70,,)","catalog_id":"SA_212","catalog_name":"SARA","dip_dir":"NE","downthrown_side_id":"None","lower_seis_depth":"(38.0,,)","name":"Falla San Francisco","net_slip_rate":"(0.5,0.1,1)","slip_type":"Normal","upper_seis_depth":"(0.0,,)"},"geometry":{"type":"LineString","coordinates":[[-70.0551071934422,-17.9303520373166],[-70.1062605244036,-17.8983812060278],[-70.2186151613606,-17.85270858913]]}},{"type":"Feature","properties":{"average_dip":"(70,,)","catalog_id":"SA_213","catalog_name":"SARA","dip_dir":"SW","downthrown_side_id":"None","lower_seis_depth":"(38.0,,)","name":"Falla Cerro Rocoso","net_slip_rate":"(0.5,0.1,1)","slip_type":"Normal","upper_seis_depth":"(0.0,,)"},"geometry":{"type":"LineString","coordinates":[[-70.5273478737054,-17.5320525481865],[-70.4809301550026,-17.6219505335902]]}},{"type":"Feature","properties":{"average_dip":"(75,,)","catalog_id":"SA_214","catalog_name":"SARA","dip_dir":"NW","downthrown_side_id":"None","lower_seis_depth":"(39.0,,)","name":"Falla de Cayesh","net_slip_rate":"(0.5,0.1,1)","slip_type":"Normal","upper_seis_depth":"(0.0,,)"},"geometry":{"type":"LineString","coordinates":[[-75.6041627790889,-10.9438003000438],[-75.6066652263191,-11.0295529414151],[-75.5624159079678,-11.1383971368184]]}},{"type":"Feature","properties":{"average_dip":"(60,,)","catalog_id":"SA_215","catalog_name":"SARA","dip_dir":"NE","downthrown_side_id":"None","lower_seis_depth":"(39.0,,)","name":"Falla Huaytapallana","net_slip_rate":"(0.5,0.1,1.0)","slip_type":"Sinistral-Reverse","upper_seis_depth":"(0.0,,)"},"geometry":{"type":"LineString","coordinates":[[-75.1460443804438,-11.8410157498769],[-75.2591774903489,-11.6935906297037]]}},{"type":"Feature","properties":{"average_dip":"(75,,)","catalog_id":"SA_216","catalog_name":"SARA","dip_dir":"SW","downthrown_side_id":"None","lower_seis_depth":"(43.7,,)","name":"Sistema de Fallas R\u00edo Mapacho-Paucartambo","net_slip_rate":"(0.5,0.01,1.0)","slip_type":"Normal","upper_seis_depth":"(0.0,,)"},"geometry":{"type":"LineString","coordinates":[[-72.3474662016039,-12.6343782587496],[-72.3134830527007,-12.6508524941472],[-72.225278120189,-12.6658075641677]]}},{"type":"Feature","properties":{"average_dip":"(65,,)","catalog_id":"SA_217","catalog_name":"SARA","dip_dir":"S","downthrown_side_id":"None","lower_seis_depth":"(43.7,,)","name":"Falla Langui-Layo","net_slip_rate":"(3.0,1,5)","slip_type":"Sinistral-Normal","upper_seis_depth":"(0.0,,)"},"geometry":{"type":"LineString","coordinates":[[-71.0815970002014,-14.473488000171],[-71.0443110002524,-14.4892090002951],[-71.0443110002524,-14.4892090002951],[-70.9953320384428,-14.5094174942219]]}},{"type":"Feature","properties":{"average_dip":"(80,,)","catalog_id":"SA_218","catalog_name":"SARA","dip_dir":"SW","downthrown_side_id":"None","lower_seis_depth":"(43.7,,)","name":"Falla Amaru","net_slip_rate":"(3.0,1,5)","slip_type":"Sinistral-Normal","upper_seis_depth":"(0.0,,)"},"geometry":{"type":"LineString","coordinates":[[-71.4163759999524,-14.1006330000129],[-71.3138139998162,-14.1742360001912],[-71.2522160001682,-14.2357610000701]]}},{"type":"Feature","properties":{"average_dip":"(82,,)","catalog_id":"SA_219","catalog_name":"SARA","dip_dir":"SW","downthrown_side_id":"None","lower_seis_depth":"(43.7,,)","name":"Falla Amaru","net_slip_rate":"(3.0,1,5)","slip_type":"Reverse","upper_seis_depth":"(0.0,,)"},"geometry":{"type":"LineString","coordinates":[[-71.4676294272562,-14.0112288539284],[-71.455053592849,-14.0266481027277],[-71.4348761282307,-14.092519645665],[-71.4043657878508,-14.1300161975894],[-71.3841096667277,-14.1407386066014]]}},{"type":"Feature","properties":{"average_dip":"(72.0,,)","catalog_id":"SA_220","catalog_name":"SARA","dip_dir":"S","downthrown_side_id":"None","lower_seis_depth":"(43.7,,)","name":"Falla Zurite\u0096-Huarocondo","net_slip_rate":"(3.0,1.0,5.0)","slip_type":"Dextral-Normal","upper_seis_depth":"(0.0,,)"},"geometry":{"type":"LineString","coordinates":[[-72.7214068066788,-13.44898578346],[-72.6867882210995,-13.4503489920053],[-72.6068553732768,-13.4244637300101]]}},{"type":"Feature","properties":{"average_dip":"(72.0,,)","catalog_id":"SA_221","catalog_name":"SARA","dip_dir":"S","downthrown_side_id":"None","lower_seis_depth":"(43.7,,)","name":"Falla Langui-Layo","net_slip_rate":"(3.0,1,5)","slip_type":"Normal","upper_seis_depth":"(0.0,,)"},"geometry":{"type":"LineString","coordinates":[[-71.197765157436,-14.4260012438623],[-71.1605533926009,-14.4672461591034],[-71.1573590001177,-14.469061000165],[-71.0769180002654,-14.4810679998882],[-71.0483009998912,-14.4976130002397]]}},{"type":"Feature","properties":{"average_dip":"(72.0,,)","catalog_id":"SA_222","catalog_name":"SARA","dip_dir":"S","downthrown_side_id":"None","lower_seis_depth":"(43.7,,)","name":"Falla Langui-Layo","net_slip_rate":"(3.0,1,5)","slip_type":"Normal","upper_seis_depth":"(0.0,,)"},"geometry":{"type":"LineString","coordinates":[[-71.3487759996127,-14.378525999775],[-71.2963320003215,-14.4583180002754]]}},{"type":"Feature","properties":{"average_dip":"(75,,)","catalog_id":"SA_223","catalog_name":"SARA","dip_dir":"S","downthrown_side_id":"None","lower_seis_depth":"(43.7,,)","name":"Sistema de Fallas Ollantaytambo-Vilcabamba-Quimbiri","net_slip_rate":"(0.5,0.1,1)","slip_type":"Normal","upper_seis_depth":"(0.0,,)"},"geometry":{"type":"LineString","coordinates":[[-73.3374255117779,-13.276315688718],[-73.3009719476972,-13.2897419517296],[-73.2168581049175,-13.3015129837372],[-73.1998213201977,-13.3194517866706],[-73.1674955930471,-13.3211275968611],[-73.1379315786794,-13.336322560138],[-73.0010145177058,-13.3100473458083],[-72.9357680602478,-13.3187886562714],[-72.8664703764067,-13.3170770602581],[-72.7526168717712,-13.3389835065835],[-72.6794891623949,-13.3179036586269],[-72.596603600176,-13.3304685761638],[-72.5001825765646,-13.371358264772]]}},{"type":"Feature","properties":{"average_dip":"(75,,)","catalog_id":"SA_224","catalog_name":"SARA","dip_dir":"SW","downthrown_side_id":"None","lower_seis_depth":"(43.7,,)","name":"Sistema de Fallas R\u00edo Mapacho-Paucartambo","net_slip_rate":"(0.5,0.01,1.0)","slip_type":"Normal","upper_seis_depth":"(0.0,,)"},"geometry":{"type":"LineString","coordinates":[[-71.8692992891732,-12.8809168304275],[-71.8529585206192,-12.8930356107048],[-71.8329956630194,-12.9265036387319],[-71.805370048289,-12.9358365025525],[-71.7228021437039,-12.9865909563076],[-71.7004096839597,-13.0209571633424],[-71.5681169936043,-13.1398640376951],[-71.5456519495777,-13.1792326156926]]}},{"type":"Feature","properties":{"average_dip":"(75,,)","catalog_id":"SA_225","catalog_name":"SARA","dip_dir":"S","downthrown_side_id":"None","lower_seis_depth":"(43.7,,)","name":"Sistema de Fallas Ollantaytambo-Vilcabamba-Quimbiri","net_slip_rate":"(0.5,0.1,1)","slip_type":"Normal","upper_seis_depth":"(0.0,,)"},"geometry":{"type":"LineString","coordinates":[[-73.4534553047185,-13.0867326029272],[-73.4267350114116,-13.1017878196521],[-73.3769150953553,-13.1003490518672],[-73.3340683218955,-13.0908738523464],[-73.2654188181239,-13.0566520197748],[-73.111656259129,-13.0290567787473],[-73.030585986554,-13.0497103138798],[-72.9804230978477,-13.0723242874359],[-72.9145967305546,-13.0614083703999],[-72.7880857168823,-13.0667727481638],[-72.7237626203486,-13.051620580925],[-72.6226271653114,-13.0029121315895],[-72.5307923801642,-13.0036809952817],[-72.5003585244263,-13.0065428259906],[-72.426790285743,-13.0314363048416],[-72.3302614037407,-13.0857822425564],[-72.2568089024089,-13.1098170334293],[-72.1695381226862,-13.1185827362042],[-72.1164703868988,-13.1007599629019]]}},{"type":"Feature","properties":{"average_dip":"(72.0,,)","catalog_id":"SA_226","catalog_name":"SARA","dip_dir":"S","downthrown_side_id":"None","lower_seis_depth":"(43.7,,)","name":"Falla Zurite\u0096-Huarocondo","net_slip_rate":"(3.0,1.0,5.0)","slip_type":"Dextral-Normal","upper_seis_depth":"(0.0,,)"},"geometry":{"type":"LineString","coordinates":[[-72.7081279632349,-13.4930460533326],[-72.6827829590663,-13.4809808270035],[-72.6195676051608,-13.4787785294056],[-72.5931261799292,-13.4856780526],[-72.5083291167953,-13.4618408616664],[-72.4768780001196,-13.4610329997731],[-72.4475120002786,-13.4527469998741],[-72.4068049999507,-13.4328220001352],[-72.3809829998655,-13.4380229998615],[-72.3163980000676,-13.4322950001141],[-72.2490089995657,-13.4407079995745],[-72.2211370002723,-13.428232999853],[-72.2108297633028,-13.4232213193311]]}},{"type":"Feature","properties":{"average_dip":"(75,,)","catalog_id":"SA_227","catalog_name":"SARA","dip_dir":"SW","downthrown_side_id":"None","lower_seis_depth":"(43.7,,)","name":"Sistema de Fallas R\u00edo Mapacho-Paucartambo","net_slip_rate":"(0.5,0.01,1.0)","slip_type":"Normal","upper_seis_depth":"(0.0,,)"},"geometry":{"type":"LineString","coordinates":[[-71.5919721314087,-13.2973792868246],[-71.5476258859259,-13.3285726434127],[-71.5125843365978,-13.3770349357137],[-71.4593548541432,-13.3811721777537]]}},{"type":"Feature","properties":{"average_dip":"(75,,)","catalog_id":"SA_228","catalog_name":"SARA","dip_dir":"SW","downthrown_side_id":"None","lower_seis_depth":"(43.7,,)","name":"Sistema de Fallas R\u00edo Mapacho-Paucartambo","net_slip_rate":"(0.5,0.01,1.0)","slip_type":"Normal","upper_seis_depth":"(0.0,,)"},"geometry":{"type":"LineString","coordinates":[[-72.2042880389618,-12.4776244224291],[-72.083129182166,-12.5519965839751],[-72.0158634427436,-12.6185276870031]]}},{"type":"Feature","properties":{"average_dip":"(72.0,,)","catalog_id":"SA_229","catalog_name":"SARA","dip_dir":"SW","downthrown_side_id":"None","lower_seis_depth":"(43.7,,)","name":"Falla Choquecancha","net_slip_rate":"(0.5,0.1,1)","slip_type":"Normal","upper_seis_depth":"(0.0,,)"},"geometry":{"type":"LineString","coordinates":[[-72.0961088211651,-12.8887869012944],[-72.0435077013193,-12.9657273197599],[-72.0045542620695,-13.0058977737632],[-71.9895613018126,-13.0100073562544]]}},{"type":"Feature","properties":{"average_dip":"(75,,)","catalog_id":"SA_230","catalog_name":"SARA","dip_dir":"SW","downthrown_side_id":"None","lower_seis_depth":"(43.7,,)","name":"Sistema de Fallas R\u00edo Mapacho-Paucartambo","net_slip_rate":"(0.5,0.01,1.0)","slip_type":"Normal","upper_seis_depth":"(0.0,,)"},"geometry":{"type":"LineString","coordinates":[[-72.2727829555689,-12.4899528452476],[-72.2371444029918,-12.5092839497944],[-72.2011593501189,-12.5435881117723],[-72.1236879086113,-12.5590385863014],[-72.0892115957385,-12.5807405938033],[-71.9418516557293,-12.7650411743107],[-71.9134970937159,-12.7901785600924],[-71.8888853104087,-12.8408997740053],[-71.8515230839232,-12.8815606912729]]}},{"type":"Feature","properties":{"average_dip":"(30,,)","catalog_id":"SA_231","catalog_name":"SARA","dip_dir":"SW","downthrown_side_id":"None","lower_seis_depth":"(43.7,,)","name":"Falla Quimbiri-Pichari","net_slip_rate":"(0.5,0.1,1)","slip_type":"Reverse","upper_seis_depth":"(0.0,,)"},"geometry":{"type":"LineString","coordinates":[[-73.9232569921165,-12.3459078521656],[-73.7856678515901,-12.5519777665606],[-73.6772525716488,-12.6806493366975],[-73.6101276597636,-12.7854784701552],[-73.5763445632509,-12.8532775785973]]}},{"type":"Feature","properties":{"average_dip":"(65,,)","catalog_id":"SA_232","catalog_name":"SARA","dip_dir":"SW","downthrown_side_id":"None","lower_seis_depth":"(43.7,,)","name":"Falla Sangarar\u00e1","net_slip_rate":"(3.0,1,5)","slip_type":"Normal","upper_seis_depth":"(0.0,,)"},"geometry":{"type":"LineString","coordinates":[[-71.5891196554477,-13.9168692715996],[-71.5412234845761,-13.9558198608978],[-71.5276532023334,-13.9850809674127],[-71.4794017497909,-14.0361937272586],[-71.4570529997961,-14.0856669996323]]}},{"type":"Feature","properties":{"average_dip":"(75,,)","catalog_id":"SA_233","catalog_name":"SARA","dip_dir":"SW","downthrown_side_id":"None","lower_seis_depth":"(43.7,,)","name":"Sistema de Fallas R\u00edo Mapacho-Paucartambo","net_slip_rate":"(0.5,0.01,1.0)","slip_type":"Normal","upper_seis_depth":"(0.0,,)"},"geometry":{"type":"LineString","coordinates":[[-71.9318429699164,-12.9512052977992],[-71.9150371584381,-12.9556253719134],[-71.8865851647735,-12.9804807563818],[-71.7883070528282,-12.997721134123],[-71.7814730803183,-13.0112191036786],[-71.7074458816221,-13.0532448347813]]}},{"type":"Feature","properties":{"average_dip":"(72.0,,)","catalog_id":"SA_234","catalog_name":"SARA","dip_dir":"SW","downthrown_side_id":"None","lower_seis_depth":"(43.7,,)","name":"Falla Tambomachay","net_slip_rate":"(0.5,0.1,1)","slip_type":"Normal","upper_seis_depth":"(0.0,,)"},"geometry":{"type":"LineString","coordinates":[[-71.9804640001135,-13.4718199998931],[-71.9355619996865,-13.4909230003961],[-71.9045169997597,-13.5141410000071],[-71.8285370689305,-13.5640030034358],[-71.7298612237165,-13.5986445226266]]}},{"type":"Feature","properties":{"average_dip":"(65,,)","catalog_id":"SA_235","catalog_name":"SARA","dip_dir":"SW","downthrown_side_id":"None","lower_seis_depth":"(43.7,,)","name":"Falla Langui-Layo","net_slip_rate":"(3.0,1,5)","slip_type":"Sinistral-Normal","upper_seis_depth":"(0.0,,)"},"geometry":{"type":"LineString","coordinates":[[-71.1133407904451,-14.4946383792578],[-71.0867143252059,-14.5073337659405],[-70.9885639754471,-14.5240207512566]]}},{"type":"Feature","properties":{"average_dip":"(72.0,,)","catalog_id":"SA_236","catalog_name":"SARA","dip_dir":"SW","downthrown_side_id":"None","lower_seis_depth":"(43.7,,)","name":"Falla Pachatusan","net_slip_rate":"(0.5,0.1,1)","slip_type":"Sinistral-Normal","upper_seis_depth":"(0.0,,)"},"geometry":{"type":"LineString","coordinates":[[-71.7379175943215,-13.570102282894],[-71.6617658084452,-13.6643578892052]]}},{"type":"Feature","properties":{"average_dip":"(75,,)","catalog_id":"SA_237","catalog_name":"SARA","dip_dir":"SW","downthrown_side_id":"None","lower_seis_depth":"(43.7,,)","name":"Sistema de Fallas R\u00edo Mapacho-Paucartambo","net_slip_rate":"(0.5,0.01,1.0)","slip_type":"Normal","upper_seis_depth":"(0.0,,)"},"geometry":{"type":"LineString","coordinates":[[-72.3029047285704,-12.5956072199971],[-72.1627266979787,-12.6751407553415],[-72.1241385849277,-12.7442222349681],[-72.0860539681161,-12.7796938841654],[-72.0709720154461,-12.8210665968459],[-71.9923725721967,-12.8913713894391],[-71.9687586655558,-12.9210236570539],[-71.9318429699164,-12.9512052977992]]}},{"type":"Feature","properties":{"average_dip":"(72.0,,)","catalog_id":"SA_238","catalog_name":"SARA","dip_dir":"S","downthrown_side_id":"None","lower_seis_depth":"(43.7,,)","name":"Falla Langui-Layo","net_slip_rate":"(3.0,1,5)","slip_type":"Normal","upper_seis_depth":"(0.0,,)"},"geometry":{"type":"LineString","coordinates":[[-71.113264833705,-14.5544729108961],[-71.0147455586606,-14.5780451498637]]}},{"type":"Feature","properties":{"average_dip":"(75,,)","catalog_id":"SA_239","catalog_name":"SARA","dip_dir":"S","downthrown_side_id":"None","lower_seis_depth":"(43.7,,)","name":"Sistema de Fallas Ollantaytambo-Vilcabamba-Quimbiri","net_slip_rate":"(0.5,0.1,1)","slip_type":"Normal","upper_seis_depth":"(0.0,,)"},"geometry":{"type":"LineString","coordinates":[[-73.1321226921085,-13.1839722524174],[-73.0362124690302,-13.153596286939],[-72.9493633076705,-13.1522043513497],[-72.9196737596363,-13.1437135461432]]}},{"type":"Feature","properties":{"average_dip":"(75,,)","catalog_id":"SA_240","catalog_name":"SARA","dip_dir":"SW","downthrown_side_id":"None","lower_seis_depth":"(43.7,,)","name":"Sistema de Fallas R\u00edo Mapacho-Paucartambo","net_slip_rate":"(0.5,0.01,1.0)","slip_type":"Normal","upper_seis_depth":"(0.0,,)"},"geometry":{"type":"LineString","coordinates":[[-71.6376359502389,-13.1370073304239],[-71.6325839982017,-13.1553309565596],[-71.6073948749735,-13.1876734842439],[-71.5901378552778,-13.1906685989766],[-71.5244005289612,-13.2525492267654],[-71.4912948026924,-13.270521363647],[-71.4291259725795,-13.3242145657869],[-71.392299685582,-13.3395211680674],[-71.3692746678915,-13.3589765175522]]}},{"type":"Feature","properties":{"average_dip":"(75,,)","catalog_id":"SA_241","catalog_name":"SARA","dip_dir":"S","downthrown_side_id":"None","lower_seis_depth":"(43.7,,)","name":"Sistema de Fallas Ollantaytambo-Vilcabamba-Quimbiri","net_slip_rate":"(0.5,0.1,1)","slip_type":"Normal","upper_seis_depth":"(0.0,,)"},"geometry":{"type":"LineString","coordinates":[[-73.0613325230775,-12.9794188324132],[-72.9892340832862,-13.0329833321151]]}},{"type":"Feature","properties":{"average_dip":"(72,,)","catalog_id":"SA_242","catalog_name":"SARA","dip_dir":"SW","downthrown_side_id":"None","lower_seis_depth":"(43.7,,)","name":"Falla Cusco","net_slip_rate":"(0.5,0.1,1)","slip_type":"Reverse","upper_seis_depth":"(0.0,,)"},"geometry":{"type":"LineString","coordinates":[[-72.1431441591756,-13.4491961104121],[-71.9661070727831,-13.5224100458869],[-71.8581475422752,-13.5561215455728]]}},{"type":"Feature","properties":{"average_dip":"(90.,,)","catalog_id":"SA_243","catalog_name":"SARA","dip_dir":"SW","downthrown_side_id":"None","lower_seis_depth":"(26.0,,)","name":"Los Bajos - Sur","net_slip_rate":"(6.0,5.0,7.0)","slip_type":"Dextral","upper_seis_depth":"(1.0,,)"},"geometry":{"type":"LineString","coordinates":[[-62.454749430725,10.6388338643173],[-62.3996200142474,10.5637563037196],[-62.321719449446,10.499940453816],[-62.2019155124733,10.3844211560548],[-62.1692385888695,10.3626365403189],[-61.800462304144,10.214175999611],[-61.5692896905801,10.1167393498924],[-61.1961924193333,9.99878158939696]]}},{"type":"Feature","properties":{"average_dip":"(90,,)","catalog_id":"SA_244","catalog_name":"SARA","dip_dir":"S","downthrown_side_id":"None","lower_seis_depth":"(26.0,,)","name":"Coche - Este","net_slip_rate":"(0.4,,)","slip_type":"Dextral","upper_seis_depth":"(0.0,,)"},"geometry":{"type":"LineString","coordinates":[[-64.0401629623924,10.8702970082103],[-63.5620412122576,10.8538090923639],[-63.4601951714317,10.859245793626],[-63.2205172232889,10.8911844805297],[-63.085666657,10.8940415170951],[-62.6729562625663,10.8427969061678],[-62.500533785622,10.8426718290274],[-62.4141955320385,10.8320418643683]]}},{"type":"Feature","properties":{"average_dip":"(90,,)","catalog_id":"SA_245","catalog_name":"SARA","dip_dir":"N","downthrown_side_id":"None","lower_seis_depth":"(26.0,,)","name":"Costa Norte - Oeste","net_slip_rate":"(0.35,0.2,0.5)","slip_type":"Dextral","upper_seis_depth":"(0.0,,)"},"geometry":{"type":"LineString","coordinates":[[-62.7560626228745,10.7752062922779],[-62.8397310058486,10.7350630687757],[-62.8976322941857,10.7246589310276],[-63.4011020904295,10.7029459479012],[-63.686989701594,10.6771617804386],[-63.720916237729,10.6654005812451]]}},{"type":"Feature","properties":{"average_dip":"(90,,)","catalog_id":"SA_246","catalog_name":"SARA","dip_dir":"N","downthrown_side_id":"None","lower_seis_depth":"(26.0,,)","name":"Costa Norte - Centro","net_slip_rate":"(0.35,0.2,0.5)","slip_type":"Dextral","upper_seis_depth":"(0.0,,)"},"geometry":{"type":"LineString","coordinates":[[-61.6934617940996,10.9103438399037],[-61.860593952662,10.8497949486128],[-61.9400188343577,10.8095711887841],[-61.9802425941864,10.7799146878934],[-62.193079119975,10.7650864374481],[-62.2953429161498,10.7634885656329],[-62.6117215355653,10.7991743695063],[-62.7273009302003,10.7847935231693],[-62.8657831541869,10.7554992065567],[-62.9163824283359,10.7560318304951],[-62.9950193594927,10.770362743338],[-63.1835682336898,10.8337449920088]]}},{"type":"Feature","properties":{"average_dip":"(90,,)","catalog_id":"SA_247","catalog_name":"SARA","dip_dir":"N","downthrown_side_id":"None","lower_seis_depth":"(26.0,,)","name":"Costa Norte - Este","net_slip_rate":"(0.35,0.2,0.5)","slip_type":"Dextral","upper_seis_depth":"(0.0,,)"},"geometry":{"type":"LineString","coordinates":[[-60.9486433964822,10.8576876724588],[-61.0610729269105,10.8511441548149],[-61.1324567557538,10.8606619986606],[-61.1764767835406,10.8487646938534],[-61.3511864825436,10.8457514951358],[-61.4959194176145,10.8136676446721],[-61.626789770494,10.7952268222209],[-61.9801947827881,10.779760324346]]}},{"type":"Feature","properties":{"average_dip":"(90,,)","catalog_id":"SA_248","catalog_name":"SARA","dip_dir":"S","downthrown_side_id":"None","lower_seis_depth":"(26.0,,)","name":"Patao Sur - Oeste","net_slip_rate":"(0.15,0.1,0.2)","slip_type":"Dextral","upper_seis_depth":"(0.0,,)"},"geometry":{"type":"LineString","coordinates":[[-62.5200423332318,10.9578364662104],[-62.2416555383938,10.9816076346501],[-62.1750962667627,10.9927008465886],[-62.1328364117588,11.0096047885902],[-61.8914269900492,11.0275652269668],[-61.76411917685,11.0465821617186]]}},{"type":"Feature","properties":{"average_dip":"(60,,)","catalog_id":"SA_249","catalog_name":"SARA","dip_dir":"NE","downthrown_side_id":"None","lower_seis_depth":"(26.0,,)","name":"Ca\u00f1\u00f3n de Los Roques - Sur","net_slip_rate":"(0.75,0.5,1.0)","slip_type":"Normal","upper_seis_depth":"(0.0,,)"},"geometry":{"type":"LineString","coordinates":[[-64.340115946754,10.793304010506],[-64.6215414373333,10.8325997430606],[-64.7485770543985,10.8756362134095],[-64.8130407012619,10.9227882324846],[-65.0013894188903,11.086226896149],[-65.1127647992516,11.1995901841637],[-65.1641278671766,11.26379401907],[-65.1913974576742,11.2927276451468],[-65.3294357027227,11.5214538070004],[-65.3893166386631,11.6991021540231]]}},{"type":"Feature","properties":{"average_dip":"(90,,)","catalog_id":"SA_250","catalog_name":"SARA","dip_dir":"NE","downthrown_side_id":"None","lower_seis_depth":"(26.0,,)","name":"El Soldado - Norte","net_slip_rate":"(3.0,2.0,4.0)","slip_type":"Dextral","upper_seis_depth":"(0.0,,)"},"geometry":{"type":"LineString","coordinates":[[-61.1900898380584,9.9994586495145],[-61.2471419079604,9.97336815573732],[-61.3157109776947,9.96017004303672],[-61.4190579624248,9.95135814184398],[-61.4910366565085,9.95730679424758],[-61.7099470649614,10.0013268220343],[-61.9425393739427,10.0801609250926],[-62.0704354006203,10.1890212640787],[-62.2203414411913,10.2984764683052],[-62.4606669982973,10.4471927783955],[-62.5606043586779,10.5185766072388]]}},{"type":"Feature","properties":{"average_dip":"(60,,)","catalog_id":"SA_251","catalog_name":"SARA","dip_dir":"NE","downthrown_side_id":"None","lower_seis_depth":"(26.0,,)","name":"Bohordal - Bohordal","net_slip_rate":"(0.3,0.1,0.5)","slip_type":"Normal","upper_seis_depth":"(0.0,,)"},"geometry":{"type":"LineString","coordinates":[[-62.3159577784465,9.93345812172155],[-62.369495650079,9.96617570994141],[-62.461699762335,10.0928820061383],[-62.6806101707879,10.3516483856955],[-62.8574198736891,10.5181560524154]]}},{"type":"Feature","properties":{"average_dip":"(90,,)","catalog_id":"SA_252","catalog_name":"SARA","dip_dir":"SW","downthrown_side_id":"None","lower_seis_depth":"(26.0,,)","name":"Margarita - Margarita","net_slip_rate":"(0.3,0.1,0.5)","slip_type":"Dextral","upper_seis_depth":"(0.0,,)"},"geometry":{"type":"LineString","coordinates":[[-63.8943506150448,11.2807095928128],[-63.6898559418087,10.9650979371393],[-63.6203258537672,10.8855246141585],[-63.5731999052057,10.8538497962729]]}},{"type":"Feature","properties":{"average_dip":"(90.,,)","catalog_id":"SA_253","catalog_name":"SARA","dip_dir":"N","downthrown_side_id":"None","lower_seis_depth":"(26.0,,)","name":"El Pilar - Guaracayal - Casanay","net_slip_rate":"(9,,)","slip_type":"Dextral","upper_seis_depth":"(0.0,,)"},"geometry":{"type":"LineString","coordinates":[[-62.3518127470902,10.5236314576289],[-62.913399,10.517027],[-63.340137,10.499902],[-63.528986,10.497135],[-63.722487,10.469465],[-63.8348580883799,10.4746081570993],[-64.0073288329391,10.4547076865732],[-64.0536776403927,10.4606862960164]]}},{"type":"Feature","properties":{"average_dip":"(90.,,)","catalog_id":"SA_254","catalog_name":"SARA","dip_dir":"N","downthrown_side_id":"None","lower_seis_depth":"(26.0,,)","name":"El Pilar - Offshore","net_slip_rate":"(5,,)","slip_type":"Dextral","upper_seis_depth":"(0.0,,)"},"geometry":{"type":"LineString","coordinates":[[-64.1307735537757,10.4551733253571],[-64.1527835676691,10.4474400772324],[-64.5048584105135,10.4463954105135],[-65.1061414105135,10.4966264105135],[-65.3762484105135,10.5427384105135],[-65.5651654105135,10.6013664105135],[-65.9876424105135,10.6547254105135]]}},{"type":"Feature","properties":{"average_dip":"(72.0,,)","catalog_id":"SA_255","catalog_name":"SARA","dip_dir":"S","downthrown_side_id":"None","lower_seis_depth":"(26.0,,)","name":"Patao Sur - Este","net_slip_rate":"(0.15,0.1,0.2)","slip_type":"Reverse-Dextral","upper_seis_depth":"(0.0,,)"},"geometry":{"type":"LineString","coordinates":[[-61.764,11.047],[-61.6230581890748,11.081405628022],[-61.5218984238706,11.1355143396428],[-61.3783927104414,11.2319689994887],[-61.0902050072435,11.4495801223116],[-61.0125748157309,11.5225613270217]]}},{"type":"Feature","properties":{"average_dip":"(90,,)","catalog_id":"SA_256","catalog_name":"SARA","dip_dir":"S","downthrown_side_id":"None","lower_seis_depth":"(26.0,,)","name":"Charagato - Charagato","net_slip_rate":"(1.0,,)","slip_type":"Sinistral","upper_seis_depth":"(0.0,,)"},"geometry":{"type":"LineString","coordinates":[[-64.34,10.7934180617037],[-64.1793812770389,10.8222134763924],[-64.0194638847497,10.8309549415658],[-63.8898845186505,10.8597503562545]]}},{"type":"Feature","properties":{"average_dip":"(90,,)","catalog_id":"SA_257","catalog_name":"SARA","dip_dir":"SW","downthrown_side_id":"None","lower_seis_depth":"(26.0,,)","name":"Urica - Norte","net_slip_rate":"(0.75,,)","slip_type":"Dextral","upper_seis_depth":"(1.0,,)"},"geometry":{"type":"LineString","coordinates":[[-65.0939501457063,10.3505506836026],[-64.9050483224848,10.318559245799],[-64.8319250360765,10.2969777202965],[-64.7704811634696,10.2555919713918],[-64.6975531063081,10.1898117407676],[-64.6412666466753,10.175419084909],[-64.5890751949188,10.1287929156111],[-64.537741897565,10.0648684321139],[-64.478660177969,10.0309690848047],[-64.3694643370652,9.9850016677535]]}},{"type":"Feature","properties":{"average_dip":"(90.,,)","catalog_id":"SA_258","catalog_name":"SARA","dip_dir":"S","downthrown_side_id":"None","lower_seis_depth":"(26.0,,)","name":"El Pilar - Cuman\u00e1 - Guaracayal","net_slip_rate":"(9,,)","slip_type":"Dextral","upper_seis_depth":"(0.0,,)"},"geometry":{"type":"LineString","coordinates":[[-64.1724004927802,10.4636741203798],[-64.0334376018831,10.4776680414772],[-63.8941492709604,10.474413641222]]}},{"type":"Feature","properties":{"average_dip":"(90,,)","catalog_id":"SA_259","catalog_name":"SARA","dip_dir":"SW","downthrown_side_id":"None","lower_seis_depth":"(26.0,,)","name":"Punta Arenas - Sur","net_slip_rate":"(0.75,0.5,1.0)","slip_type":"Dextral-Normal","upper_seis_depth":"(0.0,,)"},"geometry":{"type":"LineString","coordinates":[[-65.1326633152531,11.8461393286185],[-64.9634641289022,11.5663588802009],[-64.8878227578042,11.4599354211061],[-64.7469233163092,11.2885378537041],[-64.5817615052289,11.1191295526922],[-64.4266666535767,10.9577792852452],[-64.3161646861844,10.8683253116419],[-64.2331106530555,10.8233701763206]]}},{"type":"Feature","properties":{"average_dip":"(90.,,)","catalog_id":"SA_260","catalog_name":"SARA","dip_dir":"N","downthrown_side_id":"None","lower_seis_depth":"(18.0,,)","name":"La Victoria - El Horno","net_slip_rate":"(0.5,,)","slip_type":"Dextral","upper_seis_depth":"(0.0,,)"},"geometry":{"type":"LineString","coordinates":[[-67.487127,10.2370530003304],[-67.775969,10.1400140003274]]}},{"type":"Feature","properties":{"average_dip":"(90.,,)","catalog_id":"SA_261","catalog_name":"SARA","dip_dir":"N","downthrown_side_id":"None","lower_seis_depth":"(18.0,,)","name":"La Victoria - La Victoria","net_slip_rate":"(0.55,,)","slip_type":"Dextral","upper_seis_depth":"(0.0,,)"},"geometry":{"type":"LineString","coordinates":[[-67.098621,10.2768230003316],[-67.554448,10.1750120003284]]}},{"type":"Feature","properties":{"average_dip":"(90.,,)","catalog_id":"SA_262","catalog_name":"SARA","dip_dir":"N","downthrown_side_id":"None","lower_seis_depth":"(18.0,,)","name":"La Victoria - La Cabrera","net_slip_rate":"(1.1,,)","slip_type":"Dextral","upper_seis_depth":"(0.0,,)"},"geometry":{"type":"LineString","coordinates":[[-67.637523,10.22577500033],[-67.860376,10.1576210003279]]}},{"type":"Feature","properties":{"average_dip":"(90.,,)","catalog_id":"SA_263","catalog_name":"SARA","dip_dir":"N","downthrown_side_id":"None","lower_seis_depth":"(18.0,,)","name":"La Victoria - Pichao","net_slip_rate":"(0.4,,)","slip_type":"Dextral","upper_seis_depth":"(0.0,,)"},"geometry":{"type":"LineString","coordinates":[[-66.5330760000031,10.3838710003348],[-66.6103990000025,10.357566000334],[-66.9846,10.2688690003313],[-67.138703,10.2450070003306]]}},{"type":"Feature","properties":{"average_dip":"(72.0,,)","catalog_id":"SA_264","catalog_name":"SARA","dip_dir":"NE","downthrown_side_id":"None","lower_seis_depth":"(18.0,,)","name":"T\u00e1cata - T\u00e1cata","net_slip_rate":"(0.4,,)","slip_type":"Dextral","upper_seis_depth":"(0.0,,)"},"geometry":{"type":"LineString","coordinates":[[-66.5030770000036,9.94207700032102],[-66.6598080000022,10.0530610003245],[-66.7571920000016,10.098498000326],[-66.8441300000012,10.1208170003267],[-67.006997,10.22591700033],[-67.124236,10.2370530003304]]}},{"type":"Feature","properties":{"average_dip":"(90,,)","catalog_id":"SA_265","catalog_name":"SARA","dip_dir":"NE","downthrown_side_id":"None","lower_seis_depth":"(18.0,,)","name":"R\u00edo Gu\u00e1rico - Norte","net_slip_rate":"(0.3,,)","slip_type":"Dextral","upper_seis_depth":"(0.0,,)"},"geometry":{"type":"LineString","coordinates":[[-67.4522227501164,10.0339264572933],[-67.581625,10.1129700003265]]}},{"type":"Feature","properties":{"average_dip":"(90,,)","catalog_id":"SA_266","catalog_name":"SARA","dip_dir":"NE","downthrown_side_id":"None","lower_seis_depth":"(18.0,,)","name":"Arag\u00fcita - Arag\u00fcita","net_slip_rate":"(0.4,,)","slip_type":"Dextral","upper_seis_depth":"(0.0,,)"},"geometry":{"type":"LineString","coordinates":[[-65.9794650000139,9.93781800032025],[-66.0891400000106,10.0108260003227],[-66.4268950000043,10.1937960003288],[-66.5377200000031,10.2469910003305],[-66.7252900000017,10.3162290003327]]}},{"type":"Feature","properties":{"average_dip":"(90,,)","catalog_id":"SA_267","catalog_name":"SARA","dip_dir":"S","downthrown_side_id":"None","lower_seis_depth":"(26.0,,)","name":"La Tortuga - La Tortuga","net_slip_rate":"(1.0,,)","slip_type":"Dextral","upper_seis_depth":"(0.0,,)"},"geometry":{"type":"LineString","coordinates":[[-66.3834353828584,10.8155884208204],[-66.1582460000079,10.8191060003478],[-65.8216280000175,10.8717170003488],[-65.6750740000243,10.8828760003486],[-65.3280610000503,10.8597600003455],[-65.0365680000878,10.8772960003427],[-64.9815586121766,10.868776179943]]}},{"type":"Feature","properties":{"average_dip":"(90,,)","catalog_id":"SA_268","catalog_name":"SARA","dip_dir":"N","downthrown_side_id":"None","lower_seis_depth":"(26.0,,)","name":"San Sebasti\u00e1n - Centro","net_slip_rate":"(5,,)","slip_type":"Dextral","upper_seis_depth":"(0.0,,)"},"geometry":{"type":"LineString","coordinates":[[-65.9854649066589,10.6552016531895],[-66.5854530000025,10.6411660003427],[-66.8374920000012,10.6240280003423],[-67.033336,10.5970970003415],[-67.0904406682853,10.5999581583575],[-67.409281,10.5747710003408],[-67.689135,10.5430440003399],[-67.7853623536956,10.541474266092]]}},{"type":"Feature","properties":{"average_dip":"(90.,,)","catalog_id":"SA_269","catalog_name":"SARA","dip_dir":"NE","downthrown_side_id":"None","lower_seis_depth":"(18.0,,)","name":"R\u00edo Gu\u00e1rico - Sur","net_slip_rate":"(0.3,,)","slip_type":"Dextral","upper_seis_depth":"(0.0,,)"},"geometry":{"type":"LineString","coordinates":[[-66.891489617425,9.83610276075109],[-66.963891,9.8628620003187],[-67.172628,9.96146700032179],[-67.1880052035051,9.96068555838228]]}},{"type":"Feature","properties":{"average_dip":"(30,,)","catalog_id":"SA_270","catalog_name":"SARA","dip_dir":"N","downthrown_side_id":"None","lower_seis_depth":"(18.0,,)","name":"R\u00edo Gu\u00e1rico - Corrimiento","net_slip_rate":"(0.3,,)","slip_type":"Reverse","upper_seis_depth":"(0.0,,)"},"geometry":{"type":"LineString","coordinates":[[-67.1880052035051,9.96068555838228],[-67.244271,9.94313700032123],[-67.286726,9.93968700032112],[-67.337141,9.94678100032134]]}},{"type":"Feature","properties":{"average_dip":"(72.0,,)","catalog_id":"SA_271","catalog_name":"SARA","dip_dir":"SW","downthrown_side_id":"None","lower_seis_depth":"(26.0,,)","name":"Tacagua - El \u00c1vila - Tacagua","net_slip_rate":"(0.17,,)","slip_type":"Dextral-Normal","upper_seis_depth":"(0.0,,)"},"geometry":{"type":"LineString","coordinates":[[-67.0904631835643,10.5999567399978],[-66.9559453297992,10.5317389644659]]}},{"type":"Feature","properties":{"average_dip":"(90.,,)","catalog_id":"SA_272","catalog_name":"SARA","dip_dir":"S","downthrown_side_id":"None","lower_seis_depth":"(26.0,,)","name":"Tacagua - El \u00c1vila - El \u00c1vila","net_slip_rate":"(0.4,,)","slip_type":"Dextral","upper_seis_depth":"(0.0,,)"},"geometry":{"type":"LineString","coordinates":[[-66.9561589447093,10.532],[-66.8093812471114,10.5051375366138],[-66.4691555255559,10.4852052022754]]}},{"type":"Feature","properties":{"average_dip":"(90,,)","catalog_id":"SA_273","catalog_name":"SARA","dip_dir":"NE","downthrown_side_id":"None","lower_seis_depth":"(18.0,,)","name":"R\u00edo Gu\u00e1rico - Centro","net_slip_rate":"(0.3,,)","slip_type":"Dextral","upper_seis_depth":"(0.0,,)"},"geometry":{"type":"LineString","coordinates":[[-67.337141,9.94678100032141],[-67.520483,10.0477480003245]]}},{"type":"Feature","properties":{"average_dip":"(72.0,,)","catalog_id":"SA_274","catalog_name":"SARA","dip_dir":"SE","downthrown_side_id":"None","lower_seis_depth":"(11.8,,)","name":"Tu\u00f1ame - Norte","net_slip_rate":"(0.5,,)","slip_type":"Normal","upper_seis_depth":"(0.0,,)"},"geometry":{"type":"LineString","coordinates":[[-70.7125732430646,8.9695515357805],[-70.6708732036719,9.01475830681041],[-70.5713425378963,9.08964976215637],[-70.4950633495895,9.12157457417127],[-70.3703768638098,9.19125812707271]]}},{"type":"Feature","properties":{"average_dip":"(20.0,,30)","catalog_id":"SA_275","catalog_name":"SARA","dip_dir":"NW","downthrown_side_id":"None","lower_seis_depth":"(18.0,,)","name":"Flanco Surandino - Sur 1","net_slip_rate":"(0.5,,)","slip_type":"Reverse","upper_seis_depth":"(0.0,,)"},"geometry":{"type":"LineString","coordinates":[[-69.9069872833655,8.91502778979786],[-69.9483179661741,8.88132758595143],[-70.1192058037562,8.7859155121355],[-70.1761783586466,8.74385670367504],[-70.3910790265704,8.54970428199241],[-70.5098744346994,8.49635605026891],[-70.6720436198074,8.44964854063021]]}},{"type":"Feature","properties":{"average_dip":"(90,,)","catalog_id":"SA_276","catalog_name":"SARA","dip_dir":"N","downthrown_side_id":"None","lower_seis_depth":"(11.8,,)","name":"Bocon\u00f3 - Lagunillas - Los Mirtos","net_slip_rate":"(5.2,,)","slip_type":"Dextral","upper_seis_depth":"(0.0,,)"},"geometry":{"type":"LineString","coordinates":[[-71.2378376380223,8.5399888617442],[-71.3046234281472,8.5304480345835],[-71.4636372141588,8.47638334733954],[-71.5399638314444,8.44140031441699],[-71.698977617456,8.34917231853023],[-71.8834336092295,8.18697825679836],[-71.9597602265151,8.12973329383417],[-72.0711541921526,7.99600002836649]]}},{"type":"Feature","properties":{"average_dip":"(90,,)","catalog_id":"SA_277","catalog_name":"SARA","dip_dir":"N","downthrown_side_id":"None","lower_seis_depth":"(25.2,,)","name":"Bocon\u00f3 - Bocon\u00f3 - Palo Colorado","net_slip_rate":"(1.00,,)","slip_type":"Dextral","upper_seis_depth":"(0.0,,)"},"geometry":{"type":"LineString","coordinates":[[-72.0708905400503,7.99604243065939],[-72.134496054455,7.92289608909405],[-72.2012818445798,7.89745388333218],[-72.3030506676273,7.87201167757033],[-72.3857378363533,7.83384836892755],[-72.5034518674167,7.76129420735133],[-72.6164456840069,7.715536235299]]}},{"type":"Feature","properties":{"average_dip":"(90,,)","catalog_id":"SA_278","catalog_name":"SARA","dip_dir":"VERTICAL","downthrown_side_id":"None","lower_seis_depth":"(26.0,,)","name":"Lagarto - Lagarto","net_slip_rate":"(0.25,0.2,0.3)","slip_type":"Dextral","upper_seis_depth":"(1.0,,)"},"geometry":{"type":"LineString","coordinates":[[-70.350995,11.024506],[-70.424339,11.114625],[-70.4869748645649,11.256425577924]]}},{"type":"Feature","properties":{"average_dip":"(60,,)","catalog_id":"SA_279","catalog_name":"SARA","dip_dir":"SW","downthrown_side_id":"None","lower_seis_depth":"(26.0,,)","name":"Paraguan\u00e1 Oeste - Paraguan\u00e1 Oeste","net_slip_rate":"(0.2,,)","slip_type":"Normal","upper_seis_depth":"(1.0,,)"},"geometry":{"type":"LineString","coordinates":[[-70.338355,11.944615],[-70.258133,11.734336],[-70.216292,11.587475]]}},{"type":"Feature","properties":{"average_dip":"(60,,)","catalog_id":"SA_280","catalog_name":"SARA","dip_dir":"NE","downthrown_side_id":"None","lower_seis_depth":"(26.0,,)","name":"Los M\u00e9danos - Los M\u00e9danos","net_slip_rate":"(0.2,,)","slip_type":"Normal","upper_seis_depth":"(1.0,,)"},"geometry":{"type":"LineString","coordinates":[[-69.622227,11.466203],[-69.711386,11.59415],[-69.754314,11.698733],[-69.798343,11.776614],[-69.825465,11.85227],[-69.836809,11.929039]]}},{"type":"Feature","properties":{"average_dip":"(60,,)","catalog_id":"SA_281","catalog_name":"SARA","dip_dir":"S","downthrown_side_id":"None","lower_seis_depth":"(26.0,,)","name":"San Rom\u00e1n - San Rom\u00e1n","net_slip_rate":"(0.2,,)","slip_type":"Normal-Dextral","upper_seis_depth":"(1.0,,)"},"geometry":{"type":"LineString","coordinates":[[-70.122557,12.12403],[-69.917586,12.107396]]}},{"type":"Feature","properties":{"average_dip":"(90,,)","catalog_id":"SA_282","catalog_name":"SARA","dip_dir":"NE","downthrown_side_id":"None","lower_seis_depth":"(26.0,,)","name":"La Soledad - La Soledad","net_slip_rate":"(0.3,,)","slip_type":"Dextral-Normal","upper_seis_depth":"(1.0,,)"},"geometry":{"type":"LineString","coordinates":[[-69.307661,11.338255],[-69.432872,11.452852],[-69.47352,11.52962],[-69.465676,11.577461]]}},{"type":"Feature","properties":{"average_dip":"(90,,)","catalog_id":"SA_283","catalog_name":"SARA","dip_dir":"NE","downthrown_side_id":"None","lower_seis_depth":"(26.0,,)","name":"Costa NE de Falc\u00f3n - Centro","net_slip_rate":"(0.3,,)","slip_type":"Dextral-Normal","upper_seis_depth":"(1.0,,)"},"geometry":{"type":"LineString","coordinates":[[-68.3011439441708,10.8495307782864],[-68.461899,10.986137],[-68.6806989340599,11.2034409332533],[-68.8236157128546,11.3457818611375],[-68.913541,11.457989]]}},{"type":"Feature","properties":{"average_dip":"(90,,)","catalog_id":"SA_284","catalog_name":"SARA","dip_dir":"NE","downthrown_side_id":"None","lower_seis_depth":"(26.0,,)","name":"Costa NE de Falc\u00f3n - Este","net_slip_rate":"(0.3,,)","slip_type":"Dextral-Normal","upper_seis_depth":"(1.0,,)"},"geometry":{"type":"LineString","coordinates":[[-68.22682,10.847978],[-68.343414,10.926336],[-68.40088,10.980269],[-68.625534,11.312996],[-68.792292,11.492271]]}},{"type":"Feature","properties":{"average_dip":"(90,,)","catalog_id":"SA_285","catalog_name":"SARA","dip_dir":"NE","downthrown_side_id":"None","lower_seis_depth":"(26.0,,)","name":"Costa NE de Falc\u00f3n - Oeste","net_slip_rate":"(0.3,,)","slip_type":"Dextral-Normal","upper_seis_depth":"(1.0,,)"},"geometry":{"type":"LineString","coordinates":[[-68.635623,10.928513],[-68.7698762924526,11.0494051775074],[-68.88754,11.192992],[-69.09806,11.367182],[-69.36659,11.674256],[-69.395967,11.751025]]}},{"type":"Feature","properties":{"average_dip":"(90,,)","catalog_id":"SA_286","catalog_name":"SARA","dip_dir":"N","downthrown_side_id":"None","lower_seis_depth":"(21.0,,)","name":"Pedregal - Pedregal","net_slip_rate":"(0.5,,)","slip_type":"Sinistral-Reverse","upper_seis_depth":"(0.0,,)"},"geometry":{"type":"LineString","coordinates":[[-70.138088,10.957496],[-70.261497,10.865567]]}},{"type":"Feature","properties":{"average_dip":"(72.0,,)","catalog_id":"SA_287","catalog_name":"SARA","dip_dir":"N","downthrown_side_id":"None","lower_seis_depth":"(21.0,,)","name":"Oca Oeste","net_slip_rate":"(3.0,1.0,5.0)","slip_type":"Dextral-Reverse","upper_seis_depth":"(0.0,,)"},"geometry":{"type":"LineString","coordinates":[[-71.858453500619,11.0529465026943],[-71.9096249999911,11.078887],[-72.066696999987,11.133028],[-72.2347928404063,11.1773414296314],[-72.5802367169999,11.1846584350001],[-72.7666963099999,11.2073879320001],[-72.8152277209999,11.222148905],[-72.9426617749999,11.239571119],[-73.1054372949999,11.2403335820001],[-73.3419248569999,11.2660175660002]]}},{"type":"Feature","properties":{"average_dip":"(90.,,)","catalog_id":"SA_288","catalog_name":"SARA","dip_dir":"N","downthrown_side_id":"None","lower_seis_depth":"(21.0,,)","name":"Oca - Anc\u00f3n - Oca Centro","net_slip_rate":"(0.45,,)","slip_type":"Dextral-Reverse","upper_seis_depth":"(0.0,,)"},"geometry":{"type":"LineString","coordinates":[[-71.117322,10.898816],[-71.3395859999981,10.893485],[-71.5084078554718,10.9135772035869],[-71.7731493711362,11.0007187599691],[-71.8873313978452,11.0463641047275]]}},{"type":"Feature","properties":{"average_dip":"(90.,,)","catalog_id":"SA_289","catalog_name":"SARA","dip_dir":"N","downthrown_side_id":"None","lower_seis_depth":"(21.0,,)","name":"Oca - Anc\u00f3n - Oca Este","net_slip_rate":"(0.45,,)","slip_type":"Dextral-Reverse","upper_seis_depth":"(0.0,,)"},"geometry":{"type":"LineString","coordinates":[[-70.607898,10.870258],[-71.128077,10.884599]]}},{"type":"Feature","properties":{"average_dip":"(90.,,)","catalog_id":"SA_290","catalog_name":"SARA","dip_dir":"N","downthrown_side_id":"None","lower_seis_depth":"(21.0,,)","name":"Oca - Anc\u00f3n - Anc\u00f3n","net_slip_rate":"(1.55,,)","slip_type":"Dextral","upper_seis_depth":"(0.0,,)"},"geometry":{"type":"LineString","coordinates":[[-70.7623903888274,10.7613827514267],[-71.1524136205543,10.7322548028287],[-71.3071246389646,10.7389126196511],[-71.3733417853424,10.7563522962406],[-71.5129968185196,10.8283562275244],[-71.5731356295356,10.8715488141597],[-71.6374251732268,10.92959665458],[-71.6630161566379,10.9626776819162]]}},{"type":"Feature","properties":{"average_dip":"(90.,,)","catalog_id":"SA_291","catalog_name":"SARA","dip_dir":"N","downthrown_side_id":"None","lower_seis_depth":"(21.0,,)","name":"Oca - Anc\u00f3n - Camare - Para\u00edso 1","net_slip_rate":"(2.0,,)","slip_type":"Dextral-Reverse","upper_seis_depth":"(0.0,,)"},"geometry":{"type":"LineString","coordinates":[[-70.280198,10.855991],[-70.573396,10.824125],[-70.620694,10.826831],[-70.709144,10.765416],[-70.76184,10.761444]]}},{"type":"Feature","properties":{"average_dip":"(90.,,)","catalog_id":"SA_292","catalog_name":"SARA","dip_dir":"N","downthrown_side_id":"None","lower_seis_depth":"(21.0,,)","name":"Oca - Anc\u00f3n - Camare - Para\u00edso 2","net_slip_rate":"(2.0,,)","slip_type":"Dextral-Reverse","upper_seis_depth":"(0.0,,)"},"geometry":{"type":"LineString","coordinates":[[-69.519454,10.88552],[-69.615329,10.874246],[-69.7220433150615,10.8989624452507],[-69.7998686383463,10.9074604447305],[-69.8421390428755,10.9055130277534],[-69.910649,10.884462],[-69.9819138104125,10.876805241894],[-70.276625917331,10.8655453465224]]}},{"type":"Feature","properties":{"average_dip":"(90.,,)","catalog_id":"SA_293","catalog_name":"SARA","dip_dir":"NNE","downthrown_side_id":"None","lower_seis_depth":"(21.0,,)","name":"Oca - Anc\u00f3n - Churuguara","net_slip_rate":"(2.0,,)","slip_type":"Dextral-Normal","upper_seis_depth":"(0.0,,)"},"geometry":{"type":"LineString","coordinates":[[-68.839893,10.629981],[-68.894366,10.632349],[-69.079459,10.691727],[-69.256712,10.735243],[-69.337940618277,10.7682825195825],[-69.44179798697,10.8490448533338],[-69.487691,10.877478],[-69.519454,10.88552]]}},{"type":"Feature","properties":{"average_dip":"(52.0,45,60)","catalog_id":"SA_294","catalog_name":"SARA","dip_dir":"N","downthrown_side_id":"None","lower_seis_depth":"(21.0,,)","name":"Oca - Anc\u00f3n - Socremo","net_slip_rate":"(1.5,1.0,2.0)","slip_type":"Reverse-Dextral","upper_seis_depth":"(0.0,,)"},"geometry":{"type":"LineString","coordinates":[[-68.48343,10.633163],[-68.602235,10.623618],[-68.839893,10.629981]]}},{"type":"Feature","properties":{"average_dip":"(30,,)","catalog_id":"SA_295","catalog_name":"SARA","dip_dir":"SE","downthrown_side_id":"None","lower_seis_depth":"(11.8,,)","name":"Flanco Norandino - Noreste","net_slip_rate":"(0.5,,)","slip_type":"Reverse","upper_seis_depth":"(0.0,,)"},"geometry":{"type":"LineString","coordinates":[[-71.9072359096763,8.46994822158995],[-71.8159771063493,8.51098173279485],[-71.645009520362,8.61764966954261],[-71.5784239999948,8.683609],[-71.5449321319178,8.76311083245164],[-71.4757269999961,8.79646200000011],[-71.390146,8.82400700000016],[-71.3456145260607,8.84983063245746],[-71.2722349999979,8.9037],[-71.2350602904784,8.96582436144475],[-71.2018679999984,8.994732],[-71.0772319999989,9.06601700000021],[-70.9401251971483,9.2128412562333],[-70.890592,9.25110400000023],[-70.838576,9.34293400000023],[-70.7913462485091,9.39676102430177],[-70.7348774985122,9.44835068713744],[-70.6099863430197,9.5343665222318]]}},{"type":"Feature","properties":{"average_dip":"(30,,)","catalog_id":"SA_296","catalog_name":"SARA","dip_dir":"SE","downthrown_side_id":"None","lower_seis_depth":"(11.8,,)","name":"Flanco Norandino - Suroeste","net_slip_rate":"(0.35,0.2,0.5)","slip_type":"Reverse","upper_seis_depth":"(0.0,,)"},"geometry":{"type":"LineString","coordinates":[[-72.3619049999634,8.18413999999856],[-72.2564139999709,8.19788899999894],[-72.2155249999735,8.23961799999906],[-72.0843009999805,8.32405899999939],[-71.9530779999859,8.44072299999965],[-71.9049100558859,8.47052940113054]]}},{"type":"Feature","properties":{"average_dip":"(20.0,,30)","catalog_id":"SA_297","catalog_name":"SARA","dip_dir":"NW","downthrown_side_id":"None","lower_seis_depth":"(18.0,,)","name":"Flanco Surandino - Norte 1","net_slip_rate":"(0.5,,)","slip_type":"Reverse","upper_seis_depth":"(0.0,,)"},"geometry":{"type":"LineString","coordinates":[[-69.0762849212251,9.71778242904175],[-69.3059435683056,9.5520461388747],[-69.397159,9.44425200000026],[-69.473288,9.37089200000025],[-69.59084,9.33754600000024],[-69.725184,9.26752],[-69.797954,9.20638700000027],[-69.979829,9.07690700000026],[-70.079574,9.02222600000026],[-70.1479712948031,8.97295545865538],[-70.227676,8.93651600000025],[-70.367708,8.78441200000026],[-70.577785,8.52711200000025],[-70.6700324101444,8.45282985916801],[-70.696653,8.39442400000025],[-70.829783,8.28192600000023]]}},{"type":"Feature","properties":{"average_dip":"(20.0,,30)","catalog_id":"SA_298","catalog_name":"SARA","dip_dir":"NW","downthrown_side_id":"None","lower_seis_depth":"(18.0,,)","name":"Flanco Surandino - Sur 2","net_slip_rate":"(0.5,,)","slip_type":"Reverse","upper_seis_depth":"(0.0,,)"},"geometry":{"type":"LineString","coordinates":[[-69.3521144951405,9.48410628368198],[-69.3577111935281,9.39996345989347],[-69.3980161276266,9.33882842471384],[-69.4752661340931,9.25990896004931],[-69.8343241249085,9.01725988955536],[-69.9069872833655,8.91502778979786]]}},{"type":"Feature","properties":{"average_dip":"(72.0,,)","catalog_id":"SA_299","catalog_name":"SARA","dip_dir":"S","downthrown_side_id":"None","lower_seis_depth":"(18.0,,)","name":"Caparo - Oeste","net_slip_rate":"(1.75,1.0,2.5)","slip_type":"Dextral","upper_seis_depth":"(0.0,,)"},"geometry":{"type":"LineString","coordinates":[[-72.1403389999762,7.57088099999932],[-72.0010879999829,7.58676799999961],[-71.9489772765001,7.60236275394575],[-71.8889315593273,7.62564078412657],[-71.7960189999898,7.685902],[-71.7212596905883,7.72098344891846],[-71.5641179999945,7.75072],[-71.4766788621962,7.79700297322836],[-71.4127119999965,7.85938600000015],[-71.3820469999968,7.87273100000014],[-71.3552151463061,7.90418790603405],[-71.2929027311781,8.00623126574361],[-71.2631539999978,8.12143]]}},{"type":"Feature","properties":{"average_dip":"(90.,,)","catalog_id":"SA_300","catalog_name":"SARA","dip_dir":"E","downthrown_side_id":"None","lower_seis_depth":"(23.0,,)","name":"Burbusay - Burbusay","net_slip_rate":"(1.5,1.0,2.0)","slip_type":"Sinistral","upper_seis_depth":"(0.0,,)"},"geometry":{"type":"LineString","coordinates":[[-70.2774916221483,9.21078697207922],[-70.253955,9.91241500000023],[-70.272928,10.029147],[-70.3056173601957,10.0966988677163]]}},{"type":"Feature","properties":{"average_dip":"(90.,,)","catalog_id":"SA_301","catalog_name":"SARA","dip_dir":"NW","downthrown_side_id":"None","lower_seis_depth":"(11.8,,)","name":"Bocon\u00f3 - Mucuch\u00edes -Anzo\u00e1tegui","net_slip_rate":"(9.0,,)","slip_type":"Dextral","upper_seis_depth":"(0.0,,)"},"geometry":{"type":"LineString","coordinates":[[-70.295028,9.16675900000024],[-70.638695,8.88220500000025],[-70.852136,8.76173100000024],[-70.943077,8.70148200000023]]}},{"type":"Feature","properties":{"average_dip":"(90.,,)","catalog_id":"SA_302","catalog_name":"SARA","dip_dir":"NW","downthrown_side_id":"None","lower_seis_depth":"(11.8,,)","name":"Bocon\u00f3 - Santa Cruz de Mora - Los Frailes","net_slip_rate":"(7.5,6.0,9.0)","slip_type":"Dextral","upper_seis_depth":"(0.0,,)"},"geometry":{"type":"LineString","coordinates":[[-70.836953,8.79815900000024],[-71.1031269999988,8.59252],[-71.1634,8.55838200000019],[-71.4118209999967,8.45592100000014],[-71.4631339999961,8.44857800000011],[-71.4999709999957,8.460055]]}},{"type":"Feature","properties":{"average_dip":"(90.,,)","catalog_id":"SA_303","catalog_name":"SARA","dip_dir":"NW","downthrown_side_id":"None","lower_seis_depth":"(11.8,,)","name":"Bocon\u00f3 - Anzo\u00e1tegui - Barquisimeto","net_slip_rate":"(5.0,,)","slip_type":"Dextral","upper_seis_depth":"(0.0,,)"},"geometry":{"type":"LineString","coordinates":[[-69.326128,10.055911],[-69.534863,9.89108200000023],[-69.689359,9.71768500000023],[-69.870567,9.53708900000024],[-70.273025,9.20162900000026],[-70.327299,9.16968900000026]]}},{"type":"Feature","properties":{"average_dip":"(72.0,,)","catalog_id":"SA_304","catalog_name":"SARA","dip_dir":"N","downthrown_side_id":"None","lower_seis_depth":"(11.8,,)","name":"Bocon\u00f3 - Cabudare - Mor\u00f3n","net_slip_rate":"(2.0,1.0,3.0)","slip_type":"Dextral-Reverse","upper_seis_depth":"(0.0,,)"},"geometry":{"type":"LineString","coordinates":[[-67.7853623536955,10.5414742657524],[-68.117308,10.541869],[-68.243015,10.532468],[-68.45643,10.491341],[-68.573789,10.458439],[-68.654382,10.426712],[-68.860548,10.316256],[-69.325198,10.006169]]}},{"type":"Feature","properties":{"average_dip":"(90.,,)","catalog_id":"SA_305","catalog_name":"SARA","dip_dir":"N","downthrown_side_id":"None","lower_seis_depth":"(18.0,,)","name":"La Victoria - Guacamaya Oeste","net_slip_rate":"(0.6,,)","slip_type":"Dextral","upper_seis_depth":"(0.0,,)"},"geometry":{"type":"LineString","coordinates":[[-68.16126,10.098653],[-68.350639,10.049338],[-68.531756,9.97889300000024],[-68.86202,9.87996700000025],[-68.935909,9.86774100000024],[-69.008679,9.88330200000024]]}},{"type":"Feature","properties":{"average_dip":"(90.,,)","catalog_id":"SA_306","catalog_name":"SARA","dip_dir":"N","downthrown_side_id":"None","lower_seis_depth":"(18.0,,)","name":"La Victoria - Guacamaya Este","net_slip_rate":"(0.6,,)","slip_type":"Dextral","upper_seis_depth":"(0.0,,)"},"geometry":{"type":"LineString","coordinates":[[-67.7188312823124,10.2687050719562],[-68.16126,10.098653],[-68.299522,10.019341],[-68.3695038701068,9.96960631564893],[-68.5847171690231,9.84878191241117]]}},{"type":"Feature","properties":{"average_dip":"(90,,)","catalog_id":"SA_307","catalog_name":"SARA","dip_dir":"NE","downthrown_side_id":"None","lower_seis_depth":"(26.0,,)","name":"Costa NE de Falc\u00f3n - Costa Oriental Falc\u00f3n","net_slip_rate":"(0.3,,)","slip_type":"Dextral-Normal","upper_seis_depth":"(1.0,,)"},"geometry":{"type":"LineString","coordinates":[[-68.127353,10.830936],[-68.249078,10.967065],[-68.395529,11.193002],[-68.466364,11.256075],[-68.575006,11.371973],[-68.624119,11.449727]]}},{"type":"Feature","properties":{"average_dip":"(90.,,)","catalog_id":"SA_308","catalog_name":"SARA","dip_dir":"E","downthrown_side_id":"None","lower_seis_depth":"(23.0,,)","name":"Valera - Norte 1","net_slip_rate":"(0.5,0.01,1.0)","slip_type":"Sinistral","upper_seis_depth":"(0.0,,)"},"geometry":{"type":"LineString","coordinates":[[-70.6352077035051,9.70527480670829],[-70.66321,9.87636800000024],[-70.665976,10.139235],[-70.685647,10.219439]]}},{"type":"Feature","properties":{"average_dip":"(90.,,)","catalog_id":"SA_309","catalog_name":"SARA","dip_dir":"E","downthrown_side_id":"None","lower_seis_depth":"(23.0,,)","name":"Valera - Norte 2","net_slip_rate":"(1.0,,)","slip_type":"Sinistral","upper_seis_depth":"(0.0,,)"},"geometry":{"type":"LineString","coordinates":[[-70.655632,9.25651400000026],[-70.639007,9.27820400000025],[-70.608203,9.37847900000025],[-70.603802,9.50203],[-70.6352077035051,9.70527480670829]]}},{"type":"Feature","properties":{"average_dip":"(90.,,)","catalog_id":"SA_310","catalog_name":"SARA","dip_dir":"SE","downthrown_side_id":"None","lower_seis_depth":"(11.8,,)","name":"Valera - R\u00edo Momboy","net_slip_rate":"(0.7,,)","slip_type":"Normal-Sinistral","upper_seis_depth":"(0.0,,)"},"geometry":{"type":"LineString","coordinates":[[-70.7426548116017,9.04618030251743],[-70.720026,9.08770700000023],[-70.655632,9.25651400000026]]}},{"type":"Feature","properties":{"average_dip":"(90.,,)","catalog_id":"SA_311","catalog_name":"SARA","dip_dir":"SE","downthrown_side_id":"None","lower_seis_depth":"(11.8,,)","name":"Valera - P\u00e1ramo Miranda","net_slip_rate":"(0.5,0.01,1.0)","slip_type":"Normal-Sinistral","upper_seis_depth":"(0.0,,)"},"geometry":{"type":"LineString","coordinates":[[-70.906401,8.77433500000026],[-70.824208,8.925061],[-70.7426548116017,9.04618030251743]]}},{"type":"Feature","properties":{"average_dip":"(90,,)","catalog_id":"SA_312","catalog_name":"SARA","dip_dir":"S","downthrown_side_id":"None","lower_seis_depth":"(26.0,,)","name":"San Sebasti\u00e1n - Este 2","net_slip_rate":"(5,,)","slip_type":"Dextral","upper_seis_depth":"(0.0,,)"},"geometry":{"type":"LineString","coordinates":[[-65.9854649066589,10.6552016531895],[-65.4768450000381,10.6965010003417],[-65.3076888641661,10.6870250638807],[-65.2259782424627,10.6777123231027],[-64.8378430689406,10.5790702348043],[-64.5590719498364,10.5447599432223],[-64.4012964216113,10.5441697309317]]}},{"type":"Feature","properties":{"average_dip":"(30,,)","catalog_id":"SA_313","catalog_name":"SARA","dip_dir":"N","downthrown_side_id":"None","lower_seis_depth":"(26.0,,)","name":"El Merey - Areo - Este","net_slip_rate":"(0.15,0.1,0.2)","slip_type":"Reverse","upper_seis_depth":"(1.0,,)"},"geometry":{"type":"LineString","coordinates":[[-63.709801075938,9.71598896370502],[-63.8083066604217,9.73231876648039],[-63.8794203176694,9.71704249936796],[-63.921034976355,9.71862280286232],[-63.965,9.741]]}},{"type":"Feature","properties":{"average_dip":"(30,,)","catalog_id":"SA_314","catalog_name":"SARA","dip_dir":"N","downthrown_side_id":"None","lower_seis_depth":"(26.0,,)","name":"Jusep\u00edn - Jusep\u00edn","net_slip_rate":"(0.15,0.1,0.2)","slip_type":"Reverse","upper_seis_depth":"(1.0,,)"},"geometry":{"type":"LineString","coordinates":[[-63.3312942516657,9.74913323646343],[-63.3878917579388,9.74197722992317],[-63.4718121982747,9.74392886807051],[-63.5323129808424,9.76669797978957],[-63.6663254669603,9.84411295963434]]}},{"type":"Feature","properties":{"average_dip":"(30,,)","catalog_id":"SA_315","catalog_name":"SARA","dip_dir":"N","downthrown_side_id":"None","lower_seis_depth":"(26.0,,)","name":"La Toscana - La Toscana","net_slip_rate":"(0.15,0.1,0.2)","slip_type":"Reverse","upper_seis_depth":"(1.0,,)"},"geometry":{"type":"LineString","coordinates":[[-63.1665759920296,9.85614806154299],[-63.222197679229,9.835167951459],[-63.2744039996705,9.8258976702591],[-63.3461267015855,9.83370422284849],[-63.3823784308448,9.85205032539413]]}},{"type":"Feature","properties":{"average_dip":"(30,,)","catalog_id":"SA_316","catalog_name":"SARA","dip_dir":"N","downthrown_side_id":"None","lower_seis_depth":"(26.0,,)","name":"Pedernales - El Furrial - El Furrial Este","net_slip_rate":"(0.15,0.1,0.2)","slip_type":"Reverse","upper_seis_depth":"(1.0,,)"},"geometry":{"type":"LineString","coordinates":[[-63.0536195130348,9.80941717034815],[-63.1816007678864,9.75424715108463],[-63.2852983400233,9.73859468736586],[-63.4112476296362,9.68975300045868],[-63.4408446982287,9.69065901722711],[-63.5044328320862,9.71218115484041],[-63.5239984117347,9.72685533957677],[-63.6413918896255,9.75229059311979],[-63.6633980097393,9.77211919686552]]}},{"type":"Feature","properties":{"average_dip":"(30,,)","catalog_id":"SA_317","catalog_name":"SARA","dip_dir":"N","downthrown_side_id":"None","lower_seis_depth":"(26.0,,)","name":"Tunapuy - Arima - Tunapuy Oeste","net_slip_rate":"(0.25,0.1,0.4)","slip_type":"Reverse","upper_seis_depth":"(0.0,,)"},"geometry":{"type":"LineString","coordinates":[[-61.005418802,10.7066893521493],[-61.2333919324955,10.6598869213853],[-61.4171872367475,10.6791763813972],[-61.5942235761274,10.6598869213853],[-61.8887319292707,10.6642679909021],[-61.9571939063697,10.6591607162693],[-62.0443236208578,10.6344079564715],[-62.109,10.634],[-62.3324152628825,10.6301670641881],[-62.3708671806744,10.6429843701187],[-62.4364917870394,10.6450351390676],[-62.4841721651014,10.6301670641881],[-62.5559490783131,10.6429843701187],[-62.6297767604737,10.6347812943231],[-62.6784825230102,10.64],[-62.7663603968395,10.6120065925949],[-62.9334291049096,10.5984196795892],[-62.9834658437035,10.5839123264841],[-63.1260417401387,10.574011222565],[-63.1658417320441,10.5915050777715]]}},{"type":"Feature","properties":{"average_dip":"(90,,)","catalog_id":"SA_318","catalog_name":"SARA","dip_dir":"NE","downthrown_side_id":"None","lower_seis_depth":"(26.0,,)","name":"Urica - Sur","net_slip_rate":"(0.5,,)","slip_type":"Dextral","upper_seis_depth":"(1.0,,)"},"geometry":{"type":"LineString","coordinates":[[-63.9652659152702,9.74085240535011],[-64.079750123975,9.78510090319308],[-64.1176774078404,9.81108811621195],[-64.2330647166035,9.91898176013272],[-64.3707099956996,9.98624732638783]]}},{"type":"Feature","properties":{"average_dip":"(90,,)","catalog_id":"SA_319","catalog_name":"SARA","dip_dir":"SW","downthrown_side_id":"None","lower_seis_depth":"(26.0,,)","name":"San Mateo - Norte","net_slip_rate":"(0.8,,)","slip_type":"Dextral","upper_seis_depth":"(0.0,,)"},"geometry":{"type":"LineString","coordinates":[[-65.3666296947417,10.5403418919296],[-65.1652251039619,10.4289469759433],[-65.1069483677126,10.3380775417311],[-65.0818663049937,10.3140747146401]]}},{"type":"Feature","properties":{"average_dip":"(90,,)","catalog_id":"SA_320","catalog_name":"SARA","dip_dir":"SW","downthrown_side_id":"None","lower_seis_depth":"(26.0,,)","name":"San Mateo - Sur","net_slip_rate":"(0.8,,)","slip_type":"Dextral","upper_seis_depth":"(1.0,,)"},"geometry":{"type":"LineString","coordinates":[[-65.0818663049937,10.3140747146401],[-64.8106435359122,10.0523871210341]]}},{"type":"Feature","properties":{"average_dip":"(72.0,,)","catalog_id":"SA_321","catalog_name":"SARA","dip_dir":"NE","downthrown_side_id":"None","lower_seis_depth":"(26.0,,)","name":"P\u00edritu - Norte","net_slip_rate":"(0.35,0.3,0.4)","slip_type":"Dextral-Normal","upper_seis_depth":"(0.0,,)"},"geometry":{"type":"LineString","coordinates":[[-65.6148067931737,10.2243944322026],[-65.8308657196894,10.3169911149951],[-65.9929099145762,10.4147320579427],[-66.0559271014767,10.4713189196492],[-66.1112278981444,10.5369082366272],[-66.1485237842691,10.5999254235276]]}},{"type":"Feature","properties":{"average_dip":"(72.0,,)","catalog_id":"SA_322","catalog_name":"SARA","dip_dir":"NE","downthrown_side_id":"None","lower_seis_depth":"(26.0,,)","name":"P\u00edritu - Sur","net_slip_rate":"(0.35,0.3,0.4)","slip_type":"Dextral-Normal","upper_seis_depth":"(1.0,,)"},"geometry":{"type":"LineString","coordinates":[[-64.9267619974242,10.0263404162298],[-65.0990947126212,10.0919297332078],[-65.3575937854169,10.1369420095653],[-65.5247822404588,10.1870985460779],[-65.6173789232513,10.2256804972414]]}},{"type":"Feature","properties":{"average_dip":"(72.0,60,80)","catalog_id":"SA_323","catalog_name":"SARA","dip_dir":"SE","downthrown_side_id":"None","lower_seis_depth":"(11.8,,)","name":"Tu\u00f1ame - Sur","net_slip_rate":"(0.3,0.1,0.5)","slip_type":"Normal-Dextral","upper_seis_depth":"(0.0,,)"},"geometry":{"type":"LineString","coordinates":[[-70.8249824783428,8.82886795660944],[-70.7125672055033,8.96992322821979]]}},{"type":"Feature","properties":{"average_dip":"(90,,)","catalog_id":"SA_324","catalog_name":"SARA","dip_dir":"SW","downthrown_side_id":"None","lower_seis_depth":"(25.2,,)","name":"El Reposo - El Reposo","net_slip_rate":"(0.3,,)","slip_type":"Sinistral-Reverse","upper_seis_depth":"(0.0,,)"},"geometry":{"type":"LineString","coordinates":[[-72.4638965544457,7.72713580141842],[-72.4342343210389,7.6296741773674],[-72.3833847780557,7.55481235019781],[-72.3706723923099,7.51385021835027],[-72.3000480270556,7.40226372124838],[-72.1418494488858,7.29491468606177],[-72.0359129010043,7.23417773194302]]}},{"type":"Feature","properties":{"average_dip":"(90,,)","catalog_id":"SA_325","catalog_name":"SARA","dip_dir":"N","downthrown_side_id":"None","lower_seis_depth":"(21.0,,)","name":"Siquisique - Siquisique","net_slip_rate":"(0.8,,)","slip_type":"Dextral-Reverse","upper_seis_depth":"(0.0,,)"},"geometry":{"type":"LineString","coordinates":[[-69.1188678935651,10.6458299574345],[-69.19057392176,10.6246211321937],[-69.3107572647909,10.6064421391302],[-69.6733271820019,10.5923029223031],[-69.7884608047374,10.5801835935941]]}},{"type":"Feature","properties":{"average_dip":"(30,,)","catalog_id":"SA_326","catalog_name":"SARA","dip_dir":"N","downthrown_side_id":"None","lower_seis_depth":"(21.0,,)","name":"Moroturo - Moroturo","net_slip_rate":"(0.3,0.1,0.5)","slip_type":"Reverse","upper_seis_depth":"(0.0,,)"},"geometry":{"type":"LineString","coordinates":[[-69.0204695792497,10.6126896354245],[-69.0462785492483,10.6097400388532],[-69.0779867123895,10.5831936697117],[-69.1672120086705,10.5736074808551],[-69.2483259143806,10.5477985108564],[-69.2674982920939,10.4947057725735]]}},{"type":"Feature","properties":{"average_dip":"(72.0,,)","catalog_id":"SA_327","catalog_name":"SARA","dip_dir":"S","downthrown_side_id":"None","lower_seis_depth":"(26.0,,)","name":"Rio Seco - Este","net_slip_rate":"(0.35,,)","slip_type":"Dextral-Reverse","upper_seis_depth":"(1.0,,)"},"geometry":{"type":"LineString","coordinates":[[-70.7239536747618,11.6369285326648],[-70.5203859916624,11.5176960325638],[-70.2150344670134,11.3781067641528],[-70.0114667839141,11.2530580445346]]}},{"type":"Feature","properties":{"average_dip":"(72.0,,)","catalog_id":"SA_328","catalog_name":"SARA","dip_dir":"S","downthrown_side_id":"None","lower_seis_depth":"(26.0,,)","name":"Rio Seco - Centro","net_slip_rate":"(0.35,,)","slip_type":"Dextral-Reverse","upper_seis_depth":"(1.0,,)"},"geometry":{"type":"LineString","coordinates":[[-71.4277162363337,11.8841178621426],[-71.2357809922686,11.8463124352812],[-71.0351214189279,11.7910583498686],[-70.8838997114827,11.7241718254217],[-70.7239536747618,11.6398366424234]]}},{"type":"Feature","properties":{"average_dip":"(72.0,,)","catalog_id":"SA_329","catalog_name":"SARA","dip_dir":"S","downthrown_side_id":"None","lower_seis_depth":"(26.0,,)","name":"Rio Seco - Oeste","net_slip_rate":"(0.35,,)","slip_type":"Dextral-Reverse","upper_seis_depth":"(1.0,,)"},"geometry":{"type":"LineString","coordinates":[[-72.2478031882482,11.9655449353823],[-72.0645922734588,11.9597287158652],[-71.5963866023303,11.9131989597282],[-71.4277162363337,11.8841178621426]]}},{"type":"Feature","properties":{"average_dip":"(52.0,45,60)","catalog_id":"SA_330","catalog_name":"SARA","dip_dir":"NE","downthrown_side_id":"None","lower_seis_depth":"(35.6,,)","name":"Falla Las Chacras","net_slip_rate":"(1.5,1,2)","slip_type":"Reverse","upper_seis_depth":"(2.0,,)"},"geometry":{"type":"LineString","coordinates":[[-67.4566840002624,-31.4270629997413],[-67.4951130000435,-31.326117999614],[-67.5023390003882,-31.2818400000106],[-67.5352379997634,-31.1846520003984],[-67.5556140001352,-31.1607759996672]]}},{"type":"Feature","properties":{"average_dip":"(60,,)","catalog_id":"SA_331","catalog_name":"SARA","dip_dir":"NE","downthrown_side_id":"None","lower_seis_depth":"(35.6,,)","name":"Falla Las Chacras","net_slip_rate":"(0.5,0.1,1)","slip_type":"Sinistral-Reverse","upper_seis_depth":"(2.0,,)"},"geometry":{"type":"LineString","coordinates":[[-67.365881,-31.5957920002345],[-67.4003830004221,-31.55415099988],[-67.4015730004184,-31.5279770002382],[-67.4455929998201,-31.4399369996362]]}},{"type":"Feature","properties":{"average_dip":"(90,,)","catalog_id":"SA_332","catalog_name":"SARA","dip_dir":"VERTICAL","downthrown_side_id":"None","lower_seis_depth":"(28.0,,)","name":"Troncal","net_slip_rate":"(5.5,4,7)","slip_type":"Dextral","upper_seis_depth":"(0.0,,)"},"geometry":{"type":"LineString","coordinates":[[-79.5024127787266,-2.52185566100979],[-79.2728803084793,-2.38550467560015]]}},{"type":"Feature","properties":{"average_dip":"(90,,)","catalog_id":"SA_333","catalog_name":"SARA","dip_dir":"VERTICAL","downthrown_side_id":"None","lower_seis_depth":"(24.2,,)","name":"Chingual","net_slip_rate":"(6.0,5,7)","slip_type":"Dextral","upper_seis_depth":"(0.0,,)"},"geometry":{"type":"LineString","coordinates":[[-77.8598123525579,0.063748027849385],[-77.7471893237282,0.225766584460473],[-77.6535313762719,0.340588142728791]]}},{"type":"Feature","properties":{"average_dip":"(90,,)","catalog_id":"SA_334","catalog_name":"SARA","dip_dir":"VERTICAL","downthrown_side_id":"None","lower_seis_depth":"(24.2,,)","name":"Rosa Florida","net_slip_rate":"(1.5,1,2)","slip_type":"Strike-Slip","upper_seis_depth":"(0.0,,)"},"geometry":{"type":"LineString","coordinates":[[-77.6600475391625,0.250433751616526],[-77.5387435299897,0.396241223453842],[-77.5195727430875,0.435185560665275],[-77.4346307712929,0.538877846735375]]}},{"type":"Feature","properties":{"average_dip":"(90,,)","catalog_id":"SA_335","catalog_name":"SARA","dip_dir":"VERTICAL","downthrown_side_id":"None","lower_seis_depth":"(28.0,,)","name":"Pallatanga","net_slip_rate":"(3.5,3,4)","slip_type":"Dextral","upper_seis_depth":"(0.0,,)"},"geometry":{"type":"LineString","coordinates":[[-79.0250175945862,-2.08341827333447],[-78.9968573311008,-2.06059744221801],[-78.927809095813,-1.94210066591285],[-78.9064312970665,-1.87837062550381],[-78.8770978652741,-1.82284332845666]]}},{"type":"Feature","properties":{"average_dip":"(90,,)","catalog_id":"SA_336","catalog_name":"SARA","dip_dir":"E","downthrown_side_id":"None","lower_seis_depth":"(28.0,,)","name":"Pallatanga","net_slip_rate":"(3.5,3,4)","slip_type":"Dextral","upper_seis_depth":"(0.0,,)"},"geometry":{"type":"LineString","coordinates":[[-78.8368526182536,-1.76029690287959],[-78.800789192667,-1.72652029677414],[-78.7622726629529,-1.62347212313983]]}},{"type":"Feature","properties":{"average_dip":"(90,,)","catalog_id":"SA_337","catalog_name":"SARA","dip_dir":"VERTICAL","downthrown_side_id":"None","lower_seis_depth":"(28.0,,)","name":"Troncal","net_slip_rate":"(2.5,1,4)","slip_type":"Dextral","upper_seis_depth":"(0.0,,)"},"geometry":{"type":"LineString","coordinates":[[-79.3509891558247,-2.41867783751201],[-79.2365852319228,-2.32859771960892],[-79.1445047070264,-2.28663578731158],[-79.1299524982091,-2.26533987183746],[-79.1311356049241,-2.23990308376017]]}},{"type":"Feature","properties":{"average_dip":"(90,,)","catalog_id":"SA_338","catalog_name":"SARA","dip_dir":"VERTICAL","downthrown_side_id":"None","lower_seis_depth":"(28.0,,)","name":"Troncal","net_slip_rate":"(5.5,4,7)","slip_type":"Reverse-Strike-Slip","upper_seis_depth":"(0.0,,)"},"geometry":{"type":"LineString","coordinates":[[-79.3499950686174,-2.53619682232534],[-79.3132063757735,-2.51214267624334],[-79.2065776206605,-2.40674970653356],[-79.1903942664821,-2.38562568387806],[-79.1526925621119,-2.29595241926859]]}},{"type":"Feature","properties":{"average_dip":"(90,,)","catalog_id":"SA_339","catalog_name":"SARA","dip_dir":"VERTICAL","downthrown_side_id":"None","lower_seis_depth":"(28.0,,)","name":"Apuela","net_slip_rate":"(1.5,1.0,2.0)","slip_type":"Dextral","upper_seis_depth":"(0.0,,)"},"geometry":{"type":"LineString","coordinates":[[-78.630987006445,0.195225900055391],[-78.5898908137099,0.247173132734076],[-78.5583050505375,0.32013886611594],[-78.4887764216944,0.404438677003498],[-78.443319849831,0.427572825625589]]}},{"type":"Feature","properties":{"average_dip":"(90,,)","catalog_id":"SA_340","catalog_name":"SARA","dip_dir":"VERTICAL","downthrown_side_id":"None","lower_seis_depth":"(24.2,,)","name":"Chingual","net_slip_rate":"(6.0,5,7)","slip_type":"Dextral","upper_seis_depth":"(0.0,,)"},"geometry":{"type":"LineString","coordinates":[[-77.5971154941845,0.421523663586356],[-77.5236323538499,0.53190813775052],[-77.4821345535667,0.613295221697285],[-77.477554091448,0.64351437688714]]}},{"type":"Feature","properties":{"average_dip":"(60,,)","catalog_id":"SA_341","catalog_name":"SARA","dip_dir":"E","downthrown_side_id":"None","lower_seis_depth":"(23.2,,)","name":"Billecocha","net_slip_rate":"(1.5,1.0,2.0)","slip_type":"Normal","upper_seis_depth":"(0.0,,)"},"geometry":{"type":"LineString","coordinates":[[-78.3615994573489,0.400049176028801],[-78.3101867753992,0.486843161283048]]}},{"type":"Feature","properties":{"average_dip":"(45,,)","catalog_id":"SA_342","catalog_name":"SARA","dip_dir":"W","downthrown_side_id":"None","lower_seis_depth":"(18.0,,)","name":"Quito","net_slip_rate":"(1.05,0.1,2.0)","slip_type":"Reverse","upper_seis_depth":"(1.0,,)"},"geometry":{"type":"LineString","coordinates":[[-78.4637471811873,-0.107994036495427],[-78.4470086008661,-0.147164402115322],[-78.4626896441116,-0.194183274438387]]}},{"type":"Feature","properties":{"average_dip":"(90.,,)","catalog_id":"SA_343","catalog_name":"SARA","dip_dir":"VERTICAL","downthrown_side_id":"None","lower_seis_depth":"(28.0,,)","name":"El Cinto - Guayac\u00e1n","net_slip_rate":"(0.5,0.1,1.0)","slip_type":"Strike-Slip","upper_seis_depth":"(0.0,,)"},"geometry":{"type":"LineString","coordinates":[[-78.6103575380698,-0.275378009587314],[-78.6415166871453,-0.224857834621218],[-78.7005826311834,-0.184477121821544],[-78.7144683506337,-0.164379371310758]]}},{"type":"Feature","properties":{"average_dip":"(90,,)","catalog_id":"SA_344","catalog_name":"SARA","dip_dir":"VERTICAL","downthrown_side_id":"None","lower_seis_depth":"(24.2,,)","name":"Chingual","net_slip_rate":"(6.0,5,7)","slip_type":"Strike-Slip","upper_seis_depth":"(0.0,,)"},"geometry":{"type":"LineString","coordinates":[[-77.9078398883,0.063485460885488],[-77.8440442252606,0.116976480580263],[-77.8215682814509,0.151985020292614],[-77.7599279992776,0.216237790741616]]}},{"type":"Feature","properties":{"average_dip":"(45,,)","catalog_id":"SA_345","catalog_name":"SARA","dip_dir":"E","downthrown_side_id":"None","lower_seis_depth":"(28.0,,)","name":"Sardinas","net_slip_rate":"(0.5,0.1,1.0)","slip_type":"Reverse","upper_seis_depth":"(0.0,,)"},"geometry":{"type":"LineString","coordinates":[[-77.875030988689,-0.468438829488207],[-77.848416062651,-0.435976886523918],[-77.8161252345918,-0.359890625251978]]}},{"type":"Feature","properties":{"average_dip":"(90,,)","catalog_id":"SA_346","catalog_name":"SARA","dip_dir":"VERTICAL","downthrown_side_id":"None","lower_seis_depth":"(28.0,,)","name":"Los Bancos","net_slip_rate":"(0.5,0.1,1.0)","slip_type":"Strike-Slip","upper_seis_depth":"(0.0,,)"},"geometry":{"type":"LineString","coordinates":[[-78.9114035632237,0.009507511362699],[-78.8159428617735,0.081215956551318]]}},{"type":"Feature","properties":{"average_dip":"(60,,)","catalog_id":"SA_347","catalog_name":"SARA","dip_dir":"E","downthrown_side_id":"None","lower_seis_depth":"(28.0,,)","name":"Huayrapungo","net_slip_rate":"(1.5,1.0,2.0)","slip_type":"Normal-Strike-Slip","upper_seis_depth":"(0.0,,)"},"geometry":{"type":"LineString","coordinates":[[-78.5217965324838,0.091731025966226],[-78.5203799464772,0.129407649143843],[-78.4979859470936,0.194008313333143],[-78.4611341137482,0.25486777262978]]}},{"type":"Feature","properties":{"average_dip":"(90,,)","catalog_id":"SA_348","catalog_name":"SARA","dip_dir":"VERTICAL","downthrown_side_id":"None","lower_seis_depth":"(28.0,,)","name":"Apuela","net_slip_rate":"(0.5,0.1,1.0)","slip_type":"Strike-Slip","upper_seis_depth":"(0.0,,)"},"geometry":{"type":"LineString","coordinates":[[-78.6326709141312,0.212275716851025],[-78.598780376513,0.24801763750412],[-78.5905592986725,0.273734001423179],[-78.5707247518457,0.299027184856868]]}},{"type":"Feature","properties":{"average_dip":"(90,,)","catalog_id":"SA_349","catalog_name":"SARA","dip_dir":"VERTICAL","downthrown_side_id":"None","lower_seis_depth":"(28.0,,)","name":"Apuela","net_slip_rate":"(0.5,0.1,1.0)","slip_type":"Dextral","upper_seis_depth":"(0.0,,)"},"geometry":{"type":"LineString","coordinates":[[-78.6583106666038,0.192174570500185],[-78.6194452988613,0.21693952993553],[-78.5755499248889,0.288461689555504]]}},{"type":"Feature","properties":{"average_dip":"(45,,)","catalog_id":"SA_350","catalog_name":"SARA","dip_dir":"W","downthrown_side_id":"None","lower_seis_depth":"(28.0,,)","name":"Pallatanga","net_slip_rate":"(3.5,3,4)","slip_type":"Dextral-Reverse","upper_seis_depth":"(0.0,,)"},"geometry":{"type":"LineString","coordinates":[[-78.7906488302792,-1.68742080672467],[-78.863263883821,-1.80394734739201]]}},{"type":"Feature","properties":{"average_dip":"(90,,)","catalog_id":"SA_351","catalog_name":"SARA","dip_dir":"VERTICAL","downthrown_side_id":"None","lower_seis_depth":"(28.0,,)","name":"Pallatanga","net_slip_rate":"(3.5,3,4)","slip_type":"Dextral","upper_seis_depth":"(0.0,,)"},"geometry":{"type":"LineString","coordinates":[[-79.1871482903612,-2.2564965233957],[-79.158059599171,-2.22347692881704],[-79.0849944565288,-2.18839817543528],[-79.0233387240028,-2.11903459017401]]}},{"type":"Feature","properties":{"average_dip":"(90,,)","catalog_id":"SA_352","catalog_name":"SARA","dip_dir":"VERTICAL","downthrown_side_id":"None","lower_seis_depth":"(28.0,,)","name":"Pallatanga","net_slip_rate":"(3.5,3,4)","slip_type":"Dextral","upper_seis_depth":"(0.0,,)"},"geometry":{"type":"LineString","coordinates":[[-79.1455083027658,-2.20087437035573],[-79.0819313539487,-2.17226076132494],[-79.0152801428641,-2.10392475042676]]}},{"type":"Feature","properties":{"average_dip":"(90,,)","catalog_id":"SA_353","catalog_name":"SARA","dip_dir":"VERTICAL","downthrown_side_id":"None","lower_seis_depth":"(20.0,,)","name":"R\u00edo Tigua","net_slip_rate":"(0.5,0.1,1.0)","slip_type":"Dextral","upper_seis_depth":"(1.0,,)"},"geometry":{"type":"LineString","coordinates":[[-79.906338957177,0.315480911215218],[-79.8068631614056,0.33594207236888]]}},{"type":"Feature","properties":{"average_dip":"(90,,)","catalog_id":"SA_354","catalog_name":"SARA","dip_dir":"VERTICAL","downthrown_side_id":"None","lower_seis_depth":"(20.0,,)","name":"La Boca","net_slip_rate":"(0.5,0.1,1.0)","slip_type":"Dextral","upper_seis_depth":"(1.0,,)"},"geometry":{"type":"LineString","coordinates":[[-78.8810121941573,1.08233412032354],[-78.8138396155057,1.10604208947103],[-78.7605622738297,1.1452135486665]]}},{"type":"Feature","properties":{"average_dip":"(60,,)","catalog_id":"SA_355","catalog_name":"SARA","dip_dir":"W","downthrown_side_id":"None","lower_seis_depth":"(28.0,,)","name":"Santa Rosa segmento","net_slip_rate":"(0.5,0.1,1.0)","slip_type":"Reverse-Strike-Slip","upper_seis_depth":"(0.0,,)"},"geometry":{"type":"LineString","coordinates":[[-77.8586868600104,-0.295487830798606],[-77.8628286175465,-0.324723760792779],[-77.8498850377641,-0.380522901310712],[-77.8821188739867,-0.427524333081351]]}},{"type":"Feature","properties":{"average_dip":"(75,,)","catalog_id":"SA_356","catalog_name":"SARA","dip_dir":"W","downthrown_side_id":"None","lower_seis_depth":"(20.0,,)","name":"San Lorenzo","net_slip_rate":"(0.5,0.1,1.0)","slip_type":"Normal","upper_seis_depth":"(1.0,,)"},"geometry":{"type":"LineString","coordinates":[[-78.799709498994,1.41804304515057],[-78.8257332880606,1.32569924552394],[-78.877800956149,1.20896477980091],[-78.9077181549687,1.17170939996902],[-78.9768134544772,1.11428292541683]]}},{"type":"Feature","properties":{"average_dip":"(90,,)","catalog_id":"SA_357","catalog_name":"SARA","dip_dir":"VERTICAL","downthrown_side_id":"None","lower_seis_depth":"(20.0,,)","name":"Jama","net_slip_rate":"(1.5,1.0,2.0)","slip_type":"Strike-Slip","upper_seis_depth":"(1.0,,)"},"geometry":{"type":"LineString","coordinates":[[-80.2296043882318,-0.321319705439919],[-80.188719730431,-0.276163712185394],[-80.1278499226357,-0.228486715988993]]}},{"type":"Feature","properties":{"average_dip":"(90,,)","catalog_id":"SA_358","catalog_name":"SARA","dip_dir":"VERTICAL","downthrown_side_id":"None","lower_seis_depth":"(18.0,,)","name":"Quizapincha","net_slip_rate":"(1.5,1.0,2.0)","slip_type":"Strike-Slip","upper_seis_depth":"(1.0,,)"},"geometry":{"type":"LineString","coordinates":[[-78.698663798995,-1.22343638757906],[-78.616869826681,-1.16630226373832]]}},{"type":"Feature","properties":{"average_dip":"(90,,)","catalog_id":"SA_359","catalog_name":"SARA","dip_dir":"VERTICAL","downthrown_side_id":"None","lower_seis_depth":"(18.0,,)","name":"Rio Coyago","net_slip_rate":"(1.05,0.1,2.0)","slip_type":"Dextral","upper_seis_depth":"(1.0,,)"},"geometry":{"type":"LineString","coordinates":[[-78.3861918206958,-0.056432907952171],[-78.3099392352074,-0.01208296265844]]}},{"type":"Feature","properties":{"average_dip":"(90,,)","catalog_id":"SA_360","catalog_name":"SARA","dip_dir":"VERTICAL","downthrown_side_id":"None","lower_seis_depth":"(18.0,,)","name":"Rio Uravia","net_slip_rate":"(1.05,0.1,2.0)","slip_type":"Strike-Slip","upper_seis_depth":"(1.0,,)"},"geometry":{"type":"LineString","coordinates":[[-78.3891263274179,-0.099607555344221],[-78.3631071230951,-0.086242569438866],[-78.2964596666801,-0.029399826840347],[-78.2022389981311,0.022645159446711]]}},{"type":"Feature","properties":{"average_dip":"(45,,)","catalog_id":"SA_361","catalog_name":"SARA","dip_dir":"NW","downthrown_side_id":"None","lower_seis_depth":"(23.2,,)","name":"El Angel","net_slip_rate":"(1.5,1.0,2.0)","slip_type":"Reverse","upper_seis_depth":"(0.0,,)"},"geometry":{"type":"LineString","coordinates":[[-77.6151772155559,1.05912705197204],[-77.627991531284,1.05271989410801],[-77.6495195455904,1.01863615243667],[-77.7351564819859,0.960191987070687],[-77.7708723609705,0.88835436776003],[-77.771684085452,0.873337463952964],[-77.8115218077813,0.816263573629074]]}},{"type":"Feature","properties":{"average_dip":"(45,,)","catalog_id":"SA_362","catalog_name":"SARA","dip_dir":"NW","downthrown_side_id":"None","lower_seis_depth":"(24.2,,)","name":"San Gabriel","net_slip_rate":"(1.5,1.0,2.0)","slip_type":"Reverse-Strike-Slip","upper_seis_depth":"(0.0,,)"},"geometry":{"type":"LineString","coordinates":[[-77.6452022988469,0.70174857573636],[-77.735736997964,0.629590123285709],[-77.8059118022877,0.585941890206243],[-77.8389219324011,0.562672453870789],[-77.8573210218476,0.551849460184599],[-77.8946933306325,0.542163357053425],[-77.9371587627666,0.545107293167234]]}},{"type":"Feature","properties":{"average_dip":"(45,,)","catalog_id":"SA_363","catalog_name":"SARA","dip_dir":"NW","downthrown_side_id":"None","lower_seis_depth":"(24.2,,)","name":"San Gabriel","net_slip_rate":"(1.5,1.0,2.0)","slip_type":"Reverse","upper_seis_depth":"(0.0,,)"},"geometry":{"type":"LineString","coordinates":[[-77.8405453813641,0.54535566433259],[-77.8785645356247,0.515488952553255],[-77.9352128636826,0.491872194446387]]}},{"type":"Feature","properties":{"average_dip":"(45,,)","catalog_id":"SA_364","catalog_name":"SARA","dip_dir":"E","downthrown_side_id":"None","lower_seis_depth":"(28.0,,)","name":"Salado","net_slip_rate":"(0.5,0.1,1.0)","slip_type":"Reverse","upper_seis_depth":"(0.0,,)"},"geometry":{"type":"LineString","coordinates":[[-77.868251983642,-0.285323776670793],[-77.8550346637186,-0.237146768208618],[-77.8163947533151,-0.160157452704141],[-77.800741348934,-0.013436397371663]]}},{"type":"Feature","properties":{"average_dip":"(90,,)","catalog_id":"SA_365","catalog_name":"SARA","dip_dir":"VERTICAL","downthrown_side_id":"None","lower_seis_depth":"(28.0,,)","name":"R\u00edo San Jos\u00e9","net_slip_rate":"(0.5,0.1,1.0)","slip_type":"Reverse-Strike-Slip","upper_seis_depth":"(0.0,,)"},"geometry":{"type":"LineString","coordinates":[[-77.9107833109009,-0.480860831262191],[-77.8911397360098,-0.466920230683911],[-77.8525453753686,-0.410855814444119]]}},{"type":"Feature","properties":{"average_dip":"(90,,)","catalog_id":"SA_366","catalog_name":"SARA","dip_dir":"VERTICAL","downthrown_side_id":"None","lower_seis_depth":"(23.2,,)","name":"El Angel","net_slip_rate":"(3.5,2.0,5.0)","slip_type":"Strike-Slip","upper_seis_depth":"(0.0,,)"},"geometry":{"type":"LineString","coordinates":[[-77.9406022102237,0.604358608163409],[-77.8859837554458,0.663188280514873],[-77.8540206052666,0.712769605533026],[-77.826335575926,0.789388249268427]]}},{"type":"Feature","properties":{"average_dip":"(90,,)","catalog_id":"SA_367","catalog_name":"SARA","dip_dir":"VERTICAL","downthrown_side_id":"None","lower_seis_depth":"(23.2,,)","name":"El Angel","net_slip_rate":"(1.5,1.0,2.0)","slip_type":"Reverse-Strike-Slip","upper_seis_depth":"(0.0,,)"},"geometry":{"type":"LineString","coordinates":[[-77.9230224436307,0.646713279794199],[-77.9095538297453,0.664992112795915],[-77.8960852158599,0.709246130104987],[-77.8859837554458,0.78115890845703]]}},{"type":"Feature","properties":{"average_dip":"(90,,)","catalog_id":"SA_368","catalog_name":"SARA","dip_dir":"VERTICAL","downthrown_side_id":"None","lower_seis_depth":"(28.0,,)","name":"R\u00edo Quijos","net_slip_rate":"(3.0,1.0,5.0)","slip_type":"Dextral","upper_seis_depth":"(0.0,,)"},"geometry":{"type":"LineString","coordinates":[[-77.8710022282701,-0.568649901071922],[-77.8680262493118,-0.48941209699052],[-77.8147192497934,-0.404120897761061],[-77.8013924994641,-0.347482211334807],[-77.7757768488224,-0.315662092031744]]}},{"type":"Feature","properties":{"average_dip":"(75,,)","catalog_id":"SA_369","catalog_name":"SARA","dip_dir":"W","downthrown_side_id":"None","lower_seis_depth":"(20.0,,)","name":"San Lorenzo","net_slip_rate":"(0.5,0.1,1.0)","slip_type":"Normal","upper_seis_depth":"(1.0,,)"},"geometry":{"type":"LineString","coordinates":[[-78.8484482321001,1.26202547299732],[-78.8625601184546,1.17114492519829]]}},{"type":"Feature","properties":{"average_dip":"(72.0,,)","catalog_id":"SA_370","catalog_name":"SARA","dip_dir":"W","downthrown_side_id":"None","lower_seis_depth":"(28.0,,)","name":"Pallatanga","net_slip_rate":"(3.5,3,4)","slip_type":"Reverse-Strike-Slip","upper_seis_depth":"(0.0,,)"},"geometry":{"type":"LineString","coordinates":[[-78.9734616578291,-2.02712429524985],[-78.9779774613906,-2.05271384936452],[-79.0282074494141,-2.11802726674478]]}},{"type":"Feature","properties":{"average_dip":"(45,,)","catalog_id":"SA_371","catalog_name":"SARA","dip_dir":"NW","downthrown_side_id":"None","lower_seis_depth":"(28.0,,)","name":"Pallatanga","net_slip_rate":"(3.5,3,4)","slip_type":"Reverse-Strike-Slip","upper_seis_depth":"(0.0,,)"},"geometry":{"type":"LineString","coordinates":[[-78.6560328889066,-1.60973568935043],[-78.6969439552992,-1.64629153062947],[-78.7557032224256,-1.66770302067772]]}},{"type":"Feature","properties":{"average_dip":"(90,,)","catalog_id":"SA_372","catalog_name":"SARA","dip_dir":"VERTICAL","downthrown_side_id":"None","lower_seis_depth":"(28.0,,)","name":"Troncal","net_slip_rate":"(2.5,1,4)","slip_type":"Reverse-Strike-Slip","upper_seis_depth":"(0.0,,)"},"geometry":{"type":"LineString","coordinates":[[-79.3224035489844,-2.50082307872196],[-79.2481186882267,-2.44281014007572],[-79.209915045243,-2.37984487683946],[-79.2056701966221,-2.34305618399554]]}},{"type":"Feature","properties":{"average_dip":"(90,,)","catalog_id":"SA_373","catalog_name":"SARA","dip_dir":"VERTICAL","downthrown_side_id":"None","lower_seis_depth":"(33.0,,)","name":"Cedropamba","net_slip_rate":"(1.5,1.0,2.0)","slip_type":"Reverse-Strike-Slip","upper_seis_depth":"(1.0,,)"},"geometry":{"type":"LineString","coordinates":[[-78.8412486294205,-2.58260005025198],[-78.7545374969078,-2.44819779319346]]}},{"type":"Feature","properties":{"average_dip":"(90,,)","catalog_id":"SA_374","catalog_name":"SARA","dip_dir":"VERTICAL","downthrown_side_id":"None","lower_seis_depth":"(33.0,,)","name":"Tioloma","net_slip_rate":"(2.5,1,4)","slip_type":"Strike-Slip","upper_seis_depth":"(1.0,,)"},"geometry":{"type":"LineString","coordinates":[[-78.6676336720562,-2.36419638365601],[-78.6399944982473,-2.33438943182665],[-78.5977228205516,-2.2552655223858]]}},{"type":"Feature","properties":{"average_dip":"(45,,)","catalog_id":"SA_375","catalog_name":"SARA","dip_dir":"W","downthrown_side_id":"None","lower_seis_depth":"(28.0,,)","name":"Comuna Lagartococha","net_slip_rate":"(1.5,1.0,2.0)","slip_type":"Reverse-Strike-Slip","upper_seis_depth":"(0.0,,)"},"geometry":{"type":"LineString","coordinates":[[-77.9730385476907,-0.90007284318699],[-77.9641159554868,-0.981647692087165],[-77.9758856232228,-1.09304245474533],[-78.0266754401193,-1.20011844900705],[-78.0449660695284,-1.27978430070476],[-78.0844860600835,-1.32061664674069]]}},{"type":"Feature","properties":{"average_dip":"(90,,)","catalog_id":"SA_376","catalog_name":"SARA","dip_dir":"VERTICAL","downthrown_side_id":"None","lower_seis_depth":"(20.0,,)","name":"Mataje","net_slip_rate":"(0.5,0.1,1.0)","slip_type":"Reverse-Strike-Slip","upper_seis_depth":"(1.0,,)"},"geometry":{"type":"LineString","coordinates":[[-78.7491535570908,1.23112016026732],[-78.7248613145978,1.28018096308114],[-78.7162875820061,1.3335286317411],[-78.7181928560153,1.38973421186455]]}},{"type":"Feature","properties":{"average_dip":"(90,,)","catalog_id":"SA_377","catalog_name":"SARA","dip_dir":"VERTICAL","downthrown_side_id":"None","lower_seis_depth":"(20.0,,)","name":"R\u00edo Canand\u00e9","net_slip_rate":"(0.5,0.1,1.0)","slip_type":"Reverse-Strike-Slip","upper_seis_depth":"(1.0,,)"},"geometry":{"type":"LineString","coordinates":[[-79.2456055750371,0.464242559746481],[-79.2277536610025,0.457498503253476],[-79.1547591682009,0.461068886420151],[-79.0817646762986,0.483284601503328],[-79.036936536292,0.504310188864281],[-78.9595493697075,0.5593213622912],[-78.7562862088413,0.663146430563472]]}},{"type":"Feature","properties":{"average_dip":"(90,,)","catalog_id":"SA_378","catalog_name":"SARA","dip_dir":"VERTICAL","downthrown_side_id":"None","lower_seis_depth":"(24.2,,)","name":"Rosa Florida","net_slip_rate":"(1.5,1,2)","slip_type":"Strike-Slip","upper_seis_depth":"(0.0,,)"},"geometry":{"type":"LineString","coordinates":[[-77.7146251638201,0.170113242931961],[-77.6743243045229,0.237108770253712],[-77.6760655718685,0.266486262531146],[-77.6620521567814,0.303814870560018]]}},{"type":"Feature","properties":{"average_dip":"(40,,)","catalog_id":"SA_379","catalog_name":"SARA","dip_dir":"W","downthrown_side_id":"None","lower_seis_depth":"(18.0,,)","name":"Quito","net_slip_rate":"(1.05,0.1,2.0)","slip_type":"Reverse","upper_seis_depth":"(1.0,,)"},"geometry":{"type":"LineString","coordinates":[[-78.4934749845827,-0.29567525221097],[-78.4971662150487,-0.334894584117592],[-78.5195365235915,-0.391121326188113],[-78.5435373083999,-0.406181489184235],[-78.5665562376801,-0.407847669434261]]}},{"type":"Feature","properties":{"average_dip":"(40,,)","catalog_id":"SA_380","catalog_name":"SARA","dip_dir":"W","downthrown_side_id":"None","lower_seis_depth":"(18.0,,)","name":"Quito","net_slip_rate":"(1.05,0.1,2.0)","slip_type":"Reverse","upper_seis_depth":"(1.0,,)"},"geometry":{"type":"LineString","coordinates":[[-78.4561834681924,-0.273040748031917],[-78.4871461585682,-0.328586208686431],[-78.4894512576693,-0.364724219546929],[-78.5196852399817,-0.391567474459237]]}},{"type":"Feature","properties":{"average_dip":"(90,,)","catalog_id":"SA_381","catalog_name":"SARA","dip_dir":"W","downthrown_side_id":"None","lower_seis_depth":"(28.0,,)","name":"Cebadas-Peltetec","net_slip_rate":"(2.0,1.0,3.0)","slip_type":"Strike-Slip","upper_seis_depth":"(0.0,,)"},"geometry":{"type":"LineString","coordinates":[[-78.6391495860844,-1.89811000247448],[-78.6273361870153,-2.0510841501133],[-78.6446057738372,-2.14775013016424],[-78.67654388779,-2.22805167214682]]}},{"type":"Feature","properties":{"average_dip":"(90,,)","catalog_id":"SA_382","catalog_name":"SARA","dip_dir":"VERTICAL","downthrown_side_id":"None","lower_seis_depth":"(28.0,,)","name":"Pallatanga","net_slip_rate":"(3.5,3,4)","slip_type":"Strike-Slip","upper_seis_depth":"(0.0,,)"},"geometry":{"type":"LineString","coordinates":[[-78.9640409994924,-1.99743707106381],[-78.961653271581,-1.97863371567325],[-78.991574484075,-1.91780593859301]]}},{"type":"Feature","properties":{"average_dip":"(90,,)","catalog_id":"SA_383","catalog_name":"SARA","dip_dir":"VERTICAL","downthrown_side_id":"None","lower_seis_depth":"(28.0,,)","name":"Pallatanga","net_slip_rate":"(3.5,3,4)","slip_type":"Dextral","upper_seis_depth":"(0.0,,)"},"geometry":{"type":"LineString","coordinates":[[-78.7911056400131,-1.7223845269242],[-78.7563130697922,-1.67312000338529],[-78.7457434690857,-1.64238352667826]]}},{"type":"Feature","properties":{"average_dip":"(45,,)","catalog_id":"SA_384","catalog_name":"SARA","dip_dir":"W","downthrown_side_id":"None","lower_seis_depth":"(23.2,,)","name":"El Angel","net_slip_rate":"(1.5,1.0,2.0)","slip_type":"Reverse-Strike-Slip","upper_seis_depth":"(0.0,,)"},"geometry":{"type":"LineString","coordinates":[[-77.9713026205194,0.599582805202488],[-78.0586141476247,0.500477841279519],[-78.0833617960099,0.488224152123109],[-78.0960960226132,0.490867104933102]]}},{"type":"Feature","properties":{"average_dip":"(90,,)","catalog_id":"SA_385","catalog_name":"SARA","dip_dir":"VERTICAL","downthrown_side_id":"None","lower_seis_depth":"(28.0,,)","name":"Pisayambo","net_slip_rate":"(1.5,1.0,2.0)","slip_type":"Strike-Slip","upper_seis_depth":"(0.0,,)"},"geometry":{"type":"LineString","coordinates":[[-78.3583907752139,-1.158089435379],[-78.4104781528443,-1.06170728046646]]}},{"type":"Feature","properties":{"average_dip":"(90,,)","catalog_id":"SA_386","catalog_name":"SARA","dip_dir":"VERTICAL","downthrown_side_id":"None","lower_seis_depth":"(28.0,,)","name":"Quebrada Ushpacha","net_slip_rate":"(1.5,1.0,2.0)","slip_type":"Normal","upper_seis_depth":"(0.0,,)"},"geometry":{"type":"LineString","coordinates":[[-78.407607194916,-1.06006673359269],[-78.2931790198957,-1.09492836365291]]}},{"type":"Feature","properties":{"average_dip":"(40,,)","catalog_id":"SA_387","catalog_name":"SARA","dip_dir":"W","downthrown_side_id":"None","lower_seis_depth":"(18.0,,)","name":"Quito","net_slip_rate":"(1.05,0.1,2.0)","slip_type":"Reverse","upper_seis_depth":"(1.0,,)"},"geometry":{"type":"LineString","coordinates":[[-78.4494763720368,-0.235043786341521],[-78.4905666283471,-0.309699264909],[-78.4990434463978,-0.361898613530002],[-78.5080407695657,-0.373349753088462]]}},{"type":"Feature","properties":{"average_dip":"(40,,)","catalog_id":"SA_388","catalog_name":"SARA","dip_dir":"W","downthrown_side_id":"None","lower_seis_depth":"(28.0,,)","name":"Quito","net_slip_rate":"(1.05,0.1,2.0)","slip_type":"Reverse","upper_seis_depth":"(0.0,,)"},"geometry":{"type":"LineString","coordinates":[[-78.4517836034304,0.130278031905789],[-78.4233732456786,0.080762837635007],[-78.4217497967156,0.045452821790434],[-78.4052507454254,0.022863692905275],[-78.4101182045913,-0.002498330933065]]}},{"type":"Feature","properties":{"average_dip":"(45,,)","catalog_id":"SA_389","catalog_name":"SARA","dip_dir":"E","downthrown_side_id":"None","lower_seis_depth":"(28.0,,)","name":"Tres Cruces","net_slip_rate":"(5.5,4,7)","slip_type":"Reverse","upper_seis_depth":"(0.0,,)"},"geometry":{"type":"LineString","coordinates":[[-77.7959524572399,-0.328544416291606],[-77.7543261141587,-0.256729921248677],[-77.7189061238184,-0.227469928993855]]}},{"type":"Feature","properties":{"average_dip":"(90,,)","catalog_id":"SA_390","catalog_name":"SARA","dip_dir":"VERTICAL","downthrown_side_id":"None","lower_seis_depth":"(28.0,,)","name":"Alisal","net_slip_rate":"(0.5,0.1,1.0)","slip_type":"Strike-Slip","upper_seis_depth":"(0.0,,)"},"geometry":{"type":"LineString","coordinates":[[-78.4249969959145,-1.22166064292418],[-78.3883918340157,-1.19711433565789],[-78.3385955350557,-1.14119305281696],[-78.306692048599,-1.12298392716633]]}},{"type":"Feature","properties":{"average_dip":"(72.0,,)","catalog_id":"SA_391","catalog_name":"SARA","dip_dir":"E","downthrown_side_id":"None","lower_seis_depth":"(25.2,,)","name":"Falla Chucarima","net_slip_rate":"(0.6,0.2,1.0)","slip_type":"Sinistral-Reverse","upper_seis_depth":"(0.0,,)"},"geometry":{"type":"LineString","coordinates":[[-72.238558711664,6.9006945545617],[-72.191636737,6.87045369300006],[-72.1324651039999,6.84852277100009],[-72.0742437729999,6.80419164900007],[-71.9629908119999,6.75580987],[-71.8851588979999,6.70894849900009],[-71.8552580429999,6.70112807100008],[-71.8080770329999,6.66033712800004],[-71.7743961389999,6.64601659900006]]}},{"type":"Feature","properties":{"average_dip":"(90,,)","catalog_id":"SA_392","catalog_name":"SARA","dip_dir":"W","downthrown_side_id":"None","lower_seis_depth":"(25.2,,)","name":"Falla Chitaga-Pamplona","net_slip_rate":"(0.6,0.2,1.0)","slip_type":"Sinistral-Reverse","upper_seis_depth":"(0.0,,)"},"geometry":{"type":"LineString","coordinates":[[-72.6307316479999,7.63368711400005],[-72.640064703,7.40953473300004],[-72.6310246149999,7.39306443600009],[-72.631745082,7.35664404900007],[-72.6083950469999,7.29704312100006],[-72.5832043639999,7.28575269],[-72.5347341549999,7.17342090600005],[-72.4966536449999,7.11342981300004],[-72.3813712819999,7.00004726],[-72.3160298139999,6.94719594100007],[-72.2386978749999,6.90129456300008]]}},{"type":"Feature","properties":{"average_dip":"(72.0,,)","catalog_id":"SA_393","catalog_name":"SARA","dip_dir":"E","downthrown_side_id":"W","lower_seis_depth":"(33.0,,)","name":"Santa Marta","net_slip_rate":"(5,,)","slip_type":"Sinistral","upper_seis_depth":"(0.0,,)"},"geometry":{"type":"LineString","coordinates":[[-73.906299938,9.93367997300004],[-73.9776999379999,10.2060499730001],[-74.081049938,10.418099974],[-74.1121919006772,10.6660151889292],[-74.1097588123227,10.7464874468741],[-74.178853541,10.96942819],[-74.2019720819999,11.0057847190001],[-74.221109295,11.082963486]]}},{"type":"Feature","properties":{"average_dip":"(37.0,30,45)","catalog_id":"SA_394","catalog_name":"SARA","dip_dir":"NW","downthrown_side_id":"E","lower_seis_depth":"(25.2,,)","name":"Seccion Guaicaramo Norte","net_slip_rate":"(3.0,1,5)","slip_type":"Reverse","upper_seis_depth":"(0.0,,)"},"geometry":{"type":"LineString","coordinates":[[-71.948100445,6.74659960500003],[-71.932180574,6.69304890200004],[-71.9196123259999,6.50938703100007],[-71.948854392,6.41057645500007],[-72.064349764,6.26144641600007],[-72.093563992,5.96728412100003],[-72.1938290203212,5.81987411446607],[-72.293474411,5.59407310800003],[-72.4689310970503,5.47351986505356],[-72.5225208455376,5.37903485603848],[-72.565841942856,5.33768690364377],[-72.6463688874305,5.23731944157507],[-72.6758020180416,5.21750374399977],[-72.7388632239999,5.15236411700005],[-72.8287975189999,5.01352390300008],[-72.8580390469999,4.95499372200004],[-72.9005907149999,4.92410390200007],[-72.9510630169999,4.85568386200009],[-73.0065456639999,4.76824371200007],[-73.0081760699999,4.73179343800007],[-73.0252469169999,4.70167336600008],[-73.0670486719999,4.65977344400005],[-73.0844597469999,4.60621319200004],[-73.155507585,4.50274589500009],[-73.2335161769999,4.42249320900015],[-73.3872806329775,4.33448276656117]]}},{"type":"Feature","properties":{"average_dip":"(72.0,,)","catalog_id":"SA_395","catalog_name":"SARA","dip_dir":"E","downthrown_side_id":"None","lower_seis_depth":"(33.0,,)","name":"Bucaramanga","net_slip_rate":"(3.0,1,5)","slip_type":"Sinistral-Reverse","upper_seis_depth":"(0.0,,)"},"geometry":{"type":"LineString","coordinates":[[-72.747480062,6.04900997],[-72.7191900619999,6.22944997],[-72.737790062,6.34706997],[-72.8025400619999,6.54085997],[-72.8687300619999,6.61281997],[-72.959110062,6.76799997],[-73.0053500619999,6.91441997],[-73.119960062,7.15288997100004],[-73.2988699379999,7.77036997100004]]}},{"type":"Feature","properties":{"average_dip":"(90.,,)","catalog_id":"SA_396","catalog_name":"SARA","dip_dir":"E","downthrown_side_id":"None","lower_seis_depth":"(32.0,,)","name":"Urrao","net_slip_rate":"(0.5,0.1,1.0)","slip_type":"Sinistral","upper_seis_depth":"(0.0,,)"},"geometry":{"type":"LineString","coordinates":[[-76.143151917,5.97085995400005],[-76.1386873709999,6.09027001900006],[-76.0820407269999,6.34304871800003],[-76.0509748919999,6.61762351700003]]}},{"type":"Feature","properties":{"average_dip":"(90.,,)","catalog_id":"SA_397","catalog_name":"SARA","dip_dir":"N","downthrown_side_id":"None","lower_seis_depth":"(23.2,,)","name":"Ibague","net_slip_rate":"(3.0,1,5)","slip_type":"Dextral","upper_seis_depth":"(0.0,,)"},"geometry":{"type":"LineString","coordinates":[[-74.839857631,4.55871952400003],[-74.919210788,4.50426976],[-75.008994058,4.47604032800007],[-75.25180275,4.41963201200002],[-75.4376297589999,4.33968294],[-75.504152485,4.28651303300006],[-75.521643357,4.25420288700008],[-75.592216245,4.19880299300007],[-75.6079570109999,4.17229288300007],[-75.6431283539999,4.15538303200003],[-75.825265766,4.01454330200005]]}},{"type":"Feature","properties":{"average_dip":"(72.0,,)","catalog_id":"SA_398","catalog_name":"SARA","dip_dir":"NW","downthrown_side_id":"E","lower_seis_depth":"(24.2,,)","name":"San Juan de Villalobos-Yunguillo","net_slip_rate":"(0.5,0.1,1.0)","slip_type":"Reverse-Dextral","upper_seis_depth":"(0.0,,)"},"geometry":{"type":"LineString","coordinates":[[-76.2009699399999,1.75822996600004],[-76.2210499399999,1.71293996600002],[-76.2544199399999,1.66668996500005],[-76.2827199399999,1.64888996500002],[-76.3067199399999,1.61745996500002],[-76.35630994,1.53314996500006],[-76.40311994,1.49582996500004],[-76.432609941,1.45827996500003],[-76.461849941,1.44257996500005],[-76.540809941,1.42038996500003],[-76.658809941,1.35399996500007],[-76.701129941,1.33904996500007],[-76.7836799409999,1.26203996500004],[-76.838869941,1.18007996500006]]}},{"type":"Feature","properties":{"average_dip":"(72.0,,)","catalog_id":"SA_399","catalog_name":"SARA","dip_dir":"W","downthrown_side_id":"None","lower_seis_depth":"(16.0,,)","name":"Falla de Los Saltos","net_slip_rate":"(3.0,1,5)","slip_type":"Reverse","upper_seis_depth":"(0.0,,)"},"geometry":{"type":"LineString","coordinates":[[-77.695179942,7.69591997100002],[-77.698379942,7.57811997100004],[-77.644709942,7.38148997100007],[-77.6130399419999,7.34727997100003],[-77.5905499419999,7.28855997100004],[-77.5787299419999,7.15123997100005],[-77.4929499409999,6.95574997],[-77.4879999409999,6.89115997],[-77.449529941,6.78118997],[-77.435499941,6.75030997],[-77.3999899409999,6.71296997]]}},{"type":"Feature","properties":{"average_dip":"(72.0,,)","catalog_id":"SA_400","catalog_name":"SARA","dip_dir":"W","downthrown_side_id":"None","lower_seis_depth":"(16.0,,)","name":"Bahia solano","net_slip_rate":"(3.0,1,5)","slip_type":"Reverse","upper_seis_depth":"(0.0,,)"},"geometry":{"type":"LineString","coordinates":[[-77.443389941,6.27372997],[-77.399799941,6.17761997],[-77.363349941,6.04615997],[-77.346739941,6.01357997]]}},{"type":"Feature","properties":{"average_dip":"(72.0,,)","catalog_id":"SA_401","catalog_name":"SARA","dip_dir":"W","downthrown_side_id":"None","lower_seis_depth":"(16.0,,)","name":"Falla Utria","net_slip_rate":"(3.0,1,5)","slip_type":"Reverse","upper_seis_depth":"(0.0,,)"},"geometry":{"type":"LineString","coordinates":[[-77.314834729,5.6388647562822],[-77.304622181,5.5882328042822],[-77.3153433522456,5.53785017841347],[-77.3219377789999,5.39823642028221],[-77.310875481,5.31949676028222]]}},{"type":"Feature","properties":{"average_dip":"(60,,)","catalog_id":"SA_402","catalog_name":"SARA","dip_dir":"SW","downthrown_side_id":"None","lower_seis_depth":"(40.7,,)","name":"Falla L\u00edmite Este","net_slip_rate":"(3.0,1,5)","slip_type":"Normal","upper_seis_depth":"(0.0,,)"},"geometry":{"type":"LineString","coordinates":[[-77.6158787497045,-7.88241468039314],[-77.5854154195859,-7.89631158021518],[-77.411999590109,-8.02225616039345],[-77.2310593803861,-8.19085576957804],[-77.0856054095619,-8.44454720998573],[-77.0674795998037,-8.48882715025275],[-76.9369533497173,-8.70357602961002],[-76.7761578998671,-8.86512261032016],[-76.7181284496682,-8.90653775031689],[-76.6225440203902,-8.94963650032417],[-76.5322376303623,-8.97821471024065],[-76.3417984403457,-9.09044829035628],[-76.2797160001932,-9.10582017006476],[-76.2351706304202,-9.10830459038448],[-76.1823597203248,-9.09838710967733],[-76.1355995002167,-9.10234629044891]]}},{"type":"Feature","properties":{"average_dip":"(72.0,,)","catalog_id":"SA_403","catalog_name":"SARA","dip_dir":"NW","downthrown_side_id":"None","lower_seis_depth":"(33.0,,)","name":"Giron","net_slip_rate":"(0.6,0.2,1.0)","slip_type":"Dextral-Normal","upper_seis_depth":"(1.0,,)"},"geometry":{"type":"LineString","coordinates":[[-79.1877840076257,-3.24717999825816],[-79.2260159495763,-3.27681540440722],[-79.2497836167108,-3.28545629200873],[-79.2815504595324,-3.32707865133626],[-79.3246122086689,-3.35756677309177],[-79.3705015728208,-3.4169076402659]]}},{"type":"Feature","properties":{"average_dip":"(60,,)","catalog_id":"SA_404","catalog_name":"SARA","dip_dir":"NE","downthrown_side_id":"None","lower_seis_depth":"(24.0,,)","name":"Zona de falla Anti\u00f1ir-Copahue","net_slip_rate":"(0.26,0.02,0.5)","slip_type":"Reverse","upper_seis_depth":"(0.0,,)"},"geometry":{"type":"LineString","coordinates":[[-70.7880886468652,-37.0176850282844],[-70.8611577349576,-36.9761412841498],[-70.9677420917581,-36.8640910628979],[-71.0244504354405,-36.7397426466305],[-71.0353821643431,-36.6659534765378],[-71.0750096816152,-36.6270091923222],[-71.1016557708153,-36.5819158105988]]}},{"type":"Feature","properties":{"average_dip":"(72.0,,)","catalog_id":"SA_405","catalog_name":"SARA","dip_dir":"E","downthrown_side_id":"None","lower_seis_depth":"(0.0,,)","name":"Falla Tostado-Selva","net_slip_rate":"(0.225,0.1,0.35)","slip_type":"Reverse","upper_seis_depth":"(0.0,,)"},"geometry":{"type":"LineString","coordinates":[[-62.4288322241827,-31.2194113243416],[-62.4203399915949,-31.0833643396011],[-62.400933711026,-30.9992610214686],[-62.4133793283845,-30.901231567556]]}},{"type":"Feature","properties":{"average_dip":"(72.0,,)","catalog_id":"SA_406","catalog_name":"SARA","dip_dir":"E","downthrown_side_id":"None","lower_seis_depth":"(0.0,,)","name":"Falla Tostado-Selva","net_slip_rate":"(0.5,0.1,1.0)","slip_type":"Reverse","upper_seis_depth":"(0.0,,)"},"geometry":{"type":"LineString","coordinates":[[-61.7878322395032,-32.9058260097486],[-61.8104994080578,-32.8677916157096],[-61.8001156370037,-32.8091118500807],[-61.8514740490725,-32.7148993334504],[-61.8360194480878,-32.61708723065],[-61.86370146153,-32.5678747623083]]}},{"type":"Feature","properties":{"average_dip":"(7.0,,)","catalog_id":"SA_407","catalog_name":"SARA","dip_dir":"W","downthrown_side_id":"E","lower_seis_depth":"(nan,,)","name":"Ibibobo","net_slip_rate":"(7.0,,)","slip_type":"Reverse","upper_seis_depth":"(nan,,)"},"geometry":{"type":"LineString","coordinates":[[-62.991683434214686,-21.000920275736206],[-62.991683434214686,-21.004920077683693],[-62.99182628428424,-21.00891987963118],[-62.991254884006025,-21.011491180883134],[-62.991254884006025,-21.014776732482858],[-62.991683434214686,-21.018919384499895],[-62.9922548344929,-21.021633535821405],[-62.99296908484066,-21.026776138325317],[-62.99339763504932,-21.031347340551015],[-62.9946832856753,-21.034632892150736],[-62.99525468595351,-21.0374898935418],[-62.99525468595351,-21.04177539562839],[-62.9946832856753,-21.045489497436773],[-62.9946832856753,-21.049203599245153],[-62.99439758553619,-21.053631951401297],[-62.99368333518843,-21.058631703835655],[-62.9922548344929,-21.063774306339567],[-62.990969183866916,-21.067774108287054],[-62.9901120834496,-21.072488160582306],[-62.98954068317139,-21.078487863503536],[-62.98911213296273,-21.082916215659683],[-62.98911213296273,-21.085344666842087],[-62.98939783310183,-21.088630218441807],[-62.98839788261496,-21.094629921363037],[-62.98725508205854,-21.098772573380074],[-62.985540881223905,-21.103486625675327],[-62.984683780806584,-21.10648647713594],[-62.98282672990239,-21.108914928318345],[-62.97996972851133,-21.111771929709406],[-62.97811267760714,-21.116057431796],[-62.97539852628563,-21.1206286340217],[-62.97496997607697,-21.12448558589963],[-62.97511282614653,-21.127913987568906],[-62.9739700255901,-21.131485239307736],[-62.972541524894574,-21.135342191185668],[-62.971970124616355,-21.137484942228966],[-62.96954167343396,-21.14005624348092],[-62.96825602280798,-21.1437703452893],[-62.95925646842613,-21.155626901062206],[-62.953971015852666,-21.16319795474852],[-62.95211396494848,-21.169340507739303],[-62.94982836383563,-21.17476881038232],[-62.94968551376608,-21.181911313859974],[-62.94925696355742,-21.18862526712897],[-62.94968551376608,-21.194339269911094],[-62.94982836383563,-21.200196122762772],[-62.94939981362697,-21.20805287658819],[-62.95068546425295,-21.212481228744338],[-62.953685315713564,-21.221337933056628],[-62.9553995165482,-21.22376638423903],[-62.95768511766105,-21.23019463736892],[-62.959827868704345,-21.233337338899087],[-62.96139921946943,-21.238479941403],[-62.96282772016496,-21.24390824404602],[-62.96254202002585,-21.250193647106354],[-62.96268487009541,-21.258478951140432],[-62.960256418913005,-21.2661928548963],[-62.95625661696552,-21.269764106635126],[-62.95654231710462,-21.278477960877865],[-62.953399615574455,-21.284906214007755],[-62.94497146147082,-21.286477564772838],[-62.93997170903646,-21.290905916928985],[-62.936686157436746,-21.296334219572003],[-62.935114806671656,-21.306048024301614],[-62.93854320834093,-21.31561897896167],[-62.94368581084485,-21.321190131674243],[-62.9438286609144,-21.32518993362173],[-62.94468576133172,-21.329189735569216],[-62.94354296077529,-21.333046687447148],[-62.94397151098395,-21.34104629134212],[-62.94454291126216,-21.3447603931505],[-62.94482861140127,-21.348474494958882],[-62.94468576133172,-21.35290284711503],[-62.94340011070574,-21.357474049340727],[-62.940828809453784,-21.370759105809164],[-62.941828759940655,-21.374901757826205],[-62.94254301028842,-21.381330010956095],[-62.9462571120968,-21.38432986241671],[-62.94954266369652,-21.38775826408598],[-62.95297106536579,-21.394329367285422],[-62.957970817800145,-21.399900519997995],[-62.96582757162557,-21.407185873545203],[-62.96625612183423,-21.413328426535987],[-62.971255874268586,-21.418328178970345],[-62.97796982753758,-21.422899381196043],[-62.98468378080657,-21.425184982308892],[-62.985826581363,-21.431898935577887],[-62.98482663087613,-21.43604158759493],[-62.98696938191942,-21.441612740307498],[-62.98682653184987,-21.446183942533196],[-62.987826482336764,-21.453897846289056],[-62.986969381919444,-21.458897598723414],[-62.986683681780335,-21.460897499697158],[-62.9825410297633,-21.46475445157509],[-62.97668417691162,-21.470611304426768],[-62.97768412739849,-21.476325307208892],[-62.97982687844179,-21.48318211054744],[-62.980683978859105,-21.486039111938503],[-62.981826779415535,-21.492181664929284],[-62.981826779415535,-21.492181664929284],[-62.980969678998214,-21.496895717224536],[-62.98039827872,-21.504038220702192],[-62.98025542865045,-21.50903797313655],[-62.981398229206874,-21.514466275779565],[-62.98368383031972,-21.522323029604987],[-62.98539803115436,-21.528894132804428],[-62.987540782197655,-21.533179634891024],[-62.987969332406315,-21.53675088662985],[-62.99254053463201,-21.55017879316784],[-62.99811168734458,-21.566749401236],[-63.00711124172643,-21.590891062990472],[-63.0102539432566,-21.60460466966757],[-63.012253844230344,-21.62074672752707],[-63.01311094464766,-21.63017483211757],[-63.0151108456214,-21.6453169394902],[-63.018110697082015,-21.652030892759196],[-63.02368184979459,-21.65817344574998],[-63.032395704037306,-21.66574449943629]]}},{"type":"Feature","properties":{"average_dip":"(7.0,,)","catalog_id":"SA_408","catalog_name":"SARA","dip_dir":"W","downthrown_side_id":"E","lower_seis_depth":"(nan,,)","name":"Percheles","net_slip_rate":"(5.0,,)","slip_type":"Reverse","upper_seis_depth":"(nan,,)"},"geometry":{"type":"LineString","coordinates":[[-63.27580999421568,-17.969997148046627],[-63.268699734986676,-17.977280828232438],[-63.26072237097364,-17.982830298850203],[-63.25725395183754,-17.985431613202277],[-63.252398165047,-17.991154504776844],[-63.25014369260853,-17.996183712524193],[-63.24615501060201,-18.00294712983959],[-63.242513170509106,-18.009883968111794],[-63.23973843520022,-18.016820806383997],[-63.237137120848146,-18.023931065613002],[-63.23574975319371,-18.029827378144375],[-63.23314843884163,-18.036243953546162],[-63.232107913100805,-18.04647578999766],[-63.231761071187194,-18.053759470183476],[-63.23124080831678,-18.059829203671654],[-63.22915975683512,-18.063991306634975],[-63.22569133769901,-18.073529459259255],[-63.2251710748286,-18.078038404136187],[-63.22309002334694,-18.082373928056313],[-63.22031528803806,-18.088963924414905],[-63.21771397368598,-18.094686815989473],[-63.217193710815565,-18.099889444693623],[-63.21684686890195,-18.10457181052736],[-63.21580634316113,-18.108387071577074],[-63.21563292220432,-18.11237575358359],[-63.21563292220432,-18.11584417271969],[-63.21389871263627,-18.119486012812597],[-63.21060371445697,-18.12538232534397],[-63.209216346802535,-18.12954442830729],[-63.20730871627768,-18.133879952227417],[-63.20609476958004,-18.13769521327713],[-63.20488082288241,-18.142204158154062],[-63.20332003427116,-18.147233365901407],[-63.20158582470311,-18.153649941303197],[-63.2014124037463,-18.15815888618013],[-63.20089214087589,-18.162841252013866],[-63.20037187800548,-18.167697038804405],[-63.19898451035103,-18.171338878897313],[-63.19915793130784,-18.17636808664466],[-63.197943984610205,-18.183131503960055],[-63.197943984610205,-18.187120185966574],[-63.19846424748062,-18.193016498497947],[-63.19863766843743,-18.199779915813345],[-63.197943984610205,-18.202381230165418],[-63.197943984610205,-18.205676228344714],[-63.1977705636534,-18.209664910351233],[-63.19655661695576,-18.213653592357748],[-63.19534267025813,-18.21816253723468],[-63.195516091214934,-18.223018324025222],[-63.19499582834452,-18.228567794642984],[-63.19395530260369,-18.235331211958382],[-63.194302144517295,-18.239666735878508],[-63.19274135590605,-18.25371383337972]]}},{"type":"Feature","properties":{"average_dip":"(7.0,,)","catalog_id":"SA_409","catalog_name":"SARA","dip_dir":"W","downthrown_side_id":"E","lower_seis_depth":"(nan,,)","name":"Rio Seco","net_slip_rate":"(10.0,,)","slip_type":"Reverse","upper_seis_depth":"(nan,,)"},"geometry":{"type":"LineString","coordinates":[[-63.89591998051155,-17.530635153981045],[-63.87302841421329,-17.551445668797655],[-63.82932633309841,-17.577111970404804],[-63.81406528889956,-17.58890459546755],[-63.79880424470071,-17.599309852875855],[-63.78215583284743,-17.60832774262972],[-63.7675884724758,-17.61595826472914],[-63.74729822052961,-17.632086413712013],[-63.74140190799824,-17.638329568156998],[-63.73515875355325,-17.64301193399073],[-63.72891559910827,-17.652029823744595],[-63.72128507700885,-17.66000718775763],[-63.71382797586623,-17.663649027850536],[-63.707758242378056,-17.66954534038191],[-63.697873247840164,-17.6761353367405],[-63.684519834166174,-17.681337965444655],[-63.67133984144899,-17.68532664745117],[-63.66388274030637,-17.689141908500883],[-63.64983564280516,-17.696425588686694],[-63.637349333915196,-17.70405611078612],[-63.626250392679665,-17.70717768800861],[-63.61653881909859,-17.71342084245359],[-63.610469085610404,-17.717929787330522],[-63.59468777854114,-17.726947677084386],[-63.58757751931214,-17.730936359090904],[-63.57526463137898,-17.736832671622278],[-63.563298585359426,-17.74411635180809],[-63.54491596393809,-17.754868451130005],[-63.53260307600493,-17.76440660375428],[-63.52653334251675,-17.7683952857608],[-63.512833086929156,-17.78070817369396],[-63.50138730378002,-17.791807114929483],[-63.495490991248644,-17.79614263884961],[-63.48577941766756,-17.80429342381945],[-63.482137577574655,-17.812444208789287],[-63.4768482383921,-17.82241591380558],[-63.47155889920954,-17.831520514037848],[-63.46913100581427,-17.839064325658867],[-63.465402455242966,-17.845394190582255],[-63.46063337893082,-17.854065238422507],[-63.455864302618686,-17.859007735691453],[-63.45187562061217,-17.865944573963652],[-63.447886938605656,-17.876002989458346],[-63.442510888944696,-17.886581667823457],[-63.4392158907654,-17.903056658719937],[-63.43990957459262,-17.912247969430606],[-63.44095010033345,-17.926295066931818],[-63.43782852311096,-17.936526903383317],[-63.43141194770917,-17.952134789495773],[-63.425515635177796,-17.96097925829283],[-63.416324324467126,-17.978494774930144],[-63.406612750886055,-18.003120550796464],[-63.402450647922734,-18.03745790024387],[-63.38927065520555,-18.060002624628527],[-63.37921223971085,-18.07214209160488],[-63.36915382421616,-18.087056293890118],[-63.355280147671756,-18.11202891167005],[-63.354933305758145,-18.122087327164742],[-63.349036993226775,-18.131798900745828],[-63.33863173581847,-18.14255100006774],[-63.331694897546264,-18.152262573648827],[-63.32857332032378,-18.165789408279622],[-63.325798585014894,-18.178622559083195],[-63.32337069161962,-18.18937465840511],[-63.31712753717464,-18.204288860690347],[-63.31504648569298,-18.21469411809865],[-63.310884382729654,-18.221977798284463],[-63.30360070254385,-18.24105410353302],[-63.29284860322193,-18.26047725069519],[-63.28938018408583,-18.280940923598187],[-63.29250176130832,-18.299323545019526],[-63.287299132604154,-18.309035118600605],[-63.28417755538167,-18.323255637058622],[-63.2786280847639,-18.34510667761606],[-63.27342545605975,-18.37077297922321],[-63.27342545605975,-18.39470507126231],[-63.27238493031892,-18.403376119102564],[-63.2716912464917,-18.41274085077004],[-63.27030387883726,-18.427308211141664],[-63.26961019501004,-18.437019784722747],[-63.268916511182816,-18.44638451639022],[-63.26406072439227,-18.466154505466],[-63.2612859890834,-18.476212920960695],[-63.25920493760174,-18.49216764898676],[-63.25747072803368,-18.504653957876727],[-63.25504283463841,-18.51956816016196],[-63.254695992724805,-18.528239208002212],[-63.25365546698397,-18.536563413928857],[-63.254522571768,-18.550263669516458],[-63.25521625559522,-18.561189189795176],[-63.25417572985439,-18.575062866339582],[-63.25313520411356,-18.586682070445523],[-63.25157441550231,-18.603503903255614],[-63.252268099329534,-18.611481267268648],[-63.25313520411356,-18.616857316929604],[-63.256430202292854,-18.626048627640273],[-63.26024546334257,-18.628129679121933]]}},{"type":"Feature","properties":{"average_dip":"(7.0,,)","catalog_id":"SA_410","catalog_name":"SARA","dip_dir":"W","downthrown_side_id":"E","lower_seis_depth":"(nan,,)","name":"Mandeyapecua","net_slip_rate":"(7.0,,)","slip_type":"Reverse","upper_seis_depth":"(nan,,)"},"geometry":{"type":"LineString","coordinates":[[-63.264684580868746,-18.90664182500805],[-63.2581134776693,-18.941497241979032],[-63.25325657530449,-18.954639448377925],[-63.23982866876649,-18.99235186673997],[-63.23754306765364,-19.006351173556183],[-63.23525746654079,-19.028350084267377],[-63.235543166679896,-19.03892098941431],[-63.23497176640168,-19.0517774956741],[-63.23068626431508,-19.06777670346406],[-63.23011486403687,-19.076633407776356],[-63.225829361950275,-19.103774920991462],[-63.22125815972458,-19.11691712739036],[-63.21611555722066,-19.134344835875847],[-63.21240145541228,-19.14377294046636],[-63.211544354994956,-19.15234394463955],[-63.208973053743,-19.16577185117755],[-63.20697315276925,-19.17434285535074],[-63.204687551656406,-19.18005685813287],[-63.1949737469268,-19.24833919137931],[-63.190973944979305,-19.276909205289947],[-63.18754554331003,-19.29462261391454],[-63.18583134247539,-19.332335032276585],[-63.18640274275361,-19.346620039231905],[-63.182402940806114,-19.366619048969355],[-63.17554613746756,-19.420902075399567],[-63.17211773579829,-19.439186884302377],[-63.16297533134688,-19.49918391351472],[-63.15440432717369,-19.520325723808593],[-63.145261922722284,-19.555752541057785],[-63.131548316045176,-19.572894549404168],[-63.12469151270662,-19.58489395524664],[-63.120120310480914,-19.593322109350275],[-63.11869180978538,-19.600464612827935],[-63.11840610964628,-19.612606868739956],[-63.11769185929851,-19.627748976112596],[-63.11769185929851,-19.637462780842213],[-63.11669190881164,-19.648747936336914],[-63.11640620867254,-19.65446193911904],[-63.11069220589041,-19.66517569433553],[-63.10912085512532,-19.670889697117662],[-63.10754950436024,-19.694317108524388],[-63.10612100366471,-19.712601917427197],[-63.101835501578115,-19.73031532605179],[-63.102121201717225,-19.746314533841748],[-63.09983560060437,-19.785455452899324],[-63.09869280004795,-19.795454957768047],[-63.09383589768314,-19.81345406653175],[-63.088121894901015,-19.831453175295454],[-63.08383639281442,-19.845738182250773],[-63.08212219197978,-19.856594787536817],[-63.0832649925362,-19.86430869129269],[-63.07412258808483,-19.932019624260903],[-63.084407793092666,-19.959446837615115],[-63.085550593649096,-20.000587657646438],[-63.06098038168592,-20.048013880738093],[-63.05698057973843,-20.05629918477218],[-63.05298077779094,-20.068298590614646],[-63.05212367737362,-20.076298194509626],[-63.046981074869706,-20.095154403690646],[-63.046695374730604,-20.107439509672222],[-63.047838175287026,-20.117439014540945],[-63.04412407347867,-20.13000982066163],[-63.04469547375688,-20.13715232413929],[-63.04469547375688,-20.14343772719963],[-63.04126707208761,-20.149151729981757],[-63.03812437055744,-20.15686563373763],[-63.03698157000101,-20.167436538884566],[-63.038981470974754,-20.176007543057757],[-63.04469547375688,-20.18772124876112],[-63.05098087681723,-20.194578052099672],[-63.05840908043399,-20.20114915529912],[-63.06040898140774,-20.21143436030695],[-63.056123479321144,-20.222862365871205],[-63.054980678764714,-20.23114766990529],[-63.055552079042926,-20.23457607157457],[-63.05726627987757,-20.238004473243844],[-63.05526637890382,-20.244861276582398],[-63.054123578347394,-20.248861078529888],[-63.05383787820829,-20.254003681033804],[-63.054123578347394,-20.2628603853461],[-63.0544092784865,-20.27000288882376],[-63.05183797723454,-20.27971669355338],[-63.05212367737365,-20.290573298839423],[-63.04498117389599,-20.300287103569037],[-63.037267270140134,-20.304715455725194],[-63.03241036777532,-20.307572457116258],[-63.028981966106045,-20.311572259063745],[-63.02398221367169,-20.31400071024615],[-63.02283941311526,-20.317857662124087],[-63.02383936360213,-20.32071466351515],[-63.022125162767495,-20.325428715810407],[-63.02155376248928,-20.33042846824477],[-63.02355366346303,-20.337285271583323],[-63.031124717149346,-20.338856622348406],[-63.038695770835666,-20.344856325269642],[-63.04355267320047,-20.35514153027747],[-63.04112422201807,-20.36442678479843],[-63.03455311881862,-20.372854938902066],[-63.03398171854041,-20.378568941684193],[-63.0245536139499,-20.386711395648728],[-63.01212565789877,-20.389996947248452],[-63.00998290685547,-20.39271109856996],[-63.008697256229496,-20.396425200378346],[-63.00841155609039,-20.40156780288226],[-63.008268706020836,-20.403139153647345],[-63.00841155609039,-20.406710405386175],[-63.00941150657726,-20.41185300789009],[-63.00812585595128,-20.415709959768026],[-63.008697256229496,-20.420424012063283],[-63.01055430713368,-20.423423863523897],[-63.01084000727279,-20.427709365610493],[-63.01255420810743,-20.431423467418877],[-63.012839908246534,-20.434994719157707],[-63.0135541585943,-20.43999447159207],[-63.01426840894208,-20.44385142347001],[-63.01469695915074,-20.44599417451331],[-63.01312560838566,-20.448851175904373],[-63.012411358037895,-20.451565327225886],[-63.012125657898785,-20.454850878825606],[-63.011268557481465,-20.457850730286225],[-63.010840007272805,-20.460850581746843],[-63.009982906855484,-20.463279032929247],[-63.00955435664683,-20.46870733557227],[-63.00926865650772,-20.473564237937076],[-63.00798300588174,-20.476564089397694],[-63.003268953586485,-20.482706642388482],[-63.003126103516934,-20.48670644433597],[-63.00241185316917,-20.4902776960748],[-63.00226900309961,-20.49342039760497],[-62.99984055191721,-20.496705949204696],[-62.99541219976106,-20.504277002891012],[-62.99541219976106,-20.508848205116717],[-62.996126450108825,-20.515133608177056],[-62.995269349691505,-20.525275963115334],[-62.99441224927419,-20.531418516106122],[-62.99412654913508,-20.537418219027355],[-62.995269349691505,-20.542417971461717],[-62.996126450108825,-20.547132023756973],[-62.995697899900165,-20.548989074661165],[-62.9971264005957,-20.554131677165078],[-63.00069765233453,-20.558845729460334],[-63.00098335247364,-20.565559682729333],[-63.00212615303006,-20.57155938565057],[-63.00241185316917,-20.57870188912823],[-63.00241185316917,-20.58684434309276],[-63.00241185316917,-20.592558345874888],[-63.0016976028214,-20.596843847961484],[-63.003268953586485,-20.60612910248244],[-63.00755445567308,-20.607414753108422],[-63.00941150657727,-20.61627145742072],[-63.00826870602085,-20.626270962289443],[-63.00712590546443,-20.63212781514113],[-63.00798300588175,-20.63627046715817],[-63.00984005678594,-20.638556068271022],[-63.01141140755102,-20.64112736952298],[-63.011554257620574,-20.645412871609576],[-63.00941150657728,-20.648127022931085],[-63.00955435664683,-20.651698274669915],[-63.00869725622951,-20.655269526408745],[-63.00784015581219,-20.660983529190876],[-63.00855440615996,-20.663697680512385],[-63.01098285734236,-20.666411831833894],[-63.01126855748147,-20.669411683294513],[-63.01355415859432,-20.673554335311554],[-63.01398270880298,-20.676554186772172],[-63.01469695915075,-20.680839688858768],[-63.014125558872536,-20.684553790667152],[-63.013411308524766,-20.687839342266876],[-63.012554208107446,-20.69255339456213],[-63.014125558872536,-20.696838896648725],[-63.01612545984628,-20.698124547274706],[-63.01612545984628,-20.700695848526664],[-63.01541120949851,-20.703981400126388],[-63.01541120949851,-20.70955255283896],[-63.01669686012449,-20.71312380457779],[-63.01812536082002,-20.715980805968854],[-63.01855391102868,-20.718409257151258],[-63.020125261793766,-20.722694759237854],[-63.0236965135326,-20.726694561185344],[-63.026839215062765,-20.72783736174177],[-63.02969621645383,-20.731265763411045],[-63.0304104668016,-20.733694214593452],[-63.03141041728847,-20.736551215984516],[-63.03083901701026,-20.73955106744513],[-63.03112471714936,-20.740979568140663],[-63.03098186707981,-20.743408019323066],[-63.03155326735802,-20.74655072085324],[-63.03241036777534,-20.748693471896537],[-63.03255321784489,-20.7515504732876],[-63.03269606791445,-20.7536932243309],[-63.03226751770579,-20.756550225721963],[-63.03312461812312,-20.75883582683481],[-63.03498166902731,-20.761692828225875],[-63.03626731965329,-20.763264178990962],[-63.03655301979239,-20.76597833031247],[-63.03655301979239,-20.76812108135577],[-63.03726727014016,-20.76983528219041],[-63.03698157000105,-20.77212088330326],[-63.037124420070604,-20.774549334485666],[-63.037981520487925,-20.77612068525075],[-63.03726727014016,-20.779406236850473],[-63.037410120209714,-20.781263287754665],[-63.037838670418374,-20.783406038797963],[-63.037981520487925,-20.786548740328133],[-63.038552920766136,-20.789262891649642],[-63.038981470974804,-20.79240559317981],[-63.04055282173989,-20.793691243805792],[-63.04090994691377,-20.795262594570875],[-63.04212417250498,-20.796762520301186],[-63.04255272271363,-20.800762322248673],[-63.04283842285274,-20.801976547839875],[-63.04369552327006,-20.80419072391795],[-63.04398122340916,-20.8052620994396],[-63.04369552327006,-20.806190624891695],[-63.04398122340916,-20.807047725309015],[-63.045052598930816,-20.8086190760741],[-63.045052598930816,-20.81033327690874],[-63.04533829906992,-20.811618927534717],[-63.04526687403514,-20.81469020403011],[-63.04490974886126,-20.8174757803864],[-63.04512402396559,-20.819261406255812],[-63.045409724104694,-20.8208327570209],[-63.045052598930816,-20.822546957855536],[-63.043909798374386,-20.824475433794504],[-63.0399099964269,-20.827903835463783],[-63.038695770835695,-20.829332336159315],[-63.03883862090525,-20.830760836854846],[-63.03905289600958,-20.8321179125156],[-63.03891004594003,-20.833260713072026],[-63.03883862090525,-20.835403464115323],[-63.03962429628779,-20.837260515019516],[-63.04055282173989,-20.838474740610717],[-63.04133849712243,-20.839831816271474],[-63.04090994691377,-20.841403167036557],[-63.04062424677466,-20.842760242697313],[-63.0399099964269,-20.843974468288515],[-63.039124321044355,-20.84576009415793],[-63.038981470974804,-20.846974319749133],[-63.03933859614869,-20.84847424547944],[-63.0399099964269,-20.850117021279303],[-63.03976714635735,-20.85168837204439],[-63.040195696566,-20.853045447705142],[-63.040267121600785,-20.854045398192017],[-63.040195696566,-20.85568817399188],[-63.040409971670336,-20.857402374826517],[-63.039838571392124,-20.858688025452494],[-63.0399099964269,-20.861045051600122],[-63.039838571392124,-20.86304495257387],[-63.0399099964269,-20.8644734532694],[-63.04062424677466,-20.8666162043127],[-63.04062424677466,-20.86975890584287],[-63.04133849712243,-20.87347300765125],[-63.042481297678854,-20.876972834355303],[-63.045838274313354,-20.881329761476678],[-63.04733820004366,-20.885615263563274],[-63.05026662646951,-20.887472314467463],[-63.05198082730414,-20.89004361571942],[-63.05255222758235,-20.893114892214815],[-63.053409327999674,-20.894543392910347],[-63.053837878208334,-20.897757519475295],[-63.05533780393864,-20.900900221005465],[-63.05748055498194,-20.903400097222644],[-63.05733770491239,-20.90582854840505],[-63.05798053022538,-20.907399899170134],[-63.05840908043404,-20.909685500282986],[-63.058480505468815,-20.912471076639275],[-63.05783768015583,-20.914970952856454],[-63.05783768015583,-20.91654230362154],[-63.05783768015583,-20.9191136048735],[-63.05769483008627,-20.922042031299345],[-63.057766255121045,-20.92361338206443],[-63.058480505468815,-20.926256108351165],[-63.05919475581658,-20.928113159255357],[-63.06048040644256,-20.931541560924632],[-63.06119465679033,-20.93375573700271],[-63.06033755637301,-20.93725556370676],[-63.06026613133823,-20.939469739784837],[-63.060980381685994,-20.94182676593246],[-63.06062325651211,-20.943255266627997],[-63.06105180672077,-20.945969417949506],[-63.062408882381526,-20.947040793471153],[-63.06276600755541,-20.948754994305794],[-63.06262315748586,-20.950469195140432],[-63.06305170769451,-20.95218339597507],[-63.06455163342483,-20.95382617177493],[-63.065194458737814,-20.95532609750524],[-63.065908709085576,-20.956468898061665],[-63.06655153439857,-20.958254523931082],[-63.06698008460723,-20.959897299730944],[-63.06819431019843,-20.96182577566991],[-63.068265735233204,-20.962825726156783],[-63.06848001033754,-20.96389710167843],[-63.069122835650525,-20.966539827965168],[-63.069551385859185,-20.968825429078016],[-63.07140843676338,-20.97168243046908],[-63.071622711867704,-20.974396581790593],[-63.07119416165905,-20.976682182903442],[-63.07155128683293,-20.977896408494644],[-63.071622711867704,-20.97968203436406],[-63.07183698697204,-20.981896210442134],[-63.07233696221547,-20.983181861068115],[-63.072479812285025,-20.984681786798422],[-63.073336912702345,-20.98625313756351],[-63.07490826346743,-20.989038713919793],[-63.076693889336845,-20.991752865241306],[-63.07605106402386,-20.99332421600639],[-63.074622563328326,-20.995466967049687],[-63.07305121256324,-20.999252493892847],[-63.07326548766757,-21.00218092031869],[-63.07269408738936,-21.00403797122288],[-63.07219411214592,-21.005609321987965],[-63.07140843676338,-21.008609173448583],[-63.06990851103307,-21.01075192449188],[-63.068265735233204,-21.01246612532652],[-63.06769433495499,-21.014608876369817],[-63.0667658095029,-21.016537352308784],[-63.06498018363349,-21.018394403212977],[-63.063051707694534,-21.01839440321298],[-63.06333740783364,-21.02153710474315],[-63.064623058459624,-21.023108455508236],[-63.065480158876944,-21.024679806273323],[-63.065337308807386,-21.02696540738617],[-63.065480158876944,-21.028536758151258],[-63.06576585901605,-21.031108059403216],[-63.066480109363816,-21.03410791086383],[-63.06676580950292,-21.039250513367747],[-63.0659087090856,-21.043107465245683],[-63.063480257903194,-21.046250166775856],[-63.0637659580423,-21.049821418514686],[-63.064051658181405,-21.0549640210186],[-63.064480208390066,-21.05982092338341],[-63.065480158876944,-21.063677875261344],[-63.066051559155156,-21.06796337734794],[-63.0680514601289,-21.07096322880856],[-63.06962281089398,-21.074105930338728],[-63.07005136110264,-21.07824858235577],[-63.071622711867725,-21.080962733677282],[-63.072051262076386,-21.084391135346557],[-63.07019421117219,-21.088533787363602],[-63.06762290992024,-21.092390739241537],[-63.06748005985069,-21.09881899237143],[-63.06919426068532,-21.104247295014453],[-63.06848001033756,-21.1086756471706],[-63.06748005985069,-21.113389699465856],[-63.066480109363816,-21.120103652734855],[-63.06719435971158,-21.127103306142963],[-63.0680514601289,-21.13238875871643],[-63.06905141061577,-21.136674260803026]]}},{"type":"Feature","properties":{"average_dip":"(7.0,,)","catalog_id":"SA_411","catalog_name":"SARA","lower_seis_depth":"(nan,,)","net_slip_rate":"(5.0,,)","slip_type":"Reverse","upper_seis_depth":"(nan,,)"},"geometry":{"type":"LineString","coordinates":[[-63.39760657058811,-21.56022471702824],[-63.39874937114453,-21.57450972398356],[-63.399320771422744,-21.58479492899139],[-63.399892171700955,-21.59907993594671],[-63.40182064763993,-21.607650940119896],[-63.40267774805725,-21.611650742067383],[-63.40610614972653,-21.615221993806212],[-63.406391849865635,-21.62286447252731],[-63.40982025153491,-21.629864125935416],[-63.418176980603775,-21.634792453335002],[-63.42039115668185,-21.642077806882217],[-63.417891280464666,-21.654934313142004],[-63.41681990494302,-21.659934065576365],[-63.414820003969275,-21.665576643323714],[-63.41339150327374,-21.671076371001515],[-63.414391453760615,-21.675933273366322],[-63.41710560508213,-21.680075925383363],[-63.41589137949092,-21.68878977962611],[-63.410891627056564,-21.695575157929888],[-63.40824890076983,-21.699574959877378],[-63.4080346256655,-21.707146013563694],[-63.408213188252425,-21.709003064467886],[-63.409498838878406,-21.71271716627627],[-63.412712965443355,-21.71593129284122],[-63.412855815512906,-21.721859570727677],[-63.41299866558246,-21.727930698683686],[-63.413570065860675,-21.736287427752547],[-63.417784142912495,-21.74550125723873],[-63.41949834374713,-21.75050100967309],[-63.420426869199225,-21.75471508672491],[-63.42256962024253,-21.760571939576593],[-63.42235534513819,-21.766785917602157],[-63.42106969451221,-21.771142844723528],[-63.418712668364584,-21.777713947922976],[-63.41921264360803,-21.78621352706139],[-63.42178394485998,-21.79142755460008],[-63.428712173233315,-21.804569760998977],[-63.430283523998405,-21.817283417189213],[-63.428569323163764,-21.82885427282302],[-63.42685512232912,-21.841996479221915],[-63.42771222274644,-21.8524245342993],[-63.4281407729551,-21.860281288124725],[-63.429997823859296,-21.868995142367467],[-63.43185487476349,-21.88656570092251],[-63.43271197518081,-21.897279456139003],[-63.437997427754276,-21.905993310381746],[-63.44699698213613,-21.913992914276726],[-63.45771073735261,-21.92184966810215],[-63.47256714458615,-21.937991725961655],[-63.475995546255426,-21.947134130413062],[-63.475709846116324,-21.961990537646592],[-63.47685264667275,-21.97513274404549],[-63.48056674848113,-21.991131951835445],[-63.48742355181968,-22.00913106059915],[-63.49313755460181,-22.024558868110894],[-63.49970865780126,-22.033701272562297],[-63.507136861418026,-22.0471291791003],[-63.52285036906888,-22.067128188837746],[-63.54056377769347,-22.076841993567363],[-63.54913478186666,-22.082841696488597],[-63.558562886457175,-22.09226980107911],[-63.56041993736137,-22.100269404974092],[-63.56199128812645,-22.10541200747801],[-63.56413403916975,-22.112125960747008],[-63.566848190491264,-22.12169691540707],[-63.57256219327339,-22.139124623892563],[-63.57813334598596,-22.15112402973503],[-63.58499014932452,-22.16412338606437],[-63.59127555238486,-22.171980139889797],[-63.59413255377592,-22.17755129260237],[-63.596561004958325,-22.182551045036732],[-63.60256070787956,-22.1921219996968],[-63.6088461109399,-22.198264552687583],[-63.61698856490443,-22.209121157973627],[-63.62555956907762,-22.222834764650734],[-63.62984507116422,-22.228691617502417],[-63.632844922624834,-22.23154861889348],[-63.63455912345947,-22.236619796362607],[-63.63613047422456,-22.23804829705814],[-63.63670187450277,-22.240905298449203],[-63.63827322526785,-22.244833675361917],[-63.64020170120682,-22.249047752413734],[-63.64120165169369,-22.25019055297016],[-63.64284442749356,-22.254118929882875],[-63.643915803015204,-22.25654738106528],[-63.64641567923238,-22.26097573322143],[-63.648558430275685,-22.264832685099364],[-63.650629756284204,-22.26826108676864],[-63.65220110704929,-22.271118088159703],[-63.65477240830125,-22.275475015281078],[-63.656272334031556,-22.278689141846023],[-63.66012928590949,-22.283688894280385],[-63.66412908785698,-22.289902872305948],[-63.66555758855251,-22.29475977467076],[-63.66934311539567,-22.30411645422649],[-63.673342917343156,-22.311544657843278],[-63.67619991873422,-22.318687161320938],[-63.680199720681706,-22.325686814729043],[-63.6844852227683,-22.33268646813715],[-63.68962782527222,-22.345828674536044],[-63.693913327358814,-22.356256729613428],[-63.69705602888899,-22.366399084551706],[-63.7000558803496,-22.375827189142214],[-63.7021986313929,-22.383826793037194],[-63.70791263417503,-22.403968652844195]]}},{"type":"Feature","properties":{"average_dip":"(10.0,,)","catalog_id":"SA_412","catalog_name":"SARA","dip_dir":"W","downthrown_side_id":"E","lower_seis_depth":"(nan,,)","net_slip_rate":"(7.0,,)","slip_type":"Reverse","upper_seis_depth":"(nan,,)"},"geometry":{"type":"LineString","coordinates":[[-65.84855324365826,-16.586097912742233],[-65.83398588328663,-16.594075276755266],[-65.82566167735999,-16.598584221632198],[-65.81144115890197,-16.60448053416357],[-65.79964853383923,-16.60760211138606],[-65.79167116982619,-16.609683162867725],[-65.78473433155399,-16.612111056262997],[-65.76635171013265,-16.616966843053536],[-65.75698697846518,-16.62320999749852],[-65.75005014019297,-16.629799993857112],[-65.74588803722965,-16.635349464474874],[-65.74276646000716,-16.640898935092636],[-65.72776554724354,-16.647055379059214],[-65.72230278710418,-16.65243142872017],[-65.71814068414086,-16.657113794553908],[-65.716233053616,-16.66127589751723],[-65.71328489735032,-16.66613168430777],[-65.71155068778226,-16.671160892055116],[-65.7060012171645,-16.678617993197737],[-65.70027832558993,-16.686421936253964],[-65.69455543401537,-16.689543513476455],[-65.68952622626801,-16.695439826007828],[-65.68415017660706,-16.702896927150444],[-65.67599939163722,-16.70914008159543],[-65.67044992101947,-16.71364902647236],[-65.66715492284017,-16.71573007795402],[-65.66247255700642,-16.71885165517651],[-65.6581370330863,-16.723187179096637],[-65.64998624811646,-16.728736649714403],[-65.6482520385484,-16.732725331720918],[-65.64374309367147,-16.735673487986602],[-65.63784678114011,-16.73931532807951],[-65.62735481325339,-16.742610326258806],[-65.62171863215723,-16.745211640610883],[-65.62111165880842,-16.747899665441363],[-65.61929073876196,-16.75119466362066],[-65.61608245106106,-16.75466308275676],[-65.61200705857614,-16.757697949500848],[-65.6071512717856,-16.761339789593755],[-65.60515693078234,-16.762380315334585],[-65.60272903738708,-16.764201235381037],[-65.59865364490216,-16.766455707819503],[-65.59492509433085,-16.76931715360679],[-65.59258391141398,-16.773565967048512],[-65.5901560180187,-16.778768595752663],[-65.58798825605864,-16.785445302589658],[-65.58712115127462,-16.790040957944992],[-65.586774309361,-16.810071078455977],[-65.58226536448407,-16.82012949395067],[-65.57532852621188,-16.828106857963704],[-65.5690853717669,-16.83539053814952],[-65.56561695263079,-16.838858957285623],[-65.56336248019232,-16.842587507856933],[-65.55946050866422,-16.847269873690667],[-65.55174327608638,-16.85316618622204],[-65.54740775216627,-16.85715486822856],[-65.53943038815324,-16.85958276162383],[-65.53318723370825,-16.86313789123833],[-65.52642381639285,-16.870421571424146],[-65.52564342208723,-16.875884331563505],[-65.51974710955585,-16.88568261562299],[-65.51194316649962,-16.891925770067974],[-65.50795448449311,-16.890191560499925],[-65.49928343665286,-16.890364981456727],[-65.49217317742385,-16.890278270978325],[-65.4870572591981,-16.889931429064717],[-65.48072739427471,-16.890971954805547],[-65.46954174256079,-16.894266952984843],[-65.45844280132526,-16.896954977815323],[-65.44985846396341,-16.90172405412746],[-65.44647675530571,-16.90579944661238],[-65.4397133379903,-16.918112334545537],[-65.43607149789739,-16.92574285664496],[-65.43104229015005,-16.933199957787576],[-65.42219782135298,-16.94568626667754],[-65.40797730289496,-16.958172575567506],[-65.39670494070263,-16.96719046532137],[-65.39028836530085,-16.97360704072316],[-65.37173232292271,-16.981410983779387],[-65.36184732838481,-16.98383887717466],[-65.35907259307594,-16.988174401094785],[-65.3510952290629,-16.998059395632673],[-65.33479365912322,-17.00274176146641],[-65.32646945319658,-17.00673044347293],[-65.3167578796155,-17.013493860788326],[-65.30878051560246,-17.021297803844554],[-65.2929992085332,-17.032223324123272],[-65.28536868643378,-17.038813320481864],[-65.27669763859353,-17.05095278745822],[-65.26629238118522,-17.065866989743455],[-65.2447881825414,-17.072456986102047],[-65.2312613479106,-17.08182171776952]]}},{"type":"Feature","properties":{"average_dip":"(10.0,,)","catalog_id":"SA_413","catalog_name":"SARA","dip_dir":"W","downthrown_side_id":"E","lower_seis_depth":"(nan,,)","net_slip_rate":"(6.0,,)","slip_type":"Reverse","upper_seis_depth":"(nan,,)"},"geometry":{"type":"LineString","coordinates":[[-66.22409632561966,-16.122240208527863],[-66.21889369691552,-16.12484152287994],[-66.21299738438414,-16.12553520670716],[-66.2083150185504,-16.126055469577576],[-66.19947054975334,-16.12987073062729],[-66.1979097611421,-16.132472044979362],[-66.19669581444445,-16.13542020124505],[-66.18975897617226,-16.137674673683517],[-66.18490318938171,-16.137848094640322],[-66.1805676654616,-16.140449408992396],[-66.17900687685034,-16.143744407171692],[-66.1777929301527,-16.145998879610158],[-66.17623214154146,-16.149640719703065],[-66.17623214154146,-16.152242034055142],[-66.17137635475092,-16.157271241802487],[-66.17016240805329,-16.16178018667942],[-66.16894846135565,-16.16854360399482],[-66.16790793561482,-16.175133600353412],[-66.1672142517876,-16.179122282359927],[-66.16634714700358,-16.184498332020883],[-66.16530662126274,-16.1884870140274],[-66.16513320030593,-16.192995958904334],[-66.1604508344722,-16.202707532485416],[-66.15334057524319,-16.20999121267123],[-66.14605689505738,-16.212939368936915],[-66.14154795018045,-16.214846999461773],[-66.13617190051949,-16.215887525202604],[-66.12854137842007,-16.217795155727458],[-66.12177796110467,-16.218488839554677],[-66.11692217431413,-16.219009102425094],[-66.1129334923076,-16.22091673294995],[-66.10842454743067,-16.224211731129245],[-66.105476391165,-16.22681304548132],[-66.09732560619516,-16.228200413135763],[-66.09299008227502,-16.229067517919788],[-66.08934824218213,-16.229934622703812],[-66.08449245539158,-16.23149541131506],[-66.08137087816908,-16.233229620883108],[-66.07842272190341,-16.237911986716846],[-66.07304667224244,-16.241900668723364],[-66.07044535789036,-16.24484882498905],[-66.06576299205663,-16.249010927952373],[-66.06298825674774,-16.251612242304446],[-66.05605141847555,-16.25750855483582],[-66.05518431369153,-16.264445393108023],[-66.05570457656194,-16.273463282861886],[-66.04703352872168,-16.280226700177284],[-66.03888274375184,-16.28109380496131],[-66.03454721983172,-16.28282801452936],[-66.0270901186891,-16.286469854622265],[-66.02206091094175,-16.288897748017536],[-66.01113539066303,-16.29687511203057],[-66.00575934100208,-16.300690373080286],[-66.00220421138756,-16.303291687432363],[-65.99864908177307,-16.305372738914024],[-65.99483382072334,-16.308754447571722],[-65.99075842823844,-16.311182340966994],[-65.98711658814553,-16.31343681340546],[-65.98520895762067,-16.31586470680073],[-65.97879238221888,-16.31959325737204],[-65.97541067356119,-16.323061676508143],[-65.97202896490349,-16.32679022707945],[-65.96968778198662,-16.3284377261691],[-65.96847383528898,-16.33216627674041],[-65.96691304667773,-16.336241669225327],[-65.96483199519608,-16.33971008836143],[-65.96457186376087,-16.34248482367031],[-65.9624908122792,-16.344652585630374],[-65.95954265601353,-16.346820347590437],[-65.95616094735583,-16.349855214334525],[-65.95130516056528,-16.35315021251382],[-65.94965766147563,-16.35783257834756],[-65.94150687650578,-16.365679876642993],[-65.93985937741613,-16.36732737573264],[-65.93656437923683,-16.37079579486874],[-65.93396306488476,-16.373743951134426],[-65.93006109335664,-16.37859973792497],[-65.92928069905102,-16.381981446582667],[-65.92641925326373,-16.386663812416405],[-65.92598570087172,-16.38917841629008],[-65.9252920170445,-16.39308038781819],[-65.9218235979084,-16.39568170217027],[-65.91809504733709,-16.39880327939276],[-65.91540702250661,-16.404005908096913],[-65.91306583958975,-16.409902220628286],[-65.90968413093205,-16.41527827028924],[-65.90847018423442,-16.420480898993393],[-65.90864360519122,-16.431232998315306],[-65.89962571543735,-16.446494042514153],[-65.89927887352374,-16.452390355045527],[-65.89754466395568,-16.457592983749677]]}},{"type":"Feature","properties":{"average_dip":"(10.0,,)","catalog_id":"SA_414","catalog_name":"SARA","dip_dir":"W","downthrown_side_id":"E","lower_seis_depth":"(nan,,)","net_slip_rate":"(5.0,,)","slip_type":"Reverse","upper_seis_depth":"(nan,,)"},"geometry":{"type":"LineString","coordinates":[[-66.57544718410668,-15.342539586732277],[-66.57284586975462,-15.347915636393235],[-66.57076481827295,-15.353118265097386],[-66.56521534765518,-15.36074878719681],[-66.55238219685161,-15.364910890160132],[-66.54440483283858,-15.364390627289715],[-66.53278562873264,-15.36144247102403],[-66.52290063419476,-15.365777994944157],[-66.5176980054906,-15.370286939821089],[-66.51266879774325,-15.376356673309266],[-66.5071193271255,-15.384160616365495],[-66.50261038224856,-15.392658243248944],[-66.50139643555092,-15.399595081521145],[-66.50000906789649,-15.407052182663763],[-66.49896854215565,-15.415896651460823],[-66.49862170024204,-15.427342434609956],[-66.5003559098101,-15.436186903407016],[-66.50278380320536,-15.443123741679218],[-66.50313064511897,-15.448846633253785],[-66.50330406607577,-15.456997418223624],[-66.50365090798938,-15.462720309798192],[-66.50139643555092,-15.468963464243174],[-66.50191669842134,-15.478501616867453],[-66.49948880502606,-15.487519506621316],[-66.49775459545802,-15.496017133504765],[-66.49532670206274,-15.500872920295308],[-66.49220512484025,-15.50538186517224],[-66.48665565422249,-15.510757914833196],[-66.48145302551833,-15.513359229185273],[-66.47781118542544,-15.515440280666933],[-66.47191487289406,-15.516133964494154],[-66.4596019849609,-15.516480806407763],[-66.44867646468218,-15.513879492055688],[-66.43792436536026,-15.516827648321373],[-66.43116094804486,-15.519082120759839],[-66.4219696373342,-15.522897381809551],[-66.41347201045075,-15.527579747643287],[-66.40653517217855,-15.535383690699517],[-66.40271991112884,-15.543881317582965],[-66.40167938538801,-15.556541047429734],[-66.40219964825842,-15.563651306658743],[-66.40237306921523,-15.571628670671776],[-66.40393385782647,-15.576657878419123],[-66.40566806739452,-15.586369452000207],[-66.4051478045241,-15.594520236970043],[-66.40211293778002,-15.59963615519579],[-66.39751728242469,-15.604578652464737],[-66.38841268219242,-15.612989568869782],[-66.38485755257791,-15.616371277527481],[-66.37991505530897,-15.621227064318022],[-66.37662005712968,-15.626516403500577],[-66.37297821703677,-15.63275955794556],[-66.37133071794712,-15.639262843825751],[-66.36656164163499,-15.644812314443513],[-66.34323652294471,-15.652182705107728],[-66.33387179127723,-15.65426375658939],[-66.32554758535059,-15.655477703287024],[-66.3092460154109,-15.657385333811881],[-66.3019623352251,-15.664322172084084],[-66.2950254969529,-15.671605852269897],[-66.2917304987736,-15.680103479153345],[-66.2917304987736,-15.689121368907209],[-66.29207734068721,-15.694150576654556],[-66.28357971380376,-15.699353205358708],[-66.27664287553156,-15.70282162449481],[-66.27057314204338,-15.707503990328547],[-66.26675788099367,-15.71582819625519],[-66.26380972472798,-15.723805560268223],[-66.26016788463508,-15.72883476801557],[-66.2544449930605,-15.733690554806111],[-66.24924236435636,-15.741060945470316],[-66.24551381378507,-15.743315417908782],[-66.24091815842972,-15.750338966659388],[-66.23831684407764,-15.755975147755553],[-66.23614908211759,-15.758576462107628],[-66.23389460967913,-15.76204488124373],[-66.23129329532705,-15.7678544832967],[-66.2299059276726,-15.773750795828073],[-66.22817171810455,-15.784069342757974],[-66.23033948006461,-15.789878944810944],[-66.23372118872231,-15.79586196782072],[-66.2368427659448,-15.804533015660972],[-66.23736302881522,-15.80817485575388],[-66.23623579259599,-15.814764852112472],[-66.23502184589836,-15.82014090177343],[-66.23692947642321,-15.825863793347997],[-66.23692947642321,-15.83037273822493],[-66.23953079077529,-15.833494315447423],[-66.2431726308682,-15.83852352319477],[-66.24403973565222,-15.843552730942116],[-66.2431726308682,-15.85222377878237],[-66.24143842130015,-15.859507458968183],[-66.2397042117321,-15.864016403845115],[-66.23831684407766,-15.869565874462877],[-66.23502184589836,-15.87546218699425],[-66.23450158302795,-15.881531920482427],[-66.2325939525031,-15.886907970143383],[-66.23016605910782,-15.893324545545171],[-66.2263507980581,-15.898180332335714],[-66.22392290466283,-15.90286269816945],[-66.22080132744034,-15.907024801132772],[-66.21698606639063,-15.911533746009704],[-66.21490501490896,-15.920898477677179],[-66.2090087023776,-15.927661894992577],[-66.2055402832415,-15.933384786567142],[-66.1989502868829,-15.938240573357685],[-66.19392107913556,-15.943443202061838],[-66.19097292286988,-15.94968635650682],[-66.18351582172726,-15.955409248081388],[-66.1781397720663,-15.96303977018081],[-66.17363082718937,-15.966855031230521],[-66.17207003857811,-15.971363976107453],[-66.1750181948438,-15.981422391602148],[-66.17675240441186,-15.987145283176716],[-66.18074108641838,-15.993215016664893],[-66.18195503311601,-16.00067211780751],[-66.18906529234502,-16.010036849474986],[-66.19062608095626,-16.01610658296316],[-66.19808318209888,-16.025471314630636],[-66.20085791740776,-16.03136762716201],[-66.20762133472316,-16.045241303706415],[-66.21334422629772,-16.05824787546679]]}},{"type":"Feature","properties":{"average_dip":"(10.0,,)","catalog_id":"SA_415","catalog_name":"SARA","dip_dir":"W","downthrown_side_id":"E","lower_seis_depth":"(nan,,)","net_slip_rate":"(4.0,,)","slip_type":"Reverse","upper_seis_depth":"(nan,,)"},"geometry":{"type":"LineString","coordinates":[[-67.21935919672391,-14.925809027529725],[-67.2084336764452,-14.925462185616114],[-67.20236394295702,-14.926849553270555],[-67.19941578669133,-14.929797709536242],[-67.19594736755522,-14.933786391542759],[-67.19421315798718,-14.938121915462885],[-67.19386631607357,-14.94141691364218],[-67.19334605320316,-14.94852717287119],[-67.19057131789427,-14.953556380618537],[-67.18571553110372,-14.956504536884221],[-67.17981921857235,-14.958065325495468],[-67.17201527551613,-14.958585588365883],[-67.16681264681198,-14.96084006080435],[-67.16126317619421,-14.967776899076553],[-67.16317080671907,-14.972112422996679],[-67.16022265045338,-14.97766189361444],[-67.15727449418769,-14.980263207966518],[-67.15484660079242,-14.984078469016229],[-67.14947055113147,-14.987373467195525],[-67.14548186912495,-14.993790042597313],[-67.14270713381607,-14.998992671301464],[-67.1366374003279,-15.000726880869514],[-67.12744608961722,-15.00298135330798],[-67.11790793699295,-15.009051086796159],[-67.11773451603614,-15.015467662197945],[-67.11721425316573,-15.019629765161268],[-67.10698241671423,-15.039746596150657],[-67.11010399393672,-15.051712642170205],[-67.10767610054144,-15.060557110967265],[-67.1026468927941,-15.064372372016976],[-67.09154795155857,-15.066800265412247],[-67.085825059984,-15.068881316893908],[-67.0825300618047,-15.076685259950136],[-67.07958190553903,-15.081714467697482],[-67.07611348640292,-15.08535630779039],[-67.07420585587806,-15.08813104309927],[-67.07021717387155,-15.096108407112304],[-67.06900322717391,-15.100617351989236],[-67.06380059846977,-15.104606033995752],[-67.05981191646325,-15.109461820786294],[-67.05721060211117,-15.112583398008786],[-67.0547827087159,-15.116572080015303],[-67.04940665905494,-15.12160128776265],[-67.0445508722644,-15.130098914646098],[-67.04351034652358,-15.13426101760942],[-67.04246982078274,-15.140157330140791],[-67.04299008365315,-15.14761443128341],[-67.04125587408511,-15.15142969233312],[-67.04056219025789,-15.157152583907688],[-67.03952166451705,-15.161488107827816],[-67.03293166815847,-15.165823631747942],[-67.02772903945431,-15.168078104186408],[-67.01801746587323,-15.17328073289056],[-67.0136819419531,-15.176055468199442],[-67.01160089047144,-15.178309940637908],[-67.00865273420575,-15.181258096903594],[-67.00518431506966,-15.18420625316928],[-67.00223615880397,-15.187327830391771],[-66.99738037201342,-15.190622828571067],[-66.99425879479094,-15.19270388005273],[-66.98888274512997,-15.194958352491195],[-66.98576116790748,-15.199120455454516],[-66.982639590685,-15.202415453633812],[-66.9795180134625,-15.210739659560456],[-66.97570275241279,-15.218370181659878],[-66.97171407040628,-15.221665179839176],[-66.96685828361574,-15.225480440888887],[-66.96009486630034,-15.228428597154574],[-66.95662644716423,-15.233631225858725],[-66.95784039386187,-15.239874380303707],[-66.95627960525061,-15.24611753474869],[-66.9519440813305,-15.24889227005757],[-66.94674145262634,-15.247331481446325],[-66.94032487722455,-15.24681121857591],[-66.93338803895236,-15.248025165273546],[-66.93026646172986,-15.249585953884791],[-66.92541067493931,-15.250106216755206],[-66.92246251867363,-15.253227793977699],[-66.9177801528399,-15.259470948422681],[-66.91691304805587,-15.262245683731562],[-66.91361804987658,-15.262419104688366],[-66.91049647265409,-15.265020419040443],[-66.9075483163884,-15.268488838176545],[-66.90303937151147,-15.27143699444223],[-66.90043805715939,-15.276119360275967],[-66.89523542845524,-15.278894095584848],[-66.89142016740553,-15.28201567280734],[-66.88621753870137,-15.285830933857051],[-66.88448332913333,-15.289646194906762],[-66.8836162243493,-15.29710329604938],[-66.88292254052207,-15.302132503796727],[-66.87771991181793,-15.305080660062414],[-66.87563886033627,-15.306468027716855],[-66.87407807172502,-15.308549079198515],[-66.87112991545933,-15.310630130680176],[-66.86956912684809,-15.312711182161838],[-66.86783491728004,-15.315312496513913],[-66.86211202570547,-15.316526443211549],[-66.85847018561256,-15.319127757563624],[-66.85448150360605,-15.322943018613335],[-66.85153334734036,-15.328839331144708],[-66.8492788749019,-15.333868538892055],[-66.84719782342023,-15.336296432287327],[-66.8426888785433,-15.340458535250649],[-66.8426888785433,-15.344447217257166],[-66.84303572045691,-15.350343529788537],[-66.84216861567289,-15.354679053708663],[-66.84130151088887,-15.35832089380157],[-66.84026098514803,-15.361962733894478],[-66.83765967079596,-15.365951415900994],[-66.83419125165986,-15.36855273025307],[-66.83072283252375,-15.372541412259586],[-66.82933546486932,-15.376183252352494],[-66.82604046669002,-15.377917461920543],[-66.8253467828628,-15.3832935115815],[-66.82326573138114,-15.387455614544823],[-66.82031757511545,-15.390230349853704],[-66.81684915597936,-15.395259557601053],[-66.81598205119533,-15.399768502477984],[-66.81355415780006,-15.40410402639811],[-66.81077942249118,-15.410867443713508],[-66.81077942249118,-15.41537638859044],[-66.80973889675035,-15.420752438251398],[-66.80783126622549,-15.42526138312833],[-66.80384258421897,-15.429596907048456],[-66.8008944279533,-15.433412168098167],[-66.79985390221246,-15.436707166277463],[-66.79655890403316,-15.439135059672735],[-66.79517153637872,-15.443297162636057],[-66.7943044315947,-15.445204793160912]]}},{"type":"Feature","properties":{"average_dip":"(10.0,,)","catalog_id":"SA_416","catalog_name":"SARA","dip_dir":"W","downthrown_side_id":"E","lower_seis_depth":"(nan,,)","net_slip_rate":"(3.0,,)","slip_type":"Reverse","upper_seis_depth":"(nan,,)"},"geometry":{"type":"LineString","coordinates":[[-67.88802708195786,-14.150948734477822],[-67.88295590448872,-14.152305810138579],[-67.87959892785422,-14.15394858593844],[-67.87652765135883,-14.15523423656442],[-67.87238499934179,-14.15709128746861],[-67.86917087277683,-14.158734063268472],[-67.86752809697697,-14.16066253920744],[-67.86352829502948,-14.163519540598504],[-67.85295738988255,-14.162876715285515],[-67.84917186303939,-14.161876764798642],[-67.84481493591801,-14.162162464937749],[-67.8408865590053,-14.16294814032029],[-67.83274410504077,-14.16716221737211],[-67.82681582715432,-14.171733419597812],[-67.819244773468,-14.179875873562345],[-67.81217369502511,-14.18416137564894],[-67.8073167926603,-14.188875427944197],[-67.80417409113014,-14.19658933170007],[-67.80188849001728,-14.20166050916921],[-67.79503168667873,-14.206231711394913],[-67.79217468528766,-14.212517114455254],[-67.79074618459212,-14.216231216263637],[-67.78760348306196,-14.220516718350233],[-67.7826037306276,-14.221516668837104],[-67.77917532895832,-14.225516470784594],[-67.77788967833234,-14.22751637175834],[-67.77060432478513,-14.228516322245211],[-67.76574742242032,-14.232801824331807],[-67.76603312255942,-14.236515926140191],[-67.7651760221421,-14.245658330591596],[-67.76474747193345,-14.250229532817297],[-67.76289042102925,-14.25708633615585],[-67.75917631922087,-14.260943288033786],[-67.75489081713428,-14.267228691094127],[-67.74960536456081,-14.27308554394581],[-67.74846256400438,-14.281799398188554],[-67.74660551310019,-14.28522779985783],[-67.74431991198733,-14.289370451874873],[-67.7398915598312,-14.297227205700299],[-67.7358917578837,-14.304084009038853],[-67.72789215398872,-14.308655211264554],[-67.72317810169346,-14.310797962307852],[-67.72117820071972,-14.313940663838023],[-67.71432139738117,-14.31651196508998],[-67.71046444550323,-14.32051176703747],[-67.70589324327753,-14.32636861988915],[-67.70403619237334,-14.331796922532172],[-67.70075064077362,-14.334796773992789],[-67.69903643993898,-14.338939426009832],[-67.69775078931299,-14.342653527818214],[-67.69646513868702,-14.351510232130513],[-67.69003688555712,-14.354938633799783],[-67.6846085829141,-14.359081285816826],[-67.67932313034062,-14.365509538946721],[-67.6717520766543,-14.369366490824657],[-67.66989502575011,-14.372509192354826],[-67.66518097345485,-14.374794793467679],[-67.65446721823837,-14.375651893884998],[-67.65075311642998,-14.377937494997848],[-67.64818181517802,-14.382080147014891],[-67.64432486330008,-14.38922265049255],[-67.63889656065707,-14.395079503344231],[-67.6338968082227,-14.40436475786519],[-67.62975415620566,-14.410078760647318],[-67.62404015342354,-14.41693556398587],[-67.61475489890258,-14.427363619063254],[-67.61032654674644,-14.431363421010744],[-67.60318404326877,-14.43164912114985],[-67.59475588916513,-14.42893496982834],[-67.58889903631345,-14.426363668576382],[-67.58461353422686,-14.425935118367722],[-67.57818528109696,-14.426506518645935],[-67.5731855286626,-14.42450661767219],[-67.56661442546316,-14.42450661767219],[-67.55875767163772,-14.424792317811297],[-67.55204371836872,-14.427363619063254],[-67.54647256565615,-14.430649170662978],[-67.54247276370866,-14.434220422401808],[-67.53918721210894,-14.437077423792871],[-67.53668733589183,-14.440077275253495],[-67.53297323408344,-14.441577200983804],[-67.52918770724028,-14.44186290112291],[-67.5204738529975,-14.437648824071088],[-67.51161714868519,-14.4336490221236],[-67.50676024632038,-14.433363321984492],[-67.49533224075613,-14.438791624627514],[-67.489618237974,-14.444791327548748],[-67.48333283491367,-14.449076829635343],[-67.47704743185332,-14.45736213366943],[-67.47247622962762,-14.464504637147089],[-67.45276292002929,-14.470218639929216],[-67.44247771502145,-14.47079004020743],[-67.43333531057004,-14.477361143406878],[-67.4176218029192,-14.486503547858282],[-67.40762229805047,-14.493074651057729],[-67.39933699401638,-14.499074353978962],[-67.395622892208,-14.505359757039304],[-67.38819468859124,-14.509930959265006],[-67.37505248219234,-14.527072967611389],[-67.37505248219234,-14.544214975957773],[-67.37448108191413,-14.554500180965602],[-67.36476727718451,-14.575070590981262],[-67.36062462516746,-14.581070293902494],[-67.3623388260021,-14.59649810141424],[-67.36491012725406,-14.606783306422068],[-67.35719622349818,-14.614354360108388],[-67.34933946967276,-14.619925512820963],[-67.34033991529091,-14.6216397136556],[-67.33605441320431,-14.625353815463985],[-67.33034041042218,-14.629925017689686],[-67.32362645715318,-14.634924770124048],[-67.31791245437105,-14.638210321723772],[-67.31376980235402,-14.645067125062324],[-67.30205609665065,-14.653923829374623],[-67.28962814059952,-14.65563803020926],[-67.27834298510481,-14.659923532295858],[-67.27434318315733,-14.666208935356197],[-67.26820063016655,-14.67035158737324],[-67.25848682543696,-14.668065986260393],[-67.25077292168109,-14.673494288903415],[-67.24620171945539,-14.684065194050351],[-67.24391611834254,-14.69606459989282],[-67.23848781569951,-14.702635703092266],[-67.23277381291739,-14.708349705874394],[-67.23191671250007,-14.717206410186693],[-67.22591700957884,-14.721206212134183],[-67.21648890498832,-14.722349012690607],[-67.20563229970227,-14.726348814638097],[-67.202203898033,-14.740633821593416],[-67.19877549636372,-14.746633524514651],[-67.18563328996483,-14.760347131191757],[-67.17506238481789,-14.763489832721929],[-67.17191968328773,-14.766346834112992],[-67.16534858008828,-14.77520353842529],[-67.16077737786256,-14.778917640233674],[-67.16077737786256,-14.784631643015802],[-67.1630629789754,-14.793774047467206]]}},{"type":"Feature","properties":{"average_dip":"(10.0,,)","catalog_id":"SA_417","catalog_name":"SARA","dip_dir":"W","downthrown_side_id":"E","lower_seis_depth":"(nan,,)","net_slip_rate":"(3.0,,)","slip_type":"Reverse","upper_seis_depth":"(nan,,)"},"geometry":{"type":"LineString","coordinates":[[-68.6944778553079,-13.586132136210542],[-68.68667391225166,-13.583357400901662],[-68.67834970632502,-13.574166090190992],[-68.66829129083034,-13.569483724357257],[-68.6601405058605,-13.569483724357257],[-68.65563156098357,-13.564974779480325],[-68.64557314548887,-13.560118992689782],[-68.6332602575557,-13.55561004781285],[-68.62510947258588,-13.558384783121731],[-68.6193865810113,-13.558905045992146],[-68.6126231636959,-13.557864520251316],[-68.60395211585565,-13.559598729819367],[-68.59597475184262,-13.562373465128248],[-68.58383528486627,-13.573819248277383],[-68.57637818372365,-13.581102928463196],[-68.56961476640825,-13.584051084728882],[-68.56163740239522,-13.590987923001085],[-68.55400688029579,-13.593415816396355],[-68.54880425159163,-13.594803184050797],[-68.54602951628276,-13.598791866057313],[-68.54221425523305,-13.600526075625364],[-68.5368382055721,-13.600872917538974],[-68.53649136365848,-13.60104633849578],[-68.52591268529336,-13.607809755811177],[-68.51776190032353,-13.611104753990473],[-68.51065164109453,-13.607636334854375],[-68.50371480282232,-13.606248967199933],[-68.49348296637082,-13.60815659772479],[-68.48880060053709,-13.61127817494728],[-68.48064981556725,-13.614399752169772],[-68.47093824198616,-13.618041592262678],[-68.46694955997964,-13.62428474670766],[-68.45637088161453,-13.633302636461526],[-68.4518619367376,-13.639025528036091],[-68.44665930803345,-13.648043417789957],[-68.44631246611983,-13.653419467450913],[-68.43417299914348,-13.65706130754382],[-68.42602221417364,-13.661396831463946],[-68.41943221781506,-13.669547616433785],[-68.41249537954285,-13.676657875662793],[-68.4104143280612,-13.6837681348918],[-68.40972064423397,-13.69365312942969],[-68.40000907065289,-13.701457072485917],[-68.38613539410848,-13.703191282053968],[-68.38440118454044,-13.716024432857544],[-68.38127960731794,-13.733019686624441],[-68.37642382052739,-13.737528631501373],[-68.369660403212,-13.74082362968067],[-68.36584514216229,-13.747933888909676],[-68.36046909250133,-13.755217569095489],[-68.35734751527885,-13.760420197799641],[-68.34642199500013,-13.763368354065328],[-68.33445594898058,-13.762674670238107],[-68.32162279817699,-13.761634144497277],[-68.30930991024384,-13.763368354065328],[-68.30081228336039,-13.7657962474606],[-68.29526281274262,-13.76822414085587],[-68.28815255351361,-13.769784929467116],[-68.26647493391299,-13.769438087553503],[-68.25849756989996,-13.780190186875418],[-68.2529480992822,-13.791289128110941],[-68.24497073526916,-13.804469120828127],[-68.23768705508336,-13.816608587804483],[-68.22450706236617,-13.829094896694448],[-68.21271443730342,-13.8377659445347],[-68.2016154960679,-13.844009098979683],[-68.18739497760988,-13.853026988733546],[-68.17005288192938,-13.862391720401021],[-68.15687288921218,-13.867594349105174],[-68.14265237075418,-13.880774341822358],[-68.12392290741923,-13.894648018366764],[-68.09305397710793,-13.898116437502866],[-68.06357241445106,-13.906440643429509],[-68.05386084086997,-13.917539584665034],[-68.04969873790665,-13.929332209727779],[-68.04310874154807,-13.938003257568031],[-68.02923506500366,-13.947367989235506],[-68.0170955980273,-13.95950745621186],[-67.99593824129708,-13.98101165485569],[-68.00530297296456,-13.995925857140925],[-67.98067719709823,-14.00945269177172],[-67.97339351691242,-14.019857949180025],[-67.97720877796213,-14.049339511836887],[-67.96749720438105,-14.070496868567107],[-67.95986668228163,-14.07986160023458],[-67.94703353147806,-14.088532648074834],[-67.93315985493365,-14.097550537828697],[-67.92275459752534,-14.103100008446459],[-67.91165565628982,-14.114198949681983],[-67.90679986949928,-14.125297890917508]]}},{"type":"Feature","properties":{"average_dip":"(10.0,,)","catalog_id":"SA_418","catalog_name":"SARA","dip_dir":"S","lower_seis_depth":"(nan,,)","net_slip_rate":"(2.5,,)","slip_type":"Reverse","upper_seis_depth":"(nan,,)"},"geometry":{"type":"LineString","coordinates":[[-71.32549151042485,-12.187968429699197],[-71.33105540997917,-12.210805060105372],[-71.34051732021811,-12.17920406961207],[-71.36767759964147,-12.17137390008537],[-71.40732099966436,-12.16370336022186],[-71.43453411965385,-12.151771329783003],[-71.45550359021848,-12.139755989747073],[-71.47020284988156,-12.129706209773701],[-71.48490111039791,-12.119655339822032],[-71.50383932002853,-12.103514019956037],[-71.52474983014054,-12.095586159773404],[-71.54565949039312,-12.08765638043758],[-71.57286160987536,-12.07570684019845],[-71.58752810004177,-12.067696100294768],[-71.60638026973362,-12.057687609995185],[-71.62939182996894,-12.047727819783006],[-71.64824162994722,-12.03771568003458],[-71.66506057998174,-12.023581729712987],[-71.69651355016015,-12.003475670365845],[-71.71533374985262,-11.995505239874888],[-71.74881162006017,-11.979511460085746],[-71.77176499955505,-11.973632500139729],[-71.80719800038736,-11.967893810151168],[-71.83227807956968,-11.957936979607894],[-71.85738045024755,-11.945929370144256],[-71.88248105016032,-11.933918960191818],[-71.90335035963136,-11.928004420367643],[-71.94300740956425,-11.916147450044718],[-71.97859306042136,-11.896046270418992],[-71.99952633956889,-11.883978359613536],[-72.04747275016723,-11.874240729825772],[-72.07875746978135,-11.866371160100925],[-72.1059248097821,-11.854358099846365],[-72.1414091502121,-11.8424259497977],[-72.1789710396817,-11.83050933014141],[-72.20613233983556,-11.818484780148424],[-72.23537137968538,-11.806477329864833],[-72.26046960988452,-11.792377409889525],[-72.29590301001588,-11.784520300271595],[-72.32299723963087,-11.778629169800297],[-72.35013014009382,-11.76863723961685],[-72.37100359993616,-11.760633859764766],[-72.39393633999003,-11.754696749655238]]}},{"type":"Feature","properties":{"average_dip":"(10.0,,)","catalog_id":"SA_419","catalog_name":"SARA","dip_dir":"S","lower_seis_depth":"(nan,,)","net_slip_rate":"(2.5,,)","slip_type":"Reverse","upper_seis_depth":"(nan,,)"},"geometry":{"type":"LineString","coordinates":[[-68.92280251982038,-13.366245100031279],[-68.95778016961907,-13.353510939977866],[-68.98071694043443,-13.337089949841243],[-69.00166751984011,-13.330800290201182],[-69.02088580983224,-13.324467480190037],[-69.03841341035059,-13.31639590025054],[-69.05783810014816,-13.301578670219385],[-69.07194126038081,-13.291726129557162],[-69.08447650029024,-13.275047019604244],[-69.09861828010952,-13.263495600241697],[-69.10566819962764,-13.258567530367202],[-69.12862972967827,-13.240428659754798],[-69.13745086036886,-13.233842699580862],[-69.16370935000646,-13.222564210070175],[-69.18477151009705,-13.211163560250043],[-69.20418088983615,-13.196327799688163],[-69.23397735017454,-13.181724219796877],[-69.25845777040973,-13.172089459860615],[-69.29163440999997,-13.160947959580596],[-69.32634548005984,-13.158324149739656],[-69.35224313021627,-13.162292669970668],[-69.38499267996815,-13.169805320359217],[-69.41947797972495,-13.177352369815992],[-69.44526770044399,-13.186404780056534],[-69.47625739026631,-13.195567799714127],[-69.49350516043478,-13.199336879992984],[-69.52111124009161,-13.205025900424914],[-69.538399409605,-13.207094869932234],[-69.56265688970365,-13.207612929792845],[-69.59738710003461,-13.20495354996632],[-69.62168401990158,-13.203768110409897],[-69.67393031043542,-13.1929724597112],[-69.69494614015218,-13.18321700985706]]}},{"type":"Feature","properties":{"average_dip":"(10.0,,)","catalog_id":"SA_420","catalog_name":"SARA","dip_dir":"S","lower_seis_depth":"(nan,,)","net_slip_rate":"(2.5,,)","slip_type":"Reverse","upper_seis_depth":"(nan,,)"},"geometry":{"type":"LineString","coordinates":[[-69.81387110976385,-13.134684799763647],[-69.82285668958451,-13.119574329591615],[-69.84888517041423,-13.118398529868216],[-69.86483468017633,-13.101725809598406],[-69.87547817997398,-13.090043480422253],[-69.88948084996122,-13.083524830006866],[-69.90712317969093,-13.068580559944849],[-69.92119384022351,-13.05866209987596],[-69.93703080972404,-13.047077730253022],[-69.94590153982415,-13.037055109805408],[-69.95996916964145,-13.027133289869369],[-69.9775351703118,-13.015578749859344],[-69.99340143972461,-13.002290069630988],[-70.01256100038984,-12.99756100983268],[-70.03012327966559,-12.9860012195806],[-70.05291514002164,-12.972839750254252],[-70.0687084699199,-12.962942079813104],[-70.08106943021,-12.951278380093129],[-70.1003252498104,-12.941443360023015],[-70.11088524036154,-12.933143050111653],[-70.12657534967263,-12.92833774039434],[-70.14579561997186,-12.920197329942766]]}},{"type":"Feature","properties":{"average_dip":"(10.0,,)","catalog_id":"SA_421","catalog_name":"SARA","dip_dir":"S","lower_seis_depth":"(nan,,)","net_slip_rate":"(2.5,,)","slip_type":"Reverse","upper_seis_depth":"(nan,,)"},"geometry":{"type":"LineString","coordinates":[[-70.22796204021597,-12.882613569860325],[-70.22792980041993,-12.88431304031451],[-70.25936758014967,-12.871284259660797],[-70.2855428995851,-12.861556259813483],[-70.30828411012357,-12.850063210049086],[-70.32948014958919,-12.82833822982542],[-70.34689569008401,-12.823546679735443],[-70.36780641963054,-12.817115060311721],[-70.39400595960728,-12.805672889692062],[-70.4114816701429,-12.797476230243774],[-70.4341223202888,-12.791068209929904],[-70.45679289987237,-12.78295780985502],[-70.47773046968541,-12.774815220346113],[-70.49164813035691,-12.771652480077819],[-70.51082228971688,-12.765177110435275]]}},{"type":"Feature","properties":{"average_dip":"(10.0,,)","catalog_id":"SA_422","catalog_name":"SARA","dip_dir":"S","downthrown_side_id":"N","lower_seis_depth":"(nan,,)","net_slip_rate":"(2.5,,)","slip_type":"Reverse","upper_seis_depth":"(nan,,)"},"geometry":{"type":"LineString","coordinates":[[-73.34647185788987,-11.399238551717758],[-73.31701559579307,-11.412753546339047],[-73.2857997030938,-11.435830624883408],[-73.24543900020967,-11.467772999824035],[-73.23278999965873,-11.481024000257378],[-73.22014100000712,-11.49126400033333],[-73.20448099999811,-11.502708000174039],[-73.1876150001321,-11.515356999825656],[-73.17014800042983,-11.528608000258942],[-73.1532819996645,-11.54065500002821],[-73.13882700036572,-11.55330399967977],[-73.1273819995796,-11.564748000419854],[-73.11714300044906,-11.574384999667927],[-73.10690300037311,-11.583419999933028],[-73.09726600022572,-11.592455000198072],[-73.08401399974628,-11.603297000156374],[-73.07016100032985,-11.614139000114733],[-73.04787399958536,-11.632810999627907],[-73.03161199969401,-11.647266999872102],[-73.01414399994559,-11.661121000233948],[-72.99727900012573,-11.671361000309844],[-72.97499200028057,-11.68400999996146],[-72.95571799998567,-11.692442000298001],[-72.92801100020745,-11.702079999592286],[-72.89367799973985,-11.711113999811175],[-72.88110399994957,-11.714578000374388],[-72.86800300013829,-11.716837000227315],[-72.8521920003605,-11.719999000353539],[-72.83457399999008,-11.724516000013352],[-72.82373200003173,-11.728130000299245],[-72.81153499964046,-11.732648000005156],[-72.7988859999889,-11.737616999824638],[-72.78397799958498,-11.742135000429869],[-72.76907000008038,-11.746199999930013],[-72.75822800012207,-11.74845899978294],[-72.74828999958379,-11.751620999909164],[-72.73383400023886,-11.7565909997748],[-72.718925999835,-11.761559999594283],[-72.70356700021682,-11.766980999573434],[-72.69091799966588,-11.771045999972898],[-72.67104100034186,-11.77646699995205],[-72.65658500009766,-11.77963000012437],[-72.64483999986606,-11.7818879999312],[-72.63038399962187,-11.783244000410264]]}},{"type":"Feature","properties":{"average_dip":"(20.0,,)","catalog_id":"SA_423","catalog_name":"SARA","dip_dir":"W","downthrown_side_id":"E","lower_seis_depth":"(nan,,)","net_slip_rate":"(2.5,,)","slip_type":"Reverse","upper_seis_depth":"(nan,,)"},"geometry":{"type":"LineString","coordinates":[[-73.2463754921352,-12.073303963207309],[-73.24799487796122,-12.071512064929834],[-73.25009841111273,-12.069408532677585],[-73.25180127021241,-12.06650365412031],[-73.25270278480565,-12.064800794121311],[-73.25410677041111,-12.061972298582646],[-73.25556096696499,-12.05982926990481],[-73.25687302566956,-12.058517211200297],[-73.25932220065897,-12.05676779959424],[-73.2609841424042,-12.054406096264302],[-73.26220872944924,-12.051519566574711],[-73.26255861159063,-12.048895450964267],[-73.26255861159063,-12.045484100310944],[-73.26317090511316,-12.041198042955273],[-73.2633567796916,-12.038027235768254],[-73.26391534141982,-12.0337428061855],[-73.26458313030719,-12.02706492540591],[-73.26511736087747,-12.02212329285561],[-73.26498380256038,-12.016513872317319],[-73.26578514886546,-12.011972912919532],[-73.26725428225927,-12.007431954421122],[-73.26805562856435,-12.003291667276585],[-73.2687234165524,-11.998350034726286],[-73.26912408970492,-11.9938090753285],[-73.27005899342777,-11.991004365059382],[-73.2709938962513,-11.986997636231877],[-73.27286370279762,-11.98405936944431],[-73.27419927877366,-11.981388215693528],[-73.27660331678959,-11.976847256295798],[-73.27914091132396,-11.972974085785381],[-73.2814072694299,-11.96968461035641],[-73.28416416184655,-11.9653316209575],[-73.28653852043635,-11.960345469267963],[-73.28938774984476,-11.955121882169067],[-73.29128723581726,-11.951322910224064],[-73.2929492863804,-11.948948551634317],[-73.29627338840612,-11.946574193943832],[-73.29888518060653,-11.943250092817493],[-73.30149697460564,-11.939213684563867],[-73.30482107573204,-11.933990096565651],[-73.30664494940487,-11.93132443677331],[-73.30765957802708,-11.92963853708875],[-73.30799181097325,-11.927713344894926],[-73.30814517685837,-11.924492665803825],[-73.30814517685837,-11.919031643295682],[-73.30814517685837,-11.914282927914769],[-73.30767030514045,-11.911196262197677],[-73.30814517685837,-11.908347032789266],[-73.30767030514045,-11.904785496253623],[-73.30767030514045,-11.900511651691318],[-73.30672056170454,-11.897662422282906],[-73.30600825457725,-11.894338322055887],[-73.30624568998655,-11.890539349211565],[-73.30790774144907,-11.88626550464926],[-73.30980722742157,-11.88199166098633],[-73.31099440626679,-11.878192688142008],[-73.31194414880338,-11.874631151606309],[-73.31289389223929,-11.87106961507061],[-73.3140810710845,-11.867745513944271],[-73.31455594280249,-11.86394654109995],[-73.31455594280249,-11.859910132846323],[-73.31526824992977,-11.856111160002001],[-73.315980557057,-11.852312188056999],[-73.31645542877499,-11.84875065242062],[-73.31716773590227,-11.844714242368354],[-73.31788004392882,-11.840915270423352],[-73.31835491474749,-11.83806604101494],[-73.3190672227741,-11.833317324734708],[-73.32025440161931,-11.829043481071722],[-73.3212041441559,-11.824769637408792],[-73.32215388759181,-11.819783485719256],[-73.32310363102772,-11.815034769439023],[-73.32405337356431,-11.810523488568094],[-73.32496601816717,-11.804498556962812],[-73.3265687089787,-11.798221348436414],[-73.32737005528378,-11.793813945557076],[-73.32803784327183,-11.790475005616997],[-73.32897274699462,-11.78660183420726],[-73.33017476555295,-11.783129335950036],[-73.33151034242832,-11.77925616543962],[-73.33297947582213,-11.774581647724801],[-73.33471572495068,-11.768705112351029],[-73.3364519740793,-11.764297710371011],[-73.33858889456178,-11.75882184814975],[-73.34032514458971,-11.754548003587445],[-73.34206139461764,-11.750808389595477],[-73.34433187431648,-11.74626743109701],[-73.3460681234451,-11.741860029116992],[-73.34793792999142,-11.737586184554743],[-73.34913994944907,-11.734781475184889],[-73.35047552542511,-11.730240515787102],[-73.35127687083087,-11.727702920353465],[-73.3524788893892,-11.724898210084291],[-73.35341379221268,-11.722360616449237],[-73.35515004224061,-11.71942234786303],[-73.35675273305213,-11.715549175553974],[-73.35768763677498,-11.713545811589881],[-73.35902321275103,-11.710340429067514],[-73.35995811557456,-11.707669276216052],[-73.36062590356255,-11.704597451111454],[-73.362095038755,-11.700457163966917],[-73.36369772956652,-11.696450435139411],[-73.36503330644189,-11.693111494299956],[-73.36623532500022,-11.689772554359877],[-73.36690311298821,-11.686032940367852],[-73.36757090097626,-11.680423519829503],[-73.36890647785162,-11.676683906736855],[-73.37131051496823,-11.673211407580368],[-73.3732435924178,-11.67001803010794],[-73.37627590400973,-11.666635834576084],[-73.3788417066794,-11.664303288166195],[-73.38222390131193,-11.660687838173146],[-73.38425488705337,-11.657197684425569],[-73.3863918093345,-11.654111018708477],[-73.3880538598977,-11.649362302428244],[-73.39042821758812,-11.643426408202117],[-73.39351488240584,-11.6384402574119],[-73.39612667640495,-11.634403848258955],[-73.39968821294065,-11.629892568287346],[-73.40230000693975,-11.626568467161007],[-73.40491180003949,-11.622532058907325],[-73.40704872232067,-11.620632572934824],[-73.4094230800111,-11.616833600090501],[-73.41108513057429,-11.612322320118949],[-73.41250974572813,-11.608048475556643],[-73.41369692457334,-11.60163770961259],[-73.41630871767313,-11.59617668710439],[-73.41892051167224,-11.590240791978943],[-73.42224461279858,-11.585729512906653],[-73.42556871392497,-11.582642847189618],[-73.42841794333339,-11.579556182371846],[-73.43102973643317,-11.576706952963434],[-73.43411640215021,-11.57385772355508],[-73.43696563155862,-11.569109007274847],[-73.43910255294043,-11.565784907047771],[-73.44385126922066,-11.561748497894826],[-73.4470343926231,-11.559388979917458],[-73.45064044829803,-11.557519173371134],[-73.45491429286028,-11.555115136254472],[-73.45785256144649,-11.553512445442948],[-73.46132505880439,-11.551375522262504],[-73.46599957561989,-11.54910504256361],[-73.46920495904158,-11.546968121181806],[-73.47227678414623,-11.544430525748112],[-73.47561572498569,-11.541625814579618],[-73.47908788959438,-11.538986327756788]]}},{"type":"Feature","properties":{"average_dip":"(20.0,,)","catalog_id":"SA_424","catalog_name":"SARA","dip_dir":"S","downthrown_side_id":"N","lower_seis_depth":"(nan,,)","net_slip_rate":"(1.5,,)","slip_type":"Reverse","upper_seis_depth":"(nan,,)"},"geometry":{"type":"LineString","coordinates":[[-73.48812201122178,-11.534861385744307],[-73.50402719969549,-11.527033819754934],[-73.52433940973594,-11.518254879858773],[-73.54352468021978,-11.509468739990325],[-73.56046855957635,-11.498449390127234],[-73.57287464964531,-11.494068939929605],[-73.58419342968301,-11.48191002043103],[-73.59884997964281,-11.477539249636607],[-73.61690493001845,-11.46874223966256],[-73.62932514034293,-11.461028009834763],[-73.64400660961729,-11.451102869601698],[-73.65754577981386,-11.44450286021879],[-73.67332525026006,-11.440133149725057],[-73.68799404988545,-11.432426289841374],[-73.70042109955403,-11.42248781985694],[-73.71058624006287,-11.414759670322496],[-73.71397283957486,-11.412553660323113],[-73.72637837026554,-11.407055559666276],[-73.7466716603688,-11.399369750213737],[-73.76921969023647,-11.3905814195968],[-73.782753579614,-11.383974980061225],[-73.79854240031148,-11.376266600323277],[-73.81659038004199,-11.366345409912697],[-73.83014030972748,-11.35529468989796],[-73.84592645044529,-11.347583470101029],[-73.85380816011843,-11.346503699985703],[-73.86396240983731,-11.33987997997707],[-73.87637978010275,-11.329932979923058],[-73.89103823033003,-11.322214800272775],[-73.90342860024964,-11.318929469819125],[-73.91693560979053,-11.317868730257658],[-73.93043845996692,-11.31791786022103],[-73.93944856969568,-11.315729250304628],[-73.9574804902324,-11.308019619609695],[-73.96762330956807,-11.303613029717496],[-73.98452086034939,-11.298118750280082],[-74.00254683996468,-11.291516700335421],[-74.01496908995148,-11.278231610200578],[-74.02171602967098,-11.279364479886794],[-74.02848542006603,-11.273833939784424],[-74.04312648010296,-11.269439239829012],[-74.05327772968343,-11.261697819898416],[-74.07132861962003,-11.24620677012632],[-74.08035686957385,-11.237350209744363],[-74.08825265003975,-11.23071103038967],[-74.0961515295694,-11.222961030027477],[-74.10516805955825,-11.217435310291307],[-74.12094030035456,-11.209708089756475],[-74.13670846991994,-11.203090549888941],[-74.1468550196434,-11.195345529972201],[-74.1536266196727,-11.187590589633942],[-74.15927306979631,-11.179832310113],[-74.16718139040881,-11.167637790051913],[-74.17619806968514,-11.16099908014337],[-74.19761943968535,-11.142176769742093],[-74.20776228959795,-11.1344293900043],[-74.22015674963427,-11.12557684959188],[-74.23366923964363,-11.118947859556044],[-74.25619720024054,-11.10456620986264],[-74.26633727034869,-11.09681665016825],[-74.28097467014487,-11.089077459657005],[-74.29223535038108,-11.082440259710154],[-74.30238163030793,-11.071357450086225],[-74.31364118009634,-11.064719369703084],[-74.3249053101319,-11.05585955017807],[-74.33279081044748,-11.049213140274162],[-74.34968504003251,-11.035922039970103],[-74.3598227701047,-11.027058370447378],[-74.37221069027112,-11.017088309977453],[-74.38233555014546,-11.013777099733318],[-74.39134740006244,-11.004909969619348],[-74.40598830002,-10.991610910315217],[-74.41837322004801,-10.981638790397824],[-74.43412947989157,-10.971672400061152]]}},{"type":"Feature","properties":{"average_dip":"(20.0,,)","catalog_id":"SA_425","catalog_name":"SARA","dip_dir":"W","downthrown_side_id":"E","lower_seis_depth":"(nan,,)","net_slip_rate":"(1.0,,)","slip_type":"Reverse","upper_seis_depth":"(nan,,)"},"geometry":{"type":"LineString","coordinates":[[-73.92674950028919,-10.726910580059155],[-73.9389148400478,-10.71387704019321],[-73.95551208021828,-10.693230509880095],[-73.96439203016803,-10.673647030386121],[-73.96888287034812,-10.648600659592717],[-73.97113706962006,-10.633353389946933],[-73.97673146968157,-10.607220719960196],[-73.98231035014248,-10.585446289614538],[-73.9889610300275,-10.57239213009268],[-73.99231453988409,-10.557148019765236],[-73.9967688100325,-10.541907309774501],[-73.99903793984902,-10.52121141027834],[-73.99691663969111,-10.496143060054123],[-74.0002930498843,-10.473271259860724],[-74.00039068028565,-10.442761610160119],[-74.0038004904003,-10.408993290407977],[-74.00936579019901,-10.389396879562298],[-74.01716197974156,-10.360000249711732],[-74.02714056038849,-10.336058130378376],[-74.03605357031597,-10.30012605976981],[-74.03943030966104,-10.275073820000728],[-74.03948619982822,-10.256549669931303],[-74.03953869955131,-10.239115150144016],[-74.03631064961672,-10.215132920148108],[-74.03530246014037,-10.184619200115947],[-74.02876880004004,-10.162806490127366],[-74.02223259036174,-10.142083360058962],[-74.0200760799471,-10.127911249704368],[-74.01683657984427,-10.108287539937976]]}},{"type":"Feature","properties":{"average_dip":"(20.0,,)","catalog_id":"SA_426","catalog_name":"SARA","dip_dir":"W","downthrown_side_id":"E","lower_seis_depth":"(nan,,)","net_slip_rate":"(1.0,,)","slip_type":"Reverse","upper_seis_depth":"(nan,,)"},"geometry":{"type":"LineString","coordinates":[[-73.71331818978257,-11.163122119590128],[-73.71736781986897,-11.151296809899804],[-73.73141904964939,-11.13754002984848],[-73.73746610997296,-11.125722730419625],[-73.74956704028665,-11.100113810304038],[-73.75363919029638,-11.082366359719686],[-73.76175683980625,-11.052792460003957],[-73.76982331969043,-11.035060900440158],[-73.77392563026359,-11.00941766039665],[-73.78002464981768,-10.98378226963598],[-73.78011371957246,-10.962070319689474],[-73.78017837992826,-10.946279790280073],[-73.76827536971251,-10.926493570321952],[-73.75837098043638,-10.906715140291453],[-73.7564312300172,-10.89289040027171],[-73.75252745018162,-10.871162320084977],[-73.74858300030519,-10.859303259737601],[-73.74867330033248,-10.83759138983072],[-73.74876340970354,-10.815879490246232],[-73.75280538026402,-10.804052759627098],[-73.75687131955573,-10.786304469975278],[-73.76292483970957,-10.770537859834292],[-73.77297790040973,-10.75281300021976],[-73.78303761969033,-10.733113830139075],[-73.79506057968194,-10.7213173104455]]}},{"type":"Feature","properties":{"average_dip":"(20.0,,)","catalog_id":"SA_427","catalog_name":"SARA","dip_dir":"W","downthrown_side_id":"E","lower_seis_depth":"(nan,,)","net_slip_rate":"(1.5,,)","slip_type":"Reverse","upper_seis_depth":"(nan,,)"},"geometry":{"type":"LineString","coordinates":[[-74.91822644969085,-10.518523580398892],[-74.92753859043358,-10.512997429887434],[-74.95174923024274,-10.494573949927826],[-74.96664782014074,-10.472462129923315],[-74.98526816979017,-10.442978499658011],[-75.00016190964436,-10.417179399909344],[-75.00760782044449,-10.402436749756134],[-75.01877549009674,-10.38216525022608],[-75.01877394955807,-10.356365709809609],[-75.0187719800428,-10.323194799800149],[-75.02249230987218,-10.29923775981473],[-75.0355155201251,-10.273436919877895],[-75.04853438035735,-10.232892820047539],[-75.07271437037184,-10.205245719614197],[-75.09131338000844,-10.190498310248756],[-75.10246655978386,-10.164695189631232],[-75.11361926022062,-10.142577370249398],[-75.1340703498667,-10.122298339796487],[-75.14335810009618,-10.096494550083378],[-75.14892615991431,-10.072535019875204],[-75.16193474988876,-10.05594324038816],[-75.16192375028083,-10.033828990415543],[-75.16376921038074,-10.006185239956835],[-75.17490847044951,-9.97669381976391],[-75.19162764969622,-9.956413180423908],[-75.2064894699131,-9.941661449816024],[-75.21948633003007,-9.919538849638172],[-75.23619989031266,-9.899256020448945]]}},{"type":"Feature","properties":{"average_dip":"(20.0,,)","catalog_id":"SA_428","catalog_name":"SARA","dip_dir":"W","downthrown_side_id":"E","lower_seis_depth":"(nan,,)","net_slip_rate":"(1.5,,)","slip_type":"Reverse","upper_seis_depth":"(nan,,)"},"geometry":{"type":"LineString","coordinates":[[-74.6765548801036,-10.758699539652014],[-74.66897821956911,-10.77364306957196],[-74.65888746018811,-10.782353830065176],[-74.65383545024577,-10.79231587038106],[-74.64374217006508,-10.802272049815201],[-74.62986739986059,-10.812223360319763],[-74.62355670957447,-10.819691440307679],[-74.6159869603299,-10.825911860244105],[-74.6071581701134,-10.83088453019684],[-74.60210691020569,-10.838353729840719],[-74.59327417016681,-10.845817860006207],[-74.58822231041125,-10.853286799745945],[-74.5831736504436,-10.85826377025677],[-74.57559857991049,-10.866974990303504],[-74.56423606044581,-10.87941845979401],[-74.55161199989385,-10.891859619825539],[-74.54276692025712,-10.905551809668225],[-74.53267004998276,-10.913012150090594],[-74.52130997037881,-10.921716090125415],[-74.50868848998181,-10.93041753993748],[-74.50110943005609,-10.939126720321838],[-74.48974531969071,-10.949075299585388],[-74.47837828023341,-10.960269330165431],[-74.46827574962612,-10.968973270200195],[-74.4615464600011,-10.975598859899435],[-74.43371602017817,-10.972150619955073]]}},{"type":"Feature","properties":{"average_dip":"(20.0,,)","catalog_id":"SA_429","catalog_name":"SARA","dip_dir":"W","downthrown_side_id":"E","lower_seis_depth":"(nan,,)","net_slip_rate":"(1.5,,)","slip_type":"Reverse","upper_seis_depth":"(nan,,)"},"geometry":{"type":"LineString","coordinates":[[-75.02573389010689,-10.476181060407555],[-75.0118330800326,-10.496820280131772],[-75.00835764009298,-10.50369985006796],[-75.00488202028896,-10.508859509758508],[-74.98924048965682,-10.52605799977681],[-74.97707287011684,-10.55013539962897],[-74.95795130041216,-10.567332019956723],[-74.9440437697042,-10.577649000201177],[-74.92492033030896,-10.587964150325206],[-74.90927036043877,-10.605158560119435],[-74.8918801295643,-10.622351559776632],[-74.88318297041769,-10.634387380073463],[-74.86752829979116,-10.651579619803556],[-74.8536147598133,-10.660172640155167],[-74.84143832961519,-10.670485759610074],[-74.81882801989718,-10.680792500173709],[-74.80143402985658,-10.689381110249997],[-74.78577679975945,-10.699689760074307],[-74.77012239982884,-10.70483810989083],[-74.75620374990308,-10.713426680396935],[-74.73880471016918,-10.72373152968629],[-74.71444958977673,-10.732309249871946],[-74.70574732967549,-10.739180410247684],[-74.69356106988744,-10.751207339846815]]}},{"type":"Feature","properties":{"average_dip":"(20.0,,)","catalog_id":"SA_430","catalog_name":"SARA","dip_dir":"W","downthrown_side_id":"E","lower_seis_depth":"(nan,,)","net_slip_rate":"(2.0,,)","slip_type":"Reverse","upper_seis_depth":"(nan,,)"},"geometry":{"type":"LineString","coordinates":[[-75.98703247037218,-5.978930410210239],[-76.00709102033426,-5.96716674005296],[-76.03831421013263,-5.951463499740669],[-76.064337009945,-5.94098386001707],[-76.09555666001182,-5.925277919940015],[-76.11375936989896,-5.91220424962637],[-76.1319717501961,-5.904345049984045],[-76.15538600975651,-5.893867129764203],[-76.17618443016727,-5.878179070008002],[-76.19698161041293,-5.862490449974246],[-76.20998905015449,-5.85724771001378],[-76.22789276963556,-5.841240839692944]]}},{"type":"Feature","properties":{"average_dip":"(20.0,,)","catalog_id":"SA_431","catalog_name":"SARA","dip_dir":"W","downthrown_side_id":"E","lower_seis_depth":"(nan,,)","net_slip_rate":"(2.0,,)","slip_type":"Reverse","upper_seis_depth":"(nan,,)"},"geometry":{"type":"LineString","coordinates":[[-76.22789276963556,-5.841240839692944],[-76.23337658006506,-5.836337760179447],[-76.24115867003655,-5.823283800307081],[-76.25414156008492,-5.807610930100282],[-76.26192284965975,-5.794556870403198],[-76.27749617031196,-5.773663280136248],[-76.29306841987164,-5.752769500112265],[-76.30343354981841,-5.731887410375634],[-76.30859218967777,-5.711017170106288],[-76.33197039002147,-5.690105169817684],[-76.35276239017213,-5.677020439641524],[-76.37354719035051,-5.661327959717539],[-76.39174690999187,-5.653462870415069],[-76.40993342039098,-5.640382939920698],[-76.42292688017136,-5.632529719870604],[-76.45673261981449,-5.622017539977435],[-76.46999355955506,-5.617552149711912]]}},{"type":"Feature","properties":{"average_dip":"(20.0,,)","catalog_id":"SA_432","catalog_name":"SARA","dip_dir":"W","downthrown_side_id":"E","lower_seis_depth":"(nan,,)","net_slip_rate":"(2.0,,)","slip_type":"Reverse","upper_seis_depth":"(nan,,)"},"geometry":{"type":"LineString","coordinates":[[-75.86634931087195,-8.100300283531226],[-75.81493997080298,-8.192605606563461],[-75.76537773929118,-8.331002570312307],[-75.74240948950631,-8.423246073047778],[-75.72658328039404,-8.529659987318496],[-75.73033185343223,-8.627171330092779],[-75.73043095422514,-8.678589726334735],[-75.72345703821168,-8.758390321655952],[-75.71286186888011,-8.80982886720841],[-75.68980505116212,-8.871928697551311]]}},{"type":"Feature","properties":{"average_dip":"(20.0,,)","catalog_id":"SA_433","catalog_name":"SARA","dip_dir":"W","downthrown_side_id":"E","lower_seis_depth":"(nan,,)","net_slip_rate":"(2.0,,)","slip_type":"Reverse","upper_seis_depth":"(nan,,)"},"geometry":{"type":"LineString","coordinates":[[-75.48725711032733,-7.086622629630597],[-75.49247810018414,-7.086617130276295],[-75.48983464015646,-7.055326910408553],[-75.48980182029771,-7.024033890051953],[-75.48977730028213,-7.000564090160594],[-75.48975015964214,-6.974486519837001],[-75.49494256994359,-6.94840348972923],[-75.50533427036027,-6.904060589724395],[-75.52358052991747,-6.885786599571873],[-75.53138545997098,-6.864915950110969],[-75.54440507023776,-6.841431570410577],[-75.54960246008545,-6.82317139024741],[-75.55478455965965,-6.791872410083613],[-75.55998416993344,-6.77621991042048],[-75.56778911977204,-6.757956589824687],[-75.57298803037327,-6.742303990336836],[-75.58078275042357,-6.716217270310722],[-75.59380277977442,-6.697947440422013],[-75.59898767983753,-6.671863680064746],[-75.60678339004136,-6.648384439989854],[-75.61458490986564,-6.630120610377844],[-75.61456556005254,-6.614474159554788],[-75.61455512971543,-6.606033010415047]]}},{"type":"Feature","properties":{"average_dip":"(20.0,,)","catalog_id":"SA_434","catalog_name":"SARA","dip_dir":"W","downthrown_side_id":"E","lower_seis_depth":"(nan,,)","net_slip_rate":"(2.0,,)","slip_type":"Reverse","upper_seis_depth":"(nan,,)"},"geometry":{"type":"LineString","coordinates":[[-75.59826964043151,-9.230763960388401],[-75.59583102977814,-9.237257810199708],[-75.59584330012814,-9.244558820433156],[-75.59585421969643,-9.251048599912906],[-75.59423336977414,-9.258352309911118],[-75.59424564012414,-9.265653300359475],[-75.59344268043532,-9.273766880437108],[-75.59182579022797,-9.283504240428329],[-75.59020612021624,-9.291619149703934],[-75.58695033968638,-9.298114309827497],[-75.5845124700744,-9.305419320245392],[-75.58045050039027,-9.318405539583921],[-75.57801104977011,-9.324899300362404],[-75.57721033029247,-9.3346352798942],[-75.57723035999305,-9.346803590113552],[-75.57642559986152,-9.354105899867363],[-75.57807393036757,-9.363026670044746],[-75.5764510003134,-9.369519089933988],[-75.57319565955203,-9.376825370194638],[-75.57075175009317,-9.3808854198262],[-75.56749355038698,-9.386569219693683],[-75.56750146981693,-9.391436540363998],[-75.56750940003872,-9.396303860134992],[-75.56670173959355,-9.401983710180048],[-75.56671626993989,-9.410907119867659],[-75.56672420016167,-9.415774439638653],[-75.56673609999098,-9.42307541030192],[-75.57001723960389,-9.43118232010795],[-75.57412761979379,-9.446588800332847],[-75.575776470108,-9.455509510255638],[-75.5717100703634,-9.466873199738359],[-75.57171946018491,-9.472551719686066],[-75.56928295034783,-9.481479080095426],[-75.56684098971988,-9.487161559758135],[-75.56521873955313,-9.494465150146539],[-75.56523870000598,-9.506633380326207],[-75.56525602004922,-9.51717916968289],[-75.56773033019056,-9.530965819816686],[-75.57101941981034,-9.543128680144434],[-75.57430332034193,-9.552046630047869],[-75.57677285957976,-9.562588320294708],[-75.57678927040848,-9.572322840226832],[-75.57680706979039,-9.5828685702283],[-75.57681666016072,-9.588547039813989],[-75.57601438035931,-9.597471699559264],[-75.57439194043565,-9.604775299840185],[-75.57277354026661,-9.614512520436449],[-75.56952018970497,-9.624252439898157],[-75.56626936983554,-9.635614739928258],[-75.56301431955518,-9.644543389965406],[-75.56303048037233,-9.654277900005013],[-75.56632219960977,-9.667251859785438],[-75.57124797981038,-9.679411839584702],[-75.57208339962915,-9.689956149556622],[-75.57291612957567,-9.698878040289287],[-75.57292715976058,-9.705367680374081],[-75.56885681019361,-9.715920159787515],[-75.56887874016167,-9.728899430064587],[-75.56808161977091,-9.741068850047327],[-75.56728445980991,-9.75323826013755],[-75.56730368012069,-9.76459510038353],[-75.56651473007071,-9.781631709735564],[-75.56571888042197,-9.794612300217409],[-75.56246387960431,-9.804352150431328],[-75.56330093978653,-9.815707610217999],[-75.56250220960925,-9.82706577966195],[-75.5584302700409,-9.83761816014993],[-75.55682154028182,-9.853844859852359],[-75.55439467027776,-9.870072889652079],[-75.55115223029117,-9.887924640010056],[-75.5462531302777,-9.893611039817586],[-75.54217463015505,-9.900918460418552],[-75.53891541961087,-9.909035719622693],[-75.53320946044818,-9.922024070354496],[-75.52750306961093,-9.935012330254779],[-75.5209754502568,-9.94637937960465],[-75.51444484965003,-9.956123909890493],[-75.51118320014456,-9.963429739590765],[-75.50793146026865,-9.977225150020615],[-75.50548904997964,-9.985340880377294],[-75.50386862993327,-9.99588896030724],[-75.4965194403199,-10.00644562966204],[-75.49162502037836,-10.01699852995813],[-75.48182686981414,-10.032425739556174],[-75.47365299019333,-10.039738340252143],[-75.46222323021789,-10.06003456034665],[-75.45569326992842,-10.07302287960215],[-75.44998814983319,-10.090877180437474],[-75.45000731978195,-10.104667599629977],[-75.44511113986715,-10.116031090362469],[-75.44431255987672,-10.130633809602557],[-75.44269073958594,-10.141992819912673],[-75.44106994002567,-10.154163019607608],[-75.44272419976198,-10.166328800034023],[-75.44520081036904,-10.180927039751055],[-75.45177199018514,-10.195519600249327],[-75.45590210959466,-10.220660970027723],[-75.4600165996863,-10.234445510351975],[-75.46004467022533,-10.253914140125403],[-75.46498125038437,-10.269319790276029],[-75.46827536991236,-10.281482930292952],[-75.4748559296574,-10.300130739841734]]}},{"type":"Feature","properties":{"average_dip":"(20.0,,)","catalog_id":"SA_435","catalog_name":"SARA","dip_dir":"W","downthrown_side_id":"E","lower_seis_depth":"(nan,,)","net_slip_rate":"(2.0,,)","slip_type":"Reverse","upper_seis_depth":"(nan,,)"},"geometry":{"type":"LineString","coordinates":[[-75.63784788007558,-6.46580350982407],[-75.63784461014063,-6.463195760076246],[-75.63779250971652,-6.421471780298361],[-75.64036361029235,-6.39278327033162]]}},{"type":"Feature","properties":{"average_dip":"(20.0,,)","catalog_id":"SA_436","catalog_name":"SARA","dip_dir":"W","downthrown_side_id":"E","lower_seis_depth":"(nan,,)","net_slip_rate":"(2.0,,)","slip_type":"Reverse","upper_seis_depth":"(nan,,)"},"geometry":{"type":"LineString","coordinates":[[-75.64036361029235,-6.39278327033162],[-75.64294431023171,-6.37191799971589],[-75.64291838997167,-6.351055960364249],[-75.65332142004746,-6.332788650375846],[-75.65328870990601,-6.306711119622435],[-75.66108115017488,-6.285839249781532],[-75.676691239609,-6.264957290446546],[-75.68707802972727,-6.236258580369167],[-75.70268575034709,-6.21537607964234],[-75.73130634980816,-6.184044550315718],[-75.752110899998,-6.155330620111954],[-75.77031920007101,-6.1344429896522],[-75.78070279040139,-6.108350899774166],[-75.80932116044318,-6.08223170972559],[-75.83533980988426,-6.061330700051712],[-75.85615078033419,-6.043044579843411],[-75.88478307008256,-6.029960509769637],[-75.92122352024921,-6.014254379935664],[-75.9446386395615,-5.998568750147626],[-75.9758704601536,-5.985476069964591],[-75.98703247037218,-5.978930410210239]]}}],"metadata":{"source":"GEM Global Active Faults","layer_id":"south-america","feature_count":437}}