{"type":"FeatureCollection","features":[{"type":"Feature","properties":{"average_dip":"(90,,)","catalog_id":"US_0","catalog_name":"USGS Hazfaults 2014","name":"Benton Spring fault, southern section","net_slip_rate":"(0.35,0.0,0.5)","slip_type":"Dextral"},"geometry":{"type":"LineString","coordinates":[[-118.47001493378085,38.90765622979006],[-118.45662848735192,38.88923922375246],[-118.40982107866841,38.85581950815204],[-118.32797538807935,38.78376885686062],[-118.31881142862595,38.76391431287316],[-118.31162387868032,38.73103319070366],[-118.23750452239148,38.65035857686463],[-118.21333696035155,38.627539494344155],[-118.19914189092803,38.621789839152065],[-118.18297034731809,38.6082242720934],[-118.15547846626302,38.55683633577877],[-118.13400615460434,38.53491574284494],[-118.1327482338305,38.5215296989659],[-118.12556089229402,38.5142527730812],[-118.12367402865041,38.49583581477021],[-118.09492425826258,38.467447129273204],[-118.0756077999795,38.43824996694592],[-118.07372082494483,38.41686853690342],[-118.08207596197764,38.407974593118375],[-118.07848207202044,38.396565237710966],[-118.0740796713581,38.387491590990216],[-118.06213061023215,38.3820115476596],[-118.04586852722134,38.34203388027269],[-118.02367700368494,38.31499278921248],[-118.02223889344152,38.279237371183896],[-118.03310958006952,38.26261739303683]]}},{"type":"Feature","properties":{"average_dip":"(50,,)","catalog_id":"US_1","catalog_name":"USGS Hazfaults 2014","dip_dir":"E","name":"Southern Sawatch fault","net_slip_rate":"(0.09,0.08,0.2)","slip_type":"Normal"},"geometry":{"type":"LineString","coordinates":[[-106.24520963326802,38.563379027828425],[-106.22607319287631,38.57523768679022],[-106.21601069625494,38.60012302212078],[-106.20460068987647,38.61521593932828],[-106.17701903568347,38.6331835628647],[-106.17414405397345,38.652678593277585],[-106.17755799071796,38.66408809313662],[-106.17405400774767,38.6866375762494],[-106.18645216183702,38.71089415513806],[-106.17638973797916,38.733084283281066],[-106.20424079872251,38.7738710249766],[-106.20352209708788,38.79210824775427],[-106.20837354310287,38.81205236899818],[-106.22508425195306,38.84304666869421],[-106.20792450493673,38.91887019496407],[-106.21124868920458,38.93036951111148]]}},{"type":"Feature","properties":{"average_dip":"(50,,)","catalog_id":"US_3","catalog_name":"USGS Hazfaults 2014","dip_dir":"W","name":"Grand Valley fault","net_slip_rate":"(0.87,0.24,1.04)","slip_type":"Normal"},"geometry":{"type":"LineString","coordinates":[[-110.96375160697725,43.000191621255844],[-110.9366177216309,42.96605410379875],[-110.88342770200535,42.884033263688764],[-110.88513310775816,42.797609241836355],[-110.88989461175196,42.77829405018047],[-110.925561072061,42.71028676600072],[-110.91468631965803,42.63500222494516],[-110.89671661205568,42.61901098369937],[-110.88970763820535,42.59376641392264],[-110.87991419509642,42.585052218225194],[-110.87856423024363,42.53025095085746]]}},{"type":"Feature","properties":{"average_dip":"(50,,)","catalog_id":"US_4","catalog_name":"USGS Hazfaults 2014","dip_dir":"NW","name":"Grant Butte fault","net_slip_rate":"(0.14,0.0,0.18)","slip_type":"Normal"},"geometry":{"type":"LineString","coordinates":[[-122.43135183765614,45.49836003672774],[-122.45605750222936,45.488208300745676],[-122.47204893542145,45.48811837212911],[-122.4988209748798,45.477966672717116],[-122.54401119596466,45.47607966531424]]}},{"type":"Feature","properties":{"average_dip":"(50,,)","catalog_id":"US_5","catalog_name":"USGS Hazfaults 2014","dip_dir":"W","name":"Bear River fault zone","net_slip_rate":"(1.68,0.58,1.96)","slip_type":"Normal"},"geometry":{"type":"LineString","coordinates":[[-110.75232289370989,41.16031049001773],[-110.76418204605233,41.134257023734165],[-110.77289644811334,41.08322837580693],[-110.79454837970972,41.073885134838214],[-110.7939193461101,41.05151520618798],[-110.79948943087767,41.03130137371711],[-110.79158314516141,41.00066624412135],[-110.798321172749,40.98979574191586],[-110.80119574842051,40.96482030198798],[-110.79337907504373,40.92565009881258],[-110.79966787222571,40.917384931714075],[-110.80119491927549,40.90076461379572],[-110.79005411013992,40.86024685680452],[-110.80451837590797,40.844524998247095]]}},{"type":"Feature","properties":{"average_dip":"(50,,)","catalog_id":"US_6","catalog_name":"USGS Hazfaults 2014","dip_dir":"NE","name":"Algodones fault zone","net_slip_rate":"(0.2,0.14,0.24)","slip_type":"Normal"},"geometry":{"type":"LineString","coordinates":[[-114.42386126302388,32.41335012681784],[-114.4797699098893,32.466367960048515],[-114.4954608880599,32.47048673008857],[-114.5265723401095,32.5003489649001],[-114.54138448475955,32.524619466712714],[-114.55780276593364,32.54425002102822],[-114.56958109774827,32.55293505299923],[-114.58625024963513,32.568160732364],[-114.59450595214915,32.57780042063381],[-114.60969881000312,32.58957875305601]]}},{"type":"Feature","properties":{"average_dip":"(50,,)","catalog_id":"US_7","catalog_name":"USGS Hazfaults 2014","dip_dir":"SW","name":"Big Chino-Little Chino fault","net_slip_rate":"(0.11,0.1,0.14)","slip_type":"Normal"},"geometry":{"type":"LineString","coordinates":[[-112.82894619168465,35.21669211877321],[-112.76659777407565,35.18309222101382],[-112.73578295741098,35.177073014891064],[-112.71062798068547,35.1544336228808],[-112.71736589059375,35.14500052808792],[-112.71655739965152,35.13718438735573],[-112.70317136824426,35.11553319626858],[-112.65861109883724,35.078519463276095],[-112.61845297407271,35.05839549314497],[-112.61297281515667,35.04563834991818],[-112.59033328921166,35.02236993377314],[-112.55756017307536,34.999845768946955],[-112.5405843058078,34.99110057270696],[-112.52367117867631,34.9800155016793],[-112.5178117564372,34.97614887831077],[-112.51492665969707,34.969724332854476],[-112.51055440020744,34.967196156088576],[-112.5038026796,34.961306990120626],[-112.49893355563853,34.95663037614266],[-112.49661120221994,34.95508848528087],[-112.4863033765928,34.94999643888109],[-112.48187017180105,34.948213358317425],[-112.4794124584388,34.946389176325034],[-112.4747250106587,34.943421195775],[-112.47224552213399,34.93946018481888],[-112.47255960998824,34.937813598156744],[-112.47208713297972,34.93642777968782],[-112.46979943566647,34.93440620971798],[-112.46900945540898,34.93269299778195],[-112.4682801527557,34.92729813036294],[-112.44862410344746,34.83812121475948],[-112.44375101522064,34.826819963088596],[-112.42902149042389,34.81302216668026],[-112.42849430601458,34.80949755996489],[-112.42713048015698,34.80602823292489],[-112.4237067841152,34.804374816088306],[-112.41858821506732,34.80348220885161],[-112.409332111822,34.798913644075554]]}},{"type":"Feature","properties":{"average_dip":"(50,,)","catalog_id":"US_8","catalog_name":"USGS Hazfaults 2014","dip_dir":"NW","name":"Emigrant fault","net_slip_rate":"(0.33,0.17,0.42)","slip_type":"Normal"},"geometry":{"type":"LineString","coordinates":[[-110.50601417989338,45.57544654568848],[-110.50268977284333,45.56125203313524],[-110.53718956504174,45.53052698186462],[-110.5521933023756,45.49674751728411],[-110.57797836911949,45.46045241776855],[-110.59109551859251,45.41625165983956],[-110.58067366890806,45.38229264026902],[-110.58795095156744,45.37187129429228],[-110.59612672019084,45.36477400626829],[-110.62999780577638,45.35030978298414],[-110.67375156322974,45.33997813708458],[-110.6971109199917,45.33054501118643],[-110.73053261077997,45.30637834206783],[-110.73754040873557,45.294339991093004],[-110.75074744812753,45.28553574784228],[-110.81219944410104,45.26190695811404],[-110.82693351167816,45.25247359431319],[-110.84364399055967,45.22884536023662],[-110.86673339190064,45.22614973821536],[-110.90240052055624,45.20054457773482]]}},{"type":"Feature","properties":{"average_dip":"(90,,)","catalog_id":"US_9","catalog_name":"USGS Hazfaults 2014","name":"Embudo fault","net_slip_rate":"(0.13,0.11,0.2)","slip_type":"Sinistral"},"geometry":{"type":"LineString","coordinates":[[-105.59997476300269,36.32937642127558],[-105.61821250003807,36.32865733822631],[-105.67993318929958,36.31194611019494],[-105.74920048512575,36.30089455070926],[-105.78459813806076,36.27636852729535],[-105.86500643795699,36.23135907506794],[-105.97865601818633,36.177994290944234],[-106.07128205632684,36.120945746981384],[-106.12797164190641,36.07647527097738],[-106.22410121206293,36.03523880691781]]}},{"type":"Feature","properties":{"average_dip":"(50,,)","catalog_id":"US_10","catalog_name":"USGS Hazfaults 2014","dip_dir":"E","name":"Teton fault","net_slip_rate":"(0.91,0.87,0.91)","slip_type":"Normal"},"geometry":{"type":"LineString","coordinates":[[-110.86717649669431,43.54480168431904],[-110.85450921273576,43.57364057124532],[-110.83788882769075,43.593855044078744],[-110.8156082712282,43.60831989928882],[-110.80392988507377,43.65683386127811],[-110.76484938201902,43.686033211750114],[-110.7609870844381,43.71855549704672],[-110.74598424182628,43.74559799489446],[-110.73583235115603,43.834180855767315],[-110.7409533187057,43.84648883424736],[-110.7487696219766,43.85133997523095],[-110.75586714186615,43.87272161721441],[-110.73169979182862,43.89167889902579],[-110.71579775627865,43.92060810812332],[-110.71265333478061,43.941002073708646],[-110.70429808276344,43.9522324151679],[-110.70142316393549,43.984125954792376],[-110.66252128907836,44.052225458933925]]}},{"type":"Feature","properties":{"average_dip":"(50,,)","catalog_id":"US_11","catalog_name":"USGS Hazfaults 2014","dip_dir":"W","name":"Rock Creek fault","net_slip_rate":"(0.81,0.52,1.86)","slip_type":"Normal"},"geometry":{"type":"LineString","coordinates":[[-110.80273044193001,42.143948907040155],[-110.80282023033926,42.123825393041166],[-110.81324200456527,42.07890687830282],[-110.80803092341618,42.014673388037195],[-110.82635893395108,41.94433087630905],[-110.82743712788768,41.869496647877455],[-110.81872239973823,41.841737160062245],[-110.82123798885927,41.79933409806229],[-110.82932391966605,41.77858168116451]]}},{"type":"Feature","properties":{"average_dip":"(50,,)","catalog_id":"US_12","catalog_name":"USGS Hazfaults 2014","dip_dir":"W","name":"Great Salt Lake fault zone, Antelope Island section","net_slip_rate":"(0.55,0.0,0.8)","slip_type":"Normal"},"geometry":{"type":"LineString","coordinates":[[-112.3197146833833,41.03434876392629],[-112.3019261533973,41.01215869612877],[-112.26562952581477,40.9890706001639],[-112.27227763922892,40.96607193714791],[-112.26994146702634,40.94442102508418],[-112.2372379325953,40.870215023700744],[-112.21702337821708,40.854493527978576],[-112.18441048918811,40.819097492271986],[-112.19564038874204,40.793852871982935],[-112.20426476164525,40.75046101290331],[-112.21450657008216,40.73402031894685],[-112.23049829612505,40.723868487916334]]}},{"type":"Feature","properties":{"average_dip":"(50,,)","catalog_id":"US_13","catalog_name":"USGS Hazfaults 2014","dip_dir":"W","name":"Great Salt Lake fault zone, Fremont Island section","net_slip_rate":"(0.46,0.0,1.08)","slip_type":"Normal"},"geometry":{"type":"LineString","coordinates":[[-112.52186112368445,41.209977397905696],[-112.52015429679685,41.19919702129891],[-112.49221285026456,41.178265307741015],[-112.45268117823986,41.17125929225211],[-112.44091170291559,41.161557190103416],[-112.41404830479286,41.15149619526665],[-112.36454526663906,41.09319234923694],[-112.35448365755319,41.06013185373731],[-112.3273516146515,41.025993525003656],[-112.3191764820353,41.00362375108861],[-112.30605933076562,40.99266361329888]]}},{"type":"Feature","properties":{"average_dip":"(50,,)","catalog_id":"US_14","catalog_name":"USGS Hazfaults 2014","dip_dir":"W","name":"Selenite Range fault zone","net_slip_rate":"(0.17,0.13,0.26)","slip_type":"Normal"},"geometry":{"type":"LineString","coordinates":[[-119.28949026420082,40.49833009571693],[-119.3026964286337,40.46023868708613],[-119.30179784834657,40.448290169283815],[-119.2886804401587,40.42151828012155],[-119.29739449187676,40.37992316590527],[-119.29838211137822,40.340843494727594]]}},{"type":"Feature","properties":{"average_dip":"(50,,)","catalog_id":"US_15","catalog_name":"USGS Hazfaults 2014","dip_dir":"W","name":"Great Salt Lake fault zone, Promontory section","net_slip_rate":"(0.26,0.0,1.19)","slip_type":"Normal"},"geometry":{"type":"LineString","coordinates":[[-112.83631753693743,41.53411003223516],[-112.8039743176652,41.493413611664266],[-112.77558407461362,41.467360737004114],[-112.7049677526741,41.43564831401076],[-112.65528389173845,41.39818613202075],[-112.57631141227999,41.388124878832755],[-112.54738134013313,41.37554777185412],[-112.53372396720441,41.34644053603583],[-112.51350818213422,41.32443045633573],[-112.51260711441205,41.26307145215722],[-112.50290349833995,41.23692884799843],[-112.49023568257876,41.21491910276475],[-112.45879027194083,41.19183200368526]]}},{"type":"Feature","properties":{"average_dip":"(90,,)","catalog_id":"US_16","catalog_name":"USGS Hazfaults 2014","name":"Indian Head fault","net_slip_rate":"(0.1,0.05,0.12)","slip_type":"Dextral"},"geometry":{"type":"LineString","coordinates":[[-118.37451232211563,38.66859440783452],[-118.36705547790908,38.64361934372835],[-118.35169243691942,38.61558988415606],[-118.29796724237012,38.56537045789555],[-118.28907287362172,38.551804785291836]]}},{"type":"Feature","properties":{"average_dip":"(50,,)","catalog_id":"US_17","catalog_name":"USGS Hazfaults 2014","dip_dir":"W","name":"Wasatch fault, Levan section","net_slip_rate":"(0.54,0.39,1.57)","slip_type":"Normal"},"geometry":{"type":"LineString","coordinates":[[-111.8275536241691,39.64338504767138],[-111.82063512144768,39.624070039735145],[-111.82162194683845,39.5740302291945],[-111.83204290898742,39.550402704673],[-111.86204955630673,39.52713434723447],[-111.85998251307502,39.50566309121422],[-111.87166184425716,39.48877338570881],[-111.88414993138453,39.47925035111737],[-111.88513820665615,39.45715016018971],[-111.91325887786738,39.4335223922468],[-111.91478620519155,39.42112467497578],[-111.92062596959727,39.41815994278477],[-111.9191884243942,39.38635725012222],[-111.92260243929213,39.380697384845114]]}},{"type":"Feature","properties":{"average_dip":"(50,,)","catalog_id":"US_18","catalog_name":"USGS Hazfaults 2014","dip_dir":"W","name":"Wasatch fault, Brigham City section","net_slip_rate":"(1.19,0.7,2.09)","slip_type":"Normal"},"geometry":{"type":"LineString","coordinates":[[-112.04830671623667,41.652073474241206],[-112.06070470683261,41.64039457278903],[-112.05531404796663,41.63060242816759],[-112.05612245536553,41.61640823915998],[-112.04201730730198,41.61056896906124],[-112.01793926597335,41.56017079295727],[-112.01991561259902,41.55415173882622],[-111.99871278833903,41.52351765478223],[-111.98865032136209,41.49917199731095],[-112.02934734995712,41.44356321302805],[-112.02898770134829,41.427662362242295],[-112.02171040701081,41.416612579295965],[-112.02539322029966,41.38067823479455],[-111.9885583689113,41.358938082045036],[-111.96142604483688,41.333334618119174]]}},{"type":"Feature","properties":{"average_dip":"(50,,)","catalog_id":"US_19","catalog_name":"USGS Hazfaults 2014","dip_dir":"NW","name":"Cuddy Mountain-Lick Creek fault","net_slip_rate":"(0.07,0.06,0.09)","slip_type":"Normal"},"geometry":{"type":"LineString","coordinates":[[-116.62604480566377,44.97842887204433],[-116.7317815613399,44.880800596223644],[-116.83708978020134,44.79766961925494],[-116.87529394166211,44.77749752178673]]}},{"type":"Feature","properties":{"average_dip":"(50,,)","catalog_id":"US_20","catalog_name":"USGS Hazfaults 2014","dip_dir":"W","name":"Wasatch fault, Provo section","net_slip_rate":"(1.67,1.42,2.61)","slip_type":"Normal"},"geometry":{"type":"LineString","coordinates":[[-111.82171605165264,40.495053206742895],[-111.75379571671293,40.48571033795962],[-111.74669800638053,40.4812185469385],[-111.74454176493269,40.47600803010965],[-111.75056136577011,40.46019637226866],[-111.74624869063497,40.45534518418564],[-111.75325652362487,40.44483406471272],[-111.75307682373712,40.434323035944935],[-111.74175623925528,40.4151877039588],[-111.74355310428382,40.41096530995676],[-111.72747070229616,40.39766957334036],[-111.72064235898823,40.384553437760566],[-111.691622039393,40.35382944293496],[-111.67607859782969,40.34179152270785],[-111.656941311225,40.31313353296228],[-111.63843300791426,40.31187622803365],[-111.63205387075742,40.28770990583803],[-111.63528825763282,40.27800733188882],[-111.63160463765688,40.23443568929792],[-111.62396788964497,40.21215573210672],[-111.61695983297457,40.2091911747397],[-111.60923321211176,40.19463725892256],[-111.59908063872193,40.18951665488815],[-111.59710403697473,40.17262681632063],[-111.58156070320928,40.16705704223419],[-111.55577501842447,40.14890984694092],[-111.55083351001402,40.13300822522043],[-111.55829078002203,40.12725838304361],[-111.55586490115684,40.1212391440549],[-111.57167794330657,40.10048601099817],[-111.57266632098612,40.08422501933636],[-111.59665529525262,40.0835959418557],[-111.61875757026725,40.07155726317943],[-111.63528931674655,40.048558205888625],[-111.63142606156154,40.032477028905014],[-111.64364536287444,40.006243932174506],[-111.6892873026982,39.986479260710176],[-111.69333042216267,39.97156609697625]]}},{"type":"Feature","properties":{"average_dip":"(50,,)","catalog_id":"US_21","catalog_name":"USGS Hazfaults 2014","dip_dir":"W","name":"North Promontory fault","net_slip_rate":"(0.26,0.25,0.52)","slip_type":"Normal"},"geometry":{"type":"LineString","coordinates":[[-112.55062177895861,41.90145813002095],[-112.55017223683761,41.879178372941716],[-112.55708994275338,41.854473006757054],[-112.55556185725112,41.78889138918016],[-112.56032334058365,41.765982731065506],[-112.59437338315024,41.69914320389492],[-112.61809166358059,41.67353932594615]]}},{"type":"Feature","properties":{"average_dip":"(50,,)","catalog_id":"US_22","catalog_name":"USGS Hazfaults 2014","dip_dir":"E","name":"Sawtooth fault","net_slip_rate":"(0.52,0.22,0.58)","slip_type":"Normal"},"geometry":{"type":"LineString","coordinates":[[-114.75295914641282,43.85070483995047],[-114.80476904833475,43.89444239315598],[-114.8478906631193,43.922943343117865],[-114.86597991941798,43.94617440079401],[-114.8857712181771,43.986514429857024],[-114.89795689375227,44.00530015077292],[-114.90811756904768,44.01297427799883],[-114.9216116381392,44.028952324906406],[-114.92697550924339,44.05614550012089],[-114.94740593776761,44.085283222812876],[-114.96553083203024,44.13204109206206],[-114.97432000626223,44.15137675403158],[-114.98935410485606,44.164970007222315],[-115.01448896201417,44.17744171286331],[-115.03744381728514,44.19561103180728],[-115.05296151762394,44.20921494531707],[-115.06271285759385,44.22012168307891],[-115.08277144826911,44.234670627275214],[-115.09916083064049,44.244333428046275],[-115.12755140157716,44.259977198048084],[-115.15269189476534,44.28189253122294],[-115.164709057173,44.305684591051964]]}},{"type":"Feature","properties":{"average_dip":"(50,,)","catalog_id":"US_23","catalog_name":"USGS Hazfaults 2014","dip_dir":"SE","name":"Eglington fault","net_slip_rate":"(0.03,0.0,0.16)","slip_type":"Normal"},"geometry":{"type":"LineString","coordinates":[[-115.22067445330988,36.230764289104705],[-115.21735088259136,36.247204590294245],[-115.20737880769155,36.26184836689795],[-115.1880631390276,36.266610238056906],[-115.15536152878795,36.28951956572197],[-115.14907290677745,36.30290564079911]]}},{"type":"Feature","properties":{"average_dip":"(50,,)","catalog_id":"US_24","catalog_name":"USGS Hazfaults 2014","dip_dir":"SW","name":"Lemhi fault","net_slip_rate":"(0.31,0.29,0.38)","slip_type":"Normal"},"geometry":{"type":"LineString","coordinates":[[-114.04284961809313,44.69474187806026],[-114.02371281388373,44.685578471215656],[-114.00071286588042,44.68072747017738],[-113.95830631635025,44.65620091022786],[-113.93000564072237,44.64847461197818],[-113.90916207430408,44.64712691782772],[-113.83351303800333,44.61208895296282],[-113.81572401304562,44.609214010073295],[-113.7849969599876,44.59277317404725],[-113.73342451423626,44.54030628123677],[-113.66046940330173,44.4888272252694],[-113.657863366408,44.47984312477168],[-113.63018957920283,44.44983609703864],[-113.60637620581144,44.38380311498438],[-113.59137128988793,44.37131517919348],[-113.54878491919743,44.36736182089982],[-113.46109547568275,44.31974495682646],[-113.42542870994653,44.30635771794214],[-113.34969520236467,44.30716433826699],[-113.33316519322712,44.31030836291159],[-113.31645379806403,44.28380475591511],[-113.29462248278689,44.27086696881658],[-113.2687476914141,44.232054715309644],[-113.24835399859515,44.21588271531304],[-113.2143035221423,44.19971110606481],[-113.20433090016847,44.18982844170219],[-113.20181460317498,44.16179787631928],[-113.14476344389693,44.078065255846994],[-113.1335323558719,44.02937099028594],[-113.10181826272576,44.00403547104337],[-113.0636361558035,43.998914349857905],[-113.04261330811238,43.97645448205614],[-113.03300023144112,43.956600182734114],[-113.0337183886967,43.91329804683842],[-113.00730512288811,43.886256696861984],[-112.94486467018329,43.867121924313125],[-112.90668143587537,43.85005312525378],[-112.8890722203999,43.83028894383685],[-112.86562315158544,43.8157353290142]]}},{"type":"Feature","properties":{"average_dip":"(50,,)","catalog_id":"US_25","catalog_name":"USGS Hazfaults 2014","dip_dir":"NE","name":"Blacktail fault","net_slip_rate":"(0.04,0.03,0.05)","slip_type":"Normal"},"geometry":{"type":"LineString","coordinates":[[-112.38085275140264,44.905943992992896],[-112.43386113437268,44.93496248697847],[-112.49486647361388,44.98689021871646],[-112.55587108342304,45.014921133943254],[-112.60789136898791,45.04789308698257],[-112.64481757634573,45.065951403021955],[-112.67886916042133,45.0942514181269],[-112.7067209577832,45.10422398705617],[-112.7615263728684,45.137645004835605]]}},{"type":"Feature","properties":{"average_dip":"(50,,)","catalog_id":"US_26","catalog_name":"USGS Hazfaults 2014","dip_dir":"N","name":"Centennial fault","net_slip_rate":"(0.91,0.91,1.39)","slip_type":"Normal"},"geometry":{"type":"LineString","coordinates":[[-111.38970219983484,44.601844237925896],[-111.4025497514164,44.596094299746284],[-111.46193605791933,44.59267956872731],[-111.48924841515647,44.586480242148326],[-111.63676724481492,44.57659598409218],[-111.74322917179236,44.595910296079964],[-111.88464542682388,44.60749765486353],[-111.90548954121451,44.6057005977772],[-111.9224701246373,44.594650082867744],[-111.94160714803563,44.589888327833464],[-112.04412042418052,44.58305969915071],[-112.0842811019571,44.58611421807886],[-112.10746101574946,44.594020069962674],[-112.13962553765381,44.59393023506912],[-112.17511412884164,44.60156645614923]]}},{"type":"Feature","properties":{"average_dip":"(50,,)","catalog_id":"US_27","catalog_name":"USGS Hazfaults 2014","dip_dir":"SE","name":"Desatoya Mountains fault zone","net_slip_rate":"(0.06,0.05,0.19)","slip_type":"Normal"},"geometry":{"type":"LineString","coordinates":[[-117.73816267844406,39.171336803927396],[-117.6805744919161,39.229193391135716],[-117.6508368972109,39.24788023025588],[-117.60510737883342,39.287050323815734],[-117.59405842782554,39.44471658812601],[-117.58794934310772,39.46196552098677],[-117.57788699291174,39.471847816301015],[-117.56539900819232,39.496193996061876],[-117.55327025436513,39.50715440990285],[-117.53844684304478,39.54776124204448]]}},{"type":"Feature","properties":{"average_dip":"(50,,)","catalog_id":"US_28","catalog_name":"USGS Hazfaults 2014","dip_dir":"SW","name":"Canyon Ferry fault","net_slip_rate":"(0.17,0.07,0.22)","slip_type":"Normal"},"geometry":{"type":"LineString","coordinates":[[-111.69023731333198,46.66663371821586],[-111.61854162695104,46.654775278859816],[-111.58269375366702,46.64345560214191],[-111.56328742163471,46.62764363689936],[-111.52977558939928,46.61506606427555],[-111.51324434058664,46.596738523858086],[-111.50533812763392,46.56502454000609],[-111.49284991474241,46.553794510149935],[-111.47982273334169,46.52100249301609],[-111.45224078719623,46.502854709715436],[-111.44199862302645,46.47707048685853],[-111.42555730725185,46.460989064108375],[-111.43373308036684,46.45290332729125],[-111.41944796561589,46.41534984411797]]}},{"type":"Feature","properties":{"average_dip":"(50,,)","catalog_id":"US_29","catalog_name":"USGS Hazfaults 2014","dip_dir":"E","name":"Western Smoke Creek Desert fault 2","net_slip_rate":"(0.17,0.13,0.39)","slip_type":"Normal"},"geometry":{"type":"LineString","coordinates":[[-119.64805143363812,40.61952257394257],[-119.62100897073651,40.67028130986207],[-119.57599807584027,40.700826523842196],[-119.57006849787243,40.72023169068396],[-119.50798761292808,40.74700366782142]]}},{"type":"Feature","properties":{"average_dip":"(50,,)","catalog_id":"US_30","catalog_name":"USGS Hazfaults 2014","dip_dir":"W","name":"Sevier/Toroweap fault zone (northern)","net_slip_rate":"(0.44,0.05,0.5)","slip_type":"Normal"},"geometry":{"type":"LineString","coordinates":[[-112.29695801443027,37.87456375332154],[-112.33109766843802,37.79676288801451],[-112.33343336812678,37.77295557826691],[-112.32804241641003,37.72677875511846],[-112.33325290736599,37.68410571632696],[-112.35472535826354,37.664970044044736],[-112.3745805128663,37.63595226120359],[-112.38500206071683,37.60289179921565],[-112.39623244356437,37.585732653216716],[-112.4028805093678,37.5556369413345],[-112.42183732173699,37.522396908656816],[-112.52937820801566,37.379732999285395],[-112.53737409259668,37.378924440093854],[-112.5457292188497,37.371198306798796],[-112.55246706497759,37.35287124470556],[-112.5620800221729,37.34083278090128],[-112.56989620506954,37.33750881411911],[-112.62406968320013,37.278844342775606],[-112.6608133924181,37.202661247934245],[-112.66593375091003,37.16906152832258]]}},{"type":"Feature","properties":{"average_dip":"(50,,)","catalog_id":"US_31","catalog_name":"USGS Hazfaults 2014","dip_dir":"W","name":"Wasatch fault, Weber section","net_slip_rate":"(1.45,1.27,2.48)","slip_type":"Normal"},"geometry":{"type":"LineString","coordinates":[[-111.96142604483688,41.333334618119174],[-111.94121181295381,41.336748218068934],[-111.93070014521567,41.306832628704605],[-111.94193005015946,41.29488456912669],[-111.94911704494623,41.27718690819208],[-111.94723028999881,41.26281307378865],[-111.93977339728322,41.259758600145176],[-111.93824602594161,41.250056273247665],[-111.92773465374917,41.24062297521823],[-111.92962133503477,41.22283480305857],[-111.92423083786555,41.214839080197635],[-111.93285555572186,41.20846055588925],[-111.93959369739547,41.186809427908585],[-111.93698830369546,41.17962220388276],[-111.92899245235213,41.17674729395577],[-111.92476987823999,41.16461906674416],[-111.90689152121716,41.15087354390778],[-111.90832898197861,41.14269819871098],[-111.89826673239396,41.13137841772549],[-111.91084446779341,41.10370807492197],[-111.9043759365877,41.08520125817521],[-111.91075466141784,41.068041979299714],[-111.90392669540232,41.05564418919215],[-111.90725082127967,41.039203662095126],[-111.89970412129017,41.02914168274239],[-111.89593067697233,41.00452588314752],[-111.88514968532884,40.99922553630215],[-111.88550892700086,40.99167902976864],[-111.87472771527013,40.977035441003636],[-111.8721221032795,40.96364953122289],[-111.87948908092338,40.9607746340221],[-111.88101631302611,40.95448597116477],[-111.87427810936873,40.94595140009473],[-111.86529331261056,40.90480539722688],[-111.85262537108522,40.89052113329433],[-111.85675782081816,40.86608496728805],[-111.88703427623476,40.84937488516395]]}},{"type":"Feature","properties":{"average_dip":"(50,,)","catalog_id":"US_32","catalog_name":"USGS Hazfaults 2014","dip_dir":"W","name":"Wasatch fault, Nephi section","net_slip_rate":"(1.53,0.61,2.22)","slip_type":"Normal"},"geometry":{"type":"LineString","coordinates":[[-111.73385054103723,40.084492911116094],[-111.73537801478678,40.06724387498594],[-111.72190135055388,40.027535339800764],[-111.732413468348,40.01208306797079],[-111.73403083201644,40.00022434871098],[-111.7519101852709,39.992228564959944],[-111.76296080894188,39.976686448048106],[-111.75783963298302,39.94434463627381],[-111.785870698143,39.93131772287356],[-111.79171026491936,39.882355563851384],[-111.8046475626894,39.86726256187078],[-111.80716304041937,39.828542097185036],[-111.81246371234836,39.82252281478966],[-111.82854515044374,39.750651655670666],[-111.82836495827921,39.73277382090756],[-111.81650489594338,39.706631234745196],[-111.82027813095378,39.70007297200424]]}},{"type":"Feature","properties":{"average_dip":"(50,,)","catalog_id":"US_33","catalog_name":"USGS Hazfaults 2014","dip_dir":"E","name":"Squaw Creek fault","net_slip_rate":"(0.13,0.04,0.13)","slip_type":"Normal"},"geometry":{"type":"LineString","coordinates":[[-116.44264281420197,43.94233500179344],[-116.38141958140211,44.029069279828974],[-116.34443151695214,44.114527000144264],[-116.32019869679837,44.194882725854235],[-116.33040446123283,44.24845309585898],[-116.33805956811419,44.36069518905262]]}},{"type":"Feature","properties":{"average_dip":"(90,,)","catalog_id":"US_34","catalog_name":"USGS Hazfaults 2014","name":"Coaldale fault 2","net_slip_rate":"(0.1,0.0,0.1)","slip_type":"Sinistral"},"geometry":{"type":"LineString","coordinates":[[-118.29598434433109,37.99993019592416],[-118.3449482046682,37.99076683698412],[-118.46794063305998,37.92931781514255]]}},{"type":"Feature","properties":{"average_dip":"(50,,)","catalog_id":"US_35","catalog_name":"USGS Hazfaults 2014","dip_dir":"S","name":"Rush Peak fault","net_slip_rate":"(0.07,0.06,0.09)","slip_type":"Normal"},"geometry":{"type":"LineString","coordinates":[[-116.87303399240969,44.70679375510246],[-116.82792576325578,44.693170785793676],[-116.79674348802918,44.69377600687497],[-116.76071744379001,44.683785817125134],[-116.6583886250106,44.69529140420883],[-116.623875620391,44.667138510852034],[-116.53305119218037,44.66138850694015]]}},{"type":"Feature","properties":{"average_dip":"(50,,)","catalog_id":"US_36","catalog_name":"USGS Hazfaults 2014","dip_dir":"W","name":"Northern Sangre de Cristo fault","net_slip_rate":"(0.33,0.24,0.59)","slip_type":"Normal"},"geometry":{"type":"LineString","coordinates":[[-105.99446029816878,38.39349384372297],[-105.98358937438556,38.38163512218357],[-105.97235925115115,38.354773367934484],[-105.85826047914378,38.269067060323195],[-105.84792898919709,38.24319346488725],[-105.82996089137569,38.22450689688547],[-105.81612572658089,38.199172261248975],[-105.81657531810922,38.17832954127507],[-105.8032790903826,38.15865479630687],[-105.80327930687658,38.14679605912],[-105.78755750840689,38.12442610425222],[-105.7800111973879,38.10232561600329],[-105.76617567236868,38.097653946308114],[-105.76725413130828,38.078967528795935],[-105.75261030399302,38.0631557988016],[-105.75207137860295,38.057675622866086],[-105.75467673906526,38.05866382776121],[-105.74784906500224,38.04509816691072],[-105.74030249616676,38.04123508415612],[-105.72592782297524,38.042313210921435],[-105.72044769909351,38.033688675706024],[-105.70355763081704,38.02632196829564],[-105.69466370224313,38.006826978067885],[-105.66627445272823,37.98212141991428],[-105.66914996624092,37.95588842125163],[-105.65190069761493,37.94079559229488],[-105.63285526015477,37.9012665296842],[-105.61839116596492,37.8823106892164],[-105.60006401511774,37.86281568781473],[-105.58550980912513,37.85733562226118],[-105.58173676994745,37.843500425230765],[-105.57050686680032,37.82939582411046],[-105.55765975539322,37.81960340970214],[-105.5264850314049,37.805858197709014],[-105.49522066902595,37.77773892102752],[-105.51444757336002,37.714762295075836],[-105.5254082424334,37.705778474106296],[-105.55478663768741,37.653313233219045],[-105.5533491499765,37.62142102469658],[-105.56062640927968,37.613066129130566],[-105.55676322056999,37.59366127490905],[-105.56808329660538,37.58126360664497],[-105.56179444821942,37.55476163325685],[-105.54670110573261,37.53688410915565],[-105.5206469971544,37.5367944047678],[-105.50555363220971,37.52942783182385],[-105.4921671758993,37.528709225028194],[-105.49908499769774,37.51262823429868],[-105.4825543956721,37.474807003132035],[-105.48641769756952,37.461780676779206],[-105.4832733129024,37.45486321326296],[-105.46880897976068,37.439950444051725],[-105.46440678930415,37.444532185168356],[-105.42523654634911,37.41299975513707],[-105.4057414868179,37.38892357007569],[-105.40062094237472,37.36709319573506],[-105.38292279907598,37.349754905284904],[-105.37349005470647,37.32819406021574],[-105.3575899128051,37.25821107418092],[-105.35839862922447,37.2515630806661],[-105.37906108360337,37.23063124370781],[-105.37986941823874,37.22362406867753],[-105.37133373420689,37.18499471292963],[-105.35426342435855,37.156696563143434],[-105.35381359477665,37.13280022071646],[-105.34869244576727,37.12534392429101],[-105.3526453501227,37.12219962503314],[-105.34977010520629,37.10980228333411],[-105.35291397603704,37.0913859229911],[-105.3688150980004,37.07018457192075],[-105.38184119333793,37.041167547036515],[-105.37986419004379,37.02329016078477],[-105.36980165659149,37.005772303772794]]}},{"type":"Feature","properties":{"average_dip":"(50,,)","catalog_id":"US_37","catalog_name":"USGS Hazfaults 2014","dip_dir":"E","name":"Dixie Valley fault zone","net_slip_rate":"(0.39,0.39,0.54)","slip_type":"Normal"},"geometry":{"type":"LineString","coordinates":[[-118.27892865366567,39.360805954737565],[-118.25889409112767,39.37176623103572],[-118.23607459400367,39.39772936733206],[-118.22807911007128,39.42701640483244],[-118.2109195247517,39.447409642244],[-118.2087636273586,39.47346248612595],[-118.20274429511747,39.47975115174686],[-118.20220588536036,39.53491157894589],[-118.20894412674696,39.54317661465831],[-118.20364345571626,39.5466803226782],[-118.20508107008962,39.55476570487455],[-118.19861247959514,39.56051536588526],[-118.19825329990688,39.57390121330484],[-118.18450766211157,39.592767231044235],[-118.1828008720549,39.607949884145334],[-118.17291838074848,39.61846097219729],[-118.17723103342574,39.63993218475872],[-118.18648480284794,39.65709121694913],[-118.18540689816885,39.665086769831056],[-118.20094966779233,39.68682748493048],[-118.20247731401838,39.72069639876729],[-118.19142702002914,39.733453382313414],[-118.16645098142003,39.731207561949354],[-118.15575993269606,39.73668774001252],[-118.14506874113995,39.73623861005328],[-118.11515176994048,39.75573348582761],[-118.09916023434045,39.77828292320522],[-118.10113679386683,39.782145989156206],[-118.08801999294008,39.79175867395818],[-118.07373548095869,39.81170285424494],[-118.04732204806345,39.81978837307771],[-118.03133029686774,39.82931129099292],[-118.02863523603101,39.840001993214045],[-118.01596768527281,39.853208213688895],[-118.01731551483019,39.873781161998636],[-118.02459286665983,39.884741392094455],[-118.0148900312237,39.89660005403226],[-117.9880273526515,39.91007597270047],[-117.9749105121989,39.92876228404171],[-117.961254492133,39.93990231393803],[-117.94148914660077,39.9485268417936],[-117.89234522794813,39.960565305223284],[-117.83466652717213,40.01132401307721],[-117.82038147620156,40.040341899944174],[-117.80124497113115,40.06585598215039],[-117.78228815516871,40.14841747505685],[-117.77339372623321,40.1682718229029],[-117.7414995388389,40.20780091069241],[-117.73709729178846,40.22675678313633]]}},{"type":"Feature","properties":{"average_dip":"(50,,)","catalog_id":"US_38","catalog_name":"USGS Hazfaults 2014","dip_dir":"W","name":"Warner Valley faults (east)","net_slip_rate":"(0.14,0.12,0.17)","slip_type":"Normal"},"geometry":{"type":"LineString","coordinates":[[-119.49936944738346,42.88800180873411],[-119.49936891917406,42.83584958079268],[-119.54538649941537,42.73001098978526],[-119.58526926269755,42.71927350176515],[-119.62054990467686,42.68092614911237],[-119.63895705858494,42.64411276218987],[-119.69740473431212,42.591028649844645],[-119.73712978487144,42.556680484155336],[-119.78464050255721,42.5283211700798],[-119.8000205172141,42.51066381872949],[-119.79848587131531,42.47691869892098],[-119.81535815115252,42.44470762275068],[-119.82762830789028,42.3971578651897],[-119.82762752455935,42.366480627199316],[-119.79694821695865,42.33733733688903],[-119.76166638471155,42.28518621508358],[-119.75859484982072,42.07811323692181],[-119.76779736406779,42.004487076179686],[-119.69496642725495,41.926949708088465],[-119.67268509374972,41.8911041322351],[-119.66711461013018,41.87008192923333],[-119.67322351069335,41.844927105710305],[-119.67016825686876,41.79560576427962],[-119.67403130813618,41.785543825820454],[-119.71221368724798,41.75625646524444],[-119.7254199307326,41.733617135749626],[-119.76566851764285,41.71304404105554]]}},{"type":"Feature","properties":{"average_dip":"(50,,)","catalog_id":"US_39","catalog_name":"USGS Hazfaults 2014","dip_dir":"E","name":"San Andres Mountains fault","net_slip_rate":"(0.13,0.09,0.16)","slip_type":"Normal"},"geometry":{"type":"LineString","coordinates":[[-106.48684897789954,32.41703491693367],[-106.47624776789047,32.423413497116705],[-106.45926875741773,32.48926430596256],[-106.44417580210481,32.50839971787804],[-106.43995370499809,32.53175734575897],[-106.44220030438709,32.561044266275935],[-106.42935384605522,32.598955546696025],[-106.43267815429058,32.60578312666041],[-106.4481310088423,32.61566506017929],[-106.4567560662618,32.63246446019814],[-106.47858765103354,32.64351423496076],[-106.48146316364787,32.67594535516762],[-106.4957479693784,32.68106593127329],[-106.49350229076254,32.69705694373526],[-106.47813973037162,32.71250911272415],[-106.47158199466155,32.74287405633863],[-106.47984762984765,32.75697845417631],[-106.49763607179874,32.757696968337406],[-106.50446416268007,32.76398562128498],[-106.50329658637268,32.78887097692011],[-106.49916400997729,32.79668693617855],[-106.51219142404166,32.814924010223194],[-106.5177620298321,32.83657505776401],[-106.52081692073733,32.85382401584007],[-106.51668470636298,32.88239264512986],[-106.52611835892927,32.89694638392857],[-106.52890384957239,32.91895674762939],[-106.53537254876305,32.923268954791965],[-106.545704805871,32.94590800609402],[-106.56169682027308,32.9574969550884],[-106.55828328866876,32.97878873688083],[-106.57768960093813,33.017508735087],[-106.57229938673822,33.044999377807684],[-106.57715106002698,33.06548243432487],[-106.57005373507185,33.085786043648326],[-106.57643251559752,33.09117624601383],[-106.57840921166783,33.104112986126296],[-106.58541696560597,33.11309674919651],[-106.58568710338497,33.17769048590031],[-106.58254275195551,33.19098663370479],[-106.52648148671321,33.229887454338986],[-106.50644686129311,33.252886213335465],[-106.4907245148511,33.258995304969005],[-106.47985381385007,33.26788915828837],[-106.44984712161498,33.310741691770595],[-106.42001992265514,33.3319433598653],[-106.41651655772579,33.368237559640896],[-106.40771228191554,33.37973677326277],[-106.4075328892516,33.40498107193286],[-106.41534947728844,33.429147278662455],[-106.41301369405633,33.43660369007363]]}},{"type":"Feature","properties":{"average_dip":"(50,,)","catalog_id":"US_40","catalog_name":"USGS Hazfaults 2014","dip_dir":"W","name":"Santa Rosa fault system","net_slip_rate":"(0.17,0.01,0.19)","slip_type":"Normal"},"geometry":{"type":"LineString","coordinates":[[-117.26222867423283,42.57026763617582],[-117.34910411474269,42.556432759826954],[-117.36949788930833,42.5603856450556],[-117.43615935126003,42.554276883199535],[-117.5620238562102,42.49740945426385],[-117.6093689676767,42.486359614685945],[-117.63389472035975,42.467673354118965],[-117.63614040795872,42.457072577824725],[-117.64808887260332,42.45132300321828],[-117.67189563439428,42.42113752170405],[-117.75292667608984,42.228345928318454],[-117.74663900629352,42.15207374774819],[-117.76047486009615,42.131321405019705],[-117.75562370962692,42.10805341979274],[-117.76317066473796,42.09502708107185],[-117.7506829962255,42.068075619945304],[-117.74924577172098,42.05424056068985],[-117.75328870343753,42.04633500269425],[-117.74349622332258,42.03618322499565],[-117.7312778508677,42.03402707668841],[-117.70504457330608,42.00923166886555],[-117.6991150707967,41.98542472484486],[-117.70288826987446,41.97976498026802],[-117.69264626021493,41.95748522717698],[-117.69965351468979,41.92379612230706],[-117.70728993840986,41.91023069408471],[-117.69632909416502,41.899809454668464],[-117.68411043424925,41.87645160733383],[-117.69363350062734,41.85803495526982],[-117.69291457890546,41.84375069998534],[-117.68905130126257,41.83297022731819],[-117.67997722005,41.82461522990087],[-117.66605119066419,41.77116174286971],[-117.66641045928567,41.76136945425351],[-117.67728116567659,41.752026414670205],[-117.68168316299536,41.738101663734504],[-117.70010044091667,41.72282938807323],[-117.72193199155245,41.721302322677005],[-117.7375640986309,41.70063971375011],[-117.73702433331601,41.66362665969776],[-117.74663700215213,41.63622615325221],[-117.75005001003865,41.589510611002055],[-117.75867472340337,41.57783181681751],[-117.75984246230583,41.56759030069088],[-117.75076796068169,41.54234582582805],[-117.73585414830107,41.53947089382082],[-117.72354564967036,41.529319252298365],[-117.73423628427096,41.4998525090582],[-117.75885255659195,41.47353017132563],[-117.76460197563296,41.44424303273056],[-117.76918388035031,41.44244625067239],[-117.74995695894826,41.40318700671525],[-117.69551190393757,41.3583576418496]]}},{"type":"Feature","properties":{"average_dip":"(50,,)","catalog_id":"US_41","catalog_name":"USGS Hazfaults 2014","dip_dir":"NW","name":"Western Toiyabe Range fault zone","net_slip_rate":"(0.11,0.09,0.36)","slip_type":"Normal"},"geometry":{"type":"LineString","coordinates":[[-116.86526511120266,40.00468288688599],[-116.87056558101072,39.985367562928566],[-116.88997113959357,39.96165019694735],[-116.91782145832845,39.89139648916982],[-116.96202329364893,39.84647723972529],[-117.00182284059643,39.8118894189469],[-117.02994335190753,39.793651930699305],[-117.07576196788983,39.70039923801731],[-117.09714329278664,39.61990417130059],[-117.08456518458634,39.60382321576123],[-117.07917447810966,39.58513691328389],[-117.08438508943985,39.57067288718346],[-117.07908421359329,39.554951309003954],[-117.0805209889402,39.49826346913222],[-117.08429417993314,39.48865073917215],[-117.09390721438355,39.48550636289684],[-117.10028590687433,39.47337825899654],[-117.1008246966188,39.44912201921004],[-117.12112868187685,39.41947543921212],[-117.13541308067052,39.38237236365674],[-117.13325677364567,39.374825961323516],[-117.1381081981011,39.36665067900902],[-117.16326362039098,39.347155685235464],[-117.18204017232368,39.31607172501739],[-117.2168983420148,39.28723349328743],[-117.22363615310837,39.2587547508719],[-117.21932345910862,39.22605357814687],[-117.2354947880212,39.207187271018185],[-117.23414711117745,39.203144599981655],[-117.26388471756077,39.19101616207947],[-117.31051241198348,39.12534373009819],[-117.31769968973958,39.10701664530855],[-117.31293795577707,39.09407991721012],[-117.34402264881098,39.010619573914596],[-117.35570205006171,38.992112794299864],[-117.36495546285275,38.94728322420388],[-117.3756466741718,38.92536247132294],[-117.4358408859154,38.907663814989476]]}},{"type":"Feature","properties":{"average_dip":"(50,,)","catalog_id":"US_42","catalog_name":"USGS Hazfaults 2014","dip_dir":"SW","name":"Beaverhead fault","net_slip_rate":"(0.21,0.16,0.31)","slip_type":"Normal"},"geometry":{"type":"LineString","coordinates":[[-113.61844234436836,44.94728001275209],[-113.62517992728989,44.91691416617939],[-113.62167545833104,44.893825460147404],[-113.60514409902562,44.87648647386446],[-113.5958898418182,44.85519443824774],[-113.55195658210646,44.832644672135736],[-113.53722211567734,44.81638358926115],[-113.48124964171434,44.793114955799716],[-113.4373155187216,44.78143569280952],[-113.42752197679799,44.757358561214254],[-113.4135052894337,44.73507810214678],[-113.40353221201404,44.72546509715904],[-113.37873485370483,44.71513330179691],[-113.26094912178525,44.701207561196696],[-113.25340208043596,44.69402022897475],[-113.22761660136534,44.67371564414733],[-113.21818293442601,44.66760632307044],[-113.21467887869218,44.65808298226458],[-113.18260387839752,44.6237631128761],[-113.17352899678599,44.59788859583792],[-113.14549742407792,44.58629876010299],[-113.13821951708942,44.564197637935735],[-113.12393376183967,44.54344413292211],[-113.0994954233186,44.519007110930616],[-113.06256889616053,44.50040972884785],[-113.06032220244842,44.480195485281214],[-113.08116564669581,44.46707870914605],[-113.07218058493466,44.443001100019984],[-113.00883899533743,44.362772415311724],[-112.96706192407291,44.34246797397235],[-112.95969443528764,44.32584730717059],[-112.93426858955453,44.305722743868934],[-112.92699080833017,44.28353200517215],[-112.89734199232785,44.25343518185984],[-112.88979485935039,44.22684221586458],[-112.87488077927179,44.20249530222804],[-112.8894347543974,44.1424814792967],[-112.84379459144127,44.12684937325729],[-112.8197167288774,44.113553151796296],[-112.78180299993447,44.078964883762204],[-112.77183028633249,44.05434873127875],[-112.76176781755889,44.04455627414887]]}},{"type":"Feature","properties":{"average_dip":"(50,,)","catalog_id":"US_43","catalog_name":"USGS Hazfaults 2014","dip_dir":"E","name":"Steens fault zone","net_slip_rate":"(0.35,0.17,0.6)","slip_type":"Normal"},"geometry":{"type":"LineString","coordinates":[[-118.75646589104596,41.75229929202028],[-118.77677097135035,41.77996949827817],[-118.77686101937276,41.80638198681071],[-118.77129107564069,41.8299196769984],[-118.74191318344324,41.89999386613586],[-118.73212060092034,41.91679377089855],[-118.71864428703039,41.92398093101411],[-118.71693749517709,41.93494129128551],[-118.67668860194131,41.96216276398742],[-118.67264586605745,41.97258406018148],[-118.63092203973646,42.02184370205922],[-118.6044575178544,42.064579400021294],[-118.58161543169427,42.0971012350548],[-118.60756779079523,42.12824174175646],[-118.608866275894,42.16976281074444],[-118.64260415839092,42.20090322810475],[-118.66596177781115,42.25150673569808],[-118.67292224982262,42.294205682013256],[-118.66474705162942,42.31073603317976],[-118.66744293172968,42.33535171302048],[-118.65145215430773,42.37766580378006],[-118.63698826223882,42.40201213829694],[-118.62432267519786,42.48538225523341],[-118.61390185767762,42.52032922424554],[-118.60563673902281,42.53281672725932],[-118.53726744407035,42.55330026788821],[-118.53322544929667,42.58815720469191],[-118.51759356859364,42.61456953311616],[-118.4982787461427,42.6624529346953],[-118.49801099698408,42.73261587421989],[-118.48866776703765,42.74734915218558],[-118.48489470360549,42.76387918283779],[-118.45794269386649,42.79729852480174],[-118.44850986595364,42.82245297471057],[-118.43269791166372,42.83646744696483],[-118.38903577069124,42.88542866882404],[-118.34158245894542,42.945033870907636],[-118.27152614675403,43.01892750175735],[-118.24053138226658,43.04695718506783],[-118.15967370284443,43.093582877731556],[-118.13685438358686,43.12008530614108],[-118.09732414886659,43.14703677687408],[-118.08384783767157,43.151977956899565],[-117.95663387541677,43.26822983510404],[-117.89651712180687,43.31872440298797],[-117.84461391726626,43.34597291327661],[-117.82277019895,43.388255513896205]]}},{"type":"Feature","properties":{"average_dip":"(50,,)","catalog_id":"US_44","catalog_name":"USGS Hazfaults 2014","dip_dir":"E","name":"Carson Range-Kings Canyon fault","net_slip_rate":"(2.12,1.64,2.61)","slip_type":"Normal"},"geometry":{"type":"LineString","coordinates":[[-119.80902489904209,38.66866925489524],[-119.81899679517717,38.78249456998131],[-119.79599759187724,38.82166480774205],[-119.8020171666635,38.85724156867616],[-119.8369655379889,38.88563132815202],[-119.8450512693697,38.89982609976363],[-119.8404695389255,38.911954408905004],[-119.84810606325688,38.93135994381145],[-119.8378642799728,38.95417933430078],[-119.84100880477706,38.97160837165847],[-119.83166538618444,38.98122117305506],[-119.83445049863681,38.98975609228014],[-119.84550093815315,38.99568552292412],[-119.84882522662558,39.00682560782757],[-119.84370476842065,39.02685990976102],[-119.83130720362617,39.043659898159426],[-119.84442438903183,39.06117860211577],[-119.84613191480871,39.084806467901885],[-119.85511636391887,39.09711442507489],[-119.85699725107085,39.112410496972146],[-119.83734372962185,39.124704643748856],[-119.83859885663513,39.13552337224767],[-119.81910462984219,39.145511370030704],[-119.81537418069044,39.15594011867104],[-119.79421157939565,39.18032493431224],[-119.79363524366555,39.18999062633243],[-119.73547081213735,39.22811151321079]]}},{"type":"Feature","properties":{"average_dip":"(50,,)","catalog_id":"US_45","catalog_name":"USGS Hazfaults 2014","dip_dir":"E","name":"Hoppin Peaks fault zone","net_slip_rate":"(0.17,0.13,0.17)","slip_type":"Normal"},"geometry":{"type":"LineString","coordinates":[[-117.99666581203671,41.511712455918186],[-117.98166230556988,41.52249301402694],[-117.96656927210354,41.55249887682798],[-117.99010927198431,41.62284216219336],[-117.9625287631433,41.68357253803709],[-117.93593594387235,41.713398502185576],[-117.90467107035202,41.72435840509994],[-117.83082159582227,41.797036459029755],[-117.81069707868664,41.810691596786135],[-117.80261138503509,41.82353830183979],[-117.79892816480944,41.85543062772252],[-117.74448452374703,41.942841943282794],[-117.82911501237813,42.0993400849115],[-117.84241068674253,42.159261936779664],[-117.94069735444137,42.28081345374116],[-117.94869400798024,42.31189751294135],[-117.94402272089212,42.33408747630762]]}},{"type":"Feature","properties":{"average_dip":"(50,,)","catalog_id":"US_46","catalog_name":"USGS Hazfaults 2014","dip_dir":"E","name":"Nacimiento fault","net_slip_rate":"(0.04,0.03,0.23)","slip_type":"Normal"},"geometry":{"type":"LineString","coordinates":[[-106.85738846838822,35.485253450201945],[-106.8556823637461,35.58488228205513],[-106.85765919097044,35.624590035008914],[-106.86871003023708,35.67768354726279],[-106.8701479599191,35.74407276885349],[-106.878233586197,35.77398847193954],[-106.88775663730375,35.790159124097094],[-106.89413512138536,35.82438701089193],[-106.8829947263731,35.87298879967532],[-106.88847493379818,35.887362801772746],[-106.88856476173333,35.89670582773968],[-106.89359567676905,35.90874393067016],[-106.89260726495351,35.94755357531268],[-106.90141133684617,35.99992847486164],[-106.89916578579113,36.03478601975702],[-106.90725159891859,36.05410141710086],[-106.90931821185725,36.07386600892837],[-106.90931846158892,36.09174401504791],[-106.90150267574765,36.115461487171984],[-106.91120646609292,36.190746762793054],[-106.90563653583558,36.19847289273027],[-106.90204313725685,36.21976460577897]]}},{"type":"Feature","properties":{"average_dip":"(50,,)","catalog_id":"US_47","catalog_name":"USGS Hazfaults 2014","dip_dir":"W","name":"San Francisco fault","net_slip_rate":"(0.11,0.08,0.22)","slip_type":"Normal"},"geometry":{"type":"LineString","coordinates":[[-106.32112606568948,35.48813152317078],[-106.32489937975163,35.44959157465602],[-106.33100849860541,35.43279206167324],[-106.36937007365007,35.375116769720925],[-106.39075190789168,35.353735537152694],[-106.40422756331651,35.320136785023536],[-106.42596854041544,35.298576003882424],[-106.44294817342069,35.28959233585689],[-106.45687321016808,35.288065152677625],[-106.47106784031544,35.291748426963395]]}},{"type":"Feature","properties":{"average_dip":"(50,,)","catalog_id":"US_48","catalog_name":"USGS Hazfaults 2014","dip_dir":"W","name":"Southern Sangre de Cristo fault","net_slip_rate":"(0.23,0.17,0.27)","slip_type":"Normal"},"geometry":{"type":"LineString","coordinates":[[-105.50357721641379,37.17780710524185],[-105.50537376613363,37.16001954224917],[-105.48740519130682,37.126061692139565],[-105.48794384540571,37.10135679977207],[-105.51166097778913,37.05715731067617],[-105.50806652368996,37.00720842091988],[-105.52082318462938,36.965074851108525],[-105.53663495117141,36.94917345878938],[-105.54525894768054,36.91296896391031],[-105.54588754829219,36.89805601092054],[-105.54067658931397,36.88898250930821],[-105.5470550671074,36.87901043911852],[-105.54346124272722,36.86796060721616],[-105.54597643119965,36.85170005074388],[-105.55639778860736,36.84190757420685],[-105.54840168393912,36.829689910769716],[-105.54588552259122,36.79734856113572],[-105.56313432409326,36.77183432485039],[-105.56466122381933,36.75449565768119],[-105.5611574609363,36.74614082904318],[-105.5704115007514,36.7151460830239],[-105.57113076832469,36.69061994471697],[-105.58865038942699,36.64839498800809],[-105.6132673687221,36.61398594584737],[-105.60940451598233,36.60006097569325],[-105.58847194268907,36.579039137168856],[-105.58568723897014,36.56223932017644],[-105.5356465707969,36.52226221282135],[-105.5281003280499,36.50132993402866],[-105.54058830827773,36.48866232429322],[-105.54121740116615,36.47383880865403],[-105.52989753982813,36.46153119522128],[-105.52630406938417,36.44850466269485],[-105.54624925583965,36.39819425694949],[-105.56233100115885,36.379956508105266],[-105.56538581301234,36.3527352642568],[-105.59072118671827,36.3377316119817],[-105.59790849501708,36.32829840032426]]}},{"type":"Feature","properties":{"average_dip":"(50,,)","catalog_id":"US_49","catalog_name":"USGS Hazfaults 2014","dip_dir":"E","name":"Socorro Canyon fault zone","net_slip_rate":"(0.04,0.03,0.05)","slip_type":"Normal"},"geometry":{"type":"LineString","coordinates":[[-106.90890826657566,33.815739639060396],[-106.92209280855965,33.97577386209218],[-106.94431109290836,34.07654310175522],[-106.9700695659266,34.14899190076092],[-106.96176855238966,34.21655802293725],[-106.94687527280146,34.250737896961006]]}},{"type":"Feature","properties":{"average_dip":"(50,,)","catalog_id":"US_50","catalog_name":"USGS Hazfaults 2014","dip_dir":"E","name":"La Jencia fault","net_slip_rate":"(0.03,0.03,0.21)","slip_type":"Normal"},"geometry":{"type":"LineString","coordinates":[[-107.07425740327074,34.011115579078755],[-107.0973464273193,34.035282059098904],[-107.12097451240354,34.044984534965835],[-107.13274363738485,34.06205384878447],[-107.14361443989549,34.092599122036084],[-107.18188663077275,34.137069056721046],[-107.18044916012983,34.146412301812724],[-107.18619896364977,34.152251786009145],[-107.1914996777996,34.175789590008165],[-107.19024199687595,34.199057905337305],[-107.19428481091322,34.21567803291256],[-107.17973080793985,34.22897434578149],[-107.16670393376293,34.26302331622501]]}},{"type":"Feature","properties":{"average_dip":"(50,,)","catalog_id":"US_51","catalog_name":"USGS Hazfaults 2014","dip_dir":"E","name":"Eagle Bay fault","net_slip_rate":"(0.66,0.63,0.73)","slip_type":"Normal"},"geometry":{"type":"LineString","coordinates":[[-110.38652419026792,44.25239151405254],[-110.39101639910247,44.26586722183069],[-110.41230939086077,44.2948849340955],[-110.41401672799145,44.3351327202302],[-110.39506012403142,44.379782932217005],[-110.40350600528097,44.47420341213275],[-110.3884122585523,44.53044239887316]]}},{"type":"Feature","properties":{"average_dip":"(50,,)","catalog_id":"US_52","catalog_name":"USGS Hazfaults 2014","dip_dir":"E","name":"Winter Rim fault system","net_slip_rate":"(0.56,0.47,0.72)","slip_type":"Normal"},"geometry":{"type":"LineString","coordinates":[[-120.49790611520224,42.561415060861975],[-120.52298698271345,42.60212859808182],[-120.53515761599918,42.67123611211601],[-120.58394237023494,42.70896791032332],[-120.61170365155215,42.71777204086714],[-120.63182816329787,42.716603980798844],[-120.66470947522194,42.700319829865705],[-120.69741253174922,42.70636207779106],[-120.71879515560995,42.72432986486912],[-120.73496676928849,42.72594695614918],[-120.75572032631193,42.73520022613731],[-120.77530634835051,42.75235942212894],[-120.79793930401753,42.78365007974838],[-120.8071116321761,42.836716575006726],[-120.82310409393918,42.88576768815597],[-120.8240028251433,42.90831686669094],[-120.78254863444305,42.970479219866014],[-120.77830266909922,42.998609799843514]]}},{"type":"Feature","properties":{"average_dip":"(50,,)","catalog_id":"US_53","catalog_name":"USGS Hazfaults 2014","dip_dir":"SW","name":"Metolius fault zone","net_slip_rate":"(0.06,0.05,0.15)","slip_type":"Normal"},"geometry":{"type":"LineString","coordinates":[[-121.6611270478282,44.535460375814594],[-121.62240325499302,44.482904116300766],[-121.52168393333511,44.29379170204913],[-121.49760530181337,44.2577661612634],[-121.45825301257106,44.21347596509773],[-121.4549284860451,44.200898495309524],[-121.42141607709125,44.15535031810604],[-121.39176351511419,43.99148354776403],[-121.38529437125747,43.971449761775794],[-121.35483718917878,43.933358638887235],[-121.34836749016321,43.89221282813432],[-121.27900865511123,43.83408779228018],[-121.28296102137578,43.80965178708768],[-121.25070748091838,43.78180196911416]]}},{"type":"Feature","properties":{"average_dip":"(60,,)","catalog_id":"US_54","catalog_name":"USGS Hazfaults 2014","dip_dir":"N","name":"Lake Creek-Boundary Creek fault","net_slip_rate":"(0.52,0.5,0.68)","slip_type":"Reverse"},"geometry":{"type":"LineString","coordinates":[[-123.29797645309884,48.025819877912504],[-123.34355936462529,48.0254122058799],[-123.36142355970766,48.03071943604184],[-123.3977991680683,48.033567001187194],[-123.48440164559761,48.05117113203248],[-123.67229306021828,48.074830163285],[-123.68791806521611,48.076684959094855]]}},{"type":"Feature","properties":{"average_dip":"(60,,)","catalog_id":"US_55","catalog_name":"USGS Hazfaults 2014","dip_dir":"N","name":"Boulder Creek fault, Kendall scarp","net_slip_rate":"(0.21,0.0,0.76)","slip_type":"Reverse"},"geometry":{"type":"LineString","coordinates":[[-121.98996558939128,48.918363513175045],[-122.01944618867009,48.924527917947294],[-122.08377989114183,48.912929749096286],[-122.13407477355732,48.90816801999103]]}},{"type":"Feature","properties":{"average_dip":"(50,,)","catalog_id":"US_56","catalog_name":"USGS Hazfaults 2014","dip_dir":"E","name":"Buffalo Valley fault zone","net_slip_rate":"(0.13,0.0,0.18)","slip_type":"Normal"},"geometry":{"type":"LineString","coordinates":[[-117.48095668517222,40.30015692711266],[-117.48239558862801,40.37696785332008],[-117.47592733590002,40.39978660921323],[-117.46478716456828,40.410117987307565],[-117.46317037043174,40.43069067991873],[-117.45185087470801,40.46473913028546],[-117.45778080840873,40.48665948977717],[-117.4527499993742,40.50103345906168],[-117.4112438492196,40.557361678253464],[-117.39893565781271,40.57038817924582],[-117.3863577472418,40.5730833547763],[-117.37620578829957,40.5830553859753],[-117.37440922690162,40.602011138777684],[-117.38024966594215,40.64091065797007]]}},{"type":"Feature","properties":{"average_dip":"(50,,)","catalog_id":"US_57","catalog_name":"USGS Hazfaults 2014","dip_dir":"NE","name":"West Cache fault zone, Junction Hills fault","net_slip_rate":"(0.26,0.2,0.26)","slip_type":"Normal"},"geometry":{"type":"LineString","coordinates":[[-111.95032626984515,41.69394994486097],[-111.96810364275531,41.71391532230965],[-111.98090662711898,41.750588602123464],[-111.98941396301545,41.77139319292971],[-111.99423605927346,41.78530181812089],[-111.99618955904651,41.79061171667309],[-111.99589962329699,41.794048337310926],[-111.99592240277596,41.79414000182146],[-111.99838699543665,41.79780603073853],[-112.01748408692396,41.816547295990276],[-112.04518069043901,41.84967720171403],[-112.04979706710708,41.87923285029571],[-112.0568775342776,41.8894026582725],[-112.06554480263397,41.89580076432716]]}},{"type":"Feature","properties":{"average_dip":"(50,,)","catalog_id":"US_58","catalog_name":"USGS Hazfaults 2014","dip_dir":"W","name":"Bloody Run Hills fault","net_slip_rate":"(0.01,0.01,0.21)","slip_type":"Normal"},"geometry":{"type":"LineString","coordinates":[[-117.81679943681961,41.38791471572696],[-117.82030271281576,41.35377638499703],[-117.81041961963811,41.32718424089738],[-117.82129028740144,41.30625202299307],[-117.81149697544654,41.28100751376243],[-117.81616833439989,41.253067908871316],[-117.79559410176842,41.20850795710097],[-117.78867616678227,41.20410588373496],[-117.79487521418251,41.19386425881586],[-117.79280853117524,41.153885997953196]]}},{"type":"Feature","properties":{"average_dip":"(50,,)","catalog_id":"US_59","catalog_name":"USGS Hazfaults 2014","dip_dir":"E","name":"Marys Mountain fault","net_slip_rate":"(0.01,0.0,0.14)","slip_type":"Normal"},"geometry":{"type":"LineString","coordinates":[[-116.2346739038609,40.62843163909511],[-116.250306759236,40.648016047918325],[-116.25641636587498,40.673260464851],[-116.25210480734576,40.71934737588482],[-116.23943741289443,40.73309286116187],[-116.23647297155851,40.74728729995882],[-116.23728185775946,40.769746718111804],[-116.25102802735739,40.79570970982135]]}},{"type":"Feature","properties":{"average_dip":"(90,,)","catalog_id":"US_60","catalog_name":"USGS Hazfaults 2014","name":"Bettles Well-Petrified Springs fault","net_slip_rate":"(0.12,0.0,1.3)","slip_type":"Dextral"},"geometry":{"type":"LineString","coordinates":[[-117.8609722475732,38.315801196845094],[-117.86483674782322,38.37653159970743],[-117.89197020557151,38.42513387491692],[-117.90517721172579,38.431332681038775],[-117.94282182876582,38.47086132223503],[-117.94659566025754,38.493859739801835],[-117.95315428080814,38.50257403769283],[-117.97390781627203,38.51443287991658],[-118.00157920856864,38.51263608393087],[-118.01029385676804,38.517397528675914],[-118.01649310898419,38.53734185577549],[-118.02628592866233,38.54938022176116],[-118.04110984663248,38.557285980822506],[-118.04587158239161,38.57139071329162],[-118.12349547231803,38.675244430792226],[-118.129155553904,38.68889993021144],[-118.14892088057161,38.70785593395791],[-118.19977187225027,38.780715742140856],[-118.23588840288969,38.79535960874123],[-118.26059503315182,38.812608810189815],[-118.25951696857263,38.81719072375995],[-118.26921991270491,38.82716287379788]]}},{"type":"Feature","properties":{"average_dip":"(50,,)","catalog_id":"US_61","catalog_name":"USGS Hazfaults 2014","dip_dir":"W","name":"East Cache fault zone","net_slip_rate":"(0.28,0.26,0.35)","slip_type":"Normal"},"geometry":{"type":"LineString","coordinates":[[-111.69703064031015,42.13216885832533],[-111.73072124357533,42.04942799301667],[-111.73709968094457,42.00055623620596],[-111.76333346066444,41.975042053790645],[-111.78821904072106,41.93281802875245],[-111.79459760565108,41.91404183226635],[-111.7903749102664,41.90937033870381],[-111.79190197977405,41.89481666916102],[-111.8031320221601,41.88008312976017],[-111.81535050780269,41.875680921255736],[-111.79145178996772,41.831121715962304],[-111.7760880662585,41.78018382123257],[-111.79171999008065,41.743529927841955],[-111.80636319666004,41.64066616998125],[-111.79980450873579,41.617218759070205],[-111.78444138420286,41.594220565860034],[-111.77608519883611,41.499891431866516],[-111.76036257301806,41.44751627833561],[-111.7646373275701,41.42078818280955]]}},{"type":"Feature","properties":{"average_dip":"(50,,)","catalog_id":"US_62","catalog_name":"USGS Hazfaults 2014","dip_dir":"E","name":"West Cache fault, Clarkston section","net_slip_rate":"(0.5,0.32,0.52)","slip_type":"Normal"},"geometry":{"type":"LineString","coordinates":[[-112.06735058434,41.89617352224935],[-112.07091686906851,41.8981129379253],[-112.08149080263227,41.9127525003143],[-112.09006248125925,41.921010705719496],[-112.09294071936218,41.929957131218856],[-112.09913494011442,41.9391225039965],[-112.10382761339451,41.94935145483823],[-112.10270152667684,41.95304262928262],[-112.11127345773045,41.97074778584489],[-112.11014756594719,41.982259308269256],[-112.11058573090513,41.99070523767334],[-112.1074575437609,41.99508463802864],[-112.09650866327901,41.9997768879145],[-112.09431899282451,42.00862948223081],[-112.09181643556329,42.01313400910351],[-112.09144129371076,42.03043255671251],[-112.0848721979056,42.05117208100261],[-112.08155658805714,42.07550894378271],[-112.07899162303652,42.08933527268366]]}},{"type":"Feature","properties":{"average_dip":"(50,,)","catalog_id":"US_63","catalog_name":"USGS Hazfaults 2014","dip_dir":"NW","name":"Hurricane fault zone (central)","net_slip_rate":"(0.3,0.26,0.36)","slip_type":"Normal"},"geometry":{"type":"LineString","coordinates":[[-113.28305694479506,37.296990347816774],[-113.2726350600763,37.26994901572182],[-113.28179867816985,37.25557490279121],[-113.28341573102122,37.24236862289903],[-113.26266236174565,37.21218291388743],[-113.26652550374294,37.196012046896286],[-113.28000172241147,37.18055968275091],[-113.30596578386563,37.12890236619431],[-113.30695390822027,37.07877236279017],[-113.2892551801183,37.0210960590652],[-113.29761041327085,37.005464171063494],[-113.30506717123914,37.00025343514254],[-113.33103158483287,36.95200961984676],[-113.35385155536902,36.92838166166082],[-113.35942193837725,36.90807794399176],[-113.34792256400105,36.87259155910317],[-113.33956729311926,36.871423696690485],[-113.324563808212,36.851838879133375],[-113.2924006571368,36.79434209333412],[-113.28458448861319,36.76640223126425],[-113.25098239904788,36.70854565427856],[-113.24073922517175,36.66623090530616],[-113.24648833609058,36.626341756962105],[-113.25717907309918,36.6036121552076],[-113.27020589697041,36.59031571812611],[-113.30066194357862,36.576030898138804],[-113.32195298419612,36.516916031811014],[-113.3224917442962,36.507572597811006],[-113.30290397772933,36.44127109916714],[-113.28412598489892,36.40794073887703]]}},{"type":"Feature","properties":{"average_dip":"(50,,)","catalog_id":"US_64","catalog_name":"USGS Hazfaults 2014","dip_dir":"W","name":"Western Humboldt Range fault zone","net_slip_rate":"(0.16,0.13,0.19)","slip_type":"Normal"},"geometry":{"type":"LineString","coordinates":[[-118.15190608197375,40.65384476266615],[-118.16331603265668,40.6360567680624],[-118.17796039806278,40.63210383172803],[-118.19826487739424,40.617370218318534],[-118.21820988957656,40.60973383508927],[-118.23249479232508,40.59221524788633],[-118.23366275221309,40.58403993395159],[-118.24327591602093,40.577212152209164],[-118.25199031628533,40.52348870676457],[-118.23186518110877,40.49123687569116],[-118.23096661878793,40.48324130713144],[-118.24632926721378,40.4556609141108],[-118.24614935622193,40.44317347219765],[-118.25989493562673,40.43077579593508],[-118.25612131434076,40.41092164675292],[-118.26016406100437,40.40768744304453],[-118.24767563341554,40.38468901932804],[-118.25324565260608,40.37202181018512],[-118.24246419743189,40.35064045904246],[-118.25495187402916,40.327731656980596],[-118.27741218517667,40.31937664829735],[-118.2872945237695,40.30491270695733],[-118.35683150103054,40.267899177218816],[-118.35853799194822,40.22738219568208],[-118.37255323661816,40.214625144236464],[-118.37587725739262,40.2040241512816],[-118.39132989814532,40.19090767200488],[-118.36195115524328,40.13359107471864],[-118.38189556196109,40.08867181697306],[-118.42070687226453,40.07241080386202]]}},{"type":"Feature","properties":{"average_dip":"(50,,)","catalog_id":"US_65","catalog_name":"USGS Hazfaults 2014","dip_dir":"NW","name":"Eastern Edwards Creek Valley fault zone","net_slip_rate":"(0.15,0.13,0.33)","slip_type":"Normal"},"geometry":{"type":"LineString","coordinates":[[-117.51751584180327,39.7094695447656],[-117.51437090377395,39.681440141971926],[-117.51760516398691,39.67290551417259],[-117.51221438744166,39.663382791178],[-117.5217374933456,39.6458642377027],[-117.51410056028075,39.6274476060445],[-117.5141003033626,39.61181573802862],[-117.53081064300522,39.580552123926736],[-117.54266990134887,39.573904003083435],[-117.55174389632317,39.561596184666016],[-117.59253259080646,39.54803041429902],[-117.63637573691875,39.51964127720349],[-117.652098272007,39.514161086791184],[-117.71256223705062,39.471217966956424],[-117.74984707163281,39.46070649769758]]}},{"type":"Feature","properties":{"average_dip":"(50,,)","catalog_id":"US_66","catalog_name":"USGS Hazfaults 2014","dip_dir":"E","name":"County Dump fault","net_slip_rate":"(0.05,0.05,0.06)","slip_type":"Normal"},"geometry":{"type":"LineString","coordinates":[[-106.77571563881263,35.00849314388257],[-106.7840718322642,35.105067130344764],[-106.7824553121138,35.18304514881718],[-106.80033443090798,35.244762623737905],[-106.78281595785262,35.28069715684253],[-106.74993470342073,35.3259745071573]]}},{"type":"Feature","properties":{"average_dip":"(50,,)","catalog_id":"US_67","catalog_name":"USGS Hazfaults 2014","dip_dir":"SW","name":"Pine Valley graben fault system, Brownlee section","net_slip_rate":"(0.01,0.01,0.05)","slip_type":"Normal"},"geometry":{"type":"LineString","coordinates":[[-116.98401834844618,44.92441557384683],[-116.90998864671761,44.90042789370279],[-116.87791555174964,44.87886641391537],[-116.84943574756255,44.86592944377623],[-116.83892454425336,44.85622680393696],[-116.83056981864897,44.83457567506229],[-116.83605093337249,44.81175686268766]]}},{"type":"Feature","properties":{"average_dip":"(50,,)","catalog_id":"US_68","catalog_name":"USGS Hazfaults 2014","dip_dir":"E","name":"Smith Valley fault","net_slip_rate":"(0.55,0.33,0.73)","slip_type":"Normal"},"geometry":{"type":"LineString","coordinates":[[-119.2399606179483,38.407876491792884],[-119.24139809667605,38.456119202746784],[-119.23645673379269,38.46707947295625],[-119.23978089200939,38.47857866709283],[-119.2577496303296,38.5000496272199],[-119.27275347366465,38.552784626025804],[-119.25622239732854,38.56248744083065],[-119.25029271785107,38.574166561167],[-119.2575700283582,38.59321219986809],[-119.2547849087193,38.60147740672823],[-119.26197243441044,38.62869831708072],[-119.26592550315758,38.63561588730568],[-119.33941729728726,38.676580625004696],[-119.33699146693107,38.71170743271212],[-119.35504998018581,38.73767033912043],[-119.38505753390524,38.75348123495173],[-119.38865117323246,38.762914412095334],[-119.40212764163265,38.76965215616495],[-119.39529940073263,38.794268652844664],[-119.40599054737301,38.81394355905971],[-119.4045530533739,38.8214902361801],[-119.43509932856584,38.86209769830286],[-119.43599773457979,38.868296739009416],[-119.41757980807482,38.88464816024731],[-119.41173987298919,38.900729709028276],[-119.41775930494333,38.90809658034478],[-119.41793896081366,38.928490391260524],[-119.42916909931941,38.94789583622803],[-119.41919643422645,38.967750805093104],[-119.44839510533821,39.00099146968224],[-119.45243872516426,39.03935303409892],[-119.45055228372888,39.05175100504236],[-119.44489228478791,39.05669228012107],[-119.44731969258571,39.14734072934689],[-119.45468700619946,39.158211315305145]]}},{"type":"Feature","properties":{"average_dip":"(90,,)","catalog_id":"US_69","catalog_name":"USGS Hazfaults 2014","name":"Huntoon Valley fault system","net_slip_rate":"(0.1,0.0,0.12)","slip_type":"Sinistral"},"geometry":{"type":"LineString","coordinates":[[-118.70341738662042,37.99947974607701],[-118.68023893798022,38.025892339924276],[-118.63388150979561,38.06164809072963],[-118.61609348017124,38.08698251808745],[-118.52077351486793,38.188229661709585],[-118.5158322013919,38.186792355828516],[-118.46201701900729,38.206915995328636],[-118.44467809761764,38.24069484016564],[-118.43147148672206,38.256506363349935]]}},{"type":"Feature","properties":{"average_dip":"(50,,)","catalog_id":"US_70","catalog_name":"USGS Hazfaults 2014","dip_dir":"NE","name":"Pine Valley graben fault system, Halfway-Posey Valley section","net_slip_rate":"(0.01,0.01,0.08)","slip_type":"Normal"},"geometry":{"type":"LineString","coordinates":[[-116.85527910343278,44.75596758572073],[-116.868150826882,44.76704026171789],[-116.8855549731478,44.79163353710214],[-116.92733084785637,44.817687057901466],[-117.0178919133819,44.83879981582433],[-117.08841880893321,44.86188867588411],[-117.10297328442041,44.87060311997998],[-117.12938667689146,44.90653858092571],[-117.14286258564121,44.94768457724141],[-117.14771340463216,44.98865092675239]]}},{"type":"Feature","properties":{"average_dip":"(50,,)","catalog_id":"US_71","catalog_name":"USGS Hazfaults 2014","dip_dir":"E","name":"Freds Mountain fault","net_slip_rate":"(0.18,0.13,0.47)","slip_type":"Normal"},"geometry":{"type":"LineString","coordinates":[[-119.85890156718379,39.61971010602347],[-119.86635865663042,39.65519618834507],[-119.83626132887477,39.70406845171566],[-119.83042161836794,39.73533231000511],[-119.8435387390949,39.75770195509771],[-119.8338359881004,39.77638838880147],[-119.83078169637146,39.80837080317544],[-119.85459027186094,39.83100985119225],[-119.850008510874,39.85176255228641],[-119.85387196009512,39.8676638687265]]}},{"type":"Feature","properties":{"average_dip":"(90,,)","catalog_id":"US_72","catalog_name":"USGS Hazfaults 2014","name":"Hite fault system","net_slip_rate":"(0.02,0.02,0.19)","slip_type":"Sinistral"},"geometry":{"type":"LineString","coordinates":[[-117.640049356849,46.361025339985765],[-117.8692435825698,46.18771808597622],[-117.9591810187605,46.092306559261964],[-118.0077890186843,46.00075938893126],[-118.02225403274902,45.958175011295204],[-118.08909871418776,45.87183768806345],[-118.15738038656907,45.803198919214616],[-118.18873555155524,45.75333704098076],[-118.20005570484574,45.72818179780705],[-118.20850054315123,45.687484177883256]]}},{"type":"Feature","properties":{"average_dip":"(60,,)","catalog_id":"US_73","catalog_name":"USGS Hazfaults 2014","dip_dir":"SW","name":"Rattlesnake-Wallula fault system","net_slip_rate":"(0.07,0.05,0.12)","slip_type":"Reverse"},"geometry":{"type":"LineString","coordinates":[[-119.53936439587157,46.36684960819377],[-119.36812453424302,46.256976599172944],[-119.19293147361167,46.16938306978497],[-119.14989665494815,46.156805511060284],[-119.12285381565249,46.141173429171545],[-118.91765075968071,46.0528613070092],[-118.83957576636135,46.03669023597627],[-118.78944242259351,46.017554412141536],[-118.72439420912795,45.979911539103036],[-118.66132237193244,45.94954579515056],[-118.46213515016211,45.88818571584228],[-118.42808361100225,45.86347986301971],[-118.40085995700957,45.8197277292387]]}},{"type":"Feature","properties":{"average_dip":"(50,,)","catalog_id":"US_74","catalog_name":"USGS Hazfaults 2014","dip_dir":"W","name":"Georgia Gulch fault","net_slip_rate":"(0.05,0.04,0.36)","slip_type":"Normal"},"geometry":{"type":"LineString","coordinates":[[-112.26819292237691,45.625925617968846],[-112.25507491501277,45.58343161771618],[-112.26118408507055,45.560881914313825],[-112.24833606097513,45.537703343888666],[-112.24015984499071,45.50015051776659]]}},{"type":"Feature","properties":{"average_dip":"(50,,)","catalog_id":"US_75","catalog_name":"USGS Hazfaults 2014","dip_dir":"W","name":"Ruby Mountains fault zone, south","net_slip_rate":"(0.33,0.18,0.37)","slip_type":"Normal"},"geometry":{"type":"LineString","coordinates":[[-115.23455867600067,40.9448508031993],[-115.24489008330235,40.913317580723124],[-115.24372183325849,40.891307293760455],[-115.26761952791234,40.858786002722425],[-115.28064657276916,40.853844988170344],[-115.28918145999538,40.845849486270346],[-115.28828290935265,40.83363153002035],[-115.29538032593592,40.81835911169143],[-115.31218057975197,40.800391730137164],[-115.36527725992794,40.78161603714868],[-115.36401941820586,40.775776592924196],[-115.38728845206093,40.76176206912421],[-115.4048076823961,40.75987565707878],[-115.40193199011868,40.7250184662367],[-115.41442000088925,40.71621434996773],[-115.47874682585916,40.70022361426193],[-115.51037077306657,40.67947098819041],[-115.52995554195532,40.65539420521628],[-115.57766090390189,40.64362497872924],[-115.59482021433698,40.62862187991264],[-115.61045253431618,40.62305191075622]]}},{"type":"Feature","properties":{"average_dip":"(50,,)","catalog_id":"US_76","catalog_name":"USGS Hazfaults 2014","dip_dir":"W","name":"Aubrey fault zone","net_slip_rate":"(0.03,0.02,0.04)","slip_type":"Normal"},"geometry":{"type":"LineString","coordinates":[[-113.16624338764227,35.79919784721286],[-113.16417700287566,35.79371774520233],[-113.15537241624833,35.791561606015094],[-113.12159181885966,35.80539644025503],[-113.07379585103692,35.80916948979862],[-113.05367113088202,35.7924597481467],[-113.04271030190854,35.77161754326901],[-113.0293237952925,35.76191507707743],[-113.017553800742,35.72319536364723],[-113.01548685003678,35.69489671207832],[-113.02222417873507,35.65941108425422],[-113.05959702216396,35.56175811524432],[-113.02716260682237,35.52079252210033],[-113.00128701774564,35.496985979248414],[-112.99041555317662,35.4793784340254],[-112.9710082563537,35.43239503826899],[-112.95986655519103,35.3828063368908],[-112.9578893120467,35.35244218399738]]}},{"type":"Feature","properties":{"average_dip":"(90,,)","catalog_id":"US_77","catalog_name":"USGS Hazfaults 2014","name":"Spanish Springs Peak fault","net_slip_rate":"(0.1,0.0,0.12)","slip_type":"Sinistral"},"geometry":{"type":"LineString","coordinates":[[-119.61210271098871,39.605786661771525],[-119.63662974017778,39.59096324512427],[-119.65208265222167,39.57470247478051]]}},{"type":"Feature","properties":{"average_dip":"(50,,)","catalog_id":"US_78","catalog_name":"USGS Hazfaults 2014","dip_dir":"E","name":"Carson Range fault","net_slip_rate":"(0.0,0.0,2.61)","slip_type":"Normal"},"geometry":{"type":"LineString","coordinates":[[-119.80902489904209,38.66866925489524],[-119.81899679517717,38.78249456998131],[-119.79599759187724,38.82166480774205],[-119.8020171666635,38.85724156867616],[-119.8369655379889,38.88563132815202],[-119.8450512693697,38.89982609976363],[-119.8404695389255,38.911954408905004],[-119.84810606325688,38.93135994381145],[-119.8378642799728,38.95417933430078],[-119.84100880477706,38.97160837165847],[-119.83166538618444,38.98122117305506],[-119.83445049863681,38.98975609228014],[-119.84550093815315,38.99568552292412],[-119.84882522662558,39.00682560782757],[-119.84370476842065,39.02685990976102],[-119.83130720362617,39.043659898159426],[-119.84442438903183,39.06117860211577],[-119.84613191480871,39.084806467901885],[-119.85511636391887,39.09711442507489],[-119.85691359725668,39.11247694027015]]}},{"type":"Feature","properties":{"average_dip":"(50,,)","catalog_id":"US_79","catalog_name":"USGS Hazfaults 2014","dip_dir":"E","name":"The Lava Beds fault","net_slip_rate":"(0.18,0.13,0.19)","slip_type":"Normal"},"geometry":{"type":"LineString","coordinates":[[-118.95078164784519,40.43391662379398],[-118.95096152919267,40.44631434782779],[-118.97072751702028,40.47964432867886],[-118.97225512731376,40.496713540913085],[-118.95931783583194,40.51351340697874],[-118.95177130562404,40.54082438896813],[-118.92760373909253,40.570920360662164],[-118.92050626861034,40.58655227810238],[-118.92275243501139,40.590594987860406],[-118.87720252219857,40.64746295103261]]}},{"type":"Feature","properties":{"average_dip":"(50,,)","catalog_id":"US_81","catalog_name":"USGS Hazfaults 2014","dip_dir":"E","name":"Dry Valley-Smoke Creek Ranch fault zone","net_slip_rate":"(0.18,0.13,0.41)","slip_type":"Normal"},"geometry":{"type":"LineString","coordinates":[[-119.85378675309381,40.19072332105271],[-119.8573810329198,40.22764705492559],[-119.91586922985283,40.30113485185272],[-119.89502668571734,40.391512249332074],[-119.91344464995154,40.43975535125133],[-119.91119891743678,40.46985118391081],[-119.90428117738503,40.48126064421243],[-119.91596088585959,40.51926223915579],[-119.92485522316696,40.532198967939735],[-119.98298321543396,40.56957145867565],[-119.99645961915546,40.59355825606816],[-119.994662834077,40.59921807000512]]}},{"type":"Feature","properties":{"average_dip":"(50,,)","catalog_id":"US_82","catalog_name":"USGS Hazfaults 2014","dip_dir":"E","name":"Diamond Mountains fault","net_slip_rate":"(0.13,0.11,0.17)","slip_type":"Normal"},"geometry":{"type":"LineString","coordinates":[[-116.00088805993956,39.2488747012365],[-115.97743956335196,39.26926815667019],[-115.96072910782665,39.29172792613961],[-115.95057699167927,39.29424342685057],[-115.92524212192822,39.34194784073547],[-115.85390751786733,39.37968031930607],[-115.8345915958785,39.39648027675147],[-115.84043183728967,39.43942309815623],[-115.82785415309415,39.466644236851856],[-115.82992089000035,39.49215847409749],[-115.82183514065326,39.49979476197376],[-115.79236681595448,39.51237231996594],[-115.78598845314542,39.566994139027564],[-115.77224289440186,39.60724192666584],[-115.79757871726542,39.615147599868514],[-115.81033655320125,39.637696966671356],[-115.80674326601363,39.678663362203665],[-115.81438010385703,39.6996855396938],[-115.81438034999543,39.72573868392269],[-115.81114609157909,39.735531096339734],[-115.79569336997804,39.75179203504646],[-115.77431152316002,39.79886809724484],[-115.75733147243817,39.812074580291984],[-115.75122246856876,39.826988048069026],[-115.7522114930353,39.88592274278899],[-115.75760240881945,39.913772856783595]]}},{"type":"Feature","properties":{"average_dip":"(50,,)","catalog_id":"US_83","catalog_name":"USGS Hazfaults 2014","dip_dir":"W","name":"Emigrant Peak fault zone","net_slip_rate":"(0.99,0.41,1.16)","slip_type":"Normal"},"geometry":{"type":"LineString","coordinates":[[-117.89519629830188,38.005590734800016],[-117.90669595564741,38.00038016023148],[-117.91217603730834,37.97881866930619],[-117.90948058211123,37.96938552023761],[-117.9134334199913,37.94962088311623],[-117.90921052787557,37.930215560752835],[-117.91630781869472,37.913595244877804],[-117.919990741578,37.87056209903702],[-117.92843567240999,37.8525942711319],[-117.9276269667704,37.8449578989049],[-117.9355329497544,37.835434909732506],[-117.95287235803094,37.82887661404336],[-117.95062611527312,37.8189044442702],[-117.96913339719937,37.80560822333197],[-117.95664477737108,37.76787568076036]]}},{"type":"Feature","properties":{"average_dip":"(50,,)","catalog_id":"US_84","catalog_name":"USGS Hazfaults 2014","dip_dir":"E","name":"Jakes Valley fault zone","net_slip_rate":"(0.01,0.01,0.09)","slip_type":"Normal"},"geometry":{"type":"LineString","coordinates":[[-115.35384127427145,39.14430686117666],[-115.34009603083658,39.18859741574268],[-115.32500285274145,39.2100690108452],[-115.3136835366808,39.26990151814471],[-115.32149998458043,39.28463485974517],[-115.31889473191595,39.30053628189077],[-115.32823903714574,39.36620790124769],[-115.3150326211846,39.392530614048255],[-115.3166498357327,39.396753017171136],[-115.2867329328052,39.43771947482257],[-115.27550272872243,39.44391832781333]]}},{"type":"Feature","properties":{"average_dip":"(50,,)","catalog_id":"US_85","catalog_name":"USGS Hazfaults 2014","dip_dir":"W","name":"Little Fish Lake Valley fault","net_slip_rate":"(0.17,0.13,0.17)","slip_type":"Normal"},"geometry":{"type":"LineString","coordinates":[[-116.26816768984061,38.99777601906378],[-116.2685267653243,38.98349161105764],[-116.27598348107176,38.965254285849134],[-116.2983539148768,38.93695502929494],[-116.30059964739155,38.91629206990342],[-116.31326729426948,38.901109262275725],[-116.3140754851744,38.88134469100172],[-116.34210581012256,38.83938984192998],[-116.35576170801762,38.827441324933275],[-116.34767496243887,38.78333039987909],[-116.3518973362267,38.77066311396053],[-116.3548619185981,38.75601938096122],[-116.36717009563192,38.73814149175429],[-116.37768114532919,38.708674317739636],[-116.3942119512724,38.694030563725256],[-116.40139899816145,38.67884781597557],[-116.39834424380015,38.66914522212814],[-116.40256659423179,38.65944261304029],[-116.418109061123,38.641025616796874]]}},{"type":"Feature","properties":{"average_dip":"(50,,)","catalog_id":"US_86","catalog_name":"USGS Hazfaults 2014","dip_dir":"W","name":"Butte Mountains fault zone","net_slip_rate":"(0.01,0.01,0.22)","slip_type":"Normal"},"geometry":{"type":"LineString","coordinates":[[-115.22564837563068,40.040448715929564],[-115.22987075840169,40.026433959340146],[-115.24146019068174,40.01807896893233],[-115.24909648324777,40.00361499272036],[-115.22780379242509,39.985467608182624],[-115.27883289217682,39.917279757271245],[-115.29608210061566,39.88969915011265],[-115.30003497263175,39.874785890915014],[-115.30892912129289,39.86687999574326],[-115.30731157885968,39.83507717112738],[-115.29203790227456,39.79249365101068],[-115.29940457988111,39.76401479419925],[-115.31827105497035,39.744878942049446],[-115.32015760330528,39.73086396924349],[-115.3562730936956,39.66483191366253],[-115.35833912362764,39.635723933141506],[-115.35285852813037,39.61613909431545],[-115.35348708382627,39.58460545767861],[-115.34629952399915,39.57077027770503],[-115.3502520887914,39.53079186424295]]}},{"type":"Feature","properties":{"average_dip":"(50,,)","catalog_id":"US_87","catalog_name":"USGS Hazfaults 2014","dip_dir":"W","name":"Middlegate fault zone","net_slip_rate":"(0.17,0.13,0.41)","slip_type":"Normal"},"geometry":{"type":"LineString","coordinates":[[-117.99215605191814,39.55773134976078],[-117.97634310768478,39.52017917976818],[-117.96978406402768,39.48109974631275],[-117.98146346976996,39.447769946851274],[-117.96133797796223,39.40213239330478],[-117.98559522330858,39.343468506935885],[-117.98469653971517,39.32325501993852],[-117.99421951356679,39.272137521782284],[-117.99224232611802,39.22146865432518]]}},{"type":"Feature","properties":{"average_dip":"(50,,)","catalog_id":"US_88","catalog_name":"USGS Hazfaults 2014","dip_dir":"N","name":"Northern Simpson Park Mountains fault zone","net_slip_rate":"(0.13,0.08,0.17)","slip_type":"Normal"},"geometry":{"type":"LineString","coordinates":[[-116.34678866840989,40.08805391215504],[-116.37248307358205,40.062180170742174],[-116.39323648687503,40.05687953831313],[-116.42369288741943,40.059664451050104],[-116.45064527265423,40.04861414974235],[-116.47598070295399,40.043313523234055]]}},{"type":"Feature","properties":{"average_dip":"(50,,)","catalog_id":"US_89","catalog_name":"USGS Hazfaults 2014","dip_dir":"W","name":"Shoshone Range fault zone","net_slip_rate":"(0.14,0.13,0.25)","slip_type":"Normal"},"geometry":{"type":"LineString","coordinates":[[-116.45308127912594,40.7777393509826],[-116.45999857181668,40.75060810807618],[-116.47715784003097,40.72572284710425],[-116.50527819773018,40.719254155091285],[-116.54579662956863,40.69589629617858],[-116.62234163834724,40.67038208174963],[-116.71209371526388,40.66166740691544],[-116.76195590435982,40.64882041386917],[-116.76734622995085,40.64082487803953],[-116.7659081933693,40.59896060332219],[-116.75422814083998,40.56266638197494],[-116.7693214833268,40.54784306723317],[-116.77354373135049,40.52322756171788],[-116.76321170421129,40.51370485919788],[-116.78953534330732,40.49942057884691],[-116.84487806412017,40.49322155013855],[-116.87614300411583,40.47938641091346],[-116.93669632907236,40.43527586579466],[-116.94478199667279,40.42566327133969],[-116.94954351773455,40.406168500007574],[-117.00758080261576,40.31345612581633],[-117.02429111620724,40.297195425103276],[-117.03776717228072,40.274376632181095],[-117.0348022772956,40.265752257123815],[-117.05717034314152,40.1400683490151],[-117.09571086079416,40.05813541292959],[-117.12679572360966,40.029476545013374],[-117.14215820135557,39.99991948300646],[-117.16309131812962,39.975393332012196]]}},{"type":"Feature","properties":{"average_dip":"(90,,)","catalog_id":"US_90","catalog_name":"USGS Hazfaults 2014","name":"Warm Springs Valley fault zone","net_slip_rate":"(0.56,0.5,0.57)","slip_type":"Dextral"},"geometry":{"type":"LineString","coordinates":[[-119.99798172277625,40.067373885304576],[-119.92161517241367,40.035032375331355],[-119.89834574419817,40.01832247379955],[-119.85414299259612,39.9964020851756],[-119.7505536128943,39.9109666040504],[-119.75082305986884,39.90629503825435],[-119.69916278493385,39.85859105011357],[-119.6696939625684,39.840174249323]]}},{"type":"Feature","properties":{"average_dip":"(90,,)","catalog_id":"US_91","catalog_name":"USGS Hazfaults 2014","name":"Pyramid Lake fault zone","net_slip_rate":"(2.11,2.0,3.01)","slip_type":"Dextral"},"geometry":{"type":"LineString","coordinates":[[-119.7040178547527,40.09971723170068],[-119.68901356495496,40.06647698889966],[-119.62198994809476,40.016616738152585],[-119.6010555287636,39.947171788886024],[-119.58497335584632,39.9289346906599],[-119.49297346142515,39.8790746737894],[-119.39899712156362,39.811606508252304],[-119.36898920492479,39.78052265073069],[-119.27096937189967,39.63291922010588],[-119.23296504965697,39.53221094768051]]}},{"type":"Feature","properties":{"average_dip":"(50,,)","catalog_id":"US_92","catalog_name":"USGS Hazfaults 2014","dip_dir":"W","name":"Ruby Mountains fault zone, north","net_slip_rate":"(0.34,0.18,0.37)","slip_type":"Normal"},"geometry":{"type":"LineString","coordinates":[[-115.0512818288411,41.09236622678439],[-115.07688688038857,41.0911981671456],[-115.08632036586823,41.09506117119254],[-115.09674210505992,41.09245572690919],[-115.11084729085272,41.079159568285284],[-115.14813171580312,41.0649649352837],[-115.17184994592785,41.0412474437954],[-115.17499427939097,41.03136526274207],[-115.23249323805838,41.01851792383201],[-115.23500867895743,41.007198326173125],[-115.25288699914928,40.981774042130134],[-115.26151176192137,40.9773719727667],[-115.27301139141912,40.963177619969414],[-115.29106965584052,40.958416112137094],[-115.31119364566509,40.907028979329404],[-115.30849799912679,40.87414844873442]]}},{"type":"Feature","properties":{"average_dip":"(50,,)","catalog_id":"US_93","catalog_name":"USGS Hazfaults 2014","dip_dir":"E","name":"Seven Troughs Range fault zone","net_slip_rate":"(0.18,0.13,0.18)","slip_type":"Normal"},"geometry":{"type":"LineString","coordinates":[[-118.84467525609091,40.31047912416611],[-118.834612886132,40.31703733513879],[-118.82940216520734,40.32673991775622],[-118.82850392627998,40.34416852689253],[-118.82293387564842,40.353871109986834],[-118.825359918007,40.380103942744974],[-118.80712240105888,40.42232804103042],[-118.78654832922581,40.42412487965976],[-118.77702507060827,40.42915587969467],[-118.73677607226958,40.47883671696605],[-118.74926448728203,40.5003080458151],[-118.7025471957912,40.56301551078038],[-118.69670778981326,40.59607599211474],[-118.68637613906814,40.617277911109106]]}},{"type":"Feature","properties":{"average_dip":"(90,,)","catalog_id":"US_94","catalog_name":"USGS Hazfaults 2014","name":"faults in Excelsior Mountains","net_slip_rate":"(0.1,0.0,0.12)","slip_type":"Sinistral"},"geometry":{"type":"LineString","coordinates":[[-118.3565428696348,38.248421266739186],[-118.33704705102716,38.252733506341976],[-118.31171145992893,38.249319801101336],[-118.22995484718174,38.26171780989197],[-118.19347872812064,38.262257091921306],[-118.18844745825037,38.258304186712174],[-118.14658075578177,38.2566873699298],[-118.12223314081616,38.24123542825811],[-118.06715919863129,38.2220104049962]]}},{"type":"Feature","properties":{"average_dip":"(50,,)","catalog_id":"US_95","catalog_name":"USGS Hazfaults 2014","dip_dir":"W","name":"White River Valley fault zone","net_slip_rate":"(0.06,0.02,0.08)","slip_type":"Normal"},"geometry":{"type":"LineString","coordinates":[[-114.9660849488301,39.16030313124749],[-114.97974066975702,39.14781559270821],[-114.96302937879851,39.1022677700223],[-114.95799646501128,39.000212037652645],[-114.9464962569985,38.96274961176862],[-114.9570063167523,38.87147406894951],[-114.9552087249867,38.81999690679644],[-114.97524318601512,38.8054429438597],[-114.98683240898772,38.78316303104871],[-115.00974125434648,38.71308920691818],[-115.02923685915509,38.69494165181586],[-115.0346272907473,38.69682808932519],[-115.04774411772516,38.68703558528068],[-115.05457206667268,38.678231313980596],[-115.05079868883016,38.66745090609769],[-115.05627902022275,38.6608028149261],[-115.03220117382855,38.62873132206422],[-115.0053383865602,38.61624456998815],[-115.00147515023978,38.608428748329416],[-115.0037210489429,38.594593752231376],[-114.99159236428598,38.58561013384673],[-114.98701024756619,38.561264212742444],[-114.97416266544192,38.539703421691584],[-114.97604916526781,38.513291129853236],[-114.9811700627489,38.50466667298665],[-114.97586942405755,38.488406127126304],[-114.9816193227989,38.4741219806989],[-114.98233799299251,38.454806858817555],[-115.00731416006069,38.43099958525804],[-115.00677507387219,38.38410444921584],[-115.01459138971948,38.35877014771044],[-115.02088035129314,38.34852856081274],[-115.04289175183531,38.33074038907743],[-115.06095016897031,38.30235142431027]]}},{"type":"Feature","properties":{"average_dip":"(50,,)","catalog_id":"US_96","catalog_name":"USGS Hazfaults 2014","dip_dir":"SE","name":"Edna Mountain fault","net_slip_rate":"(0.18,0.13,0.31)","slip_type":"Normal"},"geometry":{"type":"LineString","coordinates":[[-117.53307101985574,40.617372478094524],[-117.53585656888934,40.64028103295063],[-117.53019675230635,40.65420583191864],[-117.53702517466603,40.6760362341249],[-117.48384017213135,40.78518902204156],[-117.45095780468684,40.79031000712471],[-117.43775105006083,40.79839556624389],[-117.41807564565147,40.8235504070196],[-117.41556018139624,40.847716817967616],[-117.37854541003288,40.888054307284065]]}},{"type":"Feature","properties":{"average_dip":"(50,,)","catalog_id":"US_97","catalog_name":"USGS Hazfaults 2014","dip_dir":"W","name":"Ione Valley fault","net_slip_rate":"(0.18,0.13,0.34)","slip_type":"Normal"},"geometry":{"type":"LineString","coordinates":[[-117.48408888059923,39.24797236678744],[-117.50349464669286,39.23135211617392],[-117.5269432609598,39.19909973033038],[-117.55389576567052,39.177358492329475],[-117.57312150219471,39.13935656289992],[-117.58066764612704,39.08796885791503],[-117.58012808203479,39.045295655093106],[-117.58848279416448,39.000196695765744],[-117.56701053999795,38.96057778606167],[-117.57860014924613,38.94503549673685],[-117.58093612292106,38.9272472689416],[-117.60411543394389,38.898318800345486],[-117.60995524416371,38.88412417429931],[-117.60564284660802,38.8674141112751],[-117.59144771879402,38.85825068314418],[-117.58830322543074,38.84962614198677],[-117.59549072327411,38.82411181393626],[-117.60995541214868,38.79769877988477],[-117.59908453507785,38.74658040917461],[-117.60195956799186,38.714867108825516],[-117.59378406886302,38.697438417084605],[-117.62738529963895,38.648385629886164],[-117.63349484339584,38.60768823916629],[-117.64238928131454,38.590079554051286]]}},{"type":"Feature","properties":{"average_dip":"(50,,)","catalog_id":"US_98","catalog_name":"USGS Hazfaults 2014","dip_dir":"E","name":"West Valley fault","net_slip_rate":"(0.44,0.31,0.52)","slip_type":"Normal"},"geometry":{"type":"LineString","coordinates":[[-111.95078270923091,40.6580280738391],[-111.95377362301991,40.67005185073639],[-111.9587788103059,40.688056999314576],[-111.96677476226056,40.700019723782916],[-111.97275653773629,40.71704831799027],[-111.98874839583155,40.73407687724941],[-111.98874849374792,40.74506307982221],[-112.01780277235582,40.797064349842316]]}},{"type":"Feature","properties":{"average_dip":"(50,,)","catalog_id":"US_99","catalog_name":"USGS Hazfaults 2014","dip_dir":"W","name":"San Emidio fault zone","net_slip_rate":"(0.26,0.25,0.29)","slip_type":"Normal"},"geometry":{"type":"LineString","coordinates":[[-119.35983613844256,40.45709439595654],[-119.37025774109034,40.44523575800567],[-119.38633893394564,40.407503675808954],[-119.37627583185979,40.35315133895571],[-119.38714662628558,40.34344884196242],[-119.39945493357511,40.339046775097735],[-119.41041537627304,40.31344285569474],[-119.41886046700515,40.30661514431398],[-119.42487949920898,40.27804658812906],[-119.43664865832625,40.25729391881717],[-119.43287456632306,40.217495511107],[-119.46252220643069,40.19162206066443],[-119.46530709520255,40.181021184113966]]}},{"type":"Feature","properties":{"average_dip":"(50,,)","catalog_id":"US_100","catalog_name":"USGS Hazfaults 2014","dip_dir":"W","name":"Beowawe fault","net_slip_rate":"(0.14,0.13,0.19)","slip_type":"Normal"},"geometry":{"type":"LineString","coordinates":[[-116.36818198312079,40.83200275383709],[-116.37932096059153,40.7525856089091],[-116.41804202434491,40.71413455018714],[-116.41615496307195,40.693292326937836],[-116.44337598410257,40.63480761617445],[-116.44139918562433,40.613785612099335],[-116.63985843065471,40.511369575069594],[-116.66249853870802,40.50624874182517]]}},{"type":"Feature","properties":{"average_dip":"(50,,)","catalog_id":"US_101","catalog_name":"USGS Hazfaults 2014","dip_dir":"W","name":"California Wash fault","net_slip_rate":"(0.37,0.2,0.48)","slip_type":"Normal"},"geometry":{"type":"LineString","coordinates":[[-114.65359679916186,36.61716672595724],[-114.64065943222155,36.54511625828661],[-114.67264387604742,36.48231881721366],[-114.67246348086363,36.45887128018713],[-114.68369286298793,36.42257686095866],[-114.69851689234919,36.41305387797856],[-114.70094202561273,36.39553559690269],[-114.70974621608299,36.37837649876023],[-114.73058984268842,36.37514207912659],[-114.73580038664497,36.364810721046425],[-114.75071411907558,36.355018230139315],[-114.7614946435951,36.33947630131631]]}},{"type":"Feature","properties":{"average_dip":"(50,,)","catalog_id":"US_102","catalog_name":"USGS Hazfaults 2014","dip_dir":"W","name":"Eastern Pyramid Lake fault","net_slip_rate":"(0.17,0.13,0.43)","slip_type":"Normal"},"geometry":{"type":"LineString","coordinates":[[-119.6003426670766,40.310747814827394],[-119.51552968300058,40.209949094160045],[-119.50384905824446,40.14823010274435],[-119.5091493483895,40.12630961085765],[-119.50708257824564,40.101693828131474],[-119.49540215111887,40.05839182882528],[-119.5007917032604,40.00017655893769],[-119.4745569749196,39.95516757881788],[-119.45622898863918,39.94977738928805]]}},{"type":"Feature","properties":{"average_dip":"(50,,)","catalog_id":"US_103","catalog_name":"USGS Hazfaults 2014","dip_dir":"E","name":"Eastern Bilk Creek Mountains fault zone","net_slip_rate":"(0.01,0.01,0.2)","slip_type":"Normal"},"geometry":{"type":"LineString","coordinates":[[-118.25649147144178,41.66084516286233],[-118.25730017079317,41.6725242647952],[-118.2638588155983,41.68267596672824],[-118.26152322011409,41.70621371529713],[-118.27230477500126,41.73990319102135],[-118.2867695258596,41.75140252828179],[-118.3044687561198,41.7783540607281],[-118.29719182021013,41.801352731909084],[-118.30078610722265,41.84456502716894],[-118.33088389401746,41.88822670418321],[-118.35379408684915,41.91248315125739]]}},{"type":"Feature","properties":{"average_dip":"(50,,)","catalog_id":"US_104","catalog_name":"USGS Hazfaults 2014","dip_dir":"E","name":"Indian Hill fault","net_slip_rate":"(0.13,0.08,0.17)","slip_type":"Normal"},"geometry":{"type":"LineString","coordinates":[[-119.82870200216564,39.049409644946394],[-119.81971808306152,39.0589326838002],[-119.80174995200245,39.06378402532636],[-119.78710584171787,39.06333490022544],[-119.78989139883629,39.08345901607518],[-119.77839196606962,39.09486877190405]]}},{"type":"Feature","properties":{"average_dip":"(50,,)","catalog_id":"US_105","catalog_name":"USGS Hazfaults 2014","dip_dir":"W","name":"Western Diamond Mountains fault zone","net_slip_rate":"(0.13,0.08,0.16)","slip_type":"Normal"},"geometry":{"type":"LineString","coordinates":[[-115.87538792065178,40.08455572592423],[-115.8847311326319,40.05868197396884],[-115.8885938820654,40.02382439103756],[-115.8861677849096,39.99983737906343],[-115.87215195992796,39.9656986660129],[-115.86559304293334,39.93335664016552],[-115.86379512777424,39.844505648934366],[-115.85876365757967,39.82626827526373],[-115.86163816138595,39.78988340925832],[-115.85687600431696,39.74110081131859],[-115.86028978565292,39.71639513018089],[-115.8755626807038,39.679740924337686],[-115.87421490504535,39.66985876326549],[-115.89128491485639,39.650992590862415],[-115.92245990115276,39.59466369387171],[-115.93674494044522,39.584961107265414],[-115.98364276366377,39.57004765471117],[-116.00089251738002,39.552708756127075]]}},{"type":"Feature","properties":{"average_dip":"(50,,)","catalog_id":"US_106","catalog_name":"USGS Hazfaults 2014","dip_dir":"W","name":"Fox Range fault zone","net_slip_rate":"(0.14,0.13,0.43)","slip_type":"Normal"},"geometry":{"type":"LineString","coordinates":[[-119.55766995391426,40.5667873719419],[-119.58588044317919,40.5439683330683],[-119.59279827935065,40.5253717662653],[-119.60609491581074,40.519442438749536],[-119.61876271630058,40.50749389402324],[-119.6088799159737,40.49626406089799],[-119.60986772681633,40.454309558208294],[-119.61480905107213,40.45224327919211],[-119.61822295278233,40.440474467124396],[-119.63430462443968,40.43508416793962],[-119.6560460587811,40.39519591869515],[-119.65523716898687,40.37273627429444],[-119.63951448387999,40.34812056425018],[-119.63178750369109,40.304099729872675],[-119.6247796949557,40.29529565421832]]}},{"type":"Feature","properties":{"average_dip":"(50,,)","catalog_id":"US_107","catalog_name":"USGS Hazfaults 2014","dip_dir":"SE","name":"Black Hills fault","net_slip_rate":"(0.13,0.11,0.17)","slip_type":"Normal"},"geometry":{"type":"LineString","coordinates":[[-114.96811936884393,35.8900172481131],[-114.94853465565075,35.922807963261945],[-114.91861808420158,35.957934660062946]]}},{"type":"Feature","properties":{"average_dip":"(50,,)","catalog_id":"US_108","catalog_name":"USGS Hazfaults 2014","dip_dir":"E","name":"Eastern Granite Range fault","net_slip_rate":"(0.17,0.13,0.4)","slip_type":"Normal"},"geometry":{"type":"LineString","coordinates":[[-119.37906415758592,40.71340399111845],[-119.37771679605083,40.78159140815363],[-119.3851737399704,40.81797590486026],[-119.38283788217814,40.83657242028839],[-119.3982908121883,40.85516896717124],[-119.4330596605941,40.8715196160718],[-119.41751704368426,40.93638280002413],[-119.4336887750421,40.99486756209274]]}},{"type":"Feature","properties":{"average_dip":"(50,,)","catalog_id":"US_109","catalog_name":"USGS Hazfaults 2014","dip_dir":"E","name":"Diamond Valley fault","net_slip_rate":"(0.13,0.11,0.17)","slip_type":"Normal"},"geometry":{"type":"LineString","coordinates":[[-116.06675040576734,40.00136227108879],[-116.05965320567803,40.02525947231426],[-116.04240386428853,40.04789905119895],[-116.03324079865885,40.10880976433861],[-116.03746406986366,40.16046697772701],[-116.04824571278573,40.206464321199576]]}},{"type":"Feature","properties":{"average_dip":"(50,,)","catalog_id":"US_110","catalog_name":"USGS Hazfaults 2014","dip_dir":"E","name":"Little Valley fault","net_slip_rate":"(0.35,0.26,0.47)","slip_type":"Normal"},"geometry":{"type":"LineString","coordinates":[[-119.87901687209619,39.197285293753055],[-119.88593506310221,39.21156963514727],[-119.8839590955656,39.23142417667452],[-119.89087736562334,39.24777482229226],[-119.85799690799713,39.30365568110285],[-119.86105237921406,39.33195516275322],[-119.86958815487408,39.35162994589038]]}},{"type":"Feature","properties":{"average_dip":"(50,,)","catalog_id":"US_111","catalog_name":"USGS Hazfaults 2014","dip_dir":"W","name":"Dunn Glenn fault","net_slip_rate":"(0.13,0.13,0.24)","slip_type":"Normal"},"geometry":{"type":"LineString","coordinates":[[-117.90430129413666,40.873230641841594],[-117.93628509207383,40.86191093619706],[-117.94607790366712,40.85382548267089],[-117.95371434355687,40.82148356483828],[-117.9730301487647,40.788602666257276],[-117.9745573593079,40.77081460799289],[-117.9669206400421,40.751050144299164]]}},{"type":"Feature","properties":{"average_dip":"(50,,)","catalog_id":"US_112","catalog_name":"USGS Hazfaults 2014","dip_dir":"SW","name":"Duck Flat fault","net_slip_rate":"(0.18,0.13,0.37)","slip_type":"Normal"},"geometry":{"type":"LineString","coordinates":[[-119.94857817663342,41.14822134898226],[-119.94076109901476,41.1156097138921],[-119.94866556474429,41.03511404624437],[-119.94381338929726,41.00259228626987]]}},{"type":"Feature","properties":{"average_dip":"(90,,)","catalog_id":"US_113","catalog_name":"USGS Hazfaults 2014","name":"Rattlesnake Flat fault","net_slip_rate":"(0.1,0.0,0.12)","slip_type":"Sinistral"},"geometry":{"type":"LineString","coordinates":[[-118.47899787192468,38.324603324280616],[-118.44665469936486,38.32047091633979],[-118.33848485943662,38.35056704632702],[-118.30910656928549,38.353621668849534]]}},{"type":"Feature","properties":{"average_dip":"(50,,)","catalog_id":"US_114","catalog_name":"USGS Hazfaults 2014","dip_dir":"E","name":"Petersen Mountain fault","net_slip_rate":"(0.18,0.13,0.47)","slip_type":"Normal"},"geometry":{"type":"LineString","coordinates":[[-119.99797870443689,39.668491329692785],[-119.97947078919832,39.70263007368335],[-119.96770137226457,39.70757130818993],[-119.96069357790225,39.73056989409993],[-119.9677911750469,39.74233874376619],[-119.96581471792845,39.760306418036166],[-119.95817811993523,39.76524760978792],[-119.95179945259727,39.78321524430331],[-119.95719031088922,39.8169045948822],[-119.98450310111433,39.88419323780222]]}},{"type":"Feature","properties":{"average_dip":"(90,,)","catalog_id":"US_115","catalog_name":"USGS Hazfaults 2014","name":"Kane Spring Wash fault","net_slip_rate":"(0.01,0.01,0.05)","slip_type":"Sinistral"},"geometry":{"type":"LineString","coordinates":[[-114.87586868366006,37.0101187752905],[-114.8337330633246,37.036711233185294],[-114.82672538214999,37.048030835745955],[-114.78530841763511,37.064471575072865],[-114.77380877466264,37.08001360666032],[-114.7448797607312,37.09726287197563],[-114.74110649966966,37.10921142334295],[-114.72197020300841,37.13409686104376],[-114.67246720078722,37.162486485857634],[-114.67471333035735,37.172548269794866],[-114.63266764934814,37.23813075897423],[-114.59744954628223,37.26328596790564],[-114.58298507390167,37.28062488885691],[-114.57058685603197,37.28664420329519]]}},{"type":"Feature","properties":{"average_dip":"(50,,)","catalog_id":"US_116","catalog_name":"USGS Hazfaults 2014","dip_dir":"NE","name":"Southwest Reese River Valley fault","net_slip_rate":"(0.13,0.12,0.18)","slip_type":"Normal"},"geometry":{"type":"LineString","coordinates":[[-117.50690641220935,38.575078716764196],[-117.51804677937383,38.620806720770396],[-117.51346473901086,38.64991469073581],[-117.51508183318475,38.67048787611082],[-117.52361687581949,38.69007267377513],[-117.52379651462181,38.70759130484576],[-117.5214604592002,38.766525788175436],[-117.51562071365908,38.77245533482778],[-117.51624955681584,38.79024345488388],[-117.50843332002029,38.80461782771153],[-117.50897235500484,38.82941334431774],[-117.4979217331305,38.848818739808465],[-117.5019647259325,38.89050401097148],[-117.49747263567555,38.91089745895227],[-117.50061715059839,38.9262600081974],[-117.51067950977753,38.93084158271039],[-117.51103884038272,38.9378491389261],[-117.51966366064698,38.947371944689266],[-117.50969127133683,38.99049480224348],[-117.51256632581038,39.015200504028954],[-117.52226939211354,39.02427401617185],[-117.52074228397832,39.04125351426754],[-117.50735608189112,39.06685763267533],[-117.48750117881667,39.083477905872215],[-117.4398850474256,39.101715414013725],[-117.39397594234812,39.13414746888228],[-117.36980893277209,39.2016164023139],[-117.3527389499105,39.21284634268267],[-117.34860632770103,39.22084203881024]]}},{"type":"Feature","properties":{"average_dip":"(50,,)","catalog_id":"US_117","catalog_name":"USGS Hazfaults 2014","dip_dir":"W","name":"West Spring Mountains fault","net_slip_rate":"(0.09,0.06,0.09)","slip_type":"Normal"},"geometry":{"type":"LineString","coordinates":[[-116.03015089232214,36.44915278528895],[-116.02745558804199,36.44214545580817],[-115.99151837281137,36.41447553402877],[-115.97211234171472,36.389051606812664],[-115.9649247594297,36.35787789672445],[-115.92889821123568,36.339731119826936],[-115.93105421912155,36.31017430229985],[-115.92440581375492,36.29858531190275],[-115.89314084860641,36.28295378325304],[-115.915600940565,36.25133054216738],[-115.91299540762613,36.24342490378236],[-115.9193738414021,36.22959003969119],[-115.9179359602291,36.21144294899935],[-115.89044245322337,36.13678871031792],[-115.88810605913687,36.1182822928783],[-115.85926544392098,36.06330237433362],[-115.85998351134504,36.0366208142913]]}},{"type":"Feature","properties":{"average_dip":"(50,,)","catalog_id":"US_118","catalog_name":"USGS Hazfaults 2014","dip_dir":"W","name":"Coyote Spring fault","net_slip_rate":"(0.01,0.01,0.23)","slip_type":"Normal"},"geometry":{"type":"LineString","coordinates":[[-114.97811093898204,37.193207989888634],[-114.97406773956753,37.16769398779411],[-114.97703241356712,37.15817112111501],[-114.9682274415625,37.113162350999495],[-114.97137174897448,37.096362594023795],[-114.98412900909021,37.07012981402027],[-114.98358980073081,37.05988828414539]]}},{"type":"Feature","properties":{"average_dip":"(50,,)","catalog_id":"US_119","catalog_name":"USGS Hazfaults 2014","dip_dir":"E","name":"Jackson Mountains fault zone","net_slip_rate":"(0.19,0.13,0.49)","slip_type":"Normal"},"geometry":{"type":"LineString","coordinates":[[-118.62411935231307,40.97842976073187],[-118.63705711091883,41.022270981320744],[-118.63741665891634,41.047515733077724],[-118.62376076730953,41.06233924115628],[-118.5807265047032,41.0788698419562],[-118.58054702759765,41.102407615984525],[-118.59429335260411,41.1436435129155],[-118.59043052232224,41.18038763328436],[-118.60489531270643,41.20428472978981],[-118.60462593759713,41.217401191059444],[-118.5405693168815,41.30490449503574],[-118.52655434440109,41.345332004714955],[-118.51191034910089,41.371295431844636],[-118.496367717818,41.38557979676373],[-118.48414924385348,41.389532704690836],[-118.45593889742068,41.4102854650927],[-118.45441162399544,41.41846079319949],[-118.47121225959549,41.42762435720933],[-118.4767828528095,41.46194278691156],[-118.4639357000799,41.49149963667563],[-118.45207714871043,41.55043372595441],[-118.43914012941813,41.57549871499545]]}},{"type":"Feature","properties":{"average_dip":"(60,,)","catalog_id":"US_120","catalog_name":"USGS Hazfaults 2014","dip_dir":"NW","name":"Cheraw fault","net_slip_rate":"(0.17,0.01,0.23)","slip_type":"Normal"},"geometry":{"type":"LineString","coordinates":[[-103.22463403771097,38.43087185974768],[-103.2398170419446,38.40194376401449],[-103.26416400832656,38.36942214365208],[-103.30504217231717,38.33213924767459],[-103.3636192719206,38.29782108998488],[-103.43648136859568,38.2692526036773],[-103.49721511388881,38.228825635804185],[-103.57034800141808,38.159560665676345],[-103.58526201591967,38.150846353678915]]}},{"type":"Feature","properties":{"average_dip":"(50,,)","catalog_id":"US_121","catalog_name":"USGS Hazfaults 2014","dip_dir":"W","name":"Penoyer fault","net_slip_rate":"(0.03,0.02,0.03)","slip_type":"Normal"},"geometry":{"type":"LineString","coordinates":[[-115.5976679124152,37.96392105388773],[-115.61824148298832,37.95619444707619],[-115.6236318364271,37.94397631116724],[-115.62210451808608,37.9320279680195],[-115.63665877079112,37.91971977729683],[-115.62390109655206,37.8632122510814],[-115.63288505338542,37.820449342032596],[-115.63001000699668,37.7749017528241],[-115.64402513129238,37.75882050666173],[-115.66567628764265,37.70599589433222],[-115.68310516632486,37.68093110089297],[-115.68732760928297,37.66395188699899],[-115.73215792663744,37.622446409646315],[-115.826311496918,37.61965994400268],[-115.86143936062034,37.60726192429597],[-115.88093484235972,37.592797847215905]]}},{"type":"Feature","properties":{"average_dip":"(50,,)","catalog_id":"US_122","catalog_name":"USGS Hazfaults 2014","dip_dir":"W","name":"Thompson Valley fault","net_slip_rate":"(0.1,0.07,0.13)","slip_type":"Normal"},"geometry":{"type":"LineString","coordinates":[[-114.97842519212632,47.766447555792716],[-114.94868595889402,47.682716438728264]]}},{"type":"Feature","properties":{"average_dip":"(50,,)","catalog_id":"US_123","catalog_name":"USGS Hazfaults 2014","dip_dir":"E","name":"Puye fault","net_slip_rate":"(0.04,0.04,0.18)","slip_type":"Normal"},"geometry":{"type":"LineString","coordinates":[[-106.15869734120332,35.89284668572871],[-106.15007266377123,35.90829876583785],[-106.14504151966509,35.931476839764734],[-106.1556427215893,35.96435728723327],[-106.16229077391802,36.02167372687182],[-106.16974760375155,36.03721566723041],[-106.16211111714941,36.05715983309592],[-106.15438476578117,36.063807831746246]]}},{"type":"Feature","properties":{"average_dip":"(50,,)","catalog_id":"US_124","catalog_name":"USGS Hazfaults 2014","dip_dir":"W","name":"Pojoaque fault","net_slip_rate":"(0.03,0.03,0.04)","slip_type":"Normal"},"geometry":{"type":"LineString","coordinates":[[-106.00497964740093,36.08833500996876],[-105.98746084376552,36.040001984931614],[-105.98198071808716,35.994004700984426],[-105.99905058326942,35.94782809018248],[-106.00363249337667,35.94486337904213],[-106.02573337869754,35.874071346247845],[-106.02169084583296,35.76806326596675],[-106.05304493373912,35.71955114385313],[-106.06292707200764,35.68649121779406],[-106.06238792293705,35.67148848519108]]}},{"type":"Feature","properties":{"average_dip":"(50,,)","catalog_id":"US_125","catalog_name":"USGS Hazfaults 2014","dip_dir":"W","name":"Caballo fault","net_slip_rate":"(0.04,0.03,0.07)","slip_type":"Normal"},"geometry":{"type":"LineString","coordinates":[[-105.52715103427172,31.09545006288256],[-105.42230595173649,30.984860907708768],[-105.35438498617943,30.89277768205739],[-105.34342414103625,30.863041672135683],[-105.30973324492028,30.821087668149517],[-105.28430779175093,30.779133768919635]]}},{"type":"Feature","properties":{"average_dip":"(50,,)","catalog_id":"US_126","catalog_name":"USGS Hazfaults 2014","dip_dir":"W","name":"Wasatch fault, Salt Lake City section","net_slip_rate":"(1.08,1.03,1.7)","slip_type":"Normal"},"geometry":{"type":"LineString","coordinates":[[-111.88703427623476,40.84937488516395],[-111.89871365502759,40.84182846110498],[-111.91353738974144,40.83032906527916],[-111.91793937089055,40.814607297712975],[-111.89278320659223,40.781277308761254],[-111.89224393894402,40.768699979195155],[-111.86412327671593,40.756032798987945],[-111.85792400743179,40.74731856011239],[-111.85486937074978,40.73716681019243],[-111.86061921469391,40.73069847903478],[-111.86322445388369,40.712101993044726],[-111.84166215259309,40.68155702872218],[-111.83348647559785,40.672663088904926],[-111.80815105877281,40.67365150694274],[-111.8094986089541,40.651910645922385],[-111.7997056733933,40.6307986553108],[-111.78775666616625,40.61687378718546],[-111.79422514077808,40.604745650915454],[-111.78946345981619,40.59010203333147],[-111.79611172055404,40.58111827923259],[-111.79467414121498,40.56377952166149],[-111.80141223258293,40.54895614896121],[-111.8265677887218,40.52865266025658],[-111.83914547112066,40.51302069874763],[-111.83671965873079,40.50062313128999],[-111.82171605165264,40.495053206742895]]}},{"type":"Feature","properties":{"average_dip":"(50,,)","catalog_id":"US_127","catalog_name":"USGS Hazfaults 2014","dip_dir":"NW","name":"Paragonah fault","net_slip_rate":"(0.55,0.55,0.6)","slip_type":"Normal"},"geometry":{"type":"LineString","coordinates":[[-112.7024184237293,37.97832210425734],[-112.71571500629047,37.94948413393938],[-112.74823767392218,37.91238107720895],[-112.7527296348217,37.88992161988121],[-112.78893538703346,37.8378156717284],[-112.84373841888822,37.8025095053422],[-112.87006174806552,37.77681591908118]]}},{"type":"Feature","properties":{"average_dip":"(50,,)","catalog_id":"US_128","catalog_name":"USGS Hazfaults 2014","dip_dir":"E","name":"Sawyer Canyon fault","net_slip_rate":"(0.03,0.03,0.04)","slip_type":"Normal"},"geometry":{"type":"LineString","coordinates":[[-106.2545572451964,35.908298170663926],[-106.25428772096676,35.93336277231315],[-106.26614682210523,35.947107898050845],[-106.28168952435502,35.97873052486688]]}},{"type":"Feature","properties":{"average_dip":"(50,,)","catalog_id":"US_129","catalog_name":"USGS Hazfaults 2014","dip_dir":"W","name":"East Paradise fault zone","net_slip_rate":"(0.01,0.01,0.01)","slip_type":"Normal"},"geometry":{"type":"LineString","coordinates":[[-106.67746325262169,35.26395664297425],[-106.68338318088676,35.21195637113329],[-106.68789927143314,35.14573528606525]]}},{"type":"Feature","properties":{"average_dip":"(90,,)","catalog_id":"US_130","catalog_name":"USGS Hazfaults 2014","name":"Utsalady Point fault","net_slip_rate":"(0.15,0.14,0.17)","slip_type":"Sinistral"},"geometry":{"type":"LineString","coordinates":[[-122.80076534473339,48.34381642420187],[-122.73868553327583,48.335102701787115],[-122.65351344407172,48.30833057691791],[-122.53276233567006,48.252988598136895],[-122.50679717377967,48.24634024599221]]}},{"type":"Feature","properties":{"average_dip":"(50,,)","catalog_id":"US_131","catalog_name":"USGS Hazfaults 2014","dip_dir":"W","name":"Northern Huntington Valley fault zone","net_slip_rate":"(0.13,0.12,0.17)","slip_type":"Normal"},"geometry":{"type":"LineString","coordinates":[[-115.56921317302117,40.52288273296881],[-115.58969655094315,40.49988415504391],[-115.5967922158116,40.41220139723951],[-115.63191878144838,40.32874087823106],[-115.65599606819214,40.302058689222214],[-115.67351479726736,40.27106419687961],[-115.67827590600245,40.23881190895691],[-115.70567724406341,40.193802450669175]]}},{"type":"Feature","properties":{"average_dip":"(50,,)","catalog_id":"US_133","catalog_name":"USGS Hazfaults 2014","dip_dir":"W","name":"Pleasant Valley fault zone","net_slip_rate":"(0.13,0.12,0.44)","slip_type":"Normal"},"geometry":{"type":"LineString","coordinates":[[-117.45320136327861,40.619978103056965],[-117.4789856368101,40.592667347819905],[-117.55903382007521,40.541459834215466],[-117.56020159401194,40.53103871182889],[-117.54007645703878,40.50435704500735],[-117.52013077112001,40.45746201577995],[-117.57286746761551,40.42583887797092],[-117.57915633756103,40.4181127578416],[-117.58230064766798,40.40966807267882],[-117.57942542071788,40.39125138377687],[-117.5876008093539,40.37418218007107],[-117.59910052958148,40.36744429686543],[-117.60799453361389,40.33923512980288],[-117.60538898899694,40.33384495497194],[-117.63521626341524,40.2997063323087],[-117.63279033963428,40.2873087007026],[-117.64105540259355,40.25406870724897],[-117.70394520697654,40.21642573974838],[-117.71212091361616,40.187946880737236],[-117.7537180604141,40.11535713895814]]}},{"type":"Feature","properties":{"average_dip":"(50,,)","catalog_id":"US_134","catalog_name":"USGS Hazfaults 2014","dip_dir":"W","name":"Independence Valley fault zone","net_slip_rate":"(0.13,0.12,0.16)","slip_type":"Normal"},"geometry":{"type":"LineString","coordinates":[[-114.67133775167544,41.184272637913324],[-114.67169705712786,41.149684995838705],[-114.6232713801724,41.01313125675315],[-114.65282951573835,40.99983514091143],[-114.65866986674396,40.95994766200254],[-114.63504238083601,40.90460867318583],[-114.62587961075208,40.853941206247924],[-114.62246638637157,40.817647475937406],[-114.63046275783945,40.780814395673424],[-114.60018771098125,40.75530201392934],[-114.61914270516029,40.72430652517385],[-114.6482491399536,40.68881866292549],[-114.65705282377408,40.67129956830105],[-114.65516579394216,40.66096791319613],[-114.67600790059814,40.636261353196225]]}},{"type":"Feature","properties":{"average_dip":"(50,,)","catalog_id":"US_135","catalog_name":"USGS Hazfaults 2014","dip_dir":"W","name":"Nambe fault","net_slip_rate":"(0.04,0.03,0.2)","slip_type":"Normal"},"geometry":{"type":"LineString","coordinates":[[-105.88324532303929,36.02077755699573],[-105.87632763958143,36.00038423778695],[-105.87327330922491,35.93561148597316],[-105.87956219264515,35.916745472195196],[-105.8802810119591,35.892489350014436],[-105.8891752980625,35.870299409015324],[-105.88737865491784,35.824572093176904],[-105.89187081704002,35.78432488734552],[-105.87426183422818,35.71155693902237],[-105.87632806987443,35.69538636296459],[-105.89636245005447,35.66331443664994],[-105.8521602302551,35.5910861230406]]}},{"type":"Feature","properties":{"average_dip":"(50,,)","catalog_id":"US_136","catalog_name":"USGS Hazfaults 2014","dip_dir":"W","name":"Mount Irish Range fault","net_slip_rate":"(0.01,0.01,0.04)","slip_type":"Normal"},"geometry":{"type":"LineString","coordinates":[[-115.43029236778034,37.62883055033585],[-115.44511564525169,37.58552874210051],[-115.4595798418495,37.5638777169454],[-115.45454832314591,37.52740391596942]]}},{"type":"Feature","properties":{"average_dip":"(50,,)","catalog_id":"US_137","catalog_name":"USGS Hazfaults 2014","dip_dir":"E","name":"Ruby Valley fault zone","net_slip_rate":"(0.19,0.13,0.19)","slip_type":"Normal"},"geometry":{"type":"LineString","coordinates":[[-115.56453160201966,40.040537171823686],[-115.55617647037674,40.054462275058],[-115.55599702471221,40.068027978897916],[-115.5343459429221,40.127681194669776],[-115.49301928514441,40.17664362768689],[-115.49481677360372,40.210243384163256],[-115.49050452876162,40.221203813229636],[-115.49742261735969,40.232523453767975],[-115.49877052686712,40.24851480509508],[-115.48727141569726,40.27438845492277],[-115.47217817921167,40.28391123696509],[-115.45798369279478,40.3055623992604],[-115.45160567583711,40.33484983174253],[-115.45349307218166,40.36494580812299],[-115.44388007007059,40.37132429775682],[-115.37281698988912,40.47293126809494],[-115.35835268459518,40.48784433400016],[-115.35799388758926,40.511471850893074],[-115.34541645941364,40.53473989712713],[-115.33005380739452,40.55423474773704],[-115.30687492217314,40.57202255600868],[-115.3014846953968,40.58855281503397],[-115.28890712528738,40.603555771662414],[-115.28154067136131,40.62799177969855],[-115.28540498116847,40.67273142625569],[-115.2669876592297,40.68944120502194],[-115.25890215781764,40.70300681217158]]}},{"type":"Feature","properties":{"average_dip":"(60,,)","catalog_id":"US_138","catalog_name":"USGS Hazfaults 2014","dip_dir":"N","name":"Southern Whidbey Island fault-southern","net_slip_rate":"(0.23,0.0,0.25)","slip_type":"Reverse"},"geometry":{"type":"LineString","coordinates":[[-122.0845473066177,47.708134465234025],[-122.13752730731632,47.75592433710672],[-122.14534015387,47.763126380731606],[-122.15321405711688,47.770511524184755],[-122.16102692882339,47.77771355924891],[-122.16896188517025,47.78491558914063],[-122.17781237840354,47.79169036698353],[-122.18672391485536,47.798343070796825],[-122.19563547017178,47.80511784019563],[-122.20454703716631,47.81189260326951],[-122.2137637834224,47.81830115205085],[-122.22346882422254,47.824526591277625],[-122.23305180104354,47.83069099123366],[-122.24275687687799,47.837099523140985],[-122.2525230058124,47.8431418467768],[-122.26357101987747,47.84832969794693],[-122.27455798982572,47.853334445119856],[-122.28554496965545,47.858522291828066],[-122.296654026939,47.863710137178835],[-122.30764101215861,47.86889797982087],[-122.31844487760418,47.87390272002738],[-122.32802806912255,47.880311254806585],[-122.3376722903847,47.886536684774846],[-122.34725548459802,47.89294521507609],[-122.35696074638373,47.899109606038216],[-122.36654394508864,47.90551813413087],[-122.37612713840365,47.91174355574035],[-122.385771365954,47.917907940263504],[-122.39504938629563,47.924316462786],[-122.4033508489902,47.931518435948284],[-122.41165230629488,47.93853730428189],[-122.41995377437938,47.94573927377651],[-122.42813315602683,47.95269710404526],[-122.4364346187214,47.95971596608038],[-122.4447360930941,47.96691792892899],[-122.45303756117856,47.973936787140126],[-122.46146109234384,47.98071150519303],[-122.47183776485434,47.98632655485168],[-122.48227548597329,47.9921247050482],[-122.49265216297538,47.99773975085343],[-122.50296786682757,48.003538058270216],[-122.51346695455848,48.00933643095815],[-122.52384394237768,48.014890666923066],[-122.53428197341537,48.02068905393091],[-122.54478102431536,48.02630433714863],[-122.5551579977615,48.03210273922074],[-122.56547391361609,48.03771803620009],[-122.57597294924474,48.0435164489244],[-122.58634988855489,48.04913175828246],[-122.5967878683886,48.05493018505561],[-122.60716478883417,48.06054550721063],[-122.6176637894285,48.06634394602315],[-122.62797965228248,48.07189824479823],[-122.63847863491051,48.07769669571797],[-122.6489776022672,48.08331204417931],[-122.65935448228855,48.08892739715824],[-122.6697923992402,48.09472586923856],[-122.68029133964743,48.10034123528293],[-122.69066820170245,48.106139720781414],[-122.70116712324506,48.11169406174613],[-122.71160500516241,48.11749256014305],[-122.72210391233196,48.123107951838215],[-122.73248073935272,48.12890646203631],[-122.74297962765763,48.134521866844295],[-122.75335634508393,48.14013727204163],[-122.76446512119483,48.14514227113727],[-122.77648939915784,48.14929272817907],[-122.78839158798888,48.15332110398495],[-122.80047688042433,48.15753258309337],[-122.81250111796315,48.16149990490778],[-122.8244643131818,48.16571136994906],[-122.83648852826273,48.1697397148859],[-122.8479023884138,48.174500505261186],[-122.85760726122898,48.18072619727485],[-122.86719004581055,48.18689084410439],[-122.87756627096003,48.192506139006575],[-122.88879697360782,48.197511044958105],[-122.89996663124045,48.202699054122284],[-122.91119730604044,48.20770394320984],[-122.92236693223204,48.21270882512611],[-122.93359758098087,48.21771369674667],[-122.94476718022304,48.22271856093323],[-122.95599780381902,48.227906526110765],[-122.96716737611172,48.23291137388139],[-122.97839797006333,48.23791621202337]]}},{"type":"Feature","properties":{"average_dip":"(50,,)","catalog_id":"US_139","catalog_name":"USGS Hazfaults 2014","dip_dir":"W","name":"Hubbell Springs fault","net_slip_rate":"(0.13,0.0,0.16)","slip_type":"Normal"},"geometry":{"type":"LineString","coordinates":[[-106.50942655332761,34.997893739799125],[-106.5212855502615,34.980734851255185],[-106.52227370785381,34.96932564517392],[-106.5299999927467,34.96492361770685],[-106.5408707745961,34.945159503743135],[-106.5437456260504,34.92755147394716],[-106.55659288388289,34.91533368205097],[-106.5427572519641,34.893503427307664],[-106.5598270416879,34.8590061109551],[-106.55928795190611,34.83726565319509],[-106.55650277477503,34.825227593093175],[-106.5400617805973,34.80779928298832],[-106.54293659162744,34.77375117369238],[-106.55021364162313,34.75281925206109],[-106.54688945106709,34.7344027166363],[-106.56045518505704,34.69065234234853],[-106.55389660672725,34.663431831019444],[-106.56359913224462,34.616177739842826]]}},{"type":"Feature","properties":{"average_dip":"(50,,)","catalog_id":"US_140","catalog_name":"USGS Hazfaults 2014","dip_dir":"E","name":"San Felipe fault zone","net_slip_rate":"(0.06,0.05,0.08)","slip_type":"Normal"},"geometry":{"type":"LineString","coordinates":[[-106.60807540468097,35.312140586199575],[-106.60744673939065,35.32705333026014],[-106.59558821856386,35.35669923125094],[-106.59460035561895,35.37879889012479],[-106.60223768484084,35.42470504307954],[-106.61652298733969,35.45776459925547],[-106.61032431274026,35.47950496569191],[-106.61445763294071,35.52002100234608],[-106.61122352723798,35.5311608142168],[-106.59828660676038,35.546433056359575],[-106.5927166378755,35.56404107963558],[-106.59792793192531,35.59808914410403],[-106.59577205878676,35.619200773638944],[-106.60493613771605,35.63986311807662],[-106.5999951386504,35.66411901100555],[-106.58463257915777,35.68316449978435]]}},{"type":"Feature","properties":{"average_dip":"(90,,)","catalog_id":"US_141","catalog_name":"USGS Hazfaults 2014","name":"Tijeras-Canoncito fault","net_slip_rate":"(0.1,0.09,0.11)","slip_type":"Sinistral"},"geometry":{"type":"LineString","coordinates":[[-105.88144788219067,35.47861040519146],[-105.89860744505236,35.4704350841624],[-105.97236691917041,35.409974489942854],[-105.99842081035632,35.376914421698416],[-106.05340297705855,35.34969378611607],[-106.12823969918719,35.33927260886662],[-106.17253088094579,35.3151064129198],[-106.21870885807603,35.275578096346166],[-106.27432007814078,35.21053609602462],[-106.30109217329465,35.19256869468109],[-106.33037977312796,35.15331009983371],[-106.3579602020189,35.13731930773941],[-106.38015025860645,35.10929033598872],[-106.47582710391092,35.01118941533916],[-106.50771952342075,34.987203227128255]]}},{"type":"Feature","properties":{"average_dip":"(50,,)","catalog_id":"US_142","catalog_name":"USGS Hazfaults 2014","dip_dir":"W","name":"West Gate fault","net_slip_rate":"(0.17,0.13,0.37)","slip_type":"Normal"},"geometry":{"type":"LineString","coordinates":[[-118.04255633815751,39.46286250201033],[-118.04228665043446,39.44669171688622],[-118.05603226487356,39.42935297799386],[-118.06789104172022,39.39799967116172],[-118.06384786206861,39.37158745713943],[-118.0665429965672,39.3564049242438],[-118.08397206209897,39.33205889876975],[-118.07579627910253,39.313013364331205],[-118.06735110842037,39.307982598324756],[-118.06420657732788,39.29989709810831],[-118.06375719690362,39.28085160907489],[-118.07103426217068,39.27240684217624],[-118.07534643335096,39.2561462012603]]}},{"type":"Feature","properties":{"average_dip":"(50,,)","catalog_id":"US_143","catalog_name":"USGS Hazfaults 2014","dip_dir":"SW","name":"Campo Grande fault","net_slip_rate":"(0.0,0.0,0.06)","slip_type":"Normal"},"geometry":{"type":"LineString","coordinates":[[-106.03349905112236,31.494953272249845],[-106.00106632281691,31.477525220272017],[-105.91616632971912,31.450484789914185],[-105.87645644990833,31.434134646669026],[-105.77646253041878,31.360199300267702],[-105.72489324494063,31.326600338236503],[-105.6834760369823,31.30827355406302],[-105.64340649418963,31.298930487075417],[-105.6295707706427,31.292462275684706]]}},{"type":"Feature","properties":{"average_dip":"(50,,)","catalog_id":"US_144","catalog_name":"USGS Hazfaults 2014","dip_dir":"E","name":"Gallina fault","net_slip_rate":"(0.04,0.03,0.17)","slip_type":"Normal"},"geometry":{"type":"LineString","coordinates":[[-106.90204313725685,36.21976460577897],[-106.8595486157109,36.23620436927006],[-106.85209197272697,36.24518805483145],[-106.82424070716775,36.295586930260235],[-106.81247117614795,36.33233082984231],[-106.78273348891626,36.39081574365131],[-106.76162075669613,36.44903145496964],[-106.75649976129866,36.470323425801695],[-106.75730815881612,36.490177895089225],[-106.77222155797172,36.514524160183875],[-106.7920762256876,36.52548429301562]]}},{"type":"Feature","properties":{"average_dip":"(50,,)","catalog_id":"US_145","catalog_name":"USGS Hazfaults 2014","dip_dir":"E","name":"McGee Mountain fault zone","net_slip_rate":"(0.01,0.01,0.13)","slip_type":"Normal"},"geometry":{"type":"LineString","coordinates":[[-118.94693301813135,41.61098323376374],[-118.95016764575524,41.63856355012135],[-118.94118410394354,41.716273524877145],[-118.91270415872094,41.757689043890245],[-118.88098950682269,41.77700444996491],[-118.85798999270564,41.814018020086635],[-118.88844742541433,41.86100344907861],[-118.93309984400318,41.88642762914481],[-118.9986859030839,41.913828179210604]]}},{"type":"Feature","properties":{"average_dip":"(50,,)","catalog_id":"US_146","catalog_name":"USGS Hazfaults 2014","dip_dir":"W","name":"Strawberry fault","net_slip_rate":"(0.13,0.13,0.23)","slip_type":"Normal"},"geometry":{"type":"LineString","coordinates":[[-111.21310665794086,40.28977617396286],[-111.18543541206964,40.28923659509679],[-111.16854509136657,40.28357650096709],[-111.14204175328108,40.25725369281736],[-111.10817131358421,40.252042584831734],[-111.10385890524871,40.23802784471071],[-111.10152290013275,40.2017331951144],[-111.11490937979934,40.16777453084942],[-111.11212414876935,40.15366984805446],[-111.11985065374948,40.1433385747223],[-111.11670611367383,40.122316399048636],[-111.14285025500308,40.09042401970338],[-111.14779156219092,40.056105753922466],[-111.13934629718564,40.00750320693217]]}},{"type":"Feature","properties":{"average_dip":"(90,,)","catalog_id":"US_147","catalog_name":"USGS Hazfaults 2014","name":"Strawberry Point fault","net_slip_rate":"(0.27,0.25,0.43)","slip_type":"Sinistral"},"geometry":{"type":"LineString","coordinates":[[-122.80319106908838,48.34588276173595],[-122.7264669407337,48.34157127272917],[-122.61613871867233,48.31821316694804],[-122.45756446294938,48.29701108877449]]}},{"type":"Feature","properties":{"average_dip":"(50,,)","catalog_id":"US_148","catalog_name":"USGS Hazfaults 2014","dip_dir":"E","name":"Carson City fault","net_slip_rate":"(0.17,0.13,0.46)","slip_type":"Normal"},"geometry":{"type":"LineString","coordinates":[[-119.81881976957402,39.065221513059136],[-119.79123966317823,39.11400462605792],[-119.77731440903854,39.12155128877317],[-119.76940927406416,39.16916656924008],[-119.7604251420593,39.172131424966025],[-119.74658983892392,39.19342377493033]]}},{"type":"Feature","properties":{"average_dip":"(50,,)","catalog_id":"US_149","catalog_name":"USGS Hazfaults 2014","dip_dir":"E","name":"Fairview fault zone","net_slip_rate":"(0.13,0.0,0.17)","slip_type":"Normal"},"geometry":{"type":"LineString","coordinates":[[-118.18989245228379,39.07009008833075],[-118.18872495502815,39.11069712888898],[-118.18225654060345,39.12255582731092],[-118.16267106474055,39.12884452328214],[-118.16213220941906,39.15076509522953],[-118.14443366008183,39.17043979282514],[-118.14317604114194,39.18319698879119],[-118.15162123158706,39.197121886128514],[-118.13158717929208,39.25012684798394],[-118.1362592533044,39.27905453773592],[-118.12215437473542,39.29819000411353],[-118.12637701172963,39.304209078286846],[-118.11415862310507,39.31759493818687],[-118.1171235648026,39.32945348392009],[-118.1048153491412,39.337089637083864],[-118.10310849620247,39.34643285796068]]}},{"type":"Feature","properties":{"average_dip":"(90,,)","catalog_id":"US_150","catalog_name":"USGS Hazfaults 2014","name":"Rainbow Mountain fault zone","net_slip_rate":"(0.2,0.17,0.25)","slip_type":"Dextral"},"geometry":{"type":"LineString","coordinates":[[-118.42249450890014,39.28911393698307],[-118.50299313529648,39.32639608074003],[-118.54710674976783,39.375178284034504],[-118.53506822901599,39.40159094825458],[-118.52536576368576,39.43923350208692],[-118.51701169295319,39.5539569577726],[-118.48044611696112,39.59240755392399],[-118.46732945617157,39.620347113889665],[-118.46050192134739,39.67712450505846],[-118.45897521026754,39.75195934828427],[-118.45232706900559,39.76381785432586],[-118.45367571423324,39.84350381691763],[-118.45897676165805,39.87440800718603]]}},{"type":"Feature","properties":{"average_dip":"(50,,)","catalog_id":"US_151","catalog_name":"USGS Hazfaults 2014","dip_dir":"E","name":"Big Flat-Jakes Creek fault","net_slip_rate":"(0.05,0.03,0.06)","slip_type":"Normal"},"geometry":{"type":"LineString","coordinates":[[-116.39713084532845,44.03585701196533],[-116.41585987997587,44.06350723075114],[-116.42479137609496,44.16554608732208],[-116.45113279195219,44.308068703292896]]}},{"type":"Feature","properties":{"average_dip":"(90,,)","catalog_id":"US_152","catalog_name":"USGS Hazfaults 2014","name":"Coaldale fault 1","net_slip_rate":"(0.1,0.0,0.12)","slip_type":"Sinistral"},"geometry":{"type":"LineString","coordinates":[[-117.75890699359987,38.07746111465644],[-117.87291554870158,38.00927411335297],[-118.22393066044482,37.99984025228325],[-118.29292949295173,37.98780190687872],[-118.38896990890956,37.94674600196836],[-118.44592894775188,37.91170930013548]]}},{"type":"Feature","properties":{"average_dip":"(50,,)","catalog_id":"US_153","catalog_name":"USGS Hazfaults 2014","dip_dir":"W","name":"Red Rock Hills fault","net_slip_rate":"(0.22,0.18,0.22)","slip_type":"Normal"},"geometry":{"type":"LineString","coordinates":[[-112.79269717211724,44.94772276372059],[-112.75199752672977,44.90801273105345],[-112.70626643001238,44.87360330606833]]}},{"type":"Feature","properties":{"average_dip":"(60,,)","catalog_id":"US_154","catalog_name":"USGS Hazfaults 2014","dip_dir":"N","name":"Tacoma fault zone","net_slip_rate":"(0.29,0.23,0.42)","slip_type":"Reverse"},"geometry":{"type":"LineString","coordinates":[[-122.5071899998669,47.37619999999844],[-122.6161599997614,47.3810999998432],[-122.63713338261972,47.38037354686934],[-122.6717199996853,47.37422999971834],[-122.68619697841126,47.372376302272606],[-122.74178660028164,47.36786670279588],[-122.75374984760255,47.367378243075116],[-122.77296986455335,47.366813762742424],[-122.78111811957622,47.36653541520202],[-122.78479611699682,47.36650485293796],[-122.79223486823523,47.36568817785465],[-122.80720999961717,47.36496999984641],[-122.85612999971055,47.36705000012332],[-122.90363840423443,47.37390120383373],[-122.96342000000512,47.37340999974181]]}},{"type":"Feature","properties":{"average_dip":"(50,,)","catalog_id":"US_155","catalog_name":"USGS Hazfaults 2014","dip_dir":"SW","name":"Hoback fault","net_slip_rate":"(0.19,0.09,0.86)","slip_type":"Normal"},"geometry":{"type":"LineString","coordinates":[[-110.79925306795676,43.457658783688096],[-110.78056494618062,43.43313288291782],[-110.73716964976329,43.40034224204836],[-110.67805184790217,43.377434609123945],[-110.66295714626433,43.34742836671769],[-110.65028875737798,43.33440186230843]]}},{"type":"Feature","properties":{"average_dip":"(60,,)","catalog_id":"US_156","catalog_name":"USGS Hazfaults 2014","dip_dir":"N","name":"Southern Whidbey Island fault-northern","net_slip_rate":"(0.22,0.0,0.23)","slip_type":"Reverse"},"geometry":{"type":"LineString","coordinates":[[-122.00123461416904,47.76550756976285],[-122.05195661226445,47.81055099117355],[-122.06324842819933,47.81512851790454],[-122.07472337019642,47.81995017898802],[-122.08595418513362,47.82489390577732],[-122.09584224689311,47.83093626674327],[-122.1064627374431,47.836307232887044],[-122.11793772435598,47.84094577299921],[-122.12965685899,47.845340168007496],[-122.1417422017311,47.84912420815054],[-122.15394962731591,47.85290824529212],[-122.16615706188391,47.85669227817056],[-122.1771438279146,47.86169700904237],[-122.1879475136971,47.867128980011415],[-122.1987512030729,47.87231681007982],[-122.20955491400824,47.87774877194048],[-122.22023656276109,47.88311969701397],[-122.23091822409033,47.888490618263845],[-122.2415388718455,47.89410567208991],[-122.25203746011313,47.89953762304759],[-122.26046096432896,47.906495479732634],[-122.26882343520775,47.91351436909712],[-122.27736901957235,47.92053325471785],[-122.28573149224778,47.92749110611934],[-122.29427708200227,47.93450998783778],[-122.3033719897564,47.941101622854475],[-122.31344346144576,47.946899801145165],[-122.32357598264184,47.95294211401882],[-122.33364746600931,47.9589233909628],[-122.34377998091719,47.96472156218362],[-122.35385146877624,47.970702834715006],[-122.3638619241966,47.97674514072142],[-122.37405549220442,47.98272640794562],[-122.38406594043825,47.988524572984],[-122.39425951203934,47.994505835837096],[-122.4043310115765,48.00048712613781],[-122.41354801115749,48.00689589327854],[-122.42203259362611,48.01391503812984],[-122.43057821571996,48.02093418478182],[-122.43906279010375,48.02770918821275],[-122.44748634103198,48.03472834298833],[-122.4559709288905,48.04168646209295],[-122.46445552213889,48.04870562204269],[-122.47294011808222,48.05572478377694],[-122.48148575185418,48.06274394872998],[-122.48997034869583,48.06970208093658],[-122.49845495092738,48.076721251747244],[-122.50706176805505,48.08374042107652],[-122.51554656522102,48.090698558065576],[-122.52628970814662,48.0959476512775],[-122.53764320869712,48.10070845113094],[-122.54905774258461,48.105530293981694],[-122.56035018913681,48.11029110494714],[-122.57176470775296,48.11511295929073],[-122.5831792191826,48.11993481873658],[-122.5945937189341,48.124695649255884],[-122.6057640673712,48.12970063317526],[-122.61516434393144,48.13610948900338],[-122.62456461959333,48.14270146288099],[-122.63396487998386,48.1491103310506],[-122.64568449970815,48.153138742149935],[-122.65795345180513,48.156923007245204],[-122.67010032824486,48.16089038878188],[-122.68218615338125,48.164735701858525],[-122.6944550929018,48.16870309389897],[-122.70660194418869,48.172548416770915],[-122.71880982971096,48.17651582025055],[-122.73095666482818,48.180300114775015],[-122.74310350084373,48.184328566121124],[-122.75531118424503,48.188112836114406],[-122.7673964362563,48.19214118008408],[-122.77966477660053,48.19592536603555],[-122.79181103499934,48.199709546146885],[-122.80389625197633,48.20373786876364],[-122.81616455818457,48.2075220339541],[-122.8283718238693,48.21155034080943],[-122.83966356075238,48.21631109889742],[-122.85077218325137,48.221316000850756],[-122.86188079497056,48.226504005850764],[-122.87298939501164,48.2316920032163],[-122.88409797618812,48.236696878058886],[-122.89459618806164,48.24170175573066],[-122.89728177526537,48.24292245408095]]}},{"type":"Feature","properties":{"average_dip":"(50,,)","catalog_id":"US_157","catalog_name":"USGS Hazfaults 2014","dip_dir":"W","name":"Northern Butte Valley fault","net_slip_rate":"(0.13,0.1,0.13)","slip_type":"Normal"},"geometry":{"type":"LineString","coordinates":[[-114.94561540855676,40.36566388311807],[-114.96493026873695,40.30942499805338],[-114.97562120876478,40.297027230004204],[-114.97481246090437,40.28391078810686],[-114.98532340100716,40.25722881489222],[-115.0164084030615,40.23144520372943]]}},{"type":"Feature","properties":{"average_dip":"(60,,)","catalog_id":"US_158","catalog_name":"USGS Hazfaults 2014","dip_dir":"W","name":"Horse Heaven Hills structure (NW trend)","net_slip_rate":"(0.04,0.04,0.06)","slip_type":"Reverse"},"geometry":{"type":"LineString","coordinates":[[-119.54414085322158,46.2661050158171],[-119.49335179319526,46.24120941783953],[-119.40535328700203,46.219261116954605],[-119.34646243102267,46.202870348026416],[-119.25160650934397,46.150091288778825],[-119.18488314268939,46.12220796287872],[-119.07683128030408,46.10278932070202],[-119.0006470717745,46.05050820109275],[-118.88064260081615,46.01017714628993]]}},{"type":"Feature","properties":{"average_dip":"(60,,)","catalog_id":"US_159","catalog_name":"USGS Hazfaults 2014","dip_dir":"S","name":"Mill Creek thrust fault","net_slip_rate":"(0.06,0.04,0.14)","slip_type":"Reverse"},"geometry":{"type":"LineString","coordinates":[[-120.92140460916814,46.21716698010822],[-120.86651214194198,46.24160413217125],[-120.8056003837972,46.258405071838304],[-120.77047281025071,46.262897592911806],[-120.70803310494422,46.28275252400835],[-120.56168050501853,46.30260780427532],[-120.51595081416454,46.30260809781941],[-120.37561707755943,46.27053629803113],[-120.3359966942054,46.269009265752906],[-120.2659201789033,46.291918572067964],[-120.22629961498794,46.291918848289185]]}},{"type":"Feature","properties":{"average_dip":"(60,,)","catalog_id":"US_160","catalog_name":"USGS Hazfaults 2014","dip_dir":"NE","name":"Helvetia fault","net_slip_rate":"(0.03,0.02,0.05)","slip_type":"Reverse"},"geometry":{"type":"LineString","coordinates":[[-122.89807788113475,45.521355360774194],[-122.96222601592332,45.635449470249625]]}},{"type":"Feature","properties":{"average_dip":"(50,,)","catalog_id":"US_161","catalog_name":"USGS Hazfaults 2014","dip_dir":"E","name":"Sand Springs Range fault","net_slip_rate":"(0.18,0.0,0.26)","slip_type":"Normal"},"geometry":{"type":"LineString","coordinates":[[-118.3372320860094,39.06963958407319],[-118.33651349756248,39.08185758219651],[-118.31863548010281,39.10764158079456],[-118.31612010388254,39.12003936473271],[-118.32115145010957,39.139354563241675],[-118.33651437791144,39.15013494965767],[-118.33139369872097,39.167923005134334],[-118.34235466962826,39.19703060316959],[-118.32357820213723,39.22757595682037],[-118.33121491960638,39.245992758841275],[-118.31702023106857,39.265577604859686],[-118.32483674813848,39.2831857337809],[-118.33948107581537,39.29558322067856],[-118.34235609525463,39.30546530093771],[-118.33714562406159,39.328374078123446],[-118.32268124600411,39.34086163797906],[-118.30390532379043,39.414079549316405]]}},{"type":"Feature","properties":{"average_dip":"(50,,)","catalog_id":"US_162","catalog_name":"USGS Hazfaults 2014","dip_dir":"NW","name":"Black Mesa fault zone","net_slip_rate":"(0.04,0.03,0.17)","slip_type":"Normal"},"geometry":{"type":"LineString","coordinates":[[-105.96356247088363,36.219679516880056],[-106.0126158249826,36.2053049793554],[-106.02681070037,36.19191881129305],[-106.06202839829571,36.17386078865813],[-106.12123355682665,36.124628666642344]]}},{"type":"Feature","properties":{"average_dip":"(50,,)","catalog_id":"US_163","catalog_name":"USGS Hazfaults 2014","dip_dir":"W","name":"Alamogordo fault","net_slip_rate":"(0.14,0.06,0.2)","slip_type":"Normal"},"geometry":{"type":"LineString","coordinates":[[-106.12093858961323,33.49284293590864],[-106.14726187387475,33.457716503242516],[-106.14959766339506,33.448373489349095],[-106.14555440109845,33.42932789064031],[-106.13872626440305,33.417379563004936],[-106.11923025714921,33.40049012375578],[-106.11905042790406,33.3862958079207],[-106.10871838818841,33.36850797609421],[-106.07933973960951,33.341646702933915],[-106.05445313277849,33.30795769612829],[-106.03864024334237,33.242106993684494],[-106.01842572130349,33.22548723433899],[-106.00405094390736,33.20042266909488],[-106.00315246423156,33.193145857243195],[-106.01429284487077,33.18712674928569],[-106.01222632535688,33.16278094284266],[-106.02040178585813,33.14418455534415],[-106.0108785290372,33.133943229016026],[-106.00405044983395,33.11435877533797],[-105.9683833651958,33.048688376077955],[-105.93666958017181,33.01221518981617],[-105.92903290043189,32.99451732276198],[-105.92606753293292,32.97286649213523],[-105.93235607589166,32.96208579018177],[-105.93621854774574,32.937649820689835],[-105.91914821543953,32.916897538720086],[-105.91636268167728,32.90225401235481],[-105.9235492012553,32.87485337004026],[-105.91824822659403,32.862455811734236],[-105.9312746929358,32.84538634177561],[-105.93675447276277,32.82445402191192],[-105.9355860682087,32.80774422664543],[-105.92291779430671,32.789776804100015],[-105.91563950283927,32.748900726986115],[-105.90261242743976,32.73596442607826],[-105.88176896792098,32.70335388298401],[-105.86478868363716,32.656998151986805],[-105.87206574531098,32.61881705525415],[-105.8687416059589,32.611001343183005],[-105.87143674225408,32.58710455068555],[-105.88670969479712,32.57147268298724],[-105.89443602819902,32.55188807635257],[-105.92129854237953,32.53607632171431],[-105.92408358655995,32.51972590962563]]}},{"type":"Feature","properties":{"average_dip":"(50,,)","catalog_id":"US_164","catalog_name":"USGS Hazfaults 2014","dip_dir":"E","name":"Zia fault","net_slip_rate":"(0.05,0.05,0.06)","slip_type":"Normal"},"geometry":{"type":"LineString","coordinates":[[-106.8433681230841,35.18924357281767],[-106.8230649175637,35.28015793992134],[-106.79566410771214,35.3228301167769],[-106.78407499792726,35.34726549782605],[-106.77841553707715,35.375114642634756],[-106.76242418203847,35.400628062738726],[-106.74814064472915,35.470610206689315]]}},{"type":"Feature","properties":{"average_dip":"(50,,)","catalog_id":"US_166","catalog_name":"USGS Hazfaults 2014","dip_dir":"E","name":"Schell Creek Range fault system","net_slip_rate":"(0.19,0.13,0.28)","slip_type":"Normal"},"geometry":{"type":"LineString","coordinates":[[-114.58066246625985,39.11233183498529],[-114.56700679833352,39.14377523272281],[-114.57087013077364,39.14808748097571],[-114.56332362931184,39.174140566081284],[-114.55371066942158,39.18357361123673],[-114.55416005972731,39.201900575299426],[-114.54176214638647,39.220227580020264],[-114.5449066208851,39.22283289475079],[-114.51840352085314,39.25086262212612],[-114.49899778620053,39.258948244099145],[-114.50573659981397,39.29811776821845],[-114.5038503712793,39.32264375598002],[-114.517057207652,39.32533873393935],[-114.53035410013196,39.34339619829181],[-114.52541312621909,39.361274077309105],[-114.53053501813523,39.41400932920916],[-114.5471567174155,39.47051764224466],[-114.54607901036579,39.495133404277794],[-114.55479410323123,39.51525711912824],[-114.55560459741655,39.604286719658525],[-114.54859737707768,39.6224341340347],[-114.54859774628525,39.63923390300171],[-114.57887492125239,39.66681398428589],[-114.58929660924012,39.66968869582024],[-114.58507510232654,39.71685381804078],[-114.61822721678287,39.74281671910894],[-114.6405982982732,39.793125998988636],[-114.64032890699424,39.809386721235455],[-114.62514587131957,39.83579926387385],[-114.62343922409504,39.88916320305843],[-114.59028810676865,39.93120778718738],[-114.57169096007631,39.94495320527218],[-114.55219558523642,39.97046729487538]]}},{"type":"Feature","properties":{"average_dip":"(60,,)","catalog_id":"US_167","catalog_name":"USGS Hazfaults 2014","dip_dir":"SW","name":"Portland Hills fault","net_slip_rate":"(0.12,0.08,0.17)","slip_type":"Reverse"},"geometry":{"type":"LineString","coordinates":[[-122.92970419719954,45.722413022983105],[-122.86196277881663,45.65790965404905],[-122.77095242629164,45.58226650423737],[-122.69764108214298,45.524231486771775],[-122.67841493868195,45.515607223098655],[-122.62028610379518,45.43556197683867],[-122.58902079638855,45.40474777574603],[-122.57195079915394,45.39477592708212],[-122.56611087305147,45.38561249983371],[-122.54050586372479,45.373754076789766]]}},{"type":"Feature","properties":{"average_dip":"(50,,)","catalog_id":"US_168","catalog_name":"USGS Hazfaults 2014","dip_dir":"W","name":"Lobato Mesa fault zone","net_slip_rate":"(0.01,0.01,0.01)","slip_type":"Normal"},"geometry":{"type":"LineString","coordinates":[[-106.27656865112844,36.20655935593604],[-106.30432982734276,36.14349296191441],[-106.30010723256937,36.041077800956046]]}},{"type":"Feature","properties":{"average_dip":"(50,,)","catalog_id":"US_169","catalog_name":"USGS Hazfaults 2014","dip_dir":"E","name":"East Sierra Diablo fault","net_slip_rate":"(0.0,0.0,0.03)","slip_type":"Normal"},"geometry":{"type":"LineString","coordinates":[[-104.87319471106869,31.22409847778536],[-104.87616023038295,31.293812091202987],[-104.86142636402845,31.309264210329783],[-104.85010649730053,31.3308252448217],[-104.87678969517391,31.389937937670457],[-104.87059065136691,31.3959570691738],[-104.87759844932252,31.425693073646244],[-104.87625093507384,31.438899166771513],[-104.86681779903883,31.46773703093897],[-104.85981026878119,31.47465456572709],[-104.87175941255214,31.516877878768955]]}},{"type":"Feature","properties":{"average_dip":"(60,,)","catalog_id":"US_170","catalog_name":"USGS Hazfaults 2014","dip_dir":"SW","name":"Bolton fault","net_slip_rate":"(0.03,0.02,0.03)","slip_type":"Reverse"},"geometry":{"type":"LineString","coordinates":[[-122.69009265469317,45.40878952031448],[-122.66305018909665,45.402321367715395],[-122.63232398674317,45.374471914923106],[-122.61615235420004,45.36494920383098],[-122.60034019060265,45.36153552312577]]}},{"type":"Feature","properties":{"average_dip":"(50,,)","catalog_id":"US_171","catalog_name":"USGS Hazfaults 2014","dip_dir":"SW","name":"West Indio Mountains fault","net_slip_rate":"(0.0,0.0,0.06)","slip_type":"Normal"},"geometry":{"type":"LineString","coordinates":[[-105.13642796690903,30.83788761031288],[-105.11423679910548,30.811745019001986],[-105.08467864018333,30.802671561626877],[-105.03607377807478,30.733227565254783],[-105.0274486155524,30.707264670080583],[-105.02583125098563,30.678157462958875],[-105.02969431123624,30.666658302969925]]}},{"type":"Feature","properties":{"average_dip":"(90,,)","catalog_id":"US_172","catalog_name":"USGS Hazfaults 2014","name":"Gales Creek fault zone","net_slip_rate":"(0.02,0.02,0.29)","slip_type":"Dextral"},"geometry":{"type":"LineString","coordinates":[[-123.31063271203392,45.69806374021482],[-123.21234385873402,45.55719678302846],[-123.15196984110148,45.51587194186075],[-123.12708344627286,45.49215507374893]]}},{"type":"Feature","properties":{"average_dip":"(50,,)","catalog_id":"US_173","catalog_name":"USGS Hazfaults 2014","dip_dir":"SE","name":"East Baylor Mountain - Carizzo Mountain fault","net_slip_rate":"(0.0,0.0,0.01)","slip_type":"Normal"},"geometry":{"type":"LineString","coordinates":[[-104.90589277565796,30.951801955694215],[-104.9005922016453,30.984862109879717],[-104.88891307168579,31.01280144637644],[-104.86932809169295,31.044244467168365],[-104.85701991016754,31.052239992274462],[-104.824857239691,31.09437368673257],[-104.78955078731693,31.16166192603456],[-104.76852835015588,31.18681635370167],[-104.72307001609471,31.28464952208945]]}},{"type":"Feature","properties":{"average_dip":"(50,,)","catalog_id":"US_174","catalog_name":"USGS Hazfaults 2014","dip_dir":"E","name":"East Franklin Mountains fault","net_slip_rate":"(0.0,0.0,0.13)","slip_type":"Normal"},"geometry":{"type":"LineString","coordinates":[[-106.48791826144684,31.604910227092095],[-106.48809863956262,31.660159883301937],[-106.49348971255195,31.703730667784995],[-106.49196284875848,31.745953962638957],[-106.47444421041308,31.790063776812037],[-106.47165931804795,31.80740224134671],[-106.46393299183256,31.81746402683086],[-106.46024962877478,31.834622798038335],[-106.46447236638029,31.858070081061836],[-106.46249607006028,31.87684590900653],[-106.45764479562352,31.90496481605358],[-106.44946938991949,31.91808099931791],[-106.45063737496034,31.92679506790923],[-106.45638723866738,31.932993803979393],[-106.47498457220931,31.938024473954297],[-106.47776979066288,31.951410131087428],[-106.46591087278073,31.975037143664867],[-106.46375475889369,31.988512686663878],[-106.44704443092913,32.01142124789799]]}},{"type":"Feature","properties":{"average_dip":"(50,,)","catalog_id":"US_175","catalog_name":"USGS Hazfaults 2014","dip_dir":"E","name":"West Lobo Valley fault zone","net_slip_rate":"(0.0,0.0,0.04)","slip_type":"Normal"},"geometry":{"type":"LineString","coordinates":[[-104.60492092103262,30.466142474744338],[-104.61336601535797,30.473778614888662],[-104.62163154813612,30.48994915425427],[-104.62558449920395,30.51420517900052],[-104.65109918742036,30.540437639316345],[-104.66745012010097,30.57259938196985],[-104.67778167831959,30.618236723312222],[-104.6744574329663,30.65354275011078],[-104.69170697468013,30.67061185827076],[-104.76600628597825,30.71508137236561],[-104.80490832163383,30.75020767777996],[-104.82718961022334,30.783986355099266],[-104.8257522797176,30.798360368785026],[-104.79547597791293,30.89206044483766],[-104.80023795082731,30.926557881136134],[-104.80733561175235,30.939314767341283]]}},{"type":"Feature","properties":{"average_dip":"(45,,)","catalog_id":"US_176","catalog_name":"USGS Hazfaults 2014","dip_dir":"S","name":"Cape Blanco anticline","net_slip_rate":"(1.98,1.65,3.42)","slip_type":"Reverse"},"geometry":{"type":"LineString","coordinates":[[-124.95757974344345,43.02085428008664],[-124.87743995268059,42.993812374700084],[-124.79837840795665,42.97818011785458],[-124.75633190678558,42.96254805170029],[-124.68418647436606,42.895078830143355],[-124.64609217955946,42.86597091326402],[-124.60404510705989,42.852764397713656],[-124.4629014251401,42.82949580280192]]}},{"type":"Feature","properties":{"average_dip":"(50,,)","catalog_id":"US_177","catalog_name":"USGS Hazfaults 2014","dip_dir":"W","name":"Tule Springs Rim fault","net_slip_rate":"(0.13,0.09,0.16)","slip_type":"Normal"},"geometry":{"type":"LineString","coordinates":[[-118.35309136624342,42.647049197067695],[-118.36622545434946,42.583673798090835],[-118.37078585609386,42.50923833603185],[-118.40255540134422,42.48246741012089],[-118.40904174434536,42.418888469723264],[-118.47491253164186,42.401524084702515],[-118.49208801534536,42.36179866694768]]}},{"type":"Feature","properties":{"average_dip":"(50,,)","catalog_id":"US_178","catalog_name":"USGS Hazfaults 2014","dip_dir":"E","name":"Carico Lake Valley fault zone","net_slip_rate":"(0.17,0.13,0.2)","slip_type":"Normal"},"geometry":{"type":"LineString","coordinates":[[-117.12409918863754,39.92346728278785],[-117.10478323700433,39.93721279376121],[-117.02195000506721,40.04340283092505],[-117.02006366424314,40.05678875004834],[-117.01090014586255,40.07322927590278],[-116.97972524221117,40.08481854417401],[-116.96786627132842,40.09353284866995],[-116.92617999368798,40.1121293950916],[-116.92186792671232,40.12434739412519],[-116.85844054890376,40.1823829561815],[-116.86194453816225,40.19100739023074],[-116.85942918080656,40.20160826290415],[-116.84631247420292,40.2149044390195]]}},{"type":"Feature","properties":{"average_dip":"(50,,)","catalog_id":"US_179","catalog_name":"USGS Hazfaults 2014","dip_dir":"NE","name":"Amargosa fault","net_slip_rate":"(0.11,0.11,0.14)","slip_type":"Normal"},"geometry":{"type":"LineString","coordinates":[[-105.55571984263884,30.873732426817288],[-105.59498073908075,30.90975709307012],[-105.61950756794552,30.916764336865377],[-105.63244467706933,30.92449025561992],[-105.6507725905862,30.952070273255487],[-105.66703383097726,30.960155571896017],[-105.71581806778342,31.007409875003788],[-105.73468474499361,31.018010669294426],[-105.7432197364244,31.03445079971707],[-105.7605591500908,31.041098579649034],[-105.78319927161886,31.069666702915953],[-105.85525228626025,31.123389032877846],[-105.85480317982216,31.13030640129986],[-105.8640568863623,31.136145808085395],[-105.8686388449786,31.150699351074568],[-105.8843611851324,31.171541520027038],[-105.89720853279638,31.176213010955003],[-105.91616531192788,31.201007907690013],[-105.9257783499716,31.20612865901682],[-105.92766510491903,31.212507124742228],[-105.94491471310819,31.228318308678674],[-105.96261375023062,31.26101889562487],[-106.01759673799297,31.289047811027],[-106.0473342563414,31.31447133434819]]}},{"type":"Feature","properties":{"average_dip":"(60,,)","catalog_id":"US_180","catalog_name":"USGS Hazfaults 2014","dip_dir":"W","name":"South Slough thrust and reverse faults","net_slip_rate":"(0.51,0.3,0.72)","slip_type":"Reverse"},"geometry":{"type":"LineString","coordinates":[[-124.29931204586582,43.28848605731627],[-124.31117112005485,43.27761526405533],[-124.33596585797837,43.19487266873828]]}},{"type":"Feature","properties":{"average_dip":"(50,,)","catalog_id":"US_181","catalog_name":"USGS Hazfaults 2014","dip_dir":"W","name":"Hiko fault zone","net_slip_rate":"(0.01,0.01,0.1)","slip_type":"Normal"},"geometry":{"type":"LineString","coordinates":[[-115.18412692177692,37.67393228376091],[-115.21620032037544,37.640781666239],[-115.24566749702731,37.56504785097474],[-115.24584700557394,37.54752944023726]]}},{"type":"Feature","properties":{"average_dip":"(90,,)","catalog_id":"US_182","catalog_name":"USGS Hazfaults 2014","name":"Alvin Canyon fault","net_slip_rate":"(5.16,3.26,6.4)","slip_type":"Sinistral"},"geometry":{"type":"LineString","coordinates":[[-125.423884318052,44.60938415029175],[-125.3066392973733,44.5701258222442],[-124.90369465596005,44.47597937183588],[-124.86290610610556,44.45926987824925],[-124.76057527599822,44.42908537373076],[-124.64665499564454,44.40995126289653],[-124.58187855489176,44.39153517414971]]}},{"type":"Feature","properties":{"average_dip":"(50,,)","catalog_id":"US_183","catalog_name":"USGS Hazfaults 2014","dip_dir":"SE","name":"Kings Canyon fault zone","net_slip_rate":"(0.26,0.0,0.31)","slip_type":"Normal"},"geometry":{"type":"LineString","coordinates":[[-119.85691359725668,39.11247694027015],[-119.83732848790642,39.12460545323434],[-119.83858653713934,39.13556584812389],[-119.81909114523145,39.1454484413138],[-119.81549774126286,39.15569015505587],[-119.79420574304125,39.180306532844746],[-119.79357714961611,39.19000927034253],[-119.73544987061145,39.228102190695665]]}},{"type":"Feature","properties":{"average_dip":"(50,,)","catalog_id":"US_184","catalog_name":"USGS Hazfaults 2014","dip_dir":"SE","name":"Clan Alpine fault zone","net_slip_rate":"(0.27,0.2,0.29)","slip_type":"Normal"},"geometry":{"type":"LineString","coordinates":[[-117.86242095075043,39.45801137567375],[-117.85810879663818,39.4843340199564],[-117.84400382284777,39.51317209178735],[-117.84247680813733,39.5315887960125],[-117.81058340856552,39.58198807783988],[-117.79926340978527,39.59240931013604],[-117.75721737304323,39.61702522483629],[-117.74517891786839,39.64523440608764],[-117.7260425717998,39.661764702084426],[-117.71139820100379,39.66976033589748],[-117.6807616361426,39.678295099944876],[-117.64554333724398,39.70605519196378]]}},{"type":"Feature","properties":{"average_dip":"(50,,)","catalog_id":"US_185","catalog_name":"USGS Hazfaults 2014","dip_dir":"E","name":"Spanish Springs Valley fault","net_slip_rate":"(0.17,0.13,0.6)","slip_type":"Normal"},"geometry":{"type":"LineString","coordinates":[[-119.73752313377815,39.571198286807764],[-119.74318336358616,39.57506134089933],[-119.74480058172755,39.585572339684745],[-119.72629313001968,39.622496037688286],[-119.7310548936266,39.63713965326275],[-119.73168402514258,39.669661127722904],[-119.71659046885672,39.69643300408579],[-119.70248521928353,39.7117953257347],[-119.68963790755214,39.75132417988917]]}},{"type":"Feature","properties":{"average_dip":"(90,,)","catalog_id":"US_186","catalog_name":"USGS Hazfaults 2014","name":"Wecoma fault","net_slip_rate":"(6.17,2.08,8.5)","slip_type":"Sinistral"},"geometry":{"type":"LineString","coordinates":[[-125.63556249167715,45.210580128732],[-125.50681712823835,45.1774305248393],[-125.41526655674924,45.13430878726632],[-125.3610011998297,45.11679072374278],[-125.33261063787617,45.10259643476446],[-125.2176112526942,45.07393881419594],[-125.06901005732291,45.01455679925802],[-125.02292039536493,45.002698467014305],[-124.93577211135045,44.958139459894475],[-124.80028830799735,44.92085767174546],[-124.67917944822872,44.89390727129994],[-124.62248821783385,44.87540114286769]]}},{"type":"Feature","properties":{"average_dip":"(90,,)","catalog_id":"US_187","catalog_name":"USGS Hazfaults 2014","name":"Sandy River fault zone","net_slip_rate":"(0.02,0.02,0.65)","slip_type":"Dextral"},"geometry":{"type":"LineString","coordinates":[[-122.38265948502881,45.54615382876689],[-122.23415211329907,45.439156308842485]]}},{"type":"Feature","properties":{"average_dip":"(60,,)","catalog_id":"US_188","catalog_name":"USGS Hazfaults 2014","dip_dir":"NE","name":"Mount Angel fault","net_slip_rate":"(0.08,0.03,0.11)","slip_type":"Reverse"},"geometry":{"type":"LineString","coordinates":[[-122.61165471235464,44.96732250779083],[-122.78235377560573,45.05653176325502],[-122.81829102856558,45.08662740673226],[-122.87210770934006,45.16056421204547]]}},{"type":"Feature","properties":{"average_dip":"(50,,)","catalog_id":"US_189","catalog_name":"USGS Hazfaults 2014","dip_dir":"W","name":"Crescent Dunes fault","net_slip_rate":"(0.01,0.01,0.24)","slip_type":"Normal"},"geometry":{"type":"LineString","coordinates":[[-117.25974791638859,38.464041784956876],[-117.29505591386496,38.417953693014205],[-117.29577458765182,38.40483716914443],[-117.31257501843598,38.37518996416621],[-117.30556706776679,38.34383622513969],[-117.2972115678146,38.32748556428291],[-117.2905628282747,38.277804594075945],[-117.29712130239992,38.264418483177415],[-117.29748028176385,38.23297484130591],[-117.31149558841754,38.221744826297],[-117.31760457072741,38.19928502410508],[-117.30978749580369,38.15463529588479],[-117.31311104316599,38.11645374320386],[-117.33296566955937,38.080607937097426]]}},{"type":"Feature","properties":{"average_dip":"(50,,)","catalog_id":"US_190","catalog_name":"USGS Hazfaults 2014","dip_dir":"SE","name":"Eastern Osgood Mountains fault zone","net_slip_rate":"(0.01,0.01,0.25)","slip_type":"Normal"},"geometry":{"type":"LineString","coordinates":[[-117.37549164202174,41.029908681789074],[-117.36219535410798,41.059196045756785],[-117.24001259075654,41.189640905128876],[-117.2311185085707,41.208956072871814],[-117.1441527173062,41.26375768020201]]}},{"type":"Feature","properties":{"average_dip":"(50,,)","catalog_id":"US_191","catalog_name":"USGS Hazfaults 2014","dip_dir":"E","name":"Sky Lakes fault zone","net_slip_rate":"(0.37,0.22,0.49)","slip_type":"Normal"},"geometry":{"type":"LineString","coordinates":[[-122.04891787127141,42.14711119325437],[-122.10345273265766,42.1977789097208],[-122.14756607943104,42.25725085680461],[-122.188535257133,42.336666428840715],[-122.21045689082543,42.34924335882454],[-122.21234404642148,42.377182677921176],[-122.22636006723585,42.41769916573342],[-122.2320212537496,42.484448132674224],[-122.2410059696594,42.51660991697458],[-122.2426235408387,42.54508859276086],[-122.23687435805462,42.589199050149304]]}},{"type":"Feature","properties":{"average_dip":"(60,,)","catalog_id":"US_192","catalog_name":"USGS Hazfaults 2014","dip_dir":"N","name":"Yaquina faults","net_slip_rate":"(0.69,0.56,0.79)","slip_type":"Reverse"},"geometry":{"type":"LineString","coordinates":[[-123.98667238364682,44.641471364978365],[-124.03321049537443,44.63194802372259],[-124.07741309875446,44.60867950371456]]}},{"type":"Feature","properties":{"average_dip":"(60,,)","catalog_id":"US_193","catalog_name":"USGS Hazfaults 2014","dip_dir":"N","name":"Happy Camp fault","net_slip_rate":"(0.03,0.01,0.04)","slip_type":"Reverse"},"geometry":{"type":"LineString","coordinates":[[-123.83943234793342,45.38928025807803],[-123.94248416229452,45.43976770724922],[-124.05263330610234,45.48378740082511]]}},{"type":"Feature","properties":{"average_dip":"(50,,)","catalog_id":"US_194","catalog_name":"USGS Hazfaults 2014","dip_dir":"NW","name":"Dutchman Draw fault","net_slip_rate":"(0.1,0.1,0.13)","slip_type":"Normal"},"geometry":{"type":"LineString","coordinates":[[-113.3486400205707,37.00043282610815],[-113.36535063599611,36.987046632971975],[-113.4288688873788,36.951649415284535],[-113.46777045411379,36.939880155868664],[-113.50119183228834,36.91885743203995]]}},{"type":"Feature","properties":{"average_dip":"(50,,)","catalog_id":"US_195","catalog_name":"USGS Hazfaults 2014","dip_dir":"W","name":"Picuris-Pecos fault","net_slip_rate":"(0.09,0.07,0.2)","slip_type":"Normal"},"geometry":{"type":"LineString","coordinates":[[-105.60976744973016,36.32937621501964],[-105.62099809578406,36.27196901315274],[-105.66088814709813,36.19138316335446],[-105.66502116995623,36.15562728063935],[-105.65756494019732,36.108641888220056],[-105.6579245277207,36.08061227404696],[-105.66708893004353,36.0115263670274],[-105.70149796994036,35.92312577595069],[-105.7169506978296,35.847033165720504],[-105.73096587512589,35.814601627112374],[-105.74345375833569,35.73599369999916],[-105.7624098619341,35.68496623364032],[-105.80508371326192,35.593601903824734],[-105.82844213397934,35.56341659381685],[-105.85162071826511,35.51310782099227],[-105.87983070716842,35.47941891194933]]}},{"type":"Feature","properties":{"average_dip":"(50,,)","catalog_id":"US_196","catalog_name":"USGS Hazfaults 2014","dip_dir":"NE","name":"Wallowa fault","net_slip_rate":"(0.23,0.18,0.28)","slip_type":"Normal"},"geometry":{"type":"LineString","coordinates":[[-117.14734627305701,45.27721036910467],[-117.1827447838831,45.28511534428756],[-117.29100856962373,45.33407478792853],[-117.31257208274164,45.34763990098755],[-117.3494985982216,45.383754198157085],[-117.45264002312557,45.45634168591903],[-117.52640000209675,45.5256061240479],[-117.55065786638232,45.540878517860385],[-117.61363837904942,45.60726932569175]]}},{"type":"Feature","properties":{"average_dip":"(50,,)","catalog_id":"US_197","catalog_name":"USGS Hazfaults 2014","dip_dir":"SW","name":"Arroyo Diablo fault","net_slip_rate":"(0.0,0.0,0.02)","slip_type":"Normal"},"geometry":{"type":"LineString","coordinates":[[-105.72004154110914,31.30620735912679],[-105.69515525767164,31.285365240784305],[-105.6375663138639,31.20226608393879]]}},{"type":"Feature","properties":{"average_dip":"(90,,)","catalog_id":"US_198","catalog_name":"USGS Hazfaults 2014","name":"Whaleshead fault zone","net_slip_rate":"(1.87,1.41,2.55)","slip_type":"Dextral"},"geometry":{"type":"LineString","coordinates":[[-124.37018247514808,42.12390268387748],[-124.33595177419133,42.162352549967224],[-124.32588950125046,42.18660849876046],[-124.315019337442,42.267372594691274],[-124.33379724583075,42.30178149531514],[-124.3513173574132,42.31723428615479],[-124.36317649268766,42.37410237276891],[-124.37737175165569,42.40707340085398],[-124.414566910118,42.46007879813312],[-124.41780076429245,42.49053398071204],[-124.43909366532091,42.50940045003832]]}},{"type":"Feature","properties":{"average_dip":"(45,,)","catalog_id":"US_199","catalog_name":"USGS Hazfaults 2014","dip_dir":"S","name":"Seattle fault zone-middle","net_slip_rate":"(0.34,0.0,0.55)","slip_type":"Reverse"},"geometry":{"type":"LineString","coordinates":[[-122.840989511841,47.59212502184369],[-122.78654530663658,47.59913262420733],[-122.68295509239985,47.60272752918088],[-122.50056900569287,47.593656693838334],[-122.45034717427627,47.5884463248754],[-122.43660093910133,47.56113537976482],[-122.38116840113312,47.557093044821755],[-122.22169917096059,47.55529732598952],[-122.12377243394161,47.53104160889678],[-122.09062115491848,47.527268738923304],[-122.04785689175057,47.52762845708703],[-122.02368991271729,47.53301895526215]]}},{"type":"Feature","properties":{"average_dip":"(60,,)","catalog_id":"US_200","catalog_name":"USGS Hazfaults 2014","dip_dir":"NE","name":"Stonewall anticline","net_slip_rate":"(0.0,0.0,0.58)","slip_type":"Reverse"},"geometry":{"type":"LineString","coordinates":[[-124.4166396657366,44.49168186083107],[-124.50039738088205,44.60194642729947],[-124.53323776286679,44.66641826587811],[-124.5549913460241,44.74394081324984]]}},{"type":"Feature","properties":{"average_dip":"(50,,)","catalog_id":"US_201","catalog_name":"USGS Hazfaults 2014","dip_dir":"SW","name":"Western Granite Range fault","net_slip_rate":"(0.33,0.26,0.41)","slip_type":"Normal"},"geometry":{"type":"LineString","coordinates":[[-119.50107006242085,40.87628093631274],[-119.50646056228504,40.866219119683535],[-119.50475356022594,40.843040799847245],[-119.48193359957128,40.81213644232209],[-119.47483610393624,40.81294500424939],[-119.46288702843725,40.80198470816757],[-119.45848471940306,40.78761061173213],[-119.46055106105051,40.77674010711407],[-119.43997730722106,40.755987440853076],[-119.43368827108723,40.739816554661935],[-119.41482140792576,40.728856215838086],[-119.39496612755889,40.709271405306424],[-119.38418502272765,40.68959672878018],[-119.3862512934082,40.65995000195923]]}},{"type":"Feature","properties":{"average_dip":"(50,,)","catalog_id":"US_203","catalog_name":"USGS Hazfaults 2014","dip_dir":"W","name":"Buena Vista Valley fault zone","net_slip_rate":"(0.16,0.13,0.25)","slip_type":"Normal"},"geometry":{"type":"LineString","coordinates":[[-117.87159700242587,40.67846150182706],[-117.88390514083216,40.654205232188396],[-117.94553682591362,40.62276171110628],[-117.95802479715832,40.60596194415516],[-117.97644222330165,40.56517541789876],[-117.97455491768693,40.502109180978586],[-117.96494159577561,40.4898912030141],[-117.88857437616815,40.4351802080419],[-117.86216018599315,40.39960451972505],[-117.85533188310941,40.37831289377024],[-117.83592571007893,40.36546617320247],[-117.82334749767406,40.34615106429822],[-117.83197228380233,40.33429241585245],[-117.83206202819414,40.323422028120255],[-117.88138555869965,40.293056439139036],[-117.8718620943679,40.27760438596239],[-117.86925649585201,40.25694162086859],[-117.8621587612651,40.24418466719179],[-117.87563513174892,40.212920898881585],[-117.87329919131165,40.18255559396777],[-117.90366596873682,40.117422721071804],[-117.94921637292808,40.09154908930994],[-117.96368094681829,40.06864036369567],[-118.05037886226171,40.00503445805581]]}},{"type":"Feature","properties":{"average_dip":"(50,,)","catalog_id":"US_204","catalog_name":"USGS Hazfaults 2014","dip_dir":"SW","name":"West Delaware Mountains fault zone","net_slip_rate":"(0.0,0.0,0.03)","slip_type":"Normal"},"geometry":{"type":"LineString","coordinates":[[-104.81956404803337,31.669242553356504],[-104.8098611101893,31.65702485934029],[-104.80914200970267,31.63510447997958],[-104.79593510236306,31.604021050350404],[-104.7930599957872,31.58704186932414],[-104.75667351242176,31.529187244019585],[-104.74876716112847,31.506728122657073],[-104.73079853509772,31.492803492668973],[-104.71651335027815,31.46755924695397]]}},{"type":"Feature","properties":{"average_dip":"(50,,)","catalog_id":"US_205","catalog_name":"USGS Hazfaults 2014","dip_dir":"SW","name":"Caballo fault","net_slip_rate":"(0.0,0.0,0.14)","slip_type":"Normal"},"geometry":{"type":"LineString","coordinates":[[-107.26686757285744,33.11371786496985],[-107.25662507361608,33.09592958568556],[-107.25338972284837,33.068618190312314],[-107.23964299539661,33.042474972264074],[-107.24413392323358,33.01462446995364],[-107.26461675587818,32.96054196730513],[-107.26497602809292,32.94787484780789],[-107.25545280091637,32.93475849774688],[-107.25392540532026,32.92343892620406]]}},{"type":"Feature","properties":{"average_dip":"(50,,)","catalog_id":"US_206","catalog_name":"USGS Hazfaults 2014","dip_dir":"W","name":"Dry Lake fault","net_slip_rate":"(0.01,0.01,0.08)","slip_type":"Normal"},"geometry":{"type":"LineString","coordinates":[[-114.70221062196535,37.98909106412709],[-114.69708947744755,37.95935462375788],[-114.7075111483673,37.931414860689806],[-114.71263208537427,37.89853405111243],[-114.7191906187883,37.889909533813984],[-114.71685468643588,37.881195235248946],[-114.72350296514003,37.87463699318823],[-114.71631536668538,37.829358540651384],[-114.72485041201509,37.81453512964979],[-114.7333854833959,37.81219932486679],[-114.73356511321506,37.798184564170185],[-114.72655729998813,37.78731408677212],[-114.72772516195975,37.770783871168945],[-114.73796709885575,37.725684747823045],[-114.75000603373094,37.71957562433791],[-114.75054504625764,37.702685892861446],[-114.75728319691439,37.687143640173744],[-114.75737305179898,37.67537470424368],[-114.75018550724326,37.66567215131515],[-114.7571932620797,37.641415546060664],[-114.76923213317454,37.62075229234048],[-114.78306791960352,37.61895541295156],[-114.78747017923037,37.60943246605976],[-114.8036419105882,37.603053666973665],[-114.81055974586135,37.59451895280416]]}},{"type":"Feature","properties":{"average_dip":"(50,,)","catalog_id":"US_207","catalog_name":"USGS Hazfaults 2014","dip_dir":"W","name":"Buffalo Creek fault zone","net_slip_rate":"(0.17,0.13,0.26)","slip_type":"Normal"},"geometry":{"type":"LineString","coordinates":[[-117.800698882575,39.48837673334494],[-117.82675246294382,39.41488901418385],[-117.82693168582617,39.384074438957896],[-117.81201733894794,39.36422007608316],[-117.78919650513082,39.33178826595462],[-117.78030152912127,39.3018719610527],[-117.8162383526864,39.25102375168713]]}},{"type":"Feature","properties":{"average_dip":"(60,,)","catalog_id":"US_208","catalog_name":"USGS Hazfaults 2014","dip_dir":"SE","name":"Turner and Mill Creek faults","net_slip_rate":"(0.01,0.01,0.03)","slip_type":"Reverse"},"geometry":{"type":"LineString","coordinates":[[-123.07199924532742,44.76015230206957],[-123.00929064191708,44.81288794089229],[-122.99015458690262,44.8228601038988],[-122.97488154812132,44.81594255506319],[-122.8616815818782,44.83103599480021]]}},{"type":"Feature","properties":{"average_dip":"(50,,)","catalog_id":"US_209","catalog_name":"USGS Hazfaults 2014","dip_dir":"NW","name":"Jocko fault","net_slip_rate":"(0.1,0.1,0.22)","slip_type":"Normal"},"geometry":{"type":"LineString","coordinates":[[-113.97452546078875,47.14798307627709],[-113.98395961281837,47.125253065051986],[-114.04640206876623,47.05607443417061],[-114.05457864228013,47.01825109716962]]}},{"type":"Feature","properties":{"average_dip":"(50,,)","catalog_id":"US_210","catalog_name":"USGS Hazfaults 2014","dip_dir":"E","name":"Bonham Ranch fault zone","net_slip_rate":"(0.4,0.26,0.46)","slip_type":"Normal"},"geometry":{"type":"LineString","coordinates":[[-119.81290959701292,40.25873129106852],[-119.81901906710799,40.28011280281633],[-119.82306258722107,40.3467728440374],[-119.83231656595075,40.361865675908334],[-119.83285607614411,40.41307356276077],[-119.84812955060829,40.44460672820327],[-119.84291871290264,40.452332913660605],[-119.84390722622783,40.47021076220932],[-119.8316887810094,40.48305768417145],[-119.82881396369106,40.49779109998168],[-119.81237291741104,40.524383320705674],[-119.80895893664909,40.57406396987222],[-119.79404514043813,40.599398491711156],[-119.79206862133593,40.615389742802144],[-119.77823293821318,40.64800111870082],[-119.77338146524873,40.70235342610383],[-119.78910384941997,40.746284313742485]]}},{"type":"Feature","properties":{"average_dip":"(60,,)","catalog_id":"US_211","catalog_name":"USGS Hazfaults 2014","dip_dir":"SW","name":"Coquille anticline","net_slip_rate":"(0.3,0.28,0.53)","slip_type":"Reverse"},"geometry":{"type":"LineString","coordinates":[[-124.55212950487007,43.309148452216],[-124.54377319284085,43.26072455985],[-124.52248015167521,43.23727637380856],[-124.49291967060803,43.15615107591611],[-124.47225530102095,43.13494902904925],[-124.41915815911094,43.12120381775134],[-124.38286120723662,43.09838468095502]]}},{"type":"Feature","properties":{"average_dip":"(50,,)","catalog_id":"US_212","catalog_name":"USGS Hazfaults 2014","dip_dir":"SW","name":"Acala fault","net_slip_rate":"(0.0,0.0,0.12)","slip_type":"Normal"},"geometry":{"type":"LineString","coordinates":[[-105.93844679635012,31.411405702032635],[-105.88831513243186,31.360109059085953]]}},{"type":"Feature","properties":{"average_dip":"(50,,)","catalog_id":"US_213","catalog_name":"USGS Hazfaults 2014","dip_dir":"E","name":"Upper Yellowstone Valley faults","net_slip_rate":"(0.48,0.42,0.55)","slip_type":"Normal"},"geometry":{"type":"LineString","coordinates":[[-110.12274521507902,44.0881697109779],[-110.12993312974068,44.169652883208386],[-110.13029263821231,44.180523372881154],[-110.12346470273953,44.19435841377947],[-110.13065237126278,44.23101237323218],[-110.12939467866104,44.24898009488443]]}},{"type":"Feature","properties":{"average_dip":"(50,,)","catalog_id":"US_214","catalog_name":"USGS Hazfaults 2014","dip_dir":"W","name":"Battle Mountain fault","net_slip_rate":"(0.17,0.13,0.29)","slip_type":"Normal"},"geometry":{"type":"LineString","coordinates":[[-117.17657906577651,40.77872300917096],[-117.17972326089905,40.753568403688966],[-117.2183544374285,40.68969351808327],[-117.23730962744027,40.59509440981362],[-117.2375785057812,40.55358941017057]]}},{"type":"Feature","properties":{"average_dip":"(50,,)","catalog_id":"US_215","catalog_name":"USGS Hazfaults 2014","dip_dir":"N","name":"Juniper Mountain fault","net_slip_rate":"(0.01,0.01,0.15)","slip_type":"Normal"},"geometry":{"type":"LineString","coordinates":[[-117.66144330936376,44.2433059471735],[-117.69809842942334,44.23575920730037],[-117.77706869992456,44.23513044695596],[-117.80617725294529,44.24097033588496],[-117.84822276776617,44.243576212009636],[-117.8751756264131,44.257052470924485]]}},{"type":"Feature","properties":{"average_dip":"(50,,)","catalog_id":"US_216","catalog_name":"USGS Hazfaults 2014","dip_dir":"SE","name":"Sheep Creek Range southeastern fault","net_slip_rate":"(0.17,0.13,0.2)","slip_type":"Normal"},"geometry":{"type":"LineString","coordinates":[[-116.73904717488372,40.71961246131379],[-116.7252116435763,40.72949458609069],[-116.6966419854029,40.73847849305169],[-116.6754396408433,40.757973422056445],[-116.65944793456335,40.766598009961434],[-116.62405096973785,40.80495911201998],[-116.59296589581825,40.818075610218436],[-116.57356024201401,40.83137186727307],[-116.51534379623422,40.89533713225685],[-116.51085192336959,40.907465284080956],[-116.49989129472041,40.913933805086806],[-116.48875138030681,40.93720205619915],[-116.46126033378664,40.963884320877035],[-116.45479201278673,40.978348378682774]]}},{"type":"Feature","properties":{"average_dip":"(50,,)","catalog_id":"US_217","catalog_name":"USGS Hazfaults 2014","dip_dir":"E","name":"Petersen Mountain fault 2","net_slip_rate":"(0.09,0.07,0.47)","slip_type":"Normal"},"geometry":{"type":"LineString","coordinates":[[-119.93041663559877,39.75671315092187],[-119.94227597389244,39.773872150965275],[-119.9413777628129,39.7865393817079],[-119.93095622035227,39.80414773529577],[-119.9378742900857,39.827685354889304],[-119.94470291726127,39.88625978167063],[-119.94074995271872,39.89802860190858]]}},{"type":"Feature","properties":{"average_dip":"(50,,)","catalog_id":"US_218","catalog_name":"USGS Hazfaults 2014","dip_dir":"W","name":"Chemult graben fault system (east)","net_slip_rate":"(0.08,0.07,0.09)","slip_type":"Normal"},"geometry":{"type":"LineString","coordinates":[[-121.51052154666641,43.47428885694245],[-121.5725112418296,43.43655700389826],[-121.57906955785133,43.42649518115539],[-121.6530977791563,43.388044362933975],[-121.72730532395491,43.32812213520996],[-121.73215637381287,43.29551107210938],[-121.73889418580477,43.26900891610588],[-121.7380852627729,43.22974988927075],[-121.72218324788416,43.19237762531976],[-121.70744919198512,43.12706583613804],[-121.69469173424004,43.09643151020077],[-121.70744885871015,43.07603811370163],[-121.68283281366296,43.045224387132244],[-121.66010334210348,43.005516685953815]]}},{"type":"Feature","properties":{"average_dip":"(50,,)","catalog_id":"US_219","catalog_name":"USGS Hazfaults 2014","dip_dir":"E","name":"Eastern Tuscarora Mountains fault zone","net_slip_rate":"(0.01,0.01,0.18)","slip_type":"Normal"},"geometry":{"type":"LineString","coordinates":[[-116.33538921633769,40.795798420053934],[-116.33233494976157,40.8119693311834],[-116.28283343694714,40.88141478732117],[-116.27780300789998,40.92480657493391],[-116.27942072101308,40.9557108797961],[-116.26271030142037,40.96909693815618],[-116.25498432195471,40.98634594493658],[-116.22237238513995,41.03045660170778],[-116.21042390073241,41.058306424975484],[-116.20620166528514,41.08103535215394],[-116.16352738276596,41.11131114703054],[-116.15274701185835,41.15631987083827],[-116.13864223929056,41.1822831478607],[-116.13073675756648,41.22181177131302]]}},{"type":"Feature","properties":{"average_dip":"(50,,)","catalog_id":"US_220","catalog_name":"USGS Hazfaults 2014","dip_dir":"SW","name":"Southeast Newberry fault zone","net_slip_rate":"(0.58,0.13,0.67)","slip_type":"Normal"},"geometry":{"type":"LineString","coordinates":[[-120.96698070068494,43.673461784315435],[-120.95440243797442,43.66205284294672],[-120.92035150607572,43.64255917484467],[-120.9064254470455,43.625131188019154],[-120.88387455697126,43.607972910113425],[-120.80274282042056,43.46468503712741],[-120.77039855730597,43.4356682566888],[-120.72682403890461,43.40458534502765],[-120.69456935309518,43.35346864802844],[-120.66168640983058,43.33127924593496],[-120.5881936347406,43.25689489168797],[-120.59241551535335,43.224733165961965],[-120.56240684862128,43.158343440975]]}},{"type":"Feature","properties":{"average_dip":"(50,,)","catalog_id":"US_221","catalog_name":"USGS Hazfaults 2014","dip_dir":"E","name":"Jemez-San Ysidro fault","net_slip_rate":"(0.03,0.03,0.04)","slip_type":"Normal"},"geometry":{"type":"LineString","coordinates":[[-106.7886583579154,35.4203919050399],[-106.78210113244842,35.48462457294637],[-106.78892984765888,35.54436581322139],[-106.78542614855623,35.55882957010333],[-106.78704368290458,35.59799841996591],[-106.78964920955525,35.60994663596489],[-106.813726994864,35.647228860813186],[-106.81660211042299,35.6644775110795],[-106.81255947694711,35.68639767617561],[-106.79396261322408,35.70723981605827],[-106.7644949595668,35.725117396093225],[-106.75551106831045,35.74425259913761],[-106.740148383952,35.75287703764144],[-106.71975457075881,35.77371931620393],[-106.68804078393816,35.78764423328258],[-106.6575848451278,35.818099203260736],[-106.6345857559139,35.83319190985887]]}},{"type":"Feature","properties":{"average_dip":"(50,,)","catalog_id":"US_222","catalog_name":"USGS Hazfaults 2014","dip_dir":"NE","name":"Peavine Peak fault zone","net_slip_rate":"(0.42,0.0,0.89)","slip_type":"Normal"},"geometry":{"type":"LineString","coordinates":[[-119.91092083765238,39.587008564800776],[-119.91056147470779,39.59419564966449],[-119.91846766879591,39.60578469411417],[-119.94335417411727,39.6257286206774],[-119.96374857840193,39.63318507299736],[-119.9744399271632,39.63237648194316],[-119.99797870443689,39.668491329692785]]}},{"type":"Feature","properties":{"average_dip":"(50,,)","catalog_id":"US_223","catalog_name":"USGS Hazfaults 2014","dip_dir":"W","name":"Joes Valley fault zone","net_slip_rate":"(0.26,0.23,0.29)","slip_type":"Normal"},"geometry":{"type":"LineString","coordinates":[[-111.22290147367555,39.59973039273397],[-111.2190378861139,39.531184111201064],[-111.231435985406,39.50010018123466],[-111.22883029436362,39.4681174161875],[-111.23332204775234,39.43146291815666],[-111.25793811795236,39.359860639678594],[-111.27114493995202,39.30209374803746],[-111.27033584174868,39.25834196566863],[-111.25811619907597,39.18467639377471]]}},{"type":"Feature","properties":{"average_dip":"(50,,)","catalog_id":"US_224","catalog_name":"USGS Hazfaults 2014","dip_dir":"NW","name":"Hurricane fault zone (northern)","net_slip_rate":"(0.33,0.26,0.62)","slip_type":"Normal"},"geometry":{"type":"LineString","coordinates":[[-113.0554040053196,37.66074425768133],[-113.09241828799946,37.61564528394338],[-113.10598407768497,37.589412484174595],[-113.12862386593804,37.569199017338725],[-113.14587322619217,37.56533612297328],[-113.16473969768818,37.55204017622535],[-113.19815969964371,37.50119228387606],[-113.21513942337879,37.48879484393293],[-113.23104042227294,37.42384195983765],[-113.22852462025116,37.403718216030946],[-113.2669758184151,37.33481225309636],[-113.28305694479506,37.296990347816774]]}},{"type":"Feature","properties":{"average_dip":"(50,,)","catalog_id":"US_225","catalog_name":"USGS Hazfaults 2014","dip_dir":"NE","name":"Cottonwood Mountain fault","net_slip_rate":"(0.12,0.12,0.14)","slip_type":"Normal"},"geometry":{"type":"LineString","coordinates":[[-117.33467975393617,43.92403045405833],[-117.37879991622762,43.98761059497808],[-117.46243422710754,44.094572293042326],[-117.4801334025705,44.10337639574343],[-117.49684439169509,44.121613494126166],[-117.52932190281409,44.157587592914375],[-117.54446039372874,44.193035247985684],[-117.585118642053,44.257498089935936]]}},{"type":"Feature","properties":{"average_dip":"(50,,)","catalog_id":"US_226","catalog_name":"USGS Hazfaults 2014","dip_dir":"W","name":"Montana Mountains/Desert Valley fault zone","net_slip_rate":"(0.14,0.13,0.17)","slip_type":"Normal"},"geometry":{"type":"LineString","coordinates":[[-118.2627839427333,41.96342132697497],[-118.25469780800894,41.93584084905231],[-118.21965926828686,41.913111375704894],[-118.20699117764121,41.87969129094017],[-118.20501433065391,41.84231856501951],[-118.19459257259759,41.83288545622358],[-118.16889733917874,41.7922783112769],[-118.14679598224237,41.772334018756986],[-118.15173720139526,41.76676409001225],[-118.14742463315963,41.748167524956784],[-118.12855757236883,41.72795373810678],[-118.12945568732864,41.71384914023758],[-118.10295133504518,41.651860578902],[-118.10510727196414,41.63317423975075],[-118.09765012861858,41.61817112184113],[-118.10573590491512,41.61394879472736],[-118.11732520873613,41.59625073887112],[-118.13322609174756,41.51620477525627],[-118.14966708412868,41.509826306942365],[-118.1529911201745,41.50515471616057],[-118.15981854720081,41.45214998225611],[-118.14921691857684,41.427893608159394],[-118.14975581881411,41.41324995920979],[-118.14104069181268,41.38144706395892],[-118.13070876169151,41.377853545158956],[-118.12576731616315,41.36707293881701],[-118.13079787816098,41.3182905840191],[-118.13627823829962,41.31307998303634],[-118.13690707157491,41.30167051731616],[-118.13358258726974,41.27983973396116],[-118.12154331642466,41.25378656969082],[-118.12504706313801,41.235459520202554],[-118.12217188379863,41.199703787289245],[-118.12765213793608,41.17877134801547],[-118.1259449544173,41.16394801169508],[-118.11363632373427,41.142027419170205],[-118.11327678382158,41.107709022855]]}},{"type":"Feature","properties":{"average_dip":"(50,,)","catalog_id":"US_227","catalog_name":"USGS Hazfaults 2014","dip_dir":"W","name":"Black Rock fault zone","net_slip_rate":"(0.25,0.25,0.31)","slip_type":"Normal"},"geometry":{"type":"LineString","coordinates":[[-119.14584038235132,41.348473940308764],[-119.1523985779988,41.33913060175839],[-119.15248795318305,41.32727171231359],[-119.14943294280187,41.31810804024916],[-119.13514756394623,41.30571028202446],[-119.13370960911136,41.292683490929505],[-119.08447443779552,41.23240162867332],[-119.05958812381527,41.22377729501872],[-119.0527600167643,41.21515280567214],[-119.04278737862079,41.19718512528456],[-119.04323636917619,41.17229973182159],[-119.00397486637148,41.12414643027713],[-119.00056073559085,41.10842462983856],[-118.98986935179526,41.09476915768426],[-118.99894335575274,41.09036706370764],[-119.01017352839447,41.07886763713863],[-119.00954465559329,41.07437570011481],[-119.02661455401324,41.060989622334496],[-119.01861840892079,41.04742394420659],[-119.02041512662561,41.03529573515753],[-119.0147550189885,41.027659438234714],[-119.01709074562672,41.01220719299972],[-119.00864541504444,40.992891863064905],[-119.00963359239971,40.97815835097993],[-119.00262571898561,40.95668691090315],[-119.00999267417158,40.942582215056134],[-118.99921143998296,40.922727917928974],[-119.00172685572916,40.902693873222915],[-119.01951547285174,40.877179656700335],[-119.05051098563578,40.85085687127477],[-119.06048330397907,40.82740905631596],[-119.08554936635606,40.811238091175206],[-119.08644774003066,40.80288306966954],[-119.09642024432519,40.79273131282171],[-119.14565385796234,40.75185482202636],[-119.15652473593148,40.73128178286956]]}},{"type":"Feature","properties":{"average_dip":"(50,,)","catalog_id":"US_228","catalog_name":"USGS Hazfaults 2014","dip_dir":"E","name":"East Mount Sheridan faults","net_slip_rate":"(1.54,1.47,1.83)","slip_type":"Normal"},"geometry":{"type":"LineString","coordinates":[[-110.5304530852514,44.13326431208925],[-110.53862833285193,44.17701496107652],[-110.50538640124023,44.250682822004],[-110.51095681479117,44.276376624862735],[-110.52452301500678,44.30108205081577],[-110.52245690422635,44.32578783773233]]}},{"type":"Feature","properties":{"average_dip":"(50,,)","catalog_id":"US_229","catalog_name":"USGS Hazfaults 2014","dip_dir":"W","name":"Nightingale Mountains fault","net_slip_rate":"(0.17,0.13,0.35)","slip_type":"Normal"},"geometry":{"type":"LineString","coordinates":[[-119.23603019303455,40.271398399208756],[-119.2763683455719,40.2006957561691],[-119.27636783532884,40.17248646593558],[-119.28553168159446,40.16808445182731],[-119.30116378328304,40.13816832166662],[-119.30170225143065,40.10654525401186],[-119.28840500681113,40.0739340100011],[-119.30143149740739,40.03781904869373],[-119.30179063307817,40.024433108916575],[-119.2895714719025,39.997122377123],[-119.26755971203421,39.97628001578312],[-119.26738000675657,39.97133894373035]]}},{"type":"Feature","properties":{"average_dip":"(50,,)","catalog_id":"US_230","catalog_name":"USGS Hazfaults 2014","dip_dir":"NE","name":"Sweetwater fault","net_slip_rate":"(0.06,0.05,0.1)","slip_type":"Normal"},"geometry":{"type":"LineString","coordinates":[[-112.27483470356665,45.039896804211054],[-112.40780824660494,45.11096045871218]]}},{"type":"Feature","properties":{"average_dip":"(50,,)","catalog_id":"US_231","catalog_name":"USGS Hazfaults 2014","dip_dir":"W","name":"Mission fault","net_slip_rate":"(0.42,0.28,0.43)","slip_type":"Normal"},"geometry":{"type":"LineString","coordinates":[[-114.06733732981884,48.05771956583014],[-114.05107404037062,48.00785656319614],[-114.03759704825262,47.99033715799503],[-114.02474902685216,47.928435756201125],[-113.99572910161734,47.84030030421067],[-113.99617828261559,47.804812449936094],[-114.00453378256778,47.782890849057964],[-114.00192822986597,47.76779727519108],[-114.01279929288805,47.71676691911675],[-114.0022873897913,47.68388489873633],[-114.00749830205713,47.6517214229156],[-114.00282633404599,47.63006954520688],[-114.01118171362393,47.58155489486327],[-114.02420917799397,47.571223057271546],[-114.00839633167696,47.50240427496161],[-114.00480210125832,47.46431183614938],[-114.01163021280091,47.45532776113754],[-114.00587980381646,47.41642689620969],[-114.01100084323136,47.400165784108964],[-114.00866448238254,47.35865948093424],[-113.99976979922378,47.3472498841291],[-113.98907809023808,47.31643469624413],[-113.94496470573544,47.28597937985588],[-113.92897234997355,47.25830870824849]]}},{"type":"Feature","properties":{"average_dip":"(50,,)","catalog_id":"US_232","catalog_name":"USGS Hazfaults 2014","dip_dir":"NE","name":"Mount Hood fault","net_slip_rate":"(0.21,0.04,0.28)","slip_type":"Normal"},"geometry":{"type":"LineString","coordinates":[[-121.80623818142115,45.33089804088315],[-121.81755810294631,45.329011420914306],[-121.83058493310574,45.33431203709701],[-121.85807610359345,45.3545258610957],[-121.91853894843788,45.38587986285771]]}},{"type":"Feature","properties":{"average_dip":"(50,,)","catalog_id":"US_233","catalog_name":"USGS Hazfaults 2014","dip_dir":"S","name":"Helena Valley fault","net_slip_rate":"(0.01,0.01,0.05)","slip_type":"Normal"},"geometry":{"type":"LineString","coordinates":[[-112.09921074265304,46.77300441181205],[-111.9400055722583,46.737607359962134],[-111.90352837072724,46.705713786923994],[-111.86947711812998,46.6908901568237]]}},{"type":"Feature","properties":{"average_dip":"(50,,)","catalog_id":"US_234","catalog_name":"USGS Hazfaults 2014","dip_dir":"NE","name":"Battle Rock fault zone","net_slip_rate":"(0.13,0.07,0.18)","slip_type":"Normal"},"geometry":{"type":"LineString","coordinates":[[-124.37593301438822,42.5156881628252],[-124.37934698077714,42.55270194776318],[-124.3945304036257,42.580821690975334],[-124.49784681944867,42.73848907316711],[-124.51474024832262,42.83174170106152],[-124.54304334940176,42.89714452300715]]}},{"type":"Feature","properties":{"average_dip":"(50,,)","catalog_id":"US_235","catalog_name":"USGS Hazfaults 2014","dip_dir":"SE","name":"Beaver Creek fault zone","net_slip_rate":"(0.24,0.08,0.26)","slip_type":"Normal"},"geometry":{"type":"LineString","coordinates":[[-124.49048017597809,42.76508121869991],[-124.45786862274397,42.783947498828404],[-124.45014276275421,42.79634530287004],[-124.4221129408626,42.81296558316866],[-124.39057913420409,42.826710994170696],[-124.3541038119486,42.83470681596989],[-124.32140225201458,42.8552799157268]]}},{"type":"Feature","properties":{"average_dip":"(50,,)","catalog_id":"US_236","catalog_name":"USGS Hazfaults 2014","dip_dir":"W","name":"Canones fault","net_slip_rate":"(0.04,0.03,0.06)","slip_type":"Normal"},"geometry":{"type":"LineString","coordinates":[[-106.52929397083228,36.08105412098617],[-106.52821596823684,36.11034134222709],[-106.51509933619339,36.1346875799532],[-106.47179583322506,36.166580425970025],[-106.443854940055,36.201348006840995],[-106.4187889720011,36.211320146965846],[-106.36739924986679,36.256778408829994],[-106.31915380639836,36.28381998472093]]}},{"type":"Feature","properties":{"average_dip":"(50,,)","catalog_id":"US_237","catalog_name":"USGS Hazfaults 2014","dip_dir":"SW","name":"West Eagle Mountains-Red Hills fault","net_slip_rate":"(0.0,0.0,0.02)","slip_type":"Normal"},"geometry":{"type":"LineString","coordinates":[[-105.26948533533975,31.00318727397298],[-105.21800540887618,30.954675445782023],[-105.19015426279289,30.9418288838275],[-105.15709200411946,30.900234500621508],[-105.12636572900244,30.872564731257686],[-105.08548743206117,30.856753613350733]]}},{"type":"Feature","properties":{"average_dip":"(50,,)","catalog_id":"US_239","catalog_name":"USGS Hazfaults 2014","dip_dir":"SW","name":"Paulina Marsh fault","net_slip_rate":"(0.37,0.06,0.38)","slip_type":"Normal"},"geometry":{"type":"LineString","coordinates":[[-121.03911345967242,43.231196756912844],[-121.00515104955845,43.18924338397889],[-120.9972443182778,43.17612722932529],[-120.99517725258822,43.15771056526893],[-120.98421615591681,43.148547218323664]]}},{"type":"Feature","properties":{"average_dip":"(50,,)","catalog_id":"US_240","catalog_name":"USGS Hazfaults 2014","dip_dir":"W","name":"Lone Mountain fault zone","net_slip_rate":"(0.26,0.22,0.28)","slip_type":"Normal"},"geometry":{"type":"LineString","coordinates":[[-117.39612713526405,38.18688662035014],[-117.40205643295752,38.17008669389872],[-117.42604400315723,38.14906426116189],[-117.43403978802526,38.135857933247344],[-117.47698440235948,38.12363951779993],[-117.48084737816845,38.108816107837434],[-117.47267153318823,38.10019168686995],[-117.47887055813061,38.094801336712955],[-117.48587826355975,38.09453178914986],[-117.48983116432193,38.08384099726678],[-117.49773718773011,38.078720079090274],[-117.49620974991318,38.073778992088414],[-117.51247095526995,38.06272875730007],[-117.54148965160945,38.05617046006132],[-117.59305840438662,38.03478871377862],[-117.62153772887338,38.00343507198463],[-117.62755684192558,37.98268225511112],[-117.65693489492148,37.96507365411708],[-117.68083238206451,37.93686396927629]]}},{"type":"Feature","properties":{"average_dip":"(50,,)","catalog_id":"US_241","catalog_name":"USGS Hazfaults 2014","dip_dir":"E","name":"Wassuk Range fault zone","net_slip_rate":"(0.94,0.91,1.43)","slip_type":"Normal"},"geometry":{"type":"LineString","coordinates":[[-118.66757402737068,38.143040859038464],[-118.65921923618926,38.16325437987829],[-118.64556367965402,38.18032359421706],[-118.65949005039964,38.21751638132693],[-118.65077563666053,38.22784767967163],[-118.6292136327123,38.232519271289334],[-118.62624923180056,38.245096538973065],[-118.61205412374952,38.26674755102014],[-118.62139741298472,38.300346998778345],[-118.6130419857961,38.3206503461625],[-118.60711244735411,38.320380852748926],[-118.59839761230515,38.342211505161735],[-118.58671812571446,38.35191400129727],[-118.58698756460416,38.37293617066123],[-118.5825851926879,38.37949431265474],[-118.58626862671261,38.3918919077156],[-118.60082291175698,38.40994944218814],[-118.62723617756556,38.42755765192746],[-118.63999356164881,38.4430996408332],[-118.66353211344531,38.45253266780456],[-118.66272338714447,38.468793371095714],[-118.67053951344727,38.480652073727164],[-118.6609262355534,38.50014682574966],[-118.67233635422127,38.51577871928429],[-118.6745825376903,38.52664904920743],[-118.69138316790043,38.54066382671309],[-118.70207475202035,38.56545913813915],[-118.72067237032822,38.58881701830035],[-118.74546915820721,38.61001876706011],[-118.77655582573813,38.691411714090776],[-118.76460723712599,38.7105473276561],[-118.77637678431549,38.728425021036934],[-118.77754493823959,38.737498626706376],[-118.77314284300444,38.750345530806946],[-118.75310846102778,38.77487195787363],[-118.78024095578208,38.80954993913813],[-118.77512021281123,38.82491259107911],[-118.78194838903248,38.84539606223293],[-118.79605361704611,38.8583328849234],[-118.80108521480143,38.89921001599669],[-118.82947544797159,38.925622747206575],[-118.83810054671356,38.9501490192952],[-118.84986986034109,38.959851733345445],[-118.86927610972835,38.99992021521025],[-118.88454939913962,39.02013399370513],[-118.93764687881615,39.0732287241661]]}},{"type":"Feature","properties":{"average_dip":"(60,,)","catalog_id":"US_242","catalog_name":"USGS Hazfaults 2014","dip_dir":"E","name":"Waldport fault","net_slip_rate":"(0.22,0.16,0.29)","slip_type":"Reverse"},"geometry":{"type":"LineString","coordinates":[[-124.08981178734138,44.33862574368934],[-124.06519559137722,44.42163668718821],[-124.06142248572421,44.45119353367994],[-124.05189929537862,44.46619669711441]]}},{"type":"Feature","properties":{"average_dip":"(50,,)","catalog_id":"US_243","catalog_name":"USGS Hazfaults 2014","dip_dir":"W","name":"Stansbury fault zone","net_slip_rate":"(0.52,0.51,0.59)","slip_type":"Normal"},"geometry":{"type":"LineString","coordinates":[[-112.66021761714526,40.68945536071303],[-112.68420492503691,40.593956960980435],[-112.67198576026796,40.54221015401472],[-112.66506772017891,40.53484343789739],[-112.68528227994705,40.50160311216764],[-112.6930985526752,40.47545995328615],[-112.67953193294639,40.430989930170725],[-112.68105925308402,40.42443166920277],[-112.66578564477082,40.394605363026024],[-112.54620393535822,40.27610924971843],[-112.52598930821644,40.250145993332026]]}},{"type":"Feature","properties":{"average_dip":"(50,,)","catalog_id":"US_244","catalog_name":"USGS Hazfaults 2014","dip_dir":"W","name":"Spruce Mountain Ridge fault zone","net_slip_rate":"(0.13,0.05,0.16)","slip_type":"Normal"},"geometry":{"type":"LineString","coordinates":[[-114.83323143059523,40.75745158176653],[-114.83179373357687,40.74334700100271],[-114.83628558039037,40.731128770292905],[-114.82954685121854,40.69968519167116],[-114.8343076527298,40.66231216572803],[-114.84005745624971,40.65988637398406],[-114.85344313372077,40.62386079527786],[-114.86548163111642,40.6133496066638],[-114.86530162310653,40.599155066210514],[-114.90492096800804,40.56411755311074],[-114.9084244919392,40.549923051047784],[-114.91668967617106,40.53986098873694],[-114.91641981686982,40.52270173685623],[-114.92800922040378,40.51560438501572],[-114.94427009158727,40.49377352481809]]}},{"type":"Feature","properties":{"average_dip":"(90,,)","catalog_id":"US_245","catalog_name":"USGS Hazfaults 2014","name":"Monte Cristo Valley fault zone","net_slip_rate":"(0.4,0.28,0.49)","slip_type":"Dextral"},"geometry":{"type":"LineString","coordinates":[[-117.80059813202429,38.31463318712202],[-117.83680628633113,38.3915344813283],[-117.83833399993087,38.40518980624185],[-117.84965434725747,38.4189349547913],[-117.85181093994656,38.435015957199674],[-117.87687745597277,38.45774497120822],[-117.87822516425759,38.464842137270935],[-117.88460404539457,38.46699827325602],[-117.89385839602674,38.49592608602643],[-117.91398314492774,38.51865528111802],[-117.90526849493172,38.55234500023518]]}},{"type":"Feature","properties":{"average_dip":"(60,,)","catalog_id":"US_246","catalog_name":"USGS Hazfaults 2014","dip_dir":"N","name":"Southern Whidbey Island fault-middle","net_slip_rate":"(0.23,0.22,0.68)","slip_type":"Reverse"},"geometry":{"type":"LineString","coordinates":[[-122.01734701000574,47.71552004400698],[-122.09944175581238,47.78009430019593],[-122.1088414969767,47.78631978121148],[-122.1183633236797,47.79254525717399],[-122.12764101703456,47.79870969616745],[-122.13643044908304,47.805301375770526],[-122.14613542161125,47.81152683710413],[-122.15614557429933,47.81732504917372],[-122.16633884676145,47.82312325616144],[-122.17665418769425,47.82849421370969],[-122.18715264480784,47.833743098296644],[-122.19795629375943,47.83893093972145],[-122.20814961023899,47.84454602488096],[-122.2183429455832,47.85034421019667],[-122.2286583682627,47.85614238807213],[-122.23952310355192,47.86133021300694],[-122.25032682436873,47.866701136872045],[-122.26125275469172,47.87188898204715],[-122.27205662822213,47.877137863249544],[-122.28292154766599,47.88250881008477],[-122.29262678968875,47.88849010683613],[-122.3017216929513,47.89514278308276],[-122.3107555565886,47.90173442406142],[-122.31985046344441,47.908326062822496],[-122.3290674441608,47.914917697861654],[-122.33846753117649,47.921326225963035],[-122.34823382270596,47.92730750911849],[-122.3580611673354,47.93353292698009],[-122.36776643540932,47.939697309710084],[-122.37686135394323,47.94628893625818],[-122.38595627696871,47.95294159300003],[-122.39505119909587,47.959533213795105],[-122.4039630023473,47.96594173201575],[-122.41324104155355,47.97253334693129],[-122.42227493303865,47.97912496301771],[-122.43143090197755,47.985716575162414],[-122.44015961060778,47.99230818907659],[-122.44974282727898,47.9985335877246],[-122.45926501869798,48.00494230485638],[-122.46884823716583,48.01110693281382],[-122.47837043307642,48.017515710855484],[-122.48777054614325,48.02374138301676],[-122.4974758456582,48.02990601894778],[-122.50693717172513,48.03631479385818],[-122.51664274432792,48.04254045378769],[-122.5261651872752,48.04870508577606],[-122.53574867344099,48.05511387077666],[-122.54527110291355,48.06133955217947],[-122.55485455943496,48.06750420193178],[-122.56535356721581,48.07311951815257],[-122.57627981913568,48.078307577199226],[-122.58714503592189,48.083739790956884],[-122.59794920320141,48.089110974766044],[-122.60875335161629,48.09429905321343],[-122.61967957209514,48.09948713618354],[-122.63048371601843,48.104919375885586],[-122.64134888788891,48.110290584916996],[-122.65135953465038,48.11633321387874],[-122.66118705355298,48.12231481571613],[-122.67125872017678,48.12829642083069],[-122.68218488226512,48.13330142977069],[-122.69359933889753,48.13812333009981],[-122.70476964062222,48.14312834991828],[-122.71600096400586,48.14788922483895],[-122.72717124866254,48.15289425677313],[-122.73876877476334,48.15728891626113],[-122.75079355308796,48.16131735402981],[-122.76287886708297,48.165345727716485],[-122.77496414604364,48.16931305399751],[-122.78698837909089,48.17334141018196],[-122.79907364098362,48.17749183510393],[-122.81115888221508,48.18133706376433],[-122.82287791084794,48.185731626067955],[-122.83368140978085,48.190919675184624],[-122.84448489523906,48.1961077152797],[-122.85559353570433,48.20092952127464],[-122.86688527618071,48.205934428202255],[-122.87799389508642,48.21093932680488],[-122.8892856122066,48.21612732874137],[-122.90039420506118,48.22113221215058],[-122.91156382226963,48.22632019687878],[-122.92267238817473,48.23132506275355],[-122.9340861153751,48.23614680591794],[-122.94556086423442,48.24090750174931],[-122.94977234055952,48.24292165002693]]}},{"type":"Feature","properties":{"average_dip":"(50,,)","catalog_id":"US_247","catalog_name":"USGS Hazfaults 2014","dip_dir":"E","name":"Chemult graben fault system (west)","net_slip_rate":"(0.57,0.4,0.76)","slip_type":"Normal"},"geometry":{"type":"LineString","coordinates":[[-121.67887922389296,42.98620118111389],[-121.71337788780737,43.02761553421706],[-121.77806278843605,43.06804150321936],[-121.77509830398104,43.09759818505923],[-121.79980525673834,43.20495432593847],[-121.79998582080542,43.289761267743124],[-121.80959904839361,43.324528462680966],[-121.77923348279579,43.37115415188067],[-121.76710534521288,43.40924529918569],[-121.6569611394442,43.42505730917619],[-121.63198585811485,43.45991432468766],[-121.62515814991583,43.4895606890989]]}},{"type":"Feature","properties":{"average_dip":"(50,,)","catalog_id":"US_248","catalog_name":"USGS Hazfaults 2014","dip_dir":"W","name":"Morgan fault","net_slip_rate":"(0.03,0.03,0.04)","slip_type":"Normal"},"geometry":{"type":"LineString","coordinates":[[-111.72289606315283,41.15141169986709],[-111.70672394372276,41.106672656330154],[-111.6722239242506,41.07657707008943],[-111.66871974724423,41.02725624501432],[-111.65533297023526,41.009558252831724]]}},{"type":"Feature","properties":{"average_dip":"(50,,)","catalog_id":"US_249","catalog_name":"USGS Hazfaults 2014","dip_dir":"E","name":"La Canada del Amagre fault zone","net_slip_rate":"(0.03,0.02,0.08)","slip_type":"Normal"},"geometry":{"type":"LineString","coordinates":[[-106.24305751778229,36.02293092011193],[-106.23101892606351,36.069287409127085],[-106.23362429730564,36.105312351805026],[-106.21206249637666,36.17008574399891]]}},{"type":"Feature","properties":{"average_dip":"(50,,)","catalog_id":"US_250","catalog_name":"USGS Hazfaults 2014","dip_dir":"E","name":"Red Rock fault","net_slip_rate":"(0.65,0.1,0.82)","slip_type":"Normal"},"geometry":{"type":"LineString","coordinates":[[-112.61569916161977,44.61081820117378],[-112.62657004138555,44.61000974512344],[-112.64444886822726,44.62097054489172],[-112.65181601385608,44.62159956031071],[-112.65918327536757,44.63040398021442],[-112.70140978634514,44.657356786949705],[-112.70311708484826,44.66975477577593],[-112.711472723141,44.68134437012215],[-112.76933201493348,44.72006655772968],[-112.79430861768459,44.743784976906575],[-112.81084031834985,44.771725630893926],[-112.82494581136648,44.7847528256964]]}},{"type":"Feature","properties":{"average_dip":"(50,,)","catalog_id":"US_251","catalog_name":"USGS Hazfaults 2014","dip_dir":"SE","name":"Eastern Osgood Mountains piedmont fault","net_slip_rate":"(0.01,0.01,0.16)","slip_type":"Normal"},"geometry":{"type":"LineString","coordinates":[[-117.3138604510137,41.04877497205641],[-117.26265144476173,41.09872507585466],[-117.24746851957984,41.11956745994869],[-117.20721966766655,41.13906252528709],[-117.18098598496469,41.14337488594552],[-117.16391628237751,41.15622175101995],[-117.12438616084498,41.17086568100851],[-117.05538865964132,41.223061798033996]]}},{"type":"Feature","properties":{"average_dip":"(50,,)","catalog_id":"US_252","catalog_name":"USGS Hazfaults 2014","dip_dir":"E","name":"Pajarito fault","net_slip_rate":"(0.09,0.0,0.16)","slip_type":"Normal"},"geometry":{"type":"LineString","coordinates":[[-106.29767964241356,35.645884151090264],[-106.3070232730086,35.66052741568893],[-106.32400345578277,35.67418241481042],[-106.33577311885495,35.709218452922016],[-106.33613268212383,35.720717497277526],[-106.32463351705509,35.76096437671655],[-106.32580149041782,35.77677566683325],[-106.33730125376454,35.80750001413824],[-106.3581444779247,35.822323108702925],[-106.35535953076234,35.86239053832135],[-106.34269188029117,35.88287359297103],[-106.33936788107626,35.90245814205235],[-106.3429615401664,35.924019110120035],[-106.3383797270772,35.93677597532868],[-106.28168952435502,35.97873052486688],[-106.27063893931161,36.00217818586871],[-106.22589804026053,36.03389132914003]]}},{"type":"Feature","properties":{"average_dip":"(50,,)","catalog_id":"US_253","catalog_name":"USGS Hazfaults 2014","dip_dir":"W","name":"Simpson Park Mountains fault zone","net_slip_rate":"(0.29,0.24,0.32)","slip_type":"Normal"},"geometry":{"type":"LineString","coordinates":[[-116.6138005078298,40.199362647321884],[-116.58217499126559,40.12326952081329],[-116.58945187417469,40.094880670794815],[-116.58370169066738,40.07394823925731],[-116.57552579088996,40.05436347026831],[-116.56294767729976,40.03954022176813],[-116.55764672419807,40.02247090167683],[-116.55827532031812,39.993093685845146],[-116.57750094724787,39.934968185171726],[-116.57965647902664,39.86345661323249],[-116.59888237365432,39.82275980075462],[-116.6121788340446,39.810002689880314],[-116.62466691398544,39.80676858485869],[-116.64056859559919,39.76283742712813],[-116.65332602908978,39.74684618333393],[-116.65682971831095,39.726542849752676],[-116.67524715703073,39.69842359285162],[-116.72340206828481,39.65404359509397],[-116.73921400191345,39.62367840801533],[-116.77092801061798,39.60723804818528]]}},{"type":"Feature","properties":{"average_dip":"(50,,)","catalog_id":"US_255","catalog_name":"USGS Hazfaults 2014","dip_dir":"NW","name":"Northern Roberts Mountains fault","net_slip_rate":"(0.13,0.12,0.16)","slip_type":"Normal"},"geometry":{"type":"LineString","coordinates":[[-116.21040750827511,39.9992045606645],[-116.28075331963477,39.95922568595557],[-116.30420192312191,39.95293687376614],[-116.35100938121278,39.9307465093275],[-116.36008336630559,39.931554979319074],[-116.37355962539831,39.92400847906665],[-116.40958569299366,39.87711251678393]]}},{"type":"Feature","properties":{"average_dip":"(50,,)","catalog_id":"US_256","catalog_name":"USGS Hazfaults 2014","dip_dir":"E","name":"Antelope Range-Kingsley Mountains fault zone","net_slip_rate":"(0.02,0.01,0.3)","slip_type":"Normal"},"geometry":{"type":"LineString","coordinates":[[-114.44635761098733,39.64507448011967],[-114.45183846789436,39.666635513876166],[-114.45129993776298,39.69152075998278],[-114.44501120795466,39.70248108580218],[-114.4483358027526,39.72206579029766],[-114.46342998785913,39.75485658607484],[-114.44312582293804,39.78360492716038],[-114.44105970766601,39.809837674150494],[-114.37870980424354,39.874611421092695],[-114.36909683177687,39.89464531409478],[-114.34457023737238,39.921866463121006],[-114.35301557244625,39.936959106004814],[-114.3386409926795,39.951243442913764],[-114.31851672527552,39.98870597173884],[-114.3203137520008,40.000115304823254],[-114.34223549977929,40.01484864294299],[-114.3529269491519,40.03182797632584],[-114.35131020172771,40.05671311518565],[-114.32624470439103,40.08779730414129],[-114.32507690619977,40.10154251925032],[-114.33783511942804,40.13720817786269],[-114.32049608844392,40.173862200326525],[-114.31869944979084,40.1873379799921],[-114.33127795235156,40.22174593017006]]}},{"type":"Feature","properties":{"average_dip":"(50,,)","catalog_id":"US_257","catalog_name":"USGS Hazfaults 2014","dip_dir":"E","name":"Calabacillas fault","net_slip_rate":"(0.01,0.01,0.22)","slip_type":"Normal"},"geometry":{"type":"LineString","coordinates":[[-106.83896505677012,35.14036352995074],[-106.85257680965547,35.20334982504751],[-106.86539486505468,35.24155661483123],[-106.86319793621269,35.267129501019234],[-106.83500015361746,35.33151941275108],[-106.78977353998383,35.41916280866186]]}},{"type":"Feature","properties":{"average_dip":"(50,,)","catalog_id":"US_258","catalog_name":"USGS Hazfaults 2014","dip_dir":"E","name":"Eastern Monitor Range fault zone","net_slip_rate":"(0.13,0.02,0.17)","slip_type":"Normal"},"geometry":{"type":"LineString","coordinates":[[-116.7095471684015,38.14457662582694],[-116.70900817743441,38.15697434197876],[-116.69436418932071,38.18446495184131],[-116.69553218514132,38.19776104719701],[-116.68214606030928,38.23621192468647],[-116.67990077156227,38.27376460533257],[-116.66938986829041,38.298200848735604],[-116.67019940127837,38.33916745718891],[-116.66597703467704,38.34518671032356],[-116.67648915965769,38.370161886047654],[-116.68313906880414,38.435924104862025],[-116.64369989181262,38.49782314972326],[-116.6428917790611,38.51866568465491],[-116.6507084174036,38.53519602695735],[-116.6492718001602,38.57023294202397],[-116.57901680488247,38.640486703127216],[-116.55538924980421,38.68289050519512],[-116.53930778386109,38.69546798017169],[-116.53337846370974,38.7068775309567],[-116.51810564411736,38.72116185730604],[-116.52897681044571,38.73005586669569],[-116.51370409775284,38.75242576824182],[-116.50804473392078,38.78620511114548],[-116.51837708086023,38.808754599781174],[-116.50040925163512,38.8331908341713],[-116.5073273761658,38.84774466527754],[-116.50121845583968,38.861040849208685],[-116.50598060662048,38.89059778497756],[-116.45602888333848,38.93794288603169],[-116.43455652676401,38.94548938101889],[-116.41551039221119,38.97423787466566],[-116.40733510328819,38.99993178589794]]}},{"type":"Feature","properties":{"average_dip":"(50,,)","catalog_id":"US_259","catalog_name":"USGS Hazfaults 2014","dip_dir":"W","name":"Jersey Valley fault zone","net_slip_rate":"(0.16,0.13,0.41)","slip_type":"Normal"},"geometry":{"type":"LineString","coordinates":[[-117.4390001520735,40.27994363796339],[-117.43738235901033,40.24185250289341],[-117.46226834780043,40.213283680181775],[-117.4716117825627,40.193249537255255],[-117.47233032339895,40.17285617594633],[-117.50826703467467,40.14320911534289],[-117.52785251413081,40.10862099802142],[-117.56756298413475,40.06109599020629],[-117.58023071904758,40.03513253077176],[-117.59577355155311,40.02614860425618],[-117.60673439130636,40.0129422191942]]}},{"type":"Feature","properties":{"average_dip":"(50,,)","catalog_id":"US_260","catalog_name":"USGS Hazfaults 2014","dip_dir":"SE","name":"Buffalo Mountain fault","net_slip_rate":"(0.16,0.13,0.33)","slip_type":"Normal"},"geometry":{"type":"LineString","coordinates":[[-117.42229679503559,40.687985205767994],[-117.33694713135769,40.734611433844755],[-117.30451430783081,40.76129347466097],[-117.26696025175123,40.77557808080541],[-117.25249577398075,40.78537047126204]]}},{"type":"Feature","properties":{"average_dip":"(50,,)","catalog_id":"US_261","catalog_name":"USGS Hazfaults 2014","dip_dir":"NW","name":"Cortez Mountain fault zone","net_slip_rate":"(0.15,0.13,0.25)","slip_type":"Normal"},"geometry":{"type":"LineString","coordinates":[[-116.24230797489325,40.489182632329005],[-116.25219021467139,40.46294976532479],[-116.25802985061806,40.46124282608254],[-116.26674435957857,40.44821625521927],[-116.26485735669611,40.42800264200746],[-116.27330210966169,40.4005121437642],[-116.2839931071817,40.385329290670185],[-116.31732428372193,40.38002864877391],[-116.35451865076847,40.36709164430084],[-116.36440105224337,40.35074094496925],[-116.3891973235911,40.34624897921658],[-116.40968091261716,40.321363579758845],[-116.42809843667688,40.31714113897921],[-116.45523038974706,40.292525227995185],[-116.48990925301248,40.2841700837601],[-116.5284512609702,40.26431577092491],[-116.55046245040828,40.247785543096434],[-116.55764948292429,40.227482089334046],[-116.62161670959104,40.19675726509201],[-116.63518276877114,40.185347749741695],[-116.66141654399945,40.177621685256604],[-116.6774081972788,40.16414589517362],[-116.69402851944174,40.12955810972861],[-116.71621942493722,40.124167827951695],[-116.76176905298408,40.10125902393693]]}},{"type":"Feature","properties":{"average_dip":"(50,,)","catalog_id":"US_262","catalog_name":"USGS Hazfaults 2014","dip_dir":"W","name":"Eastern Independence Valley fault zone","net_slip_rate":"(0.16,0.13,0.19)","slip_type":"Normal"},"geometry":{"type":"LineString","coordinates":[[-116.08609168989159,41.59311277180408],[-116.09309914379244,41.58008609077804],[-116.0857317672966,41.560231998302974],[-116.07809342387677,41.461050991797876],[-116.06964787590218,41.43625570184265],[-116.0656048723204,41.43131466906809],[-116.0518590521671,41.42646355592653],[-116.0511397747124,41.39106732483579],[-116.05994391487702,41.37327932673331],[-116.05715839458951,41.34480068175716],[-116.08734458099815,41.304912298668754],[-116.112679609751,41.28388993272594],[-116.13154620162122,41.275804351216145],[-116.15463501097247,41.24382178775401],[-116.17871232825894,41.22585408068521]]}},{"type":"Feature","properties":{"average_dip":"(50,,)","catalog_id":"US_263","catalog_name":"USGS Hazfaults 2014","dip_dir":"W","name":"Hot Springs fault zone","net_slip_rate":"(0.13,0.0,0.14)","slip_type":"Normal"},"geometry":{"type":"LineString","coordinates":[[-118.15117060789443,39.05930924989824],[-118.14883453809978,39.044755418195535],[-118.15638105662957,39.02822514003899],[-118.16509493227782,38.953658235318414],[-118.18162559089733,38.93703787509776],[-118.20058182475145,38.8998440808558],[-118.22349127916799,38.889692121867604],[-118.24127969866117,38.864626660884966]]}},{"type":"Feature","properties":{"average_dip":"(90,,)","catalog_id":"US_264","catalog_name":"USGS Hazfaults 2014","name":"Daisy Bank fault","net_slip_rate":"(4.63,1.32,5.7)","slip_type":"Sinistral"},"geometry":{"type":"LineString","coordinates":[[-125.51525777410643,44.87548435588382],[-125.4358365134,44.85374407281197],[-125.33997417587085,44.84296417491905],[-125.19685422098723,44.81331864917057],[-125.06559328819033,44.76561575492476],[-125.02606215335811,44.72896216098089],[-124.99066390484009,44.7095574979039],[-124.91654330438459,44.68332546784842],[-124.86434452087786,44.658171307695696],[-124.71709194198812,44.617296594255336],[-124.63865917304729,44.579565589229716],[-124.601733767885,44.566809044974]]}},{"type":"Feature","properties":{"average_dip":"(50,,)","catalog_id":"US_265","catalog_name":"USGS Hazfaults 2014","dip_dir":"E","name":"Singatse Range fault zone","net_slip_rate":"(0.17,0.13,0.43)","slip_type":"Normal"},"geometry":{"type":"LineString","coordinates":[[-119.17617320705197,38.76408654312788],[-119.17922779522496,38.777293079098506],[-119.17644273577321,38.80720999428487],[-119.18066531437691,38.81349875217591],[-119.1943212221534,38.817541432257336],[-119.19908276926633,38.82571679682238],[-119.19351266204092,38.83434150796103],[-119.19441100427449,38.84566140980184],[-119.18848145684935,38.847458254883925],[-119.20249668624791,38.86362946206617],[-119.20132873444476,38.888245679658596],[-119.21157061025534,38.91277194569899],[-119.20671911932456,38.930380761929236],[-119.19764519172391,38.937478238282516],[-119.1938718372376,38.958051704881036],[-119.23187436734129,38.99964745877245],[-119.23403070401054,39.021658179153704],[-119.228820026205,39.034774836978606]]}},{"type":"Feature","properties":{"average_dip":"(50,,)","catalog_id":"US_266","catalog_name":"USGS Hazfaults 2014","dip_dir":"E","name":"Warner Valley faults (west)","net_slip_rate":"(0.19,0.14,0.23)","slip_type":"Normal"},"geometry":{"type":"LineString","coordinates":[[-119.96027340979269,42.07340249774228],[-119.95970841978465,42.08367239767507],[-119.95485719206027,42.11098316802171],[-119.93491274132501,42.14557088971798],[-119.91209324599767,42.16551506668722],[-119.90337898587048,42.19408356988557],[-119.88455001544435,42.26447872104732],[-119.89445875193009,42.29773970907365],[-119.90932128488105,42.32533923618166],[-119.91356919956905,42.39964577488202],[-119.92135467355767,42.43078378112117],[-119.9256013854015,42.45272191368905]]}},{"type":"Feature","properties":{"average_dip":"(50,,)","catalog_id":"US_267","catalog_name":"USGS Hazfaults 2014","dip_dir":"W","name":"Paradise Range fault zone","net_slip_rate":"(0.13,0.13,0.5)","slip_type":"Normal"},"geometry":{"type":"LineString","coordinates":[[-117.80922791907376,39.092728492069234],[-117.79404362575771,39.05607442200326],[-117.79889448966439,39.01519801226854],[-117.82872257166818,38.97881301503269],[-117.8382461168483,38.93560023122524],[-117.847859419895,38.93146756434374],[-117.87678922703883,38.9303893922137],[-117.9134455499426,38.910354999008554],[-117.91569150613785,38.89804697401804],[-117.90823444903054,38.886367877738],[-117.91066018416532,38.875137925999965],[-117.92395693560974,38.84926411099594],[-117.92404673390048,38.83578812417342],[-117.93419896772717,38.826624496949776],[-117.95414377060203,38.76867782121383]]}},{"type":"Feature","properties":{"average_dip":"(50,,)","catalog_id":"US_268","catalog_name":"USGS Hazfaults 2014","dip_dir":"SE","name":"Kawich-Hot Creek Ranges fault zone","net_slip_rate":"(0.26,0.04,0.37)","slip_type":"Normal"},"geometry":{"type":"LineString","coordinates":[[-116.28324647692486,37.75423084303681],[-116.29977744636146,37.770670956992944],[-116.30840243371236,37.79465752892214],[-116.3387691985611,37.842450987191164],[-116.36509326525521,37.91755507673359],[-116.38270234957669,37.9453149490911],[-116.37830038998713,37.99966667617633],[-116.3863863270821,38.02023967130081],[-116.37928905512759,38.04189068673396],[-116.38189455932039,38.054198510125964],[-116.37506675230667,38.06120583367598],[-116.366711758106,38.09094229530593],[-116.37380956186318,38.12903373884263],[-116.38791485455549,38.16281300319739],[-116.38126672227672,38.17925335867007],[-116.37713455461477,38.24070265486488],[-116.36428743242793,38.24959648896702],[-116.34694856044563,38.28157902328996],[-116.3505426633035,38.32110830598023],[-116.36563631391246,38.34509554525333],[-116.36051553231405,38.35884095025542],[-116.37183570806243,38.36998110192664],[-116.3718359586924,38.38839813576488],[-116.35503562133302,38.3927101901885],[-116.34209895597697,38.42882555374639],[-116.36231385979985,38.47662012295059],[-116.3612360036298,38.487131280005734],[-116.3533302506145,38.50977074080451],[-116.3442563104374,38.51884435016069],[-116.33320611436454,38.54408909628899],[-116.29232820908871,38.56088884132143],[-116.25073175758679,38.59799222415112],[-116.24704880865237,38.64147439093124],[-116.2527092639375,38.667348164790546],[-116.24471340630595,38.68208171676216],[-116.24129940488272,38.681542724862496],[-116.22575678887121,38.698252878315465],[-116.23285460161152,38.718466695749065],[-116.22647612022485,38.7411960297957]]}},{"type":"Feature","properties":{"average_dip":"(50,,)","catalog_id":"US_269","catalog_name":"USGS Hazfaults 2014","dip_dir":"NE","name":"West Cache fault, Wellsville section","net_slip_rate":"(0.15,0.13,0.71)","slip_type":"Normal"},"geometry":{"type":"LineString","coordinates":[[-111.87607965102663,41.57966628287079],[-111.91884446306517,41.60122690701443],[-111.95226580440878,41.62485370107475],[-112.00024192397187,41.68971532284836],[-112.0105738118722,41.696632698705784],[-112.02369098829473,41.72097834707768]]}},{"type":"Feature","properties":{"average_dip":"(50,,)","catalog_id":"US_270","catalog_name":"USGS Hazfaults 2014","dip_dir":"E","name":"Klamath graben fault system (west)","net_slip_rate":"(0.28,0.21,0.42)","slip_type":"Normal"},"geometry":{"type":"LineString","coordinates":[[-122.02556170173206,42.299745506673986],[-122.03517571714279,42.34987446095703],[-122.09438205516172,42.387425675236614],[-122.11208176422399,42.43656643869491],[-122.11333990598335,42.45803748825744],[-122.08800487812881,42.47492720375666],[-122.09752937372653,42.551199425957115],[-122.0895341871365,42.587045002933195],[-122.09393660576514,42.60070037410653],[-122.09492588714987,42.65747805588613],[-122.08387628486338,42.70437368993193],[-122.09744260455493,42.719915573233564]]}},{"type":"Feature","properties":{"average_dip":"(90,,)","catalog_id":"US_271","catalog_name":"USGS Hazfaults 2014","name":"Newberg fault","net_slip_rate":"(0.02,0.02,0.04)","slip_type":"Sinistral"},"geometry":{"type":"LineString","coordinates":[[-122.89106549368636,45.22524783774349],[-122.92619462401328,45.281755981960686],[-122.95898746086498,45.31679272713377],[-122.9981589911058,45.34661885107548],[-123.05449055133225,45.41678188316404],[-123.11405632416097,45.48155435927533]]}},{"type":"Feature","properties":{"average_dip":"(50,,)","catalog_id":"US_272","catalog_name":"USGS Hazfaults 2014","dip_dir":"E","name":"Hansel Valley fault","net_slip_rate":"(0.16,0.16,0.18)","slip_type":"Normal"},"geometry":{"type":"LineString","coordinates":[[-112.75635884204428,41.6838701619614],[-112.74944106516162,41.71019267185545],[-112.73353909339201,41.73930019690583],[-112.72922696173764,41.78089504178179],[-112.7214109540125,41.798054114905376]]}},{"type":"Feature","properties":{"average_dip":"(50,,)","catalog_id":"US_273","catalog_name":"USGS Hazfaults 2014","dip_dir":"E","name":"Granite Springs Valley fault zone","net_slip_rate":"(0.38,0.26,0.52)","slip_type":"Normal"},"geometry":{"type":"LineString","coordinates":[[-119.03190276900422,39.97277683365684],[-119.02714119404352,39.984096436097175],[-119.00800490816202,40.00583726496014],[-119.01438455376534,40.05587708933874],[-119.01869720913751,40.06611856733513],[-119.03693538904234,40.07887562715311],[-119.03585747538011,40.093070005681014],[-119.0537368780419,40.132868246916395],[-119.05364719922709,40.144906594895446],[-119.06209271486232,40.164491265163996],[-119.03918350927911,40.20698470097432],[-119.01950829800755,40.23061219502895],[-119.01357943240374,40.27894512968599],[-118.98330296441073,40.313443181745356],[-118.95590109814037,40.332219510276765],[-118.92301919961646,40.37058069197344]]}},{"type":"Feature","properties":{"average_dip":"(45,,)","catalog_id":"US_274","catalog_name":"USGS Hazfaults 2014","dip_dir":"S","name":"Seattle fault zone-southern","net_slip_rate":"(0.01,0.0,0.33)","slip_type":"Reverse"},"geometry":{"type":"LineString","coordinates":[[-122.83901054393134,47.55448261980683],[-122.76776533122433,47.5589747750498],[-122.7595006222013,47.570294398836694],[-122.68573763656883,47.558257113943725],[-122.63704213804138,47.56086325186971],[-122.53812332677542,47.55718147712998],[-122.40713257577498,47.54496462770232],[-122.34756694398175,47.51846256385254],[-122.33525853877583,47.51630649081105],[-122.29950143575972,47.51819332787287],[-122.26652961497751,47.53166939704272],[-122.23418684755787,47.537509099824284],[-122.2031018329271,47.53310726382909],[-122.13742797700212,47.51397222587597]]}},{"type":"Feature","properties":{"average_dip":"(50,,)","catalog_id":"US_275","catalog_name":"USGS Hazfaults 2014","dip_dir":"E","name":"Golden Gate fault","net_slip_rate":"(0.01,0.01,0.13)","slip_type":"Normal"},"geometry":{"type":"LineString","coordinates":[[-115.39588497000385,37.82791149124157],[-115.36785501156832,37.90993452002158],[-115.36785532508036,37.974887603349174],[-115.30783911271368,38.14207722313033]]}},{"type":"Feature","properties":{"average_dip":"(50,,)","catalog_id":"US_276","catalog_name":"USGS Hazfaults 2014","dip_dir":"E","name":"Mount Rose fault zone","net_slip_rate":"(3.0,1.96,3.46)","slip_type":"Normal"},"geometry":{"type":"LineString","coordinates":[[-119.81999069839402,39.192704125100306],[-119.80867086759872,39.205641204309146],[-119.81621779037042,39.215074274283424],[-119.81657750096299,39.22855029073356],[-119.84766329982303,39.247775481092525],[-119.84254256583532,39.25657989820061],[-119.84299249782515,39.28011786233471],[-119.83320015694906,39.29853514775009],[-119.83508731164676,39.31263999267995],[-119.842993782416,39.32261208881846],[-119.84497089979618,39.34022058129605],[-119.83679630527084,39.37885184018186],[-119.84371515114871,39.41074480906873],[-119.84111030003112,39.43095876774076],[-119.84937709494228,39.46949992766424],[-119.87552204385698,39.48468259806359]]}},{"type":"Feature","properties":{"average_dip":"(50,,)","catalog_id":"US_277","catalog_name":"USGS Hazfaults 2014","dip_dir":"E","name":"Bare Mountain fault","net_slip_rate":"(0.01,0.01,0.11)","slip_type":"Normal"},"geometry":{"type":"LineString","coordinates":[[-116.61421998333823,36.74148338481162],[-116.6310206674473,36.7757113178095],[-116.62509178297886,36.81254479308373],[-116.63775981882728,36.83949590195906],[-116.64036545597075,36.85674457885006],[-116.62563180880515,36.873993585132084],[-116.62455405234807,36.89573427013589],[-116.63210075682915,36.90408902491625]]}},{"type":"Feature","properties":{"average_dip":"(50,,)","catalog_id":"US_278","catalog_name":"USGS Hazfaults 2014","dip_dir":"W","name":"Abert Rim fault","net_slip_rate":"(0.63,0.57,0.65)","slip_type":"Normal"},"geometry":{"type":"LineString","coordinates":[[-120.06279615238407,42.76401571019846],[-120.11733661835937,42.718725878922854],[-120.12506282959042,42.706328133226684],[-120.16297539431673,42.6756931678774],[-120.1763825900321,42.637957785764684],[-120.18062831013583,42.60345790205033],[-120.18282886457831,42.58360907872292],[-120.17618032356609,42.567977324235834],[-120.2066358608295,42.542154119799775],[-120.23264382384988,42.50818483373621],[-120.24378993035074,42.470500369721286],[-120.2384818751684,42.452454369982405],[-120.26916409959884,42.4040224477189]]}},{"type":"Feature","properties":{"average_dip":"(50,,)","catalog_id":"US_279","catalog_name":"USGS Hazfaults 2014","dip_dir":"W","name":"Oquirrh-Southern Oquirrh Mountains fault zone","net_slip_rate":"(0.26,0.26,0.33)","slip_type":"Normal"},"geometry":{"type":"LineString","coordinates":[[-112.2540366260377,40.69467056168233],[-112.24738817395868,40.686135967727985],[-112.24487227671551,40.65289566131085],[-112.25529395931333,40.64957138022353],[-112.25700087333753,40.641126570806556],[-112.26382893187952,40.637892278101795],[-112.25960625176616,40.63142397932832],[-112.25780912083631,40.60456211113095],[-112.20111831534457,40.55542096786323],[-112.20111820215686,40.54428093475439],[-112.23983987227305,40.53520671585267],[-112.25861680958299,40.51768789311521],[-112.3050751392353,40.50072402319438],[-112.34554035757127,40.45984109625593],[-112.31768766638571,40.401889526098664],[-112.27556058094378,40.30905104266691],[-112.2590231418405,40.27046506915476],[-112.22391741442341,40.228833098973354]]}},{"type":"Feature","properties":{"average_dip":"(90,,)","catalog_id":"US_280","catalog_name":"USGS Hazfaults 2014","name":"Lacamas Lake fault","net_slip_rate":"(0.03,0.0,0.04)","slip_type":"Dextral"},"geometry":{"type":"LineString","coordinates":[[-122.51373882339101,45.683695542012146],[-122.30629556134015,45.528186403730544]]}},{"type":"Feature","properties":{"average_dip":"(50,,)","catalog_id":"US_281","catalog_name":"USGS Hazfaults 2014","dip_dir":"W","name":"La Bajada fault","net_slip_rate":"(0.12,0.1,0.13)","slip_type":"Normal"},"geometry":{"type":"LineString","coordinates":[[-106.30226230800396,35.70212157779376],[-106.29139139500053,35.68738847891775],[-106.28923505473801,35.68011180372387],[-106.29345753003548,35.67292492605585],[-106.27647720263252,35.64893871672997],[-106.27261380281877,35.63501412909852],[-106.25698133192262,35.62567130025395],[-106.23272397967675,35.58883855394898],[-106.22921910827266,35.50807585432967],[-106.23434002731331,35.461540387129],[-106.22885990612652,35.44671733117955],[-106.21448600907941,35.34627969418461]]}},{"type":"Feature","properties":{"average_dip":"(50,,)","catalog_id":"US_282","catalog_name":"USGS Hazfaults 2014","dip_dir":"W","name":"Sheep Basin fault","net_slip_rate":"(0.07,0.06,0.08)","slip_type":"Normal"},"geometry":{"type":"LineString","coordinates":[[-115.1689347313712,37.00041305179197],[-115.16983268104099,36.95477513407357],[-115.1367700369903,36.89458384135489],[-115.13048055529208,36.83852479084778],[-115.13569108487559,36.8048352650897]]}},{"type":"Feature","properties":{"average_dip":"(50,,)","catalog_id":"US_283","catalog_name":"USGS Hazfaults 2014","dip_dir":"W","name":"Madison fault","net_slip_rate":"(0.51,0.48,0.52)","slip_type":"Normal"},"geometry":{"type":"LineString","coordinates":[[-111.62231148968586,45.43825340891838],[-111.59059657008964,45.39881406303249],[-111.59877214377862,45.369885797853165],[-111.58861984617157,45.359644130752216],[-111.58367827128579,45.32568498193553],[-111.61278707313988,45.28310105507831],[-111.6156617835587,45.25174716610926],[-111.60065789979947,45.23503707685455],[-111.58223974691903,45.18427770501404],[-111.5542984953212,45.163524897059766],[-111.55025552138382,45.155169848058804],[-111.55295071786614,45.14492811379685],[-111.57648937117229,45.12282741317077],[-111.56193464325848,45.09416861084516],[-111.58834807615371,45.03738975724102],[-111.5879885757669,45.02804642380624],[-111.57774637566452,45.01016840929572],[-111.55492621917712,44.9963331628464],[-111.55510581396197,44.98115005670532],[-111.53677778276582,44.9692014069234],[-111.52608637202079,44.9490771752072],[-111.5175507634474,44.87729442405457],[-111.4953595516264,44.864627064855206],[-111.49976183640604,44.85348672393108],[-111.47253931069734,44.84360442878333],[-111.43741046513641,44.82087508213177],[-111.42869561840931,44.811082489147054],[-111.42950407341894,44.79814547878735],[-111.43624228066957,44.79122765686269],[-111.44037492443861,44.773708709835674],[-111.43669116881706,44.75349463986215],[-111.45627692136105,44.731303805094406],[-111.45376112293253,44.71558170622714],[-111.44531581480813,44.70614855984774],[-111.39617142723488,44.67524393595142],[-111.34882383462158,44.65727639593268],[-111.33364024199145,44.64182406529599],[-111.32636287129719,44.62556302773151],[-111.27874571313173,44.59034615827423]]}},{"type":"Feature","properties":{"average_dip":"(90,,)","catalog_id":"US_284","catalog_name":"USGS Hazfaults 2014","name":"Unnamed faults","net_slip_rate":"(0.1,0.0,0.12)","slip_type":"Normal"},"geometry":{"type":"LineString","coordinates":[[-118.37154649557753,38.249948424702986],[-118.38376511506912,38.24940936313271],[-118.38646033221269,38.245905658960694],[-118.38511219004165,38.22039185568695],[-118.40191250314649,38.20619744385878],[-118.40352895682157,38.1737661879059],[-118.4574334838477,38.12453518225459],[-118.45725363304298,38.12058232935193],[-118.47153834804364,38.10755594902102],[-118.50424050176403,38.087881629880314],[-118.52966558931908,38.08213186322293],[-118.58662460390687,38.05464117876715],[-118.63486877625917,38.018975249317265],[-118.64214547591193,37.999480398748915]]}},{"type":"Feature","properties":{"average_dip":"(50,,)","catalog_id":"US_285","catalog_name":"USGS Hazfaults 2014","dip_dir":"NE","name":"Williams Fork Mountains fault","net_slip_rate":"(0.13,0.12,0.22)","slip_type":"Normal"},"geometry":{"type":"LineString","coordinates":[[-106.15417459234405,39.85428798104939],[-106.17146775085818,39.87194383502334],[-106.19317298489028,39.89015347004622],[-106.21765084928384,39.91347781672434],[-106.23173638622643,39.93199954819095],[-106.24817084516049,39.95053427168981],[-106.2620582200396,39.961123025768266],[-106.27195819795135,39.96959439981545],[-106.28489427491091,39.97685912215482],[-106.29109339687133,39.977485296182216]]}},{"type":"Feature","properties":{"average_dip":"(60,,)","catalog_id":"US_286","catalog_name":"USGS Hazfaults 2014","dip_dir":"S","name":"Saddle Mountain fault","net_slip_rate":"(0.08,0.06,0.3)","slip_type":"Reverse"},"geometry":{"type":"LineString","coordinates":[[-120.2907241721692,46.90812423886993],[-120.20501478083071,46.88719263195922],[-120.17392920475291,46.87075242801189],[-120.14293367669747,46.859792456884634],[-120.10645777413032,46.8525158842824],[-120.05354079384212,46.84883313812128],[-120.02254542658511,46.85063029226117],[-119.99334653897938,46.845240326200866],[-119.9459089639207,46.819636666712405],[-119.91859644498682,46.81236006803601],[-119.88939748012598,46.81604384315712],[-119.82183515706463,46.814158043183305],[-119.73432789099124,46.82152603217677],[-119.63208560422824,46.81416066090498],[-119.59929275120683,46.81784457272049],[-119.52633957793836,46.81056859288989],[-119.47521846914199,46.79781195488474],[-119.43874214167171,46.79781235092162],[-119.32562937129997,46.77589262528055],[-119.2581569606154,46.753972439835685],[-119.23075492995335,46.75217578019537],[-119.16876365465356,46.71570068493639]]}},{"type":"Feature","properties":{"average_dip":"(50,,)","catalog_id":"US_287","catalog_name":"USGS Hazfaults 2014","dip_dir":"W","name":"Eugene Mountains fault","net_slip_rate":"(0.13,0.13,0.26)","slip_type":"Normal"},"geometry":{"type":"LineString","coordinates":[[-118.23420357304845,40.87107401588459],[-118.23402371775214,40.84825502211946],[-118.24408599877785,40.82094416574787],[-118.24660134176052,40.78168464702698]]}},{"type":"Feature","properties":{"average_dip":"(50,,)","catalog_id":"US_289","catalog_name":"USGS Hazfaults 2014","dip_dir":"W","name":"Frenchman Mountain fault","net_slip_rate":"(0.03,0.02,0.12)","slip_type":"Normal"},"geometry":{"type":"LineString","coordinates":[[-114.96615469313045,36.25691196023753],[-114.9725331080418,36.24244802926787],[-114.98538054284236,36.23741684196839],[-115.00200087758175,36.2194491200076],[-115.01655430832827,36.19689971732218],[-115.01790150906491,36.18602947467172],[-114.99795506586636,36.140302698990915],[-114.961567517099,36.10661443710707]]}},{"type":"Feature","properties":{"average_dip":"(50,,)","catalog_id":"US_290","catalog_name":"USGS Hazfaults 2014","dip_dir":"E","name":"Toiyabe Range fault zone","net_slip_rate":"(0.08,0.08,0.11)","slip_type":"Normal"},"geometry":{"type":"LineString","coordinates":[[-117.3087126462949,38.49961726276282],[-117.2922714257417,38.526120035317135],[-117.25822096725517,38.541842337172696],[-117.25058433422763,38.55433009671184],[-117.23782677676955,38.5628648479299],[-117.23198718034878,38.58694158665488],[-117.2206672219927,38.608682582798565],[-117.22201494375219,38.63275941671021],[-117.22947180682337,38.643629809866496],[-117.22929219497053,38.65441048775884],[-117.21554659220955,38.687650750684746],[-117.21231253591415,38.71460235286293],[-117.20036369307878,38.73194122991272],[-117.20117264665339,38.78782072522629],[-117.2078209738666,38.79680462391988],[-117.21824281456792,38.83435700680406],[-117.21770382629575,38.848102311097406],[-117.2331567868487,38.88304948481976],[-117.25444929711001,38.89580651018105],[-117.23863754583932,38.94620589965506],[-117.23863769226473,38.96579065030253],[-117.2220172137949,38.98600426316661],[-117.2236345199712,38.999210552986455],[-117.2142909693262,39.01133872073185],[-117.22731822438878,39.031642353172465],[-117.20872107230655,39.05607854114507],[-117.17404252884135,39.08851043687642],[-117.17377310162976,39.1011777399629],[-117.16047669424006,39.121301685306896],[-117.1261572541063,39.135855739023825],[-117.1108843626487,39.15508138733511],[-117.10064254522867,39.177900630748304],[-117.09920536743651,39.22201170303299],[-117.07530760720563,39.24312410587926],[-117.06776109586235,39.2570491448916],[-117.03200486870361,39.332153726178085],[-117.03272377515412,39.35272661675198],[-116.98708445481773,39.379229009180584],[-116.93713297677579,39.41606257206029],[-116.93255114482197,39.43007730876452],[-116.92536387694732,39.43699478225019],[-116.88799005615142,39.46098159598593],[-116.87990453138315,39.48622609885929]]}},{"type":"Feature","properties":{"average_dip":"(50,,)","catalog_id":"US_291","catalog_name":"USGS Hazfaults 2014","dip_dir":"W","name":"Railroad Valley fault zone","net_slip_rate":"(0.12,0.09,0.12)","slip_type":"Normal"},"geometry":{"type":"LineString","coordinates":[[-115.52652022890031,39.29685068284251],[-115.54448870491241,39.29002283898271],[-115.56200788673856,39.27771481081934],[-115.5720701659676,39.26387957972818],[-115.57503483098405,39.24824762293705],[-115.54565568294181,39.20153169804787],[-115.54673356336637,39.18652857114386],[-115.53783895656443,39.17520897376266],[-115.5355911902639,39.066773714701505],[-115.51357917886735,39.03308431910565],[-115.52220387965565,39.02077633784274],[-115.53208613560348,38.988164842666464],[-115.52696494976317,38.979360581311134],[-115.52786326414898,38.968310407823786],[-115.51744130037845,38.96292014986808],[-115.51151156879871,38.95276843833873],[-115.51932765827053,38.936866817037036],[-115.52103443395416,38.916293690762146],[-115.51717071523845,38.8867367031145],[-115.50692827798085,38.86337858707226],[-115.50540036675174,38.82672431986904],[-115.49452897764122,38.79168719304368],[-115.47647017063737,38.75557232394796],[-115.46173584614208,38.737964300296575],[-115.45805224592907,38.72574635600384],[-115.45347035288982,38.725027795231426],[-115.46254380887493,38.6566603558468],[-115.475301249552,38.64677781198865],[-115.48033215919784,38.62081438705805],[-115.49380820988144,38.58972986834629],[-115.5207607298635,38.560891176915035],[-115.52417451569104,38.53627536724689],[-115.53450628860703,38.52082292907683],[-115.536033526998,38.49216459808805],[-115.52920548911725,38.45317582468288],[-115.53792017863914,38.44068837709967],[-115.55400203085787,38.43278242486297],[-115.56936510778011,38.41535386475073],[-115.60018108506812,38.36630228769509],[-115.60359510355934,38.3537250067246],[-115.59676698393191,38.31365801187683],[-115.59892319663365,38.296948358818334],[-115.62964907020374,38.25364575379743],[-115.64348488897207,38.24088833980154],[-115.6903825172562,38.24052704194558],[-115.69613240701439,38.23711296592116],[-115.69981599285438,38.227140865749284],[-115.74213156101257,38.21671813213284],[-115.76477191340766,38.18814939802146],[-115.77321716403988,38.18275902133637],[-115.78076384965634,38.18365732181589],[-115.80960324226514,38.166767533044435],[-115.82640373503305,38.14233167878884],[-115.83736446159858,38.115919342124165],[-115.83673554388166,38.08061338886381],[-115.8468877040465,38.06291535632187]]}},{"type":"Feature","properties":{"average_dip":"(60,,)","catalog_id":"US_292","catalog_name":"USGS Hazfaults 2014","dip_dir":"N","name":"Devils Mountain fault","net_slip_rate":"(0.24,0.17,0.5)","slip_type":"Reverse"},"geometry":{"type":"LineString","coordinates":[[-121.63846656418764,48.233412158145576],[-121.69551779712754,48.25928571372578],[-121.90826455720733,48.28749283113262],[-122.00071271993843,48.31686958011053],[-122.03629093963542,48.323697186708806],[-122.14616968784775,48.339867618230414],[-122.2431107942353,48.34705393509317],[-122.31516515275638,48.358193946163986],[-122.3570320079386,48.36097885772151],[-122.53231555856347,48.35972020773869],[-122.54381553211597,48.36034896122535],[-122.55881960991132,48.37050100683701],[-122.66672156683191,48.374273506785265],[-122.8045388842727,48.36546787410366],[-122.8540405551906,48.37193559014782],[-122.92070162368024,48.37498927170808],[-122.93920855077195,48.37453974016528],[-122.96337532409109,48.36735218623553],[-123.05797791636807,48.36708156698297],[-123.18402640527158,48.37184183918726],[-123.28545758789323,48.38423863005799]]}},{"type":"Feature","properties":{"average_dip":"(50,,)","catalog_id":"US_293","catalog_name":"USGS Hazfaults 2014","dip_dir":"NW","name":"Hurricane fault zone (southern)","net_slip_rate":"(0.11,0.1,0.16)","slip_type":"Normal"},"geometry":{"type":"LineString","coordinates":[[-113.24621149508296,36.36356025272247],[-113.23003900734366,36.34136993020997],[-113.20622993598417,36.32430044286804],[-113.19221341570652,36.290431047680336],[-113.19239295210089,36.28710693599959],[-113.20011953703109,36.28728663792787],[-113.21656034435924,36.274349734768016],[-113.22401667203452,36.251800038960745],[-113.22428576058125,36.22520805125394],[-113.21548066101587,36.19762782118455],[-113.21026916035355,36.15441582693317],[-113.21754590222712,36.12225383088814],[-113.21485007961905,36.08577962303326],[-113.22428282758185,36.038165612978624],[-113.22311450297784,36.01597570112225],[-113.23686006980621,35.98147810896053],[-113.2409027212484,35.93458295199768],[-113.25491809437743,35.91338140390421],[-113.27243715403269,35.89730057722456],[-113.29947942918636,35.84133162831941],[-113.33874038401876,35.79299867795603],[-113.37162259605472,35.72633883993882],[-113.42894224110995,35.65482773212686],[-113.47467252485204,35.54280001510844]]}},{"type":"Feature","properties":{"average_dip":"(50,,)","catalog_id":"US_294","catalog_name":"USGS Hazfaults 2014","dip_dir":"NE","name":"Gore Range Frontal fault","net_slip_rate":"(0.06,0.05,0.18)","slip_type":"Normal"},"geometry":{"type":"LineString","coordinates":[[-106.11963345787964,39.619997915176604],[-106.13759361639055,39.65691665591038],[-106.18851287733585,39.71598501681709],[-106.20403363643821,39.74124008120201],[-106.23360917416784,39.74830266197565],[-106.26357526255208,39.76025602723469],[-106.29528369721025,39.797015006876926],[-106.32213210424754,39.830145642293864],[-106.34559324821602,39.84783071323818],[-106.36871603993612,39.86314613179366],[-106.38034099429746,39.87680461686574],[-106.39591073763394,39.88738531496692],[-106.46556099335062,39.904387754937275]]}},{"type":"Feature","properties":{"average_dip":"(50,,)","catalog_id":"US_295","catalog_name":"USGS Hazfaults 2014","dip_dir":"W","name":"Sevier/Toroweap fault zone (southern)","net_slip_rate":"(0.14,0.12,0.19)","slip_type":"Normal"},"geometry":{"type":"LineString","coordinates":[[-112.64724701074283,37.1793032343366],[-112.65416411478733,37.14516449372045],[-112.69405233982644,37.08524188679517],[-112.71579289292053,37.03295560117873],[-112.71417548613294,37.0156166868228],[-112.72136189072661,36.9820169419134],[-112.71624027459329,36.961713495204066],[-112.71776650237955,36.9276647350086],[-112.73007405238931,36.90457613186382],[-112.74229222990978,36.894064922717156],[-112.74058417682181,36.85965673034662],[-112.79826104772957,36.77718475122283],[-112.82287579920276,36.63946016695036],[-112.83949638906367,36.617179687060194],[-112.90023002655896,36.59373113113573],[-112.93383088004245,36.567767141875244],[-112.99662985307208,36.50658546400195],[-113.05296027782803,36.43767824019703],[-113.06140478735014,36.40650387592144],[-113.04864614921875,36.3692204807601],[-113.05969599944027,36.33606970814229],[-113.07254310455913,36.31693381270323],[-113.07946031370655,36.28890389900816],[-113.07775222109271,36.236797105360424],[-113.07290042114148,36.218829465662154],[-113.0780211497393,36.18954224278599],[-113.0701146969364,36.157739446211814],[-113.07218071788532,36.125307917226685],[-113.08242251913569,36.10284834976968],[-113.09922283673215,36.08371283497834],[-113.09284353877686,36.043375481754836],[-113.11898710608266,36.00070259017859],[-113.1287797856236,35.95560433970324],[-113.12806096630966,35.92955148729286],[-113.14261530165969,35.90260039317016],[-113.17648562277894,35.86091603911],[-113.20433650475753,35.80566616481328],[-113.2071215336666,35.78895645425442]]}},{"type":"Feature","properties":{"average_dip":"(50,,)","catalog_id":"US_296","catalog_name":"USGS Hazfaults 2014","dip_dir":"W","name":"Grass Valley fault zone","net_slip_rate":"(0.16,0.13,0.17)","slip_type":"Normal"},"geometry":{"type":"LineString","coordinates":[[-117.67196944896115,40.924977418325035],[-117.71455440211012,40.88499948006856],[-117.72731184009228,40.855352910257714],[-117.72901872806531,40.832534092299426],[-117.72335853239328,40.80576225780201],[-117.71554231805563,40.7969581680633],[-117.71697975096932,40.78617761467033],[-117.70547989060454,40.763987592904414],[-117.69820263938622,40.75482411527728],[-117.67520308304834,40.742785744329],[-117.66801524384519,40.72032628607773],[-117.67277677928004,40.711432338985844],[-117.67115945693406,40.70424536770481],[-117.64249971031411,40.68789487826267],[-117.63917500682003,40.66354889716917],[-117.63081965688649,40.65914685778493],[-117.63153801626301,40.6365975990414],[-117.6375571993838,40.62446952683401],[-117.61761131942895,40.571824700712305],[-117.60862689636993,40.560325569021295],[-117.6111422402509,40.549365391200766],[-117.60260678708607,40.52178526321756],[-117.60593034792312,40.48800635932872]]}},{"type":"Feature","properties":{"average_dip":"(45,,)","catalog_id":"US_297","catalog_name":"USGS Hazfaults 2014","dip_dir":"S","name":"Seattle fault zone-northern","net_slip_rate":"(0.01,0.0,0.41)","slip_type":"Reverse"},"geometry":{"type":"LineString","coordinates":[[-122.86264166442297,47.59311316895979],[-122.8029868766344,47.603983951897575],[-122.69454541760531,47.60910584410333],[-122.59706362872296,47.621595080146335],[-122.46589013973245,47.60479691119628],[-122.44064420229623,47.58386463011142],[-122.40300040811303,47.58260708376807],[-122.34747779068138,47.574072750037864],[-122.30561144125069,47.577666558710355],[-122.26149892811387,47.57254600789638],[-122.17084979535115,47.584046031004156],[-122.03563965386789,47.580094172222026],[-121.9881139450967,47.589168179949915],[-121.96223944837134,47.587730925777336],[-121.94642709522941,47.582879673125795]]}},{"type":"Feature","properties":{"average_dip":"(50,,)","catalog_id":"US_298","catalog_name":"USGS Hazfaults 2014","dip_dir":"W","name":"Eastern Bear Lake fault","net_slip_rate":"(0.67,0.65,0.78)","slip_type":"Normal"},"geometry":{"type":"LineString","coordinates":[[-111.33299007193152,42.49440083802638],[-111.31196621902559,42.46538338202886],[-111.29974669493053,42.418218275231965],[-111.28114884755226,42.3989032431366],[-111.26776182709986,42.37276033612981],[-111.26937850355712,42.3472462067898],[-111.29067074432385,42.320384082713765],[-111.29138882073104,42.2846283390825],[-111.28914245131075,42.26639107188483],[-111.26542364087439,42.20395436594669],[-111.27081403563565,42.17853047085277],[-111.26308747406166,42.15373558727926],[-111.26164990909564,42.11106306419938],[-111.24916167374626,42.06848050695161],[-111.25895427693041,42.000294073261784],[-111.27791109738442,41.94782908982101],[-111.28321185106012,41.89644221595678],[-111.2947117177131,41.87559977523507],[-111.29246558365142,41.849277606997674],[-111.30881698615092,41.83364561167495],[-111.31429737593399,41.8205292790901],[-111.30827791972533,41.796902252326284]]}},{"type":"Feature","properties":{"average_dip":"(50,,)","catalog_id":"US_299","catalog_name":"USGS Hazfaults 2014","dip_dir":"E","name":"Eastern Pine Forest Range fault zone","net_slip_rate":"(0.14,0.13,0.16)","slip_type":"Normal"},"geometry":{"type":"LineString","coordinates":[[-118.59016820886937,41.81042603170606],[-118.62430867495415,41.833065050251676],[-118.68800734038523,41.86585563578937]]}},{"type":"Feature","properties":{"average_dip":"(50,,)","catalog_id":"US_300","catalog_name":"USGS Hazfaults 2014","dip_dir":"SW","name":"Hebgen-Red Canyon fault","net_slip_rate":"(0.73,0.65,1.25)","slip_type":"Normal"},"geometry":{"type":"LineString","coordinates":[[-111.353138088995,44.88008061580451],[-111.33337252337553,44.8705576372875],[-111.32483738821429,44.860944774728466],[-111.29384131577982,44.841449650727625],[-111.26455238374494,44.82896219212163],[-111.24192846512966,44.81313872878293],[-111.22701045582002,44.80764304078408],[-111.16053396776509,44.80502693018147],[-111.12520188735425,44.798484720767526],[-111.10688123941141,44.77100554892538],[-111.09745933591073,44.767080054214965]]}},{"type":"Feature","properties":{"average_dip":"(50,,)","catalog_id":"US_301","catalog_name":"USGS Hazfaults 2014","dip_dir":"E","name":"Organ Mountains fault","net_slip_rate":"(0.2,0.19,0.2)","slip_type":"Normal"},"geometry":{"type":"LineString","coordinates":[[-106.49079909927418,32.19091492497307],[-106.48603781806258,32.224154661936986],[-106.49250719727792,32.28775913577808],[-106.47588681043626,32.30878134710794],[-106.46321953635919,32.33636152893492],[-106.4801100888276,32.359808740774504],[-106.50841046980804,32.37508076609722],[-106.51919181269281,32.38882590714362],[-106.506703764193,32.40086405033026],[-106.50355937593265,32.41065623766314],[-106.48684897789954,32.41703491693367]]}},{"type":"Feature","properties":{"average_dip":"(50,,)","catalog_id":"US_302","catalog_name":"USGS Hazfaults 2014","dip_dir":"SW","name":"Lost River fault","net_slip_rate":"(0.2,0.15,0.27)","slip_type":"Normal"},"geometry":{"type":"LineString","coordinates":[[-114.18785299337783,44.58657299887913],[-114.17626175907729,44.53761051613166],[-114.16565977472047,44.516947532270756],[-114.11588398379192,44.452263303776284],[-114.07024128758668,44.40617579592173],[-114.03295490161398,44.38075139027251],[-114.00114784361573,44.33286683882642],[-113.99324137015157,44.32927314629083],[-113.987041675066,44.319390665927045],[-113.9645800667512,44.306183993771775],[-113.95128204239401,44.28543084872631],[-113.9387035344434,44.27914193894189],[-113.929179521241,44.26782198903701],[-113.91615124389563,44.240959475101874],[-113.89602631892485,44.21697164991142],[-113.88829995138697,44.19774545990198],[-113.87158897663542,44.18390972474471],[-113.85990949723129,44.155609602305894],[-113.83394469466704,44.13350837498223],[-113.82621838641795,44.10116544277362],[-113.82855444633113,44.09038447981504],[-113.77860135581327,44.0395338641245],[-113.74859336730924,44.031807163898364],[-113.73673380713166,44.03531081292591],[-113.70852248962004,44.031896372797554],[-113.67141675125774,44.01985701872611],[-113.64931519220042,43.99775552489114],[-113.63062773068602,43.98769280795187],[-113.6121198747363,43.976282520849765],[-113.59244399601648,43.96846590423173],[-113.58103374709287,43.96783680525181],[-113.54015482492416,43.9405240650431],[-113.49693987877484,43.923992466162694],[-113.48292448318793,43.92066811107484],[-113.45624123860217,43.9288433317033],[-113.4054804764056,43.93656894169493],[-113.39586730002137,43.93297513676936],[-113.38122316907553,43.9120419442465],[-113.37565303130737,43.875476517869245],[-113.31662627909017,43.81438434511692],[-113.31842302464277,43.778897306828064],[-113.31078619488417,43.750417867963066],[-113.32578996276075,43.72005243524653],[-113.3115044967685,43.66300527120342],[-113.3000045447756,43.644049480323005]]}},{"type":"Feature","properties":{"average_dip":"(50,,)","catalog_id":"US_304","catalog_name":"USGS Hazfaults 2014","dip_dir":"W","name":"Greys River fault","net_slip_rate":"(0.81,0.7,0.87)","slip_type":"Normal"},"geometry":{"type":"LineString","coordinates":[[-110.69071165967418,43.000737792754386],[-110.68172606161878,42.94620552382076],[-110.68334295906162,42.92680014923536],[-110.66357603159616,42.86786605086021],[-110.6689661883039,42.84342958932063],[-110.66024991774708,42.76994127290494],[-110.66258472540879,42.71307343779084],[-110.65647480525776,42.68513415207524],[-110.65809138020539,42.658901430128154],[-110.64614153664682,42.624763291037326],[-110.64640969184396,42.55540847419366]]}},{"type":"Feature","properties":{"average_dip":"(50,,)","catalog_id":"US_305","catalog_name":"USGS Hazfaults 2014","dip_dir":"W","name":"Klamath graben fault system (east)","net_slip_rate":"(0.32,0.26,0.39)","slip_type":"Normal"},"geometry":{"type":"LineString","coordinates":[[-121.99062231176286,42.789361881275696],[-121.98846600024643,42.77480810610083],[-121.95082130056144,42.71901908223447],[-121.94821505256358,42.67625606916138],[-121.92602338170347,42.63852418225789],[-121.92916749238444,42.622892345248964],[-121.9165893302852,42.60815896022834],[-121.86618529986774,42.481038419864184],[-121.86339944540694,42.447888674687555],[-121.80419204198611,42.38922567678513],[-121.7492066242809,42.31313450697007],[-121.70374431697121,42.19248370913674],[-121.669333720294,42.13058622827221],[-121.63591179863872,42.08908192285442],[-121.63483336934351,42.07497757210344],[-121.62144672618352,42.062041302322264],[-121.57841218240453,42.037606375083264]]}}],"metadata":{"source":"GEM Global Active Faults","layer_id":"united-states","feature_count":297}}